velocity_row,x_index,x0,velocity_parameter,velocity_mode,requested_iterates,completed_iterates,status,last_return_tau,max_return_tau,terminal_tau,elapsed_seconds,terminal_R,terminal_rho,terminal_theta,terminal_v,terminal_w,message
0,323,0.79057158123609894,-0.96999999999999997,fraction,250,0,forbidden,nan,0,nan,1.3404000000000001e-05,nan,nan,nan,nan,nan,initial position is outside the energy-allowed region
0,324,0.79057229912818194,-0.96999999999999997,fraction,250,0,forbidden,nan,0,nan,5.3300000000000002e-07,nan,nan,nan,nan,nan,initial position is outside the energy-allowed region
0,325,0.79057301702026495,-0.96999999999999997,fraction,250,0,forbidden,nan,0,nan,9.78e-07,nan,nan,nan,nan,nan,initial position is outside the energy-allowed region
0,326,0.79057373491234784,-0.96999999999999997,fraction,250,0,forbidden,nan,0,nan,3.3599999999999999e-07,nan,nan,nan,nan,nan,initial position is outside the energy-allowed region
0,327,0.79057445280443084,-0.96999999999999997,fraction,250,0,forbidden,nan,0,nan,5.0500000000000004e-07,nan,nan,nan,nan,nan,initial position is outside the energy-allowed region
0,328,0.79057517069651384,-0.96999999999999997,fraction,250,0,forbidden,nan,0,nan,3.9499999999999998e-07,nan,nan,nan,nan,nan,initial position is outside the energy-allowed region
0,329,0.79057588858859684,-0.96999999999999997,fraction,250,0,forbidden,nan,0,nan,3.3599999999999999e-07,nan,nan,nan,nan,nan,initial position is outside the energy-allowed region
0,330,0.79057660648067984,-0.96999999999999997,fraction,250,0,forbidden,nan,0,nan,3.6600000000000002e-07,nan,nan,nan,nan,nan,initial position is outside the energy-allowed region
0,331,0.79057732437276274,-0.96999999999999997,fraction,250,0,forbidden,nan,0,nan,1.6518e-05,nan,nan,nan,nan,nan,initial position is outside the energy-allowed region
0,332,0.79057804226484574,-0.96999999999999997,fraction,250,0,forbidden,nan,0,nan,3.7599999999999998e-07,nan,nan,nan,nan,nan,initial position is outside the energy-allowed region
0,333,0.79057876015692874,-0.96999999999999997,fraction,250,0,forbidden,nan,0,nan,3.2354000000000002e-05,nan,nan,nan,nan,nan,initial position is outside the energy-allowed region
0,334,0.79057947804901174,-0.96999999999999997,fraction,250,0,forbidden,nan,0,nan,3.7599999999999998e-07,nan,nan,nan,nan,nan,initial position is outside the energy-allowed region
0,335,0.79058019594109474,-0.96999999999999997,fraction,250,0,forbidden,nan,0,nan,3.46e-07,nan,nan,nan,nan,nan,initial position is outside the energy-allowed region
0,336,0.79058091383317763,-0.96999999999999997,fraction,250,0,forbidden,nan,0,nan,3.7599999999999998e-07,nan,nan,nan,nan,nan,initial position is outside the energy-allowed region
0,337,0.79058163172526064,-0.96999999999999997,fraction,250,0,forbidden,nan,0,nan,5.0399999999999996e-07,nan,nan,nan,nan,nan,initial position is outside the energy-allowed region
0,338,0.79058234961734364,-0.96999999999999997,fraction,250,0,forbidden,nan,0,nan,3.5600000000000001e-07,nan,nan,nan,nan,nan,initial position is outside the energy-allowed region
0,339,0.79058306750942664,-0.96999999999999997,fraction,250,0,forbidden,nan,0,nan,3.9499999999999998e-07,nan,nan,nan,nan,nan,initial position is outside the energy-allowed region
0,340,0.79058378540150964,-0.96999999999999997,fraction,250,0,forbidden,nan,0,nan,3.6600000000000002e-07,nan,nan,nan,nan,nan,initial position is outside the energy-allowed region
0,341,0.79058450329359264,-0.96999999999999997,fraction,250,0,forbidden,nan,0,nan,2.7826000000000001e-05,nan,nan,nan,nan,nan,initial position is outside the energy-allowed region
1,323,0.79057158123609894,-0.95383333333333331,fraction,250,0,forbidden,nan,0,nan,6.0634999999999998e-05,nan,nan,nan,nan,nan,initial position is outside the energy-allowed region
1,324,0.79057229912818194,-0.95383333333333331,fraction,250,0,forbidden,nan,0,nan,4.5499999999999998e-07,nan,nan,nan,nan,nan,initial position is outside the energy-allowed region
1,325,0.79057301702026495,-0.95383333333333331,fraction,250,0,forbidden,nan,0,nan,3.8599999999999999e-07,nan,nan,nan,nan,nan,initial position is outside the energy-allowed region
1,326,0.79057373491234784,-0.95383333333333331,fraction,250,0,forbidden,nan,0,nan,3.9499999999999998e-07,nan,nan,nan,nan,nan,initial position is outside the energy-allowed region
1,327,0.79057445280443084,-0.95383333333333331,fraction,250,0,forbidden,nan,0,nan,3.9499999999999998e-07,nan,nan,nan,nan,nan,initial position is outside the energy-allowed region
1,328,0.79057517069651384,-0.95383333333333331,fraction,250,0,forbidden,nan,0,nan,3.7599999999999998e-07,nan,nan,nan,nan,nan,initial position is outside the energy-allowed region
1,329,0.79057588858859684,-0.95383333333333331,fraction,250,0,forbidden,nan,0,nan,3.9499999999999998e-07,nan,nan,nan,nan,nan,initial position is outside the energy-allowed region
1,330,0.79057660648067984,-0.95383333333333331,fraction,250,0,forbidden,nan,0,nan,3.9499999999999998e-07,nan,nan,nan,nan,nan,initial position is outside the energy-allowed region
1,331,0.79057732437276274,-0.95383333333333331,fraction,250,0,forbidden,nan,0,nan,3.8599999999999999e-07,nan,nan,nan,nan,nan,initial position is outside the energy-allowed region
1,332,0.79057804226484574,-0.95383333333333331,fraction,250,0,forbidden,nan,0,nan,3.9499999999999998e-07,nan,nan,nan,nan,nan,initial position is outside the energy-allowed region
1,333,0.79057876015692874,-0.95383333333333331,fraction,250,0,forbidden,nan,0,nan,3.8037000000000002e-05,nan,nan,nan,nan,nan,initial position is outside the energy-allowed region
1,334,0.79057947804901174,-0.95383333333333331,fraction,250,0,forbidden,nan,0,nan,3.9499999999999998e-07,nan,nan,nan,nan,nan,initial position is outside the energy-allowed region
1,335,0.79058019594109474,-0.95383333333333331,fraction,250,0,forbidden,nan,0,nan,3.7599999999999998e-07,nan,nan,nan,nan,nan,initial position is outside the energy-allowed region
1,336,0.79058091383317763,-0.95383333333333331,fraction,250,0,forbidden,nan,0,nan,3.5600000000000001e-07,nan,nan,nan,nan,nan,initial position is outside the energy-allowed region
1,337,0.79058163172526064,-0.95383333333333331,fraction,250,0,forbidden,nan,0,nan,4.15e-07,nan,nan,nan,nan,nan,initial position is outside the energy-allowed region
1,338,0.79058234961734364,-0.95383333333333331,fraction,250,0,forbidden,nan,0,nan,4.34e-07,nan,nan,nan,nan,nan,initial position is outside the energy-allowed region
1,339,0.79058306750942664,-0.95383333333333331,fraction,250,0,forbidden,nan,0,nan,3.8500000000000002e-07,nan,nan,nan,nan,nan,initial position is outside the energy-allowed region
1,340,0.79058378540150964,-0.95383333333333331,fraction,250,0,forbidden,nan,0,nan,5.7299999999999996e-07,nan,nan,nan,nan,nan,initial position is outside the energy-allowed region
1,341,0.79058450329359264,-0.95383333333333331,fraction,250,0,forbidden,nan,0,nan,2.7302000000000001e-05,nan,nan,nan,nan,nan,initial position is outside the energy-allowed region
2,323,0.79057158123609894,-0.93766666666666665,fraction,250,0,forbidden,nan,0,nan,1.9454e-05,nan,nan,nan,nan,nan,initial position is outside the energy-allowed region
2,324,0.79057229912818194,-0.93766666666666665,fraction,250,0,forbidden,nan,0,nan,3.9499999999999998e-07,nan,nan,nan,nan,nan,initial position is outside the energy-allowed region
2,325,0.79057301702026495,-0.93766666666666665,fraction,250,0,forbidden,nan,0,nan,4.0499999999999999e-07,nan,nan,nan,nan,nan,initial position is outside the energy-allowed region
2,326,0.79057373491234784,-0.93766666666666665,fraction,250,0,forbidden,nan,0,nan,9.2900000000000002e-07,nan,nan,nan,nan,nan,initial position is outside the energy-allowed region
2,327,0.79057445280443084,-0.93766666666666665,fraction,250,0,forbidden,nan,0,nan,6.8199999999999999e-07,nan,nan,nan,nan,nan,initial position is outside the energy-allowed region
2,328,0.79057517069651384,-0.93766666666666665,fraction,250,0,forbidden,nan,0,nan,3.7500000000000001e-07,nan,nan,nan,nan,nan,initial position is outside the energy-allowed region
2,329,0.79057588858859684,-0.93766666666666665,fraction,250,0,forbidden,nan,0,nan,3.7599999999999998e-07,nan,nan,nan,nan,nan,initial position is outside the energy-allowed region
2,330,0.79057660648067984,-0.93766666666666665,fraction,250,0,forbidden,nan,0,nan,4.0600000000000001e-07,nan,nan,nan,nan,nan,initial position is outside the energy-allowed region
2,331,0.79057732437276274,-0.93766666666666665,fraction,250,0,forbidden,nan,0,nan,4.6499999999999999e-07,nan,nan,nan,nan,nan,initial position is outside the energy-allowed region
2,332,0.79057804226484574,-0.93766666666666665,fraction,250,0,forbidden,nan,0,nan,1.187e-06,nan,nan,nan,nan,nan,initial position is outside the energy-allowed region
2,333,0.79057876015692874,-0.93766666666666665,fraction,250,0,forbidden,nan,0,nan,3.9954999999999999e-05,nan,nan,nan,nan,nan,initial position is outside the energy-allowed region
2,334,0.79057947804901174,-0.93766666666666665,fraction,250,0,forbidden,nan,0,nan,8.4e-07,nan,nan,nan,nan,nan,initial position is outside the energy-allowed region
2,335,0.79058019594109474,-0.93766666666666665,fraction,250,0,forbidden,nan,0,nan,3.5600000000000001e-07,nan,nan,nan,nan,nan,initial position is outside the energy-allowed region
2,336,0.79058091383317763,-0.93766666666666665,fraction,250,0,forbidden,nan,0,nan,2.8599999999999999e-07,nan,nan,nan,nan,nan,initial position is outside the energy-allowed region
2,337,0.79058163172526064,-0.93766666666666665,fraction,250,0,forbidden,nan,0,nan,4.1600000000000002e-07,nan,nan,nan,nan,nan,initial position is outside the energy-allowed region
2,338,0.79058234961734364,-0.93766666666666665,fraction,250,0,forbidden,nan,0,nan,3.8599999999999999e-07,nan,nan,nan,nan,nan,initial position is outside the energy-allowed region
2,339,0.79058306750942664,-0.93766666666666665,fraction,250,0,forbidden,nan,0,nan,3.6600000000000002e-07,nan,nan,nan,nan,nan,initial position is outside the energy-allowed region
2,340,0.79058378540150964,-0.93766666666666665,fraction,250,0,forbidden,nan,0,nan,5.2399999999999998e-07,nan,nan,nan,nan,nan,initial position is outside the energy-allowed region
2,341,0.79058450329359264,-0.93766666666666665,fraction,250,0,forbidden,nan,0,nan,4.1389e-05,nan,nan,nan,nan,nan,initial position is outside the energy-allowed region
3,323,0.79057158123609894,-0.92149999999999999,fraction,250,0,forbidden,nan,0,nan,1.8692999999999999e-05,nan,nan,nan,nan,nan,initial position is outside the energy-allowed region
3,324,0.79057229912818194,-0.92149999999999999,fraction,250,0,forbidden,nan,0,nan,9.2999999999999999e-07,nan,nan,nan,nan,nan,initial position is outside the energy-allowed region
3,325,0.79057301702026495,-0.92149999999999999,fraction,250,0,forbidden,nan,0,nan,5.1399999999999997e-07,nan,nan,nan,nan,nan,initial position is outside the energy-allowed region
3,326,0.79057373491234784,-0.92149999999999999,fraction,250,0,forbidden,nan,0,nan,4.0499999999999999e-07,nan,nan,nan,nan,nan,initial position is outside the energy-allowed region
3,327,0.79057445280443084,-0.92149999999999999,fraction,250,0,forbidden,nan,0,nan,4.4499999999999997e-07,nan,nan,nan,nan,nan,initial position is outside the energy-allowed region
3,328,0.79057517069651384,-0.92149999999999999,fraction,250,0,forbidden,nan,0,nan,3.3599999999999999e-07,nan,nan,nan,nan,nan,initial position is outside the energy-allowed region
3,329,0.79057588858859684,-0.92149999999999999,fraction,250,0,forbidden,nan,0,nan,3.9499999999999998e-07,nan,nan,nan,nan,nan,initial position is outside the energy-allowed region
3,330,0.79057660648067984,-0.92149999999999999,fraction,250,0,forbidden,nan,0,nan,3.8500000000000002e-07,nan,nan,nan,nan,nan,initial position is outside the energy-allowed region
3,331,0.79057732437276274,-0.92149999999999999,fraction,250,0,forbidden,nan,0,nan,3.1600000000000002e-07,nan,nan,nan,nan,nan,initial position is outside the energy-allowed region
3,332,0.79057804226484574,-0.92149999999999999,fraction,250,0,forbidden,nan,0,nan,3.65e-07,nan,nan,nan,nan,nan,initial position is outside the energy-allowed region
3,333,0.79057876015692874,-0.92149999999999999,fraction,250,0,forbidden,nan,0,nan,4.4236000000000001e-05,nan,nan,nan,nan,nan,initial position is outside the energy-allowed region
3,334,0.79057947804901174,-0.92149999999999999,fraction,250,0,forbidden,nan,0,nan,4.0600000000000001e-07,nan,nan,nan,nan,nan,initial position is outside the energy-allowed region
3,335,0.79058019594109474,-0.92149999999999999,fraction,250,0,forbidden,nan,0,nan,3.8500000000000002e-07,nan,nan,nan,nan,nan,initial position is outside the energy-allowed region
3,336,0.79058091383317763,-0.92149999999999999,fraction,250,0,forbidden,nan,0,nan,3.96e-07,nan,nan,nan,nan,nan,initial position is outside the energy-allowed region
3,337,0.79058163172526064,-0.92149999999999999,fraction,250,0,forbidden,nan,0,nan,3.2599999999999998e-07,nan,nan,nan,nan,nan,initial position is outside the energy-allowed region
3,338,0.79058234961734364,-0.92149999999999999,fraction,250,0,forbidden,nan,0,nan,9.3900000000000003e-07,nan,nan,nan,nan,nan,initial position is outside the energy-allowed region
3,339,0.79058306750942664,-0.92149999999999999,fraction,250,0,forbidden,nan,0,nan,4.0499999999999999e-07,nan,nan,nan,nan,nan,initial position is outside the energy-allowed region
3,340,0.79058378540150964,-0.92149999999999999,fraction,250,0,forbidden,nan,0,nan,3.6600000000000002e-07,nan,nan,nan,nan,nan,initial position is outside the energy-allowed region
3,341,0.79058450329359264,-0.92149999999999999,fraction,250,0,forbidden,nan,0,nan,3.8779000000000003e-05,nan,nan,nan,nan,nan,initial position is outside the energy-allowed region
4,323,0.79057158123609894,-0.90533333333333332,fraction,250,0,forbidden,nan,0,nan,1.9414000000000001e-05,nan,nan,nan,nan,nan,initial position is outside the energy-allowed region
4,324,0.79057229912818194,-0.90533333333333332,fraction,250,0,forbidden,nan,0,nan,3.8599999999999999e-07,nan,nan,nan,nan,nan,initial position is outside the energy-allowed region
4,325,0.79057301702026495,-0.90533333333333332,fraction,250,0,forbidden,nan,0,nan,4.6400000000000003e-07,nan,nan,nan,nan,nan,initial position is outside the energy-allowed region
4,326,0.79057373491234784,-0.90533333333333332,fraction,250,0,forbidden,nan,0,nan,3.96e-07,nan,nan,nan,nan,nan,initial position is outside the energy-allowed region
4,327,0.79057445280443084,-0.90533333333333332,fraction,250,0,forbidden,nan,0,nan,3.6600000000000002e-07,nan,nan,nan,nan,nan,initial position is outside the energy-allowed region
4,328,0.79057517069651384,-0.90533333333333332,fraction,250,0,forbidden,nan,0,nan,2.9700000000000003e-07,nan,nan,nan,nan,nan,initial position is outside the energy-allowed region
4,329,0.79057588858859684,-0.90533333333333332,fraction,250,0,forbidden,nan,0,nan,0.00034484099999999997,nan,nan,nan,nan,nan,initial position is outside the energy-allowed region
4,330,0.79057660648067984,-0.90533333333333332,fraction,250,0,forbidden,nan,0,nan,4.9399999999999995e-07,nan,nan,nan,nan,nan,initial position is outside the energy-allowed region
4,331,0.79057732437276274,-0.90533333333333332,fraction,250,0,forbidden,nan,0,nan,4.5499999999999998e-07,nan,nan,nan,nan,nan,initial position is outside the energy-allowed region
4,332,0.79057804226484574,-0.90533333333333332,fraction,250,0,forbidden,nan,0,nan,3.65e-07,nan,nan,nan,nan,nan,initial position is outside the energy-allowed region
4,333,0.79057876015692874,-0.90533333333333332,fraction,250,0,forbidden,nan,0,nan,2.6611e-05,nan,nan,nan,nan,nan,initial position is outside the energy-allowed region
4,334,0.79057947804901174,-0.90533333333333332,fraction,250,0,forbidden,nan,0,nan,3.96e-07,nan,nan,nan,nan,nan,initial position is outside the energy-allowed region
4,335,0.79058019594109474,-0.90533333333333332,fraction,250,0,forbidden,nan,0,nan,4.0499999999999999e-07,nan,nan,nan,nan,nan,initial position is outside the energy-allowed region
4,336,0.79058091383317763,-0.90533333333333332,fraction,250,0,forbidden,nan,0,nan,9.5900000000000005e-07,nan,nan,nan,nan,nan,initial position is outside the energy-allowed region
4,337,0.79058163172526064,-0.90533333333333332,fraction,250,0,forbidden,nan,0,nan,1.1960000000000001e-06,nan,nan,nan,nan,nan,initial position is outside the energy-allowed region
4,338,0.79058234961734364,-0.90533333333333332,fraction,250,0,forbidden,nan,0,nan,8.7000000000000003e-07,nan,nan,nan,nan,nan,initial position is outside the energy-allowed region
4,339,0.79058306750942664,-0.90533333333333332,fraction,250,0,forbidden,nan,0,nan,4.4499999999999997e-07,nan,nan,nan,nan,nan,initial position is outside the energy-allowed region
4,340,0.79058378540150964,-0.90533333333333332,fraction,250,0,forbidden,nan,0,nan,4.75e-07,nan,nan,nan,nan,nan,initial position is outside the energy-allowed region
4,341,0.79058450329359264,-0.90533333333333332,fraction,250,0,forbidden,nan,0,nan,4.8111000000000001e-05,nan,nan,nan,nan,nan,initial position is outside the energy-allowed region
5,323,0.79057158123609894,-0.88916666666666666,fraction,250,0,forbidden,nan,0,nan,5.6947999999999998e-05,nan,nan,nan,nan,nan,initial position is outside the energy-allowed region
5,324,0.79057229912818194,-0.88916666666666666,fraction,250,0,forbidden,nan,0,nan,4.0499999999999999e-07,nan,nan,nan,nan,nan,initial position is outside the energy-allowed region
5,325,0.79057301702026495,-0.88916666666666666,fraction,250,0,forbidden,nan,0,nan,4.0499999999999999e-07,nan,nan,nan,nan,nan,initial position is outside the energy-allowed region
5,326,0.79057373491234784,-0.88916666666666666,fraction,250,0,forbidden,nan,0,nan,4.15e-07,nan,nan,nan,nan,nan,initial position is outside the energy-allowed region
5,327,0.79057445280443084,-0.88916666666666666,fraction,250,0,forbidden,nan,0,nan,4.0499999999999999e-07,nan,nan,nan,nan,nan,initial position is outside the energy-allowed region
5,328,0.79057517069651384,-0.88916666666666666,fraction,250,0,forbidden,nan,0,nan,3.8500000000000002e-07,nan,nan,nan,nan,nan,initial position is outside the energy-allowed region
5,329,0.79057588858859684,-0.88916666666666666,fraction,250,0,forbidden,nan,0,nan,3.9499999999999998e-07,nan,nan,nan,nan,nan,initial position is outside the energy-allowed region
5,330,0.79057660648067984,-0.88916666666666666,fraction,250,0,forbidden,nan,0,nan,1.0279999999999999e-06,nan,nan,nan,nan,nan,initial position is outside the energy-allowed region
5,331,0.79057732437276274,-0.88916666666666666,fraction,250,0,forbidden,nan,0,nan,3.8500000000000002e-07,nan,nan,nan,nan,nan,initial position is outside the energy-allowed region
5,332,0.79057804226484574,-0.88916666666666666,fraction,250,0,forbidden,nan,0,nan,3.9499999999999998e-07,nan,nan,nan,nan,nan,initial position is outside the energy-allowed region
5,333,0.79057876015692874,-0.88916666666666666,fraction,250,0,forbidden,nan,0,nan,2.9941999999999999e-05,nan,nan,nan,nan,nan,initial position is outside the energy-allowed region
5,334,0.79057947804901174,-0.88916666666666666,fraction,250,0,forbidden,nan,0,nan,5.2399999999999998e-07,nan,nan,nan,nan,nan,initial position is outside the energy-allowed region
5,335,0.79058019594109474,-0.88916666666666666,fraction,250,0,forbidden,nan,0,nan,3.8599999999999999e-07,nan,nan,nan,nan,nan,initial position is outside the energy-allowed region
5,336,0.79058091383317763,-0.88916666666666666,fraction,250,0,forbidden,nan,0,nan,3.7500000000000001e-07,nan,nan,nan,nan,nan,initial position is outside the energy-allowed region
5,337,0.79058163172526064,-0.88916666666666666,fraction,250,0,forbidden,nan,0,nan,3.5600000000000001e-07,nan,nan,nan,nan,nan,initial position is outside the energy-allowed region
5,338,0.79058234961734364,-0.88916666666666666,fraction,250,0,forbidden,nan,0,nan,3.3599999999999999e-07,nan,nan,nan,nan,nan,initial position is outside the energy-allowed region
5,339,0.79058306750942664,-0.88916666666666666,fraction,250,0,forbidden,nan,0,nan,3.5600000000000001e-07,nan,nan,nan,nan,nan,initial position is outside the energy-allowed region
5,340,0.79058378540150964,-0.88916666666666666,fraction,250,0,forbidden,nan,0,nan,4.6499999999999999e-07,nan,nan,nan,nan,nan,initial position is outside the energy-allowed region
5,341,0.79058450329359264,-0.88916666666666666,fraction,250,0,forbidden,nan,0,nan,3.9461e-05,nan,nan,nan,nan,nan,initial position is outside the energy-allowed region
6,323,0.79057158123609894,-0.873,fraction,250,0,forbidden,nan,0,nan,4.0598e-05,nan,nan,nan,nan,nan,initial position is outside the energy-allowed region
6,324,0.79057229912818194,-0.873,fraction,250,0,forbidden,nan,0,nan,3.8599999999999999e-07,nan,nan,nan,nan,nan,initial position is outside the energy-allowed region
6,325,0.79057301702026495,-0.873,fraction,250,0,forbidden,nan,0,nan,3.8599999999999999e-07,nan,nan,nan,nan,nan,initial position is outside the energy-allowed region
6,326,0.79057373491234784,-0.873,fraction,250,0,forbidden,nan,0,nan,3.6600000000000002e-07,nan,nan,nan,nan,nan,initial position is outside the energy-allowed region
6,327,0.79057445280443084,-0.873,fraction,250,0,forbidden,nan,0,nan,3.8599999999999999e-07,nan,nan,nan,nan,nan,initial position is outside the energy-allowed region
6,328,0.79057517069651384,-0.873,fraction,250,0,forbidden,nan,0,nan,4.5499999999999998e-07,nan,nan,nan,nan,nan,initial position is outside the energy-allowed region
6,329,0.79057588858859684,-0.873,fraction,250,0,forbidden,nan,0,nan,3.8500000000000002e-07,nan,nan,nan,nan,nan,initial position is outside the energy-allowed region
6,330,0.79057660648067984,-0.873,fraction,250,0,forbidden,nan,0,nan,4.15e-07,nan,nan,nan,nan,nan,initial position is outside the energy-allowed region
6,331,0.79057732437276274,-0.873,fraction,250,0,forbidden,nan,0,nan,4.5499999999999998e-07,nan,nan,nan,nan,nan,initial position is outside the energy-allowed region
6,332,0.79057804226484574,-0.873,fraction,250,0,forbidden,nan,0,nan,4.9399999999999995e-07,nan,nan,nan,nan,nan,initial position is outside the energy-allowed region
6,333,0.79057876015692874,-0.873,fraction,250,0,forbidden,nan,0,nan,2.8558e-05,nan,nan,nan,nan,nan,initial position is outside the energy-allowed region
6,334,0.79057947804901174,-0.873,fraction,250,0,forbidden,nan,0,nan,3.65e-07,nan,nan,nan,nan,nan,initial position is outside the energy-allowed region
6,335,0.79058019594109474,-0.873,fraction,250,0,forbidden,nan,0,nan,3.96e-07,nan,nan,nan,nan,nan,initial position is outside the energy-allowed region
6,336,0.79058091383317763,-0.873,fraction,250,0,forbidden,nan,0,nan,1.5800000000000001e-07,nan,nan,nan,nan,nan,initial position is outside the energy-allowed region
6,337,0.79058163172526064,-0.873,fraction,250,0,forbidden,nan,0,nan,2.6600000000000003e-07,nan,nan,nan,nan,nan,initial position is outside the energy-allowed region
6,338,0.79058234961734364,-0.873,fraction,250,0,forbidden,nan,0,nan,4.0499999999999999e-07,nan,nan,nan,nan,nan,initial position is outside the energy-allowed region
6,339,0.79058306750942664,-0.873,fraction,250,0,forbidden,nan,0,nan,3.7500000000000001e-07,nan,nan,nan,nan,nan,initial position is outside the energy-allowed region
6,340,0.79058378540150964,-0.873,fraction,250,0,forbidden,nan,0,nan,1.8699999999999999e-07,nan,nan,nan,nan,nan,initial position is outside the energy-allowed region
6,341,0.79058450329359264,-0.873,fraction,250,0,forbidden,nan,0,nan,3.4854000000000002e-05,nan,nan,nan,nan,nan,initial position is outside the energy-allowed region
7,323,0.79057158123609894,-0.85683333333333334,fraction,250,0,forbidden,nan,0,nan,1.8386e-05,nan,nan,nan,nan,nan,initial position is outside the energy-allowed region
7,324,0.79057229912818194,-0.85683333333333334,fraction,250,0,forbidden,nan,0,nan,8.4e-07,nan,nan,nan,nan,nan,initial position is outside the energy-allowed region
7,325,0.79057301702026495,-0.85683333333333334,fraction,250,0,forbidden,nan,0,nan,4.7399999999999998e-07,nan,nan,nan,nan,nan,initial position is outside the energy-allowed region
7,326,0.79057373491234784,-0.85683333333333334,fraction,250,0,forbidden,nan,0,nan,3.8599999999999999e-07,nan,nan,nan,nan,nan,initial position is outside the energy-allowed region
7,327,0.79057445280443084,-0.85683333333333334,fraction,250,0,forbidden,nan,0,nan,3.8500000000000002e-07,nan,nan,nan,nan,nan,initial position is outside the energy-allowed region
7,328,0.79057517069651384,-0.85683333333333334,fraction,250,0,forbidden,nan,0,nan,6.8199999999999999e-07,nan,nan,nan,nan,nan,initial position is outside the energy-allowed region
7,329,0.79057588858859684,-0.85683333333333334,fraction,250,0,forbidden,nan,0,nan,3.96e-07,nan,nan,nan,nan,nan,initial position is outside the energy-allowed region
7,330,0.79057660648067984,-0.85683333333333334,fraction,250,0,forbidden,nan,0,nan,4.9500000000000003e-07,nan,nan,nan,nan,nan,initial position is outside the energy-allowed region
7,331,0.79057732437276274,-0.85683333333333334,fraction,250,0,forbidden,nan,0,nan,3.7599999999999998e-07,nan,nan,nan,nan,nan,initial position is outside the energy-allowed region
7,332,0.79057804226484574,-0.85683333333333334,fraction,250,0,forbidden,nan,0,nan,3.9499999999999998e-07,nan,nan,nan,nan,nan,initial position is outside the energy-allowed region
7,333,0.79057876015692874,-0.85683333333333334,fraction,250,0,forbidden,nan,0,nan,6.4115000000000005e-05,nan,nan,nan,nan,nan,initial position is outside the energy-allowed region
7,334,0.79057947804901174,-0.85683333333333334,fraction,250,0,forbidden,nan,0,nan,3.9499999999999998e-07,nan,nan,nan,nan,nan,initial position is outside the energy-allowed region
7,335,0.79058019594109474,-0.85683333333333334,fraction,250,0,forbidden,nan,0,nan,3.8599999999999999e-07,nan,nan,nan,nan,nan,initial position is outside the energy-allowed region
7,336,0.79058091383317763,-0.85683333333333334,fraction,250,0,forbidden,nan,0,nan,8.4e-07,nan,nan,nan,nan,nan,initial position is outside the energy-allowed region
7,337,0.79058163172526064,-0.85683333333333334,fraction,250,0,forbidden,nan,0,nan,5.44e-07,nan,nan,nan,nan,nan,initial position is outside the energy-allowed region
7,338,0.79058234961734364,-0.85683333333333334,fraction,250,0,forbidden,nan,0,nan,3.6600000000000002e-07,nan,nan,nan,nan,nan,initial position is outside the energy-allowed region
7,339,0.79058306750942664,-0.85683333333333334,fraction,250,0,forbidden,nan,0,nan,3.46e-07,nan,nan,nan,nan,nan,initial position is outside the energy-allowed region
7,340,0.79058378540150964,-0.85683333333333334,fraction,250,0,forbidden,nan,0,nan,3.8599999999999999e-07,nan,nan,nan,nan,nan,initial position is outside the energy-allowed region
7,341,0.79058450329359264,-0.85683333333333334,fraction,250,0,forbidden,nan,0,nan,3.9619999999999997e-05,nan,nan,nan,nan,nan,initial position is outside the energy-allowed region
8,323,0.79057158123609894,-0.84066666666666667,fraction,250,0,forbidden,nan,0,nan,1.8099000000000001e-05,nan,nan,nan,nan,nan,initial position is outside the energy-allowed region
8,324,0.79057229912818194,-0.84066666666666667,fraction,250,0,forbidden,nan,0,nan,3.2599999999999998e-07,nan,nan,nan,nan,nan,initial position is outside the energy-allowed region
8,325,0.79057301702026495,-0.84066666666666667,fraction,250,0,forbidden,nan,0,nan,3.8599999999999999e-07,nan,nan,nan,nan,nan,initial position is outside the energy-allowed region
8,326,0.79057373491234784,-0.84066666666666667,fraction,250,0,forbidden,nan,0,nan,3.6600000000000002e-07,nan,nan,nan,nan,nan,initial position is outside the energy-allowed region
8,327,0.79057445280443084,-0.84066666666666667,fraction,250,0,forbidden,nan,0,nan,4.15e-07,nan,nan,nan,nan,nan,initial position is outside the energy-allowed region
8,328,0.79057517069651384,-0.84066666666666667,fraction,250,0,forbidden,nan,0,nan,3.8599999999999999e-07,nan,nan,nan,nan,nan,initial position is outside the energy-allowed region
8,329,0.79057588858859684,-0.84066666666666667,fraction,250,0,forbidden,nan,0,nan,4.2500000000000001e-07,nan,nan,nan,nan,nan,initial position is outside the energy-allowed region
8,330,0.79057660648067984,-0.84066666666666667,fraction,250,0,forbidden,nan,0,nan,3.8500000000000002e-07,nan,nan,nan,nan,nan,initial position is outside the energy-allowed region
8,331,0.79057732437276274,-0.84066666666666667,fraction,250,0,forbidden,nan,0,nan,3.8599999999999999e-07,nan,nan,nan,nan,nan,initial position is outside the energy-allowed region
8,332,0.79057804226484574,-0.84066666666666667,fraction,250,0,forbidden,nan,0,nan,4.7399999999999998e-07,nan,nan,nan,nan,nan,initial position is outside the energy-allowed region
8,333,0.79057876015692874,-0.84066666666666667,fraction,250,0,forbidden,nan,0,nan,3.0426e-05,nan,nan,nan,nan,nan,initial position is outside the energy-allowed region
8,334,0.79057947804901174,-0.84066666666666667,fraction,250,0,forbidden,nan,0,nan,3.8500000000000002e-07,nan,nan,nan,nan,nan,initial position is outside the energy-allowed region
8,335,0.79058019594109474,-0.84066666666666667,fraction,250,0,forbidden,nan,0,nan,3.5600000000000001e-07,nan,nan,nan,nan,nan,initial position is outside the energy-allowed region
8,336,0.79058091383317763,-0.84066666666666667,fraction,250,0,forbidden,nan,0,nan,3.7500000000000001e-07,nan,nan,nan,nan,nan,initial position is outside the energy-allowed region
8,337,0.79058163172526064,-0.84066666666666667,fraction,250,0,forbidden,nan,0,nan,3.2599999999999998e-07,nan,nan,nan,nan,nan,initial position is outside the energy-allowed region
8,338,0.79058234961734364,-0.84066666666666667,fraction,250,0,forbidden,nan,0,nan,4.2500000000000001e-07,nan,nan,nan,nan,nan,initial position is outside the energy-allowed region
8,339,0.79058306750942664,-0.84066666666666667,fraction,250,0,forbidden,nan,0,nan,4.6400000000000003e-07,nan,nan,nan,nan,nan,initial position is outside the energy-allowed region
8,340,0.79058378540150964,-0.84066666666666667,fraction,250,0,forbidden,nan,0,nan,7.0629000000000004e-05,nan,nan,nan,nan,nan,initial position is outside the energy-allowed region
8,341,0.79058450329359264,-0.84066666666666667,fraction,250,0,forbidden,nan,0,nan,4.1834e-05,nan,nan,nan,nan,nan,initial position is outside the energy-allowed region
9,323,0.79057158123609894,-0.82450000000000001,fraction,250,0,forbidden,nan,0,nan,3.7018999999999999e-05,nan,nan,nan,nan,nan,initial position is outside the energy-allowed region
9,324,0.79057229912818194,-0.82450000000000001,fraction,250,0,forbidden,nan,0,nan,3.8599999999999999e-07,nan,nan,nan,nan,nan,initial position is outside the energy-allowed region
9,325,0.79057301702026495,-0.82450000000000001,fraction,250,0,forbidden,nan,0,nan,1.1960000000000001e-06,nan,nan,nan,nan,nan,initial position is outside the energy-allowed region
9,326,0.79057373491234784,-0.82450000000000001,fraction,250,0,forbidden,nan,0,nan,3.8500000000000002e-07,nan,nan,nan,nan,nan,initial position is outside the energy-allowed region
9,327,0.79057445280443084,-0.82450000000000001,fraction,250,0,forbidden,nan,0,nan,4.15e-07,nan,nan,nan,nan,nan,initial position is outside the energy-allowed region
9,328,0.79057517069651384,-0.82450000000000001,fraction,250,0,forbidden,nan,0,nan,3.9499999999999998e-07,nan,nan,nan,nan,nan,initial position is outside the energy-allowed region
9,329,0.79057588858859684,-0.82450000000000001,fraction,250,0,forbidden,nan,0,nan,4.0600000000000001e-07,nan,nan,nan,nan,nan,initial position is outside the energy-allowed region
9,330,0.79057660648067984,-0.82450000000000001,fraction,250,0,forbidden,nan,0,nan,8.8999999999999995e-07,nan,nan,nan,nan,nan,initial position is outside the energy-allowed region
9,331,0.79057732437276274,-0.82450000000000001,fraction,250,0,forbidden,nan,0,nan,6.3300000000000002e-07,nan,nan,nan,nan,nan,initial position is outside the energy-allowed region
9,332,0.79057804226484574,-0.82450000000000001,fraction,250,0,forbidden,nan,0,nan,3.6600000000000002e-07,nan,nan,nan,nan,nan,initial position is outside the energy-allowed region
9,333,0.79057876015692874,-0.82450000000000001,fraction,250,0,forbidden,nan,0,nan,3.9184000000000003e-05,nan,nan,nan,nan,nan,initial position is outside the energy-allowed region
9,334,0.79057947804901174,-0.82450000000000001,fraction,250,0,forbidden,nan,0,nan,5.0399999999999996e-07,nan,nan,nan,nan,nan,initial position is outside the energy-allowed region
9,335,0.79058019594109474,-0.82450000000000001,fraction,250,0,forbidden,nan,0,nan,7.0200000000000001e-07,nan,nan,nan,nan,nan,initial position is outside the energy-allowed region
9,336,0.79058091383317763,-0.82450000000000001,fraction,250,0,forbidden,nan,0,nan,3.8599999999999999e-07,nan,nan,nan,nan,nan,initial position is outside the energy-allowed region
9,337,0.79058163172526064,-0.82450000000000001,fraction,250,0,forbidden,nan,0,nan,5.2399999999999998e-07,nan,nan,nan,nan,nan,initial position is outside the energy-allowed region
9,338,0.79058234961734364,-0.82450000000000001,fraction,250,0,forbidden,nan,0,nan,4.0499999999999999e-07,nan,nan,nan,nan,nan,initial position is outside the energy-allowed region
9,339,0.79058306750942664,-0.82450000000000001,fraction,250,0,forbidden,nan,0,nan,3.0699999999999998e-07,nan,nan,nan,nan,nan,initial position is outside the energy-allowed region
9,340,0.79058378540150964,-0.82450000000000001,fraction,250,0,forbidden,nan,0,nan,3.0600000000000001e-07,nan,nan,nan,nan,nan,initial position is outside the energy-allowed region
9,341,0.79058450329359264,-0.82450000000000001,fraction,250,0,forbidden,nan,0,nan,4.6557999999999997e-05,nan,nan,nan,nan,nan,initial position is outside the energy-allowed region
10,323,0.79057158123609894,-0.80833333333333335,fraction,250,0,forbidden,nan,0,nan,1.8495000000000002e-05,nan,nan,nan,nan,nan,initial position is outside the energy-allowed region
10,324,0.79057229912818194,-0.80833333333333335,fraction,250,0,forbidden,nan,0,nan,4.4499999999999997e-07,nan,nan,nan,nan,nan,initial position is outside the energy-allowed region
10,325,0.79057301702026495,-0.80833333333333335,fraction,250,0,forbidden,nan,0,nan,3.65e-07,nan,nan,nan,nan,nan,initial position is outside the energy-allowed region
10,326,0.79057373491234784,-0.80833333333333335,fraction,250,0,forbidden,nan,0,nan,4.0499999999999999e-07,nan,nan,nan,nan,nan,initial position is outside the energy-allowed region
10,327,0.79057445280443084,-0.80833333333333335,fraction,250,0,forbidden,nan,0,nan,2.5699999999999999e-07,nan,nan,nan,nan,nan,initial position is outside the energy-allowed region
10,328,0.79057517069651384,-0.80833333333333335,fraction,250,0,forbidden,nan,0,nan,6.0299999999999999e-07,nan,nan,nan,nan,nan,initial position is outside the energy-allowed region
10,329,0.79057588858859684,-0.80833333333333335,fraction,250,0,forbidden,nan,0,nan,3.46e-07,nan,nan,nan,nan,nan,initial position is outside the energy-allowed region
10,330,0.79057660648067984,-0.80833333333333335,fraction,250,0,forbidden,nan,0,nan,4.2500000000000001e-07,nan,nan,nan,nan,nan,initial position is outside the energy-allowed region
10,331,0.79057732437276274,-0.80833333333333335,fraction,250,0,forbidden,nan,0,nan,4.9399999999999995e-07,nan,nan,nan,nan,nan,initial position is outside the energy-allowed region
10,332,0.79057804226484574,-0.80833333333333335,fraction,250,0,forbidden,nan,0,nan,4.1600000000000002e-07,nan,nan,nan,nan,nan,initial position is outside the energy-allowed region
10,333,0.79057876015692874,-0.80833333333333335,fraction,250,0,forbidden,nan,0,nan,3.3272999999999998e-05,nan,nan,nan,nan,nan,initial position is outside the energy-allowed region
10,334,0.79057947804901174,-0.80833333333333335,fraction,250,0,forbidden,nan,0,nan,3.8500000000000002e-07,nan,nan,nan,nan,nan,initial position is outside the energy-allowed region
10,335,0.79058019594109474,-0.80833333333333335,fraction,250,0,forbidden,nan,0,nan,3.3700000000000001e-07,nan,nan,nan,nan,nan,initial position is outside the energy-allowed region
10,336,0.79058091383317763,-0.80833333333333335,fraction,250,0,forbidden,nan,0,nan,4.0600000000000001e-07,nan,nan,nan,nan,nan,initial position is outside the energy-allowed region
10,337,0.79058163172526064,-0.80833333333333335,fraction,250,0,forbidden,nan,0,nan,5.9299999999999998e-07,nan,nan,nan,nan,nan,initial position is outside the energy-allowed region
10,338,0.79058234961734364,-0.80833333333333335,fraction,250,0,forbidden,nan,0,nan,4.2500000000000001e-07,nan,nan,nan,nan,nan,initial position is outside the energy-allowed region
10,339,0.79058306750942664,-0.80833333333333335,fraction,250,0,forbidden,nan,0,nan,4.6499999999999999e-07,nan,nan,nan,nan,nan,initial position is outside the energy-allowed region
10,340,0.79058378540150964,-0.80833333333333335,fraction,250,0,forbidden,nan,0,nan,4.6400000000000003e-07,nan,nan,nan,nan,nan,initial position is outside the energy-allowed region
10,341,0.79058450329359264,-0.80833333333333335,fraction,250,0,forbidden,nan,0,nan,0.000101777,nan,nan,nan,nan,nan,initial position is outside the energy-allowed region
11,323,0.79057158123609894,-0.79216666666666669,fraction,250,0,forbidden,nan,0,nan,1.8416000000000001e-05,nan,nan,nan,nan,nan,initial position is outside the energy-allowed region
11,324,0.79057229912818194,-0.79216666666666669,fraction,250,0,forbidden,nan,0,nan,3.9499999999999998e-07,nan,nan,nan,nan,nan,initial position is outside the energy-allowed region
11,325,0.79057301702026495,-0.79216666666666669,fraction,250,0,forbidden,nan,0,nan,4.2500000000000001e-07,nan,nan,nan,nan,nan,initial position is outside the energy-allowed region
11,326,0.79057373491234784,-0.79216666666666669,fraction,250,0,forbidden,nan,0,nan,3.2599999999999998e-07,nan,nan,nan,nan,nan,initial position is outside the energy-allowed region
11,327,0.79057445280443084,-0.79216666666666669,fraction,250,0,forbidden,nan,0,nan,2.8599999999999999e-07,nan,nan,nan,nan,nan,initial position is outside the energy-allowed region
11,328,0.79057517069651384,-0.79216666666666669,fraction,250,0,forbidden,nan,0,nan,3.7599999999999998e-07,nan,nan,nan,nan,nan,initial position is outside the energy-allowed region
11,329,0.79057588858859684,-0.79216666666666669,fraction,250,0,forbidden,nan,0,nan,2.2700000000000001e-07,nan,nan,nan,nan,nan,initial position is outside the energy-allowed region
11,330,0.79057660648067984,-0.79216666666666669,fraction,250,0,forbidden,nan,0,nan,2.96e-07,nan,nan,nan,nan,nan,initial position is outside the energy-allowed region
11,331,0.79057732437276274,-0.79216666666666669,fraction,250,0,forbidden,nan,0,nan,3.8599999999999999e-07,nan,nan,nan,nan,nan,initial position is outside the energy-allowed region
11,332,0.79057804226484574,-0.79216666666666669,fraction,250,0,forbidden,nan,0,nan,4.4499999999999997e-07,nan,nan,nan,nan,nan,initial position is outside the energy-allowed region
11,333,0.79057876015692874,-0.79216666666666669,fraction,250,0,forbidden,nan,0,nan,5.2846000000000002e-05,nan,nan,nan,nan,nan,initial position is outside the energy-allowed region
11,334,0.79057947804901174,-0.79216666666666669,fraction,250,0,forbidden,nan,0,nan,3.7599999999999998e-07,nan,nan,nan,nan,nan,initial position is outside the energy-allowed region
11,335,0.79058019594109474,-0.79216666666666669,fraction,250,0,forbidden,nan,0,nan,5.5400000000000001e-07,nan,nan,nan,nan,nan,initial position is outside the energy-allowed region
11,336,0.79058091383317763,-0.79216666666666669,fraction,250,0,forbidden,nan,0,nan,7.9100000000000003e-07,nan,nan,nan,nan,nan,initial position is outside the energy-allowed region
11,337,0.79058163172526064,-0.79216666666666669,fraction,250,0,forbidden,nan,0,nan,5.2399999999999998e-07,nan,nan,nan,nan,nan,initial position is outside the energy-allowed region
11,338,0.79058234961734364,-0.79216666666666669,fraction,250,0,forbidden,nan,0,nan,4.2500000000000001e-07,nan,nan,nan,nan,nan,initial position is outside the energy-allowed region
11,339,0.79058306750942664,-0.79216666666666669,fraction,250,0,forbidden,nan,0,nan,2.67e-07,nan,nan,nan,nan,nan,initial position is outside the energy-allowed region
11,340,0.79058378540150964,-0.79216666666666669,fraction,250,0,forbidden,nan,0,nan,4.0600000000000001e-07,nan,nan,nan,nan,nan,initial position is outside the energy-allowed region
11,341,0.79058450329359264,-0.79216666666666669,fraction,250,0,forbidden,nan,0,nan,3.6526000000000002e-05,nan,nan,nan,nan,nan,initial position is outside the energy-allowed region
12,323,0.79057158123609894,-0.77600000000000002,fraction,250,0,forbidden,nan,0,nan,1.8425999999999999e-05,nan,nan,nan,nan,nan,initial position is outside the energy-allowed region
12,324,0.79057229912818194,-0.77600000000000002,fraction,250,0,forbidden,nan,0,nan,4.3500000000000002e-07,nan,nan,nan,nan,nan,initial position is outside the energy-allowed region
12,325,0.79057301702026495,-0.77600000000000002,fraction,250,0,forbidden,nan,0,nan,5.4300000000000003e-07,nan,nan,nan,nan,nan,initial position is outside the energy-allowed region
12,326,0.79057373491234784,-0.77600000000000002,fraction,250,0,forbidden,nan,0,nan,4.4499999999999997e-07,nan,nan,nan,nan,nan,initial position is outside the energy-allowed region
12,327,0.79057445280443084,-0.77600000000000002,fraction,250,0,forbidden,nan,0,nan,4.0499999999999999e-07,nan,nan,nan,nan,nan,initial position is outside the energy-allowed region
12,328,0.79057517069651384,-0.77600000000000002,fraction,250,0,forbidden,nan,0,nan,3.7599999999999998e-07,nan,nan,nan,nan,nan,initial position is outside the energy-allowed region
12,329,0.79057588858859684,-0.77600000000000002,fraction,250,0,forbidden,nan,0,nan,3.96e-07,nan,nan,nan,nan,nan,initial position is outside the energy-allowed region
12,330,0.79057660648067984,-0.77600000000000002,fraction,250,0,forbidden,nan,0,nan,3.7500000000000001e-07,nan,nan,nan,nan,nan,initial position is outside the energy-allowed region
12,331,0.79057732437276274,-0.77600000000000002,fraction,250,0,forbidden,nan,0,nan,4.5499999999999998e-07,nan,nan,nan,nan,nan,initial position is outside the energy-allowed region
12,332,0.79057804226484574,-0.77600000000000002,fraction,250,0,forbidden,nan,0,nan,4.4499999999999997e-07,nan,nan,nan,nan,nan,initial position is outside the energy-allowed region
12,333,0.79057876015692874,-0.77600000000000002,fraction,250,0,forbidden,nan,0,nan,2.4820999999999998e-05,nan,nan,nan,nan,nan,initial position is outside the energy-allowed region
12,334,0.79057947804901174,-0.77600000000000002,fraction,250,0,forbidden,nan,0,nan,7.4199999999999995e-07,nan,nan,nan,nan,nan,initial position is outside the energy-allowed region
12,335,0.79058019594109474,-0.77600000000000002,fraction,250,0,forbidden,nan,0,nan,4.5499999999999998e-07,nan,nan,nan,nan,nan,initial position is outside the energy-allowed region
12,336,0.79058091383317763,-0.77600000000000002,fraction,250,0,forbidden,nan,0,nan,3.7500000000000001e-07,nan,nan,nan,nan,nan,initial position is outside the energy-allowed region
12,337,0.79058163172526064,-0.77600000000000002,fraction,250,0,forbidden,nan,0,nan,6.8199999999999999e-07,nan,nan,nan,nan,nan,initial position is outside the energy-allowed region
12,338,0.79058234961734364,-0.77600000000000002,fraction,250,0,forbidden,nan,0,nan,3.1699999999999999e-07,nan,nan,nan,nan,nan,initial position is outside the energy-allowed region
12,339,0.79058306750942664,-0.77600000000000002,fraction,250,0,forbidden,nan,0,nan,3.7599999999999998e-07,nan,nan,nan,nan,nan,initial position is outside the energy-allowed region
12,340,0.79058378540150964,-0.77600000000000002,fraction,250,0,forbidden,nan,0,nan,4.0499999999999999e-07,nan,nan,nan,nan,nan,initial position is outside the energy-allowed region
12,341,0.79058450329359264,-0.77600000000000002,fraction,250,0,forbidden,nan,0,nan,3.2926999999999998e-05,nan,nan,nan,nan,nan,initial position is outside the energy-allowed region
13,323,0.79057158123609894,-0.75983333333333336,fraction,250,0,forbidden,nan,0,nan,2.1579000000000001e-05,nan,nan,nan,nan,nan,initial position is outside the energy-allowed region
13,324,0.79057229912818194,-0.75983333333333336,fraction,250,0,forbidden,nan,0,nan,3.8599999999999999e-07,nan,nan,nan,nan,nan,initial position is outside the energy-allowed region
13,325,0.79057301702026495,-0.75983333333333336,fraction,250,0,forbidden,nan,0,nan,4.6499999999999999e-07,nan,nan,nan,nan,nan,initial position is outside the energy-allowed region
13,326,0.79057373491234784,-0.75983333333333336,fraction,250,0,forbidden,nan,0,nan,3.96e-07,nan,nan,nan,nan,nan,initial position is outside the energy-allowed region
13,327,0.79057445280443084,-0.75983333333333336,fraction,250,0,forbidden,nan,0,nan,3.9499999999999998e-07,nan,nan,nan,nan,nan,initial position is outside the energy-allowed region
13,328,0.79057517069651384,-0.75983333333333336,fraction,250,0,forbidden,nan,0,nan,3.8599999999999999e-07,nan,nan,nan,nan,nan,initial position is outside the energy-allowed region
13,329,0.79057588858859684,-0.75983333333333336,fraction,250,0,forbidden,nan,0,nan,5.6300000000000005e-07,nan,nan,nan,nan,nan,initial position is outside the energy-allowed region
13,330,0.79057660648067984,-0.75983333333333336,fraction,250,0,forbidden,nan,0,nan,4.9399999999999995e-07,nan,nan,nan,nan,nan,initial position is outside the energy-allowed region
13,331,0.79057732437276274,-0.75983333333333336,fraction,250,0,forbidden,nan,0,nan,3.96e-07,nan,nan,nan,nan,nan,initial position is outside the energy-allowed region
13,332,0.79057804226484574,-0.75983333333333336,fraction,250,0,forbidden,nan,0,nan,4.8400000000000005e-07,nan,nan,nan,nan,nan,initial position is outside the energy-allowed region
13,333,0.79057876015692874,-0.75983333333333336,fraction,250,0,forbidden,nan,0,nan,0.00034381100000000002,nan,nan,nan,nan,nan,initial position is outside the energy-allowed region
13,334,0.79057947804901174,-0.75983333333333336,fraction,250,0,forbidden,nan,0,nan,5.1399999999999997e-07,nan,nan,nan,nan,nan,initial position is outside the energy-allowed region
13,335,0.79058019594109474,-0.75983333333333336,fraction,250,0,forbidden,nan,0,nan,3.7500000000000001e-07,nan,nan,nan,nan,nan,initial position is outside the energy-allowed region
13,336,0.79058091383317763,-0.75983333333333336,fraction,250,0,forbidden,nan,0,nan,4.4499999999999997e-07,nan,nan,nan,nan,nan,initial position is outside the energy-allowed region
13,337,0.79058163172526064,-0.75983333333333336,fraction,250,0,forbidden,nan,0,nan,4.3500000000000002e-07,nan,nan,nan,nan,nan,initial position is outside the energy-allowed region
13,338,0.79058234961734364,-0.75983333333333336,fraction,250,0,forbidden,nan,0,nan,4.75e-07,nan,nan,nan,nan,nan,initial position is outside the energy-allowed region
13,339,0.79058306750942664,-0.75983333333333336,fraction,250,0,forbidden,nan,0,nan,3.5600000000000001e-07,nan,nan,nan,nan,nan,initial position is outside the energy-allowed region
13,340,0.79058378540150964,-0.75983333333333336,fraction,250,0,forbidden,nan,0,nan,3.5600000000000001e-07,nan,nan,nan,nan,nan,initial position is outside the energy-allowed region
13,341,0.79058450329359264,-0.75983333333333336,fraction,250,0,forbidden,nan,0,nan,0.000101866,nan,nan,nan,nan,nan,initial position is outside the energy-allowed region
14,323,0.79057158123609894,-0.7436666666666667,fraction,250,0,forbidden,nan,0,nan,4.5658999999999998e-05,nan,nan,nan,nan,nan,initial position is outside the energy-allowed region
14,324,0.79057229912818194,-0.7436666666666667,fraction,250,0,forbidden,nan,0,nan,4.1600000000000002e-07,nan,nan,nan,nan,nan,initial position is outside the energy-allowed region
14,325,0.79057301702026495,-0.7436666666666667,fraction,250,0,forbidden,nan,0,nan,2.9700000000000003e-07,nan,nan,nan,nan,nan,initial position is outside the energy-allowed region
14,326,0.79057373491234784,-0.7436666666666667,fraction,250,0,forbidden,nan,0,nan,4.15e-07,nan,nan,nan,nan,nan,initial position is outside the energy-allowed region
14,327,0.79057445280443084,-0.7436666666666667,fraction,250,0,forbidden,nan,0,nan,3.8500000000000002e-07,nan,nan,nan,nan,nan,initial position is outside the energy-allowed region
14,328,0.79057517069651384,-0.7436666666666667,fraction,250,0,forbidden,nan,0,nan,3.8599999999999999e-07,nan,nan,nan,nan,nan,initial position is outside the energy-allowed region
14,329,0.79057588858859684,-0.7436666666666667,fraction,250,0,forbidden,nan,0,nan,4.1600000000000002e-07,nan,nan,nan,nan,nan,initial position is outside the energy-allowed region
14,330,0.79057660648067984,-0.7436666666666667,fraction,250,0,forbidden,nan,0,nan,4.3500000000000002e-07,nan,nan,nan,nan,nan,initial position is outside the energy-allowed region
14,331,0.79057732437276274,-0.7436666666666667,fraction,250,0,forbidden,nan,0,nan,3.2599999999999998e-07,nan,nan,nan,nan,nan,initial position is outside the energy-allowed region
14,332,0.79057804226484574,-0.7436666666666667,fraction,250,0,forbidden,nan,0,nan,3.8500000000000002e-07,nan,nan,nan,nan,nan,initial position is outside the energy-allowed region
14,333,0.79057876015692874,-0.7436666666666667,fraction,250,0,forbidden,nan,0,nan,5.7847999999999999e-05,nan,nan,nan,nan,nan,initial position is outside the energy-allowed region
14,334,0.79057947804901174,-0.7436666666666667,fraction,250,0,forbidden,nan,0,nan,4.6499999999999999e-07,nan,nan,nan,nan,nan,initial position is outside the energy-allowed region
14,335,0.79058019594109474,-0.7436666666666667,fraction,250,0,forbidden,nan,0,nan,4.0499999999999999e-07,nan,nan,nan,nan,nan,initial position is outside the energy-allowed region
14,336,0.79058091383317763,-0.7436666666666667,fraction,250,0,forbidden,nan,0,nan,3.96e-07,nan,nan,nan,nan,nan,initial position is outside the energy-allowed region
14,337,0.79058163172526064,-0.7436666666666667,fraction,250,0,forbidden,nan,0,nan,3.8500000000000002e-07,nan,nan,nan,nan,nan,initial position is outside the energy-allowed region
14,338,0.79058234961734364,-0.7436666666666667,fraction,250,0,forbidden,nan,0,nan,7.61e-07,nan,nan,nan,nan,nan,initial position is outside the energy-allowed region
14,339,0.79058306750942664,-0.7436666666666667,fraction,250,0,forbidden,nan,0,nan,3.8500000000000002e-07,nan,nan,nan,nan,nan,initial position is outside the energy-allowed region
14,340,0.79058378540150964,-0.7436666666666667,fraction,250,0,forbidden,nan,0,nan,3.8500000000000002e-07,nan,nan,nan,nan,nan,initial position is outside the energy-allowed region
14,341,0.79058450329359264,-0.7436666666666667,fraction,250,0,forbidden,nan,0,nan,2.6897e-05,nan,nan,nan,nan,nan,initial position is outside the energy-allowed region
15,323,0.79057158123609894,-0.72750000000000004,fraction,250,0,forbidden,nan,0,nan,7.2021999999999996e-05,nan,nan,nan,nan,nan,initial position is outside the energy-allowed region
15,324,0.79057229912818194,-0.72750000000000004,fraction,250,0,forbidden,nan,0,nan,4.15e-07,nan,nan,nan,nan,nan,initial position is outside the energy-allowed region
15,325,0.79057301702026495,-0.72750000000000004,fraction,250,0,forbidden,nan,0,nan,3.9499999999999998e-07,nan,nan,nan,nan,nan,initial position is outside the energy-allowed region
15,326,0.79057373491234784,-0.72750000000000004,fraction,250,0,forbidden,nan,0,nan,3.9499999999999998e-07,nan,nan,nan,nan,nan,initial position is outside the energy-allowed region
15,327,0.79057445280443084,-0.72750000000000004,fraction,250,0,forbidden,nan,0,nan,3.6600000000000002e-07,nan,nan,nan,nan,nan,initial position is outside the energy-allowed region
15,328,0.79057517069651384,-0.72750000000000004,fraction,250,0,forbidden,nan,0,nan,4.2500000000000001e-07,nan,nan,nan,nan,nan,initial position is outside the energy-allowed region
15,329,0.79057588858859684,-0.72750000000000004,fraction,250,0,forbidden,nan,0,nan,5.5400000000000001e-07,nan,nan,nan,nan,nan,initial position is outside the energy-allowed region
15,330,0.79057660648067984,-0.72750000000000004,fraction,250,0,forbidden,nan,0,nan,1.206e-06,nan,nan,nan,nan,nan,initial position is outside the energy-allowed region
15,331,0.79057732437276274,-0.72750000000000004,fraction,250,0,forbidden,nan,0,nan,8.8000000000000004e-07,nan,nan,nan,nan,nan,initial position is outside the energy-allowed region
15,332,0.79057804226484574,-0.72750000000000004,fraction,250,0,forbidden,nan,0,nan,4.15e-07,nan,nan,nan,nan,nan,initial position is outside the energy-allowed region
15,333,0.79057876015692874,-0.72750000000000004,fraction,250,0,forbidden,nan,0,nan,2.6610000000000001e-05,nan,nan,nan,nan,nan,initial position is outside the energy-allowed region
15,334,0.79057947804901174,-0.72750000000000004,fraction,250,0,forbidden,nan,0,nan,3.9499999999999998e-07,nan,nan,nan,nan,nan,initial position is outside the energy-allowed region
15,335,0.79058019594109474,-0.72750000000000004,fraction,250,0,forbidden,nan,0,nan,3.2599999999999998e-07,nan,nan,nan,nan,nan,initial position is outside the energy-allowed region
15,336,0.79058091383317763,-0.72750000000000004,fraction,250,0,forbidden,nan,0,nan,5.6300000000000005e-07,nan,nan,nan,nan,nan,initial position is outside the energy-allowed region
15,337,0.79058163172526064,-0.72750000000000004,fraction,250,0,forbidden,nan,0,nan,3.96e-07,nan,nan,nan,nan,nan,initial position is outside the energy-allowed region
15,338,0.79058234961734364,-0.72750000000000004,fraction,250,0,forbidden,nan,0,nan,3.8599999999999999e-07,nan,nan,nan,nan,nan,initial position is outside the energy-allowed region
15,339,0.79058306750942664,-0.72750000000000004,fraction,250,0,forbidden,nan,0,nan,4.4499999999999997e-07,nan,nan,nan,nan,nan,initial position is outside the energy-allowed region
15,340,0.79058378540150964,-0.72750000000000004,fraction,250,0,forbidden,nan,0,nan,4.0499999999999999e-07,nan,nan,nan,nan,nan,initial position is outside the energy-allowed region
15,341,0.79058450329359264,-0.72750000000000004,fraction,250,0,forbidden,nan,0,nan,4.0300999999999999e-05,nan,nan,nan,nan,nan,initial position is outside the energy-allowed region
16,323,0.79057158123609894,-0.71133333333333337,fraction,250,0,forbidden,nan,0,nan,1.7872000000000001e-05,nan,nan,nan,nan,nan,initial position is outside the energy-allowed region
16,324,0.79057229912818194,-0.71133333333333337,fraction,250,0,forbidden,nan,0,nan,4.6400000000000003e-07,nan,nan,nan,nan,nan,initial position is outside the energy-allowed region
16,325,0.79057301702026495,-0.71133333333333337,fraction,250,0,forbidden,nan,0,nan,3.9499999999999998e-07,nan,nan,nan,nan,nan,initial position is outside the energy-allowed region
16,326,0.79057373491234784,-0.71133333333333337,fraction,250,0,forbidden,nan,0,nan,4.6400000000000003e-07,nan,nan,nan,nan,nan,initial position is outside the energy-allowed region
16,327,0.79057445280443084,-0.71133333333333337,fraction,250,0,forbidden,nan,0,nan,4.8500000000000002e-07,nan,nan,nan,nan,nan,initial position is outside the energy-allowed region
16,328,0.79057517069651384,-0.71133333333333337,fraction,250,0,forbidden,nan,0,nan,4.15e-07,nan,nan,nan,nan,nan,initial position is outside the energy-allowed region
16,329,0.79057588858859684,-0.71133333333333337,fraction,250,0,forbidden,nan,0,nan,4.3500000000000002e-07,nan,nan,nan,nan,nan,initial position is outside the energy-allowed region
16,330,0.79057660648067984,-0.71133333333333337,fraction,250,0,forbidden,nan,0,nan,4.0499999999999999e-07,nan,nan,nan,nan,nan,initial position is outside the energy-allowed region
16,331,0.79057732437276274,-0.71133333333333337,fraction,250,0,forbidden,nan,0,nan,3.8500000000000002e-07,nan,nan,nan,nan,nan,initial position is outside the energy-allowed region
16,332,0.79057804226484574,-0.71133333333333337,fraction,250,0,forbidden,nan,0,nan,3.5600000000000001e-07,nan,nan,nan,nan,nan,initial position is outside the energy-allowed region
16,333,0.79057876015692874,-0.71133333333333337,fraction,250,0,forbidden,nan,0,nan,2.7183999999999999e-05,nan,nan,nan,nan,nan,initial position is outside the energy-allowed region
16,334,0.79057947804901174,-0.71133333333333337,fraction,250,0,forbidden,nan,0,nan,4.15e-07,nan,nan,nan,nan,nan,initial position is outside the energy-allowed region
16,335,0.79058019594109474,-0.71133333333333337,fraction,250,0,forbidden,nan,0,nan,3.7599999999999998e-07,nan,nan,nan,nan,nan,initial position is outside the energy-allowed region
16,336,0.79058091383317763,-0.71133333333333337,fraction,250,0,forbidden,nan,0,nan,3.8599999999999999e-07,nan,nan,nan,nan,nan,initial position is outside the energy-allowed region
16,337,0.79058163172526064,-0.71133333333333337,fraction,250,0,forbidden,nan,0,nan,4.75e-07,nan,nan,nan,nan,nan,initial position is outside the energy-allowed region
16,338,0.79058234961734364,-0.71133333333333337,fraction,250,0,forbidden,nan,0,nan,4.5499999999999998e-07,nan,nan,nan,nan,nan,initial position is outside the energy-allowed region
16,339,0.79058306750942664,-0.71133333333333337,fraction,250,0,forbidden,nan,0,nan,9.4900000000000004e-07,nan,nan,nan,nan,nan,initial position is outside the energy-allowed region
16,340,0.79058378540150964,-0.71133333333333337,fraction,250,0,forbidden,nan,0,nan,3.96e-07,nan,nan,nan,nan,nan,initial position is outside the energy-allowed region
16,341,0.79058450329359264,-0.71133333333333337,fraction,250,0,forbidden,nan,0,nan,4.1686e-05,nan,nan,nan,nan,nan,initial position is outside the energy-allowed region
17,323,0.79057158123609894,-0.69516666666666671,fraction,250,0,forbidden,nan,0,nan,2.1480000000000001e-05,nan,nan,nan,nan,nan,initial position is outside the energy-allowed region
17,324,0.79057229912818194,-0.69516666666666671,fraction,250,0,forbidden,nan,0,nan,3.7599999999999998e-07,nan,nan,nan,nan,nan,initial position is outside the energy-allowed region
17,325,0.79057301702026495,-0.69516666666666671,fraction,250,0,forbidden,nan,0,nan,3.7500000000000001e-07,nan,nan,nan,nan,nan,initial position is outside the energy-allowed region
17,326,0.79057373491234784,-0.69516666666666671,fraction,250,0,forbidden,nan,0,nan,4.9500000000000003e-07,nan,nan,nan,nan,nan,initial position is outside the energy-allowed region
17,327,0.79057445280443084,-0.69516666666666671,fraction,250,0,forbidden,nan,0,nan,3.8599999999999999e-07,nan,nan,nan,nan,nan,initial position is outside the energy-allowed region
17,328,0.79057517069651384,-0.69516666666666671,fraction,250,0,forbidden,nan,0,nan,3.8500000000000002e-07,nan,nan,nan,nan,nan,initial position is outside the energy-allowed region
17,329,0.79057588858859684,-0.69516666666666671,fraction,250,0,forbidden,nan,0,nan,4.1600000000000002e-07,nan,nan,nan,nan,nan,initial position is outside the energy-allowed region
17,330,0.79057660648067984,-0.69516666666666671,fraction,250,0,forbidden,nan,0,nan,1.0580000000000001e-06,nan,nan,nan,nan,nan,initial position is outside the energy-allowed region
17,331,0.79057732437276274,-0.69516666666666671,fraction,250,0,forbidden,nan,0,nan,3.9499999999999998e-07,nan,nan,nan,nan,nan,initial position is outside the energy-allowed region
17,332,0.79057804226484574,-0.69516666666666671,fraction,250,0,forbidden,nan,0,nan,4.3500000000000002e-07,nan,nan,nan,nan,nan,initial position is outside the energy-allowed region
17,333,0.79057876015692874,-0.69516666666666671,fraction,250,0,forbidden,nan,0,nan,2.8873999999999998e-05,nan,nan,nan,nan,nan,initial position is outside the energy-allowed region
17,334,0.79057947804901174,-0.69516666666666671,fraction,250,0,forbidden,nan,0,nan,3.8500000000000002e-07,nan,nan,nan,nan,nan,initial position is outside the energy-allowed region
17,335,0.79058019594109474,-0.69516666666666671,fraction,250,0,forbidden,nan,0,nan,3.8500000000000002e-07,nan,nan,nan,nan,nan,initial position is outside the energy-allowed region
17,336,0.79058091383317763,-0.69516666666666671,fraction,250,0,forbidden,nan,0,nan,3.96e-07,nan,nan,nan,nan,nan,initial position is outside the energy-allowed region
17,337,0.79058163172526064,-0.69516666666666671,fraction,250,0,forbidden,nan,0,nan,4.75e-07,nan,nan,nan,nan,nan,initial position is outside the energy-allowed region
17,338,0.79058234961734364,-0.69516666666666671,fraction,250,0,forbidden,nan,0,nan,4.15e-07,nan,nan,nan,nan,nan,initial position is outside the energy-allowed region
17,339,0.79058306750942664,-0.69516666666666671,fraction,250,0,forbidden,nan,0,nan,3.8599999999999999e-07,nan,nan,nan,nan,nan,initial position is outside the energy-allowed region
17,340,0.79058378540150964,-0.69516666666666671,fraction,250,0,forbidden,nan,0,nan,4.1600000000000002e-07,nan,nan,nan,nan,nan,initial position is outside the energy-allowed region
17,341,0.79058450329359264,-0.69516666666666671,fraction,250,0,forbidden,nan,0,nan,3.7305999999999998e-05,nan,nan,nan,nan,nan,initial position is outside the energy-allowed region
18,323,0.79057158123609894,-0.67900000000000005,fraction,250,0,forbidden,nan,0,nan,2.067e-05,nan,nan,nan,nan,nan,initial position is outside the energy-allowed region
18,324,0.79057229912818194,-0.67900000000000005,fraction,250,0,forbidden,nan,0,nan,5.44e-07,nan,nan,nan,nan,nan,initial position is outside the energy-allowed region
18,325,0.79057301702026495,-0.67900000000000005,fraction,250,0,forbidden,nan,0,nan,3.8599999999999999e-07,nan,nan,nan,nan,nan,initial position is outside the energy-allowed region
18,326,0.79057373491234784,-0.67900000000000005,fraction,250,0,forbidden,nan,0,nan,3.8500000000000002e-07,nan,nan,nan,nan,nan,initial position is outside the energy-allowed region
18,327,0.79057445280443084,-0.67900000000000005,fraction,250,0,forbidden,nan,0,nan,3.7599999999999998e-07,nan,nan,nan,nan,nan,initial position is outside the energy-allowed region
18,328,0.79057517069651384,-0.67900000000000005,fraction,250,0,forbidden,nan,0,nan,4.3500000000000002e-07,nan,nan,nan,nan,nan,initial position is outside the energy-allowed region
18,329,0.79057588858859684,-0.67900000000000005,fraction,250,0,forbidden,nan,0,nan,4.0499999999999999e-07,nan,nan,nan,nan,nan,initial position is outside the energy-allowed region
18,330,0.79057660648067984,-0.67900000000000005,fraction,250,0,forbidden,nan,0,nan,7.8100000000000002e-07,nan,nan,nan,nan,nan,initial position is outside the energy-allowed region
18,331,0.79057732437276274,-0.67900000000000005,fraction,250,0,forbidden,nan,0,nan,4.5499999999999998e-07,nan,nan,nan,nan,nan,initial position is outside the energy-allowed region
18,332,0.79057804226484574,-0.67900000000000005,fraction,250,0,forbidden,nan,0,nan,4.6499999999999999e-07,nan,nan,nan,nan,nan,initial position is outside the energy-allowed region
18,333,0.79057876015692874,-0.67900000000000005,fraction,250,0,forbidden,nan,0,nan,4.3829999999999999e-05,nan,nan,nan,nan,nan,initial position is outside the energy-allowed region
18,334,0.79057947804901174,-0.67900000000000005,fraction,250,0,forbidden,nan,0,nan,6.0299999999999999e-07,nan,nan,nan,nan,nan,initial position is outside the energy-allowed region
18,335,0.79058019594109474,-0.67900000000000005,fraction,250,0,forbidden,nan,0,nan,3.9499999999999998e-07,nan,nan,nan,nan,nan,initial position is outside the energy-allowed region
18,336,0.79058091383317763,-0.67900000000000005,fraction,250,0,forbidden,nan,0,nan,3.65e-07,nan,nan,nan,nan,nan,initial position is outside the energy-allowed region
18,337,0.79058163172526064,-0.67900000000000005,fraction,250,0,forbidden,nan,0,nan,5.1399999999999997e-07,nan,nan,nan,nan,nan,initial position is outside the energy-allowed region
18,338,0.79058234961734364,-0.67900000000000005,fraction,250,0,forbidden,nan,0,nan,4.7399999999999998e-07,nan,nan,nan,nan,nan,initial position is outside the energy-allowed region
18,339,0.79058306750942664,-0.67900000000000005,fraction,250,0,forbidden,nan,0,nan,3.6600000000000002e-07,nan,nan,nan,nan,nan,initial position is outside the energy-allowed region
18,340,0.79058378540150964,-0.67900000000000005,fraction,250,0,forbidden,nan,0,nan,3.8599999999999999e-07,nan,nan,nan,nan,nan,initial position is outside the energy-allowed region
18,341,0.79058450329359264,-0.67900000000000005,fraction,250,0,forbidden,nan,0,nan,2.3883000000000002e-05,nan,nan,nan,nan,nan,initial position is outside the energy-allowed region
19,323,0.79057158123609894,-0.66283333333333339,fraction,250,0,forbidden,nan,0,nan,1.8445999999999999e-05,nan,nan,nan,nan,nan,initial position is outside the energy-allowed region
19,324,0.79057229912818194,-0.66283333333333339,fraction,250,0,forbidden,nan,0,nan,4.7399999999999998e-07,nan,nan,nan,nan,nan,initial position is outside the energy-allowed region
19,325,0.79057301702026495,-0.66283333333333339,fraction,250,0,forbidden,nan,0,nan,3.9499999999999998e-07,nan,nan,nan,nan,nan,initial position is outside the energy-allowed region
19,326,0.79057373491234784,-0.66283333333333339,fraction,250,0,forbidden,nan,0,nan,3.1600000000000002e-07,nan,nan,nan,nan,nan,initial position is outside the energy-allowed region
19,327,0.79057445280443084,-0.66283333333333339,fraction,250,0,forbidden,nan,0,nan,3.8500000000000002e-07,nan,nan,nan,nan,nan,initial position is outside the energy-allowed region
19,328,0.79057517069651384,-0.66283333333333339,fraction,250,0,forbidden,nan,0,nan,3.2599999999999998e-07,nan,nan,nan,nan,nan,initial position is outside the energy-allowed region
19,329,0.79057588858859684,-0.66283333333333339,fraction,250,0,forbidden,nan,0,nan,4.9399999999999995e-07,nan,nan,nan,nan,nan,initial position is outside the energy-allowed region
19,330,0.79057660648067984,-0.66283333333333339,fraction,250,0,forbidden,nan,0,nan,3.7599999999999998e-07,nan,nan,nan,nan,nan,initial position is outside the energy-allowed region
19,331,0.79057732437276274,-0.66283333333333339,fraction,250,0,forbidden,nan,0,nan,3.5600000000000001e-07,nan,nan,nan,nan,nan,initial position is outside the energy-allowed region
19,332,0.79057804226484574,-0.66283333333333339,fraction,250,0,forbidden,nan,0,nan,3.7500000000000001e-07,nan,nan,nan,nan,nan,initial position is outside the energy-allowed region
19,333,0.79057876015692874,-0.66283333333333339,fraction,250,0,forbidden,nan,0,nan,3.7919000000000001e-05,nan,nan,nan,nan,nan,initial position is outside the energy-allowed region
19,334,0.79057947804901174,-0.66283333333333339,fraction,250,0,forbidden,nan,0,nan,6.4199999999999995e-07,nan,nan,nan,nan,nan,initial position is outside the energy-allowed region
19,335,0.79058019594109474,-0.66283333333333339,fraction,250,0,forbidden,nan,0,nan,4.2500000000000001e-07,nan,nan,nan,nan,nan,initial position is outside the energy-allowed region
19,336,0.79058091383317763,-0.66283333333333339,fraction,250,0,forbidden,nan,0,nan,4.9399999999999995e-07,nan,nan,nan,nan,nan,initial position is outside the energy-allowed region
19,337,0.79058163172526064,-0.66283333333333339,fraction,250,0,forbidden,nan,0,nan,3.8599999999999999e-07,nan,nan,nan,nan,nan,initial position is outside the energy-allowed region
19,338,0.79058234961734364,-0.66283333333333339,fraction,250,0,forbidden,nan,0,nan,1.0380000000000001e-06,nan,nan,nan,nan,nan,initial position is outside the energy-allowed region
19,339,0.79058306750942664,-0.66283333333333339,fraction,250,0,forbidden,nan,0,nan,4.5499999999999998e-07,nan,nan,nan,nan,nan,initial position is outside the energy-allowed region
19,340,0.79058378540150964,-0.66283333333333339,fraction,250,0,forbidden,nan,0,nan,3.9499999999999998e-07,nan,nan,nan,nan,nan,initial position is outside the energy-allowed region
19,341,0.79058450329359264,-0.66283333333333339,fraction,250,0,forbidden,nan,0,nan,4.6331000000000001e-05,nan,nan,nan,nan,nan,initial position is outside the energy-allowed region
20,323,0.79057158123609894,-0.64666666666666672,fraction,250,0,forbidden,nan,0,nan,2.0077000000000001e-05,nan,nan,nan,nan,nan,initial position is outside the energy-allowed region
20,324,0.79057229912818194,-0.64666666666666672,fraction,250,0,forbidden,nan,0,nan,4.3500000000000002e-07,nan,nan,nan,nan,nan,initial position is outside the energy-allowed region
20,325,0.79057301702026495,-0.64666666666666672,fraction,250,0,forbidden,nan,0,nan,5.6400000000000002e-07,nan,nan,nan,nan,nan,initial position is outside the energy-allowed region
20,326,0.79057373491234784,-0.64666666666666672,fraction,250,0,forbidden,nan,0,nan,4.0499999999999999e-07,nan,nan,nan,nan,nan,initial position is outside the energy-allowed region
20,327,0.79057445280443084,-0.64666666666666672,fraction,250,0,forbidden,nan,0,nan,4.9399999999999995e-07,nan,nan,nan,nan,nan,initial position is outside the energy-allowed region
20,328,0.79057517069651384,-0.64666666666666672,fraction,250,0,forbidden,nan,0,nan,3.9499999999999998e-07,nan,nan,nan,nan,nan,initial position is outside the energy-allowed region
20,329,0.79057588858859684,-0.64666666666666672,fraction,250,0,forbidden,nan,0,nan,4.0499999999999999e-07,nan,nan,nan,nan,nan,initial position is outside the energy-allowed region
20,330,0.79057660648067984,-0.64666666666666672,fraction,250,0,forbidden,nan,0,nan,4.2500000000000001e-07,nan,nan,nan,nan,nan,initial position is outside the energy-allowed region
20,331,0.79057732437276274,-0.64666666666666672,fraction,250,0,forbidden,nan,0,nan,4.6499999999999999e-07,nan,nan,nan,nan,nan,initial position is outside the energy-allowed region
20,332,0.79057804226484574,-0.64666666666666672,fraction,250,0,forbidden,nan,0,nan,4.6400000000000003e-07,nan,nan,nan,nan,nan,initial position is outside the energy-allowed region
20,333,0.79057876015692874,-0.64666666666666672,fraction,250,0,forbidden,nan,0,nan,4.1557000000000002e-05,nan,nan,nan,nan,nan,initial position is outside the energy-allowed region
20,334,0.79057947804901174,-0.64666666666666672,fraction,250,0,forbidden,nan,0,nan,4.0499999999999999e-07,nan,nan,nan,nan,nan,initial position is outside the energy-allowed region
20,335,0.79058019594109474,-0.64666666666666672,fraction,250,0,forbidden,nan,0,nan,4.4499999999999997e-07,nan,nan,nan,nan,nan,initial position is outside the energy-allowed region
20,336,0.79058091383317763,-0.64666666666666672,fraction,250,0,forbidden,nan,0,nan,3.7500000000000001e-07,nan,nan,nan,nan,nan,initial position is outside the energy-allowed region
20,337,0.79058163172526064,-0.64666666666666672,fraction,250,0,forbidden,nan,0,nan,1.0580000000000001e-06,nan,nan,nan,nan,nan,initial position is outside the energy-allowed region
20,338,0.79058234961734364,-0.64666666666666672,fraction,250,0,forbidden,nan,0,nan,8.2099999999999995e-07,nan,nan,nan,nan,nan,initial position is outside the energy-allowed region
20,339,0.79058306750942664,-0.64666666666666672,fraction,250,0,forbidden,nan,0,nan,3.6600000000000002e-07,nan,nan,nan,nan,nan,initial position is outside the energy-allowed region
20,340,0.79058378540150964,-0.64666666666666672,fraction,250,0,forbidden,nan,0,nan,4.15e-07,nan,nan,nan,nan,nan,initial position is outside the energy-allowed region
20,341,0.79058450329359264,-0.64666666666666672,fraction,250,0,forbidden,nan,0,nan,2.8183000000000001e-05,nan,nan,nan,nan,nan,initial position is outside the energy-allowed region
21,323,0.79057158123609894,-0.63050000000000006,fraction,250,0,forbidden,nan,0,nan,1.8958999999999999e-05,nan,nan,nan,nan,nan,initial position is outside the energy-allowed region
21,324,0.79057229912818194,-0.63050000000000006,fraction,250,0,forbidden,nan,0,nan,3.0600000000000001e-07,nan,nan,nan,nan,nan,initial position is outside the energy-allowed region
21,325,0.79057301702026495,-0.63050000000000006,fraction,250,0,forbidden,nan,0,nan,3.7500000000000001e-07,nan,nan,nan,nan,nan,initial position is outside the energy-allowed region
21,326,0.79057373491234784,-0.63050000000000006,fraction,250,0,forbidden,nan,0,nan,1.1459999999999999e-06,nan,nan,nan,nan,nan,initial position is outside the energy-allowed region
21,327,0.79057445280443084,-0.63050000000000006,fraction,250,0,forbidden,nan,0,nan,5.44e-07,nan,nan,nan,nan,nan,initial position is outside the energy-allowed region
21,328,0.79057517069651384,-0.63050000000000006,fraction,250,0,forbidden,nan,0,nan,4.15e-07,nan,nan,nan,nan,nan,initial position is outside the energy-allowed region
21,329,0.79057588858859684,-0.63050000000000006,fraction,250,0,forbidden,nan,0,nan,3.9499999999999998e-07,nan,nan,nan,nan,nan,initial position is outside the energy-allowed region
21,330,0.79057660648067984,-0.63050000000000006,fraction,250,0,forbidden,nan,0,nan,5.3300000000000002e-07,nan,nan,nan,nan,nan,initial position is outside the energy-allowed region
21,331,0.79057732437276274,-0.63050000000000006,fraction,250,0,forbidden,nan,0,nan,3.8599999999999999e-07,nan,nan,nan,nan,nan,initial position is outside the energy-allowed region
21,332,0.79057804226484574,-0.63050000000000006,fraction,250,0,forbidden,nan,0,nan,5.44e-07,nan,nan,nan,nan,nan,initial position is outside the energy-allowed region
21,333,0.79057876015692874,-0.63050000000000006,fraction,250,0,forbidden,nan,0,nan,5.1007000000000001e-05,nan,nan,nan,nan,nan,initial position is outside the energy-allowed region
21,334,0.79057947804901174,-0.63050000000000006,fraction,250,0,forbidden,nan,0,nan,5.3399999999999999e-07,nan,nan,nan,nan,nan,initial position is outside the energy-allowed region
21,335,0.79058019594109474,-0.63050000000000006,fraction,250,0,forbidden,nan,0,nan,3.7599999999999998e-07,nan,nan,nan,nan,nan,initial position is outside the energy-allowed region
21,336,0.79058091383317763,-0.63050000000000006,fraction,250,0,forbidden,nan,0,nan,4.0499999999999999e-07,nan,nan,nan,nan,nan,initial position is outside the energy-allowed region
21,337,0.79058163172526064,-0.63050000000000006,fraction,250,0,forbidden,nan,0,nan,3.8599999999999999e-07,nan,nan,nan,nan,nan,initial position is outside the energy-allowed region
21,338,0.79058234961734364,-0.63050000000000006,fraction,250,0,forbidden,nan,0,nan,4.6499999999999999e-07,nan,nan,nan,nan,nan,initial position is outside the energy-allowed region
21,339,0.79058306750942664,-0.63050000000000006,fraction,250,0,forbidden,nan,0,nan,4.5499999999999998e-07,nan,nan,nan,nan,nan,initial position is outside the energy-allowed region
21,340,0.79058378540150964,-0.63050000000000006,fraction,250,0,forbidden,nan,0,nan,3.6600000000000002e-07,nan,nan,nan,nan,nan,initial position is outside the energy-allowed region
21,341,0.79058450329359264,-0.63050000000000006,fraction,250,0,forbidden,nan,0,nan,4.4363999999999997e-05,nan,nan,nan,nan,nan,initial position is outside the energy-allowed region
22,323,0.79057158123609894,-0.6143333333333334,fraction,250,0,forbidden,nan,0,nan,1.8376000000000002e-05,nan,nan,nan,nan,nan,initial position is outside the energy-allowed region
22,324,0.79057229912818194,-0.6143333333333334,fraction,250,0,forbidden,nan,0,nan,3.8599999999999999e-07,nan,nan,nan,nan,nan,initial position is outside the energy-allowed region
22,325,0.79057301702026495,-0.6143333333333334,fraction,250,0,forbidden,nan,0,nan,7.0200000000000001e-07,nan,nan,nan,nan,nan,initial position is outside the energy-allowed region
22,326,0.79057373491234784,-0.6143333333333334,fraction,250,0,forbidden,nan,0,nan,3.46e-07,nan,nan,nan,nan,nan,initial position is outside the energy-allowed region
22,327,0.79057445280443084,-0.6143333333333334,fraction,250,0,forbidden,nan,0,nan,4.4499999999999997e-07,nan,nan,nan,nan,nan,initial position is outside the energy-allowed region
22,328,0.79057517069651384,-0.6143333333333334,fraction,250,0,forbidden,nan,0,nan,5.0399999999999996e-07,nan,nan,nan,nan,nan,initial position is outside the energy-allowed region
22,329,0.79057588858859684,-0.6143333333333334,fraction,250,0,forbidden,nan,0,nan,4.15e-07,nan,nan,nan,nan,nan,initial position is outside the energy-allowed region
22,330,0.79057660648067984,-0.6143333333333334,fraction,250,0,forbidden,nan,0,nan,4.0499999999999999e-07,nan,nan,nan,nan,nan,initial position is outside the energy-allowed region
22,331,0.79057732437276274,-0.6143333333333334,fraction,250,0,forbidden,nan,0,nan,3.6600000000000002e-07,nan,nan,nan,nan,nan,initial position is outside the energy-allowed region
22,332,0.79057804226484574,-0.6143333333333334,fraction,250,0,forbidden,nan,0,nan,1.0380000000000001e-05,nan,nan,nan,nan,nan,initial position is outside the energy-allowed region
22,333,0.79057876015692874,-0.6143333333333334,fraction,250,0,forbidden,nan,0,nan,3.4814999999999998e-05,nan,nan,nan,nan,nan,initial position is outside the energy-allowed region
22,334,0.79057947804901174,-0.6143333333333334,fraction,250,0,forbidden,nan,0,nan,3.9499999999999998e-07,nan,nan,nan,nan,nan,initial position is outside the energy-allowed region
22,335,0.79058019594109474,-0.6143333333333334,fraction,250,0,forbidden,nan,0,nan,3.9499999999999998e-07,nan,nan,nan,nan,nan,initial position is outside the energy-allowed region
22,336,0.79058091383317763,-0.6143333333333334,fraction,250,0,forbidden,nan,0,nan,3.6600000000000002e-07,nan,nan,nan,nan,nan,initial position is outside the energy-allowed region
22,337,0.79058163172526064,-0.6143333333333334,fraction,250,0,forbidden,nan,0,nan,3.7500000000000001e-07,nan,nan,nan,nan,nan,initial position is outside the energy-allowed region
22,338,0.79058234961734364,-0.6143333333333334,fraction,250,0,forbidden,nan,0,nan,3.65e-07,nan,nan,nan,nan,nan,initial position is outside the energy-allowed region
22,339,0.79058306750942664,-0.6143333333333334,fraction,250,0,forbidden,nan,0,nan,3.8599999999999999e-07,nan,nan,nan,nan,nan,initial position is outside the energy-allowed region
22,340,0.79058378540150964,-0.6143333333333334,fraction,250,0,forbidden,nan,0,nan,4.2500000000000001e-07,nan,nan,nan,nan,nan,initial position is outside the energy-allowed region
22,341,0.79058450329359264,-0.6143333333333334,fraction,250,0,forbidden,nan,0,nan,4.5738999999999997e-05,nan,nan,nan,nan,nan,initial position is outside the energy-allowed region
23,323,0.79057158123609894,-0.59816666666666674,fraction,250,0,forbidden,nan,0,nan,7.3417000000000005e-05,nan,nan,nan,nan,nan,initial position is outside the energy-allowed region
23,324,0.79057229912818194,-0.59816666666666674,fraction,250,0,forbidden,nan,0,nan,4.0499999999999999e-07,nan,nan,nan,nan,nan,initial position is outside the energy-allowed region
23,325,0.79057301702026495,-0.59816666666666674,fraction,250,0,forbidden,nan,0,nan,4.2500000000000001e-07,nan,nan,nan,nan,nan,initial position is outside the energy-allowed region
23,326,0.79057373491234784,-0.59816666666666674,fraction,250,0,forbidden,nan,0,nan,4.0600000000000001e-07,nan,nan,nan,nan,nan,initial position is outside the energy-allowed region
23,327,0.79057445280443084,-0.59816666666666674,fraction,250,0,forbidden,nan,0,nan,4.0499999999999999e-07,nan,nan,nan,nan,nan,initial position is outside the energy-allowed region
23,328,0.79057517069651384,-0.59816666666666674,fraction,250,0,forbidden,nan,0,nan,3.9499999999999998e-07,nan,nan,nan,nan,nan,initial position is outside the energy-allowed region
23,329,0.79057588858859684,-0.59816666666666674,fraction,250,0,forbidden,nan,0,nan,3.7599999999999998e-07,nan,nan,nan,nan,nan,initial position is outside the energy-allowed region
23,330,0.79057660648067984,-0.59816666666666674,fraction,250,0,forbidden,nan,0,nan,4.0600000000000001e-07,nan,nan,nan,nan,nan,initial position is outside the energy-allowed region
23,331,0.79057732437276274,-0.59816666666666674,fraction,250,0,forbidden,nan,0,nan,3.8500000000000002e-07,nan,nan,nan,nan,nan,initial position is outside the energy-allowed region
23,332,0.79057804226484574,-0.59816666666666674,fraction,250,0,forbidden,nan,0,nan,2.8700000000000002e-07,nan,nan,nan,nan,nan,initial position is outside the energy-allowed region
23,333,0.79057876015692874,-0.59816666666666674,fraction,250,0,forbidden,nan,0,nan,6.1278000000000005e-05,nan,nan,nan,nan,nan,initial position is outside the energy-allowed region
23,334,0.79057947804901174,-0.59816666666666674,fraction,250,0,forbidden,nan,0,nan,2.7700000000000001e-07,nan,nan,nan,nan,nan,initial position is outside the energy-allowed region
23,335,0.79058019594109474,-0.59816666666666674,fraction,250,0,forbidden,nan,0,nan,3.9499999999999998e-07,nan,nan,nan,nan,nan,initial position is outside the energy-allowed region
23,336,0.79058091383317763,-0.59816666666666674,fraction,250,0,forbidden,nan,0,nan,3.9499999999999998e-07,nan,nan,nan,nan,nan,initial position is outside the energy-allowed region
23,337,0.79058163172526064,-0.59816666666666674,fraction,250,0,forbidden,nan,0,nan,6.7199999999999998e-07,nan,nan,nan,nan,nan,initial position is outside the energy-allowed region
23,338,0.79058234961734364,-0.59816666666666674,fraction,250,0,forbidden,nan,0,nan,4.0499999999999999e-07,nan,nan,nan,nan,nan,initial position is outside the energy-allowed region
23,339,0.79058306750942664,-0.59816666666666674,fraction,250,0,forbidden,nan,0,nan,4.0499999999999999e-07,nan,nan,nan,nan,nan,initial position is outside the energy-allowed region
23,340,0.79058378540150964,-0.59816666666666674,fraction,250,0,forbidden,nan,0,nan,3.96e-07,nan,nan,nan,nan,nan,initial position is outside the energy-allowed region
23,341,0.79058450329359264,-0.59816666666666674,fraction,250,0,forbidden,nan,0,nan,0.00029107500000000001,nan,nan,nan,nan,nan,initial position is outside the energy-allowed region
24,323,0.79057158123609894,-0.58199999999999996,fraction,250,0,forbidden,nan,0,nan,1.8672999999999999e-05,nan,nan,nan,nan,nan,initial position is outside the energy-allowed region
24,324,0.79057229912818194,-0.58199999999999996,fraction,250,0,forbidden,nan,0,nan,4.8500000000000002e-07,nan,nan,nan,nan,nan,initial position is outside the energy-allowed region
24,325,0.79057301702026495,-0.58199999999999996,fraction,250,0,forbidden,nan,0,nan,3.7599999999999998e-07,nan,nan,nan,nan,nan,initial position is outside the energy-allowed region
24,326,0.79057373491234784,-0.58199999999999996,fraction,250,0,forbidden,nan,0,nan,3.65e-07,nan,nan,nan,nan,nan,initial position is outside the energy-allowed region
24,327,0.79057445280443084,-0.58199999999999996,fraction,250,0,forbidden,nan,0,nan,4.6400000000000003e-07,nan,nan,nan,nan,nan,initial position is outside the energy-allowed region
24,328,0.79057517069651384,-0.58199999999999996,fraction,250,0,forbidden,nan,0,nan,4.0499999999999999e-07,nan,nan,nan,nan,nan,initial position is outside the energy-allowed region
24,329,0.79057588858859684,-0.58199999999999996,fraction,250,0,forbidden,nan,0,nan,3.7599999999999998e-07,nan,nan,nan,nan,nan,initial position is outside the energy-allowed region
24,330,0.79057660648067984,-0.58199999999999996,fraction,250,0,forbidden,nan,0,nan,4.15e-07,nan,nan,nan,nan,nan,initial position is outside the energy-allowed region
24,331,0.79057732437276274,-0.58199999999999996,fraction,250,0,forbidden,nan,0,nan,3.8500000000000002e-07,nan,nan,nan,nan,nan,initial position is outside the energy-allowed region
24,332,0.79057804226484574,-0.58199999999999996,fraction,250,0,forbidden,nan,0,nan,4.1600000000000002e-07,nan,nan,nan,nan,nan,initial position is outside the energy-allowed region
24,333,0.79057876015692874,-0.58199999999999996,fraction,250,0,forbidden,nan,0,nan,5.8261999999999999e-05,nan,nan,nan,nan,nan,initial position is outside the energy-allowed region
24,334,0.79057947804901174,-0.58199999999999996,fraction,250,0,forbidden,nan,0,nan,3.46e-07,nan,nan,nan,nan,nan,initial position is outside the energy-allowed region
24,335,0.79058019594109474,-0.58199999999999996,fraction,250,0,forbidden,nan,0,nan,4.0499999999999999e-07,nan,nan,nan,nan,nan,initial position is outside the energy-allowed region
24,336,0.79058091383317763,-0.58199999999999996,fraction,250,0,forbidden,nan,0,nan,4.15e-07,nan,nan,nan,nan,nan,initial position is outside the energy-allowed region
24,337,0.79058163172526064,-0.58199999999999996,fraction,250,0,forbidden,nan,0,nan,3.8500000000000002e-07,nan,nan,nan,nan,nan,initial position is outside the energy-allowed region
24,338,0.79058234961734364,-0.58199999999999996,fraction,250,0,forbidden,nan,0,nan,3.5600000000000001e-07,nan,nan,nan,nan,nan,initial position is outside the energy-allowed region
24,339,0.79058306750942664,-0.58199999999999996,fraction,250,0,forbidden,nan,0,nan,3.9499999999999998e-07,nan,nan,nan,nan,nan,initial position is outside the energy-allowed region
24,340,0.79058378540150964,-0.58199999999999996,fraction,250,0,forbidden,nan,0,nan,3.6600000000000002e-07,nan,nan,nan,nan,nan,initial position is outside the energy-allowed region
24,341,0.79058450329359264,-0.58199999999999996,fraction,250,0,forbidden,nan,0,nan,3.0722999999999997e-05,nan,nan,nan,nan,nan,initial position is outside the energy-allowed region
25,323,0.79057158123609894,-0.5658333333333333,fraction,250,0,forbidden,nan,0,nan,1.8406e-05,nan,nan,nan,nan,nan,initial position is outside the energy-allowed region
25,324,0.79057229912818194,-0.5658333333333333,fraction,250,0,forbidden,nan,0,nan,3.9499999999999998e-07,nan,nan,nan,nan,nan,initial position is outside the energy-allowed region
25,325,0.79057301702026495,-0.5658333333333333,fraction,250,0,forbidden,nan,0,nan,3.7500000000000001e-07,nan,nan,nan,nan,nan,initial position is outside the energy-allowed region
25,326,0.79057373491234784,-0.5658333333333333,fraction,250,0,forbidden,nan,0,nan,2.96e-07,nan,nan,nan,nan,nan,initial position is outside the energy-allowed region
25,327,0.79057445280443084,-0.5658333333333333,fraction,250,0,forbidden,nan,0,nan,9.7900000000000007e-07,nan,nan,nan,nan,nan,initial position is outside the energy-allowed region
25,328,0.79057517069651384,-0.5658333333333333,fraction,250,0,forbidden,nan,0,nan,4.15e-07,nan,nan,nan,nan,nan,initial position is outside the energy-allowed region
25,329,0.79057588858859684,-0.5658333333333333,fraction,250,0,forbidden,nan,0,nan,3.2599999999999998e-07,nan,nan,nan,nan,nan,initial position is outside the energy-allowed region
25,330,0.79057660648067984,-0.5658333333333333,fraction,250,0,forbidden,nan,0,nan,3.8599999999999999e-07,nan,nan,nan,nan,nan,initial position is outside the energy-allowed region
25,331,0.79057732437276274,-0.5658333333333333,fraction,250,0,forbidden,nan,0,nan,3.8599999999999999e-07,nan,nan,nan,nan,nan,initial position is outside the energy-allowed region
25,332,0.79057804226484574,-0.5658333333333333,fraction,250,0,forbidden,nan,0,nan,3.9499999999999998e-07,nan,nan,nan,nan,nan,initial position is outside the energy-allowed region
25,333,0.79057876015692874,-0.5658333333333333,fraction,250,0,forbidden,nan,0,nan,2.3546000000000001e-05,nan,nan,nan,nan,nan,initial position is outside the energy-allowed region
25,334,0.79057947804901174,-0.5658333333333333,fraction,250,0,forbidden,nan,0,nan,6.4300000000000003e-07,nan,nan,nan,nan,nan,initial position is outside the energy-allowed region
25,335,0.79058019594109474,-0.5658333333333333,fraction,250,0,forbidden,nan,0,nan,5.7400000000000003e-07,nan,nan,nan,nan,nan,initial position is outside the energy-allowed region
25,336,0.79058091383317763,-0.5658333333333333,fraction,250,0,forbidden,nan,0,nan,4.5499999999999998e-07,nan,nan,nan,nan,nan,initial position is outside the energy-allowed region
25,337,0.79058163172526064,-0.5658333333333333,fraction,250,0,forbidden,nan,0,nan,6.4300000000000003e-07,nan,nan,nan,nan,nan,initial position is outside the energy-allowed region
25,338,0.79058234961734364,-0.5658333333333333,fraction,250,0,forbidden,nan,0,nan,3.8500000000000002e-07,nan,nan,nan,nan,nan,initial position is outside the energy-allowed region
25,339,0.79058306750942664,-0.5658333333333333,fraction,250,0,forbidden,nan,0,nan,3.65e-07,nan,nan,nan,nan,nan,initial position is outside the energy-allowed region
25,340,0.79058378540150964,-0.5658333333333333,fraction,250,0,forbidden,nan,0,nan,3.8500000000000002e-07,nan,nan,nan,nan,nan,initial position is outside the energy-allowed region
25,341,0.79058450329359264,-0.5658333333333333,fraction,250,0,forbidden,nan,0,nan,4.6310999999999998e-05,nan,nan,nan,nan,nan,initial position is outside the energy-allowed region
26,323,0.79057158123609894,-0.54966666666666664,fraction,250,0,forbidden,nan,0,nan,1.8406e-05,nan,nan,nan,nan,nan,initial position is outside the energy-allowed region
26,324,0.79057229912818194,-0.54966666666666664,fraction,250,0,forbidden,nan,0,nan,3.8500000000000002e-07,nan,nan,nan,nan,nan,initial position is outside the energy-allowed region
26,325,0.79057301702026495,-0.54966666666666664,fraction,250,0,forbidden,nan,0,nan,3.8599999999999999e-07,nan,nan,nan,nan,nan,initial position is outside the energy-allowed region
26,326,0.79057373491234784,-0.54966666666666664,fraction,250,0,forbidden,nan,0,nan,3.8599999999999999e-07,nan,nan,nan,nan,nan,initial position is outside the energy-allowed region
26,327,0.79057445280443084,-0.54966666666666664,fraction,250,0,forbidden,nan,0,nan,3.8599999999999999e-07,nan,nan,nan,nan,nan,initial position is outside the energy-allowed region
26,328,0.79057517069651384,-0.54966666666666664,fraction,250,0,forbidden,nan,0,nan,9.4900000000000004e-07,nan,nan,nan,nan,nan,initial position is outside the energy-allowed region
26,329,0.79057588858859684,-0.54966666666666664,fraction,250,0,forbidden,nan,0,nan,3.9499999999999998e-07,nan,nan,nan,nan,nan,initial position is outside the energy-allowed region
26,330,0.79057660648067984,-0.54966666666666664,fraction,250,0,forbidden,nan,0,nan,3.96e-07,nan,nan,nan,nan,nan,initial position is outside the energy-allowed region
26,331,0.79057732437276274,-0.54966666666666664,fraction,250,0,forbidden,nan,0,nan,3.7599999999999998e-07,nan,nan,nan,nan,nan,initial position is outside the energy-allowed region
26,332,0.79057804226484574,-0.54966666666666664,fraction,250,0,forbidden,nan,0,nan,4.6499999999999999e-07,nan,nan,nan,nan,nan,initial position is outside the energy-allowed region
26,333,0.79057876015692874,-0.54966666666666664,fraction,250,0,forbidden,nan,0,nan,4.7122e-05,nan,nan,nan,nan,nan,initial position is outside the energy-allowed region
26,334,0.79057947804901174,-0.54966666666666664,fraction,250,0,forbidden,nan,0,nan,1.1459999999999999e-06,nan,nan,nan,nan,nan,initial position is outside the energy-allowed region
26,335,0.79058019594109474,-0.54966666666666664,fraction,250,0,forbidden,nan,0,nan,5.5300000000000004e-07,nan,nan,nan,nan,nan,initial position is outside the energy-allowed region
26,336,0.79058091383317763,-0.54966666666666664,fraction,250,0,forbidden,nan,0,nan,0.0010486320000000001,nan,nan,nan,nan,nan,initial position is outside the energy-allowed region
26,337,0.79058163172526064,-0.54966666666666664,fraction,250,0,forbidden,nan,0,nan,3.8500000000000002e-07,nan,nan,nan,nan,nan,initial position is outside the energy-allowed region
26,338,0.79058234961734364,-0.54966666666666664,fraction,250,0,forbidden,nan,0,nan,3.7599999999999998e-07,nan,nan,nan,nan,nan,initial position is outside the energy-allowed region
26,339,0.79058306750942664,-0.54966666666666664,fraction,250,0,forbidden,nan,0,nan,7.2099999999999996e-07,nan,nan,nan,nan,nan,initial position is outside the energy-allowed region
26,340,0.79058378540150964,-0.54966666666666664,fraction,250,0,forbidden,nan,0,nan,4.6499999999999999e-07,nan,nan,nan,nan,nan,initial position is outside the energy-allowed region
26,341,0.79058450329359264,-0.54966666666666664,fraction,250,0,forbidden,nan,0,nan,3.9363000000000002e-05,nan,nan,nan,nan,nan,initial position is outside the energy-allowed region
27,323,0.79057158123609894,-0.53349999999999997,fraction,250,0,forbidden,nan,0,nan,1.889e-05,nan,nan,nan,nan,nan,initial position is outside the energy-allowed region
27,324,0.79057229912818194,-0.53349999999999997,fraction,250,0,forbidden,nan,0,nan,4.75e-07,nan,nan,nan,nan,nan,initial position is outside the energy-allowed region
27,325,0.79057301702026495,-0.53349999999999997,fraction,250,0,forbidden,nan,0,nan,3.8500000000000002e-07,nan,nan,nan,nan,nan,initial position is outside the energy-allowed region
27,326,0.79057373491234784,-0.53349999999999997,fraction,250,0,forbidden,nan,0,nan,9.4900000000000004e-07,nan,nan,nan,nan,nan,initial position is outside the energy-allowed region
27,327,0.79057445280443084,-0.53349999999999997,fraction,250,0,forbidden,nan,0,nan,4.7399999999999998e-07,nan,nan,nan,nan,nan,initial position is outside the energy-allowed region
27,328,0.79057517069651384,-0.53349999999999997,fraction,250,0,forbidden,nan,0,nan,5.1399999999999997e-07,nan,nan,nan,nan,nan,initial position is outside the energy-allowed region
27,329,0.79057588858859684,-0.53349999999999997,fraction,250,0,forbidden,nan,0,nan,3.7599999999999998e-07,nan,nan,nan,nan,nan,initial position is outside the energy-allowed region
27,330,0.79057660648067984,-0.53349999999999997,fraction,250,0,forbidden,nan,0,nan,4.0600000000000001e-07,nan,nan,nan,nan,nan,initial position is outside the energy-allowed region
27,331,0.79057732437276274,-0.53349999999999997,fraction,250,0,forbidden,nan,0,nan,2.17e-07,nan,nan,nan,nan,nan,initial position is outside the energy-allowed region
27,332,0.79057804226484574,-0.53349999999999997,fraction,250,0,forbidden,nan,0,nan,3.46e-07,nan,nan,nan,nan,nan,initial position is outside the energy-allowed region
27,333,0.79057876015692874,-0.53349999999999997,fraction,250,0,forbidden,nan,0,nan,3.1146999999999998e-05,nan,nan,nan,nan,nan,initial position is outside the energy-allowed region
27,334,0.79057947804901174,-0.53349999999999997,fraction,250,0,forbidden,nan,0,nan,4.6400000000000003e-07,nan,nan,nan,nan,nan,initial position is outside the energy-allowed region
27,335,0.79058019594109474,-0.53349999999999997,fraction,250,0,forbidden,nan,0,nan,6.5300000000000004e-07,nan,nan,nan,nan,nan,initial position is outside the energy-allowed region
27,336,0.79058091383317763,-0.53349999999999997,fraction,250,0,forbidden,nan,0,nan,3.8599999999999999e-07,nan,nan,nan,nan,nan,initial position is outside the energy-allowed region
27,337,0.79058163172526064,-0.53349999999999997,fraction,250,0,forbidden,nan,0,nan,4.1600000000000002e-07,nan,nan,nan,nan,nan,initial position is outside the energy-allowed region
27,338,0.79058234961734364,-0.53349999999999997,fraction,250,0,forbidden,nan,0,nan,3.1600000000000002e-07,nan,nan,nan,nan,nan,initial position is outside the energy-allowed region
27,339,0.79058306750942664,-0.53349999999999997,fraction,250,0,forbidden,nan,0,nan,4.2500000000000001e-07,nan,nan,nan,nan,nan,initial position is outside the energy-allowed region
27,340,0.79058378540150964,-0.53349999999999997,fraction,250,0,forbidden,nan,0,nan,4.1600000000000002e-07,nan,nan,nan,nan,nan,initial position is outside the energy-allowed region
27,341,0.79058450329359264,-0.53349999999999997,fraction,250,0,forbidden,nan,0,nan,3.8047999999999999e-05,nan,nan,nan,nan,nan,initial position is outside the energy-allowed region
28,323,0.79057158123609894,-0.51733333333333331,fraction,250,0,forbidden,nan,0,nan,2.1401000000000001e-05,nan,nan,nan,nan,nan,initial position is outside the energy-allowed region
28,324,0.79057229912818194,-0.51733333333333331,fraction,250,0,forbidden,nan,0,nan,4.0600000000000001e-07,nan,nan,nan,nan,nan,initial position is outside the energy-allowed region
28,325,0.79057301702026495,-0.51733333333333331,fraction,250,0,forbidden,nan,0,nan,4.4499999999999997e-07,nan,nan,nan,nan,nan,initial position is outside the energy-allowed region
28,326,0.79057373491234784,-0.51733333333333331,fraction,250,0,forbidden,nan,0,nan,5.5300000000000004e-07,nan,nan,nan,nan,nan,initial position is outside the energy-allowed region
28,327,0.79057445280443084,-0.51733333333333331,fraction,250,0,forbidden,nan,0,nan,4.4499999999999997e-07,nan,nan,nan,nan,nan,initial position is outside the energy-allowed region
28,328,0.79057517069651384,-0.51733333333333331,fraction,250,0,forbidden,nan,0,nan,2.96e-07,nan,nan,nan,nan,nan,initial position is outside the energy-allowed region
28,329,0.79057588858859684,-0.51733333333333331,fraction,250,0,forbidden,nan,0,nan,4.0499999999999999e-07,nan,nan,nan,nan,nan,initial position is outside the energy-allowed region
28,330,0.79057660648067984,-0.51733333333333331,fraction,250,0,forbidden,nan,0,nan,3.8599999999999999e-07,nan,nan,nan,nan,nan,initial position is outside the energy-allowed region
28,331,0.79057732437276274,-0.51733333333333331,fraction,250,0,forbidden,nan,0,nan,4.3500000000000002e-07,nan,nan,nan,nan,nan,initial position is outside the energy-allowed region
28,332,0.79057804226484574,-0.51733333333333331,fraction,250,0,forbidden,nan,0,nan,3.96e-07,nan,nan,nan,nan,nan,initial position is outside the energy-allowed region
28,333,0.79057876015692874,-0.51733333333333331,fraction,250,0,forbidden,nan,0,nan,4.9271999999999999e-05,nan,nan,nan,nan,nan,initial position is outside the energy-allowed region
28,334,0.79057947804901174,-0.51733333333333331,fraction,250,0,forbidden,nan,0,nan,3.7599999999999998e-07,nan,nan,nan,nan,nan,initial position is outside the energy-allowed region
28,335,0.79058019594109474,-0.51733333333333331,fraction,250,0,forbidden,nan,0,nan,4.2500000000000001e-07,nan,nan,nan,nan,nan,initial position is outside the energy-allowed region
28,336,0.79058091383317763,-0.51733333333333331,fraction,250,0,forbidden,nan,0,nan,3.96e-07,nan,nan,nan,nan,nan,initial position is outside the energy-allowed region
28,337,0.79058163172526064,-0.51733333333333331,fraction,250,0,forbidden,nan,0,nan,3.7599999999999998e-07,nan,nan,nan,nan,nan,initial position is outside the energy-allowed region
28,338,0.79058234961734364,-0.51733333333333331,fraction,250,0,forbidden,nan,0,nan,3.8500000000000002e-07,nan,nan,nan,nan,nan,initial position is outside the energy-allowed region
28,339,0.79058306750942664,-0.51733333333333331,fraction,250,0,forbidden,nan,0,nan,4.0499999999999999e-07,nan,nan,nan,nan,nan,initial position is outside the energy-allowed region
28,340,0.79058378540150964,-0.51733333333333331,fraction,250,0,forbidden,nan,0,nan,3.3599999999999999e-07,nan,nan,nan,nan,nan,initial position is outside the energy-allowed region
28,341,0.79058450329359264,-0.51733333333333331,fraction,250,0,forbidden,nan,0,nan,7.4078000000000005e-05,nan,nan,nan,nan,nan,initial position is outside the energy-allowed region
29,323,0.79057158123609894,-0.50116666666666665,fraction,250,0,forbidden,nan,0,nan,1.9681e-05,nan,nan,nan,nan,nan,initial position is outside the energy-allowed region
29,324,0.79057229912818194,-0.50116666666666665,fraction,250,0,forbidden,nan,0,nan,4.2500000000000001e-07,nan,nan,nan,nan,nan,initial position is outside the energy-allowed region
29,325,0.79057301702026495,-0.50116666666666665,fraction,250,0,forbidden,nan,0,nan,3.9499999999999998e-07,nan,nan,nan,nan,nan,initial position is outside the energy-allowed region
29,326,0.79057373491234784,-0.50116666666666665,fraction,250,0,forbidden,nan,0,nan,3.3599999999999999e-07,nan,nan,nan,nan,nan,initial position is outside the energy-allowed region
29,327,0.79057445280443084,-0.50116666666666665,fraction,250,0,forbidden,nan,0,nan,4.3500000000000002e-07,nan,nan,nan,nan,nan,initial position is outside the energy-allowed region
29,328,0.79057517069651384,-0.50116666666666665,fraction,250,0,forbidden,nan,0,nan,3.96e-07,nan,nan,nan,nan,nan,initial position is outside the energy-allowed region
29,329,0.79057588858859684,-0.50116666666666665,fraction,250,0,forbidden,nan,0,nan,3.8599999999999999e-07,nan,nan,nan,nan,nan,initial position is outside the energy-allowed region
29,330,0.79057660648067984,-0.50116666666666665,fraction,250,0,forbidden,nan,0,nan,4.4499999999999997e-07,nan,nan,nan,nan,nan,initial position is outside the energy-allowed region
29,331,0.79057732437276274,-0.50116666666666665,fraction,250,0,forbidden,nan,0,nan,4.0600000000000001e-07,nan,nan,nan,nan,nan,initial position is outside the energy-allowed region
29,332,0.79057804226484574,-0.50116666666666665,fraction,250,0,forbidden,nan,0,nan,4.7399999999999998e-07,nan,nan,nan,nan,nan,initial position is outside the energy-allowed region
29,333,0.79057876015692874,-0.50116666666666665,fraction,250,0,forbidden,nan,0,nan,4.4651000000000003e-05,nan,nan,nan,nan,nan,initial position is outside the energy-allowed region
29,334,0.79057947804901174,-0.50116666666666665,fraction,250,0,forbidden,nan,0,nan,3.2599999999999998e-07,nan,nan,nan,nan,nan,initial position is outside the energy-allowed region
29,335,0.79058019594109474,-0.50116666666666665,fraction,250,0,forbidden,nan,0,nan,3.5600000000000001e-07,nan,nan,nan,nan,nan,initial position is outside the energy-allowed region
29,336,0.79058091383317763,-0.50116666666666665,fraction,250,0,forbidden,nan,0,nan,3.7599999999999998e-07,nan,nan,nan,nan,nan,initial position is outside the energy-allowed region
29,337,0.79058163172526064,-0.50116666666666665,fraction,250,0,forbidden,nan,0,nan,5.1399999999999997e-07,nan,nan,nan,nan,nan,initial position is outside the energy-allowed region
29,338,0.79058234961734364,-0.50116666666666665,fraction,250,0,forbidden,nan,0,nan,9.3900000000000003e-07,nan,nan,nan,nan,nan,initial position is outside the energy-allowed region
29,339,0.79058306750942664,-0.50116666666666665,fraction,250,0,forbidden,nan,0,nan,3.8500000000000002e-07,nan,nan,nan,nan,nan,initial position is outside the energy-allowed region
29,340,0.79058378540150964,-0.50116666666666665,fraction,250,0,forbidden,nan,0,nan,4.3500000000000002e-07,nan,nan,nan,nan,nan,initial position is outside the energy-allowed region
29,341,0.79058450329359264,-0.50116666666666665,fraction,250,0,forbidden,nan,0,nan,3.8343999999999997e-05,nan,nan,nan,nan,nan,initial position is outside the energy-allowed region
30,323,0.79057158123609894,-0.48499999999999999,fraction,250,0,forbidden,nan,0,nan,2.0017000000000002e-05,nan,nan,nan,nan,nan,initial position is outside the energy-allowed region
30,324,0.79057229912818194,-0.48499999999999999,fraction,250,0,forbidden,nan,0,nan,3.8599999999999999e-07,nan,nan,nan,nan,nan,initial position is outside the energy-allowed region
30,325,0.79057301702026495,-0.48499999999999999,fraction,250,0,forbidden,nan,0,nan,3.96e-07,nan,nan,nan,nan,nan,initial position is outside the energy-allowed region
30,326,0.79057373491234784,-0.48499999999999999,fraction,250,0,forbidden,nan,0,nan,3.0600000000000001e-07,nan,nan,nan,nan,nan,initial position is outside the energy-allowed region
30,327,0.79057445280443084,-0.48499999999999999,fraction,250,0,forbidden,nan,0,nan,3.7599999999999998e-07,nan,nan,nan,nan,nan,initial position is outside the energy-allowed region
30,328,0.79057517069651384,-0.48499999999999999,fraction,250,0,forbidden,nan,0,nan,3.7500000000000001e-07,nan,nan,nan,nan,nan,initial position is outside the energy-allowed region
30,329,0.79057588858859684,-0.48499999999999999,fraction,250,0,forbidden,nan,0,nan,3.5600000000000001e-07,nan,nan,nan,nan,nan,initial position is outside the energy-allowed region
30,330,0.79057660648067984,-0.48499999999999999,fraction,250,0,forbidden,nan,0,nan,4.15e-07,nan,nan,nan,nan,nan,initial position is outside the energy-allowed region
30,331,0.79057732437276274,-0.48499999999999999,fraction,250,0,forbidden,nan,0,nan,3.8500000000000002e-07,nan,nan,nan,nan,nan,initial position is outside the energy-allowed region
30,332,0.79057804226484574,-0.48499999999999999,fraction,250,0,forbidden,nan,0,nan,3.9499999999999998e-07,nan,nan,nan,nan,nan,initial position is outside the energy-allowed region
30,333,0.79057876015692874,-0.48499999999999999,fraction,250,0,forbidden,nan,0,nan,4.3217999999999999e-05,nan,nan,nan,nan,nan,initial position is outside the energy-allowed region
30,334,0.79057947804901174,-0.48499999999999999,fraction,250,0,forbidden,nan,0,nan,3.7599999999999998e-07,nan,nan,nan,nan,nan,initial position is outside the energy-allowed region
30,335,0.79058019594109474,-0.48499999999999999,fraction,250,0,forbidden,nan,0,nan,4.0499999999999999e-07,nan,nan,nan,nan,nan,initial position is outside the energy-allowed region
30,336,0.79058091383317763,-0.48499999999999999,fraction,250,0,forbidden,nan,0,nan,8.7899999999999997e-07,nan,nan,nan,nan,nan,initial position is outside the energy-allowed region
30,337,0.79058163172526064,-0.48499999999999999,fraction,250,0,forbidden,nan,0,nan,4.8500000000000002e-07,nan,nan,nan,nan,nan,initial position is outside the energy-allowed region
30,338,0.79058234961734364,-0.48499999999999999,fraction,250,0,forbidden,nan,0,nan,4.6499999999999999e-07,nan,nan,nan,nan,nan,initial position is outside the energy-allowed region
30,339,0.79058306750942664,-0.48499999999999999,fraction,250,0,forbidden,nan,0,nan,3.96e-07,nan,nan,nan,nan,nan,initial position is outside the energy-allowed region
30,340,0.79058378540150964,-0.48499999999999999,fraction,250,0,forbidden,nan,0,nan,6.4199999999999995e-07,nan,nan,nan,nan,nan,initial position is outside the energy-allowed region
30,341,0.79058450329359264,-0.48499999999999999,fraction,250,0,forbidden,nan,0,nan,0.000169123,nan,nan,nan,nan,nan,initial position is outside the energy-allowed region
31,323,0.79057158123609894,-0.46883333333333332,fraction,250,0,forbidden,nan,0,nan,1.8841000000000001e-05,nan,nan,nan,nan,nan,initial position is outside the energy-allowed region
31,324,0.79057229912818194,-0.46883333333333332,fraction,250,0,forbidden,nan,0,nan,4.15e-07,nan,nan,nan,nan,nan,initial position is outside the energy-allowed region
31,325,0.79057301702026495,-0.46883333333333332,fraction,250,0,forbidden,nan,0,nan,4.0499999999999999e-07,nan,nan,nan,nan,nan,initial position is outside the energy-allowed region
31,326,0.79057373491234784,-0.46883333333333332,fraction,250,0,forbidden,nan,0,nan,3.96e-07,nan,nan,nan,nan,nan,initial position is outside the energy-allowed region
31,327,0.79057445280443084,-0.46883333333333332,fraction,250,0,forbidden,nan,0,nan,4.2500000000000001e-07,nan,nan,nan,nan,nan,initial position is outside the energy-allowed region
31,328,0.79057517069651384,-0.46883333333333332,fraction,250,0,forbidden,nan,0,nan,6.6300000000000005e-07,nan,nan,nan,nan,nan,initial position is outside the energy-allowed region
31,329,0.79057588858859684,-0.46883333333333332,fraction,250,0,forbidden,nan,0,nan,5.6400000000000002e-07,nan,nan,nan,nan,nan,initial position is outside the energy-allowed region
31,330,0.79057660648067984,-0.46883333333333332,fraction,250,0,forbidden,nan,0,nan,4.6499999999999999e-07,nan,nan,nan,nan,nan,initial position is outside the energy-allowed region
31,331,0.79057732437276274,-0.46883333333333332,fraction,250,0,forbidden,nan,0,nan,4.15e-07,nan,nan,nan,nan,nan,initial position is outside the energy-allowed region
31,332,0.79057804226484574,-0.46883333333333332,fraction,250,0,forbidden,nan,0,nan,4.4499999999999997e-07,nan,nan,nan,nan,nan,initial position is outside the energy-allowed region
31,333,0.79057876015692874,-0.46883333333333332,fraction,250,0,forbidden,nan,0,nan,5.9250999999999999e-05,nan,nan,nan,nan,nan,initial position is outside the energy-allowed region
31,334,0.79057947804901174,-0.46883333333333332,fraction,250,0,forbidden,nan,0,nan,4.15e-07,nan,nan,nan,nan,nan,initial position is outside the energy-allowed region
31,335,0.79058019594109474,-0.46883333333333332,fraction,250,0,forbidden,nan,0,nan,3.7599999999999998e-07,nan,nan,nan,nan,nan,initial position is outside the energy-allowed region
31,336,0.79058091383317763,-0.46883333333333332,fraction,250,0,forbidden,nan,0,nan,3.96e-07,nan,nan,nan,nan,nan,initial position is outside the energy-allowed region
31,337,0.79058163172526064,-0.46883333333333332,fraction,250,0,forbidden,nan,0,nan,3.0600000000000001e-07,nan,nan,nan,nan,nan,initial position is outside the energy-allowed region
31,338,0.79058234961734364,-0.46883333333333332,fraction,250,0,forbidden,nan,0,nan,3.8599999999999999e-07,nan,nan,nan,nan,nan,initial position is outside the energy-allowed region
31,339,0.79058306750942664,-0.46883333333333332,fraction,250,0,forbidden,nan,0,nan,4.6400000000000003e-07,nan,nan,nan,nan,nan,initial position is outside the energy-allowed region
31,340,0.79058378540150964,-0.46883333333333332,fraction,250,0,forbidden,nan,0,nan,3.96e-07,nan,nan,nan,nan,nan,initial position is outside the energy-allowed region
31,341,0.79058450329359264,-0.46883333333333332,fraction,250,0,forbidden,nan,0,nan,4.8900999999999998e-05,nan,nan,nan,nan,nan,initial position is outside the energy-allowed region
32,323,0.79057158123609894,-0.45266666666666666,fraction,250,0,forbidden,nan,0,nan,1.9690999999999998e-05,nan,nan,nan,nan,nan,initial position is outside the energy-allowed region
32,324,0.79057229912818194,-0.45266666666666666,fraction,250,0,forbidden,nan,0,nan,3.7500000000000001e-07,nan,nan,nan,nan,nan,initial position is outside the energy-allowed region
32,325,0.79057301702026495,-0.45266666666666666,fraction,250,0,forbidden,nan,0,nan,4.3500000000000002e-07,nan,nan,nan,nan,nan,initial position is outside the energy-allowed region
32,326,0.79057373491234784,-0.45266666666666666,fraction,250,0,forbidden,nan,0,nan,4.15e-07,nan,nan,nan,nan,nan,initial position is outside the energy-allowed region
32,327,0.79057445280443084,-0.45266666666666666,fraction,250,0,forbidden,nan,0,nan,3.7500000000000001e-07,nan,nan,nan,nan,nan,initial position is outside the energy-allowed region
32,328,0.79057517069651384,-0.45266666666666666,fraction,250,0,forbidden,nan,0,nan,3.8599999999999999e-07,nan,nan,nan,nan,nan,initial position is outside the energy-allowed region
32,329,0.79057588858859684,-0.45266666666666666,fraction,250,0,forbidden,nan,0,nan,3.46e-07,nan,nan,nan,nan,nan,initial position is outside the energy-allowed region
32,330,0.79057660648067984,-0.45266666666666666,fraction,250,0,forbidden,nan,0,nan,3.6600000000000002e-07,nan,nan,nan,nan,nan,initial position is outside the energy-allowed region
32,331,0.79057732437276274,-0.45266666666666666,fraction,250,0,forbidden,nan,0,nan,4.15e-07,nan,nan,nan,nan,nan,initial position is outside the energy-allowed region
32,332,0.79057804226484574,-0.45266666666666666,fraction,250,0,forbidden,nan,0,nan,3.8500000000000002e-07,nan,nan,nan,nan,nan,initial position is outside the energy-allowed region
32,333,0.79057876015692874,-0.45266666666666666,fraction,250,0,forbidden,nan,0,nan,7.1774999999999996e-05,nan,nan,nan,nan,nan,initial position is outside the energy-allowed region
32,334,0.79057947804901174,-0.45266666666666666,fraction,250,0,forbidden,nan,0,nan,3.96e-07,nan,nan,nan,nan,nan,initial position is outside the energy-allowed region
32,335,0.79058019594109474,-0.45266666666666666,fraction,250,0,forbidden,nan,0,nan,3.96e-07,nan,nan,nan,nan,nan,initial position is outside the energy-allowed region
32,336,0.79058091383317763,-0.45266666666666666,fraction,250,0,forbidden,nan,0,nan,4.6499999999999999e-07,nan,nan,nan,nan,nan,initial position is outside the energy-allowed region
32,337,0.79058163172526064,-0.45266666666666666,fraction,250,0,forbidden,nan,0,nan,4.5499999999999998e-07,nan,nan,nan,nan,nan,initial position is outside the energy-allowed region
32,338,0.79058234961734364,-0.45266666666666666,fraction,250,0,forbidden,nan,0,nan,3.8599999999999999e-07,nan,nan,nan,nan,nan,initial position is outside the energy-allowed region
32,339,0.79058306750942664,-0.45266666666666666,fraction,250,0,forbidden,nan,0,nan,3.96e-07,nan,nan,nan,nan,nan,initial position is outside the energy-allowed region
32,340,0.79058378540150964,-0.45266666666666666,fraction,250,0,forbidden,nan,0,nan,7.61e-07,nan,nan,nan,nan,nan,initial position is outside the energy-allowed region
32,341,0.79058450329359264,-0.45266666666666666,fraction,250,0,forbidden,nan,0,nan,2.7233000000000002e-05,nan,nan,nan,nan,nan,initial position is outside the energy-allowed region
33,323,0.79057158123609894,-0.4365,fraction,250,0,forbidden,nan,0,nan,6.9789000000000006e-05,nan,nan,nan,nan,nan,initial position is outside the energy-allowed region
33,324,0.79057229912818194,-0.4365,fraction,250,0,forbidden,nan,0,nan,3.8500000000000002e-07,nan,nan,nan,nan,nan,initial position is outside the energy-allowed region
33,325,0.79057301702026495,-0.4365,fraction,250,0,forbidden,nan,0,nan,4.0499999999999999e-07,nan,nan,nan,nan,nan,initial position is outside the energy-allowed region
33,326,0.79057373491234784,-0.4365,fraction,250,0,forbidden,nan,0,nan,3.96e-07,nan,nan,nan,nan,nan,initial position is outside the energy-allowed region
33,327,0.79057445280443084,-0.4365,fraction,250,0,forbidden,nan,0,nan,3.8599999999999999e-07,nan,nan,nan,nan,nan,initial position is outside the energy-allowed region
33,328,0.79057517069651384,-0.4365,fraction,250,0,forbidden,nan,0,nan,4.15e-07,nan,nan,nan,nan,nan,initial position is outside the energy-allowed region
33,329,0.79057588858859684,-0.4365,fraction,250,0,forbidden,nan,0,nan,3.9499999999999998e-07,nan,nan,nan,nan,nan,initial position is outside the energy-allowed region
33,330,0.79057660648067984,-0.4365,fraction,250,0,forbidden,nan,0,nan,4.1600000000000002e-07,nan,nan,nan,nan,nan,initial position is outside the energy-allowed region
33,331,0.79057732437276274,-0.4365,fraction,250,0,forbidden,nan,0,nan,5.7400000000000003e-07,nan,nan,nan,nan,nan,initial position is outside the energy-allowed region
33,332,0.79057804226484574,-0.4365,fraction,250,0,forbidden,nan,0,nan,3.7500000000000001e-07,nan,nan,nan,nan,nan,initial position is outside the energy-allowed region
33,333,0.79057876015692874,-0.4365,fraction,250,0,forbidden,nan,0,nan,4.5470999999999999e-05,nan,nan,nan,nan,nan,initial position is outside the energy-allowed region
33,334,0.79057947804901174,-0.4365,fraction,250,0,forbidden,nan,0,nan,3.8599999999999999e-07,nan,nan,nan,nan,nan,initial position is outside the energy-allowed region
33,335,0.79058019594109474,-0.4365,fraction,250,0,forbidden,nan,0,nan,3.7599999999999998e-07,nan,nan,nan,nan,nan,initial position is outside the energy-allowed region
33,336,0.79058091383317763,-0.4365,fraction,250,0,forbidden,nan,0,nan,6.4300000000000003e-07,nan,nan,nan,nan,nan,initial position is outside the energy-allowed region
33,337,0.79058163172526064,-0.4365,fraction,250,0,forbidden,nan,0,nan,3.96e-07,nan,nan,nan,nan,nan,initial position is outside the energy-allowed region
33,338,0.79058234961734364,-0.4365,fraction,250,0,forbidden,nan,0,nan,3.9499999999999998e-07,nan,nan,nan,nan,nan,initial position is outside the energy-allowed region
33,339,0.79058306750942664,-0.4365,fraction,250,0,forbidden,nan,0,nan,4.9399999999999995e-07,nan,nan,nan,nan,nan,initial position is outside the energy-allowed region
33,340,0.79058378540150964,-0.4365,fraction,250,0,forbidden,nan,0,nan,3.9499999999999998e-07,nan,nan,nan,nan,nan,initial position is outside the energy-allowed region
33,341,0.79058450329359264,-0.4365,fraction,250,0,forbidden,nan,0,nan,9.1545999999999994e-05,nan,nan,nan,nan,nan,initial position is outside the energy-allowed region
34,323,0.79057158123609894,-0.42033333333333334,fraction,250,0,forbidden,nan,0,nan,1.8723e-05,nan,nan,nan,nan,nan,initial position is outside the energy-allowed region
34,324,0.79057229912818194,-0.42033333333333334,fraction,250,0,forbidden,nan,0,nan,3.46e-07,nan,nan,nan,nan,nan,initial position is outside the energy-allowed region
34,325,0.79057301702026495,-0.42033333333333334,fraction,250,0,forbidden,nan,0,nan,4.4499999999999997e-07,nan,nan,nan,nan,nan,initial position is outside the energy-allowed region
34,326,0.79057373491234784,-0.42033333333333334,fraction,250,0,forbidden,nan,0,nan,3.7599999999999998e-07,nan,nan,nan,nan,nan,initial position is outside the energy-allowed region
34,327,0.79057445280443084,-0.42033333333333334,fraction,250,0,forbidden,nan,0,nan,3.96e-07,nan,nan,nan,nan,nan,initial position is outside the energy-allowed region
34,328,0.79057517069651384,-0.42033333333333334,fraction,250,0,forbidden,nan,0,nan,4.6499999999999999e-07,nan,nan,nan,nan,nan,initial position is outside the energy-allowed region
34,329,0.79057588858859684,-0.42033333333333334,fraction,250,0,forbidden,nan,0,nan,5.9299999999999998e-07,nan,nan,nan,nan,nan,initial position is outside the energy-allowed region
34,330,0.79057660648067984,-0.42033333333333334,fraction,250,0,forbidden,nan,0,nan,4.9500000000000003e-07,nan,nan,nan,nan,nan,initial position is outside the energy-allowed region
34,331,0.79057732437276274,-0.42033333333333334,fraction,250,0,forbidden,nan,0,nan,3.8500000000000002e-07,nan,nan,nan,nan,nan,initial position is outside the energy-allowed region
34,332,0.79057804226484574,-0.42033333333333334,fraction,250,0,forbidden,nan,0,nan,8.2999999999999999e-07,nan,nan,nan,nan,nan,initial position is outside the energy-allowed region
34,333,0.79057876015692874,-0.42033333333333334,fraction,250,0,forbidden,nan,0,nan,3.8325000000000003e-05,nan,nan,nan,nan,nan,initial position is outside the energy-allowed region
34,334,0.79057947804901174,-0.42033333333333334,fraction,250,0,forbidden,nan,0,nan,3.8500000000000002e-07,nan,nan,nan,nan,nan,initial position is outside the energy-allowed region
34,335,0.79058019594109474,-0.42033333333333334,fraction,250,0,forbidden,nan,0,nan,3.7599999999999998e-07,nan,nan,nan,nan,nan,initial position is outside the energy-allowed region
34,336,0.79058091383317763,-0.42033333333333334,fraction,250,0,forbidden,nan,0,nan,3.6600000000000002e-07,nan,nan,nan,nan,nan,initial position is outside the energy-allowed region
34,337,0.79058163172526064,-0.42033333333333334,fraction,250,0,forbidden,nan,0,nan,3.7500000000000001e-07,nan,nan,nan,nan,nan,initial position is outside the energy-allowed region
34,338,0.79058234961734364,-0.42033333333333334,fraction,250,0,forbidden,nan,0,nan,4.2500000000000001e-07,nan,nan,nan,nan,nan,initial position is outside the energy-allowed region
34,339,0.79058306750942664,-0.42033333333333334,fraction,250,0,forbidden,nan,0,nan,4.5499999999999998e-07,nan,nan,nan,nan,nan,initial position is outside the energy-allowed region
34,340,0.79058378540150964,-0.42033333333333334,fraction,250,0,forbidden,nan,0,nan,3.5600000000000001e-07,nan,nan,nan,nan,nan,initial position is outside the energy-allowed region
34,341,0.79058450329359264,-0.42033333333333334,fraction,250,0,forbidden,nan,0,nan,4.2218999999999997e-05,nan,nan,nan,nan,nan,initial position is outside the energy-allowed region
35,323,0.79057158123609894,-0.40416666666666667,fraction,250,0,forbidden,nan,0,nan,2.1016e-05,nan,nan,nan,nan,nan,initial position is outside the energy-allowed region
35,324,0.79057229912818194,-0.40416666666666667,fraction,250,0,forbidden,nan,0,nan,6.2300000000000001e-07,nan,nan,nan,nan,nan,initial position is outside the energy-allowed region
35,325,0.79057301702026495,-0.40416666666666667,fraction,250,0,forbidden,nan,0,nan,6.2200000000000004e-07,nan,nan,nan,nan,nan,initial position is outside the energy-allowed region
35,326,0.79057373491234784,-0.40416666666666667,fraction,250,0,forbidden,nan,0,nan,3.8599999999999999e-07,nan,nan,nan,nan,nan,initial position is outside the energy-allowed region
35,327,0.79057445280443084,-0.40416666666666667,fraction,250,0,forbidden,nan,0,nan,5.44e-07,nan,nan,nan,nan,nan,initial position is outside the energy-allowed region
35,328,0.79057517069651384,-0.40416666666666667,fraction,250,0,forbidden,nan,0,nan,4.0600000000000001e-07,nan,nan,nan,nan,nan,initial position is outside the energy-allowed region
35,329,0.79057588858859684,-0.40416666666666667,fraction,250,0,forbidden,nan,0,nan,3.3599999999999999e-07,nan,nan,nan,nan,nan,initial position is outside the energy-allowed region
35,330,0.79057660648067984,-0.40416666666666667,fraction,250,0,forbidden,nan,0,nan,3.8500000000000002e-07,nan,nan,nan,nan,nan,initial position is outside the energy-allowed region
35,331,0.79057732437276274,-0.40416666666666667,fraction,250,0,forbidden,nan,0,nan,5.4300000000000003e-07,nan,nan,nan,nan,nan,initial position is outside the energy-allowed region
35,332,0.79057804226484574,-0.40416666666666667,fraction,250,0,forbidden,nan,0,nan,4.9399999999999995e-07,nan,nan,nan,nan,nan,initial position is outside the energy-allowed region
35,333,0.79057876015692874,-0.40416666666666667,fraction,250,0,forbidden,nan,0,nan,4.1734999999999999e-05,nan,nan,nan,nan,nan,initial position is outside the energy-allowed region
35,334,0.79057947804901174,-0.40416666666666667,fraction,250,0,forbidden,nan,0,nan,3.7599999999999998e-07,nan,nan,nan,nan,nan,initial position is outside the energy-allowed region
35,335,0.79058019594109474,-0.40416666666666667,fraction,250,0,forbidden,nan,0,nan,3.7500000000000001e-07,nan,nan,nan,nan,nan,initial position is outside the energy-allowed region
35,336,0.79058091383317763,-0.40416666666666667,fraction,250,0,forbidden,nan,0,nan,3.9499999999999998e-07,nan,nan,nan,nan,nan,initial position is outside the energy-allowed region
35,337,0.79058163172526064,-0.40416666666666667,fraction,250,0,forbidden,nan,0,nan,4.1600000000000002e-07,nan,nan,nan,nan,nan,initial position is outside the energy-allowed region
35,338,0.79058234961734364,-0.40416666666666667,fraction,250,0,forbidden,nan,0,nan,3.7599999999999998e-07,nan,nan,nan,nan,nan,initial position is outside the energy-allowed region
35,339,0.79058306750942664,-0.40416666666666667,fraction,250,0,forbidden,nan,0,nan,4.4400000000000001e-07,nan,nan,nan,nan,nan,initial position is outside the energy-allowed region
35,340,0.79058378540150964,-0.40416666666666667,fraction,250,0,forbidden,nan,0,nan,3.9499999999999998e-07,nan,nan,nan,nan,nan,initial position is outside the energy-allowed region
35,341,0.79058450329359264,-0.40416666666666667,fraction,250,0,forbidden,nan,0,nan,7.7569000000000002e-05,nan,nan,nan,nan,nan,initial position is outside the energy-allowed region
36,323,0.79057158123609894,-0.38800000000000001,fraction,250,0,forbidden,nan,0,nan,1.8751999999999999e-05,nan,nan,nan,nan,nan,initial position is outside the energy-allowed region
36,324,0.79057229912818194,-0.38800000000000001,fraction,250,0,forbidden,nan,0,nan,3.96e-07,nan,nan,nan,nan,nan,initial position is outside the energy-allowed region
36,325,0.79057301702026495,-0.38800000000000001,fraction,250,0,forbidden,nan,0,nan,4.0499999999999999e-07,nan,nan,nan,nan,nan,initial position is outside the energy-allowed region
36,326,0.79057373491234784,-0.38800000000000001,fraction,250,0,forbidden,nan,0,nan,3.7599999999999998e-07,nan,nan,nan,nan,nan,initial position is outside the energy-allowed region
36,327,0.79057445280443084,-0.38800000000000001,fraction,250,0,forbidden,nan,0,nan,5.0399999999999996e-07,nan,nan,nan,nan,nan,initial position is outside the energy-allowed region
36,328,0.79057517069651384,-0.38800000000000001,fraction,250,0,forbidden,nan,0,nan,3.8500000000000002e-07,nan,nan,nan,nan,nan,initial position is outside the energy-allowed region
36,329,0.79057588858859684,-0.38800000000000001,fraction,250,0,forbidden,nan,0,nan,5.5300000000000004e-07,nan,nan,nan,nan,nan,initial position is outside the energy-allowed region
36,330,0.79057660648067984,-0.38800000000000001,fraction,250,0,forbidden,nan,0,nan,3.5600000000000001e-07,nan,nan,nan,nan,nan,initial position is outside the energy-allowed region
36,331,0.79057732437276274,-0.38800000000000001,fraction,250,0,forbidden,nan,0,nan,7.2200000000000003e-07,nan,nan,nan,nan,nan,initial position is outside the energy-allowed region
36,332,0.79057804226484574,-0.38800000000000001,fraction,250,0,forbidden,nan,0,nan,5.0399999999999996e-07,nan,nan,nan,nan,nan,initial position is outside the energy-allowed region
36,333,0.79057876015692874,-0.38800000000000001,fraction,250,0,forbidden,nan,0,nan,0.000150975,nan,nan,nan,nan,nan,initial position is outside the energy-allowed region
36,334,0.79057947804901174,-0.38800000000000001,fraction,250,0,forbidden,nan,0,nan,3.7599999999999998e-07,nan,nan,nan,nan,nan,initial position is outside the energy-allowed region
36,335,0.79058019594109474,-0.38800000000000001,fraction,250,0,forbidden,nan,0,nan,3.9499999999999998e-07,nan,nan,nan,nan,nan,initial position is outside the energy-allowed region
36,336,0.79058091383317763,-0.38800000000000001,fraction,250,0,forbidden,nan,0,nan,3.7599999999999998e-07,nan,nan,nan,nan,nan,initial position is outside the energy-allowed region
36,337,0.79058163172526064,-0.38800000000000001,fraction,250,0,forbidden,nan,0,nan,3.5499999999999999e-07,nan,nan,nan,nan,nan,initial position is outside the energy-allowed region
36,338,0.79058234961734364,-0.38800000000000001,fraction,250,0,forbidden,nan,0,nan,5.0399999999999996e-07,nan,nan,nan,nan,nan,initial position is outside the energy-allowed region
36,339,0.79058306750942664,-0.38800000000000001,fraction,250,0,forbidden,nan,0,nan,7.0200000000000001e-07,nan,nan,nan,nan,nan,initial position is outside the energy-allowed region
36,340,0.79058378540150964,-0.38800000000000001,fraction,250,0,forbidden,nan,0,nan,3.96e-07,nan,nan,nan,nan,nan,initial position is outside the energy-allowed region
36,341,0.79058450329359264,-0.38800000000000001,fraction,250,0,forbidden,nan,0,nan,3.0584999999999999e-05,nan,nan,nan,nan,nan,initial position is outside the energy-allowed region
37,323,0.79057158123609894,-0.37183333333333335,fraction,250,0,forbidden,nan,0,nan,1.9443999999999999e-05,nan,nan,nan,nan,nan,initial position is outside the energy-allowed region
37,324,0.79057229912818194,-0.37183333333333335,fraction,250,0,forbidden,nan,0,nan,4.9399999999999995e-07,nan,nan,nan,nan,nan,initial position is outside the energy-allowed region
37,325,0.79057301702026495,-0.37183333333333335,fraction,250,0,forbidden,nan,0,nan,3.96e-07,nan,nan,nan,nan,nan,initial position is outside the energy-allowed region
37,326,0.79057373491234784,-0.37183333333333335,fraction,250,0,forbidden,nan,0,nan,4.1600000000000002e-07,nan,nan,nan,nan,nan,initial position is outside the energy-allowed region
37,327,0.79057445280443084,-0.37183333333333335,fraction,250,0,forbidden,nan,0,nan,9.4900000000000004e-07,nan,nan,nan,nan,nan,initial position is outside the energy-allowed region
37,328,0.79057517069651384,-0.37183333333333335,fraction,250,0,forbidden,nan,0,nan,5.4300000000000003e-07,nan,nan,nan,nan,nan,initial position is outside the energy-allowed region
37,329,0.79057588858859684,-0.37183333333333335,fraction,250,0,forbidden,nan,0,nan,4.0600000000000001e-07,nan,nan,nan,nan,nan,initial position is outside the energy-allowed region
37,330,0.79057660648067984,-0.37183333333333335,fraction,250,0,forbidden,nan,0,nan,4.8400000000000005e-07,nan,nan,nan,nan,nan,initial position is outside the energy-allowed region
37,331,0.79057732437276274,-0.37183333333333335,fraction,250,0,forbidden,nan,0,nan,3.6600000000000002e-07,nan,nan,nan,nan,nan,initial position is outside the energy-allowed region
37,332,0.79057804226484574,-0.37183333333333335,fraction,250,0,forbidden,nan,0,nan,3.96e-07,nan,nan,nan,nan,nan,initial position is outside the energy-allowed region
37,333,0.79057876015692874,-0.37183333333333335,fraction,250,0,forbidden,nan,0,nan,2.8093e-05,nan,nan,nan,nan,nan,initial position is outside the energy-allowed region
37,334,0.79057947804901174,-0.37183333333333335,fraction,250,0,forbidden,nan,0,nan,3.9499999999999998e-07,nan,nan,nan,nan,nan,initial position is outside the energy-allowed region
37,335,0.79058019594109474,-0.37183333333333335,fraction,250,0,forbidden,nan,0,nan,4.4499999999999997e-07,nan,nan,nan,nan,nan,initial position is outside the energy-allowed region
37,336,0.79058091383317763,-0.37183333333333335,fraction,250,0,forbidden,nan,0,nan,3.5600000000000001e-07,nan,nan,nan,nan,nan,initial position is outside the energy-allowed region
37,337,0.79058163172526064,-0.37183333333333335,fraction,250,0,forbidden,nan,0,nan,4.2500000000000001e-07,nan,nan,nan,nan,nan,initial position is outside the energy-allowed region
37,338,0.79058234961734364,-0.37183333333333335,fraction,250,0,forbidden,nan,0,nan,4.0499999999999999e-07,nan,nan,nan,nan,nan,initial position is outside the energy-allowed region
37,339,0.79058306750942664,-0.37183333333333335,fraction,250,0,forbidden,nan,0,nan,3.96e-07,nan,nan,nan,nan,nan,initial position is outside the energy-allowed region
37,340,0.79058378540150964,-0.37183333333333335,fraction,250,0,forbidden,nan,0,nan,3.8500000000000002e-07,nan,nan,nan,nan,nan,initial position is outside the energy-allowed region
37,341,0.79058450329359264,-0.37183333333333335,fraction,250,0,forbidden,nan,0,nan,4.7419000000000001e-05,nan,nan,nan,nan,nan,initial position is outside the energy-allowed region
38,323,0.79057158123609894,-0.35566666666666669,fraction,250,0,forbidden,nan,0,nan,3.7503999999999999e-05,nan,nan,nan,nan,nan,initial position is outside the energy-allowed region
38,324,0.79057229912818194,-0.35566666666666669,fraction,250,0,forbidden,nan,0,nan,3.96e-07,nan,nan,nan,nan,nan,initial position is outside the energy-allowed region
38,325,0.79057301702026495,-0.35566666666666669,fraction,250,0,forbidden,nan,0,nan,3.7500000000000001e-07,nan,nan,nan,nan,nan,initial position is outside the energy-allowed region
38,326,0.79057373491234784,-0.35566666666666669,fraction,250,0,forbidden,nan,0,nan,3.8599999999999999e-07,nan,nan,nan,nan,nan,initial position is outside the energy-allowed region
38,327,0.79057445280443084,-0.35566666666666669,fraction,250,0,forbidden,nan,0,nan,8.9899999999999999e-07,nan,nan,nan,nan,nan,initial position is outside the energy-allowed region
38,328,0.79057517069651384,-0.35566666666666669,fraction,250,0,forbidden,nan,0,nan,4.7399999999999998e-07,nan,nan,nan,nan,nan,initial position is outside the energy-allowed region
38,329,0.79057588858859684,-0.35566666666666669,fraction,250,0,forbidden,nan,0,nan,3.9499999999999998e-07,nan,nan,nan,nan,nan,initial position is outside the energy-allowed region
38,330,0.79057660648067984,-0.35566666666666669,fraction,250,0,forbidden,nan,0,nan,3.8500000000000002e-07,nan,nan,nan,nan,nan,initial position is outside the energy-allowed region
38,331,0.79057732437276274,-0.35566666666666669,fraction,250,0,forbidden,nan,0,nan,3.7500000000000001e-07,nan,nan,nan,nan,nan,initial position is outside the energy-allowed region
38,332,0.79057804226484574,-0.35566666666666669,fraction,250,0,forbidden,nan,0,nan,7.2200000000000003e-07,nan,nan,nan,nan,nan,initial position is outside the energy-allowed region
38,333,0.79057876015692874,-0.35566666666666669,fraction,250,0,forbidden,nan,0,nan,4.2574999999999998e-05,nan,nan,nan,nan,nan,initial position is outside the energy-allowed region
38,334,0.79057947804901174,-0.35566666666666669,fraction,250,0,forbidden,nan,0,nan,3.8500000000000002e-07,nan,nan,nan,nan,nan,initial position is outside the energy-allowed region
38,335,0.79058019594109474,-0.35566666666666669,fraction,250,0,forbidden,nan,0,nan,3.8599999999999999e-07,nan,nan,nan,nan,nan,initial position is outside the energy-allowed region
38,336,0.79058091383317763,-0.35566666666666669,fraction,250,0,forbidden,nan,0,nan,2.8700000000000002e-07,nan,nan,nan,nan,nan,initial position is outside the energy-allowed region
38,337,0.79058163172526064,-0.35566666666666669,fraction,250,0,forbidden,nan,0,nan,3.46e-07,nan,nan,nan,nan,nan,initial position is outside the energy-allowed region
38,338,0.79058234961734364,-0.35566666666666669,fraction,250,0,forbidden,nan,0,nan,5.0399999999999996e-07,nan,nan,nan,nan,nan,initial position is outside the energy-allowed region
38,339,0.79058306750942664,-0.35566666666666669,fraction,250,0,forbidden,nan,0,nan,6.7299999999999995e-07,nan,nan,nan,nan,nan,initial position is outside the energy-allowed region
38,340,0.79058378540150964,-0.35566666666666669,fraction,250,0,forbidden,nan,0,nan,3.9499999999999998e-07,nan,nan,nan,nan,nan,initial position is outside the energy-allowed region
38,341,0.79058450329359264,-0.35566666666666669,fraction,250,0,forbidden,nan,0,nan,4.2348000000000002e-05,nan,nan,nan,nan,nan,initial position is outside the energy-allowed region
39,323,0.79057158123609894,-0.33950000000000002,fraction,250,0,forbidden,nan,0,nan,1.9137e-05,nan,nan,nan,nan,nan,initial position is outside the energy-allowed region
39,324,0.79057229912818194,-0.33950000000000002,fraction,250,0,forbidden,nan,0,nan,3.96e-07,nan,nan,nan,nan,nan,initial position is outside the energy-allowed region
39,325,0.79057301702026495,-0.33950000000000002,fraction,250,0,forbidden,nan,0,nan,3.7599999999999998e-07,nan,nan,nan,nan,nan,initial position is outside the energy-allowed region
39,326,0.79057373491234784,-0.33950000000000002,fraction,250,0,forbidden,nan,0,nan,3.65e-07,nan,nan,nan,nan,nan,initial position is outside the energy-allowed region
39,327,0.79057445280443084,-0.33950000000000002,fraction,250,0,forbidden,nan,0,nan,4.3500000000000002e-07,nan,nan,nan,nan,nan,initial position is outside the energy-allowed region
39,328,0.79057517069651384,-0.33950000000000002,fraction,250,0,forbidden,nan,0,nan,4.4499999999999997e-07,nan,nan,nan,nan,nan,initial position is outside the energy-allowed region
39,329,0.79057588858859684,-0.33950000000000002,fraction,250,0,forbidden,nan,0,nan,4.0600000000000001e-07,nan,nan,nan,nan,nan,initial position is outside the energy-allowed region
39,330,0.79057660648067984,-0.33950000000000002,fraction,250,0,forbidden,nan,0,nan,4.7399999999999998e-07,nan,nan,nan,nan,nan,initial position is outside the energy-allowed region
39,331,0.79057732437276274,-0.33950000000000002,fraction,250,0,forbidden,nan,0,nan,3.9499999999999998e-07,nan,nan,nan,nan,nan,initial position is outside the energy-allowed region
39,332,0.79057804226484574,-0.33950000000000002,fraction,250,0,forbidden,nan,0,nan,4.5499999999999998e-07,nan,nan,nan,nan,nan,initial position is outside the energy-allowed region
39,333,0.79057876015692874,-0.33950000000000002,fraction,250,0,forbidden,nan,0,nan,4.5185000000000002e-05,nan,nan,nan,nan,nan,initial position is outside the energy-allowed region
39,334,0.79057947804901174,-0.33950000000000002,fraction,250,0,forbidden,nan,0,nan,4.1600000000000002e-07,nan,nan,nan,nan,nan,initial position is outside the energy-allowed region
39,335,0.79058019594109474,-0.33950000000000002,fraction,250,0,forbidden,nan,0,nan,3.7599999999999998e-07,nan,nan,nan,nan,nan,initial position is outside the energy-allowed region
39,336,0.79058091383317763,-0.33950000000000002,fraction,250,0,forbidden,nan,0,nan,3.96e-07,nan,nan,nan,nan,nan,initial position is outside the energy-allowed region
39,337,0.79058163172526064,-0.33950000000000002,fraction,250,0,forbidden,nan,0,nan,3.8599999999999999e-07,nan,nan,nan,nan,nan,initial position is outside the energy-allowed region
39,338,0.79058234961734364,-0.33950000000000002,fraction,250,0,forbidden,nan,0,nan,3.8599999999999999e-07,nan,nan,nan,nan,nan,initial position is outside the energy-allowed region
39,339,0.79058306750942664,-0.33950000000000002,fraction,250,0,forbidden,nan,0,nan,5.2399999999999998e-07,nan,nan,nan,nan,nan,initial position is outside the energy-allowed region
39,340,0.79058378540150964,-0.33950000000000002,fraction,250,0,forbidden,nan,0,nan,3.46e-07,nan,nan,nan,nan,nan,initial position is outside the energy-allowed region
39,341,0.79058450329359264,-0.33950000000000002,fraction,250,0,forbidden,nan,0,nan,0.00054518100000000005,nan,nan,nan,nan,nan,initial position is outside the energy-allowed region
40,323,0.79057158123609894,-0.32333333333333336,fraction,250,0,forbidden,nan,0,nan,1.9207000000000001e-05,nan,nan,nan,nan,nan,initial position is outside the energy-allowed region
40,324,0.79057229912818194,-0.32333333333333336,fraction,250,0,forbidden,nan,0,nan,5.7299999999999996e-07,nan,nan,nan,nan,nan,initial position is outside the energy-allowed region
40,325,0.79057301702026495,-0.32333333333333336,fraction,250,0,forbidden,nan,0,nan,3.96e-07,nan,nan,nan,nan,nan,initial position is outside the energy-allowed region
40,326,0.79057373491234784,-0.32333333333333336,fraction,250,0,forbidden,nan,0,nan,3.7599999999999998e-07,nan,nan,nan,nan,nan,initial position is outside the energy-allowed region
40,327,0.79057445280443084,-0.32333333333333336,fraction,250,0,forbidden,nan,0,nan,3.7500000000000001e-07,nan,nan,nan,nan,nan,initial position is outside the energy-allowed region
40,328,0.79057517069651384,-0.32333333333333336,fraction,250,0,forbidden,nan,0,nan,3.5600000000000001e-07,nan,nan,nan,nan,nan,initial position is outside the energy-allowed region
40,329,0.79057588858859684,-0.32333333333333336,fraction,250,0,forbidden,nan,0,nan,3.8599999999999999e-07,nan,nan,nan,nan,nan,initial position is outside the energy-allowed region
40,330,0.79057660648067984,-0.32333333333333336,fraction,250,0,forbidden,nan,0,nan,4.0499999999999999e-07,nan,nan,nan,nan,nan,initial position is outside the energy-allowed region
40,331,0.79057732437276274,-0.32333333333333336,fraction,250,0,forbidden,nan,0,nan,3.7599999999999998e-07,nan,nan,nan,nan,nan,initial position is outside the energy-allowed region
40,332,0.79057804226484574,-0.32333333333333336,fraction,250,0,forbidden,nan,0,nan,4.3500000000000002e-07,nan,nan,nan,nan,nan,initial position is outside the energy-allowed region
40,333,0.79057876015692874,-0.32333333333333336,fraction,250,0,forbidden,nan,0,nan,3.0011000000000001e-05,nan,nan,nan,nan,nan,initial position is outside the energy-allowed region
40,334,0.79057947804901174,-0.32333333333333336,fraction,250,0,forbidden,nan,0,nan,2.9700000000000003e-07,nan,nan,nan,nan,nan,initial position is outside the energy-allowed region
40,335,0.79058019594109474,-0.32333333333333336,fraction,250,0,forbidden,nan,0,nan,3.8599999999999999e-07,nan,nan,nan,nan,nan,initial position is outside the energy-allowed region
40,336,0.79058091383317763,-0.32333333333333336,fraction,250,0,forbidden,nan,0,nan,3.5600000000000001e-07,nan,nan,nan,nan,nan,initial position is outside the energy-allowed region
40,337,0.79058163172526064,-0.32333333333333336,fraction,250,0,forbidden,nan,0,nan,4.3500000000000002e-07,nan,nan,nan,nan,nan,initial position is outside the energy-allowed region
40,338,0.79058234961734364,-0.32333333333333336,fraction,250,0,forbidden,nan,0,nan,4.0499999999999999e-07,nan,nan,nan,nan,nan,initial position is outside the energy-allowed region
40,339,0.79058306750942664,-0.32333333333333336,fraction,250,0,forbidden,nan,0,nan,3.0699999999999998e-07,nan,nan,nan,nan,nan,initial position is outside the energy-allowed region
40,340,0.79058378540150964,-0.32333333333333336,fraction,250,0,forbidden,nan,0,nan,1.0380000000000001e-06,nan,nan,nan,nan,nan,initial position is outside the energy-allowed region
40,341,0.79058450329359264,-0.32333333333333336,fraction,250,0,forbidden,nan,0,nan,4.0735999999999998e-05,nan,nan,nan,nan,nan,initial position is outside the energy-allowed region
41,323,0.79057158123609894,-0.3071666666666667,fraction,250,0,forbidden,nan,0,nan,1.8841000000000001e-05,nan,nan,nan,nan,nan,initial position is outside the energy-allowed region
41,324,0.79057229912818194,-0.3071666666666667,fraction,250,0,forbidden,nan,0,nan,4.3500000000000002e-07,nan,nan,nan,nan,nan,initial position is outside the energy-allowed region
41,325,0.79057301702026495,-0.3071666666666667,fraction,250,0,forbidden,nan,0,nan,3.8500000000000002e-07,nan,nan,nan,nan,nan,initial position is outside the energy-allowed region
41,326,0.79057373491234784,-0.3071666666666667,fraction,250,0,forbidden,nan,0,nan,4.3500000000000002e-07,nan,nan,nan,nan,nan,initial position is outside the energy-allowed region
41,327,0.79057445280443084,-0.3071666666666667,fraction,250,0,forbidden,nan,0,nan,4.3500000000000002e-07,nan,nan,nan,nan,nan,initial position is outside the energy-allowed region
41,328,0.79057517069651384,-0.3071666666666667,fraction,250,0,forbidden,nan,0,nan,4.4499999999999997e-07,nan,nan,nan,nan,nan,initial position is outside the energy-allowed region
41,329,0.79057588858859684,-0.3071666666666667,fraction,250,0,forbidden,nan,0,nan,3.9499999999999998e-07,nan,nan,nan,nan,nan,initial position is outside the energy-allowed region
41,330,0.79057660648067984,-0.3071666666666667,fraction,250,0,forbidden,nan,0,nan,3.2599999999999998e-07,nan,nan,nan,nan,nan,initial position is outside the energy-allowed region
41,331,0.79057732437276274,-0.3071666666666667,fraction,250,0,forbidden,nan,0,nan,3.9499999999999998e-07,nan,nan,nan,nan,nan,initial position is outside the energy-allowed region
41,332,0.79057804226484574,-0.3071666666666667,fraction,250,0,forbidden,nan,0,nan,5.0399999999999996e-07,nan,nan,nan,nan,nan,initial position is outside the energy-allowed region
41,333,0.79057876015692874,-0.3071666666666667,fraction,250,0,forbidden,nan,0,nan,8.4704999999999996e-05,nan,nan,nan,nan,nan,initial position is outside the energy-allowed region
41,334,0.79057947804901174,-0.3071666666666667,fraction,250,0,forbidden,nan,0,nan,4.1600000000000002e-07,nan,nan,nan,nan,nan,initial position is outside the energy-allowed region
41,335,0.79058019594109474,-0.3071666666666667,fraction,250,0,forbidden,nan,0,nan,4.15e-07,nan,nan,nan,nan,nan,initial position is outside the energy-allowed region
41,336,0.79058091383317763,-0.3071666666666667,fraction,250,0,forbidden,nan,0,nan,3.8500000000000002e-07,nan,nan,nan,nan,nan,initial position is outside the energy-allowed region
41,337,0.79058163172526064,-0.3071666666666667,fraction,250,0,forbidden,nan,0,nan,3.6600000000000002e-07,nan,nan,nan,nan,nan,initial position is outside the energy-allowed region
41,338,0.79058234961734364,-0.3071666666666667,fraction,250,0,forbidden,nan,0,nan,3.8500000000000002e-07,nan,nan,nan,nan,nan,initial position is outside the energy-allowed region
41,339,0.79058306750942664,-0.3071666666666667,fraction,250,0,forbidden,nan,0,nan,3.3599999999999999e-07,nan,nan,nan,nan,nan,initial position is outside the energy-allowed region
41,340,0.79058378540150964,-0.3071666666666667,fraction,250,0,forbidden,nan,0,nan,4.4499999999999997e-07,nan,nan,nan,nan,nan,initial position is outside the energy-allowed region
41,341,0.79058450329359264,-0.3071666666666667,fraction,250,0,forbidden,nan,0,nan,2.5069e-05,nan,nan,nan,nan,nan,initial position is outside the energy-allowed region
42,323,0.79057158123609894,-0.29100000000000004,fraction,250,0,forbidden,nan,0,nan,1.9562999999999999e-05,nan,nan,nan,nan,nan,initial position is outside the energy-allowed region
42,324,0.79057229912818194,-0.29100000000000004,fraction,250,0,forbidden,nan,0,nan,4.3500000000000002e-07,nan,nan,nan,nan,nan,initial position is outside the energy-allowed region
42,325,0.79057301702026495,-0.29100000000000004,fraction,250,0,forbidden,nan,0,nan,4.8400000000000005e-07,nan,nan,nan,nan,nan,initial position is outside the energy-allowed region
42,326,0.79057373491234784,-0.29100000000000004,fraction,250,0,forbidden,nan,0,nan,4.2500000000000001e-07,nan,nan,nan,nan,nan,initial position is outside the energy-allowed region
42,327,0.79057445280443084,-0.29100000000000004,fraction,250,0,forbidden,nan,0,nan,5.3399999999999999e-07,nan,nan,nan,nan,nan,initial position is outside the energy-allowed region
42,328,0.79057517069651384,-0.29100000000000004,fraction,250,0,forbidden,nan,0,nan,3.9499999999999998e-07,nan,nan,nan,nan,nan,initial position is outside the energy-allowed region
42,329,0.79057588858859684,-0.29100000000000004,fraction,250,0,forbidden,nan,0,nan,3.9499999999999998e-07,nan,nan,nan,nan,nan,initial position is outside the energy-allowed region
42,330,0.79057660648067984,-0.29100000000000004,fraction,250,0,forbidden,nan,0,nan,4.4499999999999997e-07,nan,nan,nan,nan,nan,initial position is outside the energy-allowed region
42,331,0.79057732437276274,-0.29100000000000004,fraction,250,0,forbidden,nan,0,nan,3.7500000000000001e-07,nan,nan,nan,nan,nan,initial position is outside the energy-allowed region
42,332,0.79057804226484574,-0.29100000000000004,fraction,250,0,forbidden,nan,0,nan,3.8599999999999999e-07,nan,nan,nan,nan,nan,initial position is outside the energy-allowed region
42,333,0.79057876015692874,-0.29100000000000004,fraction,250,0,forbidden,nan,0,nan,0.00015708399999999999,nan,nan,nan,nan,nan,initial position is outside the energy-allowed region
42,334,0.79057947804901174,-0.29100000000000004,fraction,250,0,forbidden,nan,0,nan,3.8599999999999999e-07,nan,nan,nan,nan,nan,initial position is outside the energy-allowed region
42,335,0.79058019594109474,-0.29100000000000004,fraction,250,0,forbidden,nan,0,nan,3.7500000000000001e-07,nan,nan,nan,nan,nan,initial position is outside the energy-allowed region
42,336,0.79058091383317763,-0.29100000000000004,fraction,250,0,forbidden,nan,0,nan,3.8599999999999999e-07,nan,nan,nan,nan,nan,initial position is outside the energy-allowed region
42,337,0.79058163172526064,-0.29100000000000004,fraction,250,0,forbidden,nan,0,nan,4.5400000000000002e-07,nan,nan,nan,nan,nan,initial position is outside the energy-allowed region
42,338,0.79058234961734364,-0.29100000000000004,fraction,250,0,forbidden,nan,0,nan,3.9499999999999998e-07,nan,nan,nan,nan,nan,initial position is outside the energy-allowed region
42,339,0.79058306750942664,-0.29100000000000004,fraction,250,0,forbidden,nan,0,nan,4.9399999999999995e-07,nan,nan,nan,nan,nan,initial position is outside the energy-allowed region
42,340,0.79058378540150964,-0.29100000000000004,fraction,250,0,forbidden,nan,0,nan,3.8599999999999999e-07,nan,nan,nan,nan,nan,initial position is outside the energy-allowed region
42,341,0.79058450329359264,-0.29100000000000004,fraction,250,0,forbidden,nan,0,nan,2.4851e-05,nan,nan,nan,nan,nan,initial position is outside the energy-allowed region
43,323,0.79057158123609894,-0.27483333333333337,fraction,250,0,forbidden,nan,0,nan,1.9344999999999999e-05,nan,nan,nan,nan,nan,initial position is outside the energy-allowed region
43,324,0.79057229912818194,-0.27483333333333337,fraction,250,0,forbidden,nan,0,nan,3.96e-07,nan,nan,nan,nan,nan,initial position is outside the energy-allowed region
43,325,0.79057301702026495,-0.27483333333333337,fraction,250,0,forbidden,nan,0,nan,4.15e-07,nan,nan,nan,nan,nan,initial position is outside the energy-allowed region
43,326,0.79057373491234784,-0.27483333333333337,fraction,250,0,forbidden,nan,0,nan,3.96e-07,nan,nan,nan,nan,nan,initial position is outside the energy-allowed region
43,327,0.79057445280443084,-0.27483333333333337,fraction,250,0,forbidden,nan,0,nan,3.9499999999999998e-07,nan,nan,nan,nan,nan,initial position is outside the energy-allowed region
43,328,0.79057517069651384,-0.27483333333333337,fraction,250,0,forbidden,nan,0,nan,3.7599999999999998e-07,nan,nan,nan,nan,nan,initial position is outside the energy-allowed region
43,329,0.79057588858859684,-0.27483333333333337,fraction,250,0,forbidden,nan,0,nan,3.65e-07,nan,nan,nan,nan,nan,initial position is outside the energy-allowed region
43,330,0.79057660648067984,-0.27483333333333337,fraction,250,0,forbidden,nan,0,nan,3.7599999999999998e-07,nan,nan,nan,nan,nan,initial position is outside the energy-allowed region
43,331,0.79057732437276274,-0.27483333333333337,fraction,250,0,forbidden,nan,0,nan,3.96e-07,nan,nan,nan,nan,nan,initial position is outside the energy-allowed region
43,332,0.79057804226484574,-0.27483333333333337,fraction,250,0,forbidden,nan,0,nan,3.9499999999999998e-07,nan,nan,nan,nan,nan,initial position is outside the energy-allowed region
43,333,0.79057876015692874,-0.27483333333333337,fraction,250,0,forbidden,nan,0,nan,0.00020039999999999999,nan,nan,nan,nan,nan,initial position is outside the energy-allowed region
43,334,0.79057947804901174,-0.27483333333333337,fraction,250,0,forbidden,nan,0,nan,3.5600000000000001e-07,nan,nan,nan,nan,nan,initial position is outside the energy-allowed region
43,335,0.79058019594109474,-0.27483333333333337,fraction,250,0,forbidden,nan,0,nan,3.2599999999999998e-07,nan,nan,nan,nan,nan,initial position is outside the energy-allowed region
43,336,0.79058091383317763,-0.27483333333333337,fraction,250,0,forbidden,nan,0,nan,4.6499999999999999e-07,nan,nan,nan,nan,nan,initial position is outside the energy-allowed region
43,337,0.79058163172526064,-0.27483333333333337,fraction,250,0,forbidden,nan,0,nan,3.8599999999999999e-07,nan,nan,nan,nan,nan,initial position is outside the energy-allowed region
43,338,0.79058234961734364,-0.27483333333333337,fraction,250,0,forbidden,nan,0,nan,9.7900000000000007e-07,nan,nan,nan,nan,nan,initial position is outside the energy-allowed region
43,339,0.79058306750942664,-0.27483333333333337,fraction,250,0,forbidden,nan,0,nan,4.9399999999999995e-07,nan,nan,nan,nan,nan,initial position is outside the energy-allowed region
43,340,0.79058378540150964,-0.27483333333333337,fraction,250,0,forbidden,nan,0,nan,3.8500000000000002e-07,nan,nan,nan,nan,nan,initial position is outside the energy-allowed region
43,341,0.79058450329359264,-0.27483333333333337,fraction,250,0,forbidden,nan,0,nan,0.00012622299999999999,nan,nan,nan,nan,nan,initial position is outside the energy-allowed region
44,323,0.79057158123609894,-0.25866666666666671,fraction,250,0,forbidden,nan,0,nan,1.9364999999999998e-05,nan,nan,nan,nan,nan,initial position is outside the energy-allowed region
44,324,0.79057229912818194,-0.25866666666666671,fraction,250,0,forbidden,nan,0,nan,4.4400000000000001e-07,nan,nan,nan,nan,nan,initial position is outside the energy-allowed region
44,325,0.79057301702026495,-0.25866666666666671,fraction,250,0,forbidden,nan,0,nan,4.7399999999999998e-07,nan,nan,nan,nan,nan,initial position is outside the energy-allowed region
44,326,0.79057373491234784,-0.25866666666666671,fraction,250,0,forbidden,nan,0,nan,4.2500000000000001e-07,nan,nan,nan,nan,nan,initial position is outside the energy-allowed region
44,327,0.79057445280443084,-0.25866666666666671,fraction,250,0,forbidden,nan,0,nan,3.0600000000000001e-07,nan,nan,nan,nan,nan,initial position is outside the energy-allowed region
44,328,0.79057517069651384,-0.25866666666666671,fraction,250,0,forbidden,nan,0,nan,4.15e-07,nan,nan,nan,nan,nan,initial position is outside the energy-allowed region
44,329,0.79057588858859684,-0.25866666666666671,fraction,250,0,forbidden,nan,0,nan,4.0499999999999999e-07,nan,nan,nan,nan,nan,initial position is outside the energy-allowed region
44,330,0.79057660648067984,-0.25866666666666671,fraction,250,0,forbidden,nan,0,nan,3.3599999999999999e-07,nan,nan,nan,nan,nan,initial position is outside the energy-allowed region
44,331,0.79057732437276274,-0.25866666666666671,fraction,250,0,forbidden,nan,0,nan,3.8500000000000002e-07,nan,nan,nan,nan,nan,initial position is outside the energy-allowed region
44,332,0.79057804226484574,-0.25866666666666671,fraction,250,0,forbidden,nan,0,nan,3.8599999999999999e-07,nan,nan,nan,nan,nan,initial position is outside the energy-allowed region
44,333,0.79057876015692874,-0.25866666666666671,fraction,250,0,forbidden,nan,0,nan,2.5908999999999999e-05,nan,nan,nan,nan,nan,initial position is outside the energy-allowed region
44,334,0.79057947804901174,-0.25866666666666671,fraction,250,0,forbidden,nan,0,nan,3.8500000000000002e-07,nan,nan,nan,nan,nan,initial position is outside the energy-allowed region
44,335,0.79058019594109474,-0.25866666666666671,fraction,250,0,forbidden,nan,0,nan,3.65e-07,nan,nan,nan,nan,nan,initial position is outside the energy-allowed region
44,336,0.79058091383317763,-0.25866666666666671,fraction,250,0,forbidden,nan,0,nan,4.15e-07,nan,nan,nan,nan,nan,initial position is outside the energy-allowed region
44,337,0.79058163172526064,-0.25866666666666671,fraction,250,0,forbidden,nan,0,nan,4.0499999999999999e-07,nan,nan,nan,nan,nan,initial position is outside the energy-allowed region
44,338,0.79058234961734364,-0.25866666666666671,fraction,250,0,forbidden,nan,0,nan,3.7599999999999998e-07,nan,nan,nan,nan,nan,initial position is outside the energy-allowed region
44,339,0.79058306750942664,-0.25866666666666671,fraction,250,0,forbidden,nan,0,nan,5.1399999999999997e-07,nan,nan,nan,nan,nan,initial position is outside the energy-allowed region
44,340,0.79058378540150964,-0.25866666666666671,fraction,250,0,forbidden,nan,0,nan,4.3500000000000002e-07,nan,nan,nan,nan,nan,initial position is outside the energy-allowed region
44,341,0.79058450329359264,-0.25866666666666671,fraction,250,0,forbidden,nan,0,nan,4.1764000000000002e-05,nan,nan,nan,nan,nan,initial position is outside the energy-allowed region
45,323,0.79057158123609894,-0.24250000000000005,fraction,250,0,forbidden,nan,0,nan,2.0027e-05,nan,nan,nan,nan,nan,initial position is outside the energy-allowed region
45,324,0.79057229912818194,-0.24250000000000005,fraction,250,0,forbidden,nan,0,nan,3.9499999999999998e-07,nan,nan,nan,nan,nan,initial position is outside the energy-allowed region
45,325,0.79057301702026495,-0.24250000000000005,fraction,250,0,forbidden,nan,0,nan,3.9499999999999998e-07,nan,nan,nan,nan,nan,initial position is outside the energy-allowed region
45,326,0.79057373491234784,-0.24250000000000005,fraction,250,0,forbidden,nan,0,nan,3.7599999999999998e-07,nan,nan,nan,nan,nan,initial position is outside the energy-allowed region
45,327,0.79057445280443084,-0.24250000000000005,fraction,250,0,forbidden,nan,0,nan,3.7599999999999998e-07,nan,nan,nan,nan,nan,initial position is outside the energy-allowed region
45,328,0.79057517069651384,-0.24250000000000005,fraction,250,0,forbidden,nan,0,nan,3.1600000000000002e-07,nan,nan,nan,nan,nan,initial position is outside the energy-allowed region
45,329,0.79057588858859684,-0.24250000000000005,fraction,250,0,forbidden,nan,0,nan,4.15e-07,nan,nan,nan,nan,nan,initial position is outside the energy-allowed region
45,330,0.79057660648067984,-0.24250000000000005,fraction,250,0,forbidden,nan,0,nan,4.0499999999999999e-07,nan,nan,nan,nan,nan,initial position is outside the energy-allowed region
45,331,0.79057732437276274,-0.24250000000000005,fraction,250,0,forbidden,nan,0,nan,3.8500000000000002e-07,nan,nan,nan,nan,nan,initial position is outside the energy-allowed region
45,332,0.79057804226484574,-0.24250000000000005,fraction,250,0,forbidden,nan,0,nan,3.8599999999999999e-07,nan,nan,nan,nan,nan,initial position is outside the energy-allowed region
45,333,0.79057876015692874,-0.24250000000000005,fraction,250,0,forbidden,nan,0,nan,2.5069e-05,nan,nan,nan,nan,nan,initial position is outside the energy-allowed region
45,334,0.79057947804901174,-0.24250000000000005,fraction,250,0,forbidden,nan,0,nan,4.6499999999999999e-07,nan,nan,nan,nan,nan,initial position is outside the energy-allowed region
45,335,0.79058019594109474,-0.24250000000000005,fraction,250,0,forbidden,nan,0,nan,3.7599999999999998e-07,nan,nan,nan,nan,nan,initial position is outside the energy-allowed region
45,336,0.79058091383317763,-0.24250000000000005,fraction,250,0,forbidden,nan,0,nan,3.1600000000000002e-07,nan,nan,nan,nan,nan,initial position is outside the energy-allowed region
45,337,0.79058163172526064,-0.24250000000000005,fraction,250,0,forbidden,nan,0,nan,6.7199999999999998e-07,nan,nan,nan,nan,nan,initial position is outside the energy-allowed region
45,338,0.79058234961734364,-0.24250000000000005,fraction,250,0,forbidden,nan,0,nan,7.4199999999999995e-07,nan,nan,nan,nan,nan,initial position is outside the energy-allowed region
45,339,0.79058306750942664,-0.24250000000000005,fraction,250,0,forbidden,nan,0,nan,8.0999999999999997e-07,nan,nan,nan,nan,nan,initial position is outside the energy-allowed region
45,340,0.79058378540150964,-0.24250000000000005,fraction,250,0,forbidden,nan,0,nan,1.0380000000000001e-06,nan,nan,nan,nan,nan,initial position is outside the energy-allowed region
45,341,0.79058450329359264,-0.24250000000000005,fraction,250,0,forbidden,nan,0,nan,3.3559999999999997e-05,nan,nan,nan,nan,nan,initial position is outside the energy-allowed region
46,323,0.79057158123609894,-0.22633333333333339,fraction,250,0,forbidden,nan,0,nan,2.0275000000000002e-05,nan,nan,nan,nan,nan,initial position is outside the energy-allowed region
46,324,0.79057229912818194,-0.22633333333333339,fraction,250,0,forbidden,nan,0,nan,3.9499999999999998e-07,nan,nan,nan,nan,nan,initial position is outside the energy-allowed region
46,325,0.79057301702026495,-0.22633333333333339,fraction,250,0,forbidden,nan,0,nan,3.6600000000000002e-07,nan,nan,nan,nan,nan,initial position is outside the energy-allowed region
46,326,0.79057373491234784,-0.22633333333333339,fraction,250,0,forbidden,nan,0,nan,3.8599999999999999e-07,nan,nan,nan,nan,nan,initial position is outside the energy-allowed region
46,327,0.79057445280443084,-0.22633333333333339,fraction,250,0,forbidden,nan,0,nan,3.7599999999999998e-07,nan,nan,nan,nan,nan,initial position is outside the energy-allowed region
46,328,0.79057517069651384,-0.22633333333333339,fraction,250,0,forbidden,nan,0,nan,8.8000000000000004e-07,nan,nan,nan,nan,nan,initial position is outside the energy-allowed region
46,329,0.79057588858859684,-0.22633333333333339,fraction,250,0,forbidden,nan,0,nan,1.127e-06,nan,nan,nan,nan,nan,initial position is outside the energy-allowed region
46,330,0.79057660648067984,-0.22633333333333339,fraction,250,0,forbidden,nan,0,nan,7.3200000000000004e-07,nan,nan,nan,nan,nan,initial position is outside the energy-allowed region
46,331,0.79057732437276274,-0.22633333333333339,fraction,250,0,forbidden,nan,0,nan,6.92e-07,nan,nan,nan,nan,nan,initial position is outside the energy-allowed region
46,332,0.79057804226484574,-0.22633333333333339,fraction,250,0,forbidden,nan,0,nan,6.8199999999999999e-07,nan,nan,nan,nan,nan,initial position is outside the energy-allowed region
46,333,0.79057876015692874,-0.22633333333333339,fraction,250,0,forbidden,nan,0,nan,2.8518e-05,nan,nan,nan,nan,nan,initial position is outside the energy-allowed region
46,334,0.79057947804901174,-0.22633333333333339,fraction,250,0,forbidden,nan,0,nan,3.6600000000000002e-07,nan,nan,nan,nan,nan,initial position is outside the energy-allowed region
46,335,0.79058019594109474,-0.22633333333333339,fraction,250,0,forbidden,nan,0,nan,3.8500000000000002e-07,nan,nan,nan,nan,nan,initial position is outside the energy-allowed region
46,336,0.79058091383317763,-0.22633333333333339,fraction,250,0,forbidden,nan,0,nan,3.8599999999999999e-07,nan,nan,nan,nan,nan,initial position is outside the energy-allowed region
46,337,0.79058163172526064,-0.22633333333333339,fraction,250,0,forbidden,nan,0,nan,3.9499999999999998e-07,nan,nan,nan,nan,nan,initial position is outside the energy-allowed region
46,338,0.79058234961734364,-0.22633333333333339,fraction,250,0,forbidden,nan,0,nan,3.8599999999999999e-07,nan,nan,nan,nan,nan,initial position is outside the energy-allowed region
46,339,0.79058306750942664,-0.22633333333333339,fraction,250,0,forbidden,nan,0,nan,3.96e-07,nan,nan,nan,nan,nan,initial position is outside the energy-allowed region
46,340,0.79058378540150964,-0.22633333333333339,fraction,250,0,forbidden,nan,0,nan,3.8599999999999999e-07,nan,nan,nan,nan,nan,initial position is outside the energy-allowed region
46,341,0.79058450329359264,-0.22633333333333339,fraction,250,0,forbidden,nan,0,nan,2.5701e-05,nan,nan,nan,nan,nan,initial position is outside the energy-allowed region
47,323,0.79057158123609894,-0.21016666666666672,fraction,250,0,forbidden,nan,0,nan,1.8723e-05,nan,nan,nan,nan,nan,initial position is outside the energy-allowed region
47,324,0.79057229912818194,-0.21016666666666672,fraction,250,0,forbidden,nan,0,nan,4.0499999999999999e-07,nan,nan,nan,nan,nan,initial position is outside the energy-allowed region
47,325,0.79057301702026495,-0.21016666666666672,fraction,250,0,forbidden,nan,0,nan,5.8299999999999997e-07,nan,nan,nan,nan,nan,initial position is outside the energy-allowed region
47,326,0.79057373491234784,-0.21016666666666672,fraction,250,0,forbidden,nan,0,nan,9.1900000000000001e-07,nan,nan,nan,nan,nan,initial position is outside the energy-allowed region
47,327,0.79057445280443084,-0.21016666666666672,fraction,250,0,forbidden,nan,0,nan,7.0200000000000001e-07,nan,nan,nan,nan,nan,initial position is outside the energy-allowed region
47,328,0.79057517069651384,-0.21016666666666672,fraction,250,0,forbidden,nan,0,nan,3.7500000000000001e-07,nan,nan,nan,nan,nan,initial position is outside the energy-allowed region
47,329,0.79057588858859684,-0.21016666666666672,fraction,250,0,forbidden,nan,0,nan,3.65e-07,nan,nan,nan,nan,nan,initial position is outside the energy-allowed region
47,330,0.79057660648067984,-0.21016666666666672,fraction,250,0,forbidden,nan,0,nan,3.5600000000000001e-07,nan,nan,nan,nan,nan,initial position is outside the energy-allowed region
47,331,0.79057732437276274,-0.21016666666666672,fraction,250,0,forbidden,nan,0,nan,3.96e-07,nan,nan,nan,nan,nan,initial position is outside the energy-allowed region
47,332,0.79057804226484574,-0.21016666666666672,fraction,250,0,forbidden,nan,0,nan,3.8500000000000002e-07,nan,nan,nan,nan,nan,initial position is outside the energy-allowed region
47,333,0.79057876015692874,-0.21016666666666672,fraction,250,0,forbidden,nan,0,nan,2.7243e-05,nan,nan,nan,nan,nan,initial position is outside the energy-allowed region
47,334,0.79057947804901174,-0.21016666666666672,fraction,250,0,forbidden,nan,0,nan,3.3599999999999999e-07,nan,nan,nan,nan,nan,initial position is outside the energy-allowed region
47,335,0.79058019594109474,-0.21016666666666672,fraction,250,0,forbidden,nan,0,nan,3.9499999999999998e-07,nan,nan,nan,nan,nan,initial position is outside the energy-allowed region
47,336,0.79058091383317763,-0.21016666666666672,fraction,250,0,forbidden,nan,0,nan,8.2999999999999999e-07,nan,nan,nan,nan,nan,initial position is outside the energy-allowed region
47,337,0.79058163172526064,-0.21016666666666672,fraction,250,0,forbidden,nan,0,nan,5.6300000000000005e-07,nan,nan,nan,nan,nan,initial position is outside the energy-allowed region
47,338,0.79058234961734364,-0.21016666666666672,fraction,250,0,forbidden,nan,0,nan,5.3399999999999999e-07,nan,nan,nan,nan,nan,initial position is outside the energy-allowed region
47,339,0.79058306750942664,-0.21016666666666672,fraction,250,0,forbidden,nan,0,nan,8.7000000000000003e-07,nan,nan,nan,nan,nan,initial position is outside the energy-allowed region
47,340,0.79058378540150964,-0.21016666666666672,fraction,250,0,forbidden,nan,0,nan,3.96e-07,nan,nan,nan,nan,nan,initial position is outside the energy-allowed region
47,341,0.79058450329359264,-0.21016666666666672,fraction,250,0,forbidden,nan,0,nan,0.00010064999999999999,nan,nan,nan,nan,nan,initial position is outside the energy-allowed region
48,323,0.79057158123609894,-0.19399999999999995,fraction,250,0,forbidden,nan,0,nan,2.0403000000000001e-05,nan,nan,nan,nan,nan,initial position is outside the energy-allowed region
48,324,0.79057229912818194,-0.19399999999999995,fraction,250,0,forbidden,nan,0,nan,5.9299999999999998e-07,nan,nan,nan,nan,nan,initial position is outside the energy-allowed region
48,325,0.79057301702026495,-0.19399999999999995,fraction,250,0,forbidden,nan,0,nan,3.9499999999999998e-07,nan,nan,nan,nan,nan,initial position is outside the energy-allowed region
48,326,0.79057373491234784,-0.19399999999999995,fraction,250,0,forbidden,nan,0,nan,3.9499999999999998e-07,nan,nan,nan,nan,nan,initial position is outside the energy-allowed region
48,327,0.79057445280443084,-0.19399999999999995,fraction,250,0,forbidden,nan,0,nan,4.15e-07,nan,nan,nan,nan,nan,initial position is outside the energy-allowed region
48,328,0.79057517069651384,-0.19399999999999995,fraction,250,0,forbidden,nan,0,nan,3.9499999999999998e-07,nan,nan,nan,nan,nan,initial position is outside the energy-allowed region
48,329,0.79057588858859684,-0.19399999999999995,fraction,250,0,forbidden,nan,0,nan,4.3500000000000002e-07,nan,nan,nan,nan,nan,initial position is outside the energy-allowed region
48,330,0.79057660648067984,-0.19399999999999995,fraction,250,0,forbidden,nan,0,nan,5.6400000000000002e-07,nan,nan,nan,nan,nan,initial position is outside the energy-allowed region
48,331,0.79057732437276274,-0.19399999999999995,fraction,250,0,forbidden,nan,0,nan,3.65e-07,nan,nan,nan,nan,nan,initial position is outside the energy-allowed region
48,332,0.79057804226484574,-0.19399999999999995,fraction,250,0,forbidden,nan,0,nan,3.3599999999999999e-07,nan,nan,nan,nan,nan,initial position is outside the energy-allowed region
48,333,0.79057876015692874,-0.19399999999999995,fraction,250,0,forbidden,nan,0,nan,2.8566999999999999e-05,nan,nan,nan,nan,nan,initial position is outside the energy-allowed region
48,334,0.79057947804901174,-0.19399999999999995,fraction,250,0,forbidden,nan,0,nan,4.7399999999999998e-07,nan,nan,nan,nan,nan,initial position is outside the energy-allowed region
48,335,0.79058019594109474,-0.19399999999999995,fraction,250,0,forbidden,nan,0,nan,4.0600000000000001e-07,nan,nan,nan,nan,nan,initial position is outside the energy-allowed region
48,336,0.79058091383317763,-0.19399999999999995,fraction,250,0,forbidden,nan,0,nan,3.8500000000000002e-07,nan,nan,nan,nan,nan,initial position is outside the energy-allowed region
48,337,0.79058163172526064,-0.19399999999999995,fraction,250,0,forbidden,nan,0,nan,3.8599999999999999e-07,nan,nan,nan,nan,nan,initial position is outside the energy-allowed region
48,338,0.79058234961734364,-0.19399999999999995,fraction,250,0,forbidden,nan,0,nan,3.7500000000000001e-07,nan,nan,nan,nan,nan,initial position is outside the energy-allowed region
48,339,0.79058306750942664,-0.19399999999999995,fraction,250,0,forbidden,nan,0,nan,4.15e-07,nan,nan,nan,nan,nan,initial position is outside the energy-allowed region
48,340,0.79058378540150964,-0.19399999999999995,fraction,250,0,forbidden,nan,0,nan,4.75e-07,nan,nan,nan,nan,nan,initial position is outside the energy-allowed region
48,341,0.79058450329359264,-0.19399999999999995,fraction,250,0,forbidden,nan,0,nan,5.3439000000000001e-05,nan,nan,nan,nan,nan,initial position is outside the energy-allowed region
49,323,0.79057158123609894,-0.17783333333333329,fraction,250,0,forbidden,nan,0,nan,0.00012931600000000001,nan,nan,nan,nan,nan,initial position is outside the energy-allowed region
49,324,0.79057229912818194,-0.17783333333333329,fraction,250,0,forbidden,nan,0,nan,3.1699999999999999e-07,nan,nan,nan,nan,nan,initial position is outside the energy-allowed region
49,325,0.79057301702026495,-0.17783333333333329,fraction,250,0,forbidden,nan,0,nan,3.46e-07,nan,nan,nan,nan,nan,initial position is outside the energy-allowed region
49,326,0.79057373491234784,-0.17783333333333329,fraction,250,0,forbidden,nan,0,nan,6.3200000000000005e-07,nan,nan,nan,nan,nan,initial position is outside the energy-allowed region
49,327,0.79057445280443084,-0.17783333333333329,fraction,250,0,forbidden,nan,0,nan,3.96e-07,nan,nan,nan,nan,nan,initial position is outside the energy-allowed region
49,328,0.79057517069651384,-0.17783333333333329,fraction,250,0,forbidden,nan,0,nan,3.8500000000000002e-07,nan,nan,nan,nan,nan,initial position is outside the energy-allowed region
49,329,0.79057588858859684,-0.17783333333333329,fraction,250,0,forbidden,nan,0,nan,4.5499999999999998e-07,nan,nan,nan,nan,nan,initial position is outside the energy-allowed region
49,330,0.79057660648067984,-0.17783333333333329,fraction,250,0,forbidden,nan,0,nan,4.9399999999999995e-07,nan,nan,nan,nan,nan,initial position is outside the energy-allowed region
49,331,0.79057732437276274,-0.17783333333333329,fraction,250,0,forbidden,nan,0,nan,4.0499999999999999e-07,nan,nan,nan,nan,nan,initial position is outside the energy-allowed region
49,332,0.79057804226484574,-0.17783333333333329,fraction,250,0,forbidden,nan,0,nan,3.8500000000000002e-07,nan,nan,nan,nan,nan,initial position is outside the energy-allowed region
49,333,0.79057876015692874,-0.17783333333333329,fraction,250,0,forbidden,nan,0,nan,4.2446e-05,nan,nan,nan,nan,nan,initial position is outside the energy-allowed region
49,334,0.79057947804901174,-0.17783333333333329,fraction,250,0,forbidden,nan,0,nan,6.4199999999999995e-07,nan,nan,nan,nan,nan,initial position is outside the energy-allowed region
49,335,0.79058019594109474,-0.17783333333333329,fraction,250,0,forbidden,nan,0,nan,3.8500000000000002e-07,nan,nan,nan,nan,nan,initial position is outside the energy-allowed region
49,336,0.79058091383317763,-0.17783333333333329,fraction,250,0,forbidden,nan,0,nan,3.96e-07,nan,nan,nan,nan,nan,initial position is outside the energy-allowed region
49,337,0.79058163172526064,-0.17783333333333329,fraction,250,0,forbidden,nan,0,nan,4.4499999999999997e-07,nan,nan,nan,nan,nan,initial position is outside the energy-allowed region
49,338,0.79058234961734364,-0.17783333333333329,fraction,250,0,forbidden,nan,0,nan,3.8500000000000002e-07,nan,nan,nan,nan,nan,initial position is outside the energy-allowed region
49,339,0.79058306750942664,-0.17783333333333329,fraction,250,0,forbidden,nan,0,nan,3.96e-07,nan,nan,nan,nan,nan,initial position is outside the energy-allowed region
49,340,0.79058378540150964,-0.17783333333333329,fraction,250,0,forbidden,nan,0,nan,3.8599999999999999e-07,nan,nan,nan,nan,nan,initial position is outside the energy-allowed region
49,341,0.79058450329359264,-0.17783333333333329,fraction,250,0,forbidden,nan,0,nan,4.0450000000000001e-05,nan,nan,nan,nan,nan,initial position is outside the energy-allowed region
50,323,0.79057158123609894,-0.16166666666666663,fraction,250,0,forbidden,nan,0,nan,1.8573999999999999e-05,nan,nan,nan,nan,nan,initial position is outside the energy-allowed region
50,324,0.79057229912818194,-0.16166666666666663,fraction,250,0,forbidden,nan,0,nan,4.15e-07,nan,nan,nan,nan,nan,initial position is outside the energy-allowed region
50,325,0.79057301702026495,-0.16166666666666663,fraction,250,0,forbidden,nan,0,nan,3.6600000000000002e-07,nan,nan,nan,nan,nan,initial position is outside the energy-allowed region
50,326,0.79057373491234784,-0.16166666666666663,fraction,250,0,forbidden,nan,0,nan,7.5099999999999999e-07,nan,nan,nan,nan,nan,initial position is outside the energy-allowed region
50,327,0.79057445280443084,-0.16166666666666663,fraction,250,0,forbidden,nan,0,nan,3.8500000000000002e-07,nan,nan,nan,nan,nan,initial position is outside the energy-allowed region
50,328,0.79057517069651384,-0.16166666666666663,fraction,250,0,forbidden,nan,0,nan,4.0499999999999999e-07,nan,nan,nan,nan,nan,initial position is outside the energy-allowed region
50,329,0.79057588858859684,-0.16166666666666663,fraction,250,0,forbidden,nan,0,nan,3.6600000000000002e-07,nan,nan,nan,nan,nan,initial position is outside the energy-allowed region
50,330,0.79057660648067984,-0.16166666666666663,fraction,250,0,forbidden,nan,0,nan,1.98e-07,nan,nan,nan,nan,nan,initial position is outside the energy-allowed region
50,331,0.79057732437276274,-0.16166666666666663,fraction,250,0,forbidden,nan,0,nan,3.9499999999999998e-07,nan,nan,nan,nan,nan,initial position is outside the energy-allowed region
50,332,0.79057804226484574,-0.16166666666666663,fraction,250,0,forbidden,nan,0,nan,3.7599999999999998e-07,nan,nan,nan,nan,nan,initial position is outside the energy-allowed region
50,333,0.79057876015692874,-0.16166666666666663,fraction,250,0,forbidden,nan,0,nan,2.4732e-05,nan,nan,nan,nan,nan,initial position is outside the energy-allowed region
50,334,0.79057947804901174,-0.16166666666666663,fraction,250,0,forbidden,nan,0,nan,3.7500000000000001e-07,nan,nan,nan,nan,nan,initial position is outside the energy-allowed region
50,335,0.79058019594109474,-0.16166666666666663,fraction,250,0,forbidden,nan,0,nan,3.7599999999999998e-07,nan,nan,nan,nan,nan,initial position is outside the energy-allowed region
50,336,0.79058091383317763,-0.16166666666666663,fraction,250,0,forbidden,nan,0,nan,3.8500000000000002e-07,nan,nan,nan,nan,nan,initial position is outside the energy-allowed region
50,337,0.79058163172526064,-0.16166666666666663,fraction,250,0,forbidden,nan,0,nan,2.5699999999999999e-07,nan,nan,nan,nan,nan,initial position is outside the energy-allowed region
50,338,0.79058234961734364,-0.16166666666666663,fraction,250,0,forbidden,nan,0,nan,3.8599999999999999e-07,nan,nan,nan,nan,nan,initial position is outside the energy-allowed region
50,339,0.79058306750942664,-0.16166666666666663,fraction,250,0,forbidden,nan,0,nan,3.5600000000000001e-07,nan,nan,nan,nan,nan,initial position is outside the energy-allowed region
50,340,0.79058378540150964,-0.16166666666666663,fraction,250,0,forbidden,nan,0,nan,3.2599999999999998e-07,nan,nan,nan,nan,nan,initial position is outside the energy-allowed region
50,341,0.79058450329359264,-0.16166666666666663,fraction,250,0,forbidden,nan,0,nan,2.1985e-05,nan,nan,nan,nan,nan,initial position is outside the energy-allowed region
51,323,0.79057158123609894,-0.14549999999999996,fraction,250,0,forbidden,nan,0,nan,1.8406e-05,nan,nan,nan,nan,nan,initial position is outside the energy-allowed region
51,324,0.79057229912818194,-0.14549999999999996,fraction,250,0,forbidden,nan,0,nan,9.2900000000000002e-07,nan,nan,nan,nan,nan,initial position is outside the energy-allowed region
51,325,0.79057301702026495,-0.14549999999999996,fraction,250,0,forbidden,nan,0,nan,5.7400000000000003e-07,nan,nan,nan,nan,nan,initial position is outside the energy-allowed region
51,326,0.79057373491234784,-0.14549999999999996,fraction,250,0,forbidden,nan,0,nan,4.34e-07,nan,nan,nan,nan,nan,initial position is outside the energy-allowed region
51,327,0.79057445280443084,-0.14549999999999996,fraction,250,0,forbidden,nan,0,nan,3.9499999999999998e-07,nan,nan,nan,nan,nan,initial position is outside the energy-allowed region
51,328,0.79057517069651384,-0.14549999999999996,fraction,250,0,forbidden,nan,0,nan,5.6400000000000002e-07,nan,nan,nan,nan,nan,initial position is outside the energy-allowed region
51,329,0.79057588858859684,-0.14549999999999996,fraction,250,0,forbidden,nan,0,nan,8.4e-07,nan,nan,nan,nan,nan,initial position is outside the energy-allowed region
51,330,0.79057660648067984,-0.14549999999999996,fraction,250,0,forbidden,nan,0,nan,4.0499999999999999e-07,nan,nan,nan,nan,nan,initial position is outside the energy-allowed region
51,331,0.79057732437276274,-0.14549999999999996,fraction,250,0,forbidden,nan,0,nan,5.6300000000000005e-07,nan,nan,nan,nan,nan,initial position is outside the energy-allowed region
51,332,0.79057804226484574,-0.14549999999999996,fraction,250,0,forbidden,nan,0,nan,3.9499999999999998e-07,nan,nan,nan,nan,nan,initial position is outside the energy-allowed region
51,333,0.79057876015692874,-0.14549999999999996,fraction,250,0,forbidden,nan,0,nan,3.0840999999999998e-05,nan,nan,nan,nan,nan,initial position is outside the energy-allowed region
51,334,0.79057947804901174,-0.14549999999999996,fraction,250,0,forbidden,nan,0,nan,4.4400000000000001e-07,nan,nan,nan,nan,nan,initial position is outside the energy-allowed region
51,335,0.79058019594109474,-0.14549999999999996,fraction,250,0,forbidden,nan,0,nan,4.5499999999999998e-07,nan,nan,nan,nan,nan,initial position is outside the energy-allowed region
51,336,0.79058091383317763,-0.14549999999999996,fraction,250,0,forbidden,nan,0,nan,3.8500000000000002e-07,nan,nan,nan,nan,nan,initial position is outside the energy-allowed region
51,337,0.79058163172526064,-0.14549999999999996,fraction,250,0,forbidden,nan,0,nan,3.9499999999999998e-07,nan,nan,nan,nan,nan,initial position is outside the energy-allowed region
51,338,0.79058234961734364,-0.14549999999999996,fraction,250,0,forbidden,nan,0,nan,3.8599999999999999e-07,nan,nan,nan,nan,nan,initial position is outside the energy-allowed region
51,339,0.79058306750942664,-0.14549999999999996,fraction,250,0,forbidden,nan,0,nan,3.6600000000000002e-07,nan,nan,nan,nan,nan,initial position is outside the energy-allowed region
51,340,0.79058378540150964,-0.14549999999999996,fraction,250,0,forbidden,nan,0,nan,4.0499999999999999e-07,nan,nan,nan,nan,nan,initial position is outside the energy-allowed region
51,341,0.79058450329359264,-0.14549999999999996,fraction,250,0,forbidden,nan,0,nan,2.5137999999999999e-05,nan,nan,nan,nan,nan,initial position is outside the energy-allowed region
52,323,0.79057158123609894,-0.1293333333333333,fraction,250,0,forbidden,nan,0,nan,3.3677999999999998e-05,nan,nan,nan,nan,nan,initial position is outside the energy-allowed region
52,324,0.79057229912818194,-0.1293333333333333,fraction,250,0,forbidden,nan,0,nan,3.7599999999999998e-07,nan,nan,nan,nan,nan,initial position is outside the energy-allowed region
52,325,0.79057301702026495,-0.1293333333333333,fraction,250,0,forbidden,nan,0,nan,3.6600000000000002e-07,nan,nan,nan,nan,nan,initial position is outside the energy-allowed region
52,326,0.79057373491234784,-0.1293333333333333,fraction,250,0,forbidden,nan,0,nan,3.7599999999999998e-07,nan,nan,nan,nan,nan,initial position is outside the energy-allowed region
52,327,0.79057445280443084,-0.1293333333333333,fraction,250,0,forbidden,nan,0,nan,3.8599999999999999e-07,nan,nan,nan,nan,nan,initial position is outside the energy-allowed region
52,328,0.79057517069651384,-0.1293333333333333,fraction,250,0,forbidden,nan,0,nan,6.8199999999999999e-07,nan,nan,nan,nan,nan,initial position is outside the energy-allowed region
52,329,0.79057588858859684,-0.1293333333333333,fraction,250,0,forbidden,nan,0,nan,4.4400000000000001e-07,nan,nan,nan,nan,nan,initial position is outside the energy-allowed region
52,330,0.79057660648067984,-0.1293333333333333,fraction,250,0,forbidden,nan,0,nan,3.0699999999999998e-07,nan,nan,nan,nan,nan,initial position is outside the energy-allowed region
52,331,0.79057732437276274,-0.1293333333333333,fraction,250,0,forbidden,nan,0,nan,4.0499999999999999e-07,nan,nan,nan,nan,nan,initial position is outside the energy-allowed region
52,332,0.79057804226484574,-0.1293333333333333,fraction,250,0,forbidden,nan,0,nan,3.96e-07,nan,nan,nan,nan,nan,initial position is outside the energy-allowed region
52,333,0.79057876015692874,-0.1293333333333333,fraction,250,0,forbidden,nan,0,nan,2.7540000000000001e-05,nan,nan,nan,nan,nan,initial position is outside the energy-allowed region
52,334,0.79057947804901174,-0.1293333333333333,fraction,250,0,forbidden,nan,0,nan,4.1600000000000002e-07,nan,nan,nan,nan,nan,initial position is outside the energy-allowed region
52,335,0.79058019594109474,-0.1293333333333333,fraction,250,0,forbidden,nan,0,nan,3.8599999999999999e-07,nan,nan,nan,nan,nan,initial position is outside the energy-allowed region
52,336,0.79058091383317763,-0.1293333333333333,fraction,250,0,forbidden,nan,0,nan,3.96e-07,nan,nan,nan,nan,nan,initial position is outside the energy-allowed region
52,337,0.79058163172526064,-0.1293333333333333,fraction,250,0,forbidden,nan,0,nan,4.0499999999999999e-07,nan,nan,nan,nan,nan,initial position is outside the energy-allowed region
52,338,0.79058234961734364,-0.1293333333333333,fraction,250,0,forbidden,nan,0,nan,3.7599999999999998e-07,nan,nan,nan,nan,nan,initial position is outside the energy-allowed region
52,339,0.79058306750942664,-0.1293333333333333,fraction,250,0,forbidden,nan,0,nan,4.6400000000000003e-07,nan,nan,nan,nan,nan,initial position is outside the energy-allowed region
52,340,0.79058378540150964,-0.1293333333333333,fraction,250,0,forbidden,nan,0,nan,4.4499999999999997e-07,nan,nan,nan,nan,nan,initial position is outside the energy-allowed region
52,341,0.79058450329359264,-0.1293333333333333,fraction,250,0,forbidden,nan,0,nan,5.6159000000000002e-05,nan,nan,nan,nan,nan,initial position is outside the energy-allowed region
53,323,0.79057158123609894,-0.11316666666666664,fraction,250,0,forbidden,nan,0,nan,1.8821000000000002e-05,nan,nan,nan,nan,nan,initial position is outside the energy-allowed region
53,324,0.79057229912818194,-0.11316666666666664,fraction,250,0,forbidden,nan,0,nan,4.0499999999999999e-07,nan,nan,nan,nan,nan,initial position is outside the energy-allowed region
53,325,0.79057301702026495,-0.11316666666666664,fraction,250,0,forbidden,nan,0,nan,4.9500000000000003e-07,nan,nan,nan,nan,nan,initial position is outside the energy-allowed region
53,326,0.79057373491234784,-0.11316666666666664,fraction,250,0,forbidden,nan,0,nan,7.1200000000000002e-07,nan,nan,nan,nan,nan,initial position is outside the energy-allowed region
53,327,0.79057445280443084,-0.11316666666666664,fraction,250,0,forbidden,nan,0,nan,4.0499999999999999e-07,nan,nan,nan,nan,nan,initial position is outside the energy-allowed region
53,328,0.79057517069651384,-0.11316666666666664,fraction,250,0,forbidden,nan,0,nan,3.8599999999999999e-07,nan,nan,nan,nan,nan,initial position is outside the energy-allowed region
53,329,0.79057588858859684,-0.11316666666666664,fraction,250,0,forbidden,nan,0,nan,3.0600000000000001e-07,nan,nan,nan,nan,nan,initial position is outside the energy-allowed region
53,330,0.79057660648067984,-0.11316666666666664,fraction,250,0,forbidden,nan,0,nan,3.46e-07,nan,nan,nan,nan,nan,initial position is outside the energy-allowed region
53,331,0.79057732437276274,-0.11316666666666664,fraction,250,0,forbidden,nan,0,nan,3.8500000000000002e-07,nan,nan,nan,nan,nan,initial position is outside the energy-allowed region
53,332,0.79057804226484574,-0.11316666666666664,fraction,250,0,forbidden,nan,0,nan,3.9499999999999998e-07,nan,nan,nan,nan,nan,initial position is outside the energy-allowed region
53,333,0.79057876015692874,-0.11316666666666664,fraction,250,0,forbidden,nan,0,nan,0.00012376100000000001,nan,nan,nan,nan,nan,initial position is outside the energy-allowed region
53,334,0.79057947804901174,-0.11316666666666664,fraction,250,0,forbidden,nan,0,nan,6.3200000000000005e-07,nan,nan,nan,nan,nan,initial position is outside the energy-allowed region
53,335,0.79058019594109474,-0.11316666666666664,fraction,250,0,forbidden,nan,0,nan,4.8500000000000002e-07,nan,nan,nan,nan,nan,initial position is outside the energy-allowed region
53,336,0.79058091383317763,-0.11316666666666664,fraction,250,0,forbidden,nan,0,nan,3.1699999999999999e-07,nan,nan,nan,nan,nan,initial position is outside the energy-allowed region
53,337,0.79058163172526064,-0.11316666666666664,fraction,250,0,forbidden,nan,0,nan,4.15e-07,nan,nan,nan,nan,nan,initial position is outside the energy-allowed region
53,338,0.79058234961734364,-0.11316666666666664,fraction,250,0,forbidden,nan,0,nan,4.2500000000000001e-07,nan,nan,nan,nan,nan,initial position is outside the energy-allowed region
53,339,0.79058306750942664,-0.11316666666666664,fraction,250,0,forbidden,nan,0,nan,3.46e-07,nan,nan,nan,nan,nan,initial position is outside the energy-allowed region
53,340,0.79058378540150964,-0.11316666666666664,fraction,250,0,forbidden,nan,0,nan,2.8700000000000002e-07,nan,nan,nan,nan,nan,initial position is outside the energy-allowed region
53,341,0.79058450329359264,-0.11316666666666664,fraction,250,0,forbidden,nan,0,nan,2.5721e-05,nan,nan,nan,nan,nan,initial position is outside the energy-allowed region
54,323,0.79057158123609894,-0.096999999999999975,fraction,250,0,forbidden,nan,0,nan,2.5117999999999999e-05,nan,nan,nan,nan,nan,initial position is outside the energy-allowed region
54,324,0.79057229912818194,-0.096999999999999975,fraction,250,0,forbidden,nan,0,nan,5.8299999999999997e-07,nan,nan,nan,nan,nan,initial position is outside the energy-allowed region
54,325,0.79057301702026495,-0.096999999999999975,fraction,250,0,forbidden,nan,0,nan,3.6600000000000002e-07,nan,nan,nan,nan,nan,initial position is outside the energy-allowed region
54,326,0.79057373491234784,-0.096999999999999975,fraction,250,0,forbidden,nan,0,nan,3.8599999999999999e-07,nan,nan,nan,nan,nan,initial position is outside the energy-allowed region
54,327,0.79057445280443084,-0.096999999999999975,fraction,250,0,forbidden,nan,0,nan,4.0499999999999999e-07,nan,nan,nan,nan,nan,initial position is outside the energy-allowed region
54,328,0.79057517069651384,-0.096999999999999975,fraction,250,0,forbidden,nan,0,nan,3.8500000000000002e-07,nan,nan,nan,nan,nan,initial position is outside the energy-allowed region
54,329,0.79057588858859684,-0.096999999999999975,fraction,250,0,forbidden,nan,0,nan,4.9399999999999995e-07,nan,nan,nan,nan,nan,initial position is outside the energy-allowed region
54,330,0.79057660648067984,-0.096999999999999975,fraction,250,0,forbidden,nan,0,nan,9.6899999999999996e-07,nan,nan,nan,nan,nan,initial position is outside the energy-allowed region
54,331,0.79057732437276274,-0.096999999999999975,fraction,250,0,forbidden,nan,0,nan,4.6499999999999999e-07,nan,nan,nan,nan,nan,initial position is outside the energy-allowed region
54,332,0.79057804226484574,-0.096999999999999975,fraction,250,0,forbidden,nan,0,nan,3.96e-07,nan,nan,nan,nan,nan,initial position is outside the energy-allowed region
54,333,0.79057876015692874,-0.096999999999999975,fraction,250,0,forbidden,nan,0,nan,3.9817000000000002e-05,nan,nan,nan,nan,nan,initial position is outside the energy-allowed region
54,334,0.79057947804901174,-0.096999999999999975,fraction,250,0,forbidden,nan,0,nan,4.0499999999999999e-07,nan,nan,nan,nan,nan,initial position is outside the energy-allowed region
54,335,0.79058019594109474,-0.096999999999999975,fraction,250,0,forbidden,nan,0,nan,3.9499999999999998e-07,nan,nan,nan,nan,nan,initial position is outside the energy-allowed region
54,336,0.79058091383317763,-0.096999999999999975,fraction,250,0,forbidden,nan,0,nan,5.44e-07,nan,nan,nan,nan,nan,initial position is outside the energy-allowed region
54,337,0.79058163172526064,-0.096999999999999975,fraction,250,0,forbidden,nan,0,nan,5.3399999999999999e-07,nan,nan,nan,nan,nan,initial position is outside the energy-allowed region
54,338,0.79058234961734364,-0.096999999999999975,fraction,250,0,forbidden,nan,0,nan,4.0499999999999999e-07,nan,nan,nan,nan,nan,initial position is outside the energy-allowed region
54,339,0.79058306750942664,-0.096999999999999975,fraction,250,0,forbidden,nan,0,nan,3.8500000000000002e-07,nan,nan,nan,nan,nan,initial position is outside the energy-allowed region
54,340,0.79058378540150964,-0.096999999999999975,fraction,250,0,forbidden,nan,0,nan,2.8599999999999999e-07,nan,nan,nan,nan,nan,initial position is outside the energy-allowed region
54,341,0.79058450329359264,-0.096999999999999975,fraction,250,0,forbidden,nan,0,nan,2.5137999999999999e-05,nan,nan,nan,nan,nan,initial position is outside the energy-allowed region
55,323,0.79057158123609894,-0.080833333333333313,fraction,250,0,forbidden,nan,0,nan,1.9582e-05,nan,nan,nan,nan,nan,initial position is outside the energy-allowed region
55,324,0.79057229912818194,-0.080833333333333313,fraction,250,0,forbidden,nan,0,nan,4.0600000000000001e-07,nan,nan,nan,nan,nan,initial position is outside the energy-allowed region
55,325,0.79057301702026495,-0.080833333333333313,fraction,250,0,forbidden,nan,0,nan,5.0399999999999996e-07,nan,nan,nan,nan,nan,initial position is outside the energy-allowed region
55,326,0.79057373491234784,-0.080833333333333313,fraction,250,0,forbidden,nan,0,nan,4.5499999999999998e-07,nan,nan,nan,nan,nan,initial position is outside the energy-allowed region
55,327,0.79057445280443084,-0.080833333333333313,fraction,250,0,forbidden,nan,0,nan,6.6199999999999997e-07,nan,nan,nan,nan,nan,initial position is outside the energy-allowed region
55,328,0.79057517069651384,-0.080833333333333313,fraction,250,0,forbidden,nan,0,nan,6.3300000000000002e-07,nan,nan,nan,nan,nan,initial position is outside the energy-allowed region
55,329,0.79057588858859684,-0.080833333333333313,fraction,250,0,forbidden,nan,0,nan,4.7399999999999998e-07,nan,nan,nan,nan,nan,initial position is outside the energy-allowed region
55,330,0.79057660648067984,-0.080833333333333313,fraction,250,0,forbidden,nan,0,nan,3.8599999999999999e-07,nan,nan,nan,nan,nan,initial position is outside the energy-allowed region
55,331,0.79057732437276274,-0.080833333333333313,fraction,250,0,forbidden,nan,0,nan,2.9700000000000003e-07,nan,nan,nan,nan,nan,initial position is outside the energy-allowed region
55,332,0.79057804226484574,-0.080833333333333313,fraction,250,0,forbidden,nan,0,nan,3.65e-07,nan,nan,nan,nan,nan,initial position is outside the energy-allowed region
55,333,0.79057876015692874,-0.080833333333333313,fraction,250,0,forbidden,nan,0,nan,4.3810000000000002e-05,nan,nan,nan,nan,nan,initial position is outside the energy-allowed region
55,334,0.79057947804901174,-0.080833333333333313,fraction,250,0,forbidden,nan,0,nan,4.15e-07,nan,nan,nan,nan,nan,initial position is outside the energy-allowed region
55,335,0.79058019594109474,-0.080833333333333313,fraction,250,0,forbidden,nan,0,nan,3.6600000000000002e-07,nan,nan,nan,nan,nan,initial position is outside the energy-allowed region
55,336,0.79058091383317763,-0.080833333333333313,fraction,250,0,forbidden,nan,0,nan,3.8500000000000002e-07,nan,nan,nan,nan,nan,initial position is outside the energy-allowed region
55,337,0.79058163172526064,-0.080833333333333313,fraction,250,0,forbidden,nan,0,nan,3.9499999999999998e-07,nan,nan,nan,nan,nan,initial position is outside the energy-allowed region
55,338,0.79058234961734364,-0.080833333333333313,fraction,250,0,forbidden,nan,0,nan,2.0800000000000001e-07,nan,nan,nan,nan,nan,initial position is outside the energy-allowed region
55,339,0.79058306750942664,-0.080833333333333313,fraction,250,0,forbidden,nan,0,nan,5.9400000000000005e-07,nan,nan,nan,nan,nan,initial position is outside the energy-allowed region
55,340,0.79058378540150964,-0.080833333333333313,fraction,250,0,forbidden,nan,0,nan,4.0499999999999999e-07,nan,nan,nan,nan,nan,initial position is outside the energy-allowed region
55,341,0.79058450329359264,-0.080833333333333313,fraction,250,0,forbidden,nan,0,nan,4.4523e-05,nan,nan,nan,nan,nan,initial position is outside the energy-allowed region
56,323,0.79057158123609894,-0.06466666666666665,fraction,250,0,forbidden,nan,0,nan,1.8703e-05,nan,nan,nan,nan,nan,initial position is outside the energy-allowed region
56,324,0.79057229912818194,-0.06466666666666665,fraction,250,0,forbidden,nan,0,nan,3.9499999999999998e-07,nan,nan,nan,nan,nan,initial position is outside the energy-allowed region
56,325,0.79057301702026495,-0.06466666666666665,fraction,250,0,forbidden,nan,0,nan,4.0499999999999999e-07,nan,nan,nan,nan,nan,initial position is outside the energy-allowed region
56,326,0.79057373491234784,-0.06466666666666665,fraction,250,0,forbidden,nan,0,nan,3.8599999999999999e-07,nan,nan,nan,nan,nan,initial position is outside the energy-allowed region
56,327,0.79057445280443084,-0.06466666666666665,fraction,250,0,forbidden,nan,0,nan,3.5600000000000001e-07,nan,nan,nan,nan,nan,initial position is outside the energy-allowed region
56,328,0.79057517069651384,-0.06466666666666665,fraction,250,0,forbidden,nan,0,nan,3.7500000000000001e-07,nan,nan,nan,nan,nan,initial position is outside the energy-allowed region
56,329,0.79057588858859684,-0.06466666666666665,fraction,250,0,forbidden,nan,0,nan,4.0499999999999999e-07,nan,nan,nan,nan,nan,initial position is outside the energy-allowed region
56,330,0.79057660648067984,-0.06466666666666665,fraction,250,0,forbidden,nan,0,nan,3.8500000000000002e-07,nan,nan,nan,nan,nan,initial position is outside the energy-allowed region
56,331,0.79057732437276274,-0.06466666666666665,fraction,250,0,forbidden,nan,0,nan,3.96e-07,nan,nan,nan,nan,nan,initial position is outside the energy-allowed region
56,332,0.79057804226484574,-0.06466666666666665,fraction,250,0,forbidden,nan,0,nan,3.96e-07,nan,nan,nan,nan,nan,initial position is outside the energy-allowed region
56,333,0.79057876015692874,-0.06466666666666665,fraction,250,0,forbidden,nan,0,nan,0.000157093,nan,nan,nan,nan,nan,initial position is outside the energy-allowed region
56,334,0.79057947804901174,-0.06466666666666665,fraction,250,0,forbidden,nan,0,nan,3.7599999999999998e-07,nan,nan,nan,nan,nan,initial position is outside the energy-allowed region
56,335,0.79058019594109474,-0.06466666666666665,fraction,250,0,forbidden,nan,0,nan,3.9499999999999998e-07,nan,nan,nan,nan,nan,initial position is outside the energy-allowed region
56,336,0.79058091383317763,-0.06466666666666665,fraction,250,0,forbidden,nan,0,nan,4.0600000000000001e-07,nan,nan,nan,nan,nan,initial position is outside the energy-allowed region
56,337,0.79058163172526064,-0.06466666666666665,fraction,250,0,forbidden,nan,0,nan,3.8500000000000002e-07,nan,nan,nan,nan,nan,initial position is outside the energy-allowed region
56,338,0.79058234961734364,-0.06466666666666665,fraction,250,0,forbidden,nan,0,nan,2.96e-07,nan,nan,nan,nan,nan,initial position is outside the energy-allowed region
56,339,0.79058306750942664,-0.06466666666666665,fraction,250,0,forbidden,nan,0,nan,3.7500000000000001e-07,nan,nan,nan,nan,nan,initial position is outside the energy-allowed region
56,340,0.79058378540150964,-0.06466666666666665,fraction,250,0,forbidden,nan,0,nan,3.96e-07,nan,nan,nan,nan,nan,initial position is outside the energy-allowed region
56,341,0.79058450329359264,-0.06466666666666665,fraction,250,0,forbidden,nan,0,nan,8.5486000000000001e-05,nan,nan,nan,nan,nan,initial position is outside the energy-allowed region
57,323,0.79057158123609894,-0.048499999999999988,fraction,250,0,forbidden,nan,0,nan,2.0293999999999999e-05,nan,nan,nan,nan,nan,initial position is outside the energy-allowed region
57,324,0.79057229912818194,-0.048499999999999988,fraction,250,0,forbidden,nan,0,nan,4.6499999999999999e-07,nan,nan,nan,nan,nan,initial position is outside the energy-allowed region
57,325,0.79057301702026495,-0.048499999999999988,fraction,250,0,forbidden,nan,0,nan,5.0399999999999996e-07,nan,nan,nan,nan,nan,initial position is outside the energy-allowed region
57,326,0.79057373491234784,-0.048499999999999988,fraction,250,0,forbidden,nan,0,nan,3.7599999999999998e-07,nan,nan,nan,nan,nan,initial position is outside the energy-allowed region
57,327,0.79057445280443084,-0.048499999999999988,fraction,250,0,forbidden,nan,0,nan,4.0499999999999999e-07,nan,nan,nan,nan,nan,initial position is outside the energy-allowed region
57,328,0.79057517069651384,-0.048499999999999988,fraction,250,0,forbidden,nan,0,nan,3.7599999999999998e-07,nan,nan,nan,nan,nan,initial position is outside the energy-allowed region
57,329,0.79057588858859684,-0.048499999999999988,fraction,250,0,forbidden,nan,0,nan,3.8599999999999999e-07,nan,nan,nan,nan,nan,initial position is outside the energy-allowed region
57,330,0.79057660648067984,-0.048499999999999988,fraction,250,0,forbidden,nan,0,nan,3.8500000000000002e-07,nan,nan,nan,nan,nan,initial position is outside the energy-allowed region
57,331,0.79057732437276274,-0.048499999999999988,fraction,250,0,forbidden,nan,0,nan,4.8400000000000005e-07,nan,nan,nan,nan,nan,initial position is outside the energy-allowed region
57,332,0.79057804226484574,-0.048499999999999988,fraction,250,0,forbidden,nan,0,nan,4.6400000000000003e-07,nan,nan,nan,nan,nan,initial position is outside the energy-allowed region
57,333,0.79057876015692874,-0.048499999999999988,fraction,250,0,forbidden,nan,0,nan,2.8597000000000001e-05,nan,nan,nan,nan,nan,initial position is outside the energy-allowed region
57,334,0.79057947804901174,-0.048499999999999988,fraction,250,0,forbidden,nan,0,nan,4.8400000000000005e-07,nan,nan,nan,nan,nan,initial position is outside the energy-allowed region
57,335,0.79058019594109474,-0.048499999999999988,fraction,250,0,forbidden,nan,0,nan,7.3200000000000004e-07,nan,nan,nan,nan,nan,initial position is outside the energy-allowed region
57,336,0.79058091383317763,-0.048499999999999988,fraction,250,0,forbidden,nan,0,nan,4.5400000000000002e-07,nan,nan,nan,nan,nan,initial position is outside the energy-allowed region
57,337,0.79058163172526064,-0.048499999999999988,fraction,250,0,forbidden,nan,0,nan,4.8400000000000005e-07,nan,nan,nan,nan,nan,initial position is outside the energy-allowed region
57,338,0.79058234961734364,-0.048499999999999988,fraction,250,0,forbidden,nan,0,nan,4.7399999999999998e-07,nan,nan,nan,nan,nan,initial position is outside the energy-allowed region
57,339,0.79058306750942664,-0.048499999999999988,fraction,250,0,forbidden,nan,0,nan,4.0600000000000001e-07,nan,nan,nan,nan,nan,initial position is outside the energy-allowed region
57,340,0.79058378540150964,-0.048499999999999988,fraction,250,0,forbidden,nan,0,nan,4.4400000000000001e-07,nan,nan,nan,nan,nan,initial position is outside the energy-allowed region
57,341,0.79058450329359264,-0.048499999999999988,fraction,250,0,forbidden,nan,0,nan,4.1774999999999999e-05,nan,nan,nan,nan,nan,initial position is outside the energy-allowed region
58,323,0.79057158123609894,-0.032333333333333325,fraction,250,0,forbidden,nan,0,nan,1.9247000000000001e-05,nan,nan,nan,nan,nan,initial position is outside the energy-allowed region
58,324,0.79057229912818194,-0.032333333333333325,fraction,250,0,forbidden,nan,0,nan,3.9499999999999998e-07,nan,nan,nan,nan,nan,initial position is outside the energy-allowed region
58,325,0.79057301702026495,-0.032333333333333325,fraction,250,0,forbidden,nan,0,nan,3.5600000000000001e-07,nan,nan,nan,nan,nan,initial position is outside the energy-allowed region
58,326,0.79057373491234784,-0.032333333333333325,fraction,250,0,forbidden,nan,0,nan,7.5199999999999996e-07,nan,nan,nan,nan,nan,initial position is outside the energy-allowed region
58,327,0.79057445280443084,-0.032333333333333325,fraction,250,0,forbidden,nan,0,nan,4.9500000000000003e-07,nan,nan,nan,nan,nan,initial position is outside the energy-allowed region
58,328,0.79057517069651384,-0.032333333333333325,fraction,250,0,forbidden,nan,0,nan,4.5499999999999998e-07,nan,nan,nan,nan,nan,initial position is outside the energy-allowed region
58,329,0.79057588858859684,-0.032333333333333325,fraction,250,0,forbidden,nan,0,nan,3.9499999999999998e-07,nan,nan,nan,nan,nan,initial position is outside the energy-allowed region
58,330,0.79057660648067984,-0.032333333333333325,fraction,250,0,forbidden,nan,0,nan,3.9499999999999998e-07,nan,nan,nan,nan,nan,initial position is outside the energy-allowed region
58,331,0.79057732437276274,-0.032333333333333325,fraction,250,0,forbidden,nan,0,nan,3.8500000000000002e-07,nan,nan,nan,nan,nan,initial position is outside the energy-allowed region
58,332,0.79057804226484574,-0.032333333333333325,fraction,250,0,forbidden,nan,0,nan,3.2599999999999998e-07,nan,nan,nan,nan,nan,initial position is outside the energy-allowed region
58,333,0.79057876015692874,-0.032333333333333325,fraction,250,0,forbidden,nan,0,nan,2.8558e-05,nan,nan,nan,nan,nan,initial position is outside the energy-allowed region
58,334,0.79057947804901174,-0.032333333333333325,fraction,250,0,forbidden,nan,0,nan,4.3500000000000002e-07,nan,nan,nan,nan,nan,initial position is outside the energy-allowed region
58,335,0.79058019594109474,-0.032333333333333325,fraction,250,0,forbidden,nan,0,nan,3.5600000000000001e-07,nan,nan,nan,nan,nan,initial position is outside the energy-allowed region
58,336,0.79058091383317763,-0.032333333333333325,fraction,250,0,forbidden,nan,0,nan,4.15e-07,nan,nan,nan,nan,nan,initial position is outside the energy-allowed region
58,337,0.79058163172526064,-0.032333333333333325,fraction,250,0,forbidden,nan,0,nan,3.27e-07,nan,nan,nan,nan,nan,initial position is outside the energy-allowed region
58,338,0.79058234961734364,-0.032333333333333325,fraction,250,0,forbidden,nan,0,nan,5.2399999999999998e-07,nan,nan,nan,nan,nan,initial position is outside the energy-allowed region
58,339,0.79058306750942664,-0.032333333333333325,fraction,250,0,forbidden,nan,0,nan,3.8599999999999999e-07,nan,nan,nan,nan,nan,initial position is outside the energy-allowed region
58,340,0.79058378540150964,-0.032333333333333325,fraction,250,0,forbidden,nan,0,nan,3.8599999999999999e-07,nan,nan,nan,nan,nan,initial position is outside the energy-allowed region
58,341,0.79058450329359264,-0.032333333333333325,fraction,250,0,forbidden,nan,0,nan,2.6373999999999999e-05,nan,nan,nan,nan,nan,initial position is outside the energy-allowed region
59,323,0.79057158123609894,-0.016166666666666663,fraction,250,0,forbidden,nan,0,nan,4.1043e-05,nan,nan,nan,nan,nan,initial position is outside the energy-allowed region
59,324,0.79057229912818194,-0.016166666666666663,fraction,250,0,forbidden,nan,0,nan,6.5300000000000004e-07,nan,nan,nan,nan,nan,initial position is outside the energy-allowed region
59,325,0.79057301702026495,-0.016166666666666663,fraction,250,0,forbidden,nan,0,nan,4.3500000000000002e-07,nan,nan,nan,nan,nan,initial position is outside the energy-allowed region
59,326,0.79057373491234784,-0.016166666666666663,fraction,250,0,forbidden,nan,0,nan,3.8599999999999999e-07,nan,nan,nan,nan,nan,initial position is outside the energy-allowed region
59,327,0.79057445280443084,-0.016166666666666663,fraction,250,0,forbidden,nan,0,nan,5.44e-07,nan,nan,nan,nan,nan,initial position is outside the energy-allowed region
59,328,0.79057517069651384,-0.016166666666666663,fraction,250,0,forbidden,nan,0,nan,4.3500000000000002e-07,nan,nan,nan,nan,nan,initial position is outside the energy-allowed region
59,329,0.79057588858859684,-0.016166666666666663,fraction,250,0,forbidden,nan,0,nan,4.2500000000000001e-07,nan,nan,nan,nan,nan,initial position is outside the energy-allowed region
59,330,0.79057660648067984,-0.016166666666666663,fraction,250,0,forbidden,nan,0,nan,5.3399999999999999e-07,nan,nan,nan,nan,nan,initial position is outside the energy-allowed region
59,331,0.79057732437276274,-0.016166666666666663,fraction,250,0,forbidden,nan,0,nan,3.6600000000000002e-07,nan,nan,nan,nan,nan,initial position is outside the energy-allowed region
59,332,0.79057804226484574,-0.016166666666666663,fraction,250,0,forbidden,nan,0,nan,3.6600000000000002e-07,nan,nan,nan,nan,nan,initial position is outside the energy-allowed region
59,333,0.79057876015692874,-0.016166666666666663,fraction,250,0,forbidden,nan,0,nan,2.8676000000000001e-05,nan,nan,nan,nan,nan,initial position is outside the energy-allowed region
59,334,0.79057947804901174,-0.016166666666666663,fraction,250,0,forbidden,nan,0,nan,3.3599999999999999e-07,nan,nan,nan,nan,nan,initial position is outside the energy-allowed region
59,335,0.79058019594109474,-0.016166666666666663,fraction,250,0,forbidden,nan,0,nan,4.5400000000000002e-07,nan,nan,nan,nan,nan,initial position is outside the energy-allowed region
59,336,0.79058091383317763,-0.016166666666666663,fraction,250,0,forbidden,nan,0,nan,4.0600000000000001e-07,nan,nan,nan,nan,nan,initial position is outside the energy-allowed region
59,337,0.79058163172526064,-0.016166666666666663,fraction,250,0,forbidden,nan,0,nan,3.7500000000000001e-07,nan,nan,nan,nan,nan,initial position is outside the energy-allowed region
59,338,0.79058234961734364,-0.016166666666666663,fraction,250,0,forbidden,nan,0,nan,4.0600000000000001e-07,nan,nan,nan,nan,nan,initial position is outside the energy-allowed region
59,339,0.79058306750942664,-0.016166666666666663,fraction,250,0,forbidden,nan,0,nan,3.3700000000000001e-07,nan,nan,nan,nan,nan,initial position is outside the energy-allowed region
59,340,0.79058378540150964,-0.016166666666666663,fraction,250,0,forbidden,nan,0,nan,2.7700000000000001e-07,nan,nan,nan,nan,nan,initial position is outside the energy-allowed region
59,341,0.79058450329359264,-0.016166666666666663,fraction,250,0,forbidden,nan,0,nan,4.2120999999999999e-05,nan,nan,nan,nan,nan,initial position is outside the energy-allowed region
60,323,0.79057158123609894,0,fraction,250,0,forbidden,nan,0,nan,3.8413e-05,nan,nan,nan,nan,nan,initial position is outside the energy-allowed region
60,324,0.79057229912818194,0,fraction,250,0,forbidden,nan,0,nan,3.8599999999999999e-07,nan,nan,nan,nan,nan,initial position is outside the energy-allowed region
60,325,0.79057301702026495,0,fraction,250,0,forbidden,nan,0,nan,3.8500000000000002e-07,nan,nan,nan,nan,nan,initial position is outside the energy-allowed region
60,326,0.79057373491234784,0,fraction,250,0,forbidden,nan,0,nan,3.8599999999999999e-07,nan,nan,nan,nan,nan,initial position is outside the energy-allowed region
60,327,0.79057445280443084,0,fraction,250,0,forbidden,nan,0,nan,4.0600000000000001e-07,nan,nan,nan,nan,nan,initial position is outside the energy-allowed region
60,328,0.79057517069651384,0,fraction,250,0,forbidden,nan,0,nan,5.3399999999999999e-07,nan,nan,nan,nan,nan,initial position is outside the energy-allowed region
60,329,0.79057588858859684,0,fraction,250,0,forbidden,nan,0,nan,3.6600000000000002e-07,nan,nan,nan,nan,nan,initial position is outside the energy-allowed region
60,330,0.79057660648067984,0,fraction,250,0,forbidden,nan,0,nan,3.96e-07,nan,nan,nan,nan,nan,initial position is outside the energy-allowed region
60,331,0.79057732437276274,0,fraction,250,0,forbidden,nan,0,nan,3.9499999999999998e-07,nan,nan,nan,nan,nan,initial position is outside the energy-allowed region
60,332,0.79057804226484574,0,fraction,250,0,forbidden,nan,0,nan,5.0399999999999996e-07,nan,nan,nan,nan,nan,initial position is outside the energy-allowed region
60,333,0.79057876015692874,0,fraction,250,0,forbidden,nan,0,nan,0.000111904,nan,nan,nan,nan,nan,initial position is outside the energy-allowed region
60,334,0.79057947804901174,0,fraction,250,0,forbidden,nan,0,nan,3.9499999999999998e-07,nan,nan,nan,nan,nan,initial position is outside the energy-allowed region
60,335,0.79058019594109474,0,fraction,250,0,forbidden,nan,0,nan,4.0499999999999999e-07,nan,nan,nan,nan,nan,initial position is outside the energy-allowed region
60,336,0.79058091383317763,0,fraction,250,0,forbidden,nan,0,nan,8.2099999999999995e-07,nan,nan,nan,nan,nan,initial position is outside the energy-allowed region
60,337,0.79058163172526064,0,fraction,250,0,forbidden,nan,0,nan,3.8500000000000002e-07,nan,nan,nan,nan,nan,initial position is outside the energy-allowed region
60,338,0.79058234961734364,0,fraction,250,0,forbidden,nan,0,nan,2.96e-07,nan,nan,nan,nan,nan,initial position is outside the energy-allowed region
60,339,0.79058306750942664,0,fraction,250,0,forbidden,nan,0,nan,2.9700000000000003e-07,nan,nan,nan,nan,nan,initial position is outside the energy-allowed region
60,340,0.79058378540150964,0,fraction,250,0,forbidden,nan,0,nan,3.8599999999999999e-07,nan,nan,nan,nan,nan,initial position is outside the energy-allowed region
60,341,0.79058450329359264,0,fraction,250,0,forbidden,nan,0,nan,4.1922999999999998e-05,nan,nan,nan,nan,nan,initial position is outside the energy-allowed region
61,323,0.79057158123609894,0.016166666666666663,fraction,250,0,forbidden,nan,0,nan,1.9928999999999998e-05,nan,nan,nan,nan,nan,initial position is outside the energy-allowed region
61,324,0.79057229912818194,0.016166666666666663,fraction,250,0,forbidden,nan,0,nan,3.3700000000000001e-07,nan,nan,nan,nan,nan,initial position is outside the energy-allowed region
61,325,0.79057301702026495,0.016166666666666663,fraction,250,0,forbidden,nan,0,nan,4.8400000000000005e-07,nan,nan,nan,nan,nan,initial position is outside the energy-allowed region
61,326,0.79057373491234784,0.016166666666666663,fraction,250,0,forbidden,nan,0,nan,7.2200000000000003e-07,nan,nan,nan,nan,nan,initial position is outside the energy-allowed region
61,327,0.79057445280443084,0.016166666666666663,fraction,250,0,forbidden,nan,0,nan,4.0499999999999999e-07,nan,nan,nan,nan,nan,initial position is outside the energy-allowed region
61,328,0.79057517069651384,0.016166666666666663,fraction,250,0,forbidden,nan,0,nan,3.7599999999999998e-07,nan,nan,nan,nan,nan,initial position is outside the energy-allowed region
61,329,0.79057588858859684,0.016166666666666663,fraction,250,0,forbidden,nan,0,nan,4.7399999999999998e-07,nan,nan,nan,nan,nan,initial position is outside the energy-allowed region
61,330,0.79057660648067984,0.016166666666666663,fraction,250,0,forbidden,nan,0,nan,4.3500000000000002e-07,nan,nan,nan,nan,nan,initial position is outside the energy-allowed region
61,331,0.79057732437276274,0.016166666666666663,fraction,250,0,forbidden,nan,0,nan,4.0499999999999999e-07,nan,nan,nan,nan,nan,initial position is outside the energy-allowed region
61,332,0.79057804226484574,0.016166666666666663,fraction,250,0,forbidden,nan,0,nan,3.0600000000000001e-07,nan,nan,nan,nan,nan,initial position is outside the energy-allowed region
61,333,0.79057876015692874,0.016166666666666663,fraction,250,0,forbidden,nan,0,nan,3.6831e-05,nan,nan,nan,nan,nan,initial position is outside the energy-allowed region
61,334,0.79057947804901174,0.016166666666666663,fraction,250,0,forbidden,nan,0,nan,3.96e-07,nan,nan,nan,nan,nan,initial position is outside the energy-allowed region
61,335,0.79058019594109474,0.016166666666666663,fraction,250,0,forbidden,nan,0,nan,3.9499999999999998e-07,nan,nan,nan,nan,nan,initial position is outside the energy-allowed region
61,336,0.79058091383317763,0.016166666666666663,fraction,250,0,forbidden,nan,0,nan,3.7599999999999998e-07,nan,nan,nan,nan,nan,initial position is outside the energy-allowed region
61,337,0.79058163172526064,0.016166666666666663,fraction,250,0,forbidden,nan,0,nan,3.7599999999999998e-07,nan,nan,nan,nan,nan,initial position is outside the energy-allowed region
61,338,0.79058234961734364,0.016166666666666663,fraction,250,0,forbidden,nan,0,nan,8.8000000000000004e-07,nan,nan,nan,nan,nan,initial position is outside the energy-allowed region
61,339,0.79058306750942664,0.016166666666666663,fraction,250,0,forbidden,nan,0,nan,3.8599999999999999e-07,nan,nan,nan,nan,nan,initial position is outside the energy-allowed region
61,340,0.79058378540150964,0.016166666666666663,fraction,250,0,forbidden,nan,0,nan,4.5400000000000002e-07,nan,nan,nan,nan,nan,initial position is outside the energy-allowed region
61,341,0.79058450329359264,0.016166666666666663,fraction,250,0,forbidden,nan,0,nan,2.8449000000000002e-05,nan,nan,nan,nan,nan,initial position is outside the energy-allowed region
62,323,0.79057158123609894,0.032333333333333325,fraction,250,0,forbidden,nan,0,nan,1.8495000000000002e-05,nan,nan,nan,nan,nan,initial position is outside the energy-allowed region
62,324,0.79057229912818194,0.032333333333333325,fraction,250,0,forbidden,nan,0,nan,3.9499999999999998e-07,nan,nan,nan,nan,nan,initial position is outside the energy-allowed region
62,325,0.79057301702026495,0.032333333333333325,fraction,250,0,forbidden,nan,0,nan,3.9499999999999998e-07,nan,nan,nan,nan,nan,initial position is outside the energy-allowed region
62,326,0.79057373491234784,0.032333333333333325,fraction,250,0,forbidden,nan,0,nan,3.8500000000000002e-07,nan,nan,nan,nan,nan,initial position is outside the energy-allowed region
62,327,0.79057445280443084,0.032333333333333325,fraction,250,0,forbidden,nan,0,nan,3.9499999999999998e-07,nan,nan,nan,nan,nan,initial position is outside the energy-allowed region
62,328,0.79057517069651384,0.032333333333333325,fraction,250,0,forbidden,nan,0,nan,3.96e-07,nan,nan,nan,nan,nan,initial position is outside the energy-allowed region
62,329,0.79057588858859684,0.032333333333333325,fraction,250,0,forbidden,nan,0,nan,4.5499999999999998e-07,nan,nan,nan,nan,nan,initial position is outside the energy-allowed region
62,330,0.79057660648067984,0.032333333333333325,fraction,250,0,forbidden,nan,0,nan,4.0499999999999999e-07,nan,nan,nan,nan,nan,initial position is outside the energy-allowed region
62,331,0.79057732437276274,0.032333333333333325,fraction,250,0,forbidden,nan,0,nan,3.96e-07,nan,nan,nan,nan,nan,initial position is outside the energy-allowed region
62,332,0.79057804226484574,0.032333333333333325,fraction,250,0,forbidden,nan,0,nan,3.8599999999999999e-07,nan,nan,nan,nan,nan,initial position is outside the energy-allowed region
62,333,0.79057876015692874,0.032333333333333325,fraction,250,0,forbidden,nan,0,nan,6.5864000000000005e-05,nan,nan,nan,nan,nan,initial position is outside the energy-allowed region
62,334,0.79057947804901174,0.032333333333333325,fraction,250,0,forbidden,nan,0,nan,4.15e-07,nan,nan,nan,nan,nan,initial position is outside the energy-allowed region
62,335,0.79058019594109474,0.032333333333333325,fraction,250,0,forbidden,nan,0,nan,3.8500000000000002e-07,nan,nan,nan,nan,nan,initial position is outside the energy-allowed region
62,336,0.79058091383317763,0.032333333333333325,fraction,250,0,forbidden,nan,0,nan,3.8599999999999999e-07,nan,nan,nan,nan,nan,initial position is outside the energy-allowed region
62,337,0.79058163172526064,0.032333333333333325,fraction,250,0,forbidden,nan,0,nan,3.8500000000000002e-07,nan,nan,nan,nan,nan,initial position is outside the energy-allowed region
62,338,0.79058234961734364,0.032333333333333325,fraction,250,0,forbidden,nan,0,nan,3.8599999999999999e-07,nan,nan,nan,nan,nan,initial position is outside the energy-allowed region
62,339,0.79058306750942664,0.032333333333333325,fraction,250,0,forbidden,nan,0,nan,4.5499999999999998e-07,nan,nan,nan,nan,nan,initial position is outside the energy-allowed region
62,340,0.79058378540150964,0.032333333333333325,fraction,250,0,forbidden,nan,0,nan,3.6600000000000002e-07,nan,nan,nan,nan,nan,initial position is outside the energy-allowed region
62,341,0.79058450329359264,0.032333333333333325,fraction,250,0,forbidden,nan,0,nan,2.4654000000000001e-05,nan,nan,nan,nan,nan,initial position is outside the energy-allowed region
63,323,0.79057158123609894,0.048499999999999988,fraction,250,0,forbidden,nan,0,nan,1.9187000000000001e-05,nan,nan,nan,nan,nan,initial position is outside the energy-allowed region
63,324,0.79057229912818194,0.048499999999999988,fraction,250,0,forbidden,nan,0,nan,3.7599999999999998e-07,nan,nan,nan,nan,nan,initial position is outside the energy-allowed region
63,325,0.79057301702026495,0.048499999999999988,fraction,250,0,forbidden,nan,0,nan,5.7299999999999996e-07,nan,nan,nan,nan,nan,initial position is outside the energy-allowed region
63,326,0.79057373491234784,0.048499999999999988,fraction,250,0,forbidden,nan,0,nan,3.9499999999999998e-07,nan,nan,nan,nan,nan,initial position is outside the energy-allowed region
63,327,0.79057445280443084,0.048499999999999988,fraction,250,0,forbidden,nan,0,nan,3.7599999999999998e-07,nan,nan,nan,nan,nan,initial position is outside the energy-allowed region
63,328,0.79057517069651384,0.048499999999999988,fraction,250,0,forbidden,nan,0,nan,3.46e-07,nan,nan,nan,nan,nan,initial position is outside the energy-allowed region
63,329,0.79057588858859684,0.048499999999999988,fraction,250,0,forbidden,nan,0,nan,3.9499999999999998e-07,nan,nan,nan,nan,nan,initial position is outside the energy-allowed region
63,330,0.79057660648067984,0.048499999999999988,fraction,250,0,forbidden,nan,0,nan,5.9299999999999998e-07,nan,nan,nan,nan,nan,initial position is outside the energy-allowed region
63,331,0.79057732437276274,0.048499999999999988,fraction,250,0,forbidden,nan,0,nan,2.96e-07,nan,nan,nan,nan,nan,initial position is outside the energy-allowed region
63,332,0.79057804226484574,0.048499999999999988,fraction,250,0,forbidden,nan,0,nan,3.8599999999999999e-07,nan,nan,nan,nan,nan,initial position is outside the energy-allowed region
63,333,0.79057876015692874,0.048499999999999988,fraction,250,0,forbidden,nan,0,nan,2.406e-05,nan,nan,nan,nan,nan,initial position is outside the energy-allowed region
63,334,0.79057947804901174,0.048499999999999988,fraction,250,0,forbidden,nan,0,nan,4.7399999999999998e-07,nan,nan,nan,nan,nan,initial position is outside the energy-allowed region
63,335,0.79058019594109474,0.048499999999999988,fraction,250,0,forbidden,nan,0,nan,4.0499999999999999e-07,nan,nan,nan,nan,nan,initial position is outside the energy-allowed region
63,336,0.79058091383317763,0.048499999999999988,fraction,250,0,forbidden,nan,0,nan,5.6300000000000005e-07,nan,nan,nan,nan,nan,initial position is outside the energy-allowed region
63,337,0.79058163172526064,0.048499999999999988,fraction,250,0,forbidden,nan,0,nan,4.2500000000000001e-07,nan,nan,nan,nan,nan,initial position is outside the energy-allowed region
63,338,0.79058234961734364,0.048499999999999988,fraction,250,0,forbidden,nan,0,nan,4.2500000000000001e-07,nan,nan,nan,nan,nan,initial position is outside the energy-allowed region
63,339,0.79058306750942664,0.048499999999999988,fraction,250,0,forbidden,nan,0,nan,4.0600000000000001e-07,nan,nan,nan,nan,nan,initial position is outside the energy-allowed region
63,340,0.79058378540150964,0.048499999999999988,fraction,250,0,forbidden,nan,0,nan,4.0600000000000001e-07,nan,nan,nan,nan,nan,initial position is outside the energy-allowed region
63,341,0.79058450329359264,0.048499999999999988,fraction,250,0,forbidden,nan,0,nan,4.7685000000000002e-05,nan,nan,nan,nan,nan,initial position is outside the energy-allowed region
64,323,0.79057158123609894,0.06466666666666665,fraction,250,0,forbidden,nan,0,nan,1.9315999999999999e-05,nan,nan,nan,nan,nan,initial position is outside the energy-allowed region
64,324,0.79057229912818194,0.06466666666666665,fraction,250,0,forbidden,nan,0,nan,3.7599999999999998e-07,nan,nan,nan,nan,nan,initial position is outside the energy-allowed region
64,325,0.79057301702026495,0.06466666666666665,fraction,250,0,forbidden,nan,0,nan,2.9700000000000003e-07,nan,nan,nan,nan,nan,initial position is outside the energy-allowed region
64,326,0.79057373491234784,0.06466666666666665,fraction,250,0,forbidden,nan,0,nan,3.7500000000000001e-07,nan,nan,nan,nan,nan,initial position is outside the energy-allowed region
64,327,0.79057445280443084,0.06466666666666665,fraction,250,0,forbidden,nan,0,nan,4.2500000000000001e-07,nan,nan,nan,nan,nan,initial position is outside the energy-allowed region
64,328,0.79057517069651384,0.06466666666666665,fraction,250,0,forbidden,nan,0,nan,3.96e-07,nan,nan,nan,nan,nan,initial position is outside the energy-allowed region
64,329,0.79057588858859684,0.06466666666666665,fraction,250,0,forbidden,nan,0,nan,4.2500000000000001e-07,nan,nan,nan,nan,nan,initial position is outside the energy-allowed region
64,330,0.79057660648067984,0.06466666666666665,fraction,250,0,forbidden,nan,0,nan,5.1399999999999997e-07,nan,nan,nan,nan,nan,initial position is outside the energy-allowed region
64,331,0.79057732437276274,0.06466666666666665,fraction,250,0,forbidden,nan,0,nan,3.7599999999999998e-07,nan,nan,nan,nan,nan,initial position is outside the energy-allowed region
64,332,0.79057804226484574,0.06466666666666665,fraction,250,0,forbidden,nan,0,nan,3.6600000000000002e-07,nan,nan,nan,nan,nan,initial position is outside the energy-allowed region
64,333,0.79057876015692874,0.06466666666666665,fraction,250,0,forbidden,nan,0,nan,4.1823999999999998e-05,nan,nan,nan,nan,nan,initial position is outside the energy-allowed region
64,334,0.79057947804901174,0.06466666666666665,fraction,250,0,forbidden,nan,0,nan,4.15e-07,nan,nan,nan,nan,nan,initial position is outside the energy-allowed region
64,335,0.79058019594109474,0.06466666666666665,fraction,250,0,forbidden,nan,0,nan,3.9499999999999998e-07,nan,nan,nan,nan,nan,initial position is outside the energy-allowed region
64,336,0.79058091383317763,0.06466666666666665,fraction,250,0,forbidden,nan,0,nan,3.7599999999999998e-07,nan,nan,nan,nan,nan,initial position is outside the energy-allowed region
64,337,0.79058163172526064,0.06466666666666665,fraction,250,0,forbidden,nan,0,nan,3.6600000000000002e-07,nan,nan,nan,nan,nan,initial position is outside the energy-allowed region
64,338,0.79058234961734364,0.06466666666666665,fraction,250,0,forbidden,nan,0,nan,3.3599999999999999e-07,nan,nan,nan,nan,nan,initial position is outside the energy-allowed region
64,339,0.79058306750942664,0.06466666666666665,fraction,250,0,forbidden,nan,0,nan,5.6400000000000002e-07,nan,nan,nan,nan,nan,initial position is outside the energy-allowed region
64,340,0.79058378540150964,0.06466666666666665,fraction,250,0,forbidden,nan,0,nan,4.5499999999999998e-07,nan,nan,nan,nan,nan,initial position is outside the energy-allowed region
64,341,0.79058450329359264,0.06466666666666665,fraction,250,0,forbidden,nan,0,nan,6.1593999999999993e-05,nan,nan,nan,nan,nan,initial position is outside the energy-allowed region
65,323,0.79057158123609894,0.080833333333333313,fraction,250,0,forbidden,nan,0,nan,2.1747e-05,nan,nan,nan,nan,nan,initial position is outside the energy-allowed region
65,324,0.79057229912818194,0.080833333333333313,fraction,250,0,forbidden,nan,0,nan,4.2500000000000001e-07,nan,nan,nan,nan,nan,initial position is outside the energy-allowed region
65,325,0.79057301702026495,0.080833333333333313,fraction,250,0,forbidden,nan,0,nan,4.2500000000000001e-07,nan,nan,nan,nan,nan,initial position is outside the energy-allowed region
65,326,0.79057373491234784,0.080833333333333313,fraction,250,0,forbidden,nan,0,nan,3.8500000000000002e-07,nan,nan,nan,nan,nan,initial position is outside the energy-allowed region
65,327,0.79057445280443084,0.080833333333333313,fraction,250,0,forbidden,nan,0,nan,4.0600000000000001e-07,nan,nan,nan,nan,nan,initial position is outside the energy-allowed region
65,328,0.79057517069651384,0.080833333333333313,fraction,250,0,forbidden,nan,0,nan,3.8500000000000002e-07,nan,nan,nan,nan,nan,initial position is outside the energy-allowed region
65,329,0.79057588858859684,0.080833333333333313,fraction,250,0,forbidden,nan,0,nan,3.6600000000000002e-07,nan,nan,nan,nan,nan,initial position is outside the energy-allowed region
65,330,0.79057660648067984,0.080833333333333313,fraction,250,0,forbidden,nan,0,nan,4.3500000000000002e-07,nan,nan,nan,nan,nan,initial position is outside the energy-allowed region
65,331,0.79057732437276274,0.080833333333333313,fraction,250,0,forbidden,nan,0,nan,3.8599999999999999e-07,nan,nan,nan,nan,nan,initial position is outside the energy-allowed region
65,332,0.79057804226484574,0.080833333333333313,fraction,250,0,forbidden,nan,0,nan,3.3700000000000001e-07,nan,nan,nan,nan,nan,initial position is outside the energy-allowed region
65,333,0.79057876015692874,0.080833333333333313,fraction,250,0,forbidden,nan,0,nan,4.4443000000000001e-05,nan,nan,nan,nan,nan,initial position is outside the energy-allowed region
65,334,0.79057947804901174,0.080833333333333313,fraction,250,0,forbidden,nan,0,nan,3.8599999999999999e-07,nan,nan,nan,nan,nan,initial position is outside the energy-allowed region
65,335,0.79058019594109474,0.080833333333333313,fraction,250,0,forbidden,nan,0,nan,3.5499999999999999e-07,nan,nan,nan,nan,nan,initial position is outside the energy-allowed region
65,336,0.79058091383317763,0.080833333333333313,fraction,250,0,forbidden,nan,0,nan,3.9499999999999998e-07,nan,nan,nan,nan,nan,initial position is outside the energy-allowed region
65,337,0.79058163172526064,0.080833333333333313,fraction,250,0,forbidden,nan,0,nan,4.0499999999999999e-07,nan,nan,nan,nan,nan,initial position is outside the energy-allowed region
65,338,0.79058234961734364,0.080833333333333313,fraction,250,0,forbidden,nan,0,nan,3.7599999999999998e-07,nan,nan,nan,nan,nan,initial position is outside the energy-allowed region
65,339,0.79058306750942664,0.080833333333333313,fraction,250,0,forbidden,nan,0,nan,3.9499999999999998e-07,nan,nan,nan,nan,nan,initial position is outside the energy-allowed region
65,340,0.79058378540150964,0.080833333333333313,fraction,250,0,forbidden,nan,0,nan,3.6600000000000002e-07,nan,nan,nan,nan,nan,initial position is outside the energy-allowed region
65,341,0.79058450329359264,0.080833333333333313,fraction,250,0,forbidden,nan,0,nan,8.3776000000000006e-05,nan,nan,nan,nan,nan,initial position is outside the energy-allowed region
66,323,0.79057158123609894,0.096999999999999975,fraction,250,0,forbidden,nan,0,nan,1.7782999999999999e-05,nan,nan,nan,nan,nan,initial position is outside the energy-allowed region
66,324,0.79057229912818194,0.096999999999999975,fraction,250,0,forbidden,nan,0,nan,3.3599999999999999e-07,nan,nan,nan,nan,nan,initial position is outside the energy-allowed region
66,325,0.79057301702026495,0.096999999999999975,fraction,250,0,forbidden,nan,0,nan,2.8700000000000002e-07,nan,nan,nan,nan,nan,initial position is outside the energy-allowed region
66,326,0.79057373491234784,0.096999999999999975,fraction,250,0,forbidden,nan,0,nan,2.9700000000000003e-07,nan,nan,nan,nan,nan,initial position is outside the energy-allowed region
66,327,0.79057445280443084,0.096999999999999975,fraction,250,0,forbidden,nan,0,nan,3.65e-07,nan,nan,nan,nan,nan,initial position is outside the energy-allowed region
66,328,0.79057517069651384,0.096999999999999975,fraction,250,0,forbidden,nan,0,nan,5.3399999999999999e-07,nan,nan,nan,nan,nan,initial position is outside the energy-allowed region
66,329,0.79057588858859684,0.096999999999999975,fraction,250,0,forbidden,nan,0,nan,2.96e-07,nan,nan,nan,nan,nan,initial position is outside the energy-allowed region
66,330,0.79057660648067984,0.096999999999999975,fraction,250,0,forbidden,nan,0,nan,6.6300000000000005e-07,nan,nan,nan,nan,nan,initial position is outside the energy-allowed region
66,331,0.79057732437276274,0.096999999999999975,fraction,250,0,forbidden,nan,0,nan,4.3500000000000002e-07,nan,nan,nan,nan,nan,initial position is outside the energy-allowed region
66,332,0.79057804226484574,0.096999999999999975,fraction,250,0,forbidden,nan,0,nan,4.4499999999999997e-07,nan,nan,nan,nan,nan,initial position is outside the energy-allowed region
66,333,0.79057876015692874,0.096999999999999975,fraction,250,0,forbidden,nan,0,nan,6.8899000000000006e-05,nan,nan,nan,nan,nan,initial position is outside the energy-allowed region
66,334,0.79057947804901174,0.096999999999999975,fraction,250,0,forbidden,nan,0,nan,3.3599999999999999e-07,nan,nan,nan,nan,nan,initial position is outside the energy-allowed region
66,335,0.79058019594109474,0.096999999999999975,fraction,250,0,forbidden,nan,0,nan,3.8599999999999999e-07,nan,nan,nan,nan,nan,initial position is outside the energy-allowed region
66,336,0.79058091383317763,0.096999999999999975,fraction,250,0,forbidden,nan,0,nan,4.5499999999999998e-07,nan,nan,nan,nan,nan,initial position is outside the energy-allowed region
66,337,0.79058163172526064,0.096999999999999975,fraction,250,0,forbidden,nan,0,nan,4.15e-07,nan,nan,nan,nan,nan,initial position is outside the energy-allowed region
66,338,0.79058234961734364,0.096999999999999975,fraction,250,0,forbidden,nan,0,nan,6.4300000000000003e-07,nan,nan,nan,nan,nan,initial position is outside the energy-allowed region
66,339,0.79058306750942664,0.096999999999999975,fraction,250,0,forbidden,nan,0,nan,4.3500000000000002e-07,nan,nan,nan,nan,nan,initial position is outside the energy-allowed region
66,340,0.79058378540150964,0.096999999999999975,fraction,250,0,forbidden,nan,0,nan,3.96e-07,nan,nan,nan,nan,nan,initial position is outside the energy-allowed region
66,341,0.79058450329359264,0.096999999999999975,fraction,250,0,forbidden,nan,0,nan,2.6304000000000001e-05,nan,nan,nan,nan,nan,initial position is outside the energy-allowed region
67,323,0.79057158123609894,0.11316666666666664,fraction,250,0,forbidden,nan,0,nan,1.8168999999999998e-05,nan,nan,nan,nan,nan,initial position is outside the energy-allowed region
67,324,0.79057229912818194,0.11316666666666664,fraction,250,0,forbidden,nan,0,nan,3.9499999999999998e-07,nan,nan,nan,nan,nan,initial position is outside the energy-allowed region
67,325,0.79057301702026495,0.11316666666666664,fraction,250,0,forbidden,nan,0,nan,3.8500000000000002e-07,nan,nan,nan,nan,nan,initial position is outside the energy-allowed region
67,326,0.79057373491234784,0.11316666666666664,fraction,250,0,forbidden,nan,0,nan,3.65e-07,nan,nan,nan,nan,nan,initial position is outside the energy-allowed region
67,327,0.79057445280443084,0.11316666666666664,fraction,250,0,forbidden,nan,0,nan,4.3500000000000002e-07,nan,nan,nan,nan,nan,initial position is outside the energy-allowed region
67,328,0.79057517069651384,0.11316666666666664,fraction,250,0,forbidden,nan,0,nan,4.0499999999999999e-07,nan,nan,nan,nan,nan,initial position is outside the energy-allowed region
67,329,0.79057588858859684,0.11316666666666664,fraction,250,0,forbidden,nan,0,nan,3.5600000000000001e-07,nan,nan,nan,nan,nan,initial position is outside the energy-allowed region
67,330,0.79057660648067984,0.11316666666666664,fraction,250,0,forbidden,nan,0,nan,1.0869999999999999e-06,nan,nan,nan,nan,nan,initial position is outside the energy-allowed region
67,331,0.79057732437276274,0.11316666666666664,fraction,250,0,forbidden,nan,0,nan,3.8500000000000002e-07,nan,nan,nan,nan,nan,initial position is outside the energy-allowed region
67,332,0.79057804226484574,0.11316666666666664,fraction,250,0,forbidden,nan,0,nan,5.3399999999999999e-07,nan,nan,nan,nan,nan,initial position is outside the energy-allowed region
67,333,0.79057876015692874,0.11316666666666664,fraction,250,0,forbidden,nan,0,nan,4.8328000000000002e-05,nan,nan,nan,nan,nan,initial position is outside the energy-allowed region
67,334,0.79057947804901174,0.11316666666666664,fraction,250,0,forbidden,nan,0,nan,5.0399999999999996e-07,nan,nan,nan,nan,nan,initial position is outside the energy-allowed region
67,335,0.79058019594109474,0.11316666666666664,fraction,250,0,forbidden,nan,0,nan,3.6600000000000002e-07,nan,nan,nan,nan,nan,initial position is outside the energy-allowed region
67,336,0.79058091383317763,0.11316666666666664,fraction,250,0,forbidden,nan,0,nan,3.8599999999999999e-07,nan,nan,nan,nan,nan,initial position is outside the energy-allowed region
67,337,0.79058163172526064,0.11316666666666664,fraction,250,0,forbidden,nan,0,nan,4.3500000000000002e-07,nan,nan,nan,nan,nan,initial position is outside the energy-allowed region
67,338,0.79058234961734364,0.11316666666666664,fraction,250,0,forbidden,nan,0,nan,3.9499999999999998e-07,nan,nan,nan,nan,nan,initial position is outside the energy-allowed region
67,339,0.79058306750942664,0.11316666666666664,fraction,250,0,forbidden,nan,0,nan,5.5300000000000004e-07,nan,nan,nan,nan,nan,initial position is outside the energy-allowed region
67,340,0.79058378540150964,0.11316666666666664,fraction,250,0,forbidden,nan,0,nan,4.75e-07,nan,nan,nan,nan,nan,initial position is outside the energy-allowed region
67,341,0.79058450329359264,0.11316666666666664,fraction,250,0,forbidden,nan,0,nan,4.1171000000000003e-05,nan,nan,nan,nan,nan,initial position is outside the energy-allowed region
68,323,0.79057158123609894,0.1293333333333333,fraction,250,0,forbidden,nan,0,nan,1.6359999999999999e-05,nan,nan,nan,nan,nan,initial position is outside the energy-allowed region
68,324,0.79057229912818194,0.1293333333333333,fraction,250,0,forbidden,nan,0,nan,4.8400000000000005e-07,nan,nan,nan,nan,nan,initial position is outside the energy-allowed region
68,325,0.79057301702026495,0.1293333333333333,fraction,250,0,forbidden,nan,0,nan,3.5600000000000001e-07,nan,nan,nan,nan,nan,initial position is outside the energy-allowed region
68,326,0.79057373491234784,0.1293333333333333,fraction,250,0,forbidden,nan,0,nan,3.8500000000000002e-07,nan,nan,nan,nan,nan,initial position is outside the energy-allowed region
68,327,0.79057445280443084,0.1293333333333333,fraction,250,0,forbidden,nan,0,nan,3.9499999999999998e-07,nan,nan,nan,nan,nan,initial position is outside the energy-allowed region
68,328,0.79057517069651384,0.1293333333333333,fraction,250,0,forbidden,nan,0,nan,3.9499999999999998e-07,nan,nan,nan,nan,nan,initial position is outside the energy-allowed region
68,329,0.79057588858859684,0.1293333333333333,fraction,250,0,forbidden,nan,0,nan,4.0499999999999999e-07,nan,nan,nan,nan,nan,initial position is outside the energy-allowed region
68,330,0.79057660648067984,0.1293333333333333,fraction,250,0,forbidden,nan,0,nan,3.46e-07,nan,nan,nan,nan,nan,initial position is outside the energy-allowed region
68,331,0.79057732437276274,0.1293333333333333,fraction,250,0,forbidden,nan,0,nan,3.9499999999999998e-07,nan,nan,nan,nan,nan,initial position is outside the energy-allowed region
68,332,0.79057804226484574,0.1293333333333333,fraction,250,0,forbidden,nan,0,nan,4.15e-07,nan,nan,nan,nan,nan,initial position is outside the energy-allowed region
68,333,0.79057876015692874,0.1293333333333333,fraction,250,0,forbidden,nan,0,nan,0.000445955,nan,nan,nan,nan,nan,initial position is outside the energy-allowed region
68,334,0.79057947804901174,0.1293333333333333,fraction,250,0,forbidden,nan,0,nan,3.46e-07,nan,nan,nan,nan,nan,initial position is outside the energy-allowed region
68,335,0.79058019594109474,0.1293333333333333,fraction,250,0,forbidden,nan,0,nan,4.2500000000000001e-07,nan,nan,nan,nan,nan,initial position is outside the energy-allowed region
68,336,0.79058091383317763,0.1293333333333333,fraction,250,0,forbidden,nan,0,nan,3.9499999999999998e-07,nan,nan,nan,nan,nan,initial position is outside the energy-allowed region
68,337,0.79058163172526064,0.1293333333333333,fraction,250,0,forbidden,nan,0,nan,5.8400000000000004e-07,nan,nan,nan,nan,nan,initial position is outside the energy-allowed region
68,338,0.79058234961734364,0.1293333333333333,fraction,250,0,forbidden,nan,0,nan,4.8500000000000002e-07,nan,nan,nan,nan,nan,initial position is outside the energy-allowed region
68,339,0.79058306750942664,0.1293333333333333,fraction,250,0,forbidden,nan,0,nan,6.0299999999999999e-07,nan,nan,nan,nan,nan,initial position is outside the energy-allowed region
68,340,0.79058378540150964,0.1293333333333333,fraction,250,0,forbidden,nan,0,nan,3.9499999999999998e-07,nan,nan,nan,nan,nan,initial position is outside the energy-allowed region
68,341,0.79058450329359264,0.1293333333333333,fraction,250,0,forbidden,nan,0,nan,0.000107441,nan,nan,nan,nan,nan,initial position is outside the energy-allowed region
69,323,0.79057158123609894,0.14549999999999996,fraction,250,0,forbidden,nan,0,nan,1.986e-05,nan,nan,nan,nan,nan,initial position is outside the energy-allowed region
69,324,0.79057229912818194,0.14549999999999996,fraction,250,0,forbidden,nan,0,nan,3.8599999999999999e-07,nan,nan,nan,nan,nan,initial position is outside the energy-allowed region
69,325,0.79057301702026495,0.14549999999999996,fraction,250,0,forbidden,nan,0,nan,4.0499999999999999e-07,nan,nan,nan,nan,nan,initial position is outside the energy-allowed region
69,326,0.79057373491234784,0.14549999999999996,fraction,250,0,forbidden,nan,0,nan,3.9499999999999998e-07,nan,nan,nan,nan,nan,initial position is outside the energy-allowed region
69,327,0.79057445280443084,0.14549999999999996,fraction,250,0,forbidden,nan,0,nan,2.9700000000000003e-07,nan,nan,nan,nan,nan,initial position is outside the energy-allowed region
69,328,0.79057517069651384,0.14549999999999996,fraction,250,0,forbidden,nan,0,nan,4.0499999999999999e-07,nan,nan,nan,nan,nan,initial position is outside the energy-allowed region
69,329,0.79057588858859684,0.14549999999999996,fraction,250,0,forbidden,nan,0,nan,4.5499999999999998e-07,nan,nan,nan,nan,nan,initial position is outside the energy-allowed region
69,330,0.79057660648067984,0.14549999999999996,fraction,250,0,forbidden,nan,0,nan,3.8599999999999999e-07,nan,nan,nan,nan,nan,initial position is outside the energy-allowed region
69,331,0.79057732437276274,0.14549999999999996,fraction,250,0,forbidden,nan,0,nan,4.5499999999999998e-07,nan,nan,nan,nan,nan,initial position is outside the energy-allowed region
69,332,0.79057804226484574,0.14549999999999996,fraction,250,0,forbidden,nan,0,nan,5.3300000000000002e-07,nan,nan,nan,nan,nan,initial position is outside the energy-allowed region
69,333,0.79057876015692874,0.14549999999999996,fraction,250,0,forbidden,nan,0,nan,2.9774e-05,nan,nan,nan,nan,nan,initial position is outside the energy-allowed region
69,334,0.79057947804901174,0.14549999999999996,fraction,250,0,forbidden,nan,0,nan,4.4499999999999997e-07,nan,nan,nan,nan,nan,initial position is outside the energy-allowed region
69,335,0.79058019594109474,0.14549999999999996,fraction,250,0,forbidden,nan,0,nan,7.8100000000000002e-07,nan,nan,nan,nan,nan,initial position is outside the energy-allowed region
69,336,0.79058091383317763,0.14549999999999996,fraction,250,0,forbidden,nan,0,nan,4.1600000000000002e-07,nan,nan,nan,nan,nan,initial position is outside the energy-allowed region
69,337,0.79058163172526064,0.14549999999999996,fraction,250,0,forbidden,nan,0,nan,3.96e-07,nan,nan,nan,nan,nan,initial position is outside the energy-allowed region
69,338,0.79058234961734364,0.14549999999999996,fraction,250,0,forbidden,nan,0,nan,3.8599999999999999e-07,nan,nan,nan,nan,nan,initial position is outside the energy-allowed region
69,339,0.79058306750942664,0.14549999999999996,fraction,250,0,forbidden,nan,0,nan,3.8500000000000002e-07,nan,nan,nan,nan,nan,initial position is outside the energy-allowed region
69,340,0.79058378540150964,0.14549999999999996,fraction,250,0,forbidden,nan,0,nan,3.8500000000000002e-07,nan,nan,nan,nan,nan,initial position is outside the energy-allowed region
69,341,0.79058450329359264,0.14549999999999996,fraction,250,0,forbidden,nan,0,nan,5.8915000000000001e-05,nan,nan,nan,nan,nan,initial position is outside the energy-allowed region
70,323,0.79057158123609894,0.16166666666666663,fraction,250,0,forbidden,nan,0,nan,5.3804000000000002e-05,nan,nan,nan,nan,nan,initial position is outside the energy-allowed region
70,324,0.79057229912818194,0.16166666666666663,fraction,250,0,forbidden,nan,0,nan,5.0500000000000004e-07,nan,nan,nan,nan,nan,initial position is outside the energy-allowed region
70,325,0.79057301702026495,0.16166666666666663,fraction,250,0,forbidden,nan,0,nan,3.9499999999999998e-07,nan,nan,nan,nan,nan,initial position is outside the energy-allowed region
70,326,0.79057373491234784,0.16166666666666663,fraction,250,0,forbidden,nan,0,nan,3.8500000000000002e-07,nan,nan,nan,nan,nan,initial position is outside the energy-allowed region
70,327,0.79057445280443084,0.16166666666666663,fraction,250,0,forbidden,nan,0,nan,4.0499999999999999e-07,nan,nan,nan,nan,nan,initial position is outside the energy-allowed region
70,328,0.79057517069651384,0.16166666666666663,fraction,250,0,forbidden,nan,0,nan,3.6600000000000002e-07,nan,nan,nan,nan,nan,initial position is outside the energy-allowed region
70,329,0.79057588858859684,0.16166666666666663,fraction,250,0,forbidden,nan,0,nan,4.2500000000000001e-07,nan,nan,nan,nan,nan,initial position is outside the energy-allowed region
70,330,0.79057660648067984,0.16166666666666663,fraction,250,0,forbidden,nan,0,nan,3.7500000000000001e-07,nan,nan,nan,nan,nan,initial position is outside the energy-allowed region
70,331,0.79057732437276274,0.16166666666666663,fraction,250,0,forbidden,nan,0,nan,3.96e-07,nan,nan,nan,nan,nan,initial position is outside the energy-allowed region
70,332,0.79057804226484574,0.16166666666666663,fraction,250,0,forbidden,nan,0,nan,3.6600000000000002e-07,nan,nan,nan,nan,nan,initial position is outside the energy-allowed region
70,333,0.79057876015692874,0.16166666666666663,fraction,250,0,forbidden,nan,0,nan,4.3384999999999999e-05,nan,nan,nan,nan,nan,initial position is outside the energy-allowed region
70,334,0.79057947804901174,0.16166666666666663,fraction,250,0,forbidden,nan,0,nan,4.0499999999999999e-07,nan,nan,nan,nan,nan,initial position is outside the energy-allowed region
70,335,0.79058019594109474,0.16166666666666663,fraction,250,0,forbidden,nan,0,nan,7.2200000000000003e-07,nan,nan,nan,nan,nan,initial position is outside the energy-allowed region
70,336,0.79058091383317763,0.16166666666666663,fraction,250,0,forbidden,nan,0,nan,4.3500000000000002e-07,nan,nan,nan,nan,nan,initial position is outside the energy-allowed region
70,337,0.79058163172526064,0.16166666666666663,fraction,250,0,forbidden,nan,0,nan,1.018e-06,nan,nan,nan,nan,nan,initial position is outside the energy-allowed region
70,338,0.79058234961734364,0.16166666666666663,fraction,250,0,forbidden,nan,0,nan,4.15e-07,nan,nan,nan,nan,nan,initial position is outside the energy-allowed region
70,339,0.79058306750942664,0.16166666666666663,fraction,250,0,forbidden,nan,0,nan,4.2500000000000001e-07,nan,nan,nan,nan,nan,initial position is outside the energy-allowed region
70,340,0.79058378540150964,0.16166666666666663,fraction,250,0,forbidden,nan,0,nan,3.96e-07,nan,nan,nan,nan,nan,initial position is outside the energy-allowed region
70,341,0.79058450329359264,0.16166666666666663,fraction,250,0,forbidden,nan,0,nan,2.7273000000000001e-05,nan,nan,nan,nan,nan,initial position is outside the energy-allowed region
71,323,0.79057158123609894,0.17783333333333329,fraction,250,0,forbidden,nan,0,nan,2.0679999999999999e-05,nan,nan,nan,nan,nan,initial position is outside the energy-allowed region
71,324,0.79057229912818194,0.17783333333333329,fraction,250,0,forbidden,nan,0,nan,3.8500000000000002e-07,nan,nan,nan,nan,nan,initial position is outside the energy-allowed region
71,325,0.79057301702026495,0.17783333333333329,fraction,250,0,forbidden,nan,0,nan,3.8599999999999999e-07,nan,nan,nan,nan,nan,initial position is outside the energy-allowed region
71,326,0.79057373491234784,0.17783333333333329,fraction,250,0,forbidden,nan,0,nan,4.15e-07,nan,nan,nan,nan,nan,initial position is outside the energy-allowed region
71,327,0.79057445280443084,0.17783333333333329,fraction,250,0,forbidden,nan,0,nan,3.9499999999999998e-07,nan,nan,nan,nan,nan,initial position is outside the energy-allowed region
71,328,0.79057517069651384,0.17783333333333329,fraction,250,0,forbidden,nan,0,nan,4.2500000000000001e-07,nan,nan,nan,nan,nan,initial position is outside the energy-allowed region
71,329,0.79057588858859684,0.17783333333333329,fraction,250,0,forbidden,nan,0,nan,3.65e-07,nan,nan,nan,nan,nan,initial position is outside the energy-allowed region
71,330,0.79057660648067984,0.17783333333333329,fraction,250,0,forbidden,nan,0,nan,4.6499999999999999e-07,nan,nan,nan,nan,nan,initial position is outside the energy-allowed region
71,331,0.79057732437276274,0.17783333333333329,fraction,250,0,forbidden,nan,0,nan,3.9499999999999998e-07,nan,nan,nan,nan,nan,initial position is outside the energy-allowed region
71,332,0.79057804226484574,0.17783333333333329,fraction,250,0,forbidden,nan,0,nan,3.96e-07,nan,nan,nan,nan,nan,initial position is outside the energy-allowed region
71,333,0.79057876015692874,0.17783333333333329,fraction,250,0,forbidden,nan,0,nan,4.6390000000000001e-05,nan,nan,nan,nan,nan,initial position is outside the energy-allowed region
71,334,0.79057947804901174,0.17783333333333329,fraction,250,0,forbidden,nan,0,nan,4.2500000000000001e-07,nan,nan,nan,nan,nan,initial position is outside the energy-allowed region
71,335,0.79058019594109474,0.17783333333333329,fraction,250,0,forbidden,nan,0,nan,3.96e-07,nan,nan,nan,nan,nan,initial position is outside the energy-allowed region
71,336,0.79058091383317763,0.17783333333333329,fraction,250,0,forbidden,nan,0,nan,3.9499999999999998e-07,nan,nan,nan,nan,nan,initial position is outside the energy-allowed region
71,337,0.79058163172526064,0.17783333333333329,fraction,250,0,forbidden,nan,0,nan,3.96e-07,nan,nan,nan,nan,nan,initial position is outside the energy-allowed region
71,338,0.79058234961734364,0.17783333333333329,fraction,250,0,forbidden,nan,0,nan,4.9500000000000003e-07,nan,nan,nan,nan,nan,initial position is outside the energy-allowed region
71,339,0.79058306750942664,0.17783333333333329,fraction,250,0,forbidden,nan,0,nan,4.3500000000000002e-07,nan,nan,nan,nan,nan,initial position is outside the energy-allowed region
71,340,0.79058378540150964,0.17783333333333329,fraction,250,0,forbidden,nan,0,nan,3.8599999999999999e-07,nan,nan,nan,nan,nan,initial position is outside the energy-allowed region
71,341,0.79058450329359264,0.17783333333333329,fraction,250,0,forbidden,nan,0,nan,2.8113e-05,nan,nan,nan,nan,nan,initial position is outside the energy-allowed region
72,323,0.79057158123609894,0.19399999999999995,fraction,250,0,forbidden,nan,0,nan,1.8791e-05,nan,nan,nan,nan,nan,initial position is outside the energy-allowed region
72,324,0.79057229912818194,0.19399999999999995,fraction,250,0,forbidden,nan,0,nan,3.5600000000000001e-07,nan,nan,nan,nan,nan,initial position is outside the energy-allowed region
72,325,0.79057301702026495,0.19399999999999995,fraction,250,0,forbidden,nan,0,nan,6.3300000000000002e-07,nan,nan,nan,nan,nan,initial position is outside the energy-allowed region
72,326,0.79057373491234784,0.19399999999999995,fraction,250,0,forbidden,nan,0,nan,4.3500000000000002e-07,nan,nan,nan,nan,nan,initial position is outside the energy-allowed region
72,327,0.79057445280443084,0.19399999999999995,fraction,250,0,forbidden,nan,0,nan,3.8599999999999999e-07,nan,nan,nan,nan,nan,initial position is outside the energy-allowed region
72,328,0.79057517069651384,0.19399999999999995,fraction,250,0,forbidden,nan,0,nan,4.2500000000000001e-07,nan,nan,nan,nan,nan,initial position is outside the energy-allowed region
72,329,0.79057588858859684,0.19399999999999995,fraction,250,0,forbidden,nan,0,nan,4.75e-07,nan,nan,nan,nan,nan,initial position is outside the energy-allowed region
72,330,0.79057660648067984,0.19399999999999995,fraction,250,0,forbidden,nan,0,nan,3.8599999999999999e-07,nan,nan,nan,nan,nan,initial position is outside the energy-allowed region
72,331,0.79057732437276274,0.19399999999999995,fraction,250,0,forbidden,nan,0,nan,4.7399999999999998e-07,nan,nan,nan,nan,nan,initial position is outside the energy-allowed region
72,332,0.79057804226484574,0.19399999999999995,fraction,250,0,forbidden,nan,0,nan,3.46e-07,nan,nan,nan,nan,nan,initial position is outside the energy-allowed region
72,333,0.79057876015692874,0.19399999999999995,fraction,250,0,forbidden,nan,0,nan,2.5998000000000001e-05,nan,nan,nan,nan,nan,initial position is outside the energy-allowed region
72,334,0.79057947804901174,0.19399999999999995,fraction,250,0,forbidden,nan,0,nan,3.7599999999999998e-07,nan,nan,nan,nan,nan,initial position is outside the energy-allowed region
72,335,0.79058019594109474,0.19399999999999995,fraction,250,0,forbidden,nan,0,nan,3.7599999999999998e-07,nan,nan,nan,nan,nan,initial position is outside the energy-allowed region
72,336,0.79058091383317763,0.19399999999999995,fraction,250,0,forbidden,nan,0,nan,8.1100000000000005e-07,nan,nan,nan,nan,nan,initial position is outside the energy-allowed region
72,337,0.79058163172526064,0.19399999999999995,fraction,250,0,forbidden,nan,0,nan,3.5600000000000001e-07,nan,nan,nan,nan,nan,initial position is outside the energy-allowed region
72,338,0.79058234961734364,0.19399999999999995,fraction,250,0,forbidden,nan,0,nan,3.96e-07,nan,nan,nan,nan,nan,initial position is outside the energy-allowed region
72,339,0.79058306750942664,0.19399999999999995,fraction,250,0,forbidden,nan,0,nan,4.4499999999999997e-07,nan,nan,nan,nan,nan,initial position is outside the energy-allowed region
72,340,0.79058378540150964,0.19399999999999995,fraction,250,0,forbidden,nan,0,nan,3.6600000000000002e-07,nan,nan,nan,nan,nan,initial position is outside the energy-allowed region
72,341,0.79058450329359264,0.19399999999999995,fraction,250,0,forbidden,nan,0,nan,0.00011181,nan,nan,nan,nan,nan,initial position is outside the energy-allowed region
73,323,0.79057158123609894,0.21016666666666661,fraction,250,0,forbidden,nan,0,nan,1.8454999999999999e-05,nan,nan,nan,nan,nan,initial position is outside the energy-allowed region
73,324,0.79057229912818194,0.21016666666666661,fraction,250,0,forbidden,nan,0,nan,3.96e-07,nan,nan,nan,nan,nan,initial position is outside the energy-allowed region
73,325,0.79057301702026495,0.21016666666666661,fraction,250,0,forbidden,nan,0,nan,4.0600000000000001e-07,nan,nan,nan,nan,nan,initial position is outside the energy-allowed region
73,326,0.79057373491234784,0.21016666666666661,fraction,250,0,forbidden,nan,0,nan,4.0600000000000001e-07,nan,nan,nan,nan,nan,initial position is outside the energy-allowed region
73,327,0.79057445280443084,0.21016666666666661,fraction,250,0,forbidden,nan,0,nan,3.65e-07,nan,nan,nan,nan,nan,initial position is outside the energy-allowed region
73,328,0.79057517069651384,0.21016666666666661,fraction,250,0,forbidden,nan,0,nan,4.8400000000000005e-07,nan,nan,nan,nan,nan,initial position is outside the energy-allowed region
73,329,0.79057588858859684,0.21016666666666661,fraction,250,0,forbidden,nan,0,nan,4.0600000000000001e-07,nan,nan,nan,nan,nan,initial position is outside the energy-allowed region
73,330,0.79057660648067984,0.21016666666666661,fraction,250,0,forbidden,nan,0,nan,4.0499999999999999e-07,nan,nan,nan,nan,nan,initial position is outside the energy-allowed region
73,331,0.79057732437276274,0.21016666666666661,fraction,250,0,forbidden,nan,0,nan,4.0499999999999999e-07,nan,nan,nan,nan,nan,initial position is outside the energy-allowed region
73,332,0.79057804226484574,0.21016666666666661,fraction,250,0,forbidden,nan,0,nan,3.2599999999999998e-07,nan,nan,nan,nan,nan,initial position is outside the energy-allowed region
73,333,0.79057876015692874,0.21016666666666661,fraction,250,0,forbidden,nan,0,nan,2.6018000000000001e-05,nan,nan,nan,nan,nan,initial position is outside the energy-allowed region
73,334,0.79057947804901174,0.21016666666666661,fraction,250,0,forbidden,nan,0,nan,5.4300000000000003e-07,nan,nan,nan,nan,nan,initial position is outside the energy-allowed region
73,335,0.79058019594109474,0.21016666666666661,fraction,250,0,forbidden,nan,0,nan,5.0399999999999996e-07,nan,nan,nan,nan,nan,initial position is outside the energy-allowed region
73,336,0.79058091383317763,0.21016666666666661,fraction,250,0,forbidden,nan,0,nan,4.5499999999999998e-07,nan,nan,nan,nan,nan,initial position is outside the energy-allowed region
73,337,0.79058163172526064,0.21016666666666661,fraction,250,0,forbidden,nan,0,nan,3.46e-07,nan,nan,nan,nan,nan,initial position is outside the energy-allowed region
73,338,0.79058234961734364,0.21016666666666661,fraction,250,0,forbidden,nan,0,nan,3.8500000000000002e-07,nan,nan,nan,nan,nan,initial position is outside the energy-allowed region
73,339,0.79058306750942664,0.21016666666666661,fraction,250,0,forbidden,nan,0,nan,2.67e-07,nan,nan,nan,nan,nan,initial position is outside the energy-allowed region
73,340,0.79058378540150964,0.21016666666666661,fraction,250,0,forbidden,nan,0,nan,3.3599999999999999e-07,nan,nan,nan,nan,nan,initial position is outside the energy-allowed region
73,341,0.79058450329359264,0.21016666666666661,fraction,250,0,forbidden,nan,0,nan,2.4712e-05,nan,nan,nan,nan,nan,initial position is outside the energy-allowed region
74,323,0.79057158123609894,0.22633333333333328,fraction,250,0,forbidden,nan,0,nan,1.8771999999999999e-05,nan,nan,nan,nan,nan,initial position is outside the energy-allowed region
74,324,0.79057229912818194,0.22633333333333328,fraction,250,0,forbidden,nan,0,nan,7.1099999999999995e-07,nan,nan,nan,nan,nan,initial position is outside the energy-allowed region
74,325,0.79057301702026495,0.22633333333333328,fraction,250,0,forbidden,nan,0,nan,4.9399999999999995e-07,nan,nan,nan,nan,nan,initial position is outside the energy-allowed region
74,326,0.79057373491234784,0.22633333333333328,fraction,250,0,forbidden,nan,0,nan,3.96e-07,nan,nan,nan,nan,nan,initial position is outside the energy-allowed region
74,327,0.79057445280443084,0.22633333333333328,fraction,250,0,forbidden,nan,0,nan,3.7599999999999998e-07,nan,nan,nan,nan,nan,initial position is outside the energy-allowed region
74,328,0.79057517069651384,0.22633333333333328,fraction,250,0,forbidden,nan,0,nan,3.96e-07,nan,nan,nan,nan,nan,initial position is outside the energy-allowed region
74,329,0.79057588858859684,0.22633333333333328,fraction,250,0,forbidden,nan,0,nan,4.4400000000000001e-07,nan,nan,nan,nan,nan,initial position is outside the energy-allowed region
74,330,0.79057660648067984,0.22633333333333328,fraction,250,0,forbidden,nan,0,nan,3.8500000000000002e-07,nan,nan,nan,nan,nan,initial position is outside the energy-allowed region
74,331,0.79057732437276274,0.22633333333333328,fraction,250,0,forbidden,nan,0,nan,3.9499999999999998e-07,nan,nan,nan,nan,nan,initial position is outside the energy-allowed region
74,332,0.79057804226484574,0.22633333333333328,fraction,250,0,forbidden,nan,0,nan,3.9499999999999998e-07,nan,nan,nan,nan,nan,initial position is outside the energy-allowed region
74,333,0.79057876015692874,0.22633333333333328,fraction,250,0,forbidden,nan,0,nan,4.2969999999999997e-05,nan,nan,nan,nan,nan,initial position is outside the energy-allowed region
74,334,0.79057947804901174,0.22633333333333328,fraction,250,0,forbidden,nan,0,nan,3.9499999999999998e-07,nan,nan,nan,nan,nan,initial position is outside the energy-allowed region
74,335,0.79058019594109474,0.22633333333333328,fraction,250,0,forbidden,nan,0,nan,4.0499999999999999e-07,nan,nan,nan,nan,nan,initial position is outside the energy-allowed region
74,336,0.79058091383317763,0.22633333333333328,fraction,250,0,forbidden,nan,0,nan,3.9499999999999998e-07,nan,nan,nan,nan,nan,initial position is outside the energy-allowed region
74,337,0.79058163172526064,0.22633333333333328,fraction,250,0,forbidden,nan,0,nan,6.5199999999999996e-07,nan,nan,nan,nan,nan,initial position is outside the energy-allowed region
74,338,0.79058234961734364,0.22633333333333328,fraction,250,0,forbidden,nan,0,nan,3.6600000000000002e-07,nan,nan,nan,nan,nan,initial position is outside the energy-allowed region
74,339,0.79058306750942664,0.22633333333333328,fraction,250,0,forbidden,nan,0,nan,2.5699999999999999e-07,nan,nan,nan,nan,nan,initial position is outside the energy-allowed region
74,340,0.79058378540150964,0.22633333333333328,fraction,250,0,forbidden,nan,0,nan,3.6600000000000002e-07,nan,nan,nan,nan,nan,initial position is outside the energy-allowed region
74,341,0.79058450329359264,0.22633333333333328,fraction,250,0,forbidden,nan,0,nan,5.5859999999999997e-05,nan,nan,nan,nan,nan,initial position is outside the energy-allowed region
75,323,0.79057158123609894,0.24249999999999994,fraction,250,0,forbidden,nan,0,nan,1.8306999999999999e-05,nan,nan,nan,nan,nan,initial position is outside the energy-allowed region
75,324,0.79057229912818194,0.24249999999999994,fraction,250,0,forbidden,nan,0,nan,4.3500000000000002e-07,nan,nan,nan,nan,nan,initial position is outside the energy-allowed region
75,325,0.79057301702026495,0.24249999999999994,fraction,250,0,forbidden,nan,0,nan,7.5199999999999996e-07,nan,nan,nan,nan,nan,initial position is outside the energy-allowed region
75,326,0.79057373491234784,0.24249999999999994,fraction,250,0,forbidden,nan,0,nan,4.0600000000000001e-07,nan,nan,nan,nan,nan,initial position is outside the energy-allowed region
75,327,0.79057445280443084,0.24249999999999994,fraction,250,0,forbidden,nan,0,nan,3.9499999999999998e-07,nan,nan,nan,nan,nan,initial position is outside the energy-allowed region
75,328,0.79057517069651384,0.24249999999999994,fraction,250,0,forbidden,nan,0,nan,3.9499999999999998e-07,nan,nan,nan,nan,nan,initial position is outside the energy-allowed region
75,329,0.79057588858859684,0.24249999999999994,fraction,250,0,forbidden,nan,0,nan,3.9499999999999998e-07,nan,nan,nan,nan,nan,initial position is outside the energy-allowed region
75,330,0.79057660648067984,0.24249999999999994,fraction,250,0,forbidden,nan,0,nan,3.6600000000000002e-07,nan,nan,nan,nan,nan,initial position is outside the energy-allowed region
75,331,0.79057732437276274,0.24249999999999994,fraction,250,0,forbidden,nan,0,nan,3.9499999999999998e-07,nan,nan,nan,nan,nan,initial position is outside the energy-allowed region
75,332,0.79057804226484574,0.24249999999999994,fraction,250,0,forbidden,nan,0,nan,4.15e-07,nan,nan,nan,nan,nan,initial position is outside the energy-allowed region
75,333,0.79057876015692874,0.24249999999999994,fraction,250,0,forbidden,nan,0,nan,2.7994999999999999e-05,nan,nan,nan,nan,nan,initial position is outside the energy-allowed region
75,334,0.79057947804901174,0.24249999999999994,fraction,250,0,forbidden,nan,0,nan,3.96e-07,nan,nan,nan,nan,nan,initial position is outside the energy-allowed region
75,335,0.79058019594109474,0.24249999999999994,fraction,250,0,forbidden,nan,0,nan,4.15e-07,nan,nan,nan,nan,nan,initial position is outside the energy-allowed region
75,336,0.79058091383317763,0.24249999999999994,fraction,250,0,forbidden,nan,0,nan,4.6400000000000003e-07,nan,nan,nan,nan,nan,initial position is outside the energy-allowed region
75,337,0.79058163172526064,0.24249999999999994,fraction,250,0,forbidden,nan,0,nan,8.6000000000000002e-07,nan,nan,nan,nan,nan,initial position is outside the energy-allowed region
75,338,0.79058234961734364,0.24249999999999994,fraction,250,0,forbidden,nan,0,nan,3.7599999999999998e-07,nan,nan,nan,nan,nan,initial position is outside the energy-allowed region
75,339,0.79058306750942664,0.24249999999999994,fraction,250,0,forbidden,nan,0,nan,5.1399999999999997e-07,nan,nan,nan,nan,nan,initial position is outside the energy-allowed region
75,340,0.79058378540150964,0.24249999999999994,fraction,250,0,forbidden,nan,0,nan,4.1600000000000002e-07,nan,nan,nan,nan,nan,initial position is outside the energy-allowed region
75,341,0.79058450329359264,0.24249999999999994,fraction,250,0,forbidden,nan,0,nan,4.1142e-05,nan,nan,nan,nan,nan,initial position is outside the energy-allowed region
76,323,0.79057158123609894,0.2586666666666666,fraction,250,0,forbidden,nan,0,nan,1.9038999999999998e-05,nan,nan,nan,nan,nan,initial position is outside the energy-allowed region
76,324,0.79057229912818194,0.2586666666666666,fraction,250,0,forbidden,nan,0,nan,3.8500000000000002e-07,nan,nan,nan,nan,nan,initial position is outside the energy-allowed region
76,325,0.79057301702026495,0.2586666666666666,fraction,250,0,forbidden,nan,0,nan,2.8700000000000002e-07,nan,nan,nan,nan,nan,initial position is outside the energy-allowed region
76,326,0.79057373491234784,0.2586666666666666,fraction,250,0,forbidden,nan,0,nan,3.9499999999999998e-07,nan,nan,nan,nan,nan,initial position is outside the energy-allowed region
76,327,0.79057445280443084,0.2586666666666666,fraction,250,0,forbidden,nan,0,nan,5.0399999999999996e-07,nan,nan,nan,nan,nan,initial position is outside the energy-allowed region
76,328,0.79057517069651384,0.2586666666666666,fraction,250,0,forbidden,nan,0,nan,5.4300000000000003e-07,nan,nan,nan,nan,nan,initial position is outside the energy-allowed region
76,329,0.79057588858859684,0.2586666666666666,fraction,250,0,forbidden,nan,0,nan,3.7599999999999998e-07,nan,nan,nan,nan,nan,initial position is outside the energy-allowed region
76,330,0.79057660648067984,0.2586666666666666,fraction,250,0,forbidden,nan,0,nan,5.9299999999999998e-07,nan,nan,nan,nan,nan,initial position is outside the energy-allowed region
76,331,0.79057732437276274,0.2586666666666666,fraction,250,0,forbidden,nan,0,nan,3.5600000000000001e-07,nan,nan,nan,nan,nan,initial position is outside the energy-allowed region
76,332,0.79057804226484574,0.2586666666666666,fraction,250,0,forbidden,nan,0,nan,8.7000000000000003e-07,nan,nan,nan,nan,nan,initial position is outside the energy-allowed region
76,333,0.79057876015692874,0.2586666666666666,fraction,250,0,forbidden,nan,0,nan,7.1716000000000003e-05,nan,nan,nan,nan,nan,initial position is outside the energy-allowed region
76,334,0.79057947804901174,0.2586666666666666,fraction,250,0,forbidden,nan,0,nan,3.8500000000000002e-07,nan,nan,nan,nan,nan,initial position is outside the energy-allowed region
76,335,0.79058019594109474,0.2586666666666666,fraction,250,0,forbidden,nan,0,nan,3.96e-07,nan,nan,nan,nan,nan,initial position is outside the energy-allowed region
76,336,0.79058091383317763,0.2586666666666666,fraction,250,0,forbidden,nan,0,nan,3.8500000000000002e-07,nan,nan,nan,nan,nan,initial position is outside the energy-allowed region
76,337,0.79058163172526064,0.2586666666666666,fraction,250,0,forbidden,nan,0,nan,5.1399999999999997e-07,nan,nan,nan,nan,nan,initial position is outside the energy-allowed region
76,338,0.79058234961734364,0.2586666666666666,fraction,250,0,forbidden,nan,0,nan,5.2399999999999998e-07,nan,nan,nan,nan,nan,initial position is outside the energy-allowed region
76,339,0.79058306750942664,0.2586666666666666,fraction,250,0,forbidden,nan,0,nan,4.7399999999999998e-07,nan,nan,nan,nan,nan,initial position is outside the energy-allowed region
76,340,0.79058378540150964,0.2586666666666666,fraction,250,0,forbidden,nan,0,nan,3.5499999999999999e-07,nan,nan,nan,nan,nan,initial position is outside the energy-allowed region
76,341,0.79058450329359264,0.2586666666666666,fraction,250,0,forbidden,nan,0,nan,2.5187000000000001e-05,nan,nan,nan,nan,nan,initial position is outside the energy-allowed region
77,323,0.79057158123609894,0.27483333333333326,fraction,250,0,forbidden,nan,0,nan,1.7476999999999999e-05,nan,nan,nan,nan,nan,initial position is outside the energy-allowed region
77,324,0.79057229912818194,0.27483333333333326,fraction,250,0,forbidden,nan,0,nan,3.3700000000000001e-07,nan,nan,nan,nan,nan,initial position is outside the energy-allowed region
77,325,0.79057301702026495,0.27483333333333326,fraction,250,0,forbidden,nan,0,nan,4.0499999999999999e-07,nan,nan,nan,nan,nan,initial position is outside the energy-allowed region
77,326,0.79057373491234784,0.27483333333333326,fraction,250,0,forbidden,nan,0,nan,3.9499999999999998e-07,nan,nan,nan,nan,nan,initial position is outside the energy-allowed region
77,327,0.79057445280443084,0.27483333333333326,fraction,250,0,forbidden,nan,0,nan,5.1399999999999997e-07,nan,nan,nan,nan,nan,initial position is outside the energy-allowed region
77,328,0.79057517069651384,0.27483333333333326,fraction,250,0,forbidden,nan,0,nan,4.0499999999999999e-07,nan,nan,nan,nan,nan,initial position is outside the energy-allowed region
77,329,0.79057588858859684,0.27483333333333326,fraction,250,0,forbidden,nan,0,nan,4.4499999999999997e-07,nan,nan,nan,nan,nan,initial position is outside the energy-allowed region
77,330,0.79057660648067984,0.27483333333333326,fraction,250,0,forbidden,nan,0,nan,6.13e-07,nan,nan,nan,nan,nan,initial position is outside the energy-allowed region
77,331,0.79057732437276274,0.27483333333333326,fraction,250,0,forbidden,nan,0,nan,3.8599999999999999e-07,nan,nan,nan,nan,nan,initial position is outside the energy-allowed region
77,332,0.79057804226484574,0.27483333333333326,fraction,250,0,forbidden,nan,0,nan,5.5400000000000001e-07,nan,nan,nan,nan,nan,initial position is outside the energy-allowed region
77,333,0.79057876015692874,0.27483333333333326,fraction,250,0,forbidden,nan,0,nan,0.00016065200000000001,nan,nan,nan,nan,nan,initial position is outside the energy-allowed region
77,334,0.79057947804901174,0.27483333333333326,fraction,250,0,forbidden,nan,0,nan,3.65e-07,nan,nan,nan,nan,nan,initial position is outside the energy-allowed region
77,335,0.79058019594109474,0.27483333333333326,fraction,250,0,forbidden,nan,0,nan,4.4499999999999997e-07,nan,nan,nan,nan,nan,initial position is outside the energy-allowed region
77,336,0.79058091383317763,0.27483333333333326,fraction,250,0,forbidden,nan,0,nan,4.15e-07,nan,nan,nan,nan,nan,initial position is outside the energy-allowed region
77,337,0.79058163172526064,0.27483333333333326,fraction,250,0,forbidden,nan,0,nan,4.1600000000000002e-07,nan,nan,nan,nan,nan,initial position is outside the energy-allowed region
77,338,0.79058234961734364,0.27483333333333326,fraction,250,0,forbidden,nan,0,nan,3.6600000000000002e-07,nan,nan,nan,nan,nan,initial position is outside the energy-allowed region
77,339,0.79058306750942664,0.27483333333333326,fraction,250,0,forbidden,nan,0,nan,6.92e-07,nan,nan,nan,nan,nan,initial position is outside the energy-allowed region
77,340,0.79058378540150964,0.27483333333333326,fraction,250,0,forbidden,nan,0,nan,3.5600000000000001e-07,nan,nan,nan,nan,nan,initial position is outside the energy-allowed region
77,341,0.79058450329359264,0.27483333333333326,fraction,250,0,forbidden,nan,0,nan,3.8689999999999997e-05,nan,nan,nan,nan,nan,initial position is outside the energy-allowed region
78,323,0.79057158123609894,0.29099999999999993,fraction,250,0,forbidden,nan,0,nan,2.0778e-05,nan,nan,nan,nan,nan,initial position is outside the energy-allowed region
78,324,0.79057229912818194,0.29099999999999993,fraction,250,0,forbidden,nan,0,nan,3.2599999999999998e-07,nan,nan,nan,nan,nan,initial position is outside the energy-allowed region
78,325,0.79057301702026495,0.29099999999999993,fraction,250,0,forbidden,nan,0,nan,3.6600000000000002e-07,nan,nan,nan,nan,nan,initial position is outside the energy-allowed region
78,326,0.79057373491234784,0.29099999999999993,fraction,250,0,forbidden,nan,0,nan,4.4499999999999997e-07,nan,nan,nan,nan,nan,initial position is outside the energy-allowed region
78,327,0.79057445280443084,0.29099999999999993,fraction,250,0,forbidden,nan,0,nan,4.5400000000000002e-07,nan,nan,nan,nan,nan,initial position is outside the energy-allowed region
78,328,0.79057517069651384,0.29099999999999993,fraction,250,0,forbidden,nan,0,nan,3.9499999999999998e-07,nan,nan,nan,nan,nan,initial position is outside the energy-allowed region
78,329,0.79057588858859684,0.29099999999999993,fraction,250,0,forbidden,nan,0,nan,3.96e-07,nan,nan,nan,nan,nan,initial position is outside the energy-allowed region
78,330,0.79057660648067984,0.29099999999999993,fraction,250,0,forbidden,nan,0,nan,3.6600000000000002e-07,nan,nan,nan,nan,nan,initial position is outside the energy-allowed region
78,331,0.79057732437276274,0.29099999999999993,fraction,250,0,forbidden,nan,0,nan,4.0600000000000001e-07,nan,nan,nan,nan,nan,initial position is outside the energy-allowed region
78,332,0.79057804226484574,0.29099999999999993,fraction,250,0,forbidden,nan,0,nan,2.8700000000000002e-07,nan,nan,nan,nan,nan,initial position is outside the energy-allowed region
78,333,0.79057876015692874,0.29099999999999993,fraction,250,0,forbidden,nan,0,nan,3.5525999999999998e-05,nan,nan,nan,nan,nan,initial position is outside the energy-allowed region
78,334,0.79057947804901174,0.29099999999999993,fraction,250,0,forbidden,nan,0,nan,5.0399999999999996e-07,nan,nan,nan,nan,nan,initial position is outside the energy-allowed region
78,335,0.79058019594109474,0.29099999999999993,fraction,250,0,forbidden,nan,0,nan,3.3599999999999999e-07,nan,nan,nan,nan,nan,initial position is outside the energy-allowed region
78,336,0.79058091383317763,0.29099999999999993,fraction,250,0,forbidden,nan,0,nan,3.9499999999999998e-07,nan,nan,nan,nan,nan,initial position is outside the energy-allowed region
78,337,0.79058163172526064,0.29099999999999993,fraction,250,0,forbidden,nan,0,nan,3.8500000000000002e-07,nan,nan,nan,nan,nan,initial position is outside the energy-allowed region
78,338,0.79058234961734364,0.29099999999999993,fraction,250,0,forbidden,nan,0,nan,3.96e-07,nan,nan,nan,nan,nan,initial position is outside the energy-allowed region
78,339,0.79058306750942664,0.29099999999999993,fraction,250,0,forbidden,nan,0,nan,6.92e-07,nan,nan,nan,nan,nan,initial position is outside the energy-allowed region
78,340,0.79058378540150964,0.29099999999999993,fraction,250,0,forbidden,nan,0,nan,4.5499999999999998e-07,nan,nan,nan,nan,nan,initial position is outside the energy-allowed region
78,341,0.79058450329359264,0.29099999999999993,fraction,250,0,forbidden,nan,0,nan,6.0239999999999999e-05,nan,nan,nan,nan,nan,initial position is outside the energy-allowed region
79,323,0.79057158123609894,0.30716666666666659,fraction,250,0,forbidden,nan,0,nan,1.8436000000000001e-05,nan,nan,nan,nan,nan,initial position is outside the energy-allowed region
79,324,0.79057229912818194,0.30716666666666659,fraction,250,0,forbidden,nan,0,nan,3.9499999999999998e-07,nan,nan,nan,nan,nan,initial position is outside the energy-allowed region
79,325,0.79057301702026495,0.30716666666666659,fraction,250,0,forbidden,nan,0,nan,3.8500000000000002e-07,nan,nan,nan,nan,nan,initial position is outside the energy-allowed region
79,326,0.79057373491234784,0.30716666666666659,fraction,250,0,forbidden,nan,0,nan,3.5600000000000001e-07,nan,nan,nan,nan,nan,initial position is outside the energy-allowed region
79,327,0.79057445280443084,0.30716666666666659,fraction,250,0,forbidden,nan,0,nan,4.0499999999999999e-07,nan,nan,nan,nan,nan,initial position is outside the energy-allowed region
79,328,0.79057517069651384,0.30716666666666659,fraction,250,0,forbidden,nan,0,nan,4.6499999999999999e-07,nan,nan,nan,nan,nan,initial position is outside the energy-allowed region
79,329,0.79057588858859684,0.30716666666666659,fraction,250,0,forbidden,nan,0,nan,4.0499999999999999e-07,nan,nan,nan,nan,nan,initial position is outside the energy-allowed region
79,330,0.79057660648067984,0.30716666666666659,fraction,250,0,forbidden,nan,0,nan,5.0399999999999996e-07,nan,nan,nan,nan,nan,initial position is outside the energy-allowed region
79,331,0.79057732437276274,0.30716666666666659,fraction,250,0,forbidden,nan,0,nan,4.5400000000000002e-07,nan,nan,nan,nan,nan,initial position is outside the energy-allowed region
79,332,0.79057804226484574,0.30716666666666659,fraction,250,0,forbidden,nan,0,nan,6.92e-07,nan,nan,nan,nan,nan,initial position is outside the energy-allowed region
79,333,0.79057876015692874,0.30716666666666659,fraction,250,0,forbidden,nan,0,nan,4.2110999999999997e-05,nan,nan,nan,nan,nan,initial position is outside the energy-allowed region
79,334,0.79057947804901174,0.30716666666666659,fraction,250,0,forbidden,nan,0,nan,3.7500000000000001e-07,nan,nan,nan,nan,nan,initial position is outside the energy-allowed region
79,335,0.79058019594109474,0.30716666666666659,fraction,250,0,forbidden,nan,0,nan,5.0399999999999996e-07,nan,nan,nan,nan,nan,initial position is outside the energy-allowed region
79,336,0.79058091383317763,0.30716666666666659,fraction,250,0,forbidden,nan,0,nan,3.8599999999999999e-07,nan,nan,nan,nan,nan,initial position is outside the energy-allowed region
79,337,0.79058163172526064,0.30716666666666659,fraction,250,0,forbidden,nan,0,nan,4.5400000000000002e-07,nan,nan,nan,nan,nan,initial position is outside the energy-allowed region
79,338,0.79058234961734364,0.30716666666666659,fraction,250,0,forbidden,nan,0,nan,4.8400000000000005e-07,nan,nan,nan,nan,nan,initial position is outside the energy-allowed region
79,339,0.79058306750942664,0.30716666666666659,fraction,250,0,forbidden,nan,0,nan,4.7399999999999998e-07,nan,nan,nan,nan,nan,initial position is outside the energy-allowed region
79,340,0.79058378540150964,0.30716666666666659,fraction,250,0,forbidden,nan,0,nan,4.0216999999999998e-05,nan,nan,nan,nan,nan,initial position is outside the energy-allowed region
79,341,0.79058450329359264,0.30716666666666659,fraction,250,0,forbidden,nan,0,nan,4.8862000000000001e-05,nan,nan,nan,nan,nan,initial position is outside the energy-allowed region
80,323,0.79057158123609894,0.32333333333333325,fraction,250,0,forbidden,nan,0,nan,1.9701e-05,nan,nan,nan,nan,nan,initial position is outside the energy-allowed region
80,324,0.79057229912818194,0.32333333333333325,fraction,250,0,forbidden,nan,0,nan,4.0499999999999999e-07,nan,nan,nan,nan,nan,initial position is outside the energy-allowed region
80,325,0.79057301702026495,0.32333333333333325,fraction,250,0,forbidden,nan,0,nan,3.8500000000000002e-07,nan,nan,nan,nan,nan,initial position is outside the energy-allowed region
80,326,0.79057373491234784,0.32333333333333325,fraction,250,0,forbidden,nan,0,nan,4.6499999999999999e-07,nan,nan,nan,nan,nan,initial position is outside the energy-allowed region
80,327,0.79057445280443084,0.32333333333333325,fraction,250,0,forbidden,nan,0,nan,4.9399999999999995e-07,nan,nan,nan,nan,nan,initial position is outside the energy-allowed region
80,328,0.79057517069651384,0.32333333333333325,fraction,250,0,forbidden,nan,0,nan,3.8500000000000002e-07,nan,nan,nan,nan,nan,initial position is outside the energy-allowed region
80,329,0.79057588858859684,0.32333333333333325,fraction,250,0,forbidden,nan,0,nan,4.4499999999999997e-07,nan,nan,nan,nan,nan,initial position is outside the energy-allowed region
80,330,0.79057660648067984,0.32333333333333325,fraction,250,0,forbidden,nan,0,nan,2.8700000000000002e-07,nan,nan,nan,nan,nan,initial position is outside the energy-allowed region
80,331,0.79057732437276274,0.32333333333333325,fraction,250,0,forbidden,nan,0,nan,3.96e-07,nan,nan,nan,nan,nan,initial position is outside the energy-allowed region
80,332,0.79057804226484574,0.32333333333333325,fraction,250,0,forbidden,nan,0,nan,7.1200000000000002e-07,nan,nan,nan,nan,nan,initial position is outside the energy-allowed region
80,333,0.79057876015692874,0.32333333333333325,fraction,250,0,forbidden,nan,0,nan,0.000129741,nan,nan,nan,nan,nan,initial position is outside the energy-allowed region
80,334,0.79057947804901174,0.32333333333333325,fraction,250,0,forbidden,nan,0,nan,3.8599999999999999e-07,nan,nan,nan,nan,nan,initial position is outside the energy-allowed region
80,335,0.79058019594109474,0.32333333333333325,fraction,250,0,forbidden,nan,0,nan,4.8500000000000002e-07,nan,nan,nan,nan,nan,initial position is outside the energy-allowed region
80,336,0.79058091383317763,0.32333333333333325,fraction,250,0,forbidden,nan,0,nan,4.3500000000000002e-07,nan,nan,nan,nan,nan,initial position is outside the energy-allowed region
80,337,0.79058163172526064,0.32333333333333325,fraction,250,0,forbidden,nan,0,nan,3.6600000000000002e-07,nan,nan,nan,nan,nan,initial position is outside the energy-allowed region
80,338,0.79058234961734364,0.32333333333333325,fraction,250,0,forbidden,nan,0,nan,4.3500000000000002e-07,nan,nan,nan,nan,nan,initial position is outside the energy-allowed region
80,339,0.79058306750942664,0.32333333333333325,fraction,250,0,forbidden,nan,0,nan,4.0499999999999999e-07,nan,nan,nan,nan,nan,initial position is outside the energy-allowed region
80,340,0.79058378540150964,0.32333333333333325,fraction,250,0,forbidden,nan,0,nan,3.9499999999999998e-07,nan,nan,nan,nan,nan,initial position is outside the energy-allowed region
80,341,0.79058450329359264,0.32333333333333325,fraction,250,0,forbidden,nan,0,nan,0.00018154900000000001,nan,nan,nan,nan,nan,initial position is outside the energy-allowed region
81,323,0.79057158123609894,0.33949999999999991,fraction,250,0,forbidden,nan,0,nan,1.8386e-05,nan,nan,nan,nan,nan,initial position is outside the energy-allowed region
81,324,0.79057229912818194,0.33949999999999991,fraction,250,0,forbidden,nan,0,nan,4.2500000000000001e-07,nan,nan,nan,nan,nan,initial position is outside the energy-allowed region
81,325,0.79057301702026495,0.33949999999999991,fraction,250,0,forbidden,nan,0,nan,7.8100000000000002e-07,nan,nan,nan,nan,nan,initial position is outside the energy-allowed region
81,326,0.79057373491234784,0.33949999999999991,fraction,250,0,forbidden,nan,0,nan,4.4499999999999997e-07,nan,nan,nan,nan,nan,initial position is outside the energy-allowed region
81,327,0.79057445280443084,0.33949999999999991,fraction,250,0,forbidden,nan,0,nan,3.9499999999999998e-07,nan,nan,nan,nan,nan,initial position is outside the energy-allowed region
81,328,0.79057517069651384,0.33949999999999991,fraction,250,0,forbidden,nan,0,nan,3.7500000000000001e-07,nan,nan,nan,nan,nan,initial position is outside the energy-allowed region
81,329,0.79057588858859684,0.33949999999999991,fraction,250,0,forbidden,nan,0,nan,6.0299999999999999e-07,nan,nan,nan,nan,nan,initial position is outside the energy-allowed region
81,330,0.79057660648067984,0.33949999999999991,fraction,250,0,forbidden,nan,0,nan,6.2300000000000001e-07,nan,nan,nan,nan,nan,initial position is outside the energy-allowed region
81,331,0.79057732437276274,0.33949999999999991,fraction,250,0,forbidden,nan,0,nan,8.0999999999999997e-07,nan,nan,nan,nan,nan,initial position is outside the energy-allowed region
81,332,0.79057804226484574,0.33949999999999991,fraction,250,0,forbidden,nan,0,nan,4.15e-07,nan,nan,nan,nan,nan,initial position is outside the energy-allowed region
81,333,0.79057876015692874,0.33949999999999991,fraction,250,0,forbidden,nan,0,nan,4.3603000000000002e-05,nan,nan,nan,nan,nan,initial position is outside the energy-allowed region
81,334,0.79057947804901174,0.33949999999999991,fraction,250,0,forbidden,nan,0,nan,4.3500000000000002e-07,nan,nan,nan,nan,nan,initial position is outside the energy-allowed region
81,335,0.79058019594109474,0.33949999999999991,fraction,250,0,forbidden,nan,0,nan,3.8500000000000002e-07,nan,nan,nan,nan,nan,initial position is outside the energy-allowed region
81,336,0.79058091383317763,0.33949999999999991,fraction,250,0,forbidden,nan,0,nan,3.7599999999999998e-07,nan,nan,nan,nan,nan,initial position is outside the energy-allowed region
81,337,0.79058163172526064,0.33949999999999991,fraction,250,0,forbidden,nan,0,nan,3.3599999999999999e-07,nan,nan,nan,nan,nan,initial position is outside the energy-allowed region
81,338,0.79058234961734364,0.33949999999999991,fraction,250,0,forbidden,nan,0,nan,7.4199999999999995e-07,nan,nan,nan,nan,nan,initial position is outside the energy-allowed region
81,339,0.79058306750942664,0.33949999999999991,fraction,250,0,forbidden,nan,0,nan,3.96e-07,nan,nan,nan,nan,nan,initial position is outside the energy-allowed region
81,340,0.79058378540150964,0.33949999999999991,fraction,250,0,forbidden,nan,0,nan,3.96e-07,nan,nan,nan,nan,nan,initial position is outside the energy-allowed region
81,341,0.79058450329359264,0.33949999999999991,fraction,250,0,forbidden,nan,0,nan,2.6976999999999999e-05,nan,nan,nan,nan,nan,initial position is outside the energy-allowed region
82,323,0.79057158123609894,0.35566666666666658,fraction,250,0,forbidden,nan,0,nan,1.9463e-05,nan,nan,nan,nan,nan,initial position is outside the energy-allowed region
82,324,0.79057229912818194,0.35566666666666658,fraction,250,0,forbidden,nan,0,nan,3.7599999999999998e-07,nan,nan,nan,nan,nan,initial position is outside the energy-allowed region
82,325,0.79057301702026495,0.35566666666666658,fraction,250,0,forbidden,nan,0,nan,2.96e-07,nan,nan,nan,nan,nan,initial position is outside the energy-allowed region
82,326,0.79057373491234784,0.35566666666666658,fraction,250,0,forbidden,nan,0,nan,3.8500000000000002e-07,nan,nan,nan,nan,nan,initial position is outside the energy-allowed region
82,327,0.79057445280443084,0.35566666666666658,fraction,250,0,forbidden,nan,0,nan,4.15e-07,nan,nan,nan,nan,nan,initial position is outside the energy-allowed region
82,328,0.79057517069651384,0.35566666666666658,fraction,250,0,forbidden,nan,0,nan,4.6499999999999999e-07,nan,nan,nan,nan,nan,initial position is outside the energy-allowed region
82,329,0.79057588858859684,0.35566666666666658,fraction,250,0,forbidden,nan,0,nan,3.7500000000000001e-07,nan,nan,nan,nan,nan,initial position is outside the energy-allowed region
82,330,0.79057660648067984,0.35566666666666658,fraction,250,0,forbidden,nan,0,nan,4.15e-07,nan,nan,nan,nan,nan,initial position is outside the energy-allowed region
82,331,0.79057732437276274,0.35566666666666658,fraction,250,0,forbidden,nan,0,nan,3.5600000000000001e-07,nan,nan,nan,nan,nan,initial position is outside the energy-allowed region
82,332,0.79057804226484574,0.35566666666666658,fraction,250,0,forbidden,nan,0,nan,3.3599999999999999e-07,nan,nan,nan,nan,nan,initial position is outside the energy-allowed region
82,333,0.79057876015692874,0.35566666666666658,fraction,250,0,forbidden,nan,0,nan,3.5457999999999998e-05,nan,nan,nan,nan,nan,initial position is outside the energy-allowed region
82,334,0.79057947804901174,0.35566666666666658,fraction,250,0,forbidden,nan,0,nan,3.9499999999999998e-07,nan,nan,nan,nan,nan,initial position is outside the energy-allowed region
82,335,0.79058019594109474,0.35566666666666658,fraction,250,0,forbidden,nan,0,nan,5.7299999999999996e-07,nan,nan,nan,nan,nan,initial position is outside the energy-allowed region
82,336,0.79058091383317763,0.35566666666666658,fraction,250,0,forbidden,nan,0,nan,4.0600000000000001e-07,nan,nan,nan,nan,nan,initial position is outside the energy-allowed region
82,337,0.79058163172526064,0.35566666666666658,fraction,250,0,forbidden,nan,0,nan,3.8500000000000002e-07,nan,nan,nan,nan,nan,initial position is outside the energy-allowed region
82,338,0.79058234961734364,0.35566666666666658,fraction,250,0,forbidden,nan,0,nan,3.96e-07,nan,nan,nan,nan,nan,initial position is outside the energy-allowed region
82,339,0.79058306750942664,0.35566666666666658,fraction,250,0,forbidden,nan,0,nan,3.5600000000000001e-07,nan,nan,nan,nan,nan,initial position is outside the energy-allowed region
82,340,0.79058378540150964,0.35566666666666658,fraction,250,0,forbidden,nan,0,nan,3.8599999999999999e-07,nan,nan,nan,nan,nan,initial position is outside the energy-allowed region
82,341,0.79058450329359264,0.35566666666666658,fraction,250,0,forbidden,nan,0,nan,4.6411e-05,nan,nan,nan,nan,nan,initial position is outside the energy-allowed region
83,323,0.79057158123609894,0.37183333333333324,fraction,250,0,forbidden,nan,0,nan,1.8742000000000001e-05,nan,nan,nan,nan,nan,initial position is outside the energy-allowed region
83,324,0.79057229912818194,0.37183333333333324,fraction,250,0,forbidden,nan,0,nan,3.9499999999999998e-07,nan,nan,nan,nan,nan,initial position is outside the energy-allowed region
83,325,0.79057301702026495,0.37183333333333324,fraction,250,0,forbidden,nan,0,nan,4.0499999999999999e-07,nan,nan,nan,nan,nan,initial position is outside the energy-allowed region
83,326,0.79057373491234784,0.37183333333333324,fraction,250,0,forbidden,nan,0,nan,2.9700000000000003e-07,nan,nan,nan,nan,nan,initial position is outside the energy-allowed region
83,327,0.79057445280443084,0.37183333333333324,fraction,250,0,forbidden,nan,0,nan,3.8599999999999999e-07,nan,nan,nan,nan,nan,initial position is outside the energy-allowed region
83,328,0.79057517069651384,0.37183333333333324,fraction,250,0,forbidden,nan,0,nan,3.96e-07,nan,nan,nan,nan,nan,initial position is outside the energy-allowed region
83,329,0.79057588858859684,0.37183333333333324,fraction,250,0,forbidden,nan,0,nan,3.8500000000000002e-07,nan,nan,nan,nan,nan,initial position is outside the energy-allowed region
83,330,0.79057660648067984,0.37183333333333324,fraction,250,0,forbidden,nan,0,nan,4.0499999999999999e-07,nan,nan,nan,nan,nan,initial position is outside the energy-allowed region
83,331,0.79057732437276274,0.37183333333333324,fraction,250,0,forbidden,nan,0,nan,3.7500000000000001e-07,nan,nan,nan,nan,nan,initial position is outside the energy-allowed region
83,332,0.79057804226484574,0.37183333333333324,fraction,250,0,forbidden,nan,0,nan,3.96e-07,nan,nan,nan,nan,nan,initial position is outside the energy-allowed region
83,333,0.79057876015692874,0.37183333333333324,fraction,250,0,forbidden,nan,0,nan,2.5375e-05,nan,nan,nan,nan,nan,initial position is outside the energy-allowed region
83,334,0.79057947804901174,0.37183333333333324,fraction,250,0,forbidden,nan,0,nan,9.6800000000000009e-07,nan,nan,nan,nan,nan,initial position is outside the energy-allowed region
83,335,0.79058019594109474,0.37183333333333324,fraction,250,0,forbidden,nan,0,nan,3.8599999999999999e-07,nan,nan,nan,nan,nan,initial position is outside the energy-allowed region
83,336,0.79058091383317763,0.37183333333333324,fraction,250,0,forbidden,nan,0,nan,4.0499999999999999e-07,nan,nan,nan,nan,nan,initial position is outside the energy-allowed region
83,337,0.79058163172526064,0.37183333333333324,fraction,250,0,forbidden,nan,0,nan,4.0499999999999999e-07,nan,nan,nan,nan,nan,initial position is outside the energy-allowed region
83,338,0.79058234961734364,0.37183333333333324,fraction,250,0,forbidden,nan,0,nan,4.1600000000000002e-07,nan,nan,nan,nan,nan,initial position is outside the energy-allowed region
83,339,0.79058306750942664,0.37183333333333324,fraction,250,0,forbidden,nan,0,nan,3.9499999999999998e-07,nan,nan,nan,nan,nan,initial position is outside the energy-allowed region
83,340,0.79058378540150964,0.37183333333333324,fraction,250,0,forbidden,nan,0,nan,4.34e-07,nan,nan,nan,nan,nan,initial position is outside the energy-allowed region
83,341,0.79058450329359264,0.37183333333333324,fraction,250,0,forbidden,nan,0,nan,7.1181999999999997e-05,nan,nan,nan,nan,nan,initial position is outside the energy-allowed region
84,323,0.79057158123609894,0.3879999999999999,fraction,250,0,forbidden,nan,0,nan,1.8337000000000001e-05,nan,nan,nan,nan,nan,initial position is outside the energy-allowed region
84,324,0.79057229912818194,0.3879999999999999,fraction,250,0,forbidden,nan,0,nan,3.46e-07,nan,nan,nan,nan,nan,initial position is outside the energy-allowed region
84,325,0.79057301702026495,0.3879999999999999,fraction,250,0,forbidden,nan,0,nan,1.246e-06,nan,nan,nan,nan,nan,initial position is outside the energy-allowed region
84,326,0.79057373491234784,0.3879999999999999,fraction,250,0,forbidden,nan,0,nan,6.13e-07,nan,nan,nan,nan,nan,initial position is outside the energy-allowed region
84,327,0.79057445280443084,0.3879999999999999,fraction,250,0,forbidden,nan,0,nan,5.3399999999999999e-07,nan,nan,nan,nan,nan,initial position is outside the energy-allowed region
84,328,0.79057517069651384,0.3879999999999999,fraction,250,0,forbidden,nan,0,nan,3.9499999999999998e-07,nan,nan,nan,nan,nan,initial position is outside the energy-allowed region
84,329,0.79057588858859684,0.3879999999999999,fraction,250,0,forbidden,nan,0,nan,5.3300000000000002e-07,nan,nan,nan,nan,nan,initial position is outside the energy-allowed region
84,330,0.79057660648067984,0.3879999999999999,fraction,250,0,forbidden,nan,0,nan,3.1600000000000002e-07,nan,nan,nan,nan,nan,initial position is outside the energy-allowed region
84,331,0.79057732437276274,0.3879999999999999,fraction,250,0,forbidden,nan,0,nan,3.9499999999999998e-07,nan,nan,nan,nan,nan,initial position is outside the energy-allowed region
84,332,0.79057804226484574,0.3879999999999999,fraction,250,0,forbidden,nan,0,nan,3.8599999999999999e-07,nan,nan,nan,nan,nan,initial position is outside the energy-allowed region
84,333,0.79057876015692874,0.3879999999999999,fraction,250,0,forbidden,nan,0,nan,0.000210077,nan,nan,nan,nan,nan,initial position is outside the energy-allowed region
84,334,0.79057947804901174,0.3879999999999999,fraction,250,0,forbidden,nan,0,nan,3.8599999999999999e-07,nan,nan,nan,nan,nan,initial position is outside the energy-allowed region
84,335,0.79058019594109474,0.3879999999999999,fraction,250,0,forbidden,nan,0,nan,4.0499999999999999e-07,nan,nan,nan,nan,nan,initial position is outside the energy-allowed region
84,336,0.79058091383317763,0.3879999999999999,fraction,250,0,forbidden,nan,0,nan,3.8500000000000002e-07,nan,nan,nan,nan,nan,initial position is outside the energy-allowed region
84,337,0.79058163172526064,0.3879999999999999,fraction,250,0,forbidden,nan,0,nan,4.7399999999999998e-07,nan,nan,nan,nan,nan,initial position is outside the energy-allowed region
84,338,0.79058234961734364,0.3879999999999999,fraction,250,0,forbidden,nan,0,nan,3.8599999999999999e-07,nan,nan,nan,nan,nan,initial position is outside the energy-allowed region
84,339,0.79058306750942664,0.3879999999999999,fraction,250,0,forbidden,nan,0,nan,3.96e-07,nan,nan,nan,nan,nan,initial position is outside the energy-allowed region
84,340,0.79058378540150964,0.3879999999999999,fraction,250,0,forbidden,nan,0,nan,3.9499999999999998e-07,nan,nan,nan,nan,nan,initial position is outside the energy-allowed region
84,341,0.79058450329359264,0.3879999999999999,fraction,250,0,forbidden,nan,0,nan,9.891e-05,nan,nan,nan,nan,nan,initial position is outside the energy-allowed region
85,323,0.79057158123609894,0.40416666666666656,fraction,250,0,forbidden,nan,0,nan,1.8425000000000001e-05,nan,nan,nan,nan,nan,initial position is outside the energy-allowed region
85,324,0.79057229912818194,0.40416666666666656,fraction,250,0,forbidden,nan,0,nan,4.2500000000000001e-07,nan,nan,nan,nan,nan,initial position is outside the energy-allowed region
85,325,0.79057301702026495,0.40416666666666656,fraction,250,0,forbidden,nan,0,nan,3.9499999999999998e-07,nan,nan,nan,nan,nan,initial position is outside the energy-allowed region
85,326,0.79057373491234784,0.40416666666666656,fraction,250,0,forbidden,nan,0,nan,4.15e-07,nan,nan,nan,nan,nan,initial position is outside the energy-allowed region
85,327,0.79057445280443084,0.40416666666666656,fraction,250,0,forbidden,nan,0,nan,3.9499999999999998e-07,nan,nan,nan,nan,nan,initial position is outside the energy-allowed region
85,328,0.79057517069651384,0.40416666666666656,fraction,250,0,forbidden,nan,0,nan,4.2500000000000001e-07,nan,nan,nan,nan,nan,initial position is outside the energy-allowed region
85,329,0.79057588858859684,0.40416666666666656,fraction,250,0,forbidden,nan,0,nan,3.8500000000000002e-07,nan,nan,nan,nan,nan,initial position is outside the energy-allowed region
85,330,0.79057660648067984,0.40416666666666656,fraction,250,0,forbidden,nan,0,nan,3.8599999999999999e-07,nan,nan,nan,nan,nan,initial position is outside the energy-allowed region
85,331,0.79057732437276274,0.40416666666666656,fraction,250,0,forbidden,nan,0,nan,4.0499999999999999e-07,nan,nan,nan,nan,nan,initial position is outside the energy-allowed region
85,332,0.79057804226484574,0.40416666666666656,fraction,250,0,forbidden,nan,0,nan,3.8599999999999999e-07,nan,nan,nan,nan,nan,initial position is outside the energy-allowed region
85,333,0.79057876015692874,0.40416666666666656,fraction,250,0,forbidden,nan,0,nan,2.6047e-05,nan,nan,nan,nan,nan,initial position is outside the energy-allowed region
85,334,0.79057947804901174,0.40416666666666656,fraction,250,0,forbidden,nan,0,nan,3.8500000000000002e-07,nan,nan,nan,nan,nan,initial position is outside the energy-allowed region
85,335,0.79058019594109474,0.40416666666666656,fraction,250,0,forbidden,nan,0,nan,5.1399999999999997e-07,nan,nan,nan,nan,nan,initial position is outside the energy-allowed region
85,336,0.79058091383317763,0.40416666666666656,fraction,250,0,forbidden,nan,0,nan,4.3500000000000002e-07,nan,nan,nan,nan,nan,initial position is outside the energy-allowed region
85,337,0.79058163172526064,0.40416666666666656,fraction,250,0,forbidden,nan,0,nan,5.0399999999999996e-07,nan,nan,nan,nan,nan,initial position is outside the energy-allowed region
85,338,0.79058234961734364,0.40416666666666656,fraction,250,0,forbidden,nan,0,nan,4.2500000000000001e-07,nan,nan,nan,nan,nan,initial position is outside the energy-allowed region
85,339,0.79058306750942664,0.40416666666666656,fraction,250,0,forbidden,nan,0,nan,5.1399999999999997e-07,nan,nan,nan,nan,nan,initial position is outside the energy-allowed region
85,340,0.79058378540150964,0.40416666666666656,fraction,250,0,forbidden,nan,0,nan,3.9499999999999998e-07,nan,nan,nan,nan,nan,initial position is outside the energy-allowed region
85,341,0.79058450329359264,0.40416666666666656,fraction,250,0,forbidden,nan,0,nan,0.000110412,nan,nan,nan,nan,nan,initial position is outside the energy-allowed region
86,323,0.79057158123609894,0.42033333333333323,fraction,250,0,forbidden,nan,0,nan,6.8067999999999999e-05,nan,nan,nan,nan,nan,initial position is outside the energy-allowed region
86,324,0.79057229912818194,0.42033333333333323,fraction,250,0,forbidden,nan,0,nan,3.7599999999999998e-07,nan,nan,nan,nan,nan,initial position is outside the energy-allowed region
86,325,0.79057301702026495,0.42033333333333323,fraction,250,0,forbidden,nan,0,nan,3.7599999999999998e-07,nan,nan,nan,nan,nan,initial position is outside the energy-allowed region
86,326,0.79057373491234784,0.42033333333333323,fraction,250,0,forbidden,nan,0,nan,3.7500000000000001e-07,nan,nan,nan,nan,nan,initial position is outside the energy-allowed region
86,327,0.79057445280443084,0.42033333333333323,fraction,250,0,forbidden,nan,0,nan,3.7599999999999998e-07,nan,nan,nan,nan,nan,initial position is outside the energy-allowed region
86,328,0.79057517069651384,0.42033333333333323,fraction,250,0,forbidden,nan,0,nan,3.96e-07,nan,nan,nan,nan,nan,initial position is outside the energy-allowed region
86,329,0.79057588858859684,0.42033333333333323,fraction,250,0,forbidden,nan,0,nan,4.0499999999999999e-07,nan,nan,nan,nan,nan,initial position is outside the energy-allowed region
86,330,0.79057660648067984,0.42033333333333323,fraction,250,0,forbidden,nan,0,nan,3.46e-07,nan,nan,nan,nan,nan,initial position is outside the energy-allowed region
86,331,0.79057732437276274,0.42033333333333323,fraction,250,0,forbidden,nan,0,nan,4.6499999999999999e-07,nan,nan,nan,nan,nan,initial position is outside the energy-allowed region
86,332,0.79057804226484574,0.42033333333333323,fraction,250,0,forbidden,nan,0,nan,3.7599999999999998e-07,nan,nan,nan,nan,nan,initial position is outside the energy-allowed region
86,333,0.79057876015692874,0.42033333333333323,fraction,250,0,forbidden,nan,0,nan,4.4373999999999999e-05,nan,nan,nan,nan,nan,initial position is outside the energy-allowed region
86,334,0.79057947804901174,0.42033333333333323,fraction,250,0,forbidden,nan,0,nan,9.4900000000000004e-07,nan,nan,nan,nan,nan,initial position is outside the energy-allowed region
86,335,0.79058019594109474,0.42033333333333323,fraction,250,0,forbidden,nan,0,nan,3.6600000000000002e-07,nan,nan,nan,nan,nan,initial position is outside the energy-allowed region
86,336,0.79058091383317763,0.42033333333333323,fraction,250,0,forbidden,nan,0,nan,5.8400000000000004e-07,nan,nan,nan,nan,nan,initial position is outside the energy-allowed region
86,337,0.79058163172526064,0.42033333333333323,fraction,250,0,forbidden,nan,0,nan,6.6199999999999997e-07,nan,nan,nan,nan,nan,initial position is outside the energy-allowed region
86,338,0.79058234961734364,0.42033333333333323,fraction,250,0,forbidden,nan,0,nan,3.8599999999999999e-07,nan,nan,nan,nan,nan,initial position is outside the energy-allowed region
86,339,0.79058306750942664,0.42033333333333323,fraction,250,0,forbidden,nan,0,nan,3.65e-07,nan,nan,nan,nan,nan,initial position is outside the energy-allowed region
86,340,0.79058378540150964,0.42033333333333323,fraction,250,0,forbidden,nan,0,nan,3.8500000000000002e-07,nan,nan,nan,nan,nan,initial position is outside the energy-allowed region
86,341,0.79058450329359264,0.42033333333333323,fraction,250,0,forbidden,nan,0,nan,7.7103999999999999e-05,nan,nan,nan,nan,nan,initial position is outside the energy-allowed region
87,323,0.79057158123609894,0.43649999999999989,fraction,250,0,forbidden,nan,0,nan,1.9670999999999999e-05,nan,nan,nan,nan,nan,initial position is outside the energy-allowed region
87,324,0.79057229912818194,0.43649999999999989,fraction,250,0,forbidden,nan,0,nan,4.0600000000000001e-07,nan,nan,nan,nan,nan,initial position is outside the energy-allowed region
87,325,0.79057301702026495,0.43649999999999989,fraction,250,0,forbidden,nan,0,nan,3.7599999999999998e-07,nan,nan,nan,nan,nan,initial position is outside the energy-allowed region
87,326,0.79057373491234784,0.43649999999999989,fraction,250,0,forbidden,nan,0,nan,4.3500000000000002e-07,nan,nan,nan,nan,nan,initial position is outside the energy-allowed region
87,327,0.79057445280443084,0.43649999999999989,fraction,250,0,forbidden,nan,0,nan,3.8599999999999999e-07,nan,nan,nan,nan,nan,initial position is outside the energy-allowed region
87,328,0.79057517069651384,0.43649999999999989,fraction,250,0,forbidden,nan,0,nan,4.0499999999999999e-07,nan,nan,nan,nan,nan,initial position is outside the energy-allowed region
87,329,0.79057588858859684,0.43649999999999989,fraction,250,0,forbidden,nan,0,nan,4.9399999999999995e-07,nan,nan,nan,nan,nan,initial position is outside the energy-allowed region
87,330,0.79057660648067984,0.43649999999999989,fraction,250,0,forbidden,nan,0,nan,3.96e-07,nan,nan,nan,nan,nan,initial position is outside the energy-allowed region
87,331,0.79057732437276274,0.43649999999999989,fraction,250,0,forbidden,nan,0,nan,3.9499999999999998e-07,nan,nan,nan,nan,nan,initial position is outside the energy-allowed region
87,332,0.79057804226484574,0.43649999999999989,fraction,250,0,forbidden,nan,0,nan,3.8599999999999999e-07,nan,nan,nan,nan,nan,initial position is outside the energy-allowed region
87,333,0.79057876015692874,0.43649999999999989,fraction,250,0,forbidden,nan,0,nan,4.0113e-05,nan,nan,nan,nan,nan,initial position is outside the energy-allowed region
87,334,0.79057947804901174,0.43649999999999989,fraction,250,0,forbidden,nan,0,nan,3.2599999999999998e-07,nan,nan,nan,nan,nan,initial position is outside the energy-allowed region
87,335,0.79058019594109474,0.43649999999999989,fraction,250,0,forbidden,nan,0,nan,2.5699999999999999e-07,nan,nan,nan,nan,nan,initial position is outside the energy-allowed region
87,336,0.79058091383317763,0.43649999999999989,fraction,250,0,forbidden,nan,0,nan,4.15e-07,nan,nan,nan,nan,nan,initial position is outside the energy-allowed region
87,337,0.79058163172526064,0.43649999999999989,fraction,250,0,forbidden,nan,0,nan,3.5600000000000001e-07,nan,nan,nan,nan,nan,initial position is outside the energy-allowed region
87,338,0.79058234961734364,0.43649999999999989,fraction,250,0,forbidden,nan,0,nan,3.96e-07,nan,nan,nan,nan,nan,initial position is outside the energy-allowed region
87,339,0.79058306750942664,0.43649999999999989,fraction,250,0,forbidden,nan,0,nan,1.1170000000000001e-06,nan,nan,nan,nan,nan,initial position is outside the energy-allowed region
87,340,0.79058378540150964,0.43649999999999989,fraction,250,0,forbidden,nan,0,nan,3.7599999999999998e-07,nan,nan,nan,nan,nan,initial position is outside the energy-allowed region
87,341,0.79058450329359264,0.43649999999999989,fraction,250,0,forbidden,nan,0,nan,2.5573000000000001e-05,nan,nan,nan,nan,nan,initial position is outside the energy-allowed region
88,323,0.79057158123609894,0.45266666666666655,fraction,250,0,forbidden,nan,0,nan,1.8406e-05,nan,nan,nan,nan,nan,initial position is outside the energy-allowed region
88,324,0.79057229912818194,0.45266666666666655,fraction,250,0,forbidden,nan,0,nan,3.7599999999999998e-07,nan,nan,nan,nan,nan,initial position is outside the energy-allowed region
88,325,0.79057301702026495,0.45266666666666655,fraction,250,0,forbidden,nan,0,nan,4.15e-07,nan,nan,nan,nan,nan,initial position is outside the energy-allowed region
88,326,0.79057373491234784,0.45266666666666655,fraction,250,0,forbidden,nan,0,nan,4.0499999999999999e-07,nan,nan,nan,nan,nan,initial position is outside the energy-allowed region
88,327,0.79057445280443084,0.45266666666666655,fraction,250,0,forbidden,nan,0,nan,3.8599999999999999e-07,nan,nan,nan,nan,nan,initial position is outside the energy-allowed region
88,328,0.79057517069651384,0.45266666666666655,fraction,250,0,forbidden,nan,0,nan,3.8500000000000002e-07,nan,nan,nan,nan,nan,initial position is outside the energy-allowed region
88,329,0.79057588858859684,0.45266666666666655,fraction,250,0,forbidden,nan,0,nan,8.9899999999999999e-07,nan,nan,nan,nan,nan,initial position is outside the energy-allowed region
88,330,0.79057660648067984,0.45266666666666655,fraction,250,0,forbidden,nan,0,nan,4.4499999999999997e-07,nan,nan,nan,nan,nan,initial position is outside the energy-allowed region
88,331,0.79057732437276274,0.45266666666666655,fraction,250,0,forbidden,nan,0,nan,4.5400000000000002e-07,nan,nan,nan,nan,nan,initial position is outside the energy-allowed region
88,332,0.79057804226484574,0.45266666666666655,fraction,250,0,forbidden,nan,0,nan,3.9499999999999998e-07,nan,nan,nan,nan,nan,initial position is outside the energy-allowed region
88,333,0.79057876015692874,0.45266666666666655,fraction,250,0,forbidden,nan,0,nan,5.9624999999999999e-05,nan,nan,nan,nan,nan,initial position is outside the energy-allowed region
88,334,0.79057947804901174,0.45266666666666655,fraction,250,0,forbidden,nan,0,nan,3.9499999999999998e-07,nan,nan,nan,nan,nan,initial position is outside the energy-allowed region
88,335,0.79058019594109474,0.45266666666666655,fraction,250,0,forbidden,nan,0,nan,4.6499999999999999e-07,nan,nan,nan,nan,nan,initial position is outside the energy-allowed region
88,336,0.79058091383317763,0.45266666666666655,fraction,250,0,forbidden,nan,0,nan,4.0499999999999999e-07,nan,nan,nan,nan,nan,initial position is outside the energy-allowed region
88,337,0.79058163172526064,0.45266666666666655,fraction,250,0,forbidden,nan,0,nan,4.0499999999999999e-07,nan,nan,nan,nan,nan,initial position is outside the energy-allowed region
88,338,0.79058234961734364,0.45266666666666655,fraction,250,0,forbidden,nan,0,nan,3.46e-07,nan,nan,nan,nan,nan,initial position is outside the energy-allowed region
88,339,0.79058306750942664,0.45266666666666655,fraction,250,0,forbidden,nan,0,nan,3.7500000000000001e-07,nan,nan,nan,nan,nan,initial position is outside the energy-allowed region
88,340,0.79058378540150964,0.45266666666666655,fraction,250,0,forbidden,nan,0,nan,3.7599999999999998e-07,nan,nan,nan,nan,nan,initial position is outside the energy-allowed region
88,341,0.79058450329359264,0.45266666666666655,fraction,250,0,forbidden,nan,0,nan,4.9267000000000001e-05,nan,nan,nan,nan,nan,initial position is outside the energy-allowed region
89,323,0.79057158123609894,0.46883333333333321,fraction,250,0,forbidden,nan,0,nan,2.3604999999999998e-05,nan,nan,nan,nan,nan,initial position is outside the energy-allowed region
89,324,0.79057229912818194,0.46883333333333321,fraction,250,0,forbidden,nan,0,nan,3.96e-07,nan,nan,nan,nan,nan,initial position is outside the energy-allowed region
89,325,0.79057301702026495,0.46883333333333321,fraction,250,0,forbidden,nan,0,nan,3.8500000000000002e-07,nan,nan,nan,nan,nan,initial position is outside the energy-allowed region
89,326,0.79057373491234784,0.46883333333333321,fraction,250,0,forbidden,nan,0,nan,6.4300000000000003e-07,nan,nan,nan,nan,nan,initial position is outside the energy-allowed region
89,327,0.79057445280443084,0.46883333333333321,fraction,250,0,forbidden,nan,0,nan,3.6600000000000002e-07,nan,nan,nan,nan,nan,initial position is outside the energy-allowed region
89,328,0.79057517069651384,0.46883333333333321,fraction,250,0,forbidden,nan,0,nan,3.7599999999999998e-07,nan,nan,nan,nan,nan,initial position is outside the energy-allowed region
89,329,0.79057588858859684,0.46883333333333321,fraction,250,0,forbidden,nan,0,nan,3.9499999999999998e-07,nan,nan,nan,nan,nan,initial position is outside the energy-allowed region
89,330,0.79057660648067984,0.46883333333333321,fraction,250,0,forbidden,nan,0,nan,3.7599999999999998e-07,nan,nan,nan,nan,nan,initial position is outside the energy-allowed region
89,331,0.79057732437276274,0.46883333333333321,fraction,250,0,forbidden,nan,0,nan,2.67e-07,nan,nan,nan,nan,nan,initial position is outside the energy-allowed region
89,332,0.79057804226484574,0.46883333333333321,fraction,250,0,forbidden,nan,0,nan,5.2399999999999998e-07,nan,nan,nan,nan,nan,initial position is outside the energy-allowed region
89,333,0.79057876015692874,0.46883333333333321,fraction,250,0,forbidden,nan,0,nan,0.00013040400000000001,nan,nan,nan,nan,nan,initial position is outside the energy-allowed region
89,334,0.79057947804901174,0.46883333333333321,fraction,250,0,forbidden,nan,0,nan,3.6600000000000002e-07,nan,nan,nan,nan,nan,initial position is outside the energy-allowed region
89,335,0.79058019594109474,0.46883333333333321,fraction,250,0,forbidden,nan,0,nan,4.9399999999999995e-07,nan,nan,nan,nan,nan,initial position is outside the energy-allowed region
89,336,0.79058091383317763,0.46883333333333321,fraction,250,0,forbidden,nan,0,nan,3.96e-07,nan,nan,nan,nan,nan,initial position is outside the energy-allowed region
89,337,0.79058163172526064,0.46883333333333321,fraction,250,0,forbidden,nan,0,nan,4.0499999999999999e-07,nan,nan,nan,nan,nan,initial position is outside the energy-allowed region
89,338,0.79058234961734364,0.46883333333333321,fraction,250,0,forbidden,nan,0,nan,4.2500000000000001e-07,nan,nan,nan,nan,nan,initial position is outside the energy-allowed region
89,339,0.79058306750942664,0.46883333333333321,fraction,250,0,forbidden,nan,0,nan,3.9499999999999998e-07,nan,nan,nan,nan,nan,initial position is outside the energy-allowed region
89,340,0.79058378540150964,0.46883333333333321,fraction,250,0,forbidden,nan,0,nan,3.7599999999999998e-07,nan,nan,nan,nan,nan,initial position is outside the energy-allowed region
89,341,0.79058450329359264,0.46883333333333321,fraction,250,0,forbidden,nan,0,nan,7.6105000000000004e-05,nan,nan,nan,nan,nan,initial position is outside the energy-allowed region
90,323,0.79057158123609894,0.48499999999999988,fraction,250,0,forbidden,nan,0,nan,2.4831e-05,nan,nan,nan,nan,nan,initial position is outside the energy-allowed region
90,324,0.79057229912818194,0.48499999999999988,fraction,250,0,forbidden,nan,0,nan,3.3599999999999999e-07,nan,nan,nan,nan,nan,initial position is outside the energy-allowed region
90,325,0.79057301702026495,0.48499999999999988,fraction,250,0,forbidden,nan,0,nan,1.0780000000000001e-06,nan,nan,nan,nan,nan,initial position is outside the energy-allowed region
90,326,0.79057373491234784,0.48499999999999988,fraction,250,0,forbidden,nan,0,nan,4.5499999999999998e-07,nan,nan,nan,nan,nan,initial position is outside the energy-allowed region
90,327,0.79057445280443084,0.48499999999999988,fraction,250,0,forbidden,nan,0,nan,4.75e-07,nan,nan,nan,nan,nan,initial position is outside the energy-allowed region
90,328,0.79057517069651384,0.48499999999999988,fraction,250,0,forbidden,nan,0,nan,4.0499999999999999e-07,nan,nan,nan,nan,nan,initial position is outside the energy-allowed region
90,329,0.79057588858859684,0.48499999999999988,fraction,250,0,forbidden,nan,0,nan,4.7399999999999998e-07,nan,nan,nan,nan,nan,initial position is outside the energy-allowed region
90,330,0.79057660648067984,0.48499999999999988,fraction,250,0,forbidden,nan,0,nan,3.7599999999999998e-07,nan,nan,nan,nan,nan,initial position is outside the energy-allowed region
90,331,0.79057732437276274,0.48499999999999988,fraction,250,0,forbidden,nan,0,nan,3.7500000000000001e-07,nan,nan,nan,nan,nan,initial position is outside the energy-allowed region
90,332,0.79057804226484574,0.48499999999999988,fraction,250,0,forbidden,nan,0,nan,3.3599999999999999e-07,nan,nan,nan,nan,nan,initial position is outside the energy-allowed region
90,333,0.79057876015692874,0.48499999999999988,fraction,250,0,forbidden,nan,0,nan,0.00055989099999999997,nan,nan,nan,nan,nan,initial position is outside the energy-allowed region
90,334,0.79057947804901174,0.48499999999999988,fraction,250,0,forbidden,nan,0,nan,3.8500000000000002e-07,nan,nan,nan,nan,nan,initial position is outside the energy-allowed region
90,335,0.79058019594109474,0.48499999999999988,fraction,250,0,forbidden,nan,0,nan,1.2160000000000001e-06,nan,nan,nan,nan,nan,initial position is outside the energy-allowed region
90,336,0.79058091383317763,0.48499999999999988,fraction,250,0,forbidden,nan,0,nan,5.8400000000000004e-07,nan,nan,nan,nan,nan,initial position is outside the energy-allowed region
90,337,0.79058163172526064,0.48499999999999988,fraction,250,0,forbidden,nan,0,nan,3.5600000000000001e-07,nan,nan,nan,nan,nan,initial position is outside the energy-allowed region
90,338,0.79058234961734364,0.48499999999999988,fraction,250,0,forbidden,nan,0,nan,7.5099999999999999e-07,nan,nan,nan,nan,nan,initial position is outside the energy-allowed region
90,339,0.79058306750942664,0.48499999999999988,fraction,250,0,forbidden,nan,0,nan,4.6400000000000003e-07,nan,nan,nan,nan,nan,initial position is outside the energy-allowed region
90,340,0.79058378540150964,0.48499999999999988,fraction,250,0,forbidden,nan,0,nan,4.2599999999999998e-07,nan,nan,nan,nan,nan,initial position is outside the energy-allowed region
90,341,0.79058450329359264,0.48499999999999988,fraction,250,0,forbidden,nan,0,nan,3.7800999999999999e-05,nan,nan,nan,nan,nan,initial position is outside the energy-allowed region
91,323,0.79057158123609894,0.50116666666666654,fraction,250,0,forbidden,nan,0,nan,1.7328000000000001e-05,nan,nan,nan,nan,nan,initial position is outside the energy-allowed region
91,324,0.79057229912818194,0.50116666666666654,fraction,250,0,forbidden,nan,0,nan,3.3700000000000001e-07,nan,nan,nan,nan,nan,initial position is outside the energy-allowed region
91,325,0.79057301702026495,0.50116666666666654,fraction,250,0,forbidden,nan,0,nan,7.4199999999999995e-07,nan,nan,nan,nan,nan,initial position is outside the energy-allowed region
91,326,0.79057373491234784,0.50116666666666654,fraction,250,0,forbidden,nan,0,nan,5.3399999999999999e-07,nan,nan,nan,nan,nan,initial position is outside the energy-allowed region
91,327,0.79057445280443084,0.50116666666666654,fraction,250,0,forbidden,nan,0,nan,4.3500000000000002e-07,nan,nan,nan,nan,nan,initial position is outside the energy-allowed region
91,328,0.79057517069651384,0.50116666666666654,fraction,250,0,forbidden,nan,0,nan,4.0499999999999999e-07,nan,nan,nan,nan,nan,initial position is outside the energy-allowed region
91,329,0.79057588858859684,0.50116666666666654,fraction,250,0,forbidden,nan,0,nan,4.4499999999999997e-07,nan,nan,nan,nan,nan,initial position is outside the energy-allowed region
91,330,0.79057660648067984,0.50116666666666654,fraction,250,0,forbidden,nan,0,nan,4.3500000000000002e-07,nan,nan,nan,nan,nan,initial position is outside the energy-allowed region
91,331,0.79057732437276274,0.50116666666666654,fraction,250,0,forbidden,nan,0,nan,3.96e-07,nan,nan,nan,nan,nan,initial position is outside the energy-allowed region
91,332,0.79057804226484574,0.50116666666666654,fraction,250,0,forbidden,nan,0,nan,3.8500000000000002e-07,nan,nan,nan,nan,nan,initial position is outside the energy-allowed region
91,333,0.79057876015692874,0.50116666666666654,fraction,250,0,forbidden,nan,0,nan,2.9200000000000002e-05,nan,nan,nan,nan,nan,initial position is outside the energy-allowed region
91,334,0.79057947804901174,0.50116666666666654,fraction,250,0,forbidden,nan,0,nan,8.5000000000000001e-07,nan,nan,nan,nan,nan,initial position is outside the energy-allowed region
91,335,0.79058019594109474,0.50116666666666654,fraction,250,0,forbidden,nan,0,nan,3.9499999999999998e-07,nan,nan,nan,nan,nan,initial position is outside the energy-allowed region
91,336,0.79058091383317763,0.50116666666666654,fraction,250,0,forbidden,nan,0,nan,5.6300000000000005e-07,nan,nan,nan,nan,nan,initial position is outside the energy-allowed region
91,337,0.79058163172526064,0.50116666666666654,fraction,250,0,forbidden,nan,0,nan,1.3740000000000001e-06,nan,nan,nan,nan,nan,initial position is outside the energy-allowed region
91,338,0.79058234961734364,0.50116666666666654,fraction,250,0,forbidden,nan,0,nan,4.6499999999999999e-07,nan,nan,nan,nan,nan,initial position is outside the energy-allowed region
91,339,0.79058306750942664,0.50116666666666654,fraction,250,0,forbidden,nan,0,nan,3.8500000000000002e-07,nan,nan,nan,nan,nan,initial position is outside the energy-allowed region
91,340,0.79058378540150964,0.50116666666666654,fraction,250,0,forbidden,nan,0,nan,3.9499999999999998e-07,nan,nan,nan,nan,nan,initial position is outside the energy-allowed region
91,341,0.79058450329359264,0.50116666666666654,fraction,250,0,forbidden,nan,0,nan,3.9134999999999997e-05,nan,nan,nan,nan,nan,initial position is outside the energy-allowed region
92,323,0.79057158123609894,0.5173333333333332,fraction,250,0,forbidden,nan,0,nan,2.0669000000000001e-05,nan,nan,nan,nan,nan,initial position is outside the energy-allowed region
92,324,0.79057229912818194,0.5173333333333332,fraction,250,0,forbidden,nan,0,nan,4.0600000000000001e-07,nan,nan,nan,nan,nan,initial position is outside the energy-allowed region
92,325,0.79057301702026495,0.5173333333333332,fraction,250,0,forbidden,nan,0,nan,4.4499999999999997e-07,nan,nan,nan,nan,nan,initial position is outside the energy-allowed region
92,326,0.79057373491234784,0.5173333333333332,fraction,250,0,forbidden,nan,0,nan,3.7599999999999998e-07,nan,nan,nan,nan,nan,initial position is outside the energy-allowed region
92,327,0.79057445280443084,0.5173333333333332,fraction,250,0,forbidden,nan,0,nan,3.7599999999999998e-07,nan,nan,nan,nan,nan,initial position is outside the energy-allowed region
92,328,0.79057517069651384,0.5173333333333332,fraction,250,0,forbidden,nan,0,nan,4.0499999999999999e-07,nan,nan,nan,nan,nan,initial position is outside the energy-allowed region
92,329,0.79057588858859684,0.5173333333333332,fraction,250,0,forbidden,nan,0,nan,3.8599999999999999e-07,nan,nan,nan,nan,nan,initial position is outside the energy-allowed region
92,330,0.79057660648067984,0.5173333333333332,fraction,250,0,forbidden,nan,0,nan,3.7500000000000001e-07,nan,nan,nan,nan,nan,initial position is outside the energy-allowed region
92,331,0.79057732437276274,0.5173333333333332,fraction,250,0,forbidden,nan,0,nan,3.7599999999999998e-07,nan,nan,nan,nan,nan,initial position is outside the energy-allowed region
92,332,0.79057804226484574,0.5173333333333332,fraction,250,0,forbidden,nan,0,nan,3.5600000000000001e-07,nan,nan,nan,nan,nan,initial position is outside the energy-allowed region
92,333,0.79057876015692874,0.5173333333333332,fraction,250,0,forbidden,nan,0,nan,3.8433999999999998e-05,nan,nan,nan,nan,nan,initial position is outside the energy-allowed region
92,334,0.79057947804901174,0.5173333333333332,fraction,250,0,forbidden,nan,0,nan,3.2599999999999998e-07,nan,nan,nan,nan,nan,initial position is outside the energy-allowed region
92,335,0.79058019594109474,0.5173333333333332,fraction,250,0,forbidden,nan,0,nan,3.5600000000000001e-07,nan,nan,nan,nan,nan,initial position is outside the energy-allowed region
92,336,0.79058091383317763,0.5173333333333332,fraction,250,0,forbidden,nan,0,nan,3.8599999999999999e-07,nan,nan,nan,nan,nan,initial position is outside the energy-allowed region
92,337,0.79058163172526064,0.5173333333333332,fraction,250,0,forbidden,nan,0,nan,3.9499999999999998e-07,nan,nan,nan,nan,nan,initial position is outside the energy-allowed region
92,338,0.79058234961734364,0.5173333333333332,fraction,250,0,forbidden,nan,0,nan,4.15e-07,nan,nan,nan,nan,nan,initial position is outside the energy-allowed region
92,339,0.79058306750942664,0.5173333333333332,fraction,250,0,forbidden,nan,0,nan,3.8500000000000002e-07,nan,nan,nan,nan,nan,initial position is outside the energy-allowed region
92,340,0.79058378540150964,0.5173333333333332,fraction,250,0,forbidden,nan,0,nan,3.1600000000000002e-07,nan,nan,nan,nan,nan,initial position is outside the energy-allowed region
92,341,0.79058450329359264,0.5173333333333332,fraction,250,0,forbidden,nan,0,nan,4.0340999999999999e-05,nan,nan,nan,nan,nan,initial position is outside the energy-allowed region
93,323,0.79057158123609894,0.53349999999999986,fraction,250,0,forbidden,nan,0,nan,1.9216999999999999e-05,nan,nan,nan,nan,nan,initial position is outside the energy-allowed region
93,324,0.79057229912818194,0.53349999999999986,fraction,250,0,forbidden,nan,0,nan,3.9499999999999998e-07,nan,nan,nan,nan,nan,initial position is outside the energy-allowed region
93,325,0.79057301702026495,0.53349999999999986,fraction,250,0,forbidden,nan,0,nan,3.6600000000000002e-07,nan,nan,nan,nan,nan,initial position is outside the energy-allowed region
93,326,0.79057373491234784,0.53349999999999986,fraction,250,0,forbidden,nan,0,nan,4.0499999999999999e-07,nan,nan,nan,nan,nan,initial position is outside the energy-allowed region
93,327,0.79057445280443084,0.53349999999999986,fraction,250,0,forbidden,nan,0,nan,4.15e-07,nan,nan,nan,nan,nan,initial position is outside the energy-allowed region
93,328,0.79057517069651384,0.53349999999999986,fraction,250,0,forbidden,nan,0,nan,3.8500000000000002e-07,nan,nan,nan,nan,nan,initial position is outside the energy-allowed region
93,329,0.79057588858859684,0.53349999999999986,fraction,250,0,forbidden,nan,0,nan,3.6600000000000002e-07,nan,nan,nan,nan,nan,initial position is outside the energy-allowed region
93,330,0.79057660648067984,0.53349999999999986,fraction,250,0,forbidden,nan,0,nan,3.96e-07,nan,nan,nan,nan,nan,initial position is outside the energy-allowed region
93,331,0.79057732437276274,0.53349999999999986,fraction,250,0,forbidden,nan,0,nan,3.9499999999999998e-07,nan,nan,nan,nan,nan,initial position is outside the energy-allowed region
93,332,0.79057804226484574,0.53349999999999986,fraction,250,0,forbidden,nan,0,nan,6.5300000000000004e-07,nan,nan,nan,nan,nan,initial position is outside the energy-allowed region
93,333,0.79057876015692874,0.53349999999999986,fraction,250,0,forbidden,nan,0,nan,2.7965000000000001e-05,nan,nan,nan,nan,nan,initial position is outside the energy-allowed region
93,334,0.79057947804901174,0.53349999999999986,fraction,250,0,forbidden,nan,0,nan,4.3500000000000002e-07,nan,nan,nan,nan,nan,initial position is outside the energy-allowed region
93,335,0.79058019594109474,0.53349999999999986,fraction,250,0,forbidden,nan,0,nan,4.9500000000000003e-07,nan,nan,nan,nan,nan,initial position is outside the energy-allowed region
93,336,0.79058091383317763,0.53349999999999986,fraction,250,0,forbidden,nan,0,nan,3.8500000000000002e-07,nan,nan,nan,nan,nan,initial position is outside the energy-allowed region
93,337,0.79058163172526064,0.53349999999999986,fraction,250,0,forbidden,nan,0,nan,3.9499999999999998e-07,nan,nan,nan,nan,nan,initial position is outside the energy-allowed region
93,338,0.79058234961734364,0.53349999999999986,fraction,250,0,forbidden,nan,0,nan,3.96e-07,nan,nan,nan,nan,nan,initial position is outside the energy-allowed region
93,339,0.79058306750942664,0.53349999999999986,fraction,250,0,forbidden,nan,0,nan,3.9499999999999998e-07,nan,nan,nan,nan,nan,initial position is outside the energy-allowed region
93,340,0.79058378540150964,0.53349999999999986,fraction,250,0,forbidden,nan,0,nan,3.8500000000000002e-07,nan,nan,nan,nan,nan,initial position is outside the energy-allowed region
93,341,0.79058450329359264,0.53349999999999986,fraction,250,0,forbidden,nan,0,nan,4.3237e-05,nan,nan,nan,nan,nan,initial position is outside the energy-allowed region
94,323,0.79057158123609894,0.54966666666666653,fraction,250,0,forbidden,nan,0,nan,2.0976e-05,nan,nan,nan,nan,nan,initial position is outside the energy-allowed region
94,324,0.79057229912818194,0.54966666666666653,fraction,250,0,forbidden,nan,0,nan,6.2300000000000001e-07,nan,nan,nan,nan,nan,initial position is outside the energy-allowed region
94,325,0.79057301702026495,0.54966666666666653,fraction,250,0,forbidden,nan,0,nan,5.2399999999999998e-07,nan,nan,nan,nan,nan,initial position is outside the energy-allowed region
94,326,0.79057373491234784,0.54966666666666653,fraction,250,0,forbidden,nan,0,nan,5.2399999999999998e-07,nan,nan,nan,nan,nan,initial position is outside the energy-allowed region
94,327,0.79057445280443084,0.54966666666666653,fraction,250,0,forbidden,nan,0,nan,8.2999999999999999e-07,nan,nan,nan,nan,nan,initial position is outside the energy-allowed region
94,328,0.79057517069651384,0.54966666666666653,fraction,250,0,forbidden,nan,0,nan,3.8500000000000002e-07,nan,nan,nan,nan,nan,initial position is outside the energy-allowed region
94,329,0.79057588858859684,0.54966666666666653,fraction,250,0,forbidden,nan,0,nan,5.0399999999999996e-07,nan,nan,nan,nan,nan,initial position is outside the energy-allowed region
94,330,0.79057660648067984,0.54966666666666653,fraction,250,0,forbidden,nan,0,nan,3.7599999999999998e-07,nan,nan,nan,nan,nan,initial position is outside the energy-allowed region
94,331,0.79057732437276274,0.54966666666666653,fraction,250,0,forbidden,nan,0,nan,4.8400000000000005e-07,nan,nan,nan,nan,nan,initial position is outside the energy-allowed region
94,332,0.79057804226484574,0.54966666666666653,fraction,250,0,forbidden,nan,0,nan,5.8299999999999997e-07,nan,nan,nan,nan,nan,initial position is outside the energy-allowed region
94,333,0.79057876015692874,0.54966666666666653,fraction,250,0,forbidden,nan,0,nan,3.9372000000000002e-05,nan,nan,nan,nan,nan,initial position is outside the energy-allowed region
94,334,0.79057947804901174,0.54966666666666653,fraction,250,0,forbidden,nan,0,nan,3.7500000000000001e-07,nan,nan,nan,nan,nan,initial position is outside the energy-allowed region
94,335,0.79058019594109474,0.54966666666666653,fraction,250,0,forbidden,nan,0,nan,4.15e-07,nan,nan,nan,nan,nan,initial position is outside the energy-allowed region
94,336,0.79058091383317763,0.54966666666666653,fraction,250,0,forbidden,nan,0,nan,4.0499999999999999e-07,nan,nan,nan,nan,nan,initial position is outside the energy-allowed region
94,337,0.79058163172526064,0.54966666666666653,fraction,250,0,forbidden,nan,0,nan,5.1399999999999997e-07,nan,nan,nan,nan,nan,initial position is outside the energy-allowed region
94,338,0.79058234961734364,0.54966666666666653,fraction,250,0,forbidden,nan,0,nan,4.0499999999999999e-07,nan,nan,nan,nan,nan,initial position is outside the energy-allowed region
94,339,0.79058306750942664,0.54966666666666653,fraction,250,0,forbidden,nan,0,nan,3.7500000000000001e-07,nan,nan,nan,nan,nan,initial position is outside the energy-allowed region
94,340,0.79058378540150964,0.54966666666666653,fraction,250,0,forbidden,nan,0,nan,3.5499999999999999e-07,nan,nan,nan,nan,nan,initial position is outside the energy-allowed region
94,341,0.79058450329359264,0.54966666666666653,fraction,250,0,forbidden,nan,0,nan,3.3599999999999997e-05,nan,nan,nan,nan,nan,initial position is outside the energy-allowed region
95,323,0.79057158123609894,0.56583333333333319,fraction,250,0,forbidden,nan,0,nan,1.8929000000000001e-05,nan,nan,nan,nan,nan,initial position is outside the energy-allowed region
95,324,0.79057229912818194,0.56583333333333319,fraction,250,0,forbidden,nan,0,nan,3.9499999999999998e-07,nan,nan,nan,nan,nan,initial position is outside the energy-allowed region
95,325,0.79057301702026495,0.56583333333333319,fraction,250,0,forbidden,nan,0,nan,5.1399999999999997e-07,nan,nan,nan,nan,nan,initial position is outside the energy-allowed region
95,326,0.79057373491234784,0.56583333333333319,fraction,250,0,forbidden,nan,0,nan,4.2500000000000001e-07,nan,nan,nan,nan,nan,initial position is outside the energy-allowed region
95,327,0.79057445280443084,0.56583333333333319,fraction,250,0,forbidden,nan,0,nan,4.15e-07,nan,nan,nan,nan,nan,initial position is outside the energy-allowed region
95,328,0.79057517069651384,0.56583333333333319,fraction,250,0,forbidden,nan,0,nan,3.9499999999999998e-07,nan,nan,nan,nan,nan,initial position is outside the energy-allowed region
95,329,0.79057588858859684,0.56583333333333319,fraction,250,0,forbidden,nan,0,nan,3.8500000000000002e-07,nan,nan,nan,nan,nan,initial position is outside the energy-allowed region
95,330,0.79057660648067984,0.56583333333333319,fraction,250,0,forbidden,nan,0,nan,3.8500000000000002e-07,nan,nan,nan,nan,nan,initial position is outside the energy-allowed region
95,331,0.79057732437276274,0.56583333333333319,fraction,250,0,forbidden,nan,0,nan,3.5600000000000001e-07,nan,nan,nan,nan,nan,initial position is outside the energy-allowed region
95,332,0.79057804226484574,0.56583333333333319,fraction,250,0,forbidden,nan,0,nan,3.9499999999999998e-07,nan,nan,nan,nan,nan,initial position is outside the energy-allowed region
95,333,0.79057876015692874,0.56583333333333319,fraction,250,0,forbidden,nan,0,nan,4.2623999999999997e-05,nan,nan,nan,nan,nan,initial position is outside the energy-allowed region
95,334,0.79057947804901174,0.56583333333333319,fraction,250,0,forbidden,nan,0,nan,4.0499999999999999e-07,nan,nan,nan,nan,nan,initial position is outside the energy-allowed region
95,335,0.79058019594109474,0.56583333333333319,fraction,250,0,forbidden,nan,0,nan,3.96e-07,nan,nan,nan,nan,nan,initial position is outside the energy-allowed region
95,336,0.79058091383317763,0.56583333333333319,fraction,250,0,forbidden,nan,0,nan,3.7599999999999998e-07,nan,nan,nan,nan,nan,initial position is outside the energy-allowed region
95,337,0.79058163172526064,0.56583333333333319,fraction,250,0,forbidden,nan,0,nan,3.8599999999999999e-07,nan,nan,nan,nan,nan,initial position is outside the energy-allowed region
95,338,0.79058234961734364,0.56583333333333319,fraction,250,0,forbidden,nan,0,nan,5.2399999999999998e-07,nan,nan,nan,nan,nan,initial position is outside the energy-allowed region
95,339,0.79058306750942664,0.56583333333333319,fraction,250,0,forbidden,nan,0,nan,4.4499999999999997e-07,nan,nan,nan,nan,nan,initial position is outside the energy-allowed region
95,340,0.79058378540150964,0.56583333333333319,fraction,250,0,forbidden,nan,0,nan,3.8599999999999999e-07,nan,nan,nan,nan,nan,initial position is outside the energy-allowed region
95,341,0.79058450329359264,0.56583333333333319,fraction,250,0,forbidden,nan,0,nan,2.5207000000000001e-05,nan,nan,nan,nan,nan,initial position is outside the energy-allowed region
96,323,0.79057158123609894,0.58200000000000007,fraction,250,0,forbidden,nan,0,nan,1.9147000000000002e-05,nan,nan,nan,nan,nan,initial position is outside the energy-allowed region
96,324,0.79057229912818194,0.58200000000000007,fraction,250,0,forbidden,nan,0,nan,4.15e-07,nan,nan,nan,nan,nan,initial position is outside the energy-allowed region
96,325,0.79057301702026495,0.58200000000000007,fraction,250,0,forbidden,nan,0,nan,4.0499999999999999e-07,nan,nan,nan,nan,nan,initial position is outside the energy-allowed region
96,326,0.79057373491234784,0.58200000000000007,fraction,250,0,forbidden,nan,0,nan,3.8500000000000002e-07,nan,nan,nan,nan,nan,initial position is outside the energy-allowed region
96,327,0.79057445280443084,0.58200000000000007,fraction,250,0,forbidden,nan,0,nan,4.15e-07,nan,nan,nan,nan,nan,initial position is outside the energy-allowed region
96,328,0.79057517069651384,0.58200000000000007,fraction,250,0,forbidden,nan,0,nan,4.6499999999999999e-07,nan,nan,nan,nan,nan,initial position is outside the energy-allowed region
96,329,0.79057588858859684,0.58200000000000007,fraction,250,0,forbidden,nan,0,nan,3.8599999999999999e-07,nan,nan,nan,nan,nan,initial position is outside the energy-allowed region
96,330,0.79057660648067984,0.58200000000000007,fraction,250,0,forbidden,nan,0,nan,4.1600000000000002e-07,nan,nan,nan,nan,nan,initial position is outside the energy-allowed region
96,331,0.79057732437276274,0.58200000000000007,fraction,250,0,forbidden,nan,0,nan,3.8500000000000002e-07,nan,nan,nan,nan,nan,initial position is outside the energy-allowed region
96,332,0.79057804226484574,0.58200000000000007,fraction,250,0,forbidden,nan,0,nan,3.8599999999999999e-07,nan,nan,nan,nan,nan,initial position is outside the energy-allowed region
96,333,0.79057876015692874,0.58200000000000007,fraction,250,0,forbidden,nan,0,nan,4.214e-05,nan,nan,nan,nan,nan,initial position is outside the energy-allowed region
96,334,0.79057947804901174,0.58200000000000007,fraction,250,0,forbidden,nan,0,nan,5.2399999999999998e-07,nan,nan,nan,nan,nan,initial position is outside the energy-allowed region
96,335,0.79058019594109474,0.58200000000000007,fraction,250,0,forbidden,nan,0,nan,8.0999999999999997e-07,nan,nan,nan,nan,nan,initial position is outside the energy-allowed region
96,336,0.79058091383317763,0.58200000000000007,fraction,250,0,forbidden,nan,0,nan,3.7599999999999998e-07,nan,nan,nan,nan,nan,initial position is outside the energy-allowed region
96,337,0.79058163172526064,0.58200000000000007,fraction,250,0,forbidden,nan,0,nan,3.5600000000000001e-07,nan,nan,nan,nan,nan,initial position is outside the energy-allowed region
96,338,0.79058234961734364,0.58200000000000007,fraction,250,0,forbidden,nan,0,nan,4.3500000000000002e-07,nan,nan,nan,nan,nan,initial position is outside the energy-allowed region
96,339,0.79058306750942664,0.58200000000000007,fraction,250,0,forbidden,nan,0,nan,3.46e-07,nan,nan,nan,nan,nan,initial position is outside the energy-allowed region
96,340,0.79058378540150964,0.58200000000000007,fraction,250,0,forbidden,nan,0,nan,3.7500000000000001e-07,nan,nan,nan,nan,nan,initial position is outside the energy-allowed region
96,341,0.79058450329359264,0.58200000000000007,fraction,250,0,forbidden,nan,0,nan,4.0173000000000003e-05,nan,nan,nan,nan,nan,initial position is outside the energy-allowed region
97,323,0.79057158123609894,0.59816666666666674,fraction,250,0,forbidden,nan,0,nan,1.889e-05,nan,nan,nan,nan,nan,initial position is outside the energy-allowed region
97,324,0.79057229912818194,0.59816666666666674,fraction,250,0,forbidden,nan,0,nan,3.7500000000000001e-07,nan,nan,nan,nan,nan,initial position is outside the energy-allowed region
97,325,0.79057301702026495,0.59816666666666674,fraction,250,0,forbidden,nan,0,nan,4.75e-07,nan,nan,nan,nan,nan,initial position is outside the energy-allowed region
97,326,0.79057373491234784,0.59816666666666674,fraction,250,0,forbidden,nan,0,nan,4.15e-07,nan,nan,nan,nan,nan,initial position is outside the energy-allowed region
97,327,0.79057445280443084,0.59816666666666674,fraction,250,0,forbidden,nan,0,nan,3.9499999999999998e-07,nan,nan,nan,nan,nan,initial position is outside the energy-allowed region
97,328,0.79057517069651384,0.59816666666666674,fraction,250,0,forbidden,nan,0,nan,4.2500000000000001e-07,nan,nan,nan,nan,nan,initial position is outside the energy-allowed region
97,329,0.79057588858859684,0.59816666666666674,fraction,250,0,forbidden,nan,0,nan,1.097e-06,nan,nan,nan,nan,nan,initial position is outside the energy-allowed region
97,330,0.79057660648067984,0.59816666666666674,fraction,250,0,forbidden,nan,0,nan,3.96e-07,nan,nan,nan,nan,nan,initial position is outside the energy-allowed region
97,331,0.79057732437276274,0.59816666666666674,fraction,250,0,forbidden,nan,0,nan,3.8599999999999999e-07,nan,nan,nan,nan,nan,initial position is outside the energy-allowed region
97,332,0.79057804226484574,0.59816666666666674,fraction,250,0,forbidden,nan,0,nan,4.1600000000000002e-07,nan,nan,nan,nan,nan,initial position is outside the energy-allowed region
97,333,0.79057876015692874,0.59816666666666674,fraction,250,0,forbidden,nan,0,nan,2.7569e-05,nan,nan,nan,nan,nan,initial position is outside the energy-allowed region
97,334,0.79057947804901174,0.59816666666666674,fraction,250,0,forbidden,nan,0,nan,3.8599999999999999e-07,nan,nan,nan,nan,nan,initial position is outside the energy-allowed region
97,335,0.79058019594109474,0.59816666666666674,fraction,250,0,forbidden,nan,0,nan,3.8599999999999999e-07,nan,nan,nan,nan,nan,initial position is outside the energy-allowed region
97,336,0.79058091383317763,0.59816666666666674,fraction,250,0,forbidden,nan,0,nan,3.8500000000000002e-07,nan,nan,nan,nan,nan,initial position is outside the energy-allowed region
97,337,0.79058163172526064,0.59816666666666674,fraction,250,0,forbidden,nan,0,nan,3.96e-07,nan,nan,nan,nan,nan,initial position is outside the energy-allowed region
97,338,0.79058234961734364,0.59816666666666674,fraction,250,0,forbidden,nan,0,nan,3.96e-07,nan,nan,nan,nan,nan,initial position is outside the energy-allowed region
97,339,0.79058306750942664,0.59816666666666674,fraction,250,0,forbidden,nan,0,nan,3.9499999999999998e-07,nan,nan,nan,nan,nan,initial position is outside the energy-allowed region
97,340,0.79058378540150964,0.59816666666666674,fraction,250,0,forbidden,nan,0,nan,3.9499999999999998e-07,nan,nan,nan,nan,nan,initial position is outside the energy-allowed region
97,341,0.79058450329359264,0.59816666666666674,fraction,250,0,forbidden,nan,0,nan,0.000120321,nan,nan,nan,nan,nan,initial position is outside the energy-allowed region
98,323,0.79057158123609894,0.6143333333333334,fraction,250,0,forbidden,nan,0,nan,2.3031999999999999e-05,nan,nan,nan,nan,nan,initial position is outside the energy-allowed region
98,324,0.79057229912818194,0.6143333333333334,fraction,250,0,forbidden,nan,0,nan,3.8500000000000002e-07,nan,nan,nan,nan,nan,initial position is outside the energy-allowed region
98,325,0.79057301702026495,0.6143333333333334,fraction,250,0,forbidden,nan,0,nan,3.46e-07,nan,nan,nan,nan,nan,initial position is outside the energy-allowed region
98,326,0.79057373491234784,0.6143333333333334,fraction,250,0,forbidden,nan,0,nan,3.7500000000000001e-07,nan,nan,nan,nan,nan,initial position is outside the energy-allowed region
98,327,0.79057445280443084,0.6143333333333334,fraction,250,0,forbidden,nan,0,nan,7.2200000000000003e-07,nan,nan,nan,nan,nan,initial position is outside the energy-allowed region
98,328,0.79057517069651384,0.6143333333333334,fraction,250,0,forbidden,nan,0,nan,3.9499999999999998e-07,nan,nan,nan,nan,nan,initial position is outside the energy-allowed region
98,329,0.79057588858859684,0.6143333333333334,fraction,250,0,forbidden,nan,0,nan,4.3500000000000002e-07,nan,nan,nan,nan,nan,initial position is outside the energy-allowed region
98,330,0.79057660648067984,0.6143333333333334,fraction,250,0,forbidden,nan,0,nan,4.2500000000000001e-07,nan,nan,nan,nan,nan,initial position is outside the energy-allowed region
98,331,0.79057732437276274,0.6143333333333334,fraction,250,0,forbidden,nan,0,nan,3.9499999999999998e-07,nan,nan,nan,nan,nan,initial position is outside the energy-allowed region
98,332,0.79057804226484574,0.6143333333333334,fraction,250,0,forbidden,nan,0,nan,3.9499999999999998e-07,nan,nan,nan,nan,nan,initial position is outside the energy-allowed region
98,333,0.79057876015692874,0.6143333333333334,fraction,250,0,forbidden,nan,0,nan,2.6126999999999999e-05,nan,nan,nan,nan,nan,initial position is outside the energy-allowed region
98,334,0.79057947804901174,0.6143333333333334,fraction,250,0,forbidden,nan,0,nan,4.0499999999999999e-07,nan,nan,nan,nan,nan,initial position is outside the energy-allowed region
98,335,0.79058019594109474,0.6143333333333334,fraction,250,0,forbidden,nan,0,nan,3.7599999999999998e-07,nan,nan,nan,nan,nan,initial position is outside the energy-allowed region
98,336,0.79058091383317763,0.6143333333333334,fraction,250,0,forbidden,nan,0,nan,3.8599999999999999e-07,nan,nan,nan,nan,nan,initial position is outside the energy-allowed region
98,337,0.79058163172526064,0.6143333333333334,fraction,250,0,forbidden,nan,0,nan,6.0299999999999999e-07,nan,nan,nan,nan,nan,initial position is outside the energy-allowed region
98,338,0.79058234961734364,0.6143333333333334,fraction,250,0,forbidden,nan,0,nan,2.67e-07,nan,nan,nan,nan,nan,initial position is outside the energy-allowed region
98,339,0.79058306750942664,0.6143333333333334,fraction,250,0,forbidden,nan,0,nan,5.0399999999999996e-07,nan,nan,nan,nan,nan,initial position is outside the energy-allowed region
98,340,0.79058378540150964,0.6143333333333334,fraction,250,0,forbidden,nan,0,nan,4.15e-07,nan,nan,nan,nan,nan,initial position is outside the energy-allowed region
98,341,0.79058450329359264,0.6143333333333334,fraction,250,0,forbidden,nan,0,nan,3.871e-05,nan,nan,nan,nan,nan,initial position is outside the energy-allowed region
99,323,0.79057158123609894,0.63050000000000006,fraction,250,0,forbidden,nan,0,nan,1.9443999999999999e-05,nan,nan,nan,nan,nan,initial position is outside the energy-allowed region
99,324,0.79057229912818194,0.63050000000000006,fraction,250,0,forbidden,nan,0,nan,4.5499999999999998e-07,nan,nan,nan,nan,nan,initial position is outside the energy-allowed region
99,325,0.79057301702026495,0.63050000000000006,fraction,250,0,forbidden,nan,0,nan,4.4499999999999997e-07,nan,nan,nan,nan,nan,initial position is outside the energy-allowed region
99,326,0.79057373491234784,0.63050000000000006,fraction,250,0,forbidden,nan,0,nan,7.6199999999999997e-07,nan,nan,nan,nan,nan,initial position is outside the energy-allowed region
99,327,0.79057445280443084,0.63050000000000006,fraction,250,0,forbidden,nan,0,nan,2.8700000000000002e-07,nan,nan,nan,nan,nan,initial position is outside the energy-allowed region
99,328,0.79057517069651384,0.63050000000000006,fraction,250,0,forbidden,nan,0,nan,5.6300000000000005e-07,nan,nan,nan,nan,nan,initial position is outside the energy-allowed region
99,329,0.79057588858859684,0.63050000000000006,fraction,250,0,forbidden,nan,0,nan,4.5499999999999998e-07,nan,nan,nan,nan,nan,initial position is outside the energy-allowed region
99,330,0.79057660648067984,0.63050000000000006,fraction,250,0,forbidden,nan,0,nan,6.7299999999999995e-07,nan,nan,nan,nan,nan,initial position is outside the energy-allowed region
99,331,0.79057732437276274,0.63050000000000006,fraction,250,0,forbidden,nan,0,nan,3.9499999999999998e-07,nan,nan,nan,nan,nan,initial position is outside the energy-allowed region
99,332,0.79057804226484574,0.63050000000000006,fraction,250,0,forbidden,nan,0,nan,3.8599999999999999e-07,nan,nan,nan,nan,nan,initial position is outside the energy-allowed region
99,333,0.79057876015692874,0.63050000000000006,fraction,250,0,forbidden,nan,0,nan,4.1498000000000001e-05,nan,nan,nan,nan,nan,initial position is outside the energy-allowed region
99,334,0.79057947804901174,0.63050000000000006,fraction,250,0,forbidden,nan,0,nan,4.15e-07,nan,nan,nan,nan,nan,initial position is outside the energy-allowed region
99,335,0.79058019594109474,0.63050000000000006,fraction,250,0,forbidden,nan,0,nan,3.7599999999999998e-07,nan,nan,nan,nan,nan,initial position is outside the energy-allowed region
99,336,0.79058091383317763,0.63050000000000006,fraction,250,0,forbidden,nan,0,nan,3.7599999999999998e-07,nan,nan,nan,nan,nan,initial position is outside the energy-allowed region
99,337,0.79058163172526064,0.63050000000000006,fraction,250,0,forbidden,nan,0,nan,3.96e-07,nan,nan,nan,nan,nan,initial position is outside the energy-allowed region
99,338,0.79058234961734364,0.63050000000000006,fraction,250,0,forbidden,nan,0,nan,3.7599999999999998e-07,nan,nan,nan,nan,nan,initial position is outside the energy-allowed region
99,339,0.79058306750942664,0.63050000000000006,fraction,250,0,forbidden,nan,0,nan,4.1600000000000002e-07,nan,nan,nan,nan,nan,initial position is outside the energy-allowed region
99,340,0.79058378540150964,0.63050000000000006,fraction,250,0,forbidden,nan,0,nan,4.3500000000000002e-07,nan,nan,nan,nan,nan,initial position is outside the energy-allowed region
99,341,0.79058450329359264,0.63050000000000006,fraction,250,0,forbidden,nan,0,nan,2.6205000000000001e-05,nan,nan,nan,nan,nan,initial position is outside the energy-allowed region
100,323,0.79057158123609894,0.64666666666666672,fraction,250,0,forbidden,nan,0,nan,1.9157e-05,nan,nan,nan,nan,nan,initial position is outside the energy-allowed region
100,324,0.79057229912818194,0.64666666666666672,fraction,250,0,forbidden,nan,0,nan,5.2399999999999998e-07,nan,nan,nan,nan,nan,initial position is outside the energy-allowed region
100,325,0.79057301702026495,0.64666666666666672,fraction,250,0,forbidden,nan,0,nan,3.96e-07,nan,nan,nan,nan,nan,initial position is outside the energy-allowed region
100,326,0.79057373491234784,0.64666666666666672,fraction,250,0,forbidden,nan,0,nan,4.1600000000000002e-07,nan,nan,nan,nan,nan,initial position is outside the energy-allowed region
100,327,0.79057445280443084,0.64666666666666672,fraction,250,0,forbidden,nan,0,nan,4.0499999999999999e-07,nan,nan,nan,nan,nan,initial position is outside the energy-allowed region
100,328,0.79057517069651384,0.64666666666666672,fraction,250,0,forbidden,nan,0,nan,1.0380000000000001e-06,nan,nan,nan,nan,nan,initial position is outside the energy-allowed region
100,329,0.79057588858859684,0.64666666666666672,fraction,250,0,forbidden,nan,0,nan,3.96e-07,nan,nan,nan,nan,nan,initial position is outside the energy-allowed region
100,330,0.79057660648067984,0.64666666666666672,fraction,250,0,forbidden,nan,0,nan,5.2399999999999998e-07,nan,nan,nan,nan,nan,initial position is outside the energy-allowed region
100,331,0.79057732437276274,0.64666666666666672,fraction,250,0,forbidden,nan,0,nan,5.5400000000000001e-07,nan,nan,nan,nan,nan,initial position is outside the energy-allowed region
100,332,0.79057804226484574,0.64666666666666672,fraction,250,0,forbidden,nan,0,nan,5.1399999999999997e-07,nan,nan,nan,nan,nan,initial position is outside the energy-allowed region
100,333,0.79057876015692874,0.64666666666666672,fraction,250,0,forbidden,nan,0,nan,4.5244000000000003e-05,nan,nan,nan,nan,nan,initial position is outside the energy-allowed region
100,334,0.79057947804901174,0.64666666666666672,fraction,250,0,forbidden,nan,0,nan,4.0499999999999999e-07,nan,nan,nan,nan,nan,initial position is outside the energy-allowed region
100,335,0.79058019594109474,0.64666666666666672,fraction,250,0,forbidden,nan,0,nan,3.7599999999999998e-07,nan,nan,nan,nan,nan,initial position is outside the energy-allowed region
100,336,0.79058091383317763,0.64666666666666672,fraction,250,0,forbidden,nan,0,nan,4.75e-07,nan,nan,nan,nan,nan,initial position is outside the energy-allowed region
100,337,0.79058163172526064,0.64666666666666672,fraction,250,0,forbidden,nan,0,nan,3.9499999999999998e-07,nan,nan,nan,nan,nan,initial position is outside the energy-allowed region
100,338,0.79058234961734364,0.64666666666666672,fraction,250,0,forbidden,nan,0,nan,3.96e-07,nan,nan,nan,nan,nan,initial position is outside the energy-allowed region
100,339,0.79058306750942664,0.64666666666666672,fraction,250,0,forbidden,nan,0,nan,6.4300000000000003e-07,nan,nan,nan,nan,nan,initial position is outside the energy-allowed region
100,340,0.79058378540150964,0.64666666666666672,fraction,250,0,forbidden,nan,0,nan,3.8500000000000002e-07,nan,nan,nan,nan,nan,initial position is outside the energy-allowed region
100,341,0.79058450329359264,0.64666666666666672,fraction,250,0,forbidden,nan,0,nan,5.1678999999999998e-05,nan,nan,nan,nan,nan,initial position is outside the energy-allowed region
101,323,0.79057158123609894,0.66283333333333339,fraction,250,0,forbidden,nan,0,nan,1.9266000000000002e-05,nan,nan,nan,nan,nan,initial position is outside the energy-allowed region
101,324,0.79057229912818194,0.66283333333333339,fraction,250,0,forbidden,nan,0,nan,6.4300000000000003e-07,nan,nan,nan,nan,nan,initial position is outside the energy-allowed region
101,325,0.79057301702026495,0.66283333333333339,fraction,250,0,forbidden,nan,0,nan,3.96e-07,nan,nan,nan,nan,nan,initial position is outside the energy-allowed region
101,326,0.79057373491234784,0.66283333333333339,fraction,250,0,forbidden,nan,0,nan,4.15e-07,nan,nan,nan,nan,nan,initial position is outside the energy-allowed region
101,327,0.79057445280443084,0.66283333333333339,fraction,250,0,forbidden,nan,0,nan,3.7599999999999998e-07,nan,nan,nan,nan,nan,initial position is outside the energy-allowed region
101,328,0.79057517069651384,0.66283333333333339,fraction,250,0,forbidden,nan,0,nan,3.8500000000000002e-07,nan,nan,nan,nan,nan,initial position is outside the energy-allowed region
101,329,0.79057588858859684,0.66283333333333339,fraction,250,0,forbidden,nan,0,nan,3.96e-07,nan,nan,nan,nan,nan,initial position is outside the energy-allowed region
101,330,0.79057660648067984,0.66283333333333339,fraction,250,0,forbidden,nan,0,nan,3.8599999999999999e-07,nan,nan,nan,nan,nan,initial position is outside the energy-allowed region
101,331,0.79057732437276274,0.66283333333333339,fraction,250,0,forbidden,nan,0,nan,3.7599999999999998e-07,nan,nan,nan,nan,nan,initial position is outside the energy-allowed region
101,332,0.79057804226484574,0.66283333333333339,fraction,250,0,forbidden,nan,0,nan,3.1699999999999999e-07,nan,nan,nan,nan,nan,initial position is outside the energy-allowed region
101,333,0.79057876015692874,0.66283333333333339,fraction,250,0,forbidden,nan,0,nan,4.3198000000000002e-05,nan,nan,nan,nan,nan,initial position is outside the energy-allowed region
101,334,0.79057947804901174,0.66283333333333339,fraction,250,0,forbidden,nan,0,nan,3.9499999999999998e-07,nan,nan,nan,nan,nan,initial position is outside the energy-allowed region
101,335,0.79058019594109474,0.66283333333333339,fraction,250,0,forbidden,nan,0,nan,4.0499999999999999e-07,nan,nan,nan,nan,nan,initial position is outside the energy-allowed region
101,336,0.79058091383317763,0.66283333333333339,fraction,250,0,forbidden,nan,0,nan,3.8599999999999999e-07,nan,nan,nan,nan,nan,initial position is outside the energy-allowed region
101,337,0.79058163172526064,0.66283333333333339,fraction,250,0,forbidden,nan,0,nan,4.0499999999999999e-07,nan,nan,nan,nan,nan,initial position is outside the energy-allowed region
101,338,0.79058234961734364,0.66283333333333339,fraction,250,0,forbidden,nan,0,nan,3.8599999999999999e-07,nan,nan,nan,nan,nan,initial position is outside the energy-allowed region
101,339,0.79058306750942664,0.66283333333333339,fraction,250,0,forbidden,nan,0,nan,4.8400000000000005e-07,nan,nan,nan,nan,nan,initial position is outside the energy-allowed region
101,340,0.79058378540150964,0.66283333333333339,fraction,250,0,forbidden,nan,0,nan,4.9399999999999995e-07,nan,nan,nan,nan,nan,initial position is outside the energy-allowed region
101,341,0.79058450329359264,0.66283333333333339,fraction,250,0,forbidden,nan,0,nan,4.1912999999999997e-05,nan,nan,nan,nan,nan,initial position is outside the energy-allowed region
102,323,0.79057158123609894,0.67900000000000005,fraction,250,0,forbidden,nan,0,nan,1.9227000000000001e-05,nan,nan,nan,nan,nan,initial position is outside the energy-allowed region
102,324,0.79057229912818194,0.67900000000000005,fraction,250,0,forbidden,nan,0,nan,4.6499999999999999e-07,nan,nan,nan,nan,nan,initial position is outside the energy-allowed region
102,325,0.79057301702026495,0.67900000000000005,fraction,250,0,forbidden,nan,0,nan,3.27e-07,nan,nan,nan,nan,nan,initial position is outside the energy-allowed region
102,326,0.79057373491234784,0.67900000000000005,fraction,250,0,forbidden,nan,0,nan,3.8500000000000002e-07,nan,nan,nan,nan,nan,initial position is outside the energy-allowed region
102,327,0.79057445280443084,0.67900000000000005,fraction,250,0,forbidden,nan,0,nan,4.6499999999999999e-07,nan,nan,nan,nan,nan,initial position is outside the energy-allowed region
102,328,0.79057517069651384,0.67900000000000005,fraction,250,0,forbidden,nan,0,nan,3.8500000000000002e-07,nan,nan,nan,nan,nan,initial position is outside the energy-allowed region
102,329,0.79057588858859684,0.67900000000000005,fraction,250,0,forbidden,nan,0,nan,3.8500000000000002e-07,nan,nan,nan,nan,nan,initial position is outside the energy-allowed region
102,330,0.79057660648067984,0.67900000000000005,fraction,250,0,forbidden,nan,0,nan,3.96e-07,nan,nan,nan,nan,nan,initial position is outside the energy-allowed region
102,331,0.79057732437276274,0.67900000000000005,fraction,250,0,forbidden,nan,0,nan,3.8500000000000002e-07,nan,nan,nan,nan,nan,initial position is outside the energy-allowed region
102,332,0.79057804226484574,0.67900000000000005,fraction,250,0,forbidden,nan,0,nan,4.4400000000000001e-07,nan,nan,nan,nan,nan,initial position is outside the energy-allowed region
102,333,0.79057876015692874,0.67900000000000005,fraction,250,0,forbidden,nan,0,nan,4.2772999999999999e-05,nan,nan,nan,nan,nan,initial position is outside the energy-allowed region
102,334,0.79057947804901174,0.67900000000000005,fraction,250,0,forbidden,nan,0,nan,3.8599999999999999e-07,nan,nan,nan,nan,nan,initial position is outside the energy-allowed region
102,335,0.79058019594109474,0.67900000000000005,fraction,250,0,forbidden,nan,0,nan,3.7599999999999998e-07,nan,nan,nan,nan,nan,initial position is outside the energy-allowed region
102,336,0.79058091383317763,0.67900000000000005,fraction,250,0,forbidden,nan,0,nan,4.3500000000000002e-07,nan,nan,nan,nan,nan,initial position is outside the energy-allowed region
102,337,0.79058163172526064,0.67900000000000005,fraction,250,0,forbidden,nan,0,nan,3.9499999999999998e-07,nan,nan,nan,nan,nan,initial position is outside the energy-allowed region
102,338,0.79058234961734364,0.67900000000000005,fraction,250,0,forbidden,nan,0,nan,3.8500000000000002e-07,nan,nan,nan,nan,nan,initial position is outside the energy-allowed region
102,339,0.79058306750942664,0.67900000000000005,fraction,250,0,forbidden,nan,0,nan,3.9499999999999998e-07,nan,nan,nan,nan,nan,initial position is outside the energy-allowed region
102,340,0.79058378540150964,0.67900000000000005,fraction,250,0,forbidden,nan,0,nan,4.8400000000000005e-07,nan,nan,nan,nan,nan,initial position is outside the energy-allowed region
102,341,0.79058450329359264,0.67900000000000005,fraction,250,0,forbidden,nan,0,nan,2.7016e-05,nan,nan,nan,nan,nan,initial position is outside the energy-allowed region
103,323,0.79057158123609894,0.69516666666666671,fraction,250,0,forbidden,nan,0,nan,4.1907999999999999e-05,nan,nan,nan,nan,nan,initial position is outside the energy-allowed region
103,324,0.79057229912818194,0.69516666666666671,fraction,250,0,forbidden,nan,0,nan,4.0499999999999999e-07,nan,nan,nan,nan,nan,initial position is outside the energy-allowed region
103,325,0.79057301702026495,0.69516666666666671,fraction,250,0,forbidden,nan,0,nan,3.6600000000000002e-07,nan,nan,nan,nan,nan,initial position is outside the energy-allowed region
103,326,0.79057373491234784,0.69516666666666671,fraction,250,0,forbidden,nan,0,nan,4.4499999999999997e-07,nan,nan,nan,nan,nan,initial position is outside the energy-allowed region
103,327,0.79057445280443084,0.69516666666666671,fraction,250,0,forbidden,nan,0,nan,4.2500000000000001e-07,nan,nan,nan,nan,nan,initial position is outside the energy-allowed region
103,328,0.79057517069651384,0.69516666666666671,fraction,250,0,forbidden,nan,0,nan,3.96e-07,nan,nan,nan,nan,nan,initial position is outside the energy-allowed region
103,329,0.79057588858859684,0.69516666666666671,fraction,250,0,forbidden,nan,0,nan,3.96e-07,nan,nan,nan,nan,nan,initial position is outside the energy-allowed region
103,330,0.79057660648067984,0.69516666666666671,fraction,250,0,forbidden,nan,0,nan,3.96e-07,nan,nan,nan,nan,nan,initial position is outside the energy-allowed region
103,331,0.79057732437276274,0.69516666666666671,fraction,250,0,forbidden,nan,0,nan,4.0600000000000001e-07,nan,nan,nan,nan,nan,initial position is outside the energy-allowed region
103,332,0.79057804226484574,0.69516666666666671,fraction,250,0,forbidden,nan,0,nan,3.7599999999999998e-07,nan,nan,nan,nan,nan,initial position is outside the energy-allowed region
103,333,0.79057876015692874,0.69516666666666671,fraction,250,0,forbidden,nan,0,nan,8.2521000000000005e-05,nan,nan,nan,nan,nan,initial position is outside the energy-allowed region
103,334,0.79057947804901174,0.69516666666666671,fraction,250,0,forbidden,nan,0,nan,3.7599999999999998e-07,nan,nan,nan,nan,nan,initial position is outside the energy-allowed region
103,335,0.79058019594109474,0.69516666666666671,fraction,250,0,forbidden,nan,0,nan,4.15e-07,nan,nan,nan,nan,nan,initial position is outside the energy-allowed region
103,336,0.79058091383317763,0.69516666666666671,fraction,250,0,forbidden,nan,0,nan,3.8599999999999999e-07,nan,nan,nan,nan,nan,initial position is outside the energy-allowed region
103,337,0.79058163172526064,0.69516666666666671,fraction,250,0,forbidden,nan,0,nan,3.7599999999999998e-07,nan,nan,nan,nan,nan,initial position is outside the energy-allowed region
103,338,0.79058234961734364,0.69516666666666671,fraction,250,0,forbidden,nan,0,nan,3.6600000000000002e-07,nan,nan,nan,nan,nan,initial position is outside the energy-allowed region
103,339,0.79058306750942664,0.69516666666666671,fraction,250,0,forbidden,nan,0,nan,3.5600000000000001e-07,nan,nan,nan,nan,nan,initial position is outside the energy-allowed region
103,340,0.79058378540150964,0.69516666666666671,fraction,250,0,forbidden,nan,0,nan,3.6600000000000002e-07,nan,nan,nan,nan,nan,initial position is outside the energy-allowed region
103,341,0.79058450329359264,0.69516666666666671,fraction,250,0,forbidden,nan,0,nan,2.6284000000000001e-05,nan,nan,nan,nan,nan,initial position is outside the energy-allowed region
104,323,0.79057158123609894,0.71133333333333337,fraction,250,0,forbidden,nan,0,nan,3.4242000000000002e-05,nan,nan,nan,nan,nan,initial position is outside the energy-allowed region
104,324,0.79057229912818194,0.71133333333333337,fraction,250,0,forbidden,nan,0,nan,4.0499999999999999e-07,nan,nan,nan,nan,nan,initial position is outside the energy-allowed region
104,325,0.79057301702026495,0.71133333333333337,fraction,250,0,forbidden,nan,0,nan,3.8599999999999999e-07,nan,nan,nan,nan,nan,initial position is outside the energy-allowed region
104,326,0.79057373491234784,0.71133333333333337,fraction,250,0,forbidden,nan,0,nan,5.0399999999999996e-07,nan,nan,nan,nan,nan,initial position is outside the energy-allowed region
104,327,0.79057445280443084,0.71133333333333337,fraction,250,0,forbidden,nan,0,nan,5.0399999999999996e-07,nan,nan,nan,nan,nan,initial position is outside the energy-allowed region
104,328,0.79057517069651384,0.71133333333333337,fraction,250,0,forbidden,nan,0,nan,3.9499999999999998e-07,nan,nan,nan,nan,nan,initial position is outside the energy-allowed region
104,329,0.79057588858859684,0.71133333333333337,fraction,250,0,forbidden,nan,0,nan,3.8500000000000002e-07,nan,nan,nan,nan,nan,initial position is outside the energy-allowed region
104,330,0.79057660648067984,0.71133333333333337,fraction,250,0,forbidden,nan,0,nan,3.0699999999999998e-07,nan,nan,nan,nan,nan,initial position is outside the energy-allowed region
104,331,0.79057732437276274,0.71133333333333337,fraction,250,0,forbidden,nan,0,nan,3.9499999999999998e-07,nan,nan,nan,nan,nan,initial position is outside the energy-allowed region
104,332,0.79057804226484574,0.71133333333333337,fraction,250,0,forbidden,nan,0,nan,3.6600000000000002e-07,nan,nan,nan,nan,nan,initial position is outside the energy-allowed region
104,333,0.79057876015692874,0.71133333333333337,fraction,250,0,forbidden,nan,0,nan,3.9303e-05,nan,nan,nan,nan,nan,initial position is outside the energy-allowed region
104,334,0.79057947804901174,0.71133333333333337,fraction,250,0,forbidden,nan,0,nan,3.46e-07,nan,nan,nan,nan,nan,initial position is outside the energy-allowed region
104,335,0.79058019594109474,0.71133333333333337,fraction,250,0,forbidden,nan,0,nan,3.96e-07,nan,nan,nan,nan,nan,initial position is outside the energy-allowed region
104,336,0.79058091383317763,0.71133333333333337,fraction,250,0,forbidden,nan,0,nan,3.8500000000000002e-07,nan,nan,nan,nan,nan,initial position is outside the energy-allowed region
104,337,0.79058163172526064,0.71133333333333337,fraction,250,0,forbidden,nan,0,nan,4.0600000000000001e-07,nan,nan,nan,nan,nan,initial position is outside the energy-allowed region
104,338,0.79058234961734364,0.71133333333333337,fraction,250,0,forbidden,nan,0,nan,4.0600000000000001e-07,nan,nan,nan,nan,nan,initial position is outside the energy-allowed region
104,339,0.79058306750942664,0.71133333333333337,fraction,250,0,forbidden,nan,0,nan,4.8400000000000005e-07,nan,nan,nan,nan,nan,initial position is outside the energy-allowed region
104,340,0.79058378540150964,0.71133333333333337,fraction,250,0,forbidden,nan,0,nan,3.7599999999999998e-07,nan,nan,nan,nan,nan,initial position is outside the energy-allowed region
104,341,0.79058450329359264,0.71133333333333337,fraction,250,0,forbidden,nan,0,nan,3.2966000000000003e-05,nan,nan,nan,nan,nan,initial position is outside the energy-allowed region
105,323,0.79057158123609894,0.72750000000000004,fraction,250,0,forbidden,nan,0,nan,1.8722000000000001e-05,nan,nan,nan,nan,nan,initial position is outside the energy-allowed region
105,324,0.79057229912818194,0.72750000000000004,fraction,250,0,forbidden,nan,0,nan,3.9499999999999998e-07,nan,nan,nan,nan,nan,initial position is outside the energy-allowed region
105,325,0.79057301702026495,0.72750000000000004,fraction,250,0,forbidden,nan,0,nan,9.2900000000000002e-07,nan,nan,nan,nan,nan,initial position is outside the energy-allowed region
105,326,0.79057373491234784,0.72750000000000004,fraction,250,0,forbidden,nan,0,nan,3.1600000000000002e-07,nan,nan,nan,nan,nan,initial position is outside the energy-allowed region
105,327,0.79057445280443084,0.72750000000000004,fraction,250,0,forbidden,nan,0,nan,3.46e-07,nan,nan,nan,nan,nan,initial position is outside the energy-allowed region
105,328,0.79057517069651384,0.72750000000000004,fraction,250,0,forbidden,nan,0,nan,3.1600000000000002e-07,nan,nan,nan,nan,nan,initial position is outside the energy-allowed region
105,329,0.79057588858859684,0.72750000000000004,fraction,250,0,forbidden,nan,0,nan,3.8599999999999999e-07,nan,nan,nan,nan,nan,initial position is outside the energy-allowed region
105,330,0.79057660648067984,0.72750000000000004,fraction,250,0,forbidden,nan,0,nan,3.9499999999999998e-07,nan,nan,nan,nan,nan,initial position is outside the energy-allowed region
105,331,0.79057732437276274,0.72750000000000004,fraction,250,0,forbidden,nan,0,nan,3.8599999999999999e-07,nan,nan,nan,nan,nan,initial position is outside the energy-allowed region
105,332,0.79057804226484574,0.72750000000000004,fraction,250,0,forbidden,nan,0,nan,4.3500000000000002e-07,nan,nan,nan,nan,nan,initial position is outside the energy-allowed region
105,333,0.79057876015692874,0.72750000000000004,fraction,250,0,forbidden,nan,0,nan,6.9818000000000001e-05,nan,nan,nan,nan,nan,initial position is outside the energy-allowed region
105,334,0.79057947804901174,0.72750000000000004,fraction,250,0,forbidden,nan,0,nan,3.8599999999999999e-07,nan,nan,nan,nan,nan,initial position is outside the energy-allowed region
105,335,0.79058019594109474,0.72750000000000004,fraction,250,0,forbidden,nan,0,nan,4.5499999999999998e-07,nan,nan,nan,nan,nan,initial position is outside the energy-allowed region
105,336,0.79058091383317763,0.72750000000000004,fraction,250,0,forbidden,nan,0,nan,3.8500000000000002e-07,nan,nan,nan,nan,nan,initial position is outside the energy-allowed region
105,337,0.79058163172526064,0.72750000000000004,fraction,250,0,forbidden,nan,0,nan,4.4499999999999997e-07,nan,nan,nan,nan,nan,initial position is outside the energy-allowed region
105,338,0.79058234961734364,0.72750000000000004,fraction,250,0,forbidden,nan,0,nan,4.15e-07,nan,nan,nan,nan,nan,initial position is outside the energy-allowed region
105,339,0.79058306750942664,0.72750000000000004,fraction,250,0,forbidden,nan,0,nan,4.75e-07,nan,nan,nan,nan,nan,initial position is outside the energy-allowed region
105,340,0.79058378540150964,0.72750000000000004,fraction,250,0,forbidden,nan,0,nan,3.8500000000000002e-07,nan,nan,nan,nan,nan,initial position is outside the energy-allowed region
105,341,0.79058450329359264,0.72750000000000004,fraction,250,0,forbidden,nan,0,nan,3.7305999999999998e-05,nan,nan,nan,nan,nan,initial position is outside the energy-allowed region
106,323,0.79057158123609894,0.7436666666666667,fraction,250,0,forbidden,nan,0,nan,1.8088999999999999e-05,nan,nan,nan,nan,nan,initial position is outside the energy-allowed region
106,324,0.79057229912818194,0.7436666666666667,fraction,250,0,forbidden,nan,0,nan,4.0600000000000001e-07,nan,nan,nan,nan,nan,initial position is outside the energy-allowed region
106,325,0.79057301702026495,0.7436666666666667,fraction,250,0,forbidden,nan,0,nan,3.6600000000000002e-07,nan,nan,nan,nan,nan,initial position is outside the energy-allowed region
106,326,0.79057373491234784,0.7436666666666667,fraction,250,0,forbidden,nan,0,nan,3.6600000000000002e-07,nan,nan,nan,nan,nan,initial position is outside the energy-allowed region
106,327,0.79057445280443084,0.7436666666666667,fraction,250,0,forbidden,nan,0,nan,4.0600000000000001e-07,nan,nan,nan,nan,nan,initial position is outside the energy-allowed region
106,328,0.79057517069651384,0.7436666666666667,fraction,250,0,forbidden,nan,0,nan,4.2500000000000001e-07,nan,nan,nan,nan,nan,initial position is outside the energy-allowed region
106,329,0.79057588858859684,0.7436666666666667,fraction,250,0,forbidden,nan,0,nan,3.9499999999999998e-07,nan,nan,nan,nan,nan,initial position is outside the energy-allowed region
106,330,0.79057660648067984,0.7436666666666667,fraction,250,0,forbidden,nan,0,nan,5.1399999999999997e-07,nan,nan,nan,nan,nan,initial position is outside the energy-allowed region
106,331,0.79057732437276274,0.7436666666666667,fraction,250,0,forbidden,nan,0,nan,3.8500000000000002e-07,nan,nan,nan,nan,nan,initial position is outside the energy-allowed region
106,332,0.79057804226484574,0.7436666666666667,fraction,250,0,forbidden,nan,0,nan,4.2500000000000001e-07,nan,nan,nan,nan,nan,initial position is outside the energy-allowed region
106,333,0.79057876015692874,0.7436666666666667,fraction,250,0,forbidden,nan,0,nan,3.0762000000000001e-05,nan,nan,nan,nan,nan,initial position is outside the energy-allowed region
106,334,0.79057947804901174,0.7436666666666667,fraction,250,0,forbidden,nan,0,nan,4.6499999999999999e-07,nan,nan,nan,nan,nan,initial position is outside the energy-allowed region
106,335,0.79058019594109474,0.7436666666666667,fraction,250,0,forbidden,nan,0,nan,3.8500000000000002e-07,nan,nan,nan,nan,nan,initial position is outside the energy-allowed region
106,336,0.79058091383317763,0.7436666666666667,fraction,250,0,forbidden,nan,0,nan,3.8599999999999999e-07,nan,nan,nan,nan,nan,initial position is outside the energy-allowed region
106,337,0.79058163172526064,0.7436666666666667,fraction,250,0,forbidden,nan,0,nan,4.15e-07,nan,nan,nan,nan,nan,initial position is outside the energy-allowed region
106,338,0.79058234961734364,0.7436666666666667,fraction,250,0,forbidden,nan,0,nan,3.8500000000000002e-07,nan,nan,nan,nan,nan,initial position is outside the energy-allowed region
106,339,0.79058306750942664,0.7436666666666667,fraction,250,0,forbidden,nan,0,nan,3.9499999999999998e-07,nan,nan,nan,nan,nan,initial position is outside the energy-allowed region
106,340,0.79058378540150964,0.7436666666666667,fraction,250,0,forbidden,nan,0,nan,5.1399999999999997e-07,nan,nan,nan,nan,nan,initial position is outside the energy-allowed region
106,341,0.79058450329359264,0.7436666666666667,fraction,250,0,forbidden,nan,0,nan,3.1523000000000003e-05,nan,nan,nan,nan,nan,initial position is outside the energy-allowed region
107,323,0.79057158123609894,0.75983333333333336,fraction,250,0,forbidden,nan,0,nan,0.00025995199999999998,nan,nan,nan,nan,nan,initial position is outside the energy-allowed region
107,324,0.79057229912818194,0.75983333333333336,fraction,250,0,forbidden,nan,0,nan,3.8599999999999999e-07,nan,nan,nan,nan,nan,initial position is outside the energy-allowed region
107,325,0.79057301702026495,0.75983333333333336,fraction,250,0,forbidden,nan,0,nan,3.8599999999999999e-07,nan,nan,nan,nan,nan,initial position is outside the energy-allowed region
107,326,0.79057373491234784,0.75983333333333336,fraction,250,0,forbidden,nan,0,nan,3.96e-07,nan,nan,nan,nan,nan,initial position is outside the energy-allowed region
107,327,0.79057445280443084,0.75983333333333336,fraction,250,0,forbidden,nan,0,nan,8.2099999999999995e-07,nan,nan,nan,nan,nan,initial position is outside the energy-allowed region
107,328,0.79057517069651384,0.75983333333333336,fraction,250,0,forbidden,nan,0,nan,4.75e-07,nan,nan,nan,nan,nan,initial position is outside the energy-allowed region
107,329,0.79057588858859684,0.75983333333333336,fraction,250,0,forbidden,nan,0,nan,4.2500000000000001e-07,nan,nan,nan,nan,nan,initial position is outside the energy-allowed region
107,330,0.79057660648067984,0.75983333333333336,fraction,250,0,forbidden,nan,0,nan,3.1600000000000002e-07,nan,nan,nan,nan,nan,initial position is outside the energy-allowed region
107,331,0.79057732437276274,0.75983333333333336,fraction,250,0,forbidden,nan,0,nan,3.3599999999999999e-07,nan,nan,nan,nan,nan,initial position is outside the energy-allowed region
107,332,0.79057804226484574,0.75983333333333336,fraction,250,0,forbidden,nan,0,nan,2.7599999999999998e-07,nan,nan,nan,nan,nan,initial position is outside the energy-allowed region
107,333,0.79057876015692874,0.75983333333333336,fraction,250,0,forbidden,nan,0,nan,0.000103749,nan,nan,nan,nan,nan,initial position is outside the energy-allowed region
107,334,0.79057947804901174,0.75983333333333336,fraction,250,0,forbidden,nan,0,nan,4.3500000000000002e-07,nan,nan,nan,nan,nan,initial position is outside the energy-allowed region
107,335,0.79058019594109474,0.75983333333333336,fraction,250,0,forbidden,nan,0,nan,3.6600000000000002e-07,nan,nan,nan,nan,nan,initial position is outside the energy-allowed region
107,336,0.79058091383317763,0.75983333333333336,fraction,250,0,forbidden,nan,0,nan,3.3700000000000001e-07,nan,nan,nan,nan,nan,initial position is outside the energy-allowed region
107,337,0.79058163172526064,0.75983333333333336,fraction,250,0,forbidden,nan,0,nan,3.8599999999999999e-07,nan,nan,nan,nan,nan,initial position is outside the energy-allowed region
107,338,0.79058234961734364,0.75983333333333336,fraction,250,0,forbidden,nan,0,nan,4.1600000000000002e-07,nan,nan,nan,nan,nan,initial position is outside the energy-allowed region
107,339,0.79058306750942664,0.75983333333333336,fraction,250,0,forbidden,nan,0,nan,4.0499999999999999e-07,nan,nan,nan,nan,nan,initial position is outside the energy-allowed region
107,340,0.79058378540150964,0.75983333333333336,fraction,250,0,forbidden,nan,0,nan,3.7500000000000001e-07,nan,nan,nan,nan,nan,initial position is outside the energy-allowed region
107,341,0.79058450329359264,0.75983333333333336,fraction,250,0,forbidden,nan,0,nan,4.0518000000000001e-05,nan,nan,nan,nan,nan,initial position is outside the energy-allowed region
108,323,0.79057158123609894,0.77600000000000002,fraction,250,0,forbidden,nan,0,nan,1.8603000000000001e-05,nan,nan,nan,nan,nan,initial position is outside the energy-allowed region
108,324,0.79057229912818194,0.77600000000000002,fraction,250,0,forbidden,nan,0,nan,5.44e-07,nan,nan,nan,nan,nan,initial position is outside the energy-allowed region
108,325,0.79057301702026495,0.77600000000000002,fraction,250,0,forbidden,nan,0,nan,3.96e-07,nan,nan,nan,nan,nan,initial position is outside the energy-allowed region
108,326,0.79057373491234784,0.77600000000000002,fraction,250,0,forbidden,nan,0,nan,5.3399999999999999e-07,nan,nan,nan,nan,nan,initial position is outside the energy-allowed region
108,327,0.79057445280443084,0.77600000000000002,fraction,250,0,forbidden,nan,0,nan,4.15e-07,nan,nan,nan,nan,nan,initial position is outside the energy-allowed region
108,328,0.79057517069651384,0.77600000000000002,fraction,250,0,forbidden,nan,0,nan,3.96e-07,nan,nan,nan,nan,nan,initial position is outside the energy-allowed region
108,329,0.79057588858859684,0.77600000000000002,fraction,250,0,forbidden,nan,0,nan,4.0600000000000001e-07,nan,nan,nan,nan,nan,initial position is outside the energy-allowed region
108,330,0.79057660648067984,0.77600000000000002,fraction,250,0,forbidden,nan,0,nan,3.96e-07,nan,nan,nan,nan,nan,initial position is outside the energy-allowed region
108,331,0.79057732437276274,0.77600000000000002,fraction,250,0,forbidden,nan,0,nan,4.75e-07,nan,nan,nan,nan,nan,initial position is outside the energy-allowed region
108,332,0.79057804226484574,0.77600000000000002,fraction,250,0,forbidden,nan,0,nan,3.0699999999999998e-07,nan,nan,nan,nan,nan,initial position is outside the energy-allowed region
108,333,0.79057876015692874,0.77600000000000002,fraction,250,0,forbidden,nan,0,nan,4.7003999999999999e-05,nan,nan,nan,nan,nan,initial position is outside the energy-allowed region
108,334,0.79057947804901174,0.77600000000000002,fraction,250,0,forbidden,nan,0,nan,3.7599999999999998e-07,nan,nan,nan,nan,nan,initial position is outside the energy-allowed region
108,335,0.79058019594109474,0.77600000000000002,fraction,250,0,forbidden,nan,0,nan,3.7599999999999998e-07,nan,nan,nan,nan,nan,initial position is outside the energy-allowed region
108,336,0.79058091383317763,0.77600000000000002,fraction,250,0,forbidden,nan,0,nan,3.8500000000000002e-07,nan,nan,nan,nan,nan,initial position is outside the energy-allowed region
108,337,0.79058163172526064,0.77600000000000002,fraction,250,0,forbidden,nan,0,nan,4.2500000000000001e-07,nan,nan,nan,nan,nan,initial position is outside the energy-allowed region
108,338,0.79058234961734364,0.77600000000000002,fraction,250,0,forbidden,nan,0,nan,3.8599999999999999e-07,nan,nan,nan,nan,nan,initial position is outside the energy-allowed region
108,339,0.79058306750942664,0.77600000000000002,fraction,250,0,forbidden,nan,0,nan,3.96e-07,nan,nan,nan,nan,nan,initial position is outside the energy-allowed region
108,340,0.79058378540150964,0.77600000000000002,fraction,250,0,forbidden,nan,0,nan,4.15e-07,nan,nan,nan,nan,nan,initial position is outside the energy-allowed region
108,341,0.79058450329359264,0.77600000000000002,fraction,250,0,forbidden,nan,0,nan,3.9490999999999998e-05,nan,nan,nan,nan,nan,initial position is outside the energy-allowed region
109,323,0.79057158123609894,0.79216666666666669,fraction,250,0,forbidden,nan,0,nan,1.9057999999999999e-05,nan,nan,nan,nan,nan,initial position is outside the energy-allowed region
109,324,0.79057229912818194,0.79216666666666669,fraction,250,0,forbidden,nan,0,nan,7.7100000000000001e-07,nan,nan,nan,nan,nan,initial position is outside the energy-allowed region
109,325,0.79057301702026495,0.79216666666666669,fraction,250,0,forbidden,nan,0,nan,3.96e-07,nan,nan,nan,nan,nan,initial position is outside the energy-allowed region
109,326,0.79057373491234784,0.79216666666666669,fraction,250,0,forbidden,nan,0,nan,4.0499999999999999e-07,nan,nan,nan,nan,nan,initial position is outside the energy-allowed region
109,327,0.79057445280443084,0.79216666666666669,fraction,250,0,forbidden,nan,0,nan,4.6400000000000003e-07,nan,nan,nan,nan,nan,initial position is outside the energy-allowed region
109,328,0.79057517069651384,0.79216666666666669,fraction,250,0,forbidden,nan,0,nan,3.7500000000000001e-07,nan,nan,nan,nan,nan,initial position is outside the energy-allowed region
109,329,0.79057588858859684,0.79216666666666669,fraction,250,0,forbidden,nan,0,nan,4.0600000000000001e-07,nan,nan,nan,nan,nan,initial position is outside the energy-allowed region
109,330,0.79057660648067984,0.79216666666666669,fraction,250,0,forbidden,nan,0,nan,3.3599999999999999e-07,nan,nan,nan,nan,nan,initial position is outside the energy-allowed region
109,331,0.79057732437276274,0.79216666666666669,fraction,250,0,forbidden,nan,0,nan,4.2500000000000001e-07,nan,nan,nan,nan,nan,initial position is outside the energy-allowed region
109,332,0.79057804226484574,0.79216666666666669,fraction,250,0,forbidden,nan,0,nan,4.5400000000000002e-07,nan,nan,nan,nan,nan,initial position is outside the energy-allowed region
109,333,0.79057876015692874,0.79216666666666669,fraction,250,0,forbidden,nan,0,nan,2.9309e-05,nan,nan,nan,nan,nan,initial position is outside the energy-allowed region
109,334,0.79057947804901174,0.79216666666666669,fraction,250,0,forbidden,nan,0,nan,3.9499999999999998e-07,nan,nan,nan,nan,nan,initial position is outside the energy-allowed region
109,335,0.79058019594109474,0.79216666666666669,fraction,250,0,forbidden,nan,0,nan,4.15e-07,nan,nan,nan,nan,nan,initial position is outside the energy-allowed region
109,336,0.79058091383317763,0.79216666666666669,fraction,250,0,forbidden,nan,0,nan,3.7500000000000001e-07,nan,nan,nan,nan,nan,initial position is outside the energy-allowed region
109,337,0.79058163172526064,0.79216666666666669,fraction,250,0,forbidden,nan,0,nan,4.6499999999999999e-07,nan,nan,nan,nan,nan,initial position is outside the energy-allowed region
109,338,0.79058234961734364,0.79216666666666669,fraction,250,0,forbidden,nan,0,nan,4.8400000000000005e-07,nan,nan,nan,nan,nan,initial position is outside the energy-allowed region
109,339,0.79058306750942664,0.79216666666666669,fraction,250,0,forbidden,nan,0,nan,4.9399999999999995e-07,nan,nan,nan,nan,nan,initial position is outside the energy-allowed region
109,340,0.79058378540150964,0.79216666666666669,fraction,250,0,forbidden,nan,0,nan,5.1399999999999997e-07,nan,nan,nan,nan,nan,initial position is outside the energy-allowed region
109,341,0.79058450329359264,0.79216666666666669,fraction,250,0,forbidden,nan,0,nan,5.7067000000000001e-05,nan,nan,nan,nan,nan,initial position is outside the energy-allowed region
110,323,0.79057158123609894,0.80833333333333335,fraction,250,0,forbidden,nan,0,nan,1.7921999999999999e-05,nan,nan,nan,nan,nan,initial position is outside the energy-allowed region
110,324,0.79057229912818194,0.80833333333333335,fraction,250,0,forbidden,nan,0,nan,7.7100000000000001e-07,nan,nan,nan,nan,nan,initial position is outside the energy-allowed region
110,325,0.79057301702026495,0.80833333333333335,fraction,250,0,forbidden,nan,0,nan,4.2500000000000001e-07,nan,nan,nan,nan,nan,initial position is outside the energy-allowed region
110,326,0.79057373491234784,0.80833333333333335,fraction,250,0,forbidden,nan,0,nan,5.9299999999999998e-07,nan,nan,nan,nan,nan,initial position is outside the energy-allowed region
110,327,0.79057445280443084,0.80833333333333335,fraction,250,0,forbidden,nan,0,nan,4.0600000000000001e-07,nan,nan,nan,nan,nan,initial position is outside the energy-allowed region
110,328,0.79057517069651384,0.80833333333333335,fraction,250,0,forbidden,nan,0,nan,4.3500000000000002e-07,nan,nan,nan,nan,nan,initial position is outside the energy-allowed region
110,329,0.79057588858859684,0.80833333333333335,fraction,250,0,forbidden,nan,0,nan,3.96e-07,nan,nan,nan,nan,nan,initial position is outside the energy-allowed region
110,330,0.79057660648067984,0.80833333333333335,fraction,250,0,forbidden,nan,0,nan,3.9499999999999998e-07,nan,nan,nan,nan,nan,initial position is outside the energy-allowed region
110,331,0.79057732437276274,0.80833333333333335,fraction,250,0,forbidden,nan,0,nan,3.4983e-05,nan,nan,nan,nan,nan,initial position is outside the energy-allowed region
110,332,0.79057804226484574,0.80833333333333335,fraction,250,0,forbidden,nan,0,nan,3.7599999999999998e-07,nan,nan,nan,nan,nan,initial position is outside the energy-allowed region
110,333,0.79057876015692874,0.80833333333333335,fraction,250,0,forbidden,nan,0,nan,0.00021851999999999999,nan,nan,nan,nan,nan,initial position is outside the energy-allowed region
110,334,0.79057947804901174,0.80833333333333335,fraction,250,0,forbidden,nan,0,nan,3.8599999999999999e-07,nan,nan,nan,nan,nan,initial position is outside the energy-allowed region
110,335,0.79058019594109474,0.80833333333333335,fraction,250,0,forbidden,nan,0,nan,3.7599999999999998e-07,nan,nan,nan,nan,nan,initial position is outside the energy-allowed region
110,336,0.79058091383317763,0.80833333333333335,fraction,250,0,forbidden,nan,0,nan,4.8400000000000005e-07,nan,nan,nan,nan,nan,initial position is outside the energy-allowed region
110,337,0.79058163172526064,0.80833333333333335,fraction,250,0,forbidden,nan,0,nan,4.0499999999999999e-07,nan,nan,nan,nan,nan,initial position is outside the energy-allowed region
110,338,0.79058234961734364,0.80833333333333335,fraction,250,0,forbidden,nan,0,nan,3.96e-07,nan,nan,nan,nan,nan,initial position is outside the energy-allowed region
110,339,0.79058306750942664,0.80833333333333335,fraction,250,0,forbidden,nan,0,nan,4.0499999999999999e-07,nan,nan,nan,nan,nan,initial position is outside the energy-allowed region
110,340,0.79058378540150964,0.80833333333333335,fraction,250,0,forbidden,nan,0,nan,4.5499999999999998e-07,nan,nan,nan,nan,nan,initial position is outside the energy-allowed region
110,341,0.79058450329359264,0.80833333333333335,fraction,250,0,forbidden,nan,0,nan,5.9923999999999998e-05,nan,nan,nan,nan,nan,initial position is outside the energy-allowed region
111,323,0.79057158123609894,0.82450000000000001,fraction,250,0,forbidden,nan,0,nan,1.8890999999999999e-05,nan,nan,nan,nan,nan,initial position is outside the energy-allowed region
111,324,0.79057229912818194,0.82450000000000001,fraction,250,0,forbidden,nan,0,nan,5.0399999999999996e-07,nan,nan,nan,nan,nan,initial position is outside the energy-allowed region
111,325,0.79057301702026495,0.82450000000000001,fraction,250,0,forbidden,nan,0,nan,4.2500000000000001e-07,nan,nan,nan,nan,nan,initial position is outside the energy-allowed region
111,326,0.79057373491234784,0.82450000000000001,fraction,250,0,forbidden,nan,0,nan,3.8500000000000002e-07,nan,nan,nan,nan,nan,initial position is outside the energy-allowed region
111,327,0.79057445280443084,0.82450000000000001,fraction,250,0,forbidden,nan,0,nan,3.6600000000000002e-07,nan,nan,nan,nan,nan,initial position is outside the energy-allowed region
111,328,0.79057517069651384,0.82450000000000001,fraction,250,0,forbidden,nan,0,nan,3.8500000000000002e-07,nan,nan,nan,nan,nan,initial position is outside the energy-allowed region
111,329,0.79057588858859684,0.82450000000000001,fraction,250,0,forbidden,nan,0,nan,4.6499999999999999e-07,nan,nan,nan,nan,nan,initial position is outside the energy-allowed region
111,330,0.79057660648067984,0.82450000000000001,fraction,250,0,forbidden,nan,0,nan,4.0499999999999999e-07,nan,nan,nan,nan,nan,initial position is outside the energy-allowed region
111,331,0.79057732437276274,0.82450000000000001,fraction,250,0,forbidden,nan,0,nan,3.9499999999999998e-07,nan,nan,nan,nan,nan,initial position is outside the energy-allowed region
111,332,0.79057804226484574,0.82450000000000001,fraction,250,0,forbidden,nan,0,nan,3.96e-07,nan,nan,nan,nan,nan,initial position is outside the energy-allowed region
111,333,0.79057876015692874,0.82450000000000001,fraction,250,0,forbidden,nan,0,nan,5.3931999999999998e-05,nan,nan,nan,nan,nan,initial position is outside the energy-allowed region
111,334,0.79057947804901174,0.82450000000000001,fraction,250,0,forbidden,nan,0,nan,3.9499999999999998e-07,nan,nan,nan,nan,nan,initial position is outside the energy-allowed region
111,335,0.79058019594109474,0.82450000000000001,fraction,250,0,forbidden,nan,0,nan,4.5499999999999998e-07,nan,nan,nan,nan,nan,initial position is outside the energy-allowed region
111,336,0.79058091383317763,0.82450000000000001,fraction,250,0,forbidden,nan,0,nan,3.8599999999999999e-07,nan,nan,nan,nan,nan,initial position is outside the energy-allowed region
111,337,0.79058163172526064,0.82450000000000001,fraction,250,0,forbidden,nan,0,nan,4.2500000000000001e-07,nan,nan,nan,nan,nan,initial position is outside the energy-allowed region
111,338,0.79058234961734364,0.82450000000000001,fraction,250,0,forbidden,nan,0,nan,3.8500000000000002e-07,nan,nan,nan,nan,nan,initial position is outside the energy-allowed region
111,339,0.79058306750942664,0.82450000000000001,fraction,250,0,forbidden,nan,0,nan,3.9499999999999998e-07,nan,nan,nan,nan,nan,initial position is outside the energy-allowed region
111,340,0.79058378540150964,0.82450000000000001,fraction,250,0,forbidden,nan,0,nan,4.2500000000000001e-07,nan,nan,nan,nan,nan,initial position is outside the energy-allowed region
111,341,0.79058450329359264,0.82450000000000001,fraction,250,0,forbidden,nan,0,nan,4.2021999999999998e-05,nan,nan,nan,nan,nan,initial position is outside the energy-allowed region
112,323,0.79057158123609894,0.84066666666666667,fraction,250,0,forbidden,nan,0,nan,4.3553000000000001e-05,nan,nan,nan,nan,nan,initial position is outside the energy-allowed region
112,324,0.79057229912818194,0.84066666666666667,fraction,250,0,forbidden,nan,0,nan,3.8500000000000002e-07,nan,nan,nan,nan,nan,initial position is outside the energy-allowed region
112,325,0.79057301702026495,0.84066666666666667,fraction,250,0,forbidden,nan,0,nan,3.8500000000000002e-07,nan,nan,nan,nan,nan,initial position is outside the energy-allowed region
112,326,0.79057373491234784,0.84066666666666667,fraction,250,0,forbidden,nan,0,nan,6.5199999999999996e-07,nan,nan,nan,nan,nan,initial position is outside the energy-allowed region
112,327,0.79057445280443084,0.84066666666666667,fraction,250,0,forbidden,nan,0,nan,3.8599999999999999e-07,nan,nan,nan,nan,nan,initial position is outside the energy-allowed region
112,328,0.79057517069651384,0.84066666666666667,fraction,250,0,forbidden,nan,0,nan,4.15e-07,nan,nan,nan,nan,nan,initial position is outside the energy-allowed region
112,329,0.79057588858859684,0.84066666666666667,fraction,250,0,forbidden,nan,0,nan,4.5499999999999998e-07,nan,nan,nan,nan,nan,initial position is outside the energy-allowed region
112,330,0.79057660648067984,0.84066666666666667,fraction,250,0,forbidden,nan,0,nan,4.3500000000000002e-07,nan,nan,nan,nan,nan,initial position is outside the energy-allowed region
112,331,0.79057732437276274,0.84066666666666667,fraction,250,0,forbidden,nan,0,nan,4.0600000000000001e-07,nan,nan,nan,nan,nan,initial position is outside the energy-allowed region
112,332,0.79057804226484574,0.84066666666666667,fraction,250,0,forbidden,nan,0,nan,4.2599999999999998e-07,nan,nan,nan,nan,nan,initial position is outside the energy-allowed region
112,333,0.79057876015692874,0.84066666666666667,fraction,250,0,forbidden,nan,0,nan,5.8598999999999999e-05,nan,nan,nan,nan,nan,initial position is outside the energy-allowed region
112,334,0.79057947804901174,0.84066666666666667,fraction,250,0,forbidden,nan,0,nan,4.7399999999999998e-07,nan,nan,nan,nan,nan,initial position is outside the energy-allowed region
112,335,0.79058019594109474,0.84066666666666667,fraction,250,0,forbidden,nan,0,nan,3.6600000000000002e-07,nan,nan,nan,nan,nan,initial position is outside the energy-allowed region
112,336,0.79058091383317763,0.84066666666666667,fraction,250,0,forbidden,nan,0,nan,3.96e-07,nan,nan,nan,nan,nan,initial position is outside the energy-allowed region
112,337,0.79058163172526064,0.84066666666666667,fraction,250,0,forbidden,nan,0,nan,4.6499999999999999e-07,nan,nan,nan,nan,nan,initial position is outside the energy-allowed region
112,338,0.79058234961734364,0.84066666666666667,fraction,250,0,forbidden,nan,0,nan,3.1600000000000002e-07,nan,nan,nan,nan,nan,initial position is outside the energy-allowed region
112,339,0.79058306750942664,0.84066666666666667,fraction,250,0,forbidden,nan,0,nan,6.6300000000000005e-07,nan,nan,nan,nan,nan,initial position is outside the energy-allowed region
112,340,0.79058378540150964,0.84066666666666667,fraction,250,0,forbidden,nan,0,nan,3.5600000000000001e-07,nan,nan,nan,nan,nan,initial position is outside the energy-allowed region
112,341,0.79058450329359264,0.84066666666666667,fraction,250,0,forbidden,nan,0,nan,4.1013000000000002e-05,nan,nan,nan,nan,nan,initial position is outside the energy-allowed region
113,323,0.79057158123609894,0.85683333333333334,fraction,250,0,forbidden,nan,0,nan,1.8544999999999999e-05,nan,nan,nan,nan,nan,initial position is outside the energy-allowed region
113,324,0.79057229912818194,0.85683333333333334,fraction,250,0,forbidden,nan,0,nan,3.7599999999999998e-07,nan,nan,nan,nan,nan,initial position is outside the energy-allowed region
113,325,0.79057301702026495,0.85683333333333334,fraction,250,0,forbidden,nan,0,nan,3.6600000000000002e-07,nan,nan,nan,nan,nan,initial position is outside the energy-allowed region
113,326,0.79057373491234784,0.85683333333333334,fraction,250,0,forbidden,nan,0,nan,4.4400000000000001e-07,nan,nan,nan,nan,nan,initial position is outside the energy-allowed region
113,327,0.79057445280443084,0.85683333333333334,fraction,250,0,forbidden,nan,0,nan,3.7599999999999998e-07,nan,nan,nan,nan,nan,initial position is outside the energy-allowed region
113,328,0.79057517069651384,0.85683333333333334,fraction,250,0,forbidden,nan,0,nan,3.8500000000000002e-07,nan,nan,nan,nan,nan,initial position is outside the energy-allowed region
113,329,0.79057588858859684,0.85683333333333334,fraction,250,0,forbidden,nan,0,nan,3.7599999999999998e-07,nan,nan,nan,nan,nan,initial position is outside the energy-allowed region
113,330,0.79057660648067984,0.85683333333333334,fraction,250,0,forbidden,nan,0,nan,3.9499999999999998e-07,nan,nan,nan,nan,nan,initial position is outside the energy-allowed region
113,331,0.79057732437276274,0.85683333333333334,fraction,250,0,forbidden,nan,0,nan,3.8500000000000002e-07,nan,nan,nan,nan,nan,initial position is outside the energy-allowed region
113,332,0.79057804226484574,0.85683333333333334,fraction,250,0,forbidden,nan,0,nan,5.1399999999999997e-07,nan,nan,nan,nan,nan,initial position is outside the energy-allowed region
113,333,0.79057876015692874,0.85683333333333334,fraction,250,0,forbidden,nan,0,nan,3.9440999999999997e-05,nan,nan,nan,nan,nan,initial position is outside the energy-allowed region
113,334,0.79057947804901174,0.85683333333333334,fraction,250,0,forbidden,nan,0,nan,3.96e-07,nan,nan,nan,nan,nan,initial position is outside the energy-allowed region
113,335,0.79058019594109474,0.85683333333333334,fraction,250,0,forbidden,nan,0,nan,9.1900000000000001e-07,nan,nan,nan,nan,nan,initial position is outside the energy-allowed region
113,336,0.79058091383317763,0.85683333333333334,fraction,250,0,forbidden,nan,0,nan,3.7500000000000001e-07,nan,nan,nan,nan,nan,initial position is outside the energy-allowed region
113,337,0.79058163172526064,0.85683333333333334,fraction,250,0,forbidden,nan,0,nan,3.96e-07,nan,nan,nan,nan,nan,initial position is outside the energy-allowed region
113,338,0.79058234961734364,0.85683333333333334,fraction,250,0,forbidden,nan,0,nan,6.6199999999999997e-07,nan,nan,nan,nan,nan,initial position is outside the energy-allowed region
113,339,0.79058306750942664,0.85683333333333334,fraction,250,0,forbidden,nan,0,nan,4.3500000000000002e-07,nan,nan,nan,nan,nan,initial position is outside the energy-allowed region
113,340,0.79058378540150964,0.85683333333333334,fraction,250,0,forbidden,nan,0,nan,3.2599999999999998e-07,nan,nan,nan,nan,nan,initial position is outside the energy-allowed region
113,341,0.79058450329359264,0.85683333333333334,fraction,250,0,forbidden,nan,0,nan,2.9773000000000001e-05,nan,nan,nan,nan,nan,initial position is outside the energy-allowed region
114,323,0.79057158123609894,0.873,fraction,250,0,forbidden,nan,0,nan,1.9335e-05,nan,nan,nan,nan,nan,initial position is outside the energy-allowed region
114,324,0.79057229912818194,0.873,fraction,250,0,forbidden,nan,0,nan,3.8500000000000002e-07,nan,nan,nan,nan,nan,initial position is outside the energy-allowed region
114,325,0.79057301702026495,0.873,fraction,250,0,forbidden,nan,0,nan,2.7700000000000001e-07,nan,nan,nan,nan,nan,initial position is outside the energy-allowed region
114,326,0.79057373491234784,0.873,fraction,250,0,forbidden,nan,0,nan,4.8400000000000005e-07,nan,nan,nan,nan,nan,initial position is outside the energy-allowed region
114,327,0.79057445280443084,0.873,fraction,250,0,forbidden,nan,0,nan,4.0499999999999999e-07,nan,nan,nan,nan,nan,initial position is outside the energy-allowed region
114,328,0.79057517069651384,0.873,fraction,250,0,forbidden,nan,0,nan,3.9499999999999998e-07,nan,nan,nan,nan,nan,initial position is outside the energy-allowed region
114,329,0.79057588858859684,0.873,fraction,250,0,forbidden,nan,0,nan,4.0600000000000001e-07,nan,nan,nan,nan,nan,initial position is outside the energy-allowed region
114,330,0.79057660648067984,0.873,fraction,250,0,forbidden,nan,0,nan,3.9499999999999998e-07,nan,nan,nan,nan,nan,initial position is outside the energy-allowed region
114,331,0.79057732437276274,0.873,fraction,250,0,forbidden,nan,0,nan,3.9499999999999998e-07,nan,nan,nan,nan,nan,initial position is outside the energy-allowed region
114,332,0.79057804226484574,0.873,fraction,250,0,forbidden,nan,0,nan,3.8500000000000002e-07,nan,nan,nan,nan,nan,initial position is outside the energy-allowed region
114,333,0.79057876015692874,0.873,fraction,250,0,forbidden,nan,0,nan,2.5690999999999998e-05,nan,nan,nan,nan,nan,initial position is outside the energy-allowed region
114,334,0.79057947804901174,0.873,fraction,250,0,forbidden,nan,0,nan,4.15e-07,nan,nan,nan,nan,nan,initial position is outside the energy-allowed region
114,335,0.79058019594109474,0.873,fraction,250,0,forbidden,nan,0,nan,3.9499999999999998e-07,nan,nan,nan,nan,nan,initial position is outside the energy-allowed region
114,336,0.79058091383317763,0.873,fraction,250,0,forbidden,nan,0,nan,4.75e-07,nan,nan,nan,nan,nan,initial position is outside the energy-allowed region
114,337,0.79058163172526064,0.873,fraction,250,0,forbidden,nan,0,nan,4.0499999999999999e-07,nan,nan,nan,nan,nan,initial position is outside the energy-allowed region
114,338,0.79058234961734364,0.873,fraction,250,0,forbidden,nan,0,nan,3.8500000000000002e-07,nan,nan,nan,nan,nan,initial position is outside the energy-allowed region
114,339,0.79058306750942664,0.873,fraction,250,0,forbidden,nan,0,nan,5.1399999999999997e-07,nan,nan,nan,nan,nan,initial position is outside the energy-allowed region
114,340,0.79058378540150964,0.873,fraction,250,0,forbidden,nan,0,nan,3.46e-07,nan,nan,nan,nan,nan,initial position is outside the energy-allowed region
114,341,0.79058450329359264,0.873,fraction,250,0,forbidden,nan,0,nan,8.2600000000000002e-05,nan,nan,nan,nan,nan,initial position is outside the energy-allowed region
115,323,0.79057158123609894,0.88916666666666666,fraction,250,0,forbidden,nan,0,nan,1.8643000000000001e-05,nan,nan,nan,nan,nan,initial position is outside the energy-allowed region
115,324,0.79057229912818194,0.88916666666666666,fraction,250,0,forbidden,nan,0,nan,4.4499999999999997e-07,nan,nan,nan,nan,nan,initial position is outside the energy-allowed region
115,325,0.79057301702026495,0.88916666666666666,fraction,250,0,forbidden,nan,0,nan,3.9499999999999998e-07,nan,nan,nan,nan,nan,initial position is outside the energy-allowed region
115,326,0.79057373491234784,0.88916666666666666,fraction,250,0,forbidden,nan,0,nan,4.0499999999999999e-07,nan,nan,nan,nan,nan,initial position is outside the energy-allowed region
115,327,0.79057445280443084,0.88916666666666666,fraction,250,0,forbidden,nan,0,nan,3.8599999999999999e-07,nan,nan,nan,nan,nan,initial position is outside the energy-allowed region
115,328,0.79057517069651384,0.88916666666666666,fraction,250,0,forbidden,nan,0,nan,4.15e-07,nan,nan,nan,nan,nan,initial position is outside the energy-allowed region
115,329,0.79057588858859684,0.88916666666666666,fraction,250,0,forbidden,nan,0,nan,4.4499999999999997e-07,nan,nan,nan,nan,nan,initial position is outside the energy-allowed region
115,330,0.79057660648067984,0.88916666666666666,fraction,250,0,forbidden,nan,0,nan,4.6400000000000003e-07,nan,nan,nan,nan,nan,initial position is outside the energy-allowed region
115,331,0.79057732437276274,0.88916666666666666,fraction,250,0,forbidden,nan,0,nan,4.4499999999999997e-07,nan,nan,nan,nan,nan,initial position is outside the energy-allowed region
115,332,0.79057804226484574,0.88916666666666666,fraction,250,0,forbidden,nan,0,nan,3.2599999999999998e-07,nan,nan,nan,nan,nan,initial position is outside the energy-allowed region
115,333,0.79057876015692874,0.88916666666666666,fraction,250,0,forbidden,nan,0,nan,2.6007999999999999e-05,nan,nan,nan,nan,nan,initial position is outside the energy-allowed region
115,334,0.79057947804901174,0.88916666666666666,fraction,250,0,forbidden,nan,0,nan,5.2300000000000001e-07,nan,nan,nan,nan,nan,initial position is outside the energy-allowed region
115,335,0.79058019594109474,0.88916666666666666,fraction,250,0,forbidden,nan,0,nan,3.6600000000000002e-07,nan,nan,nan,nan,nan,initial position is outside the energy-allowed region
115,336,0.79058091383317763,0.88916666666666666,fraction,250,0,forbidden,nan,0,nan,3.96e-07,nan,nan,nan,nan,nan,initial position is outside the energy-allowed region
115,337,0.79058163172526064,0.88916666666666666,fraction,250,0,forbidden,nan,0,nan,3.9499999999999998e-07,nan,nan,nan,nan,nan,initial position is outside the energy-allowed region
115,338,0.79058234961734364,0.88916666666666666,fraction,250,0,forbidden,nan,0,nan,3.6600000000000002e-07,nan,nan,nan,nan,nan,initial position is outside the energy-allowed region
115,339,0.79058306750942664,0.88916666666666666,fraction,250,0,forbidden,nan,0,nan,4.4499999999999997e-07,nan,nan,nan,nan,nan,initial position is outside the energy-allowed region
115,340,0.79058378540150964,0.88916666666666666,fraction,250,0,forbidden,nan,0,nan,3.2599999999999998e-07,nan,nan,nan,nan,nan,initial position is outside the energy-allowed region
115,341,0.79058450329359264,0.88916666666666666,fraction,250,0,forbidden,nan,0,nan,0.00050423700000000004,nan,nan,nan,nan,nan,initial position is outside the energy-allowed region
116,323,0.79057158123609894,0.90533333333333332,fraction,250,0,forbidden,nan,0,nan,1.9127000000000002e-05,nan,nan,nan,nan,nan,initial position is outside the energy-allowed region
116,324,0.79057229912818194,0.90533333333333332,fraction,250,0,forbidden,nan,0,nan,3.9499999999999998e-07,nan,nan,nan,nan,nan,initial position is outside the energy-allowed region
116,325,0.79057301702026495,0.90533333333333332,fraction,250,0,forbidden,nan,0,nan,4.0499999999999999e-07,nan,nan,nan,nan,nan,initial position is outside the energy-allowed region
116,326,0.79057373491234784,0.90533333333333332,fraction,250,0,forbidden,nan,0,nan,3.8500000000000002e-07,nan,nan,nan,nan,nan,initial position is outside the energy-allowed region
116,327,0.79057445280443084,0.90533333333333332,fraction,250,0,forbidden,nan,0,nan,5.8299999999999997e-07,nan,nan,nan,nan,nan,initial position is outside the energy-allowed region
116,328,0.79057517069651384,0.90533333333333332,fraction,250,0,forbidden,nan,0,nan,4.0600000000000001e-07,nan,nan,nan,nan,nan,initial position is outside the energy-allowed region
116,329,0.79057588858859684,0.90533333333333332,fraction,250,0,forbidden,nan,0,nan,4.0499999999999999e-07,nan,nan,nan,nan,nan,initial position is outside the energy-allowed region
116,330,0.79057660648067984,0.90533333333333332,fraction,250,0,forbidden,nan,0,nan,3.7599999999999998e-07,nan,nan,nan,nan,nan,initial position is outside the energy-allowed region
116,331,0.79057732437276274,0.90533333333333332,fraction,250,0,forbidden,nan,0,nan,3.9499999999999998e-07,nan,nan,nan,nan,nan,initial position is outside the energy-allowed region
116,332,0.79057804226484574,0.90533333333333332,fraction,250,0,forbidden,nan,0,nan,4.5499999999999998e-07,nan,nan,nan,nan,nan,initial position is outside the energy-allowed region
116,333,0.79057876015692874,0.90533333333333332,fraction,250,0,forbidden,nan,0,nan,0.00012680600000000001,nan,nan,nan,nan,nan,initial position is outside the energy-allowed region
116,334,0.79057947804901174,0.90533333333333332,fraction,250,0,forbidden,nan,0,nan,5.3399999999999999e-07,nan,nan,nan,nan,nan,initial position is outside the energy-allowed region
116,335,0.79058019594109474,0.90533333333333332,fraction,250,0,forbidden,nan,0,nan,4.0600000000000001e-07,nan,nan,nan,nan,nan,initial position is outside the energy-allowed region
116,336,0.79058091383317763,0.90533333333333332,fraction,250,0,forbidden,nan,0,nan,3.7599999999999998e-07,nan,nan,nan,nan,nan,initial position is outside the energy-allowed region
116,337,0.79058163172526064,0.90533333333333332,fraction,250,0,forbidden,nan,0,nan,5.8299999999999997e-07,nan,nan,nan,nan,nan,initial position is outside the energy-allowed region
116,338,0.79058234961734364,0.90533333333333332,fraction,250,0,forbidden,nan,0,nan,3.7599999999999998e-07,nan,nan,nan,nan,nan,initial position is outside the energy-allowed region
116,339,0.79058306750942664,0.90533333333333332,fraction,250,0,forbidden,nan,0,nan,4.0600000000000001e-07,nan,nan,nan,nan,nan,initial position is outside the energy-allowed region
116,340,0.79058378540150964,0.90533333333333332,fraction,250,0,forbidden,nan,0,nan,5.6300000000000005e-07,nan,nan,nan,nan,nan,initial position is outside the energy-allowed region
116,341,0.79058450329359264,0.90533333333333332,fraction,250,0,forbidden,nan,0,nan,2.9703999999999999e-05,nan,nan,nan,nan,nan,initial position is outside the energy-allowed region
117,323,0.79057158123609894,0.92149999999999999,fraction,250,0,forbidden,nan,0,nan,1.9572000000000002e-05,nan,nan,nan,nan,nan,initial position is outside the energy-allowed region
117,324,0.79057229912818194,0.92149999999999999,fraction,250,0,forbidden,nan,0,nan,3.8500000000000002e-07,nan,nan,nan,nan,nan,initial position is outside the energy-allowed region
117,325,0.79057301702026495,0.92149999999999999,fraction,250,0,forbidden,nan,0,nan,3.8599999999999999e-07,nan,nan,nan,nan,nan,initial position is outside the energy-allowed region
117,326,0.79057373491234784,0.92149999999999999,fraction,250,0,forbidden,nan,0,nan,3.9499999999999998e-07,nan,nan,nan,nan,nan,initial position is outside the energy-allowed region
117,327,0.79057445280443084,0.92149999999999999,fraction,250,0,forbidden,nan,0,nan,4.0499999999999999e-07,nan,nan,nan,nan,nan,initial position is outside the energy-allowed region
117,328,0.79057517069651384,0.92149999999999999,fraction,250,0,forbidden,nan,0,nan,3.8599999999999999e-07,nan,nan,nan,nan,nan,initial position is outside the energy-allowed region
117,329,0.79057588858859684,0.92149999999999999,fraction,250,0,forbidden,nan,0,nan,3.7599999999999998e-07,nan,nan,nan,nan,nan,initial position is outside the energy-allowed region
117,330,0.79057660648067984,0.92149999999999999,fraction,250,0,forbidden,nan,0,nan,3.8500000000000002e-07,nan,nan,nan,nan,nan,initial position is outside the energy-allowed region
117,331,0.79057732437276274,0.92149999999999999,fraction,250,0,forbidden,nan,0,nan,3.7599999999999998e-07,nan,nan,nan,nan,nan,initial position is outside the energy-allowed region
117,332,0.79057804226484574,0.92149999999999999,fraction,250,0,forbidden,nan,0,nan,3.46e-07,nan,nan,nan,nan,nan,initial position is outside the energy-allowed region
117,333,0.79057876015692874,0.92149999999999999,fraction,250,0,forbidden,nan,0,nan,2.6461999999999998e-05,nan,nan,nan,nan,nan,initial position is outside the energy-allowed region
117,334,0.79057947804901174,0.92149999999999999,fraction,250,0,forbidden,nan,0,nan,3.1699999999999999e-07,nan,nan,nan,nan,nan,initial position is outside the energy-allowed region
117,335,0.79058019594109474,0.92149999999999999,fraction,250,0,forbidden,nan,0,nan,4.2500000000000001e-07,nan,nan,nan,nan,nan,initial position is outside the energy-allowed region
117,336,0.79058091383317763,0.92149999999999999,fraction,250,0,forbidden,nan,0,nan,4.2500000000000001e-07,nan,nan,nan,nan,nan,initial position is outside the energy-allowed region
117,337,0.79058163172526064,0.92149999999999999,fraction,250,0,forbidden,nan,0,nan,8.2999999999999999e-07,nan,nan,nan,nan,nan,initial position is outside the energy-allowed region
117,338,0.79058234961734364,0.92149999999999999,fraction,250,0,forbidden,nan,0,nan,3.8599999999999999e-07,nan,nan,nan,nan,nan,initial position is outside the energy-allowed region
117,339,0.79058306750942664,0.92149999999999999,fraction,250,0,forbidden,nan,0,nan,3.6600000000000002e-07,nan,nan,nan,nan,nan,initial position is outside the energy-allowed region
117,340,0.79058378540150964,0.92149999999999999,fraction,250,0,forbidden,nan,0,nan,3.7500000000000001e-07,nan,nan,nan,nan,nan,initial position is outside the energy-allowed region
117,341,0.79058450329359264,0.92149999999999999,fraction,250,0,forbidden,nan,0,nan,6.0081999999999998e-05,nan,nan,nan,nan,nan,initial position is outside the energy-allowed region
118,323,0.79057158123609894,0.93766666666666665,fraction,250,0,forbidden,nan,0,nan,1.8128999999999999e-05,nan,nan,nan,nan,nan,initial position is outside the energy-allowed region
118,324,0.79057229912818194,0.93766666666666665,fraction,250,0,forbidden,nan,0,nan,5.0399999999999996e-07,nan,nan,nan,nan,nan,initial position is outside the energy-allowed region
118,325,0.79057301702026495,0.93766666666666665,fraction,250,0,forbidden,nan,0,nan,5.0399999999999996e-07,nan,nan,nan,nan,nan,initial position is outside the energy-allowed region
118,326,0.79057373491234784,0.93766666666666665,fraction,250,0,forbidden,nan,0,nan,6.13e-07,nan,nan,nan,nan,nan,initial position is outside the energy-allowed region
118,327,0.79057445280443084,0.93766666666666665,fraction,250,0,forbidden,nan,0,nan,5.1399999999999997e-07,nan,nan,nan,nan,nan,initial position is outside the energy-allowed region
118,328,0.79057517069651384,0.93766666666666665,fraction,250,0,forbidden,nan,0,nan,3.7500000000000001e-07,nan,nan,nan,nan,nan,initial position is outside the energy-allowed region
118,329,0.79057588858859684,0.93766666666666665,fraction,250,0,forbidden,nan,0,nan,3.8500000000000002e-07,nan,nan,nan,nan,nan,initial position is outside the energy-allowed region
118,330,0.79057660648067984,0.93766666666666665,fraction,250,0,forbidden,nan,0,nan,3.8500000000000002e-07,nan,nan,nan,nan,nan,initial position is outside the energy-allowed region
118,331,0.79057732437276274,0.93766666666666665,fraction,250,0,forbidden,nan,0,nan,4.6400000000000003e-07,nan,nan,nan,nan,nan,initial position is outside the energy-allowed region
118,332,0.79057804226484574,0.93766666666666665,fraction,250,0,forbidden,nan,0,nan,2.8700000000000002e-07,nan,nan,nan,nan,nan,initial position is outside the energy-allowed region
118,333,0.79057876015692874,0.93766666666666665,fraction,250,0,forbidden,nan,0,nan,2.8795000000000001e-05,nan,nan,nan,nan,nan,initial position is outside the energy-allowed region
118,334,0.79057947804901174,0.93766666666666665,fraction,250,0,forbidden,nan,0,nan,3.9499999999999998e-07,nan,nan,nan,nan,nan,initial position is outside the energy-allowed region
118,335,0.79058019594109474,0.93766666666666665,fraction,250,0,forbidden,nan,0,nan,3.8500000000000002e-07,nan,nan,nan,nan,nan,initial position is outside the energy-allowed region
118,336,0.79058091383317763,0.93766666666666665,fraction,250,0,forbidden,nan,0,nan,3.9499999999999998e-07,nan,nan,nan,nan,nan,initial position is outside the energy-allowed region
118,337,0.79058163172526064,0.93766666666666665,fraction,250,0,forbidden,nan,0,nan,3.46e-07,nan,nan,nan,nan,nan,initial position is outside the energy-allowed region
118,338,0.79058234961734364,0.93766666666666665,fraction,250,0,forbidden,nan,0,nan,3.46e-07,nan,nan,nan,nan,nan,initial position is outside the energy-allowed region
118,339,0.79058306750942664,0.93766666666666665,fraction,250,0,forbidden,nan,0,nan,5.8400000000000004e-07,nan,nan,nan,nan,nan,initial position is outside the energy-allowed region
118,340,0.79058378540150964,0.93766666666666665,fraction,250,0,forbidden,nan,0,nan,3.2599999999999998e-07,nan,nan,nan,nan,nan,initial position is outside the energy-allowed region
118,341,0.79058450329359264,0.93766666666666665,fraction,250,0,forbidden,nan,0,nan,2.7657999999999998e-05,nan,nan,nan,nan,nan,initial position is outside the energy-allowed region
119,323,0.79057158123609894,0.95383333333333331,fraction,250,0,forbidden,nan,0,nan,2.2251000000000001e-05,nan,nan,nan,nan,nan,initial position is outside the energy-allowed region
119,324,0.79057229912818194,0.95383333333333331,fraction,250,0,forbidden,nan,0,nan,3.5600000000000001e-07,nan,nan,nan,nan,nan,initial position is outside the energy-allowed region
119,325,0.79057301702026495,0.95383333333333331,fraction,250,0,forbidden,nan,0,nan,3.2599999999999998e-07,nan,nan,nan,nan,nan,initial position is outside the energy-allowed region
119,326,0.79057373491234784,0.95383333333333331,fraction,250,0,forbidden,nan,0,nan,3.46e-07,nan,nan,nan,nan,nan,initial position is outside the energy-allowed region
119,327,0.79057445280443084,0.95383333333333331,fraction,250,0,forbidden,nan,0,nan,3.2599999999999998e-07,nan,nan,nan,nan,nan,initial position is outside the energy-allowed region
119,328,0.79057517069651384,0.95383333333333331,fraction,250,0,forbidden,nan,0,nan,3.46e-07,nan,nan,nan,nan,nan,initial position is outside the energy-allowed region
119,329,0.79057588858859684,0.95383333333333331,fraction,250,0,forbidden,nan,0,nan,3.65e-07,nan,nan,nan,nan,nan,initial position is outside the energy-allowed region
119,330,0.79057660648067984,0.95383333333333331,fraction,250,0,forbidden,nan,0,nan,3.9499999999999998e-07,nan,nan,nan,nan,nan,initial position is outside the energy-allowed region
119,331,0.79057732437276274,0.95383333333333331,fraction,250,0,forbidden,nan,0,nan,9.6800000000000009e-07,nan,nan,nan,nan,nan,initial position is outside the energy-allowed region
119,332,0.79057804226484574,0.95383333333333331,fraction,250,0,forbidden,nan,0,nan,4.5499999999999998e-07,nan,nan,nan,nan,nan,initial position is outside the energy-allowed region
119,333,0.79057876015692874,0.95383333333333331,fraction,250,0,forbidden,nan,0,nan,2.7183999999999999e-05,nan,nan,nan,nan,nan,initial position is outside the energy-allowed region
119,334,0.79057947804901174,0.95383333333333331,fraction,250,0,forbidden,nan,0,nan,3.96e-07,nan,nan,nan,nan,nan,initial position is outside the energy-allowed region
119,335,0.79058019594109474,0.95383333333333331,fraction,250,0,forbidden,nan,0,nan,3.96e-07,nan,nan,nan,nan,nan,initial position is outside the energy-allowed region
119,336,0.79058091383317763,0.95383333333333331,fraction,250,0,forbidden,nan,0,nan,4.0499999999999999e-07,nan,nan,nan,nan,nan,initial position is outside the energy-allowed region
119,337,0.79058163172526064,0.95383333333333331,fraction,250,0,forbidden,nan,0,nan,3.8500000000000002e-07,nan,nan,nan,nan,nan,initial position is outside the energy-allowed region
119,338,0.79058234961734364,0.95383333333333331,fraction,250,0,forbidden,nan,0,nan,5.5400000000000001e-07,nan,nan,nan,nan,nan,initial position is outside the energy-allowed region
119,339,0.79058306750942664,0.95383333333333331,fraction,250,0,forbidden,nan,0,nan,4.4499999999999997e-07,nan,nan,nan,nan,nan,initial position is outside the energy-allowed region
119,340,0.79058378540150964,0.95383333333333331,fraction,250,0,forbidden,nan,0,nan,4.5400000000000002e-07,nan,nan,nan,nan,nan,initial position is outside the energy-allowed region
119,341,0.79058450329359264,0.95383333333333331,fraction,250,0,forbidden,nan,0,nan,5.8885999999999998e-05,nan,nan,nan,nan,nan,initial position is outside the energy-allowed region
120,323,0.79057158123609894,0.96999999999999997,fraction,250,0,forbidden,nan,0,nan,1.8692999999999999e-05,nan,nan,nan,nan,nan,initial position is outside the energy-allowed region
120,324,0.79057229912818194,0.96999999999999997,fraction,250,0,forbidden,nan,0,nan,4.0499999999999999e-07,nan,nan,nan,nan,nan,initial position is outside the energy-allowed region
120,325,0.79057301702026495,0.96999999999999997,fraction,250,0,forbidden,nan,0,nan,4.1600000000000002e-07,nan,nan,nan,nan,nan,initial position is outside the energy-allowed region
120,326,0.79057373491234784,0.96999999999999997,fraction,250,0,forbidden,nan,0,nan,3.8599999999999999e-07,nan,nan,nan,nan,nan,initial position is outside the energy-allowed region
120,327,0.79057445280443084,0.96999999999999997,fraction,250,0,forbidden,nan,0,nan,5.9299999999999998e-07,nan,nan,nan,nan,nan,initial position is outside the energy-allowed region
120,328,0.79057517069651384,0.96999999999999997,fraction,250,0,forbidden,nan,0,nan,4.0499999999999999e-07,nan,nan,nan,nan,nan,initial position is outside the energy-allowed region
120,329,0.79057588858859684,0.96999999999999997,fraction,250,0,forbidden,nan,0,nan,4.4499999999999997e-07,nan,nan,nan,nan,nan,initial position is outside the energy-allowed region
120,330,0.79057660648067984,0.96999999999999997,fraction,250,0,forbidden,nan,0,nan,4.15e-07,nan,nan,nan,nan,nan,initial position is outside the energy-allowed region
120,331,0.79057732437276274,0.96999999999999997,fraction,250,0,forbidden,nan,0,nan,2.3699999999999999e-07,nan,nan,nan,nan,nan,initial position is outside the energy-allowed region
120,332,0.79057804226484574,0.96999999999999997,fraction,250,0,forbidden,nan,0,nan,2.3699999999999999e-07,nan,nan,nan,nan,nan,initial position is outside the energy-allowed region
120,333,0.79057876015692874,0.96999999999999997,fraction,250,0,forbidden,nan,0,nan,4.1279999999999998e-05,nan,nan,nan,nan,nan,initial position is outside the energy-allowed region
120,334,0.79057947804901174,0.96999999999999997,fraction,250,0,forbidden,nan,0,nan,3.3599999999999999e-07,nan,nan,nan,nan,nan,initial position is outside the energy-allowed region
120,335,0.79058019594109474,0.96999999999999997,fraction,250,0,forbidden,nan,0,nan,3.46e-07,nan,nan,nan,nan,nan,initial position is outside the energy-allowed region
120,336,0.79058091383317763,0.96999999999999997,fraction,250,0,forbidden,nan,0,nan,3.7599999999999998e-07,nan,nan,nan,nan,nan,initial position is outside the energy-allowed region
120,337,0.79058163172526064,0.96999999999999997,fraction,250,0,forbidden,nan,0,nan,3.7599999999999998e-07,nan,nan,nan,nan,nan,initial position is outside the energy-allowed region
120,338,0.79058234961734364,0.96999999999999997,fraction,250,0,forbidden,nan,0,nan,3.8599999999999999e-07,nan,nan,nan,nan,nan,initial position is outside the energy-allowed region
120,339,0.79058306750942664,0.96999999999999997,fraction,250,0,forbidden,nan,0,nan,5.1399999999999997e-07,nan,nan,nan,nan,nan,initial position is outside the energy-allowed region
120,340,0.79058378540150964,0.96999999999999997,fraction,250,0,forbidden,nan,0,nan,3.8500000000000002e-07,nan,nan,nan,nan,nan,initial position is outside the energy-allowed region
120,341,0.79058450329359264,0.96999999999999997,fraction,250,0,forbidden,nan,0,nan,3.4597000000000001e-05,nan,nan,nan,nan,nan,initial position is outside the energy-allowed region
