velocity_row,x_index,return_index,x0,initial_xdot,initial_ydot,velocity_parameter,velocity_mode,h,hcrit,delta,side,segment_return_tau,cumulative_tau,R,theta,v,w,x,y,xdot,ydot,section_residual,energy_error
117,0,0,0.78987479363027058,0.0020197734750750404,0.00085126023709023899,0.92149999999999999,fraction,-2.3915369938607136,-2.3915368938607138,9.9999999999999995e-08,closed,1.9755638355635623,1.9755638355635623,0.88883775142858545,2.1175823681357508e-22,-0.0011298495367219499,0.55505197325256428,0.79003254836462389,1.6729589946702824e-22,-0.0016089892251539941,0.00040247447472196995,2.1175823681357508e-22,-9.0060689789549622e-16
117,1,0,0.78987706380436695,0.0020127455243630181,0.00084829821433709217,0.92149999999999999,fraction,-2.3915369938607136,-2.3915368938607138,9.9999999999999995e-08,closed,1.9728781489896481,1.9728781489896481,0.88883938190687561,0,-0.0011234385898173109,0.55505412108734298,0.79003544682859672,0,-0.0015998507587711651,0.00039828477844328081,0,-4.5029849277695695e-16
117,2,0,0.78987933397846344,0.0020057166055354502,0.00084533578355884802,0.92149999999999999,fraction,-2.3915369938607136,-2.3915368938607138,9.9999999999999995e-08,closed,1.9701586269897933,1.9701586269897933,0.88884101753689937,2.1636080209071814e-17,-0.0011170036072566947,0.55505627267387148,0.79003835445603066,1.7093333205253789e-17,-0.0015906781371044087,0.00039407751559750182,2.1636080209071814e-17,-4.5029352101036498e-16
117,3,0,0.78988160415255981,0.001998686708182569,0.0008423729403681722,0.92149999999999999,fraction,-2.3915369938607136,-2.3915368938607138,9.9999999999999995e-08,closed,1.9674045235993793,1.9674045235993793,0.88884265844787735,1.2393708792468486e-15,-0.0011105439647497485,0.55505842811270567,0.79004127147669001,9.7915414527136341e-16,-0.0015814704714875068,0.00038985225493226583,1.2393708792468486e-15,-4.5028853325579633e-16
117,4,0,0.7898838743266563,0.0019916558217448182,0.00083940968031460017,0.92149999999999999,fraction,-2.3915369938607136,-2.3915368938607138,9.9999999999999995e-08,closed,1.9646150650382879,1.9646150650382879,0.88884430477446463,0,-0.0011040590116443217,0.55506058750832588,0.79004419813000137,0,-0.0015722268357245197,0.00038560854662461619,0,-4.5028352910457951e-16
117,5,0,0.78988614450075267,0.001984623935512925,0.00083644599888456719,0.92149999999999999,fraction,-2.3915369938607136,-2.3915368938607138,9.9999999999999995e-08,closed,1.9617894482260707,1.9617894482260707,0.88884595665704147,5.2939559203393771e-23,-0.0010975480694771773,0.55506275096934454,0.79004713466557119,4.1824747059099618e-23,-0.0015629462640266328,0.00038134592128469258,5.2939559203393771e-23,-4.5027850813066438e-16
117,6,0,0.78988841467484916,0.0019775910386224099,0.00083348189149909488,0.92149999999999999,fraction,-2.3915369938607136,-2.3915368938607138,9.9999999999999995e-08,closed,1.9589268390397996,1.9589268390397996,0.88884761424210035,5.2939559203393771e-23,-0.001091010430172691,0.5550649186087524,0.79005008134387367,4.1824903054950065e-23,-0.0015536277484473678,0.0003770638885856048,5.2939559203393771e-23,-4.5027346988944685e-16
117,7,0,0.78989068484894553,0.0019705571200535369,0.00083051735351376949,0.92149999999999999,fraction,-2.3915369938607136,-2.3915368938607138,9.9999999999999995e-08,closed,1.956026370624929,1.956026370624929,0.8888492776825786,1.4544889781248262e-16,-0.0010844453543473382,0.55506709054417858,0.79005303843684171,1.149123436540416e-16,-0.0015442702364689197,0.0003727619361559853,1.4544889781248262e-16,-4.5026841391675998e-16
117,8,0,0.78989295502304191,0.0019635221686260438,0.00082755238021652217,0.92149999999999999,fraction,-2.3915369938607136,-2.3915368938607138,9.9999999999999995e-08,closed,1.9530871412544091,1.9530871412544091,0.88885094713833968,3.3339428562166075e-17,-0.0010778520690767734,0.55506926689818081,0.79005600622872352,2.6340015779772763e-17,-0.0015348726278226221,0.00036843952785226008,3.3339428562166075e-17,-4.5026333972741201e-16
117,9,0,0.7898952251971384,0.0019564861729972488,0.00082458696682682941,0.92149999999999999,fraction,-2.3915369938607136,-2.3915368938607138,9.9999999999999995e-08,closed,1.9501082124350515,1.9501082124350515,0.88885262277653987,0,-0.0010712297660418484,0.55507144779851936,0.79005898501673388,0,-0.0015254337718498552,0.00036409610252008395,0,-4.5025824681407348e-16
117,10,0,0.78989749537123477,0.0019494491216600909,0.00082162110849488812,0.92149999999999999,fraction,-2.3915369938607136,-2.3915368938607138,9.9999999999999995e-08,closed,1.9470886063827013,1.9470886063827013,0.88885430477219729,2.1175823681357508e-22,-0.0010645775988600812,0.55507363337851312,0.79006197511206622,1.6730213082318178e-22,-0.0015159524637022037,0.00035973107197084797,2.1175823681357508e-22,-4.502531346455503e-16
117,11,0,0.78989976554533126,0.001942411002937664,0.00081865480029931199,0.92149999999999999,fraction,-2.3915369938607136,-2.3915368938607138,9.9999999999999995e-08,closed,1.9440273037312474,1.9440273037312474,0.88885599330865683,0,-0.0010578946807739485,0.55507582377738662,0.79006497684071897,0,-0.0015064274410505399,0.00035534381940982573,0,-9.0049600533074341e-16
117,12,0,0.78990203571942763,0.0019353718049828434,0.00081568803724697359,0.92149999999999999,fraction,-2.3915369938607136,-2.3915368938607138,9.9999999999999995e-08,closed,1.9409232407580796,1.9409232407580796,0.88885768857819503,5.2939559203393771e-23,-0.0010511800817848166,0.55507801914064525,0.79006799054457155,4.1825851160140696e-23,-0.0014968573800042536,0.00035093369728089741,5.2939559203393771e-23,-4.5024285028995389e-16
117,13,0,0.78990430589352401,0.0019283315157726769,0.00081272081427064089,0.92149999999999999,fraction,-2.3915369938607136,-2.3915368938607138,9.9999999999999995e-08,closed,1.9377753064421224,1.9377753064421224,0.88885939078264586,2.6469779601696886e-23,-0.0010444328256058227,0.55508021962051679,0.79007101658249634,2.0913005678627284e-23,-0.0014872408907728812,0.00034650002511404931,2.6469779601696886e-23,-4.5023767690670059e-16
117,14,0,0.78990657606762049,0.0019212901231061509,0.00080975312622803505,0.92149999999999999,fraction,-2.3915369938607136,-2.3915368938607138,9.9999999999999995e-08,closed,1.9345823393476509,1.9345823393476509,0.88886110013406594,0,-0.0010376518864676461,0.55508242537638097,0.79007405533154196,0,-0.0014775765131183887,0.00034204208717958373,0,-4.5023248187198336e-16
117,15,0,0.78990884624171687,0.0019142476146018759,0.0008067849679008562,0.92149999999999999,fraction,-2.3915369938607136,-2.3915368938607138,9.9999999999999995e-08,closed,1.931343124042566,1.931343124042566,0.88886281685551649,-5.2939559203393771e-23,-0.0010308361853526304,0.55508463657529927,0.79007710718832347,-4.1826333791242337e-23,-0.0014678627109932319,0.00033755912976607405,-5.2939559203393771e-23,-4.5022726450876785e-16
117,16,0,0.78991111641581335,0.0019072039776922576,0.00080381633399232517,0.92149999999999999,fraction,-2.3915369938607136,-2.3915368938607138,9.9999999999999995e-08,closed,1.9280563873305352,1.9280563873305352,0.88886454118186742,0,-0.0010239845861269535,0.55508685339254393,0.79008017257045171,0,-0.0014580978670335463,0.00033305035836039831,0,-9.0044404820834518e-16
117,17,0,0.78991338658990973,0.0019001591996227504,0.00080084721912687023,0.92149999999999999,fraction,-2.3915369938607136,-2.3915368938607138,9.9999999999999995e-08,closed,1.9247207941804738,1.9247207941804738,0.88886627336067681,1.2711643668011571e-15,-0.0010170958912741463,0.55508907601219903,0.79008325191809747,1.0043256766446676e-15,-0.0014482802764847467,0.00032851493459307157,1.2711643668011571e-15,-4.5021675990679898e-16
117,18,0,0.78991565676400621,0.0018931132674455244,0.00079787761784745734,0.92149999999999999,fraction,-2.3915369938607136,-2.3915368938607138,9.9999999999999995e-08,closed,1.9213349429940372,1.9213349429940372,0.88886801365322543,1.0184456283616138e-15,-0.0010101688369546962,0.55509130462782708,0.79008634569583058,8.0465998480212139e-16,-0.0014384081401672445,0.0003239519725883877,1.0184456283616138e-15,-4.5021147112359076e-16
118,0,0,0.78987479363027058,0.0020552080974447781,0.00076174047947122434,0.93766666666666665,fraction,-2.3915369938607136,-2.3915368938607138,9.9999999999999995e-08,closed,2.0608526839467642,2.0608526839467642,0.88876175062493046,1.8921756512150508e-23,-0.0014029535764323812,0.55501979565662385,0.78989744937389106,1.4946247206621501e-23,-0.0019984221437868307,0.00069453350609116615,1.8921756512150508e-23,-9.010690790080321e-16
118,1,0,0.78987706380436695,0.0020480568493518431,0.00075908994731445508,0.93766666666666665,fraction,-2.3915369938607136,-2.3915368938607138,9.9999999999999995e-08,closed,2.0590351586023234,2.0590351586023234,0.8887633269981825,1.1480472808847973e-17,-0.0013969701226623841,0.55502179314604805,0.78990025141687825,9.0684283580936493e-18,-0.0019898884891141723,0.00069037000884875077,1.1480472808847973e-17,0
118,2,0,0.78987933397846344,0.0020409046161588792,0.00075643905004109781,0.93766666666666665,fraction,-2.3915369938607136,-2.3915368938607138,9.9999999999999995e-08,closed,2.0571999125903635,2.0571999125903635,0.88876490520871143,0,-0.0013909782710798948,0.55502379169792593,0.78990305673064987,0,-0.0019813429508847252,0.00068619985079509949,0,-4.5052494482044093e-16
118,3,0,0.78988160415255981,0.0020337513872734914,0.00075378778372519662,0.93766666666666665,fraction,-2.3915369938607136,-2.3915368938607138,9.9999999999999995e-08,closed,2.0553467021122285,2.0553467021122285,0.88876648528170932,6.4217252324669065e-16,-0.001384977896132545,0.55502579133663388,0.78990586536000285,5.0725584268559377e-16,-0.00197278535044113,0.00068202295465524809,6.4217252324669065e-16,-9.0104027821901052e-16
118,4,0,0.7898838743266563,0.0020265971519508679,0.00075113614438430411,0.93766666666666665,fraction,-2.3915369938607136,-2.3915368938607138,9.9999999999999995e-08,closed,2.0534752786813057,2.0534752786813057,0.88876806724288038,5.2939559203393771e-23,-0.0013789688695719448,0.55502779208706554,0.78990867735064518,4.1817417189878949e-23,-0.0019642155052895672,0.00067783924161335385,5.2939559203393771e-23,-4.5051532771570053e-16
118,5,0,0.78988614450075267,0.0020194418992938537,0.00074848412797950882,0.93766666666666665,fraction,-2.3915369938607136,-2.3915368938607138,9.9999999999999995e-08,closed,2.0515853891586997,2.0515853891586997,0.88876965111840811,0,-0.0013729510605525659,0.55502979397465924,0.78991149274913686,0,-0.0019556332292410264,0.00067364863149910192,0,0
118,6,0,0.78988841467484916,0.0020122856182473647,0.00074583173041336409,0.93766666666666665,fraction,-2.3915369938607136,-2.3915368938607138,9.9999999999999995e-08,closed,2.0496767755662484,2.0496767755662484,0.88877123693499471,0,-0.0013669243354662733,0.55503179702541217,0.78991431160296055,0,-0.0019470383321755394,0.00066945104263083088,0,-4.5050568756023346e-16
118,7,0,0.78989068484894553,0.0020051282975983359,0.00074317894752986972,0.93766666666666665,fraction,-2.3915369938607136,-2.3915368938607138,9.9999999999999995e-08,closed,2.0477491749398351,2.0477491749398351,0.88877282471986807,0,-0.0013608885578760433,0.5550338012658792,0.78991713396053331,0,-0.001938430619947934,0.00066524639178544565,0,-4.5050085863499095e-16
118,8,0,0.78989295502304191,0.0019979699259703603,0.00074052577511248463,0.93766666666666665,fraction,-2.3915369938607136,-2.3915368938607138,9.9999999999999995e-08,closed,2.0458023192789945,2.0458023192789945,0.8887744145007902,1.7477361255081197e-15,-0.0013548435884718326,0.55503580672321207,0.78991995987122243,1.3805716501268596e-15,-0.0019298098943251242,0.00066103459421351651,1.7477361255081197e-15,-4.5049602369967279e-16
118,9,0,0.7898952251971384,0.0019908104918217621,0.00073787220888341196,0.93766666666666665,fraction,-2.3915369938607136,-2.3915368938607138,9.9999999999999995e-08,closed,2.043835935292436,2.043835935292436,0.8887760063060951,0,-0.0013487892848901722,0.55503781342515557,0.78992278938541205,0,-0.0019211759527291096,0.00065681556346819381,0,-4.5049118266833694e-16
118,10,0,0.78989749537123477,0.0019836499834436009,0.00073521824450286126,0.93766666666666665,fraction,-2.3915369938607136,-2.3915368938607138,9.9999999999999995e-08,closed,2.0418497443278931,2.0418497443278931,0.88877760016467866,9.7273687179157478e-16,-0.0013427255017248493,0.55503982140005848,0.7899256225544854,7.6838977903166238e-16,-0.0019125285882524929,0.00065258921146449378,9.7273687179157478e-16,-4.5048633545333679e-16
118,11,0,0.78989976554533126,0.0019764883889541143,0.00073256387756698619,0.93766666666666665,fraction,-2.3915369938607136,-2.3915368938607138,9.9999999999999995e-08,closed,2.0398434623367501,2.0398434623367501,0.88877919610600864,0,-0.0013366520904731991,0.55504183067691937,0.789928459430843,0,-0.0019038675895821256,0.00064835544849972671,0,-4.5048148196529125e-16
118,12,0,0.78990203571942763,0.001969325696298332,0.00072990910360774364,0.93766666666666665,fraction,-2.3915369938607136,-2.3915368938607138,9.9999999999999995e-08,closed,2.0378167994967891,2.0378167994967891,0.88878079416017641,8.5532031761023641e-16,-0.0013305688992901628,0.55504384128536732,0.78993130006799384,6.756442904644234e-16,-0.0018951927406487162,0.00064411418299759049,8.5532031761023641e-16,-4.5047662211292823e-16
118,13,0,0.78990430589352401,0.0019621618932423729,0.00072725391809077915,0.93766666666666665,fraction,-2.3915369938607136,-2.3915368938607138,9.9999999999999995e-08,closed,2.0357694601719603,2.0357694601719603,0.88878239435790196,4.2351647362715017e-22,-0.0013244757729452916,0.55504585325570244,0.78993414452056521,3.3455012328502939e-22,-0.0018865038205657918,0.00063986532154125531,4.2351647362715017e-22,-9.0094351160613635e-16
118,14,0,0.78990657606762049,0.0019549969673711711,0.00072459831641458346,0.93766666666666665,fraction,-2.3915369938607136,-2.3915368938607138,9.9999999999999995e-08,closed,2.0337011428647647,2.0337011428647647,0.88878399673051389,1.2596169783894761e-15,-0.0013183725528777427,0.55504786661890526,0.78993699284426611,9.950180480445636e-16,-0.0018778006037084218,0.00063560876897827967,1.2596169783894761e-15,-9.0093376588137293e-16
118,15,0,0.78990884624171687,0.0019478309060861193,0.00072194229390962054,0.93766666666666665,fraction,-2.3915369938607136,-2.3915368938607138,9.9999999999999995e-08,closed,2.0316115398134524,2.0316115398134524,0.88878560131003714,0,-0.0013122590768077827,0.55504988140666212,0.78993984509604431,0,-0.0018690828591595577,0.0006313444280644509,0,-4.5046200342864515e-16
118,16,0,0.78991111641581335,0.0019406636965991393,0.00071928584583612831,0.93766666666666665,fraction,-2.3915369938607136,-2.3915368938607138,9.9999999999999995e-08,closed,2.0295003370049431,2.0295003370049431,0.88878720812915446,1.0587911840678754e-22,-0.0013061351788667163,0.55505189765136931,0.78994270133401689,8.3638436809121982e-23,-0.0018603503508956222,0.00062707219964275307,1.0587911840678754e-22,0
118,17,0,0.78991338658990973,0.0019334953259319213,0.00071662896738383772,0.93766666666666665,fraction,-2.3915369938607136,-2.3915368938607138,9.9999999999999995e-08,closed,2.02736721395866,2.02736721395866,0.88878881722124137,0,-0.0013000006894097113,0.55505391538616733,0.78994556161753315,0,-0.0018516028375199572,0.00062279198253545331,0,-4.5045222405695332e-16
118,18,0,0.78991565676400621,0.001926325780909481,0.00071397165366958448,0.93766666666666665,fraction,-2.3915369938607136,-2.3915368938607138,9.9999999999999995e-08,closed,2.0252118434781208,2.0252118434781208,0.88879042862041047,0,-0.0012938554348273397,0.55505593464495939,0.7899484260072529,0,-0.0018428400719944121,0.00061850367337412671,0,-4.5044732399259942e-16
119,0,0,0.78987479363027058,0.0020906427198145155,0.00065828709538787113,0.95383333333333331,fraction,-2.3915369938607136,-2.3915368938607138,9.9999999999999995e-08,closed,2.0889165711073643,2.0889165711073643,0.8886945442585289,0,-0.0016354086016070171,0.55498917216720633,0.78977799299487439,0,-0.002330068751392308,0.00094973471621873085,0,-4.5073900468001808e-16
119,1,0,0.78987706380436695,0.0020833681743406677,0.0006559965369080027,0.95383333333333331,fraction,-2.3915369938607136,-2.3915368938607138,9.9999999999999995e-08,closed,2.0875174681727344,2.0875174681727344,0.88869620053866083,-4.2351647362715017e-22,-0.0016292550891055639,0.55499115697864354,0.78978093685185169,-3.344852373134432e-22,-0.0023212884791617215,0.00094519765322065297,-4.2351647362715017e-22,-4.5073396439800072e-16
119,2,0,0.78987933397846344,0.0020760926267823082,0.00065370566289870585,0.95383333333333331,fraction,-2.3915369938607136,-2.3915368938607138,9.9999999999999995e-08,closed,2.0861053842883672,2.0861053842883672,0.88869785791347689,2.3505164286306834e-20,-0.0016230967485270271,0.5549931420229216,0.78978388266000232,1.8563999912600635e-20,-0.0023125014177344996,0.00094065605011861564,2.3505164286306834e-20,-4.5072892085053358e-16
119,3,0,0.78988160415255981,0.0020688160663644138,0.00065141446996721576,0.95383333333333331,fraction,-2.3915369938607136,-2.3915368938607138,9.9999999999999995e-08,closed,2.084680156947385,2.084680156947385,0.88869951639666578,-1.0587911840678754e-22,-0.0016169335139493708,0.55499512731190548,0.7897868304436676,-8.3621933336666518e-23,-0.0023037074732943446,0.00093610986296555065,-1.0587911840678754e-22,-4.5072387399609093e-16
119,4,0,0.7898838743266563,0.0020615384821569172,0.00064912295467194883,0.95383333333333331,fraction,-2.3915369938607136,-2.3915368938607138,9.9999999999999995e-08,closed,2.0832416211017297,2.0832416211017297,0.88870117600210641,4.2351647362715017e-22,-0.0016107653184030287,0.55499711285772957,0.78978978022752688,3.3448898262872412e-22,-0.0022949065505349173,0.00093155904735253703,4.2351647362715017e-22,-4.5071882379257055e-16
119,5,0,0.78988614450075267,0.0020542598630747823,0.00064683111352252542,0.95383333333333331,fraction,-2.3915369938607136,-2.3915368938607138,9.9999999999999995e-08,closed,2.0817896089981942,2.0817896089981942,0.88870283674391304,7.9621097041904232e-20,-0.0016045920937019465,0.55499909867280228,0.7897927320366781,6.2884163760483018e-20,-0.0022860985524188488,0.00092700355821495606,7.9621097041904232e-20,-4.5071377019715635e-16
119,6,0,0.78988841467484916,0.0020469801978723191,0.00064453894297798069,0.95383333333333331,fraction,-2.3915369938607136,-2.3915368938607138,9.9999999999999995e-08,closed,2.0803239501839785,2.0803239501839785,0.88870449863641254,1.0587911840678754e-22,-0.0015984137705127219,0.55500108476980581,0.78979568589659743,8.3622870944215821e-23,-0.0022772833802765071,0.00092244334993252242,1.0587911840678754e-22,-4.5070871316638731e-16
119,7,0,0.78989068484894553,0.0020396994751431343,0.0006422464394467487,0.95383333333333331,fraction,-2.3915369938607136,-2.3915368938607138,9.9999999999999995e-08,closed,2.0788444715060916,2.0788444715060916,0.88870616169414474,-4.2351647362715017e-22,-0.0015922302783527662,0.55500307116172587,0.7897986418331393,-3.3449273566468376e-22,-0.0022684609338034642,0.00091787837637091751,-4.2351647362715017e-22,-9.0140730531231524e-16
119,8,0,0.78989295502304191,0.0020324176833146769,0.00063995359928494444,0.95383333333333331,fraction,-2.3915369938607136,-2.3915368938607138,9.9999999999999995e-08,closed,2.0773509969344155,2.0773509969344155,0.88870782593189257,8.5973844146311484e-20,-0.0015860415454614627,0.55500505786182819,0.78980159987259102,6.7902279653953601e-20,-0.0022596311108767867,0.00091330859071314663,8.5973844146311484e-20,-4.5069858862162321e-16
119,9,0,0.7898952251971384,0.002025134810646275,0.00063766041879574663,0.95383333333333331,fraction,-2.3915369938607136,-2.3915368938607138,9.9999999999999995e-08,closed,2.0758433475753924,2.0758433475753924,0.88870949136466759,0,-0.0015798474988462708,0.55500704488368047,0.78980456004164623,0,-0.0022507938076209268,0.00090873394555623932,0,-4.5069352101724697e-16
119,10,0,0.78989749537123477,0.0020178508452271117,0.00063536689422875967,0.95383333333333331,fraction,-2.3915369938607136,-2.3915368938607138,9.9999999999999995e-08,closed,2.0743213416026185,2.0743213416026185,0.88871115800771683,0,-0.001573648064253231,0.55500903224115072,0.78980752236741703,0,-0.0022419489183657416,0.00090415439287805377,0,-4.506884497967787e-16
119,11,0,0.78989976554533126,0.0020105657749705645,0.00063307302177823205,0.95383333333333331,fraction,-2.3915369938607136,-2.3915368938607138,9.9999999999999995e-08,closed,2.0727847942332143,2.0727847942332143,0.88871282587652378,2.4352197233561135e-20,-0.0015674431661380141,0.55501101994843705,0.78981048687743649,1.923362075357428e-20,-0.0022330963356053325,0.00089956988407535743,2.4352197233561135e-20,-4.506833749132499e-16
119,12,0,0.78990203571942763,0.0020032795876138202,0.00063077879758293353,0.95383333333333331,fraction,-2.3915369938607136,-2.3915368938607138,9.9999999999999995e-08,closed,2.0712335175723937,2.0712335175723937,0.88871449498682786,0,-0.0015612327276036128,0.55501300802003772,0.78981345359969246,0,-0.0022242359499092257,0.00089498036983415297,0,-9.0135659263783425e-16
119,13,0,0.78990430589352401,0.0019959922707120689,0.00062848421772432892,0.95383333333333331,fraction,-2.3915369938607136,-2.3915368938607138,9.9999999999999995e-08,closed,2.0696673206406504,2.0696673206406504,0.88871616535461484,0,-0.0015550166704055781,0.55501499647079189,0.78981642256261109,0,-0.0022153676499300054,0.00089038580023115266,0,-9.0134642793057822e-16
119,14,0,0.78990657606762049,0.0019887038116361911,0.00062618927822584848,0.95383333333333331,fraction,-2.3915369938607136,-2.3915368938607138,9.9999999999999995e-08,closed,2.0680860092647761,2.0680860092647761,0.8887178369961265,2.8535057685339683e-17,-0.0015487949149141111,0.55501698531586918,0.78981939379507371,2.2537541962942449e-17,-0.002206491322349337,0.00088578612467538065,2.8535057685339683e-17,-4.5066812780309883e-16
119,15,0,0.78990884624171687,0.0019814141975703628,0.00062389397505213423,0.95383333333333331,fraction,-2.3915369938607136,-2.3915368938607138,9.9999999999999995e-08,closed,2.0664893860543305,2.0664893860543305,0.8887195099278562,2.6469779601696886e-23,-0.0015425673801275719,0.55501897457077931,0.78982236732640887,2.0906423987620522e-23,-0.0021976068518973456,0.00088118129194170169,2.6469779601696886e-23,0
119,16,0,0.78991111641581335,0.001974123415506021,0.00062159830410714019,0.95383333333333331,fraction,-2.3915369938607136,-2.3915368938607138,9.9999999999999995e-08,closed,2.0648772502161781,2.0648772502161781,0.88872118416658252,1.7229526826252877e-15,-0.0015363339835137936,0.5550209642513747,0.7898253431864527,1.3608316938485372e-15,-0.0021887141211264036,0.00087657125002449376,1.7229526826252877e-15,-4.5065794385204713e-16
119,17,0,0.78991338658990973,0.0019668314522410923,0.00061930226123388886,0.95383333333333331,fraction,-2.3915369938607136,-2.3915368938607138,9.9999999999999995e-08,closed,2.0632493976568616,2.0632493976568616,0.88872285972934095,7.5579775795611877e-16,-0.001530094641125765,0.55502295437388294,0.78982832140549786,5.9695047448852002e-16,-0.0021798130105762526,0.00087195594631128692,7.5579775795611877e-16,-4.5065284596061694e-16
119,18,0,0.78991565676400621,0.0019595382943734373,0.00061700584221240746,0.95383333333333331,fraction,-2.3915369938607136,-2.3915368938607138,9.9999999999999995e-08,closed,2.0616056207932876,2.0616056207932876,0.8887245366334402,4.2351647362715017e-22,-0.0015238492675139403,0.55502494495488219,0.78983130201432294,3.3450656778944668e-22,-0.0021709033986490704,0.00086733532747329534,4.2351647362715017e-22,-9.0129548811104781e-16
120,0,0,0.78987479363027058,0.0021260773421842532,0.00053284520915400694,0.96999999999999997,fraction,-2.3915369938607136,-2.3915368938607138,9.9999999999999995e-08,closed,2.0836641579845985,2.0836641579845985,0.88862127208762942,0,-0.0018869688069518655,0.55494625673679432,0.78964776520663671,0,-0.0026891473831012918,0.0012144199909354114,0,-4.5096204751240194e-16
120,1,0,0.78987706380436695,0.0021186794993294927,0.00053099113496534952,0.96999999999999997,fraction,-2.3915369938607136,-2.3915368938607138,9.9999999999999995e-08,closed,2.0825785046189949,2.0825785046189949,0.88862308327534656,1.0921032958174925e-15,-0.0018803419886721023,0.55494833274749444,0.78965098412978352,8.6238044231366311e-16,-0.0026796870203130837,0.0012093238177234289,1.0921032958174925e-15,-4.5095653264715793e-16
120,2,0,0.78987933397846344,0.0021112806374057372,0.00052913680537392698,0.96999999999999997,fraction,-2.3915369938607136,-2.3915368938607138,9.9999999999999995e-08,closed,2.0814828250216406,2.0814828250216406,0.8886248951674296,6.1420476587777453e-18,-0.0018737121854579769,0.55495040848676824,0.78965420431132527,4.8500937568343786e-18,-0.0026702225129777179,0.0012042241219372141,6.1420476587777453e-18,-4.5095101571592606e-16
120,3,0,0.78988160415255981,0.0021038807454553357,0.00052728221763349338,0.96999999999999997,fraction,-2.3915369938607136,-2.3915368938607138,9.9999999999999995e-08,closed,2.0803769956100329,2.0803769956100329,0.88862670777311992,-1.0587911840678754e-22,-0.001867079355091162,0.55495248395956076,0.78965742576769382,-8.3608232083656698e-23,-0.0026607538009915254,0.0011991208695505406,-1.0587911840678754e-22,-4.5094549669065907e-16
120,4,0,0.7898838743266563,0.0020964798123629664,0.0005254273689582862,0.96999999999999997,fraction,-2.3915369938607136,-2.3915368938607138,9.9999999999999995e-08,closed,2.0792608909297519,2.0792608909297519,0.88862852110180079,0,-0.0018604434546444976,0.55495455917099346,0.7896606485155736,0,-0.0026512808232421314,0.001194014026157042,0,-4.5093997554287878e-16
120,5,0,0.78988614450075267,0.0020890778268557106,0.0005235722565230459,0.96999999999999997,fraction,-2.3915369938607136,-2.3915368938607138,9.9999999999999995e-08,closed,2.0781343835218378,2.0781343835218378,0.88863033516301626,-4.2351647362715017e-22,-0.0018538044404159595,0.55495663412633278,0.7896638725719346,-3.3443565866242501e-22,-0.0026418035175142527,0.0011889035568426465,-4.2351647362715017e-22,-4.5093445224361971e-16
120,6,0,0.78988841467484916,0.0020816747774972735,0.00052171687746156682,0.96999999999999997,fraction,-2.3915369938607136,-2.3915368938607138,9.9999999999999995e-08,closed,2.0769973440132579,2.0769973440132579,0.88863214996644291,0,-0.0018471622680172335,0.55495870883102683,0.78966709795398271,0,-0.002632321820616229,0.001183789426362658,0,-4.5092892676351434e-16
120,7,0,0.78989068484894553,0.0020742706526879332,0.00051986122886668454,0.96999999999999997,fraction,-2.3915369938607136,-2.3915368938607138,9.9999999999999995e-08,closed,2.0758496409852381,2.0758496409852381,0.88863396552191842,0,-0.0018405168922614498,0.55496078329069021,0.78967032467921006,0,-0.0026228356682198449,0.0011786715989934304,0,-9.0184679814541349e-16
120,8,0,0.78989295502304191,0.0020668654406589934,0.00051800530778888573,0.96999999999999997,fraction,-2.3915369938607136,-2.3915368938607138,9.9999999999999995e-08,closed,2.074691140979906,2.074691140979906,0.88863578183943315,3.3087224502121107e-24,-0.0018338682672084134,0.55496285751111396,0.78967355276538065,2.6128106123735727e-24,-0.0026133449949249181,0.0011735500385836595,3.3087224502121107e-24,-4.5091786914087715e-16
120,9,0,0.7898952251971384,0.0020594591294707883,0.00051614911123580803,0.96999999999999997,fraction,-2.3915369938607136,-2.3915368938607138,9.9999999999999995e-08,closed,2.0735217084081508,2.0735217084081508,0.88863759892914185,0,-0.0018272163460920936,0.55496493149826198,0.78967678223055038,0,-0.002603849734155931,0.0011684247084982058,0,-4.5091233693720764e-16
120,10,0,0.78989749537123477,0.002052051707010622,0.00051429263617172388,0.96999999999999997,fraction,-2.3915369938607136,-2.3915368938607138,9.9999999999999995e-08,closed,2.0723412055778949,2.0723412055778949,0.88863941680135539,2.9646153153900512e-21,-0.0018205610813612624,0.55496700525828679,0.78968001309305302,2.3410974610730813e-21,-0.0025943498182200778,0.0011632955716758264,2.9646153153900512e-21,-4.5090680243040694e-16
120,11,0,0.78989976554533126,0.002044643160987015,0.00051243587951609797,0.96999999999999997,fraction,-2.3915369938607136,-2.3915368938607138,9.9999999999999995e-08,closed,2.0711494926579475,2.0711494926579475,0.8886412354665395,0,-0.0018139024246750029,0.55496907879754143,0.7896832453714977,0,-0.0025848451783009366,0.0011581625906524895,0,-4.5090126558871364e-16
120,12,0,0.78990203571942763,0.0020372334789293088,0.00051057883814348889,0.96999999999999997,fraction,-2.3915369938607136,-2.3915368938607138,9.9999999999999995e-08,closed,2.0699464275256547,2.0699464275256547,0.88864305493534512,0,-0.0018072403267811647,0.55497115212255199,0.78968647908482281,0,-0.0025753357442850678,0.0011530257273877353,0,-9.0179145275960914e-16
120,13,0,0.78990430589352401,0.0020298226481817653,0.00050872150888206936,0.96999999999999997,fraction,-2.3915369938607136,-2.3915368938607138,9.9999999999999995e-08,closed,2.0687318658611504,2.0687318658611504,0.88864487521857416,-4.2351647362715017e-22,-0.0018005747376440137,0.55497322524005366,0.78968971425223522,-3.3444660303973853e-22,-0.0025658214449442848,0.0011478849434677363,-4.2351647362715017e-22,-4.50890184770899e-16
120,14,0,0.78990657606762049,0.0020224106559012115,0.00050686388851303699,0.96999999999999997,fraction,-2.3915369938607136,-2.3915368938607138,9.9999999999999995e-08,closed,2.0675056610197426,2.0675056610197426,0.88864669632721427,1.7533582008164017e-19,-0.0017939056063070963,0.55497529815698532,0.78969295089327218,1.3846146115756227e-19,-0.0025563022077399974,0.0011427401999425379,1.7533582008164017e-19,-4.5088464072865267e-16
120,15,0,0.78990884624171687,0.002014997489054606,0.00050500597377000386,0.96999999999999997,fraction,-2.3915369938607136,-2.3915368938607138,9.9999999999999995e-08,closed,2.0662676640131492,2.0662676640131492,0.88864851827242519,0,-0.0017872328809382144,0.55497737088049137,0.78969618902777683,0,-0.0025467779588874938,0.0011375914573906742,0,-4.5087909421919909e-16
120,16,0,0.78991111641581335,0.002007583134412903,0.00050314776133745815,0.96999999999999997,fraction,-2.3915369938607136,-2.3915368938607138,9.9999999999999995e-08,closed,2.0650177234530456,2.0650177234530456,0.88865034106554264,0,-0.0017805565088004078,0.55497944341792238,0.78969942867590526,0,-0.0025372486233146249,0.0011324386759015148,0,-4.508735452081385e-16
120,17,0,0.78991338658990973,0.0020001675785502634,0.0005012892478505679,0.96999999999999997,fraction,-2.3915369938607136,-2.3915368938607138,9.9999999999999995e-08,closed,2.0637556855323949,2.0637556855323949,0.88865216471808772,1.0288426401518051e-15,-0.0017738764362283624,0.55498151577685562,0.7897026698581433,8.1247977979178153e-16,-0.0025277141246281831,0.0011272818150633857,1.0288426401518051e-15,-4.508679936605084e-16
120,18,0,0.78991565676400621,0.0019927508078373939,0.00049943042989350993,0.96999999999999997,fraction,-2.3915369938607136,-2.3915368938607138,9.9999999999999995e-08,closed,2.0624813939548385,2.0624813939548385,0.88865398924176542,6.1378336698651552e-17,-0.001767192608611788,0.55498358796509539,0.78970591259530376,4.847083539619045e-17,-0.0025181743850902936,0.0011221208339702304,6.1378336698651552e-17,-4.5086243954078873e-16
117,19,0,0.78991792693810259,0.0018860661680185564,0.00079490752461520682,0.92149999999999999,fraction,-2.3915369938607136,-2.3915368938607138,9.9999999999999995e-08,closed,1.9178973607282022,1.9178973607282022,0.88886976233556769,1.2873914534277406e-15,-0.0010032020879170941,0.55509353944318141,0.79008945439448863,1.0171544110308513e-15,-0.0014284795572311155,0.00031936053530823294,1.2873914534277406e-15,-9.0041231383328552e-16
117,20,0,0.78992019711219896,0.0018790178879994708,0.00079193693380679841,0.92149999999999999,fraction,-2.3915369938607136,-2.3915368938607138,9.9999999999999995e-08,closed,1.9144064971806707,1.9144064971806707,0.8888715196997925,0,-0.00099619423147712604,0.55509578067302245,0.79009257853341863,0,-0.0014184925165835951,0.00031473963010830719,0,0
117,21,0,0.78992246728629545,0.0018719684138427391,0.00078896583971328977,0.92149999999999999,fraction,-2.3915369938607136,-2.3915368938607138,9.9999999999999995e-08,closed,1.9108607190459659,1.9108607190459659,0.88887328605530336,0,-0.00098914377130129871,0.55509802854398138,0.79009571866275319,0,-0.0014084448880382864,0.0003100882042781361,0,-4.5019544863264109e-16
117,22,0,0.78992473746039182,0.0018649177317967864,0.00078599423653889788,0.92149999999999999,fraction,-2.3915369938607136,-2.3915368938607138,9.9999999999999995e-08,closed,1.9072583030712247,1.9072583030712247,0.88887506173032793,5.2939559203393771e-23,-0.00098204912017786487,0.55510028329555261,0.79009887536609424,4.1827486188978183e-23,-0.0013983344120224398,0.0003054051397435309,5.2939559203393771e-23,-4.5019005262015477e-16
117,23,0,0.78992700763448831,0.0018578658278975628,0.00078302211839828919,0.92149999999999999,fraction,-2.3915369938607136,-2.3915368938607138,9.9999999999999995e-08,closed,1.9035974284885127,1.9035974284885127,0.88887684707358228,0,-0.00097490859203242756,0.55510254518117697,0.79010204926347261,0,-0.0013881586882087218,0.00030068924721071699,0,-9.003692546068558e-16
117,24,0,0.78992927780858468,0.0018508126879671896,0.00078004947931600941,0.92149999999999999,fraction,-2.3915369938607136,-2.3915368938607138,9.9999999999999995e-08,closed,1.8998761687006247,1.8998761687006247,0.88887864245609405,1.7536228986124187e-22,-0.00096772039313944931,0.55510481446944826,0.79010524101458868,1.3855466429568667e-22,-0.0013779151630022388,0.00029593925978055324,1.7536228986124187e-22,-4.5017917155624034e-16
117,25,0,0.78993154798268117,0.0018437582976069868,0.00077707631322354435,0.92149999999999999,fraction,-2.3915369938607136,-2.3915368938607138,9.9999999999999995e-08,closed,1.8960924820070508,1.8960924820070508,0.88888044827325186,0,-0.00096048261228705376,0.55510709144546677,0.79010845132245722,0,-0.0013676011155371798,0.00029115382576438975,0,-9.003473683568341e-16
117,26,0,0.78993381815677755,0.0018367026421959257,0.00077410261395866834,0.92149999999999999,fraction,-2.3915369938607136,-2.3915368938607138,9.9999999999999995e-08,closed,1.8922442009359519,1.8922442009359519,0.88888226494717038,0,-0.00095319320944587998,0.55510937641235869,0.79011168093761164,0,-0.0013572136415431627,0.00028633150033574584,0,-4.5016816388864725e-16
117,27,0,0.78993608833087392,0.0018296457068837999,0.00077112837526256532,0.92149999999999999,fraction,-2.3915369938607136,-2.3915368938607138,9.9999999999999995e-08,closed,1.8883290208927674,1.8883290208927674,0.88888409292919079,5.7150901138023746e-17,-0.00094585000368776042,0.55511166969296122,0.79011493066255034,4.51557802899719e-17,-0.0013467496361441737,0.00028147073681283885,5.7150901138023746e-17,-9.0032521863378881e-16
117,28,0,0.78993835850497041,0.0018225874765877372,0.00076815359077835933,0.92149999999999999,fraction,-2.3915369938607136,-2.3915368938607138,9.9999999999999995e-08,closed,1.884344486530525,1.884344486530525,0.88888593270292593,5.7596186358395331e-16,-0.00093845065867091139,0.55511397163174625,0.79011820135715061,4.550779517052657e-16,-0.0013362057731916145,0.00027656987586244242,5.7596186358395331e-16,-4.5015701899514912e-16
117,29,0,0.78994062867906678,0.0018155279359886121,0.00076517825404960268,0.92149999999999999,fraction,-2.3915369938607136,-2.3915368938607138,9.9999999999999995e-08,closed,1.8802879772721199,1.8802879772721199,0.88888778478747665,2.6469779601696886e-23,-0.00093099266712370226,0.55511628259698487,0.79012149394438747,2.0914341803271417e-23,-0.0013255784831724836,0.00027162713428330321,2.6469779601696886e-23,-4.5015139134766648e-16
117,30,0,0.78994289885316327,0.0018084670695238838,0.00076220235851725648,0.92149999999999999,fraction,-2.3915369938607136,-2.3915368938607138,9.9999999999999995e-08,closed,1.8761566901312958,1.8761566901312958,0.88888964974126294,0,-0.00092347333250175634,0.55511860298319304,0.79012480941714514,0,-0.0013148639270920632,0.00026664059145908858,0,-4.5014572467933328e-16
117,31,0,0.78994516902725964,0.0018014048613855032,0.00075922589751880958,0.92149999999999999,fraction,-2.3915369938607136,-2.3915368938607138,9.9999999999999995e-08,closed,1.871947620604707,1.871947620604707,0.88889152816629968,7.4283317754456285e-16,-0.00091588974848018704,0.55512093321392586,0.7901281488458195,5.8693340347454341e-16,-0.0013040579672745445,0.0002616081743292975,7.4283317754456285e-16,-4.5014001716268727e-16
117,32,0,0.78994743920135613,0.0017943412955121771,0.00075624886428501742,0.92149999999999999,fraction,-2.3915369938607136,-2.3915368938607138,9.9999999999999995e-08,closed,1.8676575407690978,1.8676575407690978,0.88889342071311461,0,-0.00090823877537376,0.55512327374498072,0.79013151338706222,0,-0.001293156133789384,0.00025652764008909923,0,-4.5013426682298577e-16
117,33,0,0.7899497093754525,0.0017872763555870301,0.00075327125193891734,0.92149999999999999,fraction,-2.3915369938607136,-2.3915368938607138,9.9999999999999995e-08,closed,1.8632829742455743,1.8632829742455743,0.8888953280863483,3.1763735522036263e-22,-0.00090051701325117878,0.55512562506802909,0.79013490429373678,2.5097636126715689e-22,-0.001282153586170788,0.00025139655646777559,3.1763735522036263e-22,-4.5012847152120472e-16
117,34,0,0.78995197954954888,0.0017802100250299663,0.00075029305349260864,0.92149999999999999,fraction,-2.3915369938607136,-2.3915368938607138,9.9999999999999995e-08,closed,1.8588201668007531,1.8588201668007531,0.88889725105140405,7.7680925724570894e-16,-0.0008927207701509756,0.55512798771488769,0.7901383229267428,6.1378676375409315e-16,-0.0012710450681618507,0.00024621227824817016,7.7680925724570894e-16,-4.501226289338483e-16
117,35,0,0.78995424972364536,0.0017731422869933539,0.00074731426184543401,0.92149999999999999,fraction,-2.3915369938607136,-2.3915368938607138,9.9999999999999995e-08,closed,1.8542650532763649,1.8542650532763649,0.88889919044189158,0,-0.00088484602635682211,0.55513036226237467,0.79014177076825021,0,-0.0012598248568488968,0.00024097192109351351,0,-4.5011673653034993e-16
117,36,0,0.78995651989774174,0.0017660731243575726,0.00074433486978210325,0.92149999999999999,fraction,-2.3915369938607136,-2.3915368938607138,9.9999999999999995e-08,closed,1.8496132184953011,1.8496132184953011,0.88890114716845181,1.0587911840678754e-22,-0.00087688839212379539,0.55513274933798373,0.79014524943738962,8.3659882423742053e-23,-0.0012484867024703504,0.0002356723303983399,1.0587911840678754e-22,-9.0022158309255994e-16
117,37,0,0.78995879007183822,0.0017590025197229747,0.00074135486996930466,0.92149999999999999,fraction,-2.3915369938607136,-2.3915368938607138,9.9999999999999995e-08,closed,1.8448598516067294,1.8448598516067294,0.88890312222911738,1.9697392258187355e-15,-0.00086884305808462815,0.55513514962657651,0.79014876070867324,1.5563870081999354e-15,-0.0012370237578028247,0.00023031004476148365,1.9697392258187355e-15,-9.0020958190378067e-16
118,19,0,0.78991792693810259,0.0019191550481592328,0.00071131389973696558,0.93766666666666665,fraction,-2.3915369938607136,-2.3915368938607138,9.9999999999999995e-08,closed,2.0230338915128452,2.0230338915128452,0.88879204236150922,1.2589232584056748e-15,-0.0012876992374978198,0.55505795546242931,0.78995129456514279,9.9448805773573064e-16,-0.0018340618015716358,0.00061420716663473929,1.2589232584056748e-15,-4.5044241686905163e-16
118,20,0,0.78992019711219896,0.0019119831141047247,0.00070865570055401702,0.93766666666666665,fraction,-2.3915369938607136,-2.3915368938607138,9.9999999999999995e-08,closed,2.0208330169231816,2.0208330169231816,0.88879365848015679,0,-0.0012815319156105991,0.55505997787405947,0.7899541673545416,0,-0.0018252677675438783,0.00060990235449975838,0,-4.5043750257827042e-16
118,21,0,0.78992246728629545,0.0019048099649627871,0.00070599705101215726,0.93766666666666665,fraction,-2.3915369938607136,-2.3915368938607138,9.9999999999999995e-08,closed,2.0186088713261721,2.0186088713261721,0.88879527701275396,5.0264205639491064e-17,-0.0012753532830935208,0.55506200191616462,0.789957044440178,3.9706563328105686e-17,-0.0018164577051395204,0.00060558912686192734,5.0264205639491064e-17,-4.5043258100984622e-16
118,22,0,0.78992473746039182,0.0018976355867405897,0.00070333794592509612,0.93766666666666665,fraction,-2.3915369938607136,-2.3915368938607138,9.9999999999999995e-08,closed,2.0163610988304819,2.0163610988304819,0.88879689799651918,1.9852334701272664e-23,-0.0012691631494128103,0.55506402762590434,0.78995992588823494,1.5682548849325788e-23,-0.0018076313432382918,0.00060126737118104678,1.9852334701272664e-23,-4.5042765205088781e-16
118,23,0,0.78992700763448831,0.0018904599652290991,0.00070067838002641045,0.93766666666666665,fraction,-2.3915369938607136,-2.3915368938607138,9.9999999999999995e-08,closed,2.0140893357876739,2.0140893357876739,0.8887985214695252,4.6359171994411925e-18,-0.0012629613194024615,0.55506605504131723,0.78996281176641403,3.6622021859868439e-18,-0.0017987884041283958,0.00059693697237184207,4.6359171994411925e-18,-4.5042271558591405e-16
118,24,0,0.78992927780858468,0.0018832830860017018,0.00069801834796903305,0.93766666666666665,fraction,-2.3915369938607136,-2.3915368938607138,9.9999999999999995e-08,closed,2.0117932106259815,2.0117932106259815,0.88880014747070113,0,-0.0012567475931980644,0.55506808420133658,0.78996570214394013,0,-0.0017899286034125978,0.00059259781281428836,0,-9.0083554299369033e-16
118,25,0,0.78993154798268117,0.0018761049344071094,0.00069535784432262361,0.93766666666666665,fraction,-2.3915369938607136,-2.3915368938607138,9.9999999999999995e-08,closed,2.0094723435932678,2.0094723435932678,0.88880177603987154,1.7397499812440509e-15,-0.0012505217660327144,0.5550701151458286,0.78996859709162992,1.3743478519735524e-15,-0.0017810516497176751,0.00058824977223737029,1.7397499812440509e-15,-4.5041281966288585e-16
118,26,0,0.78993381815677755,0.0018689254955677841,0.00069269686357298506,0.93766666666666665,fraction,-2.3915369938607136,-2.3915368938607138,9.9999999999999995e-08,closed,2.0071263464254954,2.0071263464254954,0.88880340721780782,-2.1175823681357508e-22,-0.0012442836280086578,0.5550721479156141,0.7899714966819843,-1.6728297127035798e-22,-0.0017721572443692459,0.00058389272751835364,-2.1175823681357508e-22,-4.5040785996036827e-16
118,27,0,0.78993608833087392,0.0018617447543729895,0.00069003540011948732,0.93766666666666665,fraction,-2.3915369938607136,-2.3915368938607138,9.9999999999999995e-08,closed,2.0047548221773535,2.0047548221773535,0.88880504104622327,5.2939559203393771e-23,-0.001238032964026071,0.55507418255248919,0.78997440098917859,4.1820896570332151e-23,-0.0017632450812907659,0.00057952655273674214,5.2939559203393771e-23,-4.5040289226276749e-16
118,28,0,0.78993835850497041,0.0018545626954752413,0.0006873734482737531,0.93766666666666665,fraction,-2.3915369938607136,-2.3915368938607138,9.9999999999999995e-08,closed,2.0023573648976551,2.0023573648976551,0.88880667756783061,8.5105635375375827e-19,-0.0012317695535274075,0.55507621909927263,0.78997731008916561,6.7231520907268728e-19,-0.0017543148466394676,0.00057515111898431837,8.5105635375375827e-19,-4.5039791644052713e-16
118,29,0,0.78994062867906678,0.0018473793032866581,0.00068471100225830364,0.93766666666666665,fraction,-2.3915369938607136,-2.3915368938607138,9.9999999999999995e-08,closed,1.9999335593353382,1.9999335593353382,0.8888083168263724,-2.1175823681357508e-22,-0.0012254931703213851,0.55507825759981999,0.78998022405972923,-1.6728481936448125e-22,-0.001745366218555927,0.00057076629425156788,-2.1175823681357508e-22,-4.5039293236096699e-16
118,30,0,0.78994289885316327,0.0018401945619716713,0.00068204805620385829,0.93766666666666665,fraction,-2.3915369938607136,-2.3915368938607138,9.9999999999999995e-08,closed,1.9974829806577199,1.9974829806577199,0.88880995886665148,1.6167351745560721e-15,-0.0012192035823833827,0.55508029809907178,0.78998314298053873,1.2771935345629958e-15,-0.0017363988668800388,0.00056637194335917851,1.6167351745560721e-15,-4.5038793988819009e-16
118,31,0,0.78994516902725964,0.0018330084554448981,0.0006793846041485451,0.93766666666666665,fraction,-2.3915369938607136,-2.3915368938607138,9.9999999999999995e-08,closed,1.995005194146672,1.995005194146672,0.8888116037345698,1.5351875010756379e-15,-0.0012129005516662091,0.5550823406430696,0.78998606693321793,1.2127767359797784e-15,-0.0017274124528817332,0.00056196792780993654,1.5351875010756379e-15,-4.5038293888296586e-16
118,32,0,0.78994743920135613,0.0018258209673632677,0.00067672064003498325,0.93766666666666665,fraction,-2.3915369938607136,-2.3915368938607138,9.9999999999999995e-08,closed,1.9924997548054237,1.9924997548054237,0.88881325147718038,1.3234889800848443e-23,-0.0012065838337996793,0.55508438527901138,0.78998899600143746,1.0455417305961926e-23,-0.0017184066288332839,0.00055755410563496088,1.3234889800848443e-23,-4.5037792920257158e-16
118,33,0,0.7899497093754525,0.0018186320811236446,0.00067405615770940123,0.93766666666666665,fraction,-2.3915369938607136,-2.3915368938607138,9.9999999999999995e-08,closed,1.9899662070832729,1.9899662070832729,0.88881490214271142,4.1861321165373184e-17,-0.0012002531779457654,0.55508643205526764,0.78999193027095771,3.3070105911125656e-17,-0.0017093810378033651,0.00055313033131088041,4.1861321165373184e-17,-4.5037291070071963e-16
118,34,0,0.78995197954954888,0.0018114417798550536,0.00067139115091875614,0.93766666666666665,fraction,-2.3915369938607136,-2.3915368938607138,9.9999999999999995e-08,closed,1.9874040844803551,1.9874040844803551,0.88881655578062346,2.1175823681357508e-22,-0.0011939083265038652,0.55508848102143504,0.78999486982973011,1.6728792072691341e-22,-0.0017003353132374716,0.00054869645558175417,2.1175823681357508e-22,-9.0073576645476925e-16
118,35,0,0.78995424972364536,0.00180425004641429,0.00066872561330910609,0.93766666666666665,fraction,-2.3915369938607136,-2.3915368938607138,9.9999999999999995e-08,closed,1.9848129092132176,1.9848129092132176,0.88881821244164283,0,-0.0011875490148850162,0.55509053222837457,0.78999781476795727,0,-0.0016912690786366987,0.00054425232536381429,0,-4.5036284662870043e-16
118,36,0,0.78995651989774174,0.0017970568633813898,0.00066605953842393108,0.93766666666666665,fraction,-2.3915369938607136,-2.3915368938607138,9.9999999999999995e-08,closed,1.9821921917749976,1.9821921917749976,0.88881987217781677,1.3401120016747099e-18,-0.0011811749712268517,0.55509258572824494,0.79000076517819051,1.0586895067474974e-18,-0.001682181947152025,0.00053979778354884544,1.3401120016747099e-18,-4.5035780074679449e-16
118,37,0,0.78995879007183822,0.0017898622130514479,0.00066339291970110125,0.93766666666666665,fraction,-2.3915369938607136,-2.3915368938607138,9.9999999999999995e-08,closed,1.9795414305222843,1.9795414305222843,0.88882153504257133,2.1175823681357508e-22,-0.0011747859160841387,0.55509464157455179,0.79000372115543283,1.6728979506803768e-22,-0.0016730735211438336,0.00053533266881711228,2.1175823681357508e-22,-4.5035274541961159e-16
119,19,0,0.78991792693810259,0.0019522439282999092,0.00061470904275943115,0.95383333333333331,fraction,-2.3915369938607136,-2.3915368938607138,9.9999999999999995e-08,closed,2.0599457084617496,2.0599457084617496,0.88872621489648485,6.0489587378744977e-17,-0.0015175977756292894,0.55502693601132347,0.78983428504423292,4.7776749999911693e-17,-0.0021619851614713007,0.00086270933939758265,6.0489587378744977e-17,-4.5064263808336854e-16
119,20,0,0.78992019711219896,0.0019449483402099786,0.00061241185852639645,0.95383333333333331,fraction,-2.3915369938607136,-2.3915368938607138,9.9999999999999995e-08,closed,2.0582694459548554,2.0582694459548554,0.88872789453635093,0,-0.0015113400769071782,0.55502892756054978,0.78983727052701524,0,-0.0021530581730134419,0.00085807792732273125,0,-4.5063752798992849e-16
119,21,0,0.78992246728629545,0.0019376515160828352,0.0006101142850985275,0.95383333333333331,fraction,-2.3915369938607136,-2.3915368938607138,9.9999999999999995e-08,closed,2.0565766148222222,2.0565766148222222,0.88872957557122212,-4.2351647362715017e-22,-0.0015050760811149947,0.55503091962029061,0.78984025849500461,-3.3451036100656109e-22,-0.0021441223048728301,0.00085344103566953322,-4.2351647362715017e-22,-9.0126482744009695e-16
119,22,0,0.78992473746039182,0.0019303534416843929,0.00060781631799389408,0.95383333333333331,fraction,-2.3915369938607136,-2.3915368938607138,9.9999999999999995e-08,closed,2.0548669928506311,2.0548669928506311,0.88873125801957487,1.4314221533887235e-17,-0.0014988056963991933,0.55503291220866635,0.78984324898105618,1.1305991242960091e-17,-0.002135177426340893,0.00084879860811448715,1.4314221533887235e-17,-9.012545904353719e-16
119,23,0,0.78992700763448831,0.0019230541025606351,0.00060551795266131547,0.95383333333333331,fraction,-2.3915369938607136,-2.3915368938607138,9.9999999999999995e-08,closed,2.053140354007545,2.053140354007545,0.88873294190018637,-2.6469779601696886e-23,-0.0014925288292285258,0.55503490534422129,0.78984624201856002,-2.0907055945459822e-23,-0.0021262234043223356,0.00084415058760012318,-2.6469779601696886e-23,-4.5062217242588614e-16
119,24,0,0.78992927780858468,0.0019157534840362137,0.00060321918447991973,0.95383333333333331,fraction,-2.3915369938607136,-2.3915368938607138,9.9999999999999995e-08,closed,2.05139646829184,2.05139646829184,0.88873462723214625,5.4634895647323253e-16,-0.0014862453843415811,0.55503689904590392,0.78984923764146198,4.3153330675659102e-16,-0.0021172601032604559,0.00083949691625573308,5.4634895647323253e-16,-9.012340905734935e-16
119,25,0,0.78993154798268117,0.0019084515712072319,0.00060092000875687111,0.95383333333333331,fraction,-2.3915369938607136,-2.3915368938607138,9.9999999999999995e-08,closed,2.0496351016809702,2.0496351016809702,0.88873631403486775,0,-0.0014799552646970657,0.55503889333309797,0.7898522358842831,0,-0.0021082873850663594,0.00083483753539181915,0,-9.0122382748276968e-16
119,26,0,0.78993381815677755,0.0019011483489396424,0.00059862042072686568,0.95383333333333331,fraction,-2.3915369938607136,-2.3915368938607138,9.9999999999999995e-08,closed,2.0478560160229775,2.0478560160229775,0.88873800232808586,-4.2351647362715017e-22,-0.0014736583714495836,0.55504088822561803,0.78985523678211678,-3.3451670455789981e-22,-0.0020993051090846112,0.00083017238550187056,-4.2351647362715017e-22,-4.5060677772994144e-16
119,27,0,0.78993608833087392,0.0018938438018621787,0.00059632041554990548,0.95383333333333331,fraction,-2.3915369938607136,-2.3915368938607138,9.9999999999999995e-08,closed,2.0460589689660682,2.0460589689660682,0.88873969213186665,1.0942606887341493e-17,-0.0014673546039082278,0.55504288374373068,0.78985824037064511,8.643108221103254e-18,-0.0020903131320343092,0.00082550140625081703,1.0942606887341493e-17,-4.5060163719155427e-16
119,28,0,0.78993835850497041,0.0018865379143627454,0.00059401998831016211,0.95383333333333331,fraction,-2.3915369938607136,-2.3915368938607138,9.9999999999999995e-08,closed,2.0442437138795904,2.0442437138795904,0.88874138346660858,-1.3234889800848443e-23,-0.0014610438595113735,0.55504487990815898,0.78986124668614144,-1.0453726557851849e-23,-0.0020813113079733115,0.00082082453647625009,-1.3234889800848443e-23,-9.0119298412870571e-16
119,29,0,0.78994062867906678,0.0018792306705847038,0.00059171913401480695,0.95383333333333331,fraction,-2.3915369938607136,-2.3915368938607138,9.9999999999999995e-08,closed,2.0424099997005838,2.0424099997005838,0.88874307635306116,1.7140008149222306e-16,-0.0014547260337427544,0.55504687674009179,0.78986425576550312,1.3538279780600135e-16,-0.0020722994881786933,0.000816141714118368,1.7140008149222306e-16,-4.5059134228540237e-16
119,30,0,0.78994289885316327,0.0018719220544194586,0.00058941784759167725,0.95383333333333331,fraction,-2.3915369938607136,-2.3915368938607138,9.9999999999999995e-08,closed,2.0405575709074419,2.0405575709074419,0.8887447708123154,-1.0587911840678754e-22,-0.001448401020139357,0.5550488742612012,0.78986726764623505,-8.3630449956761468e-23,-0.0020632775211582026,0.00081145287628681118,-1.0587911840678754e-22,-9.011723755814658e-16
119,31,0,0.78994516902725964,0.0018646120495042927,0.00058711612388859399,0.95383333333333331,fraction,-2.3915369938607136,-2.3915368938607138,9.9999999999999995e-08,closed,2.0386861672904382,2.0386861672904382,0.88874646686583958,-4.2351647362715017e-22,-0.0014420687101444004,0.55505087249363538,0.78987028236651291,-3.3452307661074692e-22,-0.0020542452524407334,0.00080675795909213033,-4.2351647362715017e-22,-4.5058102851523049e-16
119,32,0,0.78994743920135613,0.0018573006392143586,0.00058481395767084031,0.95383333333333331,fraction,-2.3915369938607136,-2.3915368938607138,9.9999999999999995e-08,closed,2.0367955240130375,2.0367955240130375,0.88874816453545613,6.6512023397458575e-16,-0.0014357289931737046,0.55505287146006488,0.78987329996514222,5.2536071408309355e-16,-0.0020452025246711805,0.00080205689781442935,6.6512023397458575e-16,-9.0115172878541447e-16
119,33,0,0.7899497093754525,0.0018499878066602592,0.00058251134362039979,0.95383333333333331,fraction,-2.3915369938607136,-2.3915368938607138,9.9999999999999995e-08,closed,2.0348853713768444,2.0348853713768444,0.88874986384336296,-4.2351647362715017e-22,-0.0014293817565205786,0.55505487118365182,0.78987632048159617,-3.3452563385195434e-22,-0.0020361491774749567,0.00079734962676425436,-4.2351647362715017e-22,-4.5057069535583722e-16
119,34,0,0.78995197954954888,0.0018426735346801406,0.00058020827633346699,0.95383333333333331,fraction,-2.3915369938607136,-2.3915368938607138,9.9999999999999995e-08,closed,2.0329554347713392,2.0329554347713392,0.88875156481213957,1.3575820562118299e-18,-0.001423026885300685,0.5550568716880947,0.78987934395602677,1.0723260239270741e-18,-0.0020270850473795808,0.00079263607931889801,1.3575820562118299e-18,-4.5056552133613736e-16
119,35,0,0.78995424972364536,0.0018353578058352262,0.00057790475031904048,0.95383333333333331,fraction,-2.3915369938607136,-2.3915368938607138,9.9999999999999995e-08,closed,2.0310054344966724,2.0310054344966724,0.88875326746476946,1.3234889800848443e-23,-0.0014166642623514162,0.55505887299762502,0.78988237042930409,1.0454006128264788e-23,-0.0020180099676713453,0.00078791618781970385,1.3234889800848443e-23,-4.5056034226389975e-16
119,36,0,0.78995651989774174,0.0018280406024052068,0.00057560075999747229,0.95383333333333331,fraction,-2.3915369938607136,-2.3915368938607138,9.9999999999999995e-08,closed,2.0290350857527883,2.0290350857527883,0.88875497182461727,2.8910505039210152e-17,-0.0014102937682969015,0.55506087513703195,0.78988539994297624,2.283598583544994e-17,-0.0020089237684882458,0.00078318988370673637,2.8910505039210152e-17,-4.5055515806826113e-16
119,37,0,0.78995879007183822,0.0018207219063799212,0.00057329629969784753,0.95383333333333331,fraction,-2.3915369938607136,-2.3915368938607138,9.9999999999999995e-08,closed,2.0270440983820155,2.0270440983820155,0.88875667791546664,-5.2939559203393771e-23,-0.0014039152813819262,0.55506287813164945,0.78988843253933649,-4.1816345438492111e-23,-0.0019998262765833193,0.00077845709733315172,-5.2939559203393771e-23,-4.5054996867708746e-16
120,19,0,0.78991792693810259,0.0019853328084405856,0.00049757130399922991,0.96999999999999997,fraction,-2.3915369938607136,-2.3915368938607138,9.9999999999999995e-08,closed,2.0611946898701539,2.0611946898701539,0.88865581464847154,0,-0.0017605049703700926,0.55498565999066207,0.7897091569085386,0,-0.0025086293255823611,0.0011169556911759804,0,0
120,20,0,0.78992019711219896,0.0019779135663152325,0.00049571186664781799,0.96999999999999997,fraction,-2.3915369938607136,-2.3915368938607138,9.9999999999999995e-08,closed,2.0598954118801567,2.0598954118801567,0.88865764095028854,0,-0.0017538134649616919,0.55498773186182182,0.78971240281933197,0,-0.0024990788656184294,0.0011117863447543952,0,-9.0170264688023967e-16
120,21,0,0.78992246728629545,0.0019704930672028833,0.00049385211426576929,0.96999999999999997,fraction,-2.3915369938607136,-2.3915368938607138,9.9999999999999995e-08,closed,2.0585833958855231,2.0585833958855231,0.88865946815950703,3.9111322822993691e-17,-0.0017471180347901712,0.55498980358706707,0.78971565034953783,3.0886823739191182e-17,-0.0024895229232113768,0.0011066127521764946,3.9111322822993691e-17,-4.5084576138520957e-16
120,22,0,0.78992473746039182,0.0019630712966281962,0.00049199204322522138,0.96999999999999997,fraction,-2.3915369938607136,-2.3915368938607138,9.9999999999999995e-08,closed,2.0572584751677563,2.0572584751677563,0.88866129628860546,1.5505490788488051e-15,-0.0017404186212864486,0.55499187517515025,0.78971889952134466,1.2244979122023131e-15,-0.0024799614149902415,0.0011014348704480037,1.5505490788488051e-15,-4.5084019661028403e-16
120,23,0,0.78992700763448831,0.0019556482398921712,0.00049013164984225736,0.96999999999999997,fraction,-2.3915369938607136,-2.3915368938607138,9.9999999999999995e-08,closed,2.0559204802327615,2.0559204802327615,0.88866312535027014,6.6174449004242214e-24,-0.0017337151648072766,0.55499394663507229,0.78972215035730997,5.2259428166340311e-24,-0.0024703942560555039,0.0010962526560054364,6.6174449004242214e-24,-4.5083462907684689e-16
120,24,0,0.78992927780858468,0.0019482238820707259,0.00048827093037654974,0.96999999999999997,fraction,-2.3915369938607136,-2.3915368938607138,9.9999999999999995e-08,closed,2.0545692388022916,2.0545692388022916,0.88866495535739032,-4.2351647362715017e-22,-0.0017270076046695566,0.55499601797608555,0.78972540288035253,-3.3446171776166737e-22,-0.0024608213600281204,0.0010910660647405201,-4.2351647362715017e-22,-4.5082905874578674e-16
120,25,0,0.78993154798268117,0.0019407982080073545,0.00048640988102951999,0.96999999999999997,fraction,-2.3915369938607136,-2.3915368938607138,9.9999999999999995e-08,closed,2.0532045757272255,2.0532045757272255,0.88866678632307405,1.7120018171667105e-17,-0.0017202958790552055,0.55499808920771687,0.78972865711378015,1.3520168960474176e-17,-0.0024512426389139055,0.0010858750519633364,1.7120018171667105e-17,0
120,26,0,0.78993381815677755,0.0019333712023115008,0.00048454849794393132,0.96999999999999997,fraction,-2.3915369938607136,-2.3915368938607138,9.9999999999999995e-08,closed,2.0518263129314538,2.0518263129314538,0.88866861826064092,0,-0.0017135799250568259,0.55500016033974497,0.78973191308127677,0,-0.0024416580031687649,0.0010806795724025431,0,-4.5081790953105333e-16
120,27,0,0.78993608833087392,0.0019259428493513682,0.00048268677720208607,0.96999999999999997,fraction,-2.3915369938607136,-2.3915368938607138,9.9999999999999995e-08,closed,2.0504342694345454,2.0504342694345454,0.8886704511836222,-4.2351647362715017e-22,-0.0017068596786559023,0.55500223138225413,0.7897351708069027,-3.3446585463947454e-22,-0.0024320673616677136,0.0010754795802805361,-4.2351647362715017e-22,-4.5081233056590455e-16
120,28,0,0.78993835850497041,0.0019185131332502495,0.00048082471482490638,0.96999999999999997,fraction,-2.3915369938607136,-2.3915368938607138,9.9999999999999995e-08,closed,2.0490282611518449,2.0490282611518449,0.88867228510578411,3.5774436527285375e-18,-0.0017001350746297407,0.55500430234558884,0.78973843031513602,2.8252447348466818e-18,-0.0024224706215721756,0.0010702750291465835,3.5774436527285375e-18,-4.5080674864011002e-16
120,29,0,0.78994062867906678,0.0019110820378827496,0.00047896230677098729,0.96999999999999997,fraction,-2.3915369938607136,-2.3915368938607138,9.9999999999999995e-08,closed,2.0476081009526372,2.0476081009526372,0.88867412004110546,-1.0587911840678754e-22,-0.0016934060466188353,0.55500637324039148,0.78974169163083308,-8.361715407895767e-23,-0.0024128676884262504,0.001065065872028037,-1.0587911840678754e-22,-4.5080116371125346e-16
120,30,0,0.78994289885316327,0.001903649546867246,0.00047709954893470719,0.96999999999999997,fraction,-2.3915369938607136,-2.3915368938607138,9.9999999999999995e-08,closed,2.046173598527909,2.046173598527909,0.88867595600381022,0,-0.0016866725270134029,0.55500844407761185,0.78974495477928608,0,-0.0024032584659948665,0.0010598520613009921,0,-9.0159115147235062e-16
120,31,0,0.78994516902725964,0.0018962156435636875,0.00047523643714567613,0.96999999999999997,fraction,-2.3915369938607136,-2.3915368938607138,9.9999999999999995e-08,closed,2.044724560364743,2.044724560364743,0.88867779300834548,2.3626374701058925e-16,-0.0016799344470053246,0.55501051486849418,0.7897482197861837,1.8658887360162613e-16,-0.002393642856338073,0.0010546335487691127,2.3626374701058925e-16,-4.5078998467103946e-16
120,32,0,0.78994743920135613,0.0018887803110654495,0.00047337296716669456,0.96999999999999997,fraction,-2.3915369938607136,-2.3915368938607138,9.9999999999999995e-08,closed,2.0432607896115895,2.0432607896115895,0.88867963106941161,1.088210120633675e-15,-0.0016731917364867393,0.5550125856245911,0.78975148667766548,8.5941556058812655e-16,-0.002384020759666402,0.0010494102855485021,1.088210120633675e-15,-4.5078439047124144e-16
120,33,0,0.7899497093754525,0.0018813435321968735,0.0004715091346931368,0.96999999999999997,fraction,-2.3915369938607136,-2.3915368938607138,9.9999999999999995e-08,closed,2.0417820861266183,2.0417820861266183,0.8886814702019411,0,-0.0016664443240971397,0.55501465635779323,0.78975475548028351,0,-0.0023743920744082451,0.0010441822222052588,0,-4.5077879309147284e-16
120,34,0,0.78995197954954888,0.0018739052895052279,0.00046964493535093583,0.96999999999999997,fraction,-2.3915369938607136,-2.3915368938607138,9.9999999999999995e-08,closed,2.0402882463015346,2.0402882463015346,0.88868331042112148,9.613108208495879e-16,-0.0016596921371566753,0.55501672708030403,0.78975802622104341,7.5920293645910164e-16,-0.0023647566971147491,0.0010389493086171431,9.613108208495879e-16,-4.5077319248565224e-16
120,35,0,0.78995424972364536,0.0018664655652561621,0.00046778036469544458,0.96999999999999997,fraction,-2.3915369938607136,-2.3915368938607138,9.9999999999999995e-08,closed,2.0387790630393301,2.0387790630393301,0.88868515174239127,3.7154846121425708e-16,-0.001652935101635499,0.55501879780467045,0.78976129892739699,2.9343459534304724e-16,-0.0023551145224162654,0.0010337114940355274,3.7154846121425708e-16,-4.5076758860693669e-16
120,36,0,0.78995651989774174,0.0018590243414290239,0.00046591541821026185,0.96999999999999997,fraction,-2.3915369938607136,-2.3915368938607138,9.9999999999999995e-08,closed,2.0372543256714715,2.0372543256714715,0.88868699418144803,0,-0.0016461731421382056,0.55502086854378319,0.78976457362725705,0,-0.0023454654430002347,0.0010284687270492032,0,-4.5076198140769802e-16
120,37,0,0.78995879007183822,0.0018515815997083944,0.00046405009130511091,0.96999999999999997,fraction,-2.3915369938607136,-2.3915368938607138,9.9999999999999995e-08,closed,2.0357138198897857,2.0357138198897857,0.88868883775424878,1.5588133675569285e-15,-0.001639406181885618,0.55502293931088631,0.78976785034899755,1.2311006823907172e-15,-0.002335809349585338,0.0010232209555971483,1.5588133675569285e-15,-9.0151274167904175e-16
117,38,0,0.7899610602459346,0.0017519304554068846,0.00073837425495444089,0.92149999999999999,fraction,-2.3915369938607136,-2.3915368938607138,9.9999999999999995e-08,closed,1.8399996923226454,1.8399996923226454,0.88890511672152472,1.0587911840678754e-22,-0.00086070473682293156,0.55513756387822921,0.79015230653370749,8.3660629622878702e-23,-0.0012254284949701586,0.00022488125287445371,1.0587911840678754e-22,-4.5009873141503679e-16
117,39,0,0.78996333042003097,0.0017448569134352698,0.00073539301716211817,0.92149999999999999,fraction,-2.3915369938607136,-2.3915368938607138,9.9999999999999995e-08,closed,1.8350269677998157,1.8350269677998157,0.88890713185723658,0,-0.00085246759423523348,0.55513999291746208,0.79015588906665857,0,-0.0012136926077136398,0.00021938174299451774,0,-4.500926092576959e-16
117,40,0,0.78996560059412746,0.001737781875537719,0.00073241114889203019,0.92149999999999999,fraction,-2.3915369938607136,-2.3915368938607138,9.9999999999999995e-08,closed,1.8299353168633954,1.8299353168633954,0.88890916897904115,0,-0.00084412516682227045,0.55514243765434657,0.79015951069500956,0,-0.0012018068936266251,0.00021380684186156351,0,-4.5008642040344214e-16
117,41,0,0.78996787076822383,0.0017307053231422655,0.000729428642316776,0.92149999999999999,fraction,-2.3915369938607136,-2.3915368938607138,9.9999999999999995e-08,closed,1.8247176993357974,1.8247176993357974,0.88891122958164404,2.9116757561866574e-22,-0.00083567026267475169,0.55514489909777176,0.79016317407635028,2.3006989573896067e-22,-0.0011897611131725294,0.00020815134160756532,2.9116757561866574e-22,-4.5008016031462522e-16
117,42,0,0.78997014094232032,0.0017236272373665929,0.0007264454894781538,0.92149999999999999,fraction,-2.3915369938607136,-2.3915368938607138,9.9999999999999995e-08,closed,1.8193662863642337,1.8193662863642337,0.8889133153367641,9.398310711588437e-16,-0.00082709484144069078,0.55514737837153239,0.79016688218299735,7.426233872762903e-16,-0.00117754381877513,0.00020240941110616362,9.398310711588437e-16,-4.5007382391617654e-16
117,43,0,0.7899724111164167,0.0017165475990142695,0.00072346168228557342,0.92149999999999999,fraction,-2.3915369938607136,-2.3915368938607138,9.9999999999999995e-08,closed,1.8138723266452716,1.8138723266452716,0.88891542812380386,8.2835825304750717e-16,-0.00081838986767945974,0.55514987673395111,0.79017063835652557,6.5454436959844503e-16,-0.0011651421460148346,0.00019657448757492979,8.2835825304750717e-16,-4.5006740550248912e-16
117,44,0,0.78997468129051318,0.00170946638856527,0.00072047721251206217,0.92149999999999999,fraction,-2.3915369938607136,-2.3915368938607138,9.9999999999999995e-08,closed,1.808225981838439,1.808225981838439,0.88891757006763761,0,-0.00080954513017014111,0.55515239560204188,0.79017444637495338,0,-0.0011525415563481303,0.00019063914300498919,0,-4.5006089862268948e-16
117,45,0,0.78997695146460956,0.0017023835861718708,0.00071749207179253461,0.92149999999999999,fraction,-2.3915369938607136,-2.3915368938607138,9.9999999999999995e-08,closed,1.8024161216492025,1.8024161216492025,0.88891974358577508,7.411538288475128e-22,-0.00080054901651246296,0.55515493658160908,0.79017831053660015,5.8564368032646018e-22,-0.0011397255161687476,0.00018459491736277922,7.411538288475128e-22,-9.001085918748796e-16
117,46,0,0.78997922163870593,0.0016952991716491649,0.00071450625161979461,0.92149999999999999,fraction,-2.3915369938607136,-2.3915368938607138,9.9999999999999995e-08,closed,1.7964300659705852,1.7964300659705852,0.88892195144781516,4.632211430296955e-22,-0.00079138822903041613,0.55515750150515941,0.79018223576579183,3.6602911845319043e-22,-0.001126675092290638,0.00017843210828860645,4.632211430296955e-22,-4.5004758903843006e-16
117,47,0,0.78998149181280242,0.0016882131244688584,0.00071151974334192141,0.92149999999999999,fraction,-2.3915369938607136,-2.3915368938607138,9.9999999999999995e-08,closed,1.7902532565823555,1.7902532565823555,0.88892419685127178,4.6983858793011972e-22,-0.00078204742250195022,0.55516009248019127,0.79018622774767855,3.7125998144679726e-22,-0.0011133684361203107,0.00017213950278860413,4.6983858793011972e-22,-4.5004076821815646e-16
117,48,0,0.78998376198689879,0.0016811254237528777,0.00070853253815957484,0.92149999999999999,fraction,-2.3915369938607136,-2.3915368938607138,9.9999999999999995e-08,closed,1.783868833520208,1.783868833520208,0.8889264835195817,1.4823076576950256e-21,-0.00077250873595394859,0.55516271195157352,0.79019029310248912,1.1713051225020964e-21,-0.0010997801169902791,0.00016570403038873582,1.4823076576950256e-21,-4.5003382217235485e-16
117,49,0,0.78998603216099528,0.0016740360482633129,0.00070554462712175687,0.92149999999999999,fraction,-2.3915369938607136,-2.3915368938607138,9.9999999999999995e-08,closed,1.7772570776300427,1.7772570776300427,0.88892881583136552,1.0587911840678754e-22,-0.00076275117546255192,0.55516536278363637,0.79019443961535374,8.3665090636419167e-23,-0.0010858802433393539,0.00015911030542647975,1.0587911840678754e-22,0
117,50,0,0.78998830233509165,0.0016669449763973591,0.00070255600112367972,0.92149999999999999,fraction,-2.3915369938607136,-2.3915368938607138,9.9999999999999995e-08,closed,1.770394667428081,1.770394667428081,0.88893119899299755,1.506694795037661e-16,-0.00075274979013857787,0.55516804836973954,0.79019867654312825,1.1905882329931797e-16,-0.0010716332894115551,0.00015234001594921498,1.506694795037661e-16,-4.5001949871705614e-16
117,51,0,0.78999057250918814,0.0016598521861764983,0.00069956665090220658,0.92149999999999999,fraction,-2.3915369938607136,-2.3915368938607138,9.9999999999999995e-08,closed,1.7632536652881285,1.7632536652881285,0.88893363927447144,1.3234889800848443e-23,-0.00074247454616395371,0.55517077278179927,0.79020301503375612,1.0458249824269948e-23,-0.0010569964920107767,0.0001453710881477166,1.3234889800848443e-23,0
117,52,0,0.78999284268328451,0.0016527576552410222,0.00069657656703354237,0.92149999999999999,fraction,-2.3915369938607136,-2.3915368938607138,9.9999999999999995e-08,closed,1.7558001020192395,1.7558001020192395,0.88893614433932555,0,-0.0007318887522393062,0.55517354097920946,0.79020746871286618,0,-0.0010419176085102607,0.00013817651723913027,0,0
117,53,0,0.78999511285738089,0.0016456613608391187,0.00069358573992863554,0.92149999999999999,fraction,-2.3915369938607136,-2.3915368938607138,9.9999999999999995e-08,closed,1.7479919476017907,1.7479919476017907,0.88893872371843397,4.1689902872672595e-22,-0.00072094679870968192,0.555176359108557,0.79021205452615828,3.2943863802010599e-22,-0.0010263316976084297,0.00013072268811886723,4.1689902872672595e-22,-4.4999664313824964e-16
117,54,0,0.78999738303147737,0.0016385632798192066,0.00069059415982994571,0.92149999999999999,fraction,-2.3915369938607136,-2.3915368938607138,9.9999999999999995e-08,closed,1.7397761052464469,1.7397761052464469,0.88894138951309909,0,-0.00070959080323812615,0.55517923494787857,0.7902167939894793,0,-0.0010101563431147498,0.00012296688252433352,0,-4.4998854638628431e-16
117,55,0,0.78999965320557375,0.0016314633886220296,0.00068760181680811293,0.92149999999999999,fraction,-2.3915369938607136,-2.3915368938607138,9.9999999999999995e-08,closed,1.7310837833858386,1.7310837833858386,0.8889441574794541,8.9251665775816574e-16,-0.00069774543833123431,0.55518217859108132,0.79022171511685646,7.0528604406402215e-16,-0.00099328428886458339,0.00011485343315642549,8.9251665775816574e-16,-4.4998013949064163e-16
117,56,0,0.79000192337967023,0.0016243616632690369,0.00068460870075705987,0.92149999999999999,fraction,-2.3915369938607136,-2.3915368938607138,9.9999999999999995e-08,closed,1.7218230265552183,1.7218230265552183,0.88894704878162012,1.4558378780933287e-22,-0.00068530957052666285,0.55518520355324674,0.79022685553755212,1.1504421885781533e-22,-0.00097557153373462437,0.00010630750432893965,1.4558378780933287e-22,-4.4997135819388279e-16
118,38,0,0.7899610602459346,0.0017826660774315668,0.00066072575047174521,0.93766666666666665,fraction,-2.3915369938607136,-2.3915368938607138,9.9999999999999995e-08,closed,1.97686011127965,1.97686011127965,0.88882320109075341,0,-0.0011683815621648388,0.555096699822197,0.79000668279721387,0,-0.0016639433918063781,0.00053085681551934272,0,-4.5034768048078541e-16
118,39,0,0.78996333042003097,0.0017754684382323797,0.00065805802395710843,0.93766666666666665,fraction,-2.3915369938607136,-2.3915368938607138,9.9999999999999995e-08,closed,1.9741477068364142,1.9741477068364142,0.88882487037869751,1.8588667423087655e-17,-0.0011619616139721845,0.55509876052752616,0.79000965020370839,1.4685226648666547e-17,-0.0016547911386582972,0.00052637005344924326,1.8588667423087655e-17,-4.5034260575943783e-16
118,40,0,0.78996560059412746,0.0017682692768629421,0.00065538973326665988,0.93766666666666665,fraction,-2.3915369938607136,-2.3915368938607138,9.9999999999999995e-08,closed,1.9714036764866925,1.9714036764866925,0.88882654296428287,2.1175823681357508e-22,-0.0011555257674996644,0.55510082374836922,0.79001262347783818,1.6729168020813379e-22,-0.0016456163291085598,0.00052187220764565723,2.1175823681357508e-22,-4.5033752108000332e-16
118,41,0,0.78996787076822383,0.0017610685744254629,0.00065272087139613968,0.93766666666666665,fraction,-2.3915369938607136,-2.3915368938607138,9.9999999999999995e-08,closed,1.9686274656236535,1.9686274656236535,0.88882821890696806,1.3234889800848443e-23,-0.0011490737099667605,0.55510288954410159,0.79001560272533311,1.0455769443020646e-23,-0.001636418518080604,0.00051736309832739469,1.3234889800848443e-23,-4.5033242626212629e-16
118,42,0,0.78997014094232032,0.0017538663117063577,0.00065005143122424177,0.93766666666666665,fraction,-2.3915369938607136,-2.3915368938607138,9.9999999999999995e-08,closed,1.9658185050244372,1.9658185050244372,0.88882989826791381,1.0481746848652268e-15,-0.0011426051192469353,0.55510495797570125,0.79001858805495007,8.2807748457216878e-16,-0.0016271972471977457,0.00051284254042693878,1.0481746848652268e-15,-4.5032732112028637e-16
118,43,0,0.7899724111164167,0.0017466624691724146,0.00064738140551119422,0.93766666666666665,fraction,-2.3915369938607136,-2.3915368938607138,9.9999999999999995e-08,closed,1.9629762104099056,1.9629762104099056,0.88883158111001692,1.651532135062226e-16,-0.0011361196635983754,0.55510702910580556,0.79002157957853258,1.3047460260665662e-16,-0.0016179520444002838,0.00050831034352238902,1.651532135062226e-16,-4.5032220546369706e-16
118,44,0,0.78997468129051318,0.0017394570269611521,0.00064471078689518481,0.93766666666666665,fraction,-2.3915369938607136,-2.3915368938607138,9.9999999999999995e-08,closed,1.9600999819163774,1.9600999819163774,0.88883326749797276,-4.2351647362715017e-22,-0.0011296170013247175,0.55510910299876504,0.79002457741112275,-3.3458842310393823e-22,-0.0016086824234627674,0.00050376631163417951,-4.2351647362715017e-22,-4.5031707909611472e-16
118,45,0,0.78997695146460956,0.0017322499648766405,0.00064203956789081235,0.93766666666666665,fraction,-2.3915369938607136,-2.3915368938607138,9.9999999999999995e-08,closed,1.9571892034251608,1.9571892034251608,0.88883495749836416,-5.2939559203393771e-23,-0.0011230967802666992,0.55511117972071367,0.79002758167111886,-4.1823711932192205e-23,-0.001599387883270374,0.00049921024293109184,-5.2939559203393771e-23,-4.5031194181557014e-16
118,46,0,0.78997922163870593,0.0017250412623798521,0.0006393677408855099,0.93766666666666665,fraction,-2.3915369938607136,-2.3915368938607138,9.9999999999999995e-08,closed,1.954243241783183,1.954243241783183,0.88883665117979138,2.0300065729279447e-16,-0.0011165586371738711,0.55511325933964284,0.79003059248050611,1.6037672955495858e-16,-0.0015900679069243172,0.00049464192925829931,2.0300065729279447e-16,-4.5030679341397316e-16
118,47,0,0.78998149181280242,0.0017178308985823473,0.0006366952981372053,0.93766666666666665,fraction,-2.3915369938607136,-2.3915368938607138,9.9999999999999995e-08,closed,1.951261446386424,1.951261446386424,0.88883834861287192,3.1548525625962626e-16,-0.0011100021975498663,0.5551153419254603,0.79003360996485728,2.4924395589348064e-16,-0.0015807219615223871,0.00049006115622041158,3.1548525625962626e-16,-9.0060326735422727e-16
118,48,0,0.78998376198689879,0.0017106188522397704,0.00063402223177190953,0.93766666666666665,fraction,-2.3915369938607136,-2.3915368938607138,9.9999999999999995e-08,closed,1.9482431482724103,1.9482431482724103,0.88884004987040088,2.1175823681357508e-22,-0.0011034270748909408,0.55511742755006888,0.7900366342536167,1.6729676468767717e-22,-0.0015713494970746378,0.00048546770258295346,2.1175823681357508e-22,-4.5029646238417539e-16
118,49,0,0.78998603216099528,0.0017034051017416167,0.00063134853377992456,0.93766666666666665,fraction,-2.3915369938607136,-2.3915368938607138,9.9999999999999995e-08,closed,1.9451876593313802,1.9451876593313802,0.88884175502744378,0,-0.0010968328701191769,0.55511951628745637,0.79003966548026638,0,-0.0015619499456967169,0.00048086133998515024,0,-4.5029127930745283e-16
118,50,0,0.78998830233509165,0.0016961896251060846,0.00062867419601393519,0.93766666666666665,fraction,-2.3915369938607136,-2.3915368938607138,9.9999999999999995e-08,closed,1.9420942717417042,1.9420942717417042,0.88884346416138549,0,-0.001090219171263922,0.55512160821376322,0.79004270378241215,0,-0.001552522721156977,0.00047624183282102273,0,-9.0057216842440985e-16
118,51,0,0.78999057250918814,0.0016889723999690685,0.0006259992101849296,0.93766666666666665,fraction,-2.3915369938607136,-2.3915368938607138,9.9999999999999995e-08,closed,1.9389622568007765,1.9389622568007765,0.88884517735212665,1.6167741380716458e-19,-0.0010835855524837087,0.55512370340737804,0.79004574930213345,1.2773255353651244e-19,-0.0015430672174836749,0.00047160893750064492,1.6167741380716458e-19,-4.5028087685605682e-16
118,52,0,0.78999284268328451,0.0016817534035785838,0.00062332356786013257,0.93766666666666665,fraction,-2.3915369938607136,-2.3915368938607138,9.9999999999999995e-08,closed,1.9357908642707087,1.9357908642707087,0.88884689468213174,9.7481760822650497e-16,-0.0010769315736805978,0.55512580194903804,0.79004880218606854,7.7015348372923853e-16,-0.0015335828084166658,0.00046696240238042197,9.7481760822650497e-16,0
118,53,0,0.78999511285738089,0.0016745326127836646,0.00062064726045889089,0.93766666666666665,fraction,-2.3915369938607136,-2.3915368938607138,9.9999999999999995e-08,closed,1.9325793212881379,1.9325793212881379,0.88884861623659905,0,-0.0010702567796472896,0.5551279039219158,0.79005186258571691,0,-0.0015240688461931524,0.00046230196712992999,0,-4.5027042435215305e-16
118,54,0,0.78999738303147737,0.001667310004026561,0.00061797027924978152,0.93766666666666665,fraction,-2.3915369938607136,-2.3915368938607138,9.9999999999999995e-08,closed,1.9293268314602201,1.9293268314602201,0.88885034210355895,3.1432863277015052e-23,-0.0010635606994465663,0.55513000941173307,0.79005493065761379,2.4833688616692382e-23,-0.0015145246606647464,0.00045762736245869018,3.1432863277015052e-23,0
118,55,0,0.78999965320557375,0.0016600855533346968,0.00061529261534763019,0.93766666666666665,fraction,-2.3915369938607136,-2.3915368938607138,9.9999999999999995e-08,closed,1.9260325736423138,1.9260325736423138,0.8888520723740585,0,-0.0010568428454525961,0.55513211850686706,0.79005800656365854,0,-0.0015049495579326248,0.00045293830944492797,0,-4.5025991969293141e-16
118,56,0,0.79000192337967023,0.0016528592363088445,0.00061261425970912946,0.93766666666666665,fraction,-2.3915369938607136,-2.3915368938607138,9.9999999999999995e-08,closed,1.9226957009280408,1.9226957009280408,0.88885380714228646,0,-0.0010501027126313684,0.55513423129847039,0.79006109047133699,0,-0.0014953428193236191,0.00044823451915232404,0,-4.5025464710849338e-16
119,38,0,0.7899610602459346,0.0018134016994562491,0.0005709913636570066,0.95383333333333331,fraction,-2.3915369938607136,-2.3915368938607138,9.9999999999999995e-08,closed,2.0250321768684834,2.0250321768684834,0.88875838576151067,6.7517440917937589e-16,-0.0013975286774779677,0.55506488200740522,0.78989146826140622,5.3331450539922472e-16,-0.0019907173153334858,0.00077371775807688614,6.7517440917937589e-16,-4.5054477401700373e-16
119,39,0,0.78996333042003097,0.0018060799630294899,0.00056868594601683007,0.95383333333333331,fraction,-2.3915369938607136,-2.3915368938607138,9.9999999999999995e-08,closed,2.0229990200633572,2.0229990200633572,0.8887600953873882,0,-0.0013911338299288705,0.55506688679080218,0.78989450715299936,0,-0.0019815967045196557,0.00076897179415413852,0,-4.5053957401328321e-16
119,40,0,0.78996560059412746,0.0017987566781881652,0.0005663800408226029,0.95383333333333331,fraction,-2.3915369938607136,-2.3915368938607138,9.9999999999999995e-08,closed,2.0209443212233871,2.0209443212233871,0.8887618068181482,-4.2351647362715017e-22,-0.0013847306096568762,0.55506889250895353,0.7898975492586594,-3.3453462458875558e-22,-0.0019724642604781973,0.00076421913282564979,-4.2351647362715017e-22,-4.5053436858995595e-16
119,41,0,0.78996787076822383,0.0017914318257086605,0.00056407364202132641,0.95383333333333331,fraction,-2.3915369938607136,-2.3915368938607138,9.9999999999999995e-08,closed,2.0188677677105535,2.0188677677105535,0.88876352007930803,1.0587911840678754e-22,-0.001378318884906001,0.55507089918958918,0.78990059462376261,8.3633978587761248e-23,-0.0019633197957351881,0.00075945970014856812,1.0587911840678754e-22,-4.5052915766963201e-16
119,42,0,0.78997014094232032,0.0017841053860461226,0.00056176674345885243,0.95383333333333331,fraction,-2.3915369938607136,-2.3915368938607138,9.9999999999999995e-08,closed,2.0167690409715164,2.0167690409715164,0.88876523519682615,-4.2351647362715017e-22,-0.0013718985213419059,0.55507290686106792,0.78990364329446972,-3.3453720551331212e-22,-0.0019541631191490609,0.00075469342111433857,-4.2351647362715017e-22,-9.0104788234716757e-16
119,43,0,0.7899724111164167,0.0017767773393305597,0.00055945933887865593,0.95383333333333331,fraction,-2.3915369938607136,-2.3915368938607138,9.9999999999999995e-08,closed,2.0146478163151516,2.0146478163151516,0.88876695219712909,1.8101051731177036e-15,-0.001365469381889188,0.55507491555239541,0.78990669531777391,1.4298141954750123e-15,-0.0019449940356788564,0.00074992021955444521,1.8101051731177036e-15,-4.5051871902166516e-16
119,44,0,0.78997468129051318,0.001769447665357034,0.0005571514219187459,0.95383333333333331,fraction,-2.3915369938607136,-2.3915368938607138,9.9999999999999995e-08,closed,2.0125037628033109,2.0125037628033109,0.88876867110712798,0,-0.0013590313266705406,0.55507692529324981,0.78990975074153025,0,-0.0019358123462976577,0.00074514001810288555,0,-4.5051349113226001e-16
119,45,0,0.78997695146460956,0.0017621163435814101,0.00055484298611032745,0.95383333333333331,fraction,-2.3915369938607136,-2.3915368938607138,9.9999999999999995e-08,closed,2.0103365430266145,2.0103365430266145,0.88877039195421847,1.3464534197134477e-15,-0.0013525842129426711,0.55507893611397274,0.78991280961445509,1.0635808037808406e-15,-0.0019266178479015442,0.00074035273818551239,1.3464534197134477e-15,0
119,46,0,0.78997922163870593,0.0017547833531105391,0.0005525340248747104,0.95383333333333331,fraction,-2.3915369938607136,-2.3915368938607138,9.9999999999999995e-08,closed,2.0081458130190142,2.0081458130190142,0.88877211476629925,0,-0.0013461278950244722,0.55508094804561425,0.78991587198615976,0,-0.0019174103332073543,0.00073555829999927269,0,0
119,47,0,0.78998149181280242,0.0017474486726958361,0.00055022453152128769,0.95383333333333331,fraction,-2.3915369938607136,-2.3915368938607138,9.9999999999999995e-08,closed,2.0059312220883916,2.0059312220883916,0.88877383957176614,1.5734806959507024e-15,-0.001339662224273622,0.55508296111992561,0.78991893790713952,1.2429222001627656e-15,-0.0019081895907196408,0.00073075662252974904,1.5734806959507024e-15,-4.5049777220067445e-16
119,48,0,0.78998376198689879,0.0017401122807266629,0.00054791449924545133,0.95383333333333331,fraction,-2.3915369938607136,-2.3915368938607138,9.9999999999999995e-08,closed,2.0036924125452615,2.0036924125452615,0.88877556639956012,0,-0.0013331870488614095,0.55508497536939483,0.78992200742885887,0,-0.0018989554044098369,0.00072594762338817898,0,0
119,49,0,0.78998603216099528,0.0017327741552199203,0.00054560392112531521,0.95383333333333331,fraction,-2.3915369938607136,-2.3915368938607138,9.9999999999999995e-08,closed,2.0014290196376194,2.0014290196376194,0.8887772952791444,0,-0.0013267022138400166,0.55508699082725199,0.78992508060371147,0,-0.0018897075538125,0.00072113121892003473,0,-9.0097452532242727e-16
119,50,0,0.78998830233509165,0.0017254342738148103,0.00054329279012006629,0.95383333333333331,fraction,-2.3915369938607136,-2.3915368938607138,9.9999999999999995e-08,closed,1.999140671315875,1.999140671315875,0.88877902624053173,0,-0.0013202075609905603,0.55508900752749291,0.78992815748506784,0,-0.0018804458138089208,0.00071630732411831488,0,-4.5048199854783468e-16
119,51,0,0.78999057250918814,0.0017180926137616386,0.00054098109906643838,0.95383333333333331,fraction,-2.3915369938607136,-2.3915368938607138,9.9999999999999995e-08,closed,1.9968269880401721,1.9968269880401721,0.88878075931430167,0,-0.001313702928717596,0.55509102550490674,0.78993123812730659,0,-0.0018711699544770105,0.00071147585258590773,0,-4.5047672808228e-16
119,52,0,0.78999284268328451,0.0017107491519161456,0.00053866884067692734,0.95383333333333331,fraction,-2.3915369938607136,-2.3915368938607138,9.9999999999999995e-08,closed,1.994487582608,1.994487582608,0.88878249453159963,9.4101231154334903e-16,-0.0013071881520239927,0.55509304479507449,0.78993432258581298,7.4333792286390543e-16,-0.0018618797410557752,0.00070663671653625748,9.4101231154334903e-16,-4.5047145117009641e-16
119,53,0,0.78999511285738089,0.0017034038647282105,0.00053635600753623432,0.95383333333333331,fraction,-2.3915369938607136,-2.3915368938607138,9.9999999999999995e-08,closed,1.9921220598758906,1.9921220598758906,0.88878423192417988,-5.2939559203393771e-23,-0.001300663062294372,0.55509506543440723,0.78993741091705438,-4.1818938332218994e-23,-0.0018525749336368558,0.00070178982665913825,-5.2939559203393771e-23,-4.504661677149856e-16
119,54,0,0.78999738303147737,0.0016960567282339155,0.00053404259209876702,0.95383333333333331,fraction,-2.3915369938607136,-2.3915368938607138,9.9999999999999995e-08,closed,1.9897300166176506,1.9897300166176506,0.88878597152439154,4.8186010303402638e-17,-0.0012941274873078507,0.55509708746015174,0.78994050317855657,3.8064081225236992e-17,-0.001843255287183048,0.00069693509218882177,4.8186010303402638e-17,-4.5046087761884522e-16
119,55,0,0.78999965320557375,0.001688707718047364,0.00053172858668606299,0.95383333333333331,fraction,-2.3915369938607136,-2.3915368938607138,9.9999999999999995e-08,closed,1.9873110413307378,1.9873110413307378,0.88878771336520035,1.3234889800848443e-23,-0.0012875812511113258,0.55509911091043762,0.78994359942894155,1.0454816487327606e-23,-0.0018339205513479581,0.00069207242087554466,1.3234889800848443e-23,0
119,56,0,0.79000192337967023,0.0016813568093486523,0.00052941398348300321,0.95383333333333331,fraction,-2.3915369938607136,-2.3915368938607138,9.9999999999999995e-08,closed,1.9848647139086109,1.9848647139086109,0.88878945748021188,1.3459353531870832e-18,-0.0012810241738832567,0.5551011358242578,0.78994669972796938,1.0632171902973353e-18,-0.0018245704702821333,0.0006872017188535029,1.3459353531870832e-18,-4.5045027710165088e-16
120,38,0,0.7899610602459346,0.0018441373214809311,0.00046218437931504848,0.96999999999999997,fraction,-2.3915369938607136,-2.3915368938607138,9.9999999999999995e-08,closed,2.0341573276187042,2.0341573276187042,0.88869068247703209,2.5063196689486394e-16,-0.0016326341426175096,0.55502501011958083,0.78977112912149305,1.9794189148849738e-16,-0.0023261461307828306,0.0010179681268751573,2.5063196689486394e-16,-4.5075075685313646e-16
120,39,0,0.78996333042003097,0.0018366914878265997,0.00046031827749826691,0.96999999999999997,fraction,-2.3915369938607136,-2.3915368938607138,9.9999999999999995e-08,closed,2.0325846270277523,2.0325846270277523,0.8886925283662942,-2.6469779601696886e-23,-0.0016258569446658609,0.5550270809838449,0.78977440997407666,-2.0905154567074008e-23,-0.0023164756732012327,0.0010127101874699562,-2.6469779601696886e-23,-9.0149027879698902e-16
120,40,0,0.78996560059412746,0.0018292440795133883,0.0004584517810347697,0.96999999999999997,fraction,-2.3915369938607136,-2.3915368938607138,9.9999999999999995e-08,closed,2.0309954923761517,2.0309954923761517,0.88869437543881469,1.3224437414279325e-15,-0.0016190745068645667,0.55502915191802804,0.78977769293658495,1.0444365671433782e-15,-0.0023067978613175908,0.0010074470832381888,1.3224437414279325e-15,-4.5073951842468559e-16
120,41,0,0.78996787076822383,0.0018217950769918582,0.00045658488502500571,0.96999999999999997,fraction,-2.3915369938607136,-2.3915368938607138,9.9999999999999995e-08,closed,2.0293896939404763,2.0293896939404763,0.8886962237116629,4.2675150421095116e-16,-0.0016122867464858071,0.55503122293687646,0.78978097803936997,3.3704022037549731e-16,-0.0022971125773868883,0.0010021787593131881,4.2675150421095116e-16,-4.5073389387992176e-16
120,42,0,0.78997014094232032,0.0018143444603858873,0.00045471758448754912,0.96999999999999997,fraction,-2.3915369938607136,-2.3915368938607138,9.9999999999999995e-08,closed,2.0277669979645969,2.0277669979645969,0.88869807320219019,6.6174449004242214e-24,-0.001605493579278476,0.55503329405553381,0.78978426531328538,5.2263538589326906e-24,-0.0022874197014969943,0.00099690516014006025,6.6174449004242214e-24,-4.5072826571155948e-16
120,43,0,0.7899724111164167,0.0018068922094887049,0.00045284987435810584,0.96999999999999997,fraction,-2.3915369938607136,-2.3915368938607138,9.9999999999999995e-08,closed,2.0261271665457876,2.0261271665457876,0.88869992392804098,5.1850528943108917e-16,-0.0015986949194004747,0.55503536528954867,0.78978755478970586,4.0950902468530864e-16,-0.0022777191114722274,0.00099162622943804735,5.1850528943108917e-16,-4.5072263386606715e-16
120,44,0,0.78997468129051318,0.0017994383037529158,0.00045098174948701329,0.96999999999999997,fraction,-2.3915369938607136,-2.3915368938607138,9.9999999999999995e-08,closed,2.0244699575285421,2.0244699575285421,0.8887017759071667,1.4087936682028249e-15,-0.0015918906793614925,0.55503743665489147,0.78979084650055198,1.1126523437545269e-15,-0.0022680106827918599,0.00098634191016266914,1.4087936682028249e-15,-4.507169982889818e-16
120,45,0,0.78997695146460956,0.0017919827222861798,0.00044911320463815739,0.96999999999999997,fraction,-2.3915369938607136,-2.3915368938607138,9.9999999999999995e-08,closed,2.0227951244172684,2.0227951244172684,0.88870362915782719,-4.2351647362715017e-22,-0.0015850807700006711,0.55503950816795344,0.78979414047829288,-3.3449082926675266e-22,-0.0022582942885584142,0.00098105214449684119,-4.2351647362715017e-22,-9.0142271784981097e-16
120,46,0,0.78997922163870593,0.0017845254438412263,0.00044724423448647008,0.96999999999999997,fraction,-2.3915369938607136,-2.3915368938607138,9.9999999999999995e-08,closed,2.0211024163283144,2.0211024163283144,0.88870548369858315,3.7197875395146227e-17,-0.0015782651004939943,0.55504157984557179,0.78979743675593261,2.9378786639853062e-17,-0.0022485697995083924,0.00097575687392170707,3.7197875395146227e-17,-4.5070571571752842e-16
120,47,0,0.78998149181280242,0.0017770664468093247,0.00044537483361629319,0.96999999999999997,fraction,-2.3915369938607136,-2.3915368938607138,9.9999999999999995e-08,closed,2.019391577856652,2.019391577856652,0.88870733954831516,1.0587911840678754e-22,-0.0015714435782737172,0.555043651705035,0.78980073536704432,8.3623405577695158e-23,-0.002238837083897468,0.00097045603913847867,1.0587911840678754e-22,-4.5070006860956993e-16
120,48,0,0.78998376198689879,0.0017696057092135556,0.00044350499651969136,0.96999999999999997,fraction,-2.3915369938607136,-2.3915368938607138,9.9999999999999995e-08,closed,2.0176623489089307,2.0176623489089307,0.88870919672624271,-4.2351647362715017e-22,-0.0015646161089348902,0.55504572376408579,0.78980403634580354,-3.3449502032966426e-22,-0.0022290960073673132,0.00096514957998894424,-4.2351647362715017e-22,0
120,49,0,0.78998603216099528,0.0017621432086982242,0.00044163471759379937,0.96999999999999997,fraction,-2.3915369938607136,-2.3915368938607138,9.9999999999999995e-08,closed,2.0159144647489549,2.0159144647489549,0.88871105525189498,7.0346086269469643e-19,-0.0015577825963470026,0.55504779604094012,0.78980733972693673,5.5559855256691412e-19,-0.0022193464331050233,0.00095983743561167678,7.0346086269469643e-19,-4.5068876245773979e-16
120,50,0,0.78998830233509165,0.0017546789225235358,0.00043976399113948746,0.96999999999999997,fraction,-2.3915369938607136,-2.3915368938607138,9.9999999999999995e-08,closed,2.0141476557851363,2.0141476557851363,0.88871291514514417,-5.2939559203393771e-23,-0.0015509429424880831,0.55504986855430483,0.78981064554578018,-4.1812227429341483e-23,-0.0022095882216066564,0.00095451954432002051,-5.2939559203393771e-23,-4.5068310329433461e-16
120,51,0,0.78999057250918814,0.0017472128275542087,0.00043789281135850756,0.96999999999999997,fraction,-2.3915369938607136,-2.3915368938607138,9.9999999999999995e-08,closed,2.0123616474370682,2.0123616474370682,0.88871477642621688,1.7027928749641617e-15,-0.0015440970473898216,0.55505194132337488,0.78981395383830066,1.3448895731431318e-15,-0.0021998212305991173,0.00094919584354569153,1.7027928749641617e-15,-4.5067743999114595e-16
120,52,0,0.78999284268328451,0.0017397449002537074,0.00043602117235204771,0.96999999999999997,fraction,-2.3915369938607136,-2.3915368938607138,9.9999999999999995e-08,closed,2.0105561601219133,2.0105561601219133,0.88871663911568066,8.6649607031630965e-16,-0.0015372448091955087,0.55505401436785706,0.78981726464107094,6.8437355607946471e-16,-0.0021900453151229545,0.0009438662699350342,8.6649607031630965e-16,0
120,53,0,0.78999511285738089,0.0017322751166727564,0.00043414906811785374,0.96999999999999997,fraction,-2.3915369938607136,-2.3915368938607138,9.9999999999999995e-08,closed,2.0087309090725318,2.0087309090725318,0.88871850323445523,0,-0.0015303861240554299,0.55505608770797465,0.78982057799129035,0,-0.0021802603273834149,0.00093853075930261376,0,-9.0133220142954059e-16
120,54,0,0.78999738303147737,0.00172480345244127,0.00043227649254820642,0.96999999999999997,fraction,-2.3915369938607136,-2.3915368938607138,9.9999999999999995e-08,closed,2.0068856042444931,2.0068856042444931,0.88872036880382821,1.5183065579533334e-18,-0.0015235208860919116,0.55505816136448849,0.7898238939268124,1.1991947977773172e-18,-0.0021704661167006854,0.00093318924659413494,1.5183065579533334e-18,-4.506604246135423e-16
120,55,0,0.78999965320557375,0.0017173298827600312,0.00043040343942783612,0.96999999999999997,fraction,-2.3915369938607136,-2.3915368938607138,9.9999999999999995e-08,closed,2.005019950161556,2.005019950161556,0.88872223584546339,0,-0.0015166489873158651,0.55506023535870685,0.7898272124861595,0,-0.0021606625293911046,0.00092784166586190597,0,-9.0130948823275233e-16
120,56,0,0.79000192337967023,0.0017098543823884599,0.00042852990243085723,0.96999999999999997,fraction,-2.3915369938607136,-2.3915368938607138,9.9999999999999995e-08,closed,2.0031336458655624,2.0031336458655624,0.88872410438138361,0,-0.0015097703176899001,0.55506230971249204,0.78983053370849243,0,-0.0021508494088573723,0.00092248795035154707,0,-4.5064905915646503e-16
117,57,0,0.79000419355376661,0.0016172580793557148,0.00068161480139118159,0.92149999999999999,fraction,-2.3915369938607136,-2.3915368938607138,9.9999999999999995e-08,closed,1.7118659244880952,1.7118659244880952,0.88895009299923944,5.2939559203393771e-23,-0.00067214192018158372,0.55518832866464141,0.79023226784335643,4.1834547927925491e-23,-0.00095681691253037991,9.7224419665975503e-05,5.2939559203393771e-23,-8.9992422537432896e-16
117,58,0,0.79000646372786298,0.0016101526120394546,0.0006786201082402321,0.92149999999999999,fraction,-2.3915369938607136,-2.3915368938607138,9.9999999999999995e-08,closed,1.7010249622598244,1.7010249622598244,0.88895333369802187,1.0958488755102511e-20,-0.00065803450552187647,0.55519158157496751,0.79023802949282662,8.6598145600515073e-21,-0.00093672428272658476,8.7449889439650264e-05,1.0958488755102511e-20,-4.4995227069664024e-16
117,59,0,0.79000873390195947,0.0016030452360306184,0.00067562461064555918,0.92149999999999999,fraction,-2.3915369938607136,-2.3915368938607138,9.9999999999999995e-08,closed,1.6890045119370978,1.6890045119370978,0.88895683987561225,0,-0.00064265808810522965,0.55519500594545113,0.79024426316163487,0,-0.0009148248435928855,7.673937188223956e-05,0,-4.4994162273078813e-16
117,60,0,0.79001100407605584,0.0015959359255833313,0.00067262829775622342,0.92149999999999999,fraction,-2.3915369938607136,-2.3915368938607138,9.9999999999999995e-08,closed,1.6752852745286808,1.6752852745286808,0.88896073327700664,2.6469779601696886e-22,-0.00062543200359393948,0.55519867859331395,0.79025118530839333,2.0917774705092894e-22,-0.00089029178621211871,6.4661061958903865e-05,2.6469779601696886e-22,-4.499297991433461e-16
117,61,0,0.79001327425015233,0.0015888246544825085,0.00066963115852353085,0.92149999999999999,fraction,-2.3915369938607136,-2.3915368938607138,9.9999999999999995e-08,closed,1.6587740536407389,1.6587740536407389,0.88896527133380876,1.1911400820763599e-22,-0.00060512899875333646,0.55520276148714831,0.7902592536375922,9.4130947223948449e-23,-0.00086137761341390905,5.0301243865624734e-05,1.1911400820763599e-22,-8.9983203661254952e-16
117,62,0,0.79001554442424871,0.0015817113960358007,0.00066663318169763776,0.92149999999999999,fraction,-2.3915369938607136,-2.3915368938607138,9.9999999999999995e-08,closed,1.6360657767316025,1.6360657767316025,0.8889712595961895,2.4754207011261906e-19,-0.00057791062717108888,0.55520775996497507,0.7902699003880358,1.9562504708974764e-19,-0.00082261669513337748,3.0798615344385105e-05,2.4754207011261906e-19,-4.4989783434520824e-16
118,57,0,0.79000419355376661,0.0016456310281163413,0.00060993520313032325,0.93766666666666665,fraction,-2.3915369938607136,-2.3915368938607138,9.9999999999999995e-08,closed,1.9193153394009759,1.9193153394009759,0.88885554650573628,4.514283268215475e-17,-0.0010433397776073736,0.55513634788060195,0.79006418255401112,3.566573520119909e-17,-0.0014857037000617992,0.00044351569209033492,4.514283268215475e-17,-4.50249360629843e-16
118,58,0,0.79000646372786298,0.0016384009034787431,0.00060725543624203188,0.93766666666666665,fraction,-2.3915369938607136,-2.3915368938607138,9.9999999999999995e-08,closed,1.9158905867963094,1.9158905867963094,0.8888572905654033,2.1594046199064319e-18,-0.0010365534976446199,0.55513846835035041,0.79006728299126983,1.7060749409282704e-18,-0.001476031427817997,0.00043878151751419736,2.1594046199064319e-18,-4.5024405995060227e-16
118,59,0,0.79000873390195947,0.0016311688366627344,0.00060457494950648253,0.93766666666666665,fraction,-2.3915369938607136,-2.3915368938607138,9.9999999999999995e-08,closed,1.9124205111865273,1.9124205111865273,0.8888590394259438,4.4290823416335331e-16,-0.0010297433096822404,0.55514059280798311,0.79007039196921147,3.4992868217183183e-16,-0.0014663252013373659,0.00043403167292976885,4.4290823416335331e-16,-4.5023874475328555e-16
118,60,0,0.79001100407605584,0.0016239348014707581,0.00060189373321383605,0.93766666666666665,fraction,-2.3915369938607136,-2.3915368938607138,9.9999999999999995e-08,closed,1.9089041493862786,1.9089041493862786,0.88886079319592248,0,-0.0010229086290701142,0.55514272135710563,0.79007350968088452,0,-0.0014565841886394278,0.00042926582321989315,0,-4.5023341470854755e-16
118,61,0,0.79001327425015233,0.0016166987712278157,0.00059921177747729532,0.93766666666666665,fraction,-2.3915369938607136,-2.3915368938607138,9.9999999999999995e-08,closed,1.905340505561911,1.905340505561911,0.88886255198796738,0,-0.0010160488485987959,0.55514485410480607,0.790076636326562,0,-0.0014468075256377931,0.00042448362016256347,0,-4.5022806947471456e-16
118,62,0,0.79001554442424871,0.001609460718773271,0.00059652907223006616,0.93766666666666665,fraction,-2.3915369938607136,-2.3915368938607138,9.9999999999999995e-08,closed,1.9017285494371572,1.9017285494371572,0.88886431591904447,-2.1175823681357508e-22,-0.0010091633370623476,0.55514699116184796,0.79007977211423086,-1.6730589948498074e-22,-0.0014369943140942723,0.00041968470148279202,-2.1175823681357508e-22,-4.5022270869694945e-16
118,63,0,0.79001781459834519,0.0016022206164466807,0.00059384560722010717,0.93766666666666665,fraction,-2.3915369938607136,-2.3915368938607138,9.9999999999999995e-08,closed,1.8980672144643222,1.8980672144643222,0.88886608511070619,2.1175823681357508e-22,-0.0010022514378843982,0.55514913264283916,0.79008291726003321,1.6730656549551036e-22,-0.0014271436196633021,0.00041486868999007775,2.1175823681357508e-22,-4.5021733200649851e-16
118,64,0,0.79002008477244157,0.0015949784360789626,0.00059116137200685478,0.93766666666666665,fraction,-2.3915369938607136,-2.3915368938607138,9.9999999999999995e-08,closed,1.8943553959682062,1.8943553959682062,0.88886785968934212,-2.1175823681357508e-22,-0.00099531246769955003,0.55515127866644143,0.79008607198871195,-1.67307233535293e-22,-0.001417254469872919,0.00041003519276161526,-2.1175823681357508e-22,-4.5021193901993106e-16
118,65,0,0.79002235494653794,0.0015877341489779248,0.00058847635595586092,0.93766666666666665,fraction,-2.3915369938607136,-2.3915368938607138,9.9999999999999995e-08,closed,1.8905919490176084,1.8905919490176084,0.88886963978649347,0,-0.00098834571466636044,0.55515342935559209,0.79008923653417062,0,-0.0014073258517233638,0.00040518380005949428,0,-4.5020652933818338e-16
118,66,0,0.79002462512063443,0.0015804877259169849,0.00058579054823461145,0.93766666666666665,fraction,-2.3915369938607136,-2.3915368938607138,9.9999999999999995e-08,closed,1.8867756862455118,1.8867756862455118,0.88887142553914078,-2.1175823681357508e-22,-0.00098135043685389093,0.55515558483770988,0.7900924111399843,-1.6730857590278932e-22,-0.0013973567093907482,0.00040031408434526572,-2.1175823681357508e-22,-4.5020110254568688e-16
118,67,0,0.7900268952947308,0.0015732391371235358,0.00058310393780821386,0.93766666666666665,fraction,-2.3915369938607136,-2.3915368938607138,9.9999999999999995e-08,closed,1.8829053754244938,1.8829053754244938,0.88887321709006295,0,-0.00097432586028514321,0.55515774524496853,0.79009559606003821,0,-0.0013873459414419948,0.00039542559907368435,0,-9.0039131641855767e-16
118,68,0,0.79002916546882729,0.0015659883522633979,0.00058041651343363539,0.93766666666666665,fraction,-2.3915369938607136,-2.3915368938607138,9.9999999999999995e-08,closed,1.8789797368803289,1.8789797368803289,0.88887501458819851,-2.1175823681357508e-22,-0.00096727117695239958,0.55515991071454818,0.79009879155917007,-1.6730992700910623e-22,-0.0013772923980099739,0.00039051787744381894,-2.1175823681357508e-22,-4.5019019587710455e-16
118,69,0,0.79003143564292366,0.0015587353404302078,0.00057772826365576932,0.93766666666666665,fraction,-2.3915369938607136,-2.3915368938607138,9.9999999999999995e-08,closed,1.8749974406118806,1.8749974406118806,0.88887681818906594,0,-0.00096018554254277189,0.5551620813889232,0.79010199791391778,0,-0.00136719487755595,0.00038559043094066325,0,0
118,70,0,0.79003370581702015,0.0015514800701287358,0.00057503917680125176,0.93766666666666665,fraction,-2.3915369938607136,-2.3915368938607138,9.9999999999999995e-08,closed,1.8709571035484831,1.8709571035484831,0.88887862805513729,0,-0.00095306807430820646,0.55516425741618525,0.79010521541318313,0,-0.001357052123838174,0.00038064274813431886,0,-4.5017921531707011e-16
118,71,0,0.79003597599111652,0.0015442225092634698,0.00057234924097423134,0.93766666666666665,fraction,-2.3915369938607136,-2.3915368938607138,9.9999999999999995e-08,closed,1.8668572859873389,1.8668572859873389,0.88888044435637481,1.9527570622592341e-15,-0.00094591784821689083,0.55516643895036721,0.79010844435918637,1.5428898446730583e-15,-0.0013468628218567791,0.00037567429275575659,1.9527570622592341e-15,-4.501736960806364e-16
118,72,0,0.7900382461652129,0.0015369626251214566,0.00056965844405000826,0.93766666666666665,fraction,-2.3915369938607136,-2.3915368938607138,9.9999999999999995e-08,closed,1.8626964881269816,1.8626964881269816,0.88888226727073616,9.9697577836844065e-17,-0.00093873389618750807,0.55516862615182527,0.79011168506836438,7.877222122190328e-17,-0.0013366255939170869,0.00037068450199440051,9.9697577836844065e-17,0
118,73,0,0.79004051633930938,0.0015297003843582494,0.0005669667736698269,0.93766666666666665,fraction,-2.3915369938607136,-2.3915368938607138,9.9999999999999995e-08,closed,1.858473146420067,1.858473146420067,0.88888409698467141,8.7604382569776013e-19,-0.00093151520327546726,0.5551708191876128,0.79011493787225473,6.9217531291455813e-19,-0.0013263389956248814,0.00036567278482058097,8.7604382569776013e-19,-4.5016259699385445e-16
118,74,0,0.79004278651340576,0.0015224357529834056,0.00056427421723550034,0.93766666666666665,fraction,-2.3915369938607136,-2.3915368938607138,9.9999999999999995e-08,closed,1.8541856291067551,1.8541856291067551,0.88888593369382118,1.0948502236654382e-15,-0.00092426070399201951,0.55517301823193488,0.79011820311873626,8.6506109140668257e-16,-0.0013160015106464607,0.00036063851953116455,1.0948502236654382e-15,-4.5015701598424464e-16
118,75,0,0.79004505668750225,0.0015151686963419603,0.00056158076190254333,0.93766666666666665,fraction,-2.3915369938607136,-2.3915368938607138,9.9999999999999995e-08,closed,1.8498322318516314,1.8498322318516314,0.88888777760363336,2.6469779601696886e-23,-0.00091696927886549375,0.55517522346661285,0.79012148117312631,2.0914341465218949e-23,-0.0013056115458141898,0.00035558105166688669,2.6469779601696886e-23,-4.501514131759594e-16
119,57,0,0.79000419355376661,0.0016740039768769679,0.00052709877453563792,0.95383333333333331,fraction,-2.3915369938607136,-2.3915368938607138,9.9999999999999995e-08,closed,1.9823906054948228,1.9823906054948228,0.8887912039036876,4.2351647362715017e-22,-0.0012744560718251485,0.55510316224153766,0.78994980413656635,3.3455675539037654e-22,-0.0018152047824787066,0.00068232289066927354,4.2351647362715017e-22,-9.0088993294957158e-16
119,58,0,0.79000646372786298,0.0016666491949180319,0.00052478295174723311,0.95383333333333331,fraction,-2.3915369938607136,-2.3915368938607138,9.9999999999999995e-08,closed,1.9798882781871401,1.9798882781871401,0.88879295267055536,9.9757897170600412e-16,-0.0012678767570656951,0.55510519020312077,0.78995291271684409,7.8804041436423215e-16,-0.0018058232206371091,0.00067743583921331396,9.9757897170600412e-16,-4.5043964879518895e-16
119,59,0,0.79000873390195947,0.0016592924372948506,0.00052246650687535839,0.95383333333333331,fraction,-2.3915369938607136,-2.3915368938607138,9.9999999999999995e-08,closed,1.9773572847928507,1.9773572847928507,0.88879470381643577,-2.1175823681357508e-22,-0.0012612860375141885,0.55510721975081212,0.78995602553214583,-1.672796951269467e-22,-0.0017964255114544395,0.00067254046566556092,-2.1175823681357508e-22,-4.5043432395484007e-16
119,60,0,0.79001100407605584,0.0016519336773581849,0.00052014943152888589,0.95383333333333331,fraction,-2.3915369938607136,-2.3915368938607138,9.9999999999999995e-08,closed,1.9747971686177475,1.9747971686177475,0.88879645737764168,0,-0.001254683716805234,0.5551092509273946,0.78995914264704603,0,-0.0017870113755470598,0.00066763666952074363,0,-4.5042899184362058e-16
119,61,0,0.79001327425015233,0.0016445728879731229,0.00051783171716376268,0.95383333333333331,fraction,-2.3915369938607136,-2.3915368938607138,9.9999999999999995e-08,closed,1.9722074631044626,1.9722074631044626,0.88879821339122567,5.9105959059405078e-18,-0.0012480695940476232,0.55511128377666452,0.78996226412743475,4.6691477241991103e-18,-0.0017775805270929641,0.00066272434842684635,5.9105959059405078e-18,-4.5042365234916877e-16
119,62,0,0.79001554442424871,0.0016372100415107411,0.00051551335508038469,0.95383333333333331,fraction,-2.3915369938607136,-2.3915368938607138,9.9999999999999995e-08,closed,1.9695876916180657,1.9695876916180657,0.88879997189497606,0,-0.0012414434637998679,0.55511331834344146,0.78996539004051025,0,-0.0017681326737973141,0.00065780339821885914,0,-9.0083661071378529e-16
119,63,0,0.79001781459834519,0.0016298451098336925,0.00051319433641905908,0.95383333333333331,fraction,-2.3915369938607136,-2.3915368938607138,9.9999999999999995e-08,closed,1.966937367164,1.966937367164,0.88880173292744169,7.365350640652535e-16,-0.0012348051158964019,0.55511535467361606,0.78996852045482335,5.8183951482272687e-16,-0.0017586675166451134,0.00065287371287481299,7.365350640652535e-16,-4.5041295074989474e-16
119,64,0,0.79002008477244157,0.0016224780642872206,0.00051087465215717454,0.95383333333333331,fraction,-2.3915369938607136,-2.3915368938607138,9.9999999999999995e-08,closed,1.9642559919545342,1.9642559919545342,0.88880349652797608,1.9927341586334401e-15,-0.0012281543352300687,0.55511739281414785,0.78997165544035597,1.5742035021482035e-15,-0.001749184749591524,0.00064793518431693897,1.9927341586334401e-15,-4.5040758840883767e-16
119,65,0,0.79002235494653794,0.0016151088756844408,0.00050855429310456724,0.95383333333333331,fraction,-2.3915369938607136,-2.3915368938607138,9.9999999999999995e-08,closed,1.9615430572926993,1.9615430572926993,0.88880526273671956,0,-0.0012214909017283361,0.5551194328131327,0.78997479506848911,0,-0.0017396840595284842,0.00064298770258774951,0,-4.5040221821199861e-16
119,66,0,0.79002462512063443,0.001607737514294864,0.00050623324989990657,0.95383333333333331,fraction,-2.3915369938607136,-2.3915368938607138,9.9999999999999995e-08,closed,1.9587980430981455,1.9587980430981455,0.8888070315946518,5.4589155868171521e-18,-0.0012148145901001244,0.55512147471980078,0.78997793941209637,4.3124228866983886e-18,-0.0017301651259242219,0.00063803115561300583,5.4589155868171521e-18,-4.5039684003511058e-16
119,67,0,0.7900268952947308,0.0016003639498325623,0.00050391151300696938,0.95383333333333331,fraction,-2.3915369938607136,-2.3915368938607138,9.9999999999999995e-08,closed,1.956020417603666,1.956020417603666,0.88880880314360611,0,-0.0012081251696978526,0.55512351858456255,0.78998108854556959,0,-0.0017206276206270944,0.00063306542920316122,0,-4.5039145375131843e-16
119,68,0,0.79002916546882729,0.0015929881514403529,0.00050158907270965989,0.95383333333333331,fraction,-2.3915369938607136,-2.3915368938607138,9.9999999999999995e-08,closed,1.9532096370278826,1.9532096370278826,0.88881057742629388,0,-0.0012014224043603247,0.55512556445903372,0.78998424254486199,0,-0.0017110712076421151,0.00062809040698175167,0,-9.007721184622094e-16
119,69,0,0.79003143564292366,0.0015856100876790046,0.00049926591910861055,0.95383333333333331,fraction,-2.3915369938607136,-2.3915368938607138,9.9999999999999995e-08,closed,1.9503651451502553,1.9503651451502553,0.88881235448633511,2.1175823681357508e-22,-0.0011947060521873593,0.55512761239607167,0.78998740148754265,1.6728633924393987e-22,-0.0017014955428102342,0.00062310597029946457,2.1175823681357508e-22,-9.0076131268439508e-16
119,70,0,0.79003370581702015,0.0015782297265102658,0.00049694204211583892,0.95383333333333331,fraction,-2.3915369938607136,-2.3915368938607138,9.9999999999999995e-08,closed,1.9474863729552707,1.9474863729552707,0.88881413436828605,-2.1175823681357508e-22,-0.0011879758653762502,0.55512966244980932,0.78999056545284563,-1.6728700923965377e-22,-0.0016919002735757257,0.00061811199816130813,-2.1175823681357508e-22,-4.5037524494948608e-16
119,71,0,0.79003597599111652,0.0015708470352852537,0.00049461743145109082,0.95383333333333331,fraction,-2.3915369938607136,-2.3915368938607138,9.9999999999999995e-08,closed,1.9445727382601732,1.9445727382601732,0.88881591711765406,0,-0.0011812315900568383,0.55513171467568889,0.78999373452169652,0,-0.0016822850387516778,0.0006131083672070714,0,-4.5036982491497656e-16
119,72,0,0.7900382461652129,0.0015634619807269989,0.00049229207663634481,0.95383333333333331,fraction,-2.3915369938607136,-2.3915368938607138,9.9999999999999995e-08,closed,1.9416236452626647,1.9416236452626647,0.88881770278093963,1.1066485455877434e-18,-0.0011744729660463612,0.55513376913049906,0.78999690877678674,8.7424893011664425e-19,-0.0016726494681711017,0.00060809495157920779,1.1066485455877434e-18,-4.5036439609766404e-16
119,73,0,0.79004051633930938,0.0015560745289161502,0.00048996596699131046,0.95383333333333331,fraction,-2.3915369938607136,-2.3915368938607138,9.9999999999999995e-08,closed,1.9386384840982778,1.9386384840982778,0.88881949140566874,0,-0.0011676997266292857,0.5551358258724115,0.79000008830263169,0,-0.0016629931823736927,0.00060307162282891014,0,-9.0071791670686894e-16
119,74,0,0.79004278651340576,0.0015486846452762229,0.00048763909162878377,0.95383333333333331,fraction,-2.3915369938607136,-2.3915368938607138,9.9999999999999995e-08,closed,1.9356166304357061,1.9356166304357061,0.88882128304041097,0,-0.0011609115983760476,0.55513788496102312,0.79000327318560237,0,-0.0016533157923481053,0.00059803824989723697,0,-4.5035351153500979e-16
119,75,0,0.79004505668750225,0.0015412922945547529,0.00048531143944871319,0.95383333333333331,fraction,-2.3915369938607136,-2.3915368938607138,9.9999999999999995e-08,closed,1.9325574448944736,1.9325574448944736,0.88882307773483882,3.9369085536755015e-16,-0.0011541083008167119,0.55513994645738707,0.79000646351403137,3.1101832036673229e-16,-0.0016436168990674007,0.00059299469889484424,3.9369085536755015e-16,-9.0069611098353613e-16
120,57,0,0.79000419355376661,0.0017023769256375946,0.00042665587511900906,0.96999999999999997,fraction,-2.3915369938607136,-2.3915368938607138,9.9999999999999995e-08,closed,2.0012263846429228,2.0012263846429228,0.88872597443402723,8.5154276242371905e-16,-0.0015028847648865201,0.55506438444828354,0.78983385763371128,6.7257730498519295e-16,-0.0021410265952438311,0.00091712803228238826,8.5154276242371905e-16,-9.0128673933148288e-16
120,58,0,0.79000646372786298,0.0016948974863573206,0.00042478135093845511,0.96999999999999997,fraction,-2.3915369938607136,-2.3915368938607138,9.9999999999999995e-08,closed,1.999297854082176,1.999297854082176,0.88872784602619925,-4.2351647362715017e-22,-0.0014959922144563921,0.55506645958911205,0.78983718430236771,-3.3450905903533626e-22,-0.0021311939256767171,0.00091176184308661146,-4.2351647362715017e-22,-4.5063767557502713e-16
120,59,0,0.79000873390195947,0.0016874160379269666,0.00042290632321742626,0.96999999999999997,fraction,-2.3915369938607136,-2.3915368938607138,9.9999999999999995e-08,closed,1.9973477357736515,1.9973477357736515,0.88872971918111632,5.7174723939665273e-21,-0.0014890925496190593,0.55506853515860144,0.78984051375574582,4.5158913330348156e-21,-0.0021213512339658693,0.00090638931321018745,5.7174723939665273e-21,-4.5063197681389555e-16
120,60,0,0.79001100407605584,0.0016799325532456117,0.00042103078516379138,0.96999999999999997,fraction,-2.3915369938607136,-2.3915368938607138,9.9999999999999995e-08,closed,1.995375705276702,1.995375705276702,0.88873159392240164,-2.6469779601696886e-23,-0.0014821856512898818,0.55507061118100076,0.78984384603585256,-2.0906992524325626e-23,-0.002111498350643328,0.00090101037218226487,-2.6469779601696886e-23,-4.5062627331068757e-16
120,61,0,0.79001327425015233,0.0016724470047184302,0.00041915472986163535,0.96999999999999997,fraction,-2.3915369938607136,-2.3915368938607138,9.9999999999999995e-08,closed,1.9933814319311021,1.9933814319311021,0.88873347027408922,3.3090527930615399e-16,-0.0014752713980041203,0.55507268768119333,0.78984718118542541,2.6136460209934162e-16,-0.0021016351028553459,0.00089562494860895292,3.3090527930615399e-16,-4.5062056499249883e-16
120,62,0,0.79001554442424871,0.0016649593642482114,0.00041727815026913344,0.96999999999999997,fraction,-2.3915369938607136,-2.3915368938607138,9.9999999999999995e-08,closed,1.9913645786978029,1.9913645786978029,0.88873534826064871,1.0587911840678754e-22,-0.0014683496658238339,0.55507476468470951,0.78985051924797656,8.3628676651119133e-23,-0.0020917613142297752,0.00089023297008061775,1.0587911840678754e-22,0
120,63,0,0.79001781459834519,0.0016574696032207042,0.00041540103921487823,0.96999999999999997,fraction,-2.3915369938607136,-2.3915368938607138,9.9999999999999995e-08,closed,1.9893248020232903,1.9893248020232903,0.88873722790697429,4.2351647362715017e-22,-0.0014614203283465973,0.55507684221773712,0.78985386026777316,3.345161215813991e-22,-0.0020818768048887696,0.00088483436323683051,4.2351647362715017e-22,-4.5060913361299162e-16
120,64,0,0.79002008477244157,0.0016499776924954787,0.00041352338939558956,0.96999999999999997,fraction,-2.3915369938607136,-2.3915368938607138,9.9999999999999995e-08,closed,1.987261751673653,1.987261751673653,0.88873910923840693,7.9226443215954772e-16,-0.0014544832565875172,0.55507892030714945,0.78985720428987705,6.257757694438473e-16,-0.0020719813912807527,0.0008794290537067484,7.9226443215954772e-16,-4.5060341039929451e-16
120,65,0,0.79002235494653794,0.0016424836023909567,0.00041164519337236286,0.96999999999999997,fraction,-2.3915369938607136,-2.3915368938607138,9.9999999999999995e-08,closed,1.9851750706248052,1.9851750706248052,0.88874099228073045,0,-0.0014475383189756436,0.5550809989805271,0.78986055136013733,0,-0.0020620748861755423,0.00087401696615807545,0,-4.5059768206580385e-16
120,66,0,0.79002462512063443,0.0016349873026727431,0.00040976644356774427,0.96999999999999997,fraction,-2.3915369938607136,-2.3915368938607138,9.9999999999999995e-08,closed,1.9830643947810382,1.9830643947810382,0.88874287706019861,2.9087323166949487e-17,-0.0014405853812175717,0.55508307826615022,0.78986390152523933,2.2975026561572202e-17,-0.0020521570984700769,0.00086859802416472398,2.9087323166949487e-17,-4.5059194853288589e-16
120,67,0,0.7900268952947308,0.0016274887625415885,0.0004078871322627144,0.96999999999999997,fraction,-2.3915369938607136,-2.3915368938607138,9.9999999999999995e-08,closed,1.9809293529298342,1.9809293529298342,0.88874476360352239,4.2351647362715017e-22,-0.0014336243063153796,0.55508515819304105,0.78986725483268094,3.3452179440029462e-22,-0.0020422278332142729,0.00086317215032527539,4.2351647362715017e-22,-4.5058620971952128e-16
120,68,0,0.79002916546882729,0.0016199879506173082,0.00040600725159265752,0.96999999999999997,fraction,-2.3915369938607136,-2.3915368938607138,9.9999999999999995e-08,closed,1.978769566494667,1.978769566494667,0.8887466519378977,7.3313348562819864e-16,-0.0014266549544310343,0.55508723879097932,0.7898706113308227,5.7908059448024216e-16,-0.0020322868914179042,0.00085773926616117269,7.3313348562819864e-16,-9.011609310864404e-16
120,69,0,0.79003143564292366,0.0016124848349278011,0.00040412679354460989,0.96999999999999997,fraction,-2.3915369938607136,-2.3915368938607138,9.9999999999999995e-08,closed,1.9765846493256043,1.9765846493256043,0.88874854209101095,0,-0.0014196771828395244,0.55508932009050216,0.78987397106889745,0,-0.0020223340699840279,0.00085229929209085231,0,-4.5057471592000615e-16
120,70,0,0.79003370581702015,0.0016049793828917956,0.00040224574995293506,0.96999999999999997,fraction,-2.3915369938607136,-2.3915368938607138,9.9999999999999995e-08,closed,1.974374207593697,1.974374207593697,0.88875043409103838,7.569509933138055e-18,-0.0014126908458885019,0.55509140212293984,0.78987733409700911,5.9789843264079163e-18,-0.002012369161651744,0.00084685214748503324,7.569509933138055e-18,-4.5056896076441789e-16
120,71,0,0.79003597599111652,0.0015974715613070376,0.00040036411249636385,0.96999999999999997,fraction,-2.3915369938607136,-2.3915368938607138,9.9999999999999995e-08,closed,1.9721378395503308,1.9721378395503308,0.88875232796666548,2.6469779601696886e-23,-0.0014056957948918578,0.55509348492043953,0.78988070046616732,2.0907968052973403e-23,-0.0020023919548446986,0.00084139775061320421,2.6469779601696886e-23,-4.5056319998945045e-16
120,72,0,0.7900382461652129,0.0015899613363325412,0.00039848187269354558,0.96999999999999997,fraction,-2.3915369938607136,-2.3915368938607138,9.9999999999999995e-08,closed,1.969875135302728,1.969875135302728,0.888754223747098,4.6775912204461041e-17,-0.0013986918780620305,0.55509556851596531,0.78988407022830676,3.6947547920701615e-17,-0.0019924022335748317,0.00083593601859555111,4.6775912204461041e-17,0
120,73,0,0.79004051633930938,0.001582448673474051,0.00039659902189940512,0.96999999999999997,fraction,-2.3915369938607136,-2.3915368938607138,9.9999999999999995e-08,closed,1.9675856766790254,1.9675856766790254,0.88875612146206606,-5.2939559203393771e-23,-0.0013916789404397867,0.55509765294334745,0.78988744343629469,-4.1816293075813071e-23,-0.001982399777342585,0.00083046686745413822,-5.2939559203393771e-23,-4.505516612254609e-16
120,74,0,0.79004278651340576,0.0015749335375690402,0.00039471555130138238,0.96999999999999997,fraction,-2.3915369938607136,-2.3915368938607138,9.9999999999999995e-08,closed,1.9652690369293035,1.9652690369293035,0.88875802114184277,6.6337291088351853e-17,-0.0013846568238040232,0.55509973823727055,0.78989082014396428,5.2399217263907136e-17,-0.0019723843610085496,0.00082499021201309919,6.6337291088351853e-17,-9.0109176610890009e-16
120,75,0,0.79004505668750225,0.0015674158927675452,0.00039283145191462969,0.96999999999999997,fraction,-2.3915369938607136,-2.3915368938607138,9.9999999999999995e-08,closed,1.9629247805693626,1.9629247805693626,0.8887599228172498,0,-0.0013776253665907299,0.55510182443332867,0.78989420040612379,0,-0.0019623557546782672,0.000819505965953371,0,-4.505400989000095e-16
118,76,0,0.79004732686159862,0.0015078991791007417,0.00055888639457510087,0.93766666666666665,fraction,-2.3915369938607136,-2.3915368938607138,9.9999999999999995e-08,closed,1.845411172686662,1.845411172686662,0.88888962893011514,0,-0.00090963975035967463,0.55517743508159534,0.79012477241951773,0,-0.0012951674253165381,0.00035049969139799853,0,-4.5014578791361663e-16
118,77,0,0.79004959703569511,0.0015006271652284967,0.00055619110189858206,0.93766666666666665,fraction,-2.3915369938607136,-2.3915368938607138,9.9999999999999995e-08,closed,1.8409205866131786,1.8409205866131786,0.8888914879006341,0,-0.00090227087851130607,0.55517965327552776,0.79012807726220313,0,-0.0012846673844884365,0.00034539371077380032,0,-9.0028027901471653e-16
118,78,0,0.79005186720979148,0.0014933526179811809,0.00055349487025420699,0.93766666666666665,fraction,-2.3915369938607136,-2.3915368938607138,9.9999999999999995e-08,closed,1.8363585196281871,1.8363585196281871,0.88889335475481379,1.4287222358693504e-17,-0.00089486135607144408,0.55518187825636955,0.79013139612726724,1.1288782949055206e-17,-0.0012741095628953046,0.00034026234062034533,1.4287222358693504e-17,-4.5013446723013282e-16
118,79,0,0.79005413738388786,0.0014860754998813725,0.000550797685751378,0.93766666666666665,fraction,-2.3915369938607136,-2.3915368938607138,9.9999999999999995e-08,closed,1.8317229220995863,1.8317229220995863,0.88889522974552249,1.7844146108879214e-15,-0.0008874098031317418,0.55518411024207348,0.79013472946434515,1.4099279558261525e-15,-0.0012634919966838746,0.00033510476711151593,1.7844146108879214e-15,-9.0025754062938755e-16
118,80,0,0.79005640755798434,0.0014787957727006795,0.00054809953422115811,0.93766666666666665,fraction,-2.3915369938607136,-2.3915368938607138,9.9999999999999995e-08,closed,1.8270116416678659,1.8270116416678659,0.88889711313994768,3.3087224502121107e-23,-0.00087991476128890364,0.55518634946134737,0.79013807774853295,2.614347596614013e-23,-0.0012528126102757128,0.00032992012807686599,3.3087224502121107e-23,-4.5012304795033816e-16
118,81,0,0.79005867773208072,0.001471513397441566,0.00054540040120953589,0.93766666666666665,fraction,-2.3915369938607136,-2.3915368938607138,9.9999999999999995e-08,closed,1.8222224152742159,1.8222224152742159,0.88889900522078147,1.0587911840678754e-22,-0.00087237468718373914,0.55518859615445404,0.79014144148249488,8.3659479240834865e-23,-0.0012420692071705237,0.0003247075088722573,1.0587911840678754e-22,-4.5011729927930949e-16
118,82,0,0.7900609479061772,0.0014642283343150151,0.00054270027196914579,0.93766666666666665,fraction,-2.3915369938607136,-2.3915368938607138,9.9999999999999995e-08,closed,1.8173528601856195,1.8173528601856195,0.88890090628761609,5.5339891757234848e-17,-0.00086478794502482467,0.5551908505741594,0.79014482119894525,4.3726528877689316e-17,-0.001231259459303627,0.00031946593752407715,5.5339891757234848e-17,-9.0022304678512212e-16
118,83,0,0.79006321808027358,0.0014569405427229008,0.00053999913145273519,0.93766666666666665,fraction,-2.3915369938607136,-2.3915368938607138,9.9999999999999995e-08,closed,1.8124004645149119,1.8124004645149119,0.88890281665836202,1.3234889800848443e-23,-0.00085715279881609738,0.55519311298673257,0.79014821746316954,1.045752458446188e-23,-0.0012203808959826898,0.00031419437985058529,1.3234889800848443e-23,0
118,84,0,0.79006548825436995,0.0014496499812343743,0.0005372969643044111,0.93766666666666665,fraction,-2.3915369938607136,-2.3915368938607138,9.9999999999999995e-08,closed,1.8073625762113461,1.8073625762113461,0.8889047366709405,0,-0.00084946740325035977,0.55519538367307397,0.79015163087603402,0,-0.0012094308909248318,0.00030889173354287092,0,-4.5009988605261456e-16
118,85,0,0.79006775842846644,0.0014423566075651266,0.00053459375485195577,0.93766666666666665,fraction,-2.3915369938607136,-2.3915368938607138,9.9999999999999995e-08,closed,1.8022363909450585,1.8022363909450585,0.88890666668516027,0,-0.0008417297935788368,0.55519766292999706,0.79015506207732267,0,-0.0011984066478362219,0.00030355682164728837,0,-4.5009402248224693e-16
118,86,0,0.79007002860256281,0.0014350603785559623,0.00053188948709888371,0.93766666666666665,fraction,-2.3915369938607136,-2.3915368938607138,9.9999999999999995e-08,closed,1.7970189388574596,1.7970189388574596,0.88890860708473551,1.0587911840678754e-22,-0.00083393787464839633,0.5551999510716118,0.79015851174932472,8.3661286625637778e-23,-0.0011873051848072832,0.00029818838556494587,1.0587911840678754e-22,-9.001762548999999e-16
118,87,0,0.7900722987766593,0.0014277612501470693,0.00052918414471490567,0.93766666666666665,fraction,-2.3915369938607136,-2.3915368938607138,9.9999999999999995e-08,closed,1.7917070689799652,1.7917070689799652,0.88891055827973864,1.1726594113540471e-16,-0.00082608940777846162,0.55520224843093968,0.79016198062119658,9.2659088306960039e-17,-0.0011761233156318033,0.00029278507644692198,1.1726594113540471e-16,-4.5008219971152629e-16
118,88,0,0.79007456895075567,0.0014204591773568887,0.00052647771102809721,0.93766666666666665,fraction,-2.3915369938607136,-2.3915368938607138,9.9999999999999995e-08,closed,1.786297432661621,1.786297432661621,0.88891252070914983,2.1175823681357508e-22,-0.00081818199691504505,0.55520455536168156,0.79016546947349475,1.6732404660667804e-22,-0.0011648576300980658,0.00028734544637654125,2.1175823681357508e-22,-9.0015247586948643e-16
118,89,0,0.79007683912485216,0.001413154114254487,0.00052377016901465861,0.93766666666666665,fraction,-2.3915369938607136,-2.3915368938607138,9.9999999999999995e-08,closed,1.7807864641629312,1.7807864641629312,0.88891449484389551,2.4002298510962224e-16,-0.00081021307229281058,0.55520687224022458,0.79016897914357798,1.8965871711506442e-16,-0.0011535044707319366,0.00028186793772133623,2.4002298510962224e-16,-9.0014048138122127e-16
118,90,0,0.79007910929894853,0.0014058460139368247,0.00052106150129048933,0.93766666666666665,fraction,-2.3915369938607136,-2.3915368938607138,9.9999999999999995e-08,closed,1.775170358898053,1.775170358898053,0.88891648119027966,0,-0.00080217987201197053,0.55520919946795577,0.79017251053170878,0,-0.0011420599065717881,0.0002763508711720597,0,-9.0012841288543072e-16
118,91,0,0.79008137947304491,0.0013985348284998186,0.00051835169010046333,0.93766666666666665,fraction,-2.3915369938607136,-2.3915368938607138,9.9999999999999995e-08,closed,1.7694450488064117,1.7694450488064117,0.88891848029384168,0,-0.00079407942123070662,0.55521153747383556,0.79017606460791301,0,-0.0011305197035493307,0.00027079243225625049,0,-4.5005813353556108e-16
118,92,0,0.7900836496471414,0.0013912205090120971,0.00051564071730870087,0.93766666666666665,fraction,-2.3915369938607136,-2.3915368938607138,9.9999999999999995e-08,closed,1.7636061740028215,1.7636061740028215,0.88892049274385621,1.4452182025171279e-16,-0.00078590850805418529,0.55521388671738414,0.79017964241998007,1.1419820024838305e-16,-0.0011188792901676336,0.00026519065558860966,1.4452182025171279e-16,-4.5005202018091205e-16
118,93,0,0.79008591982123777,0.0013839030054878343,0.0005129285643885004,0.93766666666666665,fraction,-2.3915369938607136,-2.3915368938607138,9.9999999999999995e-08,closed,1.757649050802971,1.757649050802971,0.88892251917839082,1.0587911840678754e-22,-0.00077766365630677287,0.55521624769206701,0.79018324510245663,8.3663905371262628e-23,-0.0011071337187428052,0.00025954340720502067,1.0587911840678754e-22,-4.5004586444243887e-16
118,94,0,0.79008818999533426,0.0013765822668550596,0.00051021521241059297,0.93766666666666665,fraction,-2.3915369938607136,-2.3915368938607138,9.9999999999999995e-08,closed,1.7515686342341328,1.7515686342341328,0.88892456029029188,0,-0.00076934109348244021,0.55521862092924334,0.79018687388728881,0,-0.0010952776197811075,0.00025384836357655871,0,-4.5003966421755211e-16
119,76,0,0.79004732686159862,0.0015338974408093751,0.00048298299913381585,0.95383333333333331,fraction,-2.3915369938607136,-2.3915368938607138,9.9999999999999995e-08,closed,1.929460272725771,1.929460272725771,0.88882487553972411,3.1504945780826393e-16,-0.001147289546338616,0.55514201042407096,0.79000965937820611,2.4889211485039509e-16,-0.0016338960933438566,0.00058794083320123924,3.1504945780826393e-16,-4.503425900697545e-16
119,77,0,0.79004959703569511,0.0015265000473876089,0.00048065375914321237,0.95383333333333331,fraction,-2.3915369938607136,-2.3915368938607138,9.9999999999999995e-08,closed,1.9263244431067263,1.9263244431067263,0.88882667650701686,2.1175823681357508e-22,-0.0011404550397638017,0.5551440769251843,0.79001286087050915,1.6729173047798722e-22,-0.0016241529552273122,0.000582876513152919,2.1175823681357508e-22,-4.5033711511144205e-16
119,78,0,0.79005186720979148,0.0015191000769118909,0.00047832370770771481,0.95383333333333331,fraction,-2.3915369938607136,-2.3915368938607138,9.9999999999999995e-08,closed,1.9231492687262086,1.9231492687262086,0.88882848068985387,0,-0.001133604478199958,0.55514614602642776,0.7900160680854339,0,-0.0016143870537934488,0.00057780159607490056,0,0
119,79,0,0.79005413738388786,0.0015116974912586377,0.00047599283282323318,0.95383333333333331,fraction,-2.3915369938607136,-2.3915368938607138,9.9999999999999995e-08,closed,1.9199340451605422,1.9199340451605422,0.888830288142616,5.9749492341081532e-17,-0.0011267375506756557,0.55514821779514856,0.79001928111968578,4.7203250986567403e-17,-0.0016045979466246297,0.00057271593610608296,5.9749492341081532e-17,0
119,80,0,0.79005640755798434,0.0015042922515403465,0.00047366112224514007,0.95383333333333331,fraction,-2.3915369938607136,-2.3915368938607138,9.9999999999999995e-08,closed,1.9166780503435874,1.9166780503435874,0.88883209892095361,4.6851509895003488e-16,-0.0011198539379196032,0.55515029230038115,0.79002250007222785,3.7013746979409374e-16,-0.0015947851794960472,0.00056761938414295887,4.6851509895003488e-16,-4.5032063138852336e-16
119,81,0,0.79005867773208072,0.0014968843180871102,0.00047132856348245007,0.95383333333333331,fraction,-2.3915369938607136,-2.3915368938607138,9.9999999999999995e-08,closed,1.9133805438355085,1.9133805438355085,0.88883391308186144,0,-0.0011129533119210067,0.55515236961289882,0.79002572504441404,0,-0.0015849482857498978,0.00056251178758059961,0,-4.503151166355095e-16
119,82,0,0.7900609479061772,0.0014894736504238947,0.00046899514379066464,0.95383333333333331,fraction,-2.3915369938607136,-2.3915368938607138,9.9999999999999995e-08,closed,1.9100407663078596,1.9100407663078596,0.88883573068368715,2.6469779601696886e-23,-0.0011060353357456411,0.55515444980526563,0.79002895614000401,2.0911892347984562e-23,-0.0015750867860341098,0.00055739299034884837,2.6469779601696886e-23,-4.5030959150168212e-16
119,83,0,0.79006321808027358,0.001482060207252606,0.00046666085016612623,0.95383333333333331,fraction,-2.3915369938607136,-2.3915368938607138,9.9999999999999995e-08,closed,1.9066579387781935,1.9066579387781935,0.88883755178620871,1.4562383129191432e-15,-0.0010990996630843377,0.55515653295189393,0.79003219346530129,1.1504751485637206e-15,-0.0015652001876596629,0.00055226283264930842,1.4562383129191432e-15,-4.5030405580578039e-16
119,84,0,0.79006548825436995,0.0014746439464280703,0.00046432566933845442,0.95383333333333331,fraction,-2.3915369938607136,-2.3915368938607138,9.9999999999999995e-08,closed,1.9032312619245206,1.9032312619245206,0.8888393764506799,1.0587911840678754e-22,-0.0010921459379017991,0.55515861912910658,0.79003543712923341,8.3648255593364259e-23,-0.0015552879841009902,0.00054712115084287749,1.0587911840678754e-22,-4.50298509362069e-16
119,85,0,0.79006775842846644,0.0014672248249369391,0.00046198958776390411,0.95383333333333331,fraction,-2.3915369938607136,-2.3915368938607138,9.9999999999999995e-08,closed,1.8997599153473343,1.8997599153473343,0.88884120473987382,1.0254684844064176e-15,-0.0010851737940930737,0.55516070841518328,0.79003868724343029,8.1015977522995628e-16,-0.0015453496545073445,0.00054196777732085089,1.0254684844064176e-15,-9.0058590396041036e-16
119,86,0,0.79007002860256281,0.0014598027988758926,0.00045965259161850208,0.95383333333333331,fraction,-2.3915369938607136,-2.3915368938607138,9.9999999999999995e-08,closed,1.8962430567054951,1.8962430567054951,0.88884303671817089,-2.1175823681357508e-22,-0.0010781828549609814,0.5551628008904318,0.7900419439223797,-1.6729788905377249e-22,-0.0015353846629589741,0.00053680254021637452,-2.1175823681357508e-22,-9.0057476692994691e-16
119,87,0,0.7900722987766593,0.0014523778234254673,0.0004573146667898061,0.95383333333333331,fraction,-2.3915369938607136,-2.3915368938607138,9.9999999999999995e-08,closed,1.892679821064664,1.892679821064664,0.88884487245157262,6.6174449004242214e-24,-0.0010711727329709715,0.5551648966372531,0.7900452072834524,5.228080628042479e-24,-0.0015253924581188263,0.00053162526343508709,6.6174449004242214e-24,-9.0056360723248556e-16
119,88,0,0.79007456895075567,0.0014449498528285591,0.00045497579887013648,0.95383333333333331,fraction,-2.3915369938607136,-2.3915368938607138,9.9999999999999995e-08,closed,1.8890693198393629,1.8890693198393629,0.88884671200781151,0,-0.0010641430291004994,0.55516699574020734,0.79004847744709739,0,-0.0015153724723063514,0.00052643576626099087,0,-9.0055242445726643e-16
119,89,0,0.79007683912485216,0.001437518840362323,0.00045263597314772717,0.95383333333333331,fraction,-2.3915369938607136,-2.3915368938607138,9.9999999999999995e-08,closed,1.8854106399746893,1.8854106399746893,0.88884855545640018,1.4436968254647408e-15,-0.0010570933324482554,0.55516909828608429,0.79005175453692933,1.1405952099778134e-15,-0.0015053241209417225,0.00052123386323743581,1.4436968254647408e-15,-4.5027060909136724e-16
119,90,0,0.79007910929894853,0.0014300847383150457,0.00045029517459944468,0.95383333333333331,fraction,-2.3915369938607136,-2.3915368938607138,9.9999999999999995e-08,closed,1.8817028429857869,1.8817028429857869,0.88885040286870287,2.7679448529494433e-17,-0.0010500232197183854,0.55517120436398326,0.79005503867985538,2.186828777860679e-17,-0.0014952468018119638,0.00051601936396439285,2.7679448529494433e-17,0
119,91,0,0.79008137947304491,0.0014226474979567121,0.00044795338788151934,0.95383333333333331,fraction,-2.3915369938607136,-2.3915368938607138,9.9999999999999995e-08,closed,1.8779449639741419,1.8779449639741419,0.88885225431800263,1.9682928111821804e-18,-0.0010429322547114671,0.55517331406538273,0.79005833000619519,1.5550661313657927e-18,-0.0014851398943467782,0.0005107920728975035,1.9682928111821804e-18,0
119,92,0,0.7900836496471414,0.0014152070695123056,0.00044561059732113888,0.95383333333333331,fraction,-2.3915369938607136,-2.3915368938607138,9.9999999999999995e-08,closed,1.874136010392859,1.874136010392859,0.88885410987962132,3.2944393571390351e-16,-0.0010358199876047175,0.55517542748422288,0.79006162864989393,2.6028101239895754e-16,-0.0014750027585940179,0.00050555178893263442,3.2944393571390351e-16,-9.0050745397651133e-16
119,93,0,0.79008591982123777,0.0014077634021341762,0.00044326678690774745,0.95383333333333331,fraction,-2.3915369938607136,-2.3915368938607138,9.9999999999999995e-08,closed,1.8702749611538445,1.8702749611538445,0.88885596963095947,0,-0.0010286859545197773,0.55517754471700409,0.79006493474859318,0,-0.0014648347346051395,0.00050029830536935105,0,-9.0049614925736836e-16
119,94,0,0.79008818999533426,0.001400316443869802,0.00044092194028289494,0.95383333333333331,fraction,-2.3915369938607136,-2.3915368938607138,9.9999999999999995e-08,closed,1.8663607653232346,1.8663607653232346,0.88885783365160376,0,-0.0010215296768187145,0.55517966586286216,0.79006824844382206,0,-0.0014546351414333552,0.00049503140953943703,0,-4.5024240937644051e-16
120,76,0,0.79004732686159862,0.0015598957025180086,0.00039094671457846322,0.96999999999999997,fraction,-2.3915369938607136,-2.3915368938607138,9.9999999999999995e-08,closed,1.9605524631285465,1.9605524631285465,0.88876182651966562,3.0644593240476518e-17,-0.0013705844038399586,0.55510391156801453,0.78989758427857226,2.4206090171851867e-17,-0.0019523137236269084,0.00081401404175940328,3.0644593240476518e-17,-4.5053430866697117e-16
120,77,0,0.79004959703569511,0.0015523729295467208,0.00038906132995121078,0.96999999999999997,fraction,-2.3915369938607136,-2.3915368938607138,9.9999999999999995e-08,closed,1.9581516309450198,1.9581516309450198,0.88876373228104211,0,-0.0013635337670741942,0.55510599967877994,0.78990097181812791,0,-0.001942258028126194,0.00080851435073248101,0,-4.5052851225843e-16
120,78,0,0.79005186720979148,0.001544847535842601,0.00038717528850639745,0.96999999999999997,fraction,-2.3915369938607136,-2.3915368938607138,9.9999999999999995e-08,closed,1.9557218208580631,1.9557218208580631,0.88876564013392256,1.408827549520715e-18,-0.0013564732841917849,0.55510808880402429,0.7899043630826611,1.1128390281974665e-18,-0.0019321884232927631,0.00080300680289346893,1.408827549520715e-18,-4.5052270957568738e-16
120,79,0,0.79005413738388786,0.0015373194826359027,0.00038528858052740898,0.96999999999999997,fraction,-2.3915369938607136,-2.3915368938607138,9.9999999999999995e-08,closed,1.9532625600078888,1.9532625600078888,0.88876755011144126,9.9261673506363321e-24,-0.0013494027794175663,0.55511017898313486,0.78990775813109326,7.8407565987751983e-24,-0.0019221046590181454,0.0007974913070422085,9.9261673506363321e-24,-9.0103380103650749e-16
120,80,0,0.79005640755798434,0.0015297887303800132,0.00038340119610292991,0.96999999999999997,fraction,-2.3915369938607136,-2.3915368938607138,9.9999999999999995e-08,closed,1.950773365607509,1.950773365607509,0.88876946224733344,8.4639767254385961e-19,-0.0013423220732250156,0.55511227025651355,0.7899111570234143,6.685789648210451e-19,-0.0019120064798581152,0.00079196777075174474,8.4639767254385961e-19,-9.0102216996763678e-16
120,81,0,0.79005867773208072,0.0015222552387326547,0.00038151312512223234,0.96999999999999997,fraction,-2.3915369938607136,-2.3915368938607138,9.9999999999999995e-08,closed,1.9482537446057882,1.9482537446057882,0.88877137657596839,0,-0.0013352309821458737,0.55511436266560688,0.78991455982074177,0,-0.0019018936247616146,0.00078643610026374322,0,-4.5050526286814873e-16
120,82,0,0.7900609479061772,0.0015147189665327741,0.00037962435726938401,0.96999999999999997,fraction,-2.3915369938607136,-2.3915368938607138,9.9999999999999995e-08,closed,1.9457031934318123,1.9457031934318123,0.88877329313234354,2.1211187306905376e-16,-0.0013281293187587498,0.55511645625290673,0.78991796658531066,1.6755097946330847e-16,-0.0018917658270548845,0.00078089620051491337,2.1211187306905376e-16,-4.5049943406510805e-16
120,83,0,0.79006321808027358,0.0015071798717823113,0.00037773488201867876,0.96999999999999997,fraction,-2.3915369938607136,-2.3915368938607138,9.9999999999999995e-08,closed,1.9431211977588672,1.9431211977588672,0.88877521195210296,0,-0.0013210168915399434,0.55511855106201391,0.7899213773805055,0,-0.0018816228142291887,0.00077534797514688947,0,-4.5049359846660053e-16
120,84,0,0.79006548825436995,0.0014996379116217664,0.00037584468862851355,0.96999999999999997,fraction,-2.3915369938607136,-2.3915368938607138,9.9999999999999995e-08,closed,1.9405072321465191,1.9405072321465191,0.88877713307155204,1.0587911840678754e-22,-0.0013138935047776166,0.55512064713763243,0.7899247922708873,8.3636540613306329e-23,-0.0018714643078188091,0.00076979132643095749,1.0587911840678754e-22,-4.5048775596252554e-16
120,85,0,0.79006775842846644,0.0014920930423087517,0.00037395376613601254,0.96999999999999997,fraction,-2.3915369938607136,-2.3915368938607138,9.9999999999999995e-08,closed,1.9378607597719453,1.9378607597719453,0.88877905652766953,8.4381168095589223e-16,-0.0013067589584383004,0.55512274452561849,0.78992821132221436,6.6655065183027892e-16,-0.0018612900232111752,0.00076422615528615179,8.4381168095589223e-16,-4.5048190644074186e-16
120,86,0,0.79007002860256281,0.001484545219195823,0.00037206210335147147,0.96999999999999997,fraction,-2.3915369938607136,-2.3915368938607138,9.9999999999999995e-08,closed,1.9351812321338395,1.9351812321338395,0.88878098235812153,0,-0.0012996130480776471,0.55512484327301048,0.78993163460146754,0,-0.0018510996695200101,0.00075865236125793878,0,-4.504760497870251e-16
120,87,0,0.7900722987766593,0.001476994396703865,0.00037016968885168728,0.96999999999999997,fraction,-2.3915369938607136,-2.3915368938607138,9.9999999999999995e-08,closed,1.9324680886415675,1.9324680886415675,0.88878291060128234,1.8211208365967457e-20,-0.0012924555646752892,0.55512694342803826,0.78993506217688703,1.4385672012886748e-20,-0.0018408929493503559,0.00075306984244039032,1.8211208365967457e-20,-4.5047018588500497e-16
120,88,0,0.79007456895075567,0.0014694405283002298,0.00036827651097447905,0.96999999999999997,fraction,-2.3915369938607136,-2.3915368938607138,9.9999999999999995e-08,closed,1.9297207563630658,1.9297207563630658,0.88878484129624324,-4.2351647362715017e-22,-0.0012852862945564891,0.55512904504017224,0.78993849411798833,-3.3455196541119172e-22,-0.001830669558687294,0.00074747849550538259,-4.2351647362715017e-22,-4.5046431461613766e-16
120,89,0,0.79007683912485216,0.001461883566470159,0.00036638255781152592,0.96999999999999997,fraction,-2.3915369938607136,-2.3915368938607138,9.9999999999999995e-08,closed,1.9269386496598591,1.9269386496598591,0.88878677448282184,9.5021183050435958e-16,-0.0012781050192589836,0.55513114816015241,0.78994193049557837,7.5061216776835114e-16,-0.0018204291867066243,0.00074187821570426138,9.5021183050435958e-16,-4.5045843585967893e-16
120,90,0,0.79007910929894853,0.0014543234626932667,0.00036448781720247283,0.96999999999999997,fraction,-2.3915369938607136,-2.3915368938607138,9.9999999999999995e-08,closed,1.9241211698095964,1.9241211698095964,0.88878871020158989,1.4530253051919708e-15,-0.0012709115153825858,0.55513325284002046,0.78994537138180576,1.1478106143370331e-15,-0.0018101715155608711,0.00073626889678735097,1.4530253051919708e-15,0
120,91,0,0.79008137947304491,0.0014467601674136054,0.00036259227672742864,0.96999999999999997,fraction,-2.3915369938607136,-2.3915368938607138,9.9999999999999995e-08,closed,1.9212677045897459,1.9212677045897459,0.888790648493892,-2.6469779601696886e-23,-0.0012637055544198292,0.55513535913314471,0.78994881685019314,-2.0909771078645831e-23,-0.0017998962201383698,0.00073065043095910109,-2.6469779601696886e-23,-4.5044665538952419e-16
120,92,0,0.7900836496471414,0.0014391936300125142,0.00036069592370016108,0.96999999999999997,fraction,-2.3915369938607136,-2.3915368938607138,9.9999999999999995e-08,closed,1.918377627981195,1.918377627981195,0.88879258940183736,2.0061975355718104e-18,-0.001256486902719154,0.55513746709425849,0.78995226697562304,1.5848002912258596e-18,-0.0017896029680113108,0.00072502270896734888,2.0061975355718104e-18,-4.5044075342276732e-16
120,93,0,0.79008591982123777,0.0014316237987805182,0.00035879874516105413,0.96999999999999997,fraction,-2.3915369938607136,-2.3915368938607138,9.9999999999999995e-08,closed,1.9154502996665859,1.9154502996665859,0.88879453296834987,-4.2351647362715017e-22,-0.0012492553212029168,0.55513957677950387,0.78995572183442719,-3.3455926163290656e-22,-0.0017792914190342217,0.00071938561994355776,-4.2351647362715017e-22,-4.5043484346216972e-16
120,94,0,0.79008818999533426,0.0014240506208845446,0.00035690072786889168,0.96999999999999997,fraction,-2.3915369938607136,-2.3915368938607138,9.9999999999999995e-08,closed,1.912485064723042,1.912485064723042,0.88879647923715388,-5.2939559203393771e-23,-0.0012420105653481873,0.55514168824645516,0.78995918150436051,-4.1820090857514579e-23,-0.0017689612253171604,0.00071373905149973993,-5.2939559203393771e-23,-4.5042892537514783e-16
118,95,0,0.79009046016943063,0.0013692582409283378,0.00050750064203301554,0.93766666666666665,fraction,-2.3915369938607136,-2.3915368938607138,9.9999999999999995e-08,closed,1.7453594753240473,1.7453594753240473,0.88892661683400087,4.0234064994579266e-18,-0.00076093671415200439,0.5552210070026945,0.79019053011594265,3.179257714678588e-18,-0.0010833051498892765,0.0002481029877544616,4.0234064994579266e-18,-4.500334172167106e-16
118,96,0,0.79009273034352712,0.0013619308743746904,0.00050478483348848112,0.93766666666666665,fraction,-2.3915369938607136,-2.3915368938607138,9.9999999999999995e-08,closed,1.739015671042796,1.739015671042796,0.88892868963359561,1.0194848319087764e-15,-0.00075244603695360048,0.5552234065339029,0.79019421525370137,8.0559101671320725e-16,-0.0010712099305500173,0.00024230450113904567,1.0194848319087764e-15,-4.5002712093901502e-16
118,97,0,0.79009500051762349,0.0013546001126841717,0.00050206776657347259,0.93766666666666665,fraction,-2.3915369938607136,-2.3915368938607138,9.9999999999999995e-08,closed,1.7325308062376894,1.7325308062376894,0.88893077959212008,0,-0.00074386415456864424,0.55522582019823152,0.79019793090625434,0,-0.0010589849769124834,0.00023644985080373271,0,-4.5002077264388786e-16
118,98,0,0.79009727069171987,0.0013472659001339561,0.00049934942063493189,0.93766666666666665,fraction,-2.3915369938607136,-2.3915368938607138,9.9999999999999995e-08,closed,1.7258978848133821,1.7258978848133821,0.88893288770272694,0,-0.00073518567422488563,0.55522824873220766,0.79020167883950898,0,-0.0010466226130972022,0.00023053567033159972,0,-4.5001436931725192e-16
118,99,0,0.79009954086581635,0.0013399281797548362,0.00049662977455784316,0.93766666666666665,fraction,-2.3915369938607136,-2.3915368938607138,9.9999999999999995e-08,closed,1.7191092491227362,1.7191092491227362,0.88893501506171402,1.0587911840678754e-22,-0.00072640464792948626,0.55523069294209426,0.79020546100276978,8.3666257571202398e-23,-0.0010341143728819621,0.00022455823406652975,1.0587911840678754e-22,-9.0001581526392204e-16
118,100,0,0.79010181103991273,0.0013325868932965144,0.00049390880675236862,0.93766666666666665,fraction,-2.3915369938607136,-2.3915368938607138,9.9999999999999995e-08,closed,1.7121564835835152,1.7121564835835152,0.88893716288420899,1.0587911840678754e-22,-0.00071751448871870997,0.55523315371415238,0.79020927955662668,8.3666661876318354e-23,-0.0010214508804813676,0.00021851340200018665,1.0587911840678754e-22,-4.5000138390019011e-16
118,101,0,0.79010408121400921,0.0013252419811880412,0.00049118649513918541,0.93766666666666665,fraction,-2.3915369938607136,-2.3915368938607138,9.9999999999999995e-08,closed,1.7050302990160604,1.7050302990160604,0.88893933252304402,-1.0587911840678754e-22,-0.00070850786995900711,0.55523563202693893,0.79021313690651507,-8.3667070289123924e-23,-0.0010086217071992717,0.00021239655337368379,-1.0587911840678754e-22,-8.9998958803228718e-16
118,102,0,0.79010635138810559,0.001317893382502317,0.00048846281713632773,0.93766666666666665,fraction,-2.3915369938607136,-2.3915368938607138,9.9999999999999995e-08,closed,1.6977203936072875,1.6977203936072875,0.8889415254914862,0,-0.00069937660402258264,0.55523812896614277,0.79021703574313062,0,-0.00099561519872034621,0.00020620250675740248,0,-4.4998813338706027e-16
118,103,0,0.79010862156220207,0.0013105410349134755,0.00048573774964339291,0.93766666666666665,fraction,-2.3915369938607136,-2.3915368938607138,9.9999999999999995e-08,closed,1.6902152828348385,1.6902152828348385,0.88894374349116745,1.5401917717280163e-17,-0.00069011149345388234,0.55524064574272902,0.79022097909209055,1.2170918498444947e-17,-0.000982418263240662,0.00019992542172175831,1.5401917717280163e-17,-4.4998139684843423e-16
118,104,0,0.79011089173629845,0.001303184874658583,0.0004830112690273445,0.93766666666666665,fraction,-2.3915369938607136,-2.3915368938607138,9.9999999999999995e-08,closed,1.6825020905460888,1.6825020905460888,0.88894598844648987,-2.6469779601696886e-23,-0.00068070214770225021,0.55524318371526415,0.79022497037510686,-2.0917080801586529e-23,-0.00096901611058011349,0.00019355867767878454,-2.6469779601696886e-23,-8.9994915711916232e-16
118,105,0,0.79011316191039482,0.0012958248364924531,0.00048028335110576531,0.93766666666666665,fraction,-2.3915369938607136,-2.3915368938607138,9.9999999999999995e-08,closed,1.6745662899521765,1.6745662899521765,0.88894826254737425,0,-0.00067113675547204703,0.55524574441761954,0.79022901348599539,0,-0.0009553919281143228,0.00018709472328970467,0,-4.4996767187387786e-16
118,106,0,0.79011543208449131,0.0012884608536444932,0.00047755397113086298,0.93766666666666665,fraction,-2.3915369938607136,-2.3915368938607138,9.9999999999999995e-08,closed,1.6663913775073453,1.6663913775073453,0.88895056830328878,1.3658406274475593e-20,-0.00066140179731428463,0.55524832959386738,0.79023311288674014,1.0793324907350631e-20,-0.00094152647163653303,0.0001805248859705344,1.3658406274475593e-20,-8.9992133834952509e-16
118,107,0,0.79011770225858768,0.0012810928577739291,0.00047482310377287449,0.93766666666666665,fraction,-2.3915369938607136,-2.3915368938607138,9.9999999999999995e-08,closed,1.6579584588175156,1.6579584588175156,0.88895290861201504,2.1175823681357508e-22,-0.00065148167993130113,0.55525094124267016,0.7902372737297616,1.6733925174938081e-22,-0.00092739754477391104,0.00017383912939938906,2.1175823681357508e-22,-4.4995356166699966e-16
118,108,0,0.79011997243268417,0.0012737207789197268,0.00047209072310150526,0.93766666666666665,fraction,-2.3915369938607136,-2.3915368938607138,9.9999999999999995e-08,closed,1.6492457143465444,1.6492457143465444,0.88895528684864611,1.7592609087280209e-15,-0.00064135826321176268,0.55525358167458105,0.79024150201615873,1.3902409829515435e-15,-0.00091297932569882063,0.0001670257394661423,1.7592609087280209e-15,-4.4994633910653093e-16
118,109,0,0.79012224260678054,0.0012663445454541465,0.00046935680256871405,0.93766666666666665,fraction,-2.3915369938607136,-2.3915368938607138,9.9999999999999995e-08,closed,1.6402276995685456,1.6402276995685456,0.88895770698248489,1.1271658011526107e-16,-0.000631010239378244,0.55525625358717889,0.79024580480355744,8.9073804567889141e-17,-0.00089824148331303199,0.00016007091158820597,1.1271658011526107e-16,-4.4993898944563476e-16
118,110,0,0.79012451278087692,0.0012589640840290318,0.00046662131498880654,0.93766666666666665,fraction,-2.3915369938607136,-2.3915368938607138,9.9999999999999995e-08,closed,1.6308744126836101,1.6308744126836101,0.88896017373315273,5.2939559203393771e-23,-0.00062041230420111827,0.55525896016522891,0.79025019048367706,4.1835496744603827e-23,-0.00088314799742508429,0.00015295819935101651,5.2939559203393771e-23,0
118,111,0,0.79012678295497341,0.0012515793195237712,0.00046388423251914653,0.93766666666666665,fraction,-2.3915369938607136,-2.3915368938607138,9.9999999999999995e-08,closed,1.6211500259608387,1.6211500259608387,0.88896269278366857,-5.2939559203393771e-23,-0.00060953402659810827,0.55526170521712903,0.79025466916119114,-4.1835733843817236e-23,-0.00086765554955861731,0.00014566776155522376,-5.2939559203393771e-23,-4.4992384859724835e-16
118,112,0,0.79012905312906978,0.001244190174991234,0.00046114552664011904,0.93766666666666665,fraction,-2.3915369938607136,-2.3915368938607138,9.9999999999999995e-08,closed,1.6110111212533789,1.6110111212533789,0.88896527107750833,2.6020481562737683e-17,-0.00059833827330438218,0.55526449336480321,0.79025925318190793,2.0562926327202685e-17,-0.00085171128037279822,0.00013817531203497158,2.6020481562737683e-17,-4.4991601908457499e-16
118,113,0,0.79013132330316627,0.001236796571597981,0.00045840516813296886,0.93766666666666665,fraction,-2.3915369938607136,-2.3915368938607138,9.9999999999999995e-08,closed,1.6004041672333948,1.6004041672333948,0.88896791724449109,1.3234889800848443e-23,-0.00058677895172237662,0.55526733031542685,0.79026395789000836,1.0459056396256595e-23,-0.00083524957646137748,0.00013045061330141383,1.3234889800848443e-23,-4.4990798362661132e-16
119,95,0,0.79009046016943063,0.0013928661416339988,0.0004385760407314862,0.95383333333333331,fraction,-2.3915369938607136,-2.3915368938607138,9.9999999999999995e-08,closed,1.8623923407653005,1.8623923407653005,0.88885970202345121,0,-0.0010143506602900405,0.55518179102366938,0.79007156988121852,0,-0.0014444032759751539,0.00048975088239844311,0,0
119,96,0,0.79009273034352712,0.001385412441174254,0.00043622907117086613,0.95383333333333331,fraction,-2.3915369938607136,-2.3915368938607138,9.9999999999999995e-08,closed,1.8583685729538815,1.8583685729538815,0.88886157483078165,-2.1175823681357508e-22,-0.0010071483945772407,0.55518392030412889,0.79007489921065721,-1.6730486760751182e-22,-0.0014341384121574893,0.00048445649833916971,-2.1175823681357508e-22,-4.5023103919338532e-16
119,97,0,0.79009500051762349,0.0013779552870407954,0.00043388101414139455,0.95383333333333331,fraction,-2.3915369938607136,-2.3915368938607138,9.9999999999999995e-08,closed,1.8542883135281287,1.8542883135281287,0.88886345216037821,-4.2351647362715017e-22,-0.00099992235232186492,0.55518605381189823,0.79007823658646492,-3.3461114864865688e-22,-0.0014238397997183381,0.00047914802483040031,-4.2351647362715017e-22,0
119,98,0,0.79009727069171987,0.0013704946225500589,0.00043153185179494347,0.95383333333333331,fraction,-2.3915369938607136,-2.3915368938607138,9.9999999999999995e-08,closed,1.8501503787547398,1.8501503787547398,0.88886533410164648,0,-0.00099267198835276084,0.55518819165767153,0.79008158216763158,0,-0.0014135066630530583,0.00047382522200467569,0,-4.502196143635424e-16
119,99,0,0.79009954086581635,0.0013630303897506093,0.00042918156588416651,0.95383333333333331,fraction,-2.3915369938607136,-2.3915368938607138,9.9999999999999995e-08,closed,1.8459535479586249,1.8459535479586249,0.88886722074675051,0,-0.00098539673874575655,0.55519033395533157,0.79008493611805253,0,-0.001403138199876278,0.00046848784227027096,0,-4.5021388077293968e-16
119,100,0,0.79010181103991273,0.0013555625293878335,0.00042683013775138154,0.95383333333333331,fraction,-2.3915369938607136,-2.3915368938607138,9.9999999999999995e-08,closed,1.8416965618039975,1.8416965618039975,0.88886911219073994,2.1175823681357508e-22,-0.00097809601991529979,0.55519248082203643,0.79008829860675422,1.6730770504000369e-22,-0.0013927335799294258,0.00046313562986988188,2.1175823681357508e-22,-9.0041626536768652e-16
119,101,0,0.79010408121400921,0.0013480909808636973,0.00042447754831589939,0.95383333333333331,fraction,-2.3915369938607136,-2.3915368938607138,9.9999999999999995e-08,closed,1.8373781205575348,1.8373781205575348,0.88887100853169365,-2.1175823681357508e-22,-0.00097076922759559592,0.55519463237838229,0.79009166980815015,-1.6730841891966723e-22,-0.0013822919435309312,0.00045776832047206284,-2.1175823681357508e-22,-4.5020236979884872e-16
119,102,0,0.79010635138810559,0.0013406156822006329,0.00042212377806265304,0.95383333333333331,fraction,-2.3915369938607136,-2.3915368938607138,9.9999999999999995e-08,closed,1.8329968821351683,1.8329968821351683,0.88887290987088308,0,-0.00096341573572836486,0.55519678874852674,0.79009504990233104,0,-0.0013718123999934748,0.0004523856406225546,0,-4.5019659181086947e-16
119,103,0,0.79010862156220207,0.0013331365699981905,0.00041976880702854804,0.95383333333333331,fraction,-2.3915369938607136,-2.3915368938607138,9.9999999999999995e-08,closed,1.8285514600875228,1.8285514600875228,0.88887481631293319,0,-0.00095603489532369531,0.55519895006034037,0.79009843907535071,0,-0.0013612940260030542,0.00044698730724335167,0,-4.5019079840264806e-16
119,104,0,0.79011089173629845,0.0013256535793940759,0.00041741261479019443,0.95383333333333331,fraction,-2.3915369938607136,-2.3915368938607138,9.9999999999999995e-08,closed,1.8240404213281711,1.8240404213281711,0.88887672796602035,1.161557879909977e-15,-0.0009486260331192099,0.55520111644556125,0.79010183751957852,9.1774901530221868e-16,-0.0013507358637108199,0.00044157302697334089,1.161557879909977e-15,-9.0036997849231255e-16
119,105,0,0.79011316191039482,0.0013181666440181851,0.00041505518044943388,0.95383333333333331,fraction,-2.3915369938607136,-2.3915368938607138,9.9999999999999995e-08,closed,1.8194622840395103,1.8194622840395103,0.88887864494203306,5.1032146885295494e-17,-0.00094118845038686108,0.55520328803997787,0.79010524543398486,4.0320766939829562e-17,-0.0013401369190354214,0.00043614249571388708,5.1032146885295494e-17,-4.5017916400210713e-16
119,106,0,0.79011543208449131,0.0013106756959487087,0.00041269648261951742,0.95383333333333331,fraction,-2.3915369938607136,-2.3915368938607138,9.9999999999999995e-08,closed,1.8148155149167364,1.8148155149167364,0.88888056735681764,1.2491618389632794e-18,-0.00093372142131584114,0.5552054649835807,0.79010866302457805,9.869735904846e-19,-0.0013294961593615458,0.00043069539775275612,1.2491618389632794e-18,-9.0034664463841963e-16
119,107,0,0.79011770225858768,0.001303180665666583,0.00041033649941076412,0.95383333333333331,fraction,-2.3915369938607136,-2.3915368938607138,9.9999999999999995e-08,closed,1.8100985266845118,1.8100985266845118,0.88888249533038632,8.2851712466467655e-16,-0.00092622419153380847,0.5552076474207801,0.79011209050477427,6.5462139738781226e-16,-0.0013188125114357273,0.00042523140514882929,8.2851712466467655e-16,-4.5016746383353784e-16
119,108,0,0.79011997243268417,0.0012956814820045497,0.0004079752084145206,0.95383333333333331,fraction,-2.3915369938607136,-2.3915368938607138,9.9999999999999995e-08,closed,1.8053096751597675,1.8053096751597675,0.88888442898717268,0,-0.00091869597636991122,0.55520983550059699,0.79011552809585206,0,-0.0013080848588944618,0.00041975017686768368,0,-4.501615881677545e-16
119,109,0,0.79012224260678054,0.0012881780720999075,0.00040561258668828434,0.95383333333333331,fraction,-2.3915369938607136,-2.3915368938607138,9.9999999999999995e-08,closed,1.8004472563021006,1.8004472563021006,0.888886368456271,2.1175823681357508e-22,-0.00091113595913587986,0.55521202937687875,0.79011897602737757,1.6731420123650488e-22,-0.0012973120398183102,0.00041425135802586333,2.1175823681357508e-22,-4.5015569493038637e-16
119,110,0,0.79012451278087692,0.0012806703613398771,0.00040324861073850029,0.95383333333333331,fraction,-2.3915369938607136,-2.3915368938607138,9.9999999999999995e-08,closed,1.7955095027798449,1.7955095027798449,0.88888831387175593,0,-0.00090354328901955745,0.5552142292085398,0.79012243453777331,0,-0.0012864928437339991,0.00040873457881118735,0,-4.5014978371485375e-16
119,111,0,0.79012678295497341,0.0012731582733086636,0.00040088325650389234,0.95383333333333331,fraction,-2.3915369938607136,-2.3915368938607138,9.9999999999999995e-08,closed,1.7904945804864776,1.7904945804864776,0.88889026537298998,3.710777226538205e-17,-0.00089591707896508022,0.55521643515982266,0.79012590387486459,2.9319812101967625e-17,-0.0012756260085977961,0.00040319945348776809,3.710777226538205e-17,-4.5014385409853704e-16
119,112,0,0.79012905312906978,0.0012656417297324622,0.00039851649933814713,0.95383333333333331,fraction,-2.3915369938607136,-2.3915368938607138,9.9999999999999995e-08,closed,1.7854005847723859,1.7854005847723859,0.8888922231049402,6.3102689314980414e-16,-0.00088825640344806795,0.55521864740055149,0.79012938429644275,4.9859289055895189e-16,-0.0012647102176295841,0.00039764557934951483,6.3102689314980414e-16,-4.5013790564181648e-16
119,113,0,0.79013132330316627,0.0012581206504186358,0.00039614831399076278,0.95383333333333331,fraction,-2.3915369938607136,-2.3915368938607138,9.9999999999999995e-08,closed,1.7802255362457753,1.7802255362457753,0.88889418721857039,0,-0.00088056029585434489,0.55522086610643506,0.79013287607096283,0,-0.0012537440955823571,0.00039207253540662901,0,-4.5013193788688177e-16
120,95,0,0.79009046016943063,0.0014164740423396598,0.00035500185829377391,0.96999999999999997,fraction,-2.3915369938607136,-2.3915368938607138,9.9999999999999995e-08,closed,1.9094812530545655,1.9094812530545655,0.88879842825282251,6.994374561952385e-19,-0.0012347523849016498,0.55514380155416132,0.78996264606468769,5.5252946365274469e-19,-0.0017586120308198225,0.00070808288957369125,6.994374561952385e-19,-4.5042299902654602e-16
120,96,0,0.79009273034352712,0.0014088940079738175,0.00035310212260828268,0.96999999999999997,fraction,-2.3915369938607136,-2.3915368938607138,9.9999999999999995e-08,closed,1.9064381790418168,1.9064381790418168,0.88880038006077111,0,-0.0012274805238055744,0.55514591676318359,0.78996611559617114,0,-0.001748243471246621,0.00070241701851170291,0,-4.5041706427865678e-16
120,97,0,0.79009500051762349,0.001401310461397419,0.00035120150667985236,0.96999999999999997,fraction,-2.3915369938607136,-2.3915368938607138,9.9999999999999995e-08,closed,1.903355141045262,1.903355141045262,0.88880233470729053,0,-0.0012201947199872987,0.55514803393563694,0.78996959018113055,0,-0.0017378551737471442,0.00069674132097952146,0,-9.0082224198223815e-16
120,98,0,0.79009727069171987,0.0013937233449661617,0.00034929999606145886,0.96999999999999997,fraction,-2.3915369938607136,-2.3915368938607138,9.9999999999999995e-08,closed,1.900231420927889,1.900231420927889,0.88880429223955359,1.6665373237228359e-19,-0.0012128947052165865,0.55515015313522542,0.78997306990345384,1.3165196057300147e-19,-0.0017274467567134652,0.00069105567798455336,1.6665373237228359e-19,-4.504051690209001e-16
120,99,0,0.79009954086581635,0.0013861325997463823,0.00034739757598293403,0.96999999999999997,fraction,-2.3915369938607136,-2.3915368938607138,9.9999999999999995e-08,closed,1.8970662834810816,1.8970662834810816,0.88880625270565805,0,-0.0012055802048395526,0.55515227442728077,0.78997655484867413,0,-0.0017170178294014533,0.00068535996873875238,0,-4.5039920822216383e-16
120,100,0,0.79010181103991273,0.0013785381654791526,0.00034549423134196675,0.96999999999999997,fraction,-2.3915369938607136,-2.3915368938607138,9.9999999999999995e-08,closed,1.8938589760467941,1.8938589760467941,0.8888082161546127,0,-0.0011982509377229528,0.55515439787881604,0.78998004510394471,0,-0.001706567991852046,0.00067965407079773055,0,-4.5039323844631421e-16
120,101,0,0.79010408121400921,0.0013709399805393531,0.00034358994669384625,0.96999999999999997,fraction,-2.3915369938607136,-2.3915368938607138,9.9999999999999995e-08,closed,1.8906087277887282,1.8906087277887282,0.88881018263639766,2.1158035989465168e-17,-0.0011909066158957212,0.5551565235585556,0.78998354075814659,1.6714500186445988e-17,-0.0016960968343809205,0.00067393785983427268,2.1158035989465168e-17,-4.5038725954181115e-16
120,102,0,0.79010635138810559,0.0013633379818989487,0.00034168470624225796,0.96999999999999997,fraction,-2.3915369938607136,-2.3915368938607138,9.9999999999999995e-08,closed,1.8873147492746705,1.8873147492746705,0.88881215220195275,1.6040686438628313e-15,-0.0011835469444749661,0.55515865153698918,0.78998704190186719,1.2671934429727377e-15,-0.0016856039374737346,0.00066821120976845449,1.6040686438628313e-15,-4.5038127135420764e-16
120,103,0,0.79010862156220207,0.0013557321050829056,0.00033977849382823525,0.96999999999999997,fraction,-2.3915369938607136,-2.3915368938607138,9.9999999999999995e-08,closed,1.8839762318416211,1.8839762318416211,0.88881412490321543,0,-0.0011761716213944061,0.5551607818864186,0.78999054862746865,0,-0.0016750888713997242,0.00066247399266383677,0,-9.0075054745206664e-16
120,104,0,0.79011089173629845,0.0013481222841295686,0.00033787129292022893,0.96999999999999997,fraction,-2.3915369938607136,-2.3915368938607138,9.9999999999999995e-08,closed,1.8805923469128032,1.8805923469128032,0.88881610079314644,0,-0.0011687803371577417,0.55516291468099432,0.78999406102913261,0,-0.0016645511958609295,0.00065672607866729127,0,-4.5036926649671762e-16
120,105,0,0.79011316191039482,0.0013405084515439171,0.00033596308660239241,0.96999999999999997,fraction,-2.3915369938607136,-2.3915368938607138,9.9999999999999995e-08,closed,1.8771622454341008,1.8771622454341008,0.88881807992574657,2.1175823681357508e-22,-0.001161372774645379,0.55516504999676586,0.78999757920289082,1.6728849445899679e-22,-0.0016539904597174505,0.00065096733600389367,2.1175823681357508e-22,-9.0072649900507638e-16
120,106,0,0.79011543208449131,0.001332890538252924,0.00033405385756339324,0.96999999999999997,fraction,-2.3915369938607136,-2.3915368938607138,9.9999999999999995e-08,closed,1.8736850571994061,1.8736850571994061,0.88882006235608335,2.1175823681357508e-22,-0.0011539486088544713,0.55516718791174657,0.79000110324667194,1.6728924070429434e-22,-0.0016434062006177226,0.00064519763095272076,2.1175823681357508e-22,-9.0071444515308278e-16
120,107,0,0.79011770225858768,0.0013252684735592369,0.00033214358808480478,0.96999999999999997,fraction,-2.3915369938607136,-2.3915368938607138,9.9999999999999995e-08,closed,1.8701598901438226,1.8701598901438226,0.88882204814031285,0,-0.0011465075066622902,0.55516932850595191,0.79000463326034065,0,-0.0016327979446620572,0.00063941682780321862,0,-9.0070237109694973e-16
120,108,0,0.79011997243268417,0.0013176421850893726,0.00033023226002812232,0.96999999999999997,fraction,-2.3915369938607136,-2.3915368938607138,9.9999999999999995e-08,closed,1.8665858296134481,1.8665858296134481,0.88882403733571025,-5.2939559203393771e-23,-0.0011390491265412578,0.55517147186144922,0.79000816934575202,-4.1822684252244171e-23,-0.0016221652059973204,0.00063362478879036566,-5.2939559203393771e-23,-9.0069027648939207e-16
120,109,0,0.79012224260678054,0.0013100115987456685,0.00032831985482272117,0.96999999999999997,fraction,-2.3915369938607136,-2.3915368938607138,9.9999999999999995e-08,closed,1.8629619375690167,1.8629619375690167,0.88882603000070548,8.3674890848344907e-17,-0.0011315731182424875,0.5551736180624216,0.79001171160681505,6.6104143737614388e-17,-0.001611507486366764,0.00062782137402650484,8.3674890848344907e-17,-4.5033908048806302e-16
120,110,0,0.79012451278087692,0.0013023766386507226,0.00032640635345193168,0.96999999999999997,fraction,-2.3915369938607136,-2.3915368938607138,9.9999999999999995e-08,closed,1.8592872518792403,1.8592872518792403,0.88882802619489043,6.5660511763495667e-17,-0.0011240791226048423,0.55517576719521111,0.79001526014950485,5.1872806282387651e-17,-0.001600824274838792,0.00062200644153220797,6.5660511763495667e-17,-4.5033301209791436e-16
120,111,0,0.79012678295497341,0.0012947372270935562,0.00032449173643954687,0.96999999999999997,fraction,-2.3915369938607136,-2.3915368938607138,9.9999999999999995e-08,closed,1.8555607854542495,1.8555607854542495,0.8888300259790638,0,-0.001116566771166437,0.55517791934840122,0.79001881508194327,0,-0.0015901150472542032,0.00061617984715289786,0,-4.503269328899316e-16
120,112,0,0.79012905312906978,0.0012870932844736905,0.00032257598383580614,0.96999999999999997,fraction,-2.3915369938607136,-2.3915368938607138,9.9999999999999995e-08,closed,1.8517815253284668,1.8517815253284668,0.88883202941526329,0,-0.0011090356858562628,0.55518007461283925,0.7900223765144555,0,-0.0015793792657876411,0.00061034144444815919,0,-9.0064168535208565e-16
120,113,0,0.79013132330316627,0.0012794447292392907,0.00032065907520189321,0.96999999999999997,fraction,-2.3915369938607136,-2.3915368938607138,9.9999999999999995e-08,closed,1.8479484319040482,1.8479484319040482,0.88883403656677418,0,-0.0011014854787465478,0.55518223308173109,0.79002594455958564,0,-0.0015686163785956931,0.00060449108478854985,0,-4.5031474126439666e-16
118,114,0,0.79013359347726264,0.0012293984285676734,0.00045566312705882671,0.93766666666666665,fraction,-2.3915369938607136,-2.3915368938607138,9.9999999999999995e-08,closed,1.5892617984027864,1.5892617984027864,0.88897064223051947,0,-0.00057479767388537192,0.55527022326252351,0.79026880274774225,0,-0.00081818732127580561,0.00012245524816889564,0,-4.4989970899852296e-16
118,115,0,0.79013586365135913,0.0012219956631163882,0.00045291937273473373,0.93766666666666665,fraction,-2.3915369938607136,-2.3915368938607138,9.9999999999999995e-08,closed,1.5774971139374501,1.5774971139374501,0.88897346026491708,4.2351647362715017e-22,-0.00056231863465075948,0.55527318150092941,0.79027381305538014,3.346939785050963e-22,-0.00080041660386433514,0.00011413919513347803,4.2351647362715017e-22,-4.4989115200870521e-16
118,116,0,0.7901381338254555,0.0012145881903912906,0.00045017387371091162,0.93766666666666665,fraction,-2.3915369938607136,-2.3915368938607138,9.9999999999999995e-08,closed,1.5649945307095183,1.5649945307095183,0.88897639041633214,2.1175823681357508e-22,-0.00054924037752360037,0.55527621741415401,0.79027902271765094,1.6734809244144501e-22,-0.0007817929969009611,0.00010543531755202729,2.1175823681357508e-22,-4.4988225477579401e-16
118,117,0,0.79014040399955188,0.0012071759234013389,0.00044742659774507903,0.93766666666666665,fraction,-2.3915369938607136,-2.3915368938607138,9.9999999999999995e-08,closed,1.5515942364914883,1.5515942364914883,0.88897945924384469,1.5029726146300704e-17,-0.00053542177107861156,0.55527934815370128,0.79028447895747855,1.1877759296402843e-17,-0.00076211559301734286,9.6249969415596048e-05,1.5029726146300704e-17,0
118,118,0,0.79014267417364836,0.0011997587729489522,0.00044467751177712489,0.93766666666666665,fraction,-2.3915369938607136,-2.3915368938607138,9.9999999999999995e-08,closed,1.5370637257515118,1.5370637257515118,0.88898270566285498,6.5667470668552953e-16,-0.00052065628185659328,0.55528259871568275,0.79029025096765027,5.1896361875061531e-16,-0.00074109038015651816,8.6445744999719132e-05,6.5667470668552953e-16,-4.4986307959812183e-16
118,119,0,0.79014494434774474,0.001192336647558893,0.00044192658190274938,0.93766666666666665,fraction,-2.3915369938607136,-2.3915368938607138,9.9999999999999995e-08,closed,1.521040203006651,1.521040203006651,0.88898619081557662,2.0514079191315086e-22,-0.00050461981093797496,0.55528600817027596,0.79029644746078875,1.6212203907825602e-22,-0.00071825598246824012,7.580647006544261e-05,2.0514079191315086e-22,-4.4985249792979306e-16
118,120,0,0.79014721452184122,0.0011849094534005975,0.00043917377334467693,0.93766666666666665,fraction,-2.3915369938607136,-2.3915368938607138,9.9999999999999995e-08,closed,1.5028961149042572,1.5028961149042572,0.88899002117293291,5.6645328347631335e-21,-0.0004867486617921196,0.55528964421447491,0.79030325774505172,4.4766987529171172e-21,-0.00069280993666236731,6.3955224915646092e-05,5.6645328347631335e-21,-4.4984086848138642e-16
118,121,0,0.7901494846959376,0.0011774770942128928,0.00043641905042475293,0.93766666666666665,fraction,-2.3915369938607136,-2.3915368938607138,9.9999999999999995e-08,closed,1.4813454213686714,1.4813454213686714,0.88899441635262477,1.9852334701272664e-23,-0.00046588147046116554,0.55529364581032559,0.79031107230614395,1.568951992554327e-23,-0.00066309894638927813,5.0113574463273025e-05,1.9852334701272664e-23,-4.4982752459321649e-16
118,122,0,0.79015175487003408,0.0011700394712196869,0.00043366237653269551,0.93766666666666665,fraction,-2.3915369938607136,-2.3915368938607138,9.9999999999999995e-08,closed,1.4526453349270996,1.4526453349270996,0.88900001973625919,4.4297176163439738e-20,-0.00043862002605010952,0.55529841805706159,0.79032103509106921,3.5008990117101131e-20,-0.00062428535141303705,3.1998211272532551e-05,4.4297176163439738e-20,0
119,114,0,0.79013359347726264,0.0012505949531981505,0.00039377867458892303,0.95383333333333331,fraction,-2.3915369938607136,-2.3915368938607138,9.9999999999999995e-08,closed,1.7749673763410503,1.7749673763410503,0.88889615787124099,-2.1175823681357508e-22,-0.00087282774576169248,0.55522309145938709,0.79013637947825421,-1.6731788656057698e-22,-0.0012427262048739067,0.00038647988106510489,-2.1175823681357508e-22,-4.501259503565188e-16
119,115,0,0.79013586365135913,0.0012430645538597741,0.00039140755461677864,0.95383333333333331,fraction,-2.3915369938607136,-2.3915368938607138,9.9999999999999995e-08,closed,1.7696239625002612,1.7696239625002612,0.88889813522714356,2.1069944562950721e-20,-0.00086505769596017233,0.55522532364786159,0.79013989481029323,1.6648203780628593e-20,-0.0012316550413464316,0.00038086715467222643,2.1069944562950721e-20,-4.5011994255279147e-16
119,116,0,0.7901381338254555,0.001235529366087692,0.00038903492689580378,0.95383333333333331,fraction,-2.3915369938607136,-2.3915368938607138,9.9999999999999995e-08,closed,1.7641930629049487,1.7641930629049487,0.88890011945779246,2.6469779601696886e-23,-0.000857249039160834,0.5552275628672324,0.79014342237207769,2.0914922243919389e-23,-0.0012205290295825696,0.00037523387187066159,2.6469779601696886e-23,-4.5011391395554936e-16
119,117,0,0.79014040399955188,0.001227989301391017,0.0003866607635626011,0.95383333333333331,fraction,-2.3915369938607136,-2.3915368938607138,9.9999999999999995e-08,closed,1.7586723507458077,1.7586723507458077,0.88890211074255787,-2.1175823681357508e-22,-0.00084940061438969628,0.55522980932019228,0.79014696248257466,-1.6732012759891207e-22,-0.0012093465177735203,0.00036957952379701453,-2.1175823681357508e-22,-4.5010786402081015e-16
119,118,0,0.79014267417364836,0.001220444269034279,0.00038428503604701428,0.95383333333333331,fraction,-2.3915369938607136,-2.3915368938607138,9.9999999999999995e-08,closed,1.753059398119716,1.753059398119716,0.88890410926923158,3.9208096337217495e-17,-0.00084151120315293921,0.55523206321720087,0.79015051547572601,3.0980297531674326e-17,-0.00119810577226169,0.00036390357520521555,3.9208096337217495e-17,-4.5010179217904398e-16
119,119,0,0.79014494434774474,0.0012128941759650808,0.00038190771504934923,0.95383333333333331,fraction,-2.3915369938607136,-2.3915368938607138,9.9999999999999995e-08,closed,1.7473516691274185,1.7473516691274185,0.8889061152346911,1.9852334701272664e-23,-0.00083357952502495654,0.555234324776959,0.79015408170162993,1.5686403295517505e-23,-0.0011868049712616621,0.00035820546218767735,1.9852334701272664e-23,-4.5009569783315671e-16
119,120,0,0.79014721452184122,0.0012053389267350906,0.00037952877051549653,0.95383333333333331,fraction,-2.3915369938607136,-2.3915368938607138,9.9999999999999995e-08,closed,1.7415465124733416,1.7415465124733416,0.88890812884560788,3.7515089233892962e-17,-0.0008256042329082661,0.55523659422694382,0.79015766152779987,2.9642835181059602e-17,-0.0011754421981142963,0.00035248458979042496,3.7515089233892962e-17,-4.5008958035634164e-16
119,121,0,0.7901494846959376,0.00119777842342346,0.00037714817161281782,0.95383333333333331,fraction,-2.3915369938607136,-2.3915368938607138,9.9999999999999995e-08,closed,1.7356411534632472,1.7356411534632472,0.8889101503192085,0,-0.00081758390790156543,0.5552388718039849,0.79016125534051784,0,-0.001164015433983248,0.00034674032944803646,0,-4.5008343908976987e-16
119,122,0,0.79015175487003408,0.0011902125655510608,0.0003747658867031413,0.95383333333333331,fraction,-2.3915369938607136,-2.3915368938607138,9.9999999999999995e-08,closed,1.7296326849972601,1.7296326849972601,0.88891217988415738,2.4119432579655653e-16,-0.00080951705346251333,0.55524115775489391,0.79016486354640458,1.9058328153120314e-16,-0.0011525225495474791,0.00034097201595617577,2.4119432579655653e-16,-4.5007727333991096e-16
119,123,0,0.79015402504413046,0.001182641249997209,0.00037238188331654049,0.95383333333333331,fraction,-2.3915369938607136,-2.3915368938607138,9.9999999999999995e-08,closed,1.7235180577259082,1.7235180577259082,0.88891421778153279,2.6469779601696886e-23,-0.00080140208895129533,0.55524345233717964,0.79016848657415428,2.0915585687824248e-23,-0.0011409612958124848,0.00033517894415124871,2.6469779601696886e-23,-4.5007108237557172e-16
119,124,0,0.79015629521822683,0.0011750643709072424,0.0003699961281222327,0.95383333333333331,fraction,-2.3915369938607136,-2.3915368938607138,9.9999999999999995e-08,closed,1.7172940692034266,1.7172940692034266,0.88891626426589743,6.9880218148479778e-18,-0.00079323734252843684,0.55524575581982227,0.79017212487643884,5.5217400461213354e-18,-0.0011293292940025303,0.00032936036525188506,6.9880218148479778e-18,-4.5006486542464705e-16
119,125,0,0.79015856539232332,0.0011674818196000148,0.00036760858689945168,0.95383333333333331,fraction,-2.3915369938607136,-2.3915368938607138,9.9999999999999995e-08,closed,1.7109573520458463,1.7109573520458463,0.88891831960647316,0,-0.00078502104337834714,0.55524806848411545,0.79017577893199598,0,-0.0011176240244933561,0.00032351548283737763,0,-9.0011724334111113e-16
119,126,0,0.79016083556641969,0.0011598934844714271,0.00036521922450707169,0.95383333333333331,fraction,-2.3915369938607136,-2.3915368938607138,9.9999999999999995e-08,closed,1.704504360495614,1.704504360495614,0.88892038408851548,5.1185396321277478e-16,-0.00077675131270663555,0.55525039062465342,0.79017944924807393,4.0445648274691426e-16,-0.0011058428139992754,0.00031764344814055878,5.1185396321277478e-16,-9.0010470049613584e-16
119,127,0,0.79016310574051618,0.001152299250890074,0.00036282800485075016,0.95383333333333331,fraction,-2.3915369938607136,-2.3915368938607138,9.9999999999999995e-08,closed,1.6979313557246019,1.6979313557246019,0.88892245801479397,1.5501740550114083e-15,-0.00076842615398449259,0.55525272255037394,0.79018313636306314,1.2249213966975621e-15,-0.0010939828216889849,0.00031174335495265382,1.5501740550114083e-15,-4.5004605023881502e-16
119,128,0,0.79016537591461256,0.00114469900109407,0.00036043489085044043,0.95383333333333331,fraction,-2.3915369938607136,-2.3915368938607138,9.9999999999999995e-08,closed,1.6912343893190782,1.6912343893190782,0.88892454170730217,2.9778502051908996e-23,-0.00076004344181014648,0.55525506458576224,0.79018684084953716,2.3530580461629429e-23,-0.0010820410233328595,0.00030581423373499117,2.9778502051908996e-23,0
119,129,0,0.79016764608870893,0.0011370926140776914,0.00035803984440469855,0.95383333333333331,fraction,-2.3915369938607136,-2.3915368938607138,9.9999999999999995e-08,closed,1.6844092849026278,1.6844092849026278,0.88892663550914419,0,-0.0007516009095225732,0.55525741707217813,0.79019056331760684,0,-0.001070014193674561,0.00029985504512164418,0,0
119,130,0,0.79016991626280542,0.0011294799654768782,0.00035564282635463092,0.95383333333333331,fraction,-2.3915369938607136,-2.3915368938607138,9.9999999999999995e-08,closed,1.6774516173184053,1.6774516173184053,0.88892873978673437,1.9926450084157415e-19,-0.00074309613498591063,0.55525978036938239,0.79019430441883165,1.5745767363787339e-19,-0.0010578988861987266,0.00029386467231384827,1.9926450084157415e-19,0
119,131,0,0.79017218643690179,0.0011218609274496257,0.0003532437964462328,0.95383333333333331,fraction,-2.3915369938607136,-2.3915368938607138,9.9999999999999995e-08,closed,1.6703566895340047,1.6703566895340047,0.88893085493220825,0,-0.00073452652485436428,0.5552621548572223,0.7901980648505067,0,-0.0010456914107363857,0.00028784191276132187,0,-4.5002054379865878e-16
119,132,0,0.79017445661099828,0.0011142353685472714,0.00035084271328986009,0.95383333333333331,fraction,-2.3915369938607136,-2.3915368938607138,9.9999999999999995e-08,closed,1.6631195061587567,1.6631195061587567,0.88893298136624577,0,-0.00072588929633901774,0.55526454093756805,0.79020184536068228,0,-0.0010333878075144871,0.00028178546836865603,0,-4.5001408481941588e-16
120,114,0,0.79013359347726264,0.0012717914778286276,0.00031874098959526454,0.96999999999999997,fraction,-2.3915369938607136,-2.3915368938607138,9.9999999999999995e-08,closed,1.8440604378415713,1.8440604378415713,0.88883604749819323,0,-0.0010939157515777742,0.55518439485068194,0.79002951933221044,0,-0.0015578258191409657,0.00059862861712856041,0,-4.5030862845916756e-16
120,115,0,0.79013586365135913,0.0012641334446031602,0.00031682170555287861,0.96999999999999997,fraction,-2.3915369938607136,-2.3915368938607138,9.9999999999999995e-08,closed,1.8401164471959313,1.8401164471959313,0.88883806227543605,8.8585776118288526e-17,-0.0010863260954960838,0.55518656001776945,0.79003310094955193,6.998569540675425e-17,-0.0015470070058189603,0.00059275388807988882,8.8585776118288526e-17,-9.0060500812107075e-16
120,116,0,0.7901381338254555,0.0012564705417840937,0.00031490120107529571,0.96999999999999997,fraction,-2.3915369938607136,-2.3915368938607138,9.9999999999999995e-08,closed,1.8361153343330689,1.8361153343330689,0.88884008096578959,1.0672615135404184e-19,-0.0010787160906105084,0.55518872868361879,0.79003668953127137,8.4317575302160636e-20,-0.0015361593413281596,0.00058686674178265452,1.0672615135404184e-19,-4.5029636786452484e-16
120,117,0,0.79014040399955188,0.0012488026793806954,0.00031297945360871235,0.96999999999999997,fraction,-2.3915369938607136,-2.3915368938607138,9.9999999999999995e-08,closed,1.8320559428066034,1.8320559428066034,0.88884210363794147,2.1190943219465998e-16,-0.0010710853055998187,0.55519090095144563,0.79004028519952108,1.6741698824753775e-16,-0.0015252822121109334,0.0005809670198374528,2.1190943219465998e-16,-4.502902196629169e-16
120,118,0,0.79014267417364836,0.0012411297651196058,0.00031105644002724466,0.96999999999999997,fraction,-2.3915369938607136,-2.3915368938607138,9.9999999999999995e-08,closed,1.8279370843608744,1.8279370843608744,0.88884413036200971,1.9599692301677492e-15,-0.0010634332973461398,0.55519307692715569,0.79004388807899728,1.5484617111169277e-15,-0.0015143749878326021,0.00057505456131490273,1.9599692301677492e-15,-9.0056811848631999e-16
120,119,0,0.79014494434774474,0.0012334517043712686,0.00030913213661449033,0.96999999999999997,fraction,-2.3915369938607136,-2.3915368938607138,9.9999999999999995e-08,closed,1.8237575375324029,1.8237575375324029,0.88884616120961402,2.1175823681357508e-22,-0.0010557596103465325,0.55519525671940206,0.79004749829706711,1.672990652383629e-22,-0.0015034370205441333,0.0005691292025193917,2.1175823681357508e-22,0
120,120,0,0.79014721452184122,0.0012257684000695837,0.00030720651904339141,0.96999999999999997,fraction,-2.3915369938607136,-2.3915368938607138,9.9999999999999995e-08,closed,1.8195160466730127,1.8195160466730127,0.88884819625385658,-2.1175823681357508e-22,-0.0010480637764871104,0.55519744043966068,0.79005111598373434,-1.6729983131331289e-22,-0.0014924676443616278,0.00056319077718269828,-2.1175823681357508e-22,-4.5027170087630082e-16
120,121,0,0.7901494846959376,0.0012180797526340271,0.00030527956235671625,0.96999999999999997,fraction,-2.3915369938607136,-2.3915368938607138,9.9999999999999995e-08,closed,1.8152113203512774,1.8152113203512774,0.88885023556943854,2.1175823681357508e-22,-0.0010403453142649216,0.55519962820231539,0.79005474127184638,1.6730059899793144e-22,-0.0014814661743587346,0.00055723911606719856,2.1175823681357508e-22,-4.5026550248116914e-16
120,122,0,0.79015175487003408,0.0012103856598824345,0.00030335124094520036,0.96999999999999997,fraction,-2.3915369938607136,-2.3915368938607138,9.9999999999999995e-08,closed,1.8108420301756059,1.8108420301756059,0.88885227923265286,-2.1175823681357508e-22,-0.0010326037284740868,0.5552018201247293,0.79005837429708192,-1.6730136832094962e-22,-0.001470431906120879,0.00055127404709831573,-2.1175823681357508e-22,-4.5025929097149766e-16
120,123,0,0.79015402504413046,0.0012026860169463143,0.00030142152852632228,0.96999999999999997,fraction,-2.3915369938607136,-2.3915368938607138,9.9999999999999995e-08,closed,1.8064068092986016,1.8064068092986016,0.88885432732144742,-2.1175823681357508e-22,-0.0010248385095897774,0.5552040163273374,0.79006201519806285,-1.6730213931172175e-22,-0.0014593641148688923,0.00054529539521663839,-2.1175823681357508e-22,-4.5025306611101376e-16
120,124,0,0.79015629521822683,0.0011949807161768565,0.00029949039812074727,0.96999999999999997,fraction,-2.3915369938607136,-2.3915368938607138,9.9999999999999995e-08,closed,1.8019042508178693,1.8019042508178693,0.88885637991548716,2.1175823681357508e-22,-0.0010170491331366661,0.55520621693372574,0.79006566411646484,1.6730291200024883e-22,-0.0014482620545605966,0.00053930298221416262,2.1175823681357508e-22,-4.5024682765824239e-16
120,125,0,0.79015856539232332,0.0011872696470508625,0.00029755782202875051,0.96999999999999997,fraction,-2.3915369938607136,-2.3915368938607138,9.9999999999999995e-08,closed,1.7973329062914742,1.7973329062914742,0.88885843709618384,0,-0.001009235059173882,0.55520842207072241,0.79006932119707063,0,-0.0014371249571585086,0.00053329662673062828,0,-4.5024057536641681e-16
120,126,0,0.79016083556641969,0.0011795526960726378,0.00029562377180562973,0.96999999999999997,fraction,-2.3915369938607136,-2.3915368938607138,9.9999999999999995e-08,closed,1.7926912839407487,1.7926912839407487,0.8888604989467711,0,-0.001001395731563558,0.55521063186848296,0.79007298658790293,0,-0.0014259520315892203,0.00052727614404279866,0,-9.0046861796650184e-16
120,127,0,0.79016310574051618,0.0011718297466678719,0.00029368821823510887,0.96999999999999997,fraction,-2.3915369938607136,-2.3915368938607138,9.9999999999999995e-08,closed,1.7879778468838234,1.7879778468838234,0.88886256555236332,2.1175823681357508e-22,-0.00099353057726204248,0.55521284646060509,0.79007666044032943,1.6730524056240183e-22,-0.001414742462735199,0.00052124134596476246,2.1175823681357508e-22,-4.5022802825076058e-16
120,128,0,0.79016537591461256,0.0011641006790787153,0.0002917511313030415,0.96999999999999997,fraction,-2.3915369938607136,-2.3915368938607138,9.9999999999999995e-08,closed,1.7831910113630469,1.7831910113630469,0.88886463699999174,0,-0.00098563900571917878,0.55521506598420534,0.7900803429091271,0,-0.0014034954105806507,0.00051519204079697456,0,-4.5022173290515455e-16
120,129,0,0.79016764608870893,0.0011563653702484997,0.0002898124801685195,0.96999999999999997,fraction,-2.3915369938607136,-2.3915368938607138,9.9999999999999995e-08,closed,1.7783291445827056,1.7783291445827056,0.88886671337870216,2.1175823681357508e-22,-0.00097772040794632154,0.55521729058003,0.79008403415265582,1.6730680200672284e-22,-0.0013922100088854519,0.00050912803304936638,2.1175823681357508e-22,-4.5021542267653828e-16
120,130,0,0.79016991626280542,0.0011486236937052999,0.00028787223313469053,0.96999999999999997,fraction,-2.3915369938607136,-2.3915368938607138,9.9999999999999995e-08,closed,1.7733905627287057,1.7733905627287057,0.88886879477960423,8.5029529465065028e-16,-0.0009697741557761336,0.55521952039256417,0.79008773433294621,6.7180788286449718e-16,-0.0013808853641324842,0.00050304912337806318,8.5029529465065028e-16,-4.5020909728876439e-16
120,131,0,0.79017218643690179,0.0011408755194402974,0.00028593035761827331,0.96999999999999997,fraction,-2.3915369938607136,-2.3915368938607138,9.9999999999999995e-08,closed,1.76837352870444,1.76837352870444,0.8888708812959536,1.6932188615613464e-17,-0.00096179960094865168,0.55522175557014708,0.79009144361584527,1.3377977346885822e-17,-0.0013695205542275069,0.0004969551083839896,1.6932188615613464e-17,-9.0040551291836843e-16
120,132,0,0.79017445661099828,0.0011331207137768862,0.00028398682011675241,0.96999999999999997,fraction,-2.3915369938607136,-2.3915368938607138,9.9999999999999995e-08,closed,1.7632762497528049,1.7632762497528049,0.88887297302322887,1.2970933158660321e-17,-0.00095379607418571532,0.55522399626507091,0.79009516217115372,1.0248271537502922e-17,-0.0013581146271825803,0.00049084578041103111,1.2970933158660321e-17,-4.501963998984142e-16
119,133,0,0.79017672678509465,0.0011066031535856974,0.0003484395343196742,0.95383333333333331,fraction,-2.3915369938607136,-2.3915368938607138,9.9999999999999995e-08,closed,1.6557347437031593,1.6557347437031593,0.88893511954125271,0,-0.00071718145666216327,0.55526693903650215,0.79020564675382121,0,-0.0010209838179143227,0.00027569393446857937,0,-4.5000759028638375e-16
119,134,0,0.79017899695919114,0.0010989641435045884,0.00034603421574932661,0.95383333333333331,fraction,-2.3915369938607136,-2.3915368938607138,9.9999999999999995e-08,closed,1.648196716548058,1.648196716548058,0.88893726994503874,1.9852334701272664e-23,-0.00070839977938405628,0.55526934960684038,0.79020946989733865,1.5687502880517212e-23,-0.0010084748507783491,0.00026956578705972234,1.9852334701272664e-23,-4.5000105871971674e-16
119,135,0,0.79018126713328751,0.001091318195226355,0.00034362671252753717,0.95383333333333331,fraction,-2.3915369938607136,-2.3915368938607138,9.9999999999999995e-08,closed,1.6404993380816486,1.6404993380816486,0.88893943310503953,1.3234889800848443e-23,-0.00069954077728318098,0.55527177313100451,0.79021331572910902,1.0458386152837815e-23,-0.00099585594381170774,0.0002633993681282476,1.3234889800848443e-23,-4.4999448851932437e-16
119,136,0,0.79018353730738389,0.0010836651615028063,0.00034121697828981556,0.95383333333333331,fraction,-2.3915369938607136,-2.3915368938607138,9.9999999999999995e-08,closed,1.6326360762234129,1.6326360762234129,0.8889416095931868,3.6395946952333218e-23,-0.00069060067113276241,0.55527421012433431,0.79021718526612572,2.8760702755767981e-23,-0.00098312171914293638,0.00025719286871150882,3.6395946952333218e-23,0
119,137,0,0.79018580748148037,0.0010760048907585288,0.00033880496530914594,0.95383333333333331,fraction,-2.3915369938607136,-2.3915368938607138,9.9999999999999995e-08,closed,1.6245999016737185,1.6245999016737185,0.8889438000316392,-1.0587911840678754e-22,-0.00068157535316471212,0.5552766611389478,0.7902210796146909,-8.3667911256063343e-23,-0.00097026633132297623,0.00025094430891781094,-1.0587911840678754e-22,0
119,138,0,0.79018807765557675,0.0010683372269268607,0.00033639062444433895,0.95383333333333331,fraction,-2.3915369938607136,-2.3915368938607138,9.9999999999999995e-08,closed,1.616383228606427,1.616383228606427,0.88894600509935051,0,-0.00067246034506466233,0.55527912676819446,0.7902249999820945,0,-0.00095728340754077713,0.00024465151506669613,0,0
119,139,0,0.79019034782967323,0.0010606620092742777,0.0003339739050847361,0.95383333333333331,fraction,-2.3915369938607136,-2.3915368938607138,9.9999999999999995e-08,closed,1.6079778446494484,1.6079778446494484,0.88894822553994512,1.0209859860495479e-16,-0.00066325074806521968,0.55528160765190882,0.79022894769061713,8.0681268136280137e-17,-0.00094416597659154912,0.00023831209215796623,1.0209859860495479e-16,-4.4996778426837716e-16
119,140,0,0.79019261800376961,0.001052979072222119,0.00033155475509407572,0.95383333333333331,fraction,-2.3915369938607136,-2.3915368938607138,9.9999999999999995e-08,closed,1.5993748297465713,1.5993748297465713,0.88895046217083462,8.1733136638191387e-16,-0.00065394118494070956,0.55528410448255017,0.79023292419374047,6.4588215569124525e-16,-0.00093090638631903471,0.0002319233920847763,8.1733136638191387e-16,0
119,141,0,0.79019488817786609,0.001045288245153546,0.00032913312074970983,0.95383333333333331,fraction,-2.3915369938607136,-2.3915368938607138,9.9999999999999995e-08,closed,1.5905644593923072,1.5905644593923072,0.88895271589424019,6.2038545941477076e-23,-0.00064452573040620347,0.55528661801252699,0.79023693109574566,4.9025150154435271e-23,-0.00091749620455265667,0.00022548247506060104,6.2038545941477076e-23,-4.4995414694512292e-16
119,142,0,0.79019715835196247,0.0010375893522172393,0.00032670894668079332,0.95383333333333331,fraction,-2.3915369938607136,-2.3915368938607138,9.9999999999999995e-08,closed,1.5815360908375997,1.5815360908375997,0.88895498771015646,1.8303529663262256e-16,-0.00063499782908309167,0.55528914906284288,0.79024097017476447,1.4464199038718946e-16,-0.00090392610234873169,0.00021898606429660017,1.8303529663262256e-16,-8.9989449512910467e-16
119,143,0,0.79019942852605884,0.0010298822121156356,0.00032428217580160533,0.95383333333333331,fraction,-2.3915369938607136,-2.3915368938607138,9.9999999999999995e-08,closed,1.5722780258566555,1.5722780258566555,0.88895727873217945,1.3234889800848443e-23,-0.00062535019593526269,0.55529169853358895,0.79024504341092183,1.0458806065210244e-23,-0.00089018571228090336,0.00021243049057773078,1.3234889800848443e-23,-4.4994028998107998e-16
119,144,0,0.79020169870015533,0.00102216663788652,0.00032185274924277917,0.95383333333333331,fraction,-2.3915369938607136,-2.3915368938607138,9.9999999999999995e-08,closed,1.5627773463610086,1.5627773463610086,0.88895959020648574,9.6622795298751752e-17,-0.00061557469675237002,0.55529426741651,0.79024915302008303,7.6356082147271434e-17,-0.00087626345833192174,0.00020581162577915091,9.6622795298751752e-17,-4.4993327041346123e-16
119,145,0,0.79020396887425171,0.0010144424366736035,0.00031942060627906255,0.95383333333333331,fraction,-2.3915369938607136,-2.3915368938607138,9.9999999999999995e-08,closed,1.5530197137400472,1.5530197137400472,0.88896192353522352,1.0587911840678754e-22,-0.00060566220150279912,0.55529685681043417,0.79025330149544459,8.3671322880390953e-23,-0.00086214634716953807,0.00019912480084838258,1.0587911840678754e-22,-4.4992618460710772e-16
119,146,0,0.79020623904834819,0.0010067094094816187,0.00031698568425220436,0.95383333333333331,fraction,-2.3915369938607136,-2.3915368938607138,9.9999999999999995e-08,closed,1.5429891230488342,1.5429891230488342,0.88896428030528396,0,-0.00059560240411245745,0.5552994679402049,0.79025749165869152,0,-0.00084781971163561543,0.0001923647048553967,0,-8.998380554935386e-16
119,147,0,0.79020850922244457,0.00099896735092467725,0.00031454791849171897,0.95383333333333331,fraction,-2.3915369938607136,-2.3915368938607138,9.9999999999999995e-08,closed,1.5326675986830764,1.5326675986830764,0.88896666232412302,3.6486950054603852e-17,-0.00058538359850754125,0.55530210218021325,0.79026172672369133,2.8834240153032322e-17,-0.00083326689198450962,0.00018552525924908636,3.6486950054603852e-17,-4.4991179434781528e-16
119,148,0,0.79021077939654105,0.00099121604895539036,0.0003121072422295938,0.95383333333333331,fraction,-2.3915369938607136,-2.3915368938607138,9.9999999999999995e-08,closed,1.5220348124366401,1.5220348124366401,0.88896907166499783,1.9058241313221758e-21,-0.0005749923964803147,0.55530476108401972,0.79026601037692801,1.5061080327400503e-21,-0.00081846883431582838,0.00017859945892984008,1.9058241313221758e-21,0
119,149,0,0.79021304957063743,0.00098345528458604358,0.00030966358651249439,0.95383333333333331,fraction,-2.3915369938607136,-2.3915368938607138,9.9999999999999995e-08,closed,1.5110675996339153,1.5110675996339153,0.88897151072452629,6.9626108264303488e-19,-0.00056441336914274083,0.55530744642195762,0.79027034687984654,5.5023448729924869e-19,-0.00080340358024735532,0.00017157916990440114,6.9626108264303488e-19,-4.4989707178748605e-16
119,150,0,0.7902153197447338,0.00097568483158919886,0.00030721688010749244,0.95383333333333331,fraction,-2.3915369938607136,-2.3915368938607138,9.9999999999999995e-08,closed,1.4997393366059077,1.4997393366059077,0.88897398229715907,1.5091165681129794e-15,-0.00055362858400046584,0.55531016022967783,0.79027474120126973,1.1926167053080331e-15,-0.00078804560802008515,0.00016445486733318582,1.5091165681129794e-15,-4.4988956687339228e-16
119,151,0,0.79021758991883029,0.00096790445618623897,0.00030476704940399658,0.95383333333333331,fraction,-2.3915369938607136,-2.3915368938607138,9.9999999999999995e-08,closed,1.4880191279235224,1.4880191279235224,0.88897648967288101,1.2076836943274204e-22,-0.00054261699863362262,0.55531290487166851,0.79027919919111789,9.544073028292446e-23,-0.00077236496950574163,0.00015721529163059689,1.2076836943274204e-22,-4.4988195339269952e-16
120,133,0,0.79017672678509465,0.0011253591392396923,0.00028204158617555126,0.96999999999999997,fraction,-2.3915369938607136,-2.3915368938607138,9.9999999999999995e-08,closed,1.7580968749840036,1.7580968749840036,0.88887507005921296,1.6677436045188444e-15,-0.00094576288417600374,0.55522624263371623,0.7900988901727708,1.3176823710230754e-15,-0.0013466665996722674,0.00048472092737661399,1.6677436045188444e-15,-9.0038005462017771e-16
120,134,0,0.79017899695919114,0.0011175906544114457,0.00028009462035216123,0.96999999999999997,fraction,-2.3915369938607136,-2.3915368938607138,9.9999999999999995e-08,closed,1.7528334926658589,1.7528334926658589,0.8888771725040947,0,-0.00093769931647633858,0.55522849483667003,0.79010262779887408,0,-0.0013351754554706205,0.00047858033248981968,0,-4.5018363839055423e-16
120,135,0,0.79018126713328751,0.0011098151137895137,0.00027814588618018494,0.96999999999999997,fraction,-2.3915369938607136,-2.3915368938607138,9.9999999999999995e-08,closed,1.7474841275556174,1.7474841275556174,0.88887928046052933,-2.1175823681357508e-22,-0.0009296046324917056,0.55523075303885827,0.79010637523202831,-1.6731153291429927e-22,-0.0013236401440005531,0.00047242377416889525,-2.1175823681357508e-22,-4.501772328286828e-16
120,136,0,0.79018353730738389,0.0011020323676299724,0.00027619534613025767,0.96999999999999997,fraction,-2.3915369938607136,-2.3915368938607138,9.9999999999999995e-08,closed,1.7420467376738267,1.7420467376738267,0.88888139403379407,1.5023831855778998e-15,-0.00092147806804207446,0.55523301740967956,0.79011013265946106,1.187048178062298e-15,-0.001312059578294534,0.00046625102554087583,1.5023831855778998e-15,-4.5017081030540319e-16
120,137,0,0.79018580748148037,0.0010942422617883343,0.00027424296157012925,0.96999999999999997,fraction,-2.3915369938607136,-2.3915368938607138,9.9999999999999995e-08,closed,1.7365192112930996,1.7365192112930996,0.88888351333186066,2.7983850994913947e-19,-0.00091331883219382968,0.55523528812315581,0.79011390027319206,2.2110429654255307e-19,-0.0013004326333325648,0.00046006185433389302,2.7983850994913947e-19,-4.5016437049347993e-16
120,138,0,0.79018807765557675,0.0010864446375527395,0.00027228869272285806,0.96999999999999997,fraction,-2.3915369938607136,-2.3915368938607138,9.9999999999999995e-08,closed,1.730899363504397,1.730899363504397,0.88888563846551316,0,-0.00090512610583973229,0.55523756535807234,0.79011767827024293,0,-0.001288758144022029,0.00045385602255143542,0,0
120,139,0,0.79019034782967323,0.0010786393314653672,0.00027033249862205258,0.96999999999999997,fraction,-2.3915369938607136,-2.3915368938607138,9.9999999999999995e-08,closed,1.725184932485851,1.725184932485851,0.88888776954850579,0,-0.00089689904006834561,0.55523984929814196,0.79012146685291751,0,-0.0012770349028777262,0.00044763328600572194,0,-4.5015143765167346e-16
120,140,0,0.79019261800376961,0.0010708261751411379,0.00026837433706643405,0.96999999999999997,fraction,-2.3915369938607136,-2.3915368938607138,9.9999999999999995e-08,closed,1.7193735757477751,1.7193735757477751,0.88888990669767021,2.9940264169010886e-16,-0.00088863675463107567,0.55524214013216344,0.79012526622899282,2.3656559197506101e-16,-0.0012652616578412853,0.00044139339406490397,2.9940264169010886e-16,0
120,141,0,0.79019488817786609,0.0010630049950714029,0.0002664141645706359,0.96999999999999997,fraction,-2.3915369938607136,-2.3915368938607138,9.9999999999999995e-08,closed,1.7134628658903697,1.7134628658903697,0.88889205003309213,9.1767030697850705e-16,-0.00088033833608254009,0.55524443805420931,0.79012907661203313,7.2507799228720872e-16,-0.0012534371096353113,0.0004351360891359235,9.1767030697850705e-16,-4.5013843150704701e-16
120,142,0,0.79019715835196247,0.0010551756124243113,0.00026445193631517163,0.96999999999999997,fraction,-2.3915369938607136,-2.3915368938607138,9.9999999999999995e-08,closed,1.7074502862722478,1.7074502862722478,0.88889419967824645,-2.1175823681357508e-22,-0.0008720028359653451,0.55524674326379797,0.79013289822163024,-1.673171493758124e-22,-0.0012415599091811227,0.00042886110630846463,-2.1175823681357508e-22,-4.5013190002974689e-16
120,143,0,0.79019942852605884,0.0010473378428294598,0.00026248760609246256,0.96999999999999997,fraction,-2.3915369938607136,-2.3915368938607138,9.9999999999999995e-08,closed,1.7013332261157457,1.7013332261157457,0.88889635576019876,5.0991489303827287e-17,-0.00086362926864267016,0.55524905596608576,0.79013673128376183,4.0290248681816997e-17,-0.0012296286545149492,0.00042256817273234049,5.0991489303827287e-17,-4.5012534910595675e-16
120,144,0,0.79020169870015533,0.0010394914961557832,0.00026052112625117189,0.96999999999999997,fraction,-2.3915369938607136,-2.3915368938607138,9.9999999999999995e-08,closed,1.6951089754415556,1.6951089754415556,0.88889851840979583,-5.2939559203393771e-23,-0.00085521660905555068,0.55525137637209265,0.79014057603113019,-4.1829693803803674e-23,-0.0012176418875971728,0.00041625700709158053,-5.2939559203393771e-23,-4.5011877833912271e-16
120,145,0,0.79020396887425171,0.0010316363762782408,0.0002585524476377313,0.96999999999999997,fraction,-2.3915369938607136,-2.3915368938607138,9.9999999999999995e-08,closed,1.6887747196408935,1.6887747196408935,0.88890068776186015,2.1175823681357508e-22,-0.00084676379037479073,0.5552537046989019,0.79014443270350798,1.6731959189735739e-22,-0.0012055980909717655,0.00040992731902445012,2.1175823681357508e-22,-4.5011218732064245e-16
120,146,0,0.79020623904834819,0.0010237722808287648,0.00025658151953392199,0.96999999999999997,fraction,-2.3915369938607136,-2.3915368938607138,9.9999999999999995e-08,closed,1.6823275333748342,1.6823275333748342,0.88890286395544826,1.0896775522752338e-15,-0.00083826970120176266,0.55525604116990301,0.79014830154819815,8.610068671654739e-16,-0.0011934956837834233,0.00040357880831953796,1.0896775522752338e-15,-4.5010557562908052e-16
120,147,0,0.79020850922244457,0.0010158990009403496,0.00025460828959273811,0.96999999999999997,fraction,-2.3915369938607136,-2.3915368938607138,9.9999999999999995e-08,closed,1.6757643743500956,1.6757643743500956,0.88890504713408358,0,-0.00082973318278811291,0.5552583860150454,0.7901521828204473,0,-0.0011813330178220077,0.00039721116424296099,0,-9.0019788565892654e-16
120,148,0,0.79021077939654105,0.0010080163209715833,0.00025263270376934746,0.96999999999999997,fraction,-2.3915369938607136,-2.3915368938607138,9.9999999999999995e-08,closed,1.6690820763009488,1.6690820763009488,0.88890723744604438,9.9374138305935011e-16,-0.00082115302583292513,0.55526073947109311,0.79015607678395838,7.8521079257604082e-16,-0.0011691083729654655,0.00039082406461887764,9.9374138305935011e-16,-4.5009228847240415e-16
120,149,0,0.79021304957063743,0.0010001240182230951,0.00025065470625002651,0.96999999999999997,fraction,-2.3915369938607136,-2.3915368938607138,9.9999999999999995e-08,closed,1.6622773414896765,1.6622773414896765,0.88890943504468811,0,-0.0008125279669583843,0.55526310178193239,0.79015998371146656,0,-0.0011568199521651986,0.00038441717482795568,0,-4.500856120931219e-16
120,150,0,0.7902153197447338,0.00099222186263308362,0.00024867423937585274,0.96999999999999997,fraction,-2.3915369938607136,-2.3915368938607138,9.9999999999999995e-08,closed,1.6553467326706421,1.6553467326706421,0.88891164008876844,0,-0.00080385668502797004,0.55526547319886466,0.79016390388530422,0,-0.0011444658762076415,0.00037799014681161314,0,0
120,151,0,0.79021758991883029,0.00098430961646058207,0.00024669124356332354,0.96999999999999997,fraction,-2.3915369938607136,-2.3915368938607138,9.9999999999999995e-08,closed,1.6482866641628577,1.6482866641628577,0.88891385274283674,5.2391846523875459e-17,-0.00079513779687584278,0.5552678539809518,0.7901678375981136,4.1398352075542918e-17,-0.0011320441776375991,0.00037154261778149511,5.2391846523875459e-17,0
119,152,0,0.79021986009292666,0.00096011391671906097,0.00030231401831037761,0.95383333333333331,fraction,-2.3915369938607136,-2.3915368938607138,9.9999999999999995e-08,closed,1.4758707273117164,1.4758707273117164,0.88897903676750378,8.3649426920368074e-17,-0.00053135365325842666,0.55531568312578927,0.7902837278120789,6.6106780935972547e-17,-0.0007563261409526071,0.00014984698959830123,8.3649426920368074e-17,-8.9974843892419189e-16
119,153,0,0.79022213026702315,0.00095231296329999172,0.00029985770814373619,0.95383333333333331,fraction,-2.3915369938607136,-2.3915368938607138,9.9999999999999995e-08,closed,1.4632510751845587,1.4632510751845587,0.88898162830012073,1.0587911840678754e-22,-0.00051980857300137093,0.55531849829809377,0.79028833545513399,8.3675032245157166e-23,-0.00073988646055112776,0.0001423336890249427,1.0587911840678754e-22,-4.4986635076034035e-16
119,154,0,0.79022440044111952,0.00094450133744826545,0.00029739803751543969,0.95383333333333331,fraction,-2.3915369938607136,-2.3915368938607138,9.9999999999999995e-08,closed,1.450108273517124,1.450108273517124,0.88898427003987612,0,-0.00050794524344313175,0.55532135438215791,0.79029303237833137,0,-0.00072299395861326419,0.00013465542850599199,0,-4.4985832977930924e-16
119,155,0,0.7902266706152159,0.00093667877170035621,0.000294934922208426,0.95383333333333331,fraction,-2.3915369938607136,-2.3915368938607138,9.9999999999999995e-08,closed,1.4363787056645432,1.4363787056645432,0.8889869691584783,0,-0.00049571843623608233,0.55532425628611948,0.79029783133357723,0,-0.00070558426267695992,0.00012678731358450879,0,-4.4985013475410444e-16
119,156,0,0.79022894078931238,0.00092884498920231019,0.0002924682750488403,0.95383333333333331,fraction,-2.3915369938607136,-2.3915368938607138,9.9999999999999995e-08,closed,1.4219828134616967,1.4219828134616967,0.8889897347491923,2.1175823681357508e-22,-0.00048307101217812126,0.5553272101661213,0.79030274848943927,1.6735311656904595e-22,-0.00068757604716725227,0.00011869768429373373,2.1175823681357508e-22,-4.4984173808788233e-16
119,157,0,0.79023121096340876,0.00092099970327879233,0.00028999800577033915,0.95383333333333331,fraction,-2.3915369938607136,-2.3915368938607138,9.9999999999999995e-08,closed,1.406818674943795,1.406818674943795,0.8889925786193783,6.3764084403932094e-17,-0.00046992904588700904,0.55533022393430509,0.79030780484033147,5.0393253572925191e-17,-0.00066886409409311581,0.00011034531516296298,6.3764084403932094e-17,-4.4983310394644775e-16
119,158,0,0.79023348113750524,0.00091314261697338854,0.00028752402086934417,0.95383333333333331,fraction,-2.3915369938607136,-2.3915368938607138,9.9999999999999995e-08,closed,1.3907517925402322,1.3907517925402322,0.88899551655564824,3.1960141286680854e-17,-0.00045619405311112042,0.555333308067678,0.79031302845604379,2.5258516050159785e-17,-0.00064930822974891154,0.0001016749425551966,3.1960141286680854e-17,-4.4982418441840916e-16
119,159,0,0.79023575131160162,0.00090527342256801363,0.00028504622345371675,0.95383333333333331,fraction,-2.3915369938607136,-2.3915368938607138,9.9999999999999995e-08,closed,1.3735979307009663,1.3735979307009663,0.88899857045848807,-1.3234889800848443e-23,-0.00044172989296864811,0.55533647696947441,0.79031845827723535,-1.0459777702875648e-23,-0.00062871468189893114,9.2609713395530591e-05,-1.3234889800848443e-23,-4.4981491303641339e-16
119,160,0,0.79023802148569811,0.00089739180106764352,0.00028256451308051364,0.95383333333333331,fraction,-2.3915369938607136,-2.3915368938607138,9.9999999999999995e-08,closed,1.3550921565957674,1.3550921565957674,0.88900177220756382,6.9800808809674687e-20,-0.00042633907938562012,0.55533975142800385,0.7903241509881892,5.5165264960795067e-20,-0.00060680236236366591,8.3037502657146156e-05,6.9800808809674687e-20,-4.4980519304556534e-16
119,161,0,0.79024029165979448,0.0008894974216606227,0.00028007878558605271,0.95383333333333331,fraction,-2.3915369938607136,-2.3915368938607138,9.9999999999999995e-08,closed,1.3348274502308219,1.3348274502308219,0.88900517135536539,9.8599929016320899e-22,-0.00040971568661596867,0.55534316349805546,0.79033019469658261,7.7926501096538119e-22,-0.00058313583432134664,7.2783661026809554e-05,9.8599929016320899e-22,-4.4979487405237588e-16
119,162,0,0.79024256183389086,0.00088158994114040747,0.00027758893290383518,0.95383333333333331,fraction,-2.3915369938607136,-2.3915368938607138,9.9999999999999995e-08,closed,1.3121155991811702,1.3121155991811702,0.88900885262617524,1.6323061018161091e-15,-0.00039133835861012312,0.5553467675739312,0.7903367400477086,1.2900714832693267e-15,-0.00055697302503589002,6.1548988183557363e-05,1.6323061018161091e-15,-4.4978369891327016e-16
119,163,0,0.79024483200798734,0.00087366900329596104,0.00027509484287259776,0.95383333333333331,fraction,-2.3915369938607136,-2.3915368938607138,9.9999999999999995e-08,closed,1.2855996787336015,1.2855996787336015,0.88901298485144165,7.9409338805090657e-23,-0.00037017146125937144,0.55535067126875459,0.79034408723446958,6.2760701395802121e-23,-0.00052683985369877647,4.8736154318440583e-05,7.9409338805090657e-23,-8.9954231041837849e-16
119,164,0,0.79024710218208372,0.00086573423826434863,0.00027259639903246192,0.95383333333333331,fraction,-2.3915369938607136,-2.3915368938607138,9.9999999999999995e-08,closed,1.2516699397790383,1.2516699397790383,0.8890180218253152,2.2141970636819445e-20,-0.00034343995882153824,0.5553551617742396,0.79035304313019661,1.7499973873709707e-20,-0.00048878641698496018,3.2736699188795626e-05,2.2141970636819445e-20,-4.4975586561946298e-16
120,152,0,0.79021986009292666,0.00097638703395158742,0.00024470565722067996,0.96999999999999997,fraction,-2.3915369938607136,-2.3915368938607138,9.9999999999999995e-08,closed,1.6410933922896249,1.6410933922896249,0.88891607317765886,0,-0.00078636985275148811,0.55527024439537886,0.79017178515358899,0,-0.0011195527942765857,0.00036507420888065578,0,-4.50065445921397e-16
120,153,0,0.79022213026702315,0.00096845386098304244,0.00024271741665868023,0.96999999999999997,fraction,-2.3915369938607136,-2.3915368938607138,9.9999999999999995e-08,closed,1.6337630048756049,1.6337630048756049,0.88891830157067886,1.8576731670069658e-15,-0.00077755133126603828,0.5552726447178421,0.79017574686730041,1.4678882821750725e-15,-0.0011069895620320119,0.00035858452367520943,1.8576731670069658e-15,-4.5005867645960725e-16
120,154,0,0.79022440044111952,0.00096050983469315131,0.00024072645599794847,0.96999999999999997,fraction,-2.3915369938607136,-2.3915368938607138,9.9999999999999995e-08,closed,1.6262914097958785,1.6262914097958785,0.88892053810655891,2.1293349502789043e-17,-0.00076868063376530986,0.55527505523299703,0.79017972306765427,1.682557301329662e-17,-0.0010943522068904415,0.00035207314639229548,2.1293349502789043e-17,-4.5005188238069794e-16
120,155,0,0.7902266706152159,0.000952554683085108,0.00023873270706965935,0.96999999999999997,fraction,-2.3915369938607136,-2.3915368938607138,9.9999999999999995e-08,closed,1.6186743223709494,1.6186743223709494,0.88892278297775218,-2.1175823681357508e-22,-0.00075975607814791945,0.55527747623491197,0.7901837140969119,-1.6732791005596418e-22,-0.0010816383361213103,0.00034553964001693416,-2.1175823681357508e-22,-4.5004506310136069e-16
120,156,0,0.79022894078931238,0.00094458812461251887,0.0002367360993116352,0.96999999999999997,fraction,-2.3915369938607136,-2.3915368938607138,9.9999999999999995e-08,closed,1.6109072515899097,1.6109072515899097,0.88892503638517639,1.3234889800848443e-23,-0.00075077589193629053,0.55527990802760918,0.79018772031238715,1.0458047400318095e-23,-0.0010688454284172968,0.00033898354406958209,1.3234889800848443e-23,-4.5003821801262167e-16
120,157,0,0.79023121096340876,0.0009366098677411447,0.00023473655965850846,0.96999999999999997,fraction,-2.3915369938607136,-2.3915368938607138,9.9999999999999995e-08,closed,1.602985484856664,1.602985484856664,0.88892729853896135,0,-0.00074173820459427461,0.55528235092562539,0.79019174208777576,0,-0.0010559708229626265,0.00033240437207970874,0,-9.0006269295514453e-16
120,158,0,0.79023348113750524,0.00092861961048141205,0.00023273401242455765,0.96999999999999997,fraction,-2.3915369938607136,-2.3915368938607138,9.9999999999999995e-08,closed,1.5949040712391229,1.5949040712391229,0.88892956965927783,2.7784088862215861e-16,-0.000732641038955186,0.55528480525466151,0.79019577981462885,2.1954869764917606e-16,-0.0010430117072354644,0.00032580160882611509,2.7784088862215861e-16,0
120,159,0,0.79023575131160162,0.00092061703989967491,0.00023072837918121825,0.96999999999999997,fraction,-2.3915369938607136,-2.3915368938607138,9.9999999999999995e-08,closed,1.586657802784641,1.586657802784641,0.88893184997730712,2.0858186326137146e-18,-0.0007234823015659943,0.55528727135228118,0.79019983390407766,1.6482135370453876e-18,-0.0010299651032677605,0.00031917470702036432,2.0858186326137146e-18,-4.5001752136572384e-16
120,160,0,0.79023802148569811,0.00091260183159421371,0.00022871957862575555,0.96999999999999997,fraction,-2.3915369938607136,-2.3915368938607138,9.9999999999999995e-08,closed,1.5782411939835923,1.5782411939835923,0.88893413973630842,2.0434669852509996e-20,-0.00071425977194694177,0.55528974956871857,0.7902039047887307,1.6147555910521953e-20,-0.0010168278523617999,0.00031252308371187976,2.0434669852509996e-20,-4.5001056635079975e-16
120,161,0,0.79024029165979448,0.00090457364914639602,0.00022670752644371255,0.96999999999999997,fraction,-2.3915369938607136,-2.3915368938607138,9.9999999999999995e-08,closed,1.5696484586668393,1.5696484586668393,0.88893643919285448,1.2874900798265365e-19,-0.00070497109038617878,0.55529224026775492,0.79020799292487143,1.0173849518904099e-19,-0.0010035965977218035,0.00030584611604200784,1.2874900798265365e-19,-4.5000358200632795e-16
120,162,0,0.79024256183389086,0.00089653214353261777,0.00022469213516152869,0.96999999999999997,fraction,-2.3915369938607136,-2.3915368938607138,9.9999999999999995e-08,closed,1.5608734842472038,1.5608734842472038,0.88893874861826339,1.274784585617722e-19,-0.00069561374411694524,0.55529474382774047,0.79021209879500409,1.0073502029124997e-19,-0.00099026776478362832,0.00029914313633339074,1.274784585617722e-19,-4.4999656750982945e-16
120,163,0,0.79024483200798734,0.00088847695250436718,0.00022267331399116898,0.96999999999999997,fraction,-2.3915369938607136,-2.3915368938607138,9.9999999999999995e-08,closed,1.5519098029909035,1.5519098029909035,0.88894106830017949,1.14699643063461e-16,-0.00068618505183315394,0.55529726064271967,0.7902162229106644,9.0637518710809533e-17,-0.00097683753918010111,0.0002924134266639733,1.14699643063461e-16,-4.4998952198930548e-16
120,164,0,0.79024710218208372,0.00088040769992984611,0.00022065096866511895,0.96999999999999997,fraction,-2.3915369938607136,-2.3915368938607138,9.9999999999999995e-08,closed,1.5427505594984712,1.5427505594984712,0.88894339854445348,5.2939559203393771e-23,-0.00067668214589040898,0.55529979112372885,0.79022036581576305,4.1833917839831071e-23,-0.0009633018414121644,0.00028565621235565608,5.2939559203393771e-23,-4.4998244451753249e-16
120,165,0,0.7902493723561802,0.00087232399509030393,0.00021862500126002921,0.96999999999999997,fraction,-2.3915369938607136,-2.3915368938607138,9.9999999999999995e-08,closed,1.5333884739884682,1.5333884739884682,0.88894573967729518,1.3234889800848443e-23,-0.00066710195196421017,0.55530233570028975,0.79022452809041344,1.0458534547204087e-23,-0.00094965629790132091,0.00027887065452936177,1.3234889800848443e-23,0
120,166,0,0.79025164253027658,0.0008642254319377882,0.00021659531001069028,0.96999999999999997,fraction,-2.3915369938607136,-2.3915368938607138,9.9999999999999995e-08,closed,1.5238158007548683,1.5238158007548683,0.88894809204774738,-1.0587911840678754e-22,-0.00065744116588382245,0.55530489482209477,0.79022871035533038,-8.3668719192155042e-23,-0.00093589620802280956,0.00027205584150680195,-1.0587911840678754e-22,-8.9993637939009697e-16
120,167,0,0.79025391270437306,0.00085611158829864418,0.00021456178911041066,0.96999999999999997,fraction,-2.3915369938607136,-2.3915368938607138,9.9999999999999995e-08,closed,1.5140242807841544,1.5140242807841544,0.88895045603058809,2.5147852338608541e-16,-0.00064769622684038893,0.55530746896098104,0.79023291327699052,1.9872660616198208e-16,-0.00092201650597871704,0.00026521077871877186,2.5147852338608541e-16,-4.4996101014977504e-16
120,168,0,0.79025618287846944,0.00084798202503166028,0.00021252432850002835,0.96999999999999997,fraction,-2.3915369938607136,-2.3915368938607138,9.9999999999999995e-08,closed,1.5040050874814006,1.5040050874814006,0.88895283202972131,2.6469779601696886e-23,-0.00063786328640711484,0.55531005861320881,0.79023713757366187,2.0917402864650651e-23,-0.00090801171671108243,0.00025833437687317051,2.6469779601696886e-23,-4.4995379424503088e-16
120,169,0,0.79025845305256581,0.00083983628512448701,0.00021048281364145191,0.96999999999999997,fraction,-2.3915369938607136,-2.3915368938607138,9.9999999999999995e-08,closed,1.4937487644113476,1.4937487644113476,0.8889552204821296,1.3004550837545661e-15,-0.00062793817266621225,0.55531266430211434,0.7902413840224316,1.0276734252452154e-15,-0.00089387590485134731,0.00025142543816092378,1.3004550837545661e-15,-4.499465406557836e-16
120,170,0,0.7902607232266623,0.00083167389273374923,0.00020843712527709001,0.96999999999999997,fraction,-2.3915369938607136,-2.3915368938607138,9.9999999999999995e-08,closed,1.4832451530395914,1.4832451530395914,0.88895762186260296,0,-0.00061791634805020003,0.55531528658125762,0.79024565346761455,0,-0.00087960261472411574,0.00024448263971377227,0,-4.4993924794229568e-16
120,171,0,0.79026299340075867,0.00082349435215999271,0.00020638713917294892,0.96999999999999997,fraction,-2.3915369938607136,-2.3915368938607138,9.9999999999999995e-08,closed,1.4724833092600846,1.4724833092600846,0.88896003668922285,2.147175581730448e-16,-0.00060779286038309367,0.55531792603805508,0.79024994683050442,1.696805389298244e-16,-0.00086518480067386495,0.00023750451439608078,2.147175581730448e-16,-4.4993191453348299e-16
120,172,0,0.79026526357485516,0.00081529714674806225,0.00020433272584304102,0.96999999999999997,fraction,-2.3915369938607136,-2.3915368938607138,9.9999999999999995e-08,closed,1.4614514051952112,1.4614514051952112,0.88896246553004943,0,-0.00059756228445738597,0.55532058329820511,0.79025426512126429,0,-0.000850614743922006,0.00023048942737635691,0,-4.4992453870662132e-16
120,173,0,0.79026753374895153,0.0008070817377169874,0.00020227375025612683,0.96999999999999997,fraction,-2.3915369938607136,-2.3915368938607138,9.9999999999999995e-08,closed,1.4501366142417622,1.4501366142417622,0.88896490901099856,2.6469779601696886e-23,-0.00058721865325866637,0.55532325903087176,0.79025860945293291,2.0917971220562589e-23,-0.00083588395469148889,0.00022343554848847091,2.6469779601696886e-23,-4.4991711856344273e-16
120,174,0,0.79026980392304791,0.00079884756290086783,0.00020021007152015089,0.96999999999999997,fraction,-2.3915369938607136,-2.3915368938607138,9.9999999999999995e-08,closed,1.4385249743697841,1.4385249743697841,0.88896736782545172,7.9987968187183751e-18,-0.00057675537529352811,0.5553259539549914,0.790262981058512,6.3211530188417252e-18,-0.00082098305455374743,0.00021634081848764808,7.9987968187183751e-18,-4.4990965200097252e-16
120,175,0,0.79027207409714439,0.00079059403540359806,0.00019814154254508415,0.96999999999999997,fraction,-2.3915369938607136,-2.3915368938607138,9.9999999999999995e-08,closed,1.4266012256647453,1.4266012256647453,0.88896984274581237,4.6368171719476502e-18,-0.0005661651356349734,0.55532866884686538,0.79026738131151442,3.6643253640953318e-18,-0.00080590163560347017,0.00020920290848536194,4.6368171719476502e-18,-4.4990213667646075e-16
120,176,0,0.79027434427124077,0.00078232054215553962,0.00019606800968119178,0.96999999999999997,fraction,-2.3915369938607136,-2.3915368938607138,9.9999999999999995e-08,closed,1.4143486142002035,1.4143486142002035,0.88897233463776226,8.7813493828629418e-18,-0.00055543977534566161,0.55533140454946583,0.79027181175131356,6.9396528864163756e-18,-0.00079062808886103564,0.00020201916981976709,8.7813493828629418e-18,-4.4989456996411794e-16
120,177,0,0.79027661444533726,0.00077402644235935903,0.00019398931232952362,0.96999999999999997,fraction,-2.3915369938607136,-2.3915368938607138,9.9999999999999995e-08,closed,1.4017486547690348,1.4017486547690348,0.88897484447773378,1.712118284196958e-18,-0.00054457014457446869,0.55533416198386831,0.79027627411421097,1.3530464584779878e-18,-0.00077514939520807768,0.0001947865726548148,1.712118284196958e-18,-8.9977389780418527e-16
120,178,0,0.79027888461943363,0.00076571106582548046,0.0001919052825247392,0.96999999999999997,fraction,-2.3915369938607136,-2.3915368938607138,9.9999999999999995e-08,closed,1.3887808400052535,1.3887808400052535,0.88897737337468918,2.6469779601696886e-23,-0.00053354592106790041,0.55533694216345197,0.79028077037216149,2.0918557815210341e-23,-0.00075945086710237054,0.00018750162937730686,2.6469779601696886e-23,-4.4987927012637873e-16
120,179,0,0.79028115479353012,0.00075737371117392237,0.00018981574448444547,0.96999999999999997,fraction,-2.3915369938607136,-2.3915368938607138,9.9999999999999995e-08,closed,1.3754222806397145,1.3754222806397145,0.88897992259745784,0,-0.00052235538409771875,0.55533974621173288,0.79028530278138209,0,-0.00074351582684236913,0.0001801602984523587,0,-4.4987152978785516e-16
120,180,0,0.79028342496762649,0.00074901364390363016,0.00018772051412532602,0.96999999999999997,fraction,-2.3915369938607136,-2.3915368938607138,9.9999999999999995e-08,closed,1.3616472553979733,1.3616472553979733,0.8889824936094286,7.411538288475128e-22,-0.00051098512972149086,0.55534257538494392,0.79028987394403771,5.857263659730418e-22,-0.00072732520133828244,0.00017275786234327573,7.411538288475128e-22,-8.9972744689401085e-16
120,181,0,0.79028569514172287,0.0007406300943035264,0.00018561939853960094,0.96999999999999997,fraction,-2.3915369938607136,-2.3915368938607138,9.9999999999999995e-08,closed,1.3474266409848552,1.3474266409848552,0.88898508811306376,0,-0.00049941970785644444,0.55534543110100765,0.79029448688739179,0,-0.00071085700560975015,0.00016528877086674498,0,-4.498558459388302e-16
120,182,0,0.79028796531581935,0.00073222225520078155,0.00018351219543069023,0.96999999999999997,fraction,-2.3915369938607136,-2.3915368938607138,9.9999999999999995e-08,closed,1.332727179863288,1.332727179863288,0.8889877081078329,1.3234889800848443e-23,-0.00048764115324575466,0.55534831497720805,0.79029914516681754,1.0459522095987556e-23,-0.00069408567527335405,0.00015774643727617388,1.3234889800848443e-23,-4.4984789119703646e-16
120,183,0,0.79029023548991573,0.00072378927952589502,0.00018139869250296552,0.96999999999999997,fraction,-2.3915369938607136,-2.3915368938607138,9.9999999999999995e-08,closed,1.3175105252522983,1.3175105252522983,0.88899035596669018,1.0678497779222865e-15,-0.00047562837022022489,0.55535122887985888,0.79030385300178252,8.4392579391908085e-16,-0.00067698119095439325,0.00015012296898420097,1.0678497779222865e-15,0
120,184,0,0.79029250566401221,0.00071533027767217759,0.00017927866679997415,0.96999999999999997,fraction,-2.3915369938607136,-2.3915368938607138,9.9999999999999995e-08,closed,1.3017319735447437,1.3017319735447437,0.88899303453875667,2.6469779601696886e-23,-0.00046335631165806112,0.55535417499094142,0.79030861545842701,2.0919294868506779e-23,-0.00065950790980450044,0.00014240880595051131,2.6469779601696886e-23,-4.4983171976890166e-16
120,185,0,0.79029477583810859,0.00070684431463948394,0.00017715188398859092,0.96999999999999997,fraction,-2.3915369938607136,-2.3915368938607138,9.9999999999999995e-08,closed,1.2853387488383401,1.2853387488383401,0.88899574728976349,0,-0.00045079486226813018,0.55535715589914347,0.79031343869928505,0,-0.00064162297621634138,0.00013459222593914522,0,0
120,186,0,0.79029704601220507,0.00069833040692647683,0.00017501809758014612,0.96999999999999997,fraction,-2.3915369938607136,-2.3915368938607138,9.9999999999999995e-08,closed,1.2682676273170455,1.2682676273170455,0.88899849849857637,1.011674976376855e-19,-0.00043790728465830243,0.55536017472708421,0.79031833033272325,7.9954527816955325e-20,-0.00062327411029815651,0.00012665865197769577,1.011674976376855e-19,-4.4981513149784853e-16
120,187,0,0.79029931618630145,0.00068978751915890226,0.00017287704808539167,0.96999999999999997,fraction,-2.3915369938607136,-2.3915368938607138,9.9999999999999995e-08,closed,1.2504415605473207,1.2504415605473207,0.8890012935392021,0,-0.00042464800069724518,0.55536323531360154,0.79032329991437456,0,-0.000604396450342636,0.00011858965819155909,0,-4.4980664618948926e-16
120,188,0,0.79030158636039782,0.00068121456041200876,0.00017072846209281246,0.96999999999999997,fraction,-2.3915369938607136,-2.3915368938607138,9.9999999999999995e-08,closed,1.2317647264443503,1.2317647264443503,0.88900413929784095,-5.2939559203393771e-23,-0.00041095932602355995,0.55536634248289229,0.79032835968869497,-4.1839634987860755e-23,-0.00058490790541956134,0.00011036149893084435,-5.2939559203393771e-23,0
120,189,0,0.79030385653449431,0.00067261038020477752,0.0001685720512646858,0.96999999999999997,fraction,-2.3915369938607136,-2.3915368938607138,9.9999999999999995e-08,closed,1.2121150033972647,1.2121150033972647,0.88900704481253767,6.2720513343135194e-17,-0.00039676648433654131,0.5553695024564882,0.79033352572632132,4.9570124445844818e-17,-0.00056470205975555374,0.00010194285166909012,6.2720513343135194e-17,-4.4978918680615049e-16
120,190,0,0.79030612670859068,0.00066397376412482992,0.00016640751124057985,0.96999999999999997,fraction,-2.3915369938607136,-2.3915368938607138,9.9999999999999995e-08,closed,1.1913320062577315,1.1913320062577315,0.88901002229821102,1.1340247563221208e-15,-0.00038196965142570799,0.55537272351201605,0.79033881974666564,8.9626378747512505e-16,-0.00054363684983296345,9.3291198013822907e-05,1.1340247563221208e-15,-8.9956029647553959e-16
120,191,0,0.79030839688268717,0.00065530342903783595,0.00016423452043671838,0.96999999999999997,fraction,-2.3915369938607136,-2.3915368938607138,9.9999999999999995e-08,closed,1.1691969834767906,1.1691969834767906,0.88901308888214403,2.0556192610661386e-17,-0.00036643053830881582,0.55537601709583562,0.7903442722037709,1.6246469088153707e-17,-0.00052151546952173969,8.4346692483805441e-05,2.0556192610661386e-17,0
120,192,0,0.79031066705678354,0.00064659801784432396,0.00016205273873191317,0.96999999999999997,fraction,-2.3915369938607136,-2.3915368938607138,9.9999999999999995e-08,closed,1.1453965597925089,1.1453965597925089,0.8890162697568168,1.9817238420498774e-16,-0.00034994810810109615,0.55537939983893803,0.79034992789232528,1.5662552956666225e-16,-0.00049805181025207161,7.5021016337717406e-05,1.9817238420498774e-16,-4.49761183904359e-16
120,193,0,0.79031293723088003,0.00063785609371652945,0.00015986180602318227,0.96999999999999997,fraction,-2.3915369938607136,-2.3915368938607138,9.9999999999999995e-08,closed,1.1194508686167211,1.1194508686167211,0.88901960447286255,8.7350272685599722e-22,-0.00033221027925806062,0.55538289756881087,0.790355857137085,6.9037799639585277e-22,-0.00047280172472871971,6.5175113368343141e-05,8.7350272685599722e-22,-4.4975106166342343e-16
120,194,0,0.79031520740497641,0.0006290761337668882,0.00015766134063892488,0.96999999999999997,fraction,-2.3915369938607136,-2.3915368938607138,9.9999999999999995e-08,closed,1.0905508061039091,1.0905508061039091,0.88902316128597769,1.9852334701272664e-23,-0.00031268418939657728,0.55538655442661777,0.79036218130291347,1.5690534558453385e-23,-0.00044500684918135725,5.4568389595610611e-05,1.9852334701272664e-23,-8.9948053111808064e-16
120,195,0,0.79031747757907278,0.00062025652206403742,0.00015545093758856618,0.96999999999999997,fraction,-2.3915369938607136,-2.3915368938607138,9.9999999999999995e-08,closed,1.0571052111342305,1.0571052111342305,0.8890270773431429,1.3234889800848443e-23,-0.00029030983386996271,0.5553904583156144,0.79036914424929061,1.0460448526130248e-23,-0.00041315858507684841,4.2716292934841249e-05,1.3234889800848443e-23,-8.9945675875964996e-16
120,196,0,0.79031974775316927,0.00061139554192551405,0.00015323016663092533,0.96999999999999997,fraction,-2.3915369938607136,-2.3915368938607138,9.9999999999999995e-08,closed,1.0148952960076845,1.0148952960076845,0.889031723618396,6.7497937984327058e-22,-0.00026224691770993734,0.55539484493530722,0.790377405599896,5.3348845107395097e-22,-0.00037321459369942938,2.8305191166366761e-05,6.7497937984327058e-22,0
