velocity_row,x_index,x0,velocity_parameter,velocity_mode,requested_iterates,completed_iterates,status,last_return_tau,max_return_tau,terminal_tau,elapsed_seconds,terminal_R,terminal_rho,terminal_theta,terminal_v,terminal_w,message
0,492,0.79193665303188676,-0.96999999999999997,fraction,250,0,outer_limit,nan,0,4.4480802919561198,0.019028744,2.2360679774997898,5.0000000000000009,-0.80416998899433068,59.186212539204945,34.35975302623315,trajectory reached the configured outer_limit radius
0,493,0.79194383195271656,-0.96999999999999997,fraction,250,0,outer_limit,nan,0,4.4455191233819793,0.010730590999999999,2.2360679774997911,5.0000000000000062,-0.80417455816752592,59.185962958761358,34.360042803486593,trajectory reached the configured outer_limit radius
0,494,0.79195101087354636,-0.96999999999999997,fraction,250,0,outer_limit,nan,0,4.442963689154892,0.010960124999999999,2.2360679774997898,5.0000000000000009,-0.80417914057472983,59.185712465697506,34.360332905198348,trajectory reached the configured outer_limit radius
0,495,0.79195818979437616,-0.96999999999999997,fraction,250,0,outer_limit,nan,0,4.4404140349224734,0.0096487770000000007,2.2360679774997911,5.0000000000000062,-0.8041837360615014,59.185461069434837,34.360623324321409,trajectory reached the configured outer_limit radius
0,496,0.79196536871520595,-0.96999999999999997,fraction,250,0,outer_limit,nan,0,4.4378702036985107,0.0087672150000000001,2.2360679774997898,5.0000000000000009,-0.80418834447522847,59.185208779286178,34.360914053902796,trajectory reached the configured outer_limit radius
0,497,0.79197254763603575,-0.96999999999999997,fraction,250,0,outer_limit,nan,0,4.4353322359618268,0.0081327629999999995,2.2360679774997902,5.0000000000000027,-0.80419296566511733,59.184955604459006,34.361205087085388,trajectory reached the configured outer_limit radius
0,498,0.79197972655686566,-0.96999999999999997,fraction,250,0,outer_limit,nan,0,4.4328001697508377,0.010550452,2.2360679774997907,5.0000000000000044,-0.80419759948214808,59.184701554055557,34.361496417102373,trajectory reached the configured outer_limit radius
0,499,0.79198690547769546,-0.96999999999999997,fraction,250,0,outer_limit,nan,0,4.4302740407606036,0.010938280999999999,2.2360679774997898,5.0000000000000009,-0.80420224577905841,59.184446637075098,34.36178803727843,trajectory reached the configured outer_limit radius
0,500,0.79199408439852526,-0.96999999999999997,fraction,250,0,outer_limit,nan,0,4.4277538824153089,0.0099911429999999992,2.2360679774997898,5.0000000000000009,-0.80420690441032783,59.18419086241498,34.362079941029023,trajectory reached the configured outer_limit radius
0,501,0.79200126331935505,-0.96999999999999997,fraction,250,0,outer_limit,nan,0,4.4252397259645093,0.012029450000000001,2.2360679774997898,5.0000000000000009,-0.80421157523214393,59.1839342388717,34.362372121856929,trajectory reached the configured outer_limit radius
0,502,0.79200844224018485,-0.96999999999999997,fraction,250,0,outer_limit,nan,0,4.422731600563,0.011387217,2.2360679774997898,5.0000000000000009,-0.80421625810238062,59.183676775142821,34.362664573352369,trajectory reached the configured outer_limit radius
0,503,0.79201562116101465,-0.96999999999999997,fraction,250,0,outer_limit,nan,0,4.42022953334157,0.01056266,2.2360679774997898,5.0000000000000009,-0.80422095288057827,59.183418479827914,34.362957289191989,trajectory reached the configured outer_limit radius
0,504,0.79202280008184445,-0.96999999999999997,fraction,250,0,outer_limit,nan,0,4.4177335494923193,0.010284273999999999,2.2360679774997898,5.0000000000000009,-0.80422565942791802,59.183159361430114,34.363250263136436,trajectory reached the configured outer_limit radius
0,505,0.79202997900267424,-0.96999999999999997,fraction,250,0,outer_limit,nan,0,4.4152436723276489,0.012024918000000001,2.2360679774997898,5.0000000000000009,-0.80423037760720106,59.182899428357274,34.36354348903032,trajectory reached the configured outer_limit radius
0,506,0.79203715792350404,-0.96999999999999997,fraction,250,0,outer_limit,nan,0,4.4127599233625805,0.012683487,2.2360679774997898,5.0000000000000009,-0.80423510728282899,59.182638688922943,34.363836960800143,trajectory reached the configured outer_limit radius
0,507,0.79204433684433384,-0.96999999999999997,fraction,250,0,outer_limit,nan,0,4.4102823223742051,0.0097904659999999994,2.2360679774997898,5.0000000000000009,-0.80423984832077389,59.182377151348689,34.364130672454259,trajectory reached the configured outer_limit radius
0,508,0.79205151576516364,-0.96999999999999997,fraction,250,0,outer_limit,nan,0,4.4078108874671704,0.010176833999999999,2.2360679774997898,5.0000000000000009,-0.80424460058856573,59.182114823763555,34.364424618079632,trajectory reached the configured outer_limit radius
0,509,0.79205869468599344,-0.96999999999999997,fraction,250,0,outer_limit,nan,0,4.4053456351397147,0.010877085,2.2360679774997898,5.0000000000000009,-0.80424936395526725,59.18185171420717,34.364718791842897,trajectory reached the configured outer_limit radius
1,492,0.79193665303188676,-0.95383333333333331,fraction,250,0,outer_limit,nan,0,4.3764505991484279,0.010176414999999999,2.2360679774997898,5.0000000000000009,-0.80423951405691618,59.182309674948385,34.363873880309065,trajectory reached the configured outer_limit radius
1,493,0.79194383195271656,-0.95383333333333331,fraction,250,0,outer_limit,nan,0,4.3737704420786709,0.0087919379999999991,2.2360679774997898,5.0000000000000009,-0.80424464065035095,59.182026416794812,34.364190241469487,trajectory reached the configured outer_limit radius
1,494,0.79195101087354636,-0.95383333333333331,fraction,250,0,outer_limit,nan,0,4.3710976608098218,0.011196612,2.2360679774997898,5.0000000000000009,-0.80424977984907831,59.181742264685994,34.364506845829524,trajectory reached the configured outer_limit radius
1,495,0.79195818979437616,-0.95383333333333331,fraction,250,0,outer_limit,nan,0,4.3684322719360482,0.010534182,2.2360679774997898,5.0000000000000009,-0.80425493149163041,59.181457228594212,34.364823686354725,trajectory reached the configured outer_limit radius
1,496,0.79196536871520595,-0.95383333333333331,fraction,250,0,outer_limit,nan,0,4.365774290033321,0.014140764,2.2360679774997898,5.0000000000000009,-0.80426009541858468,59.181171318370112,34.365140756112844,trajectory reached the configured outer_limit radius
1,497,0.79197254763603575,-0.95383333333333331,fraction,250,0,outer_limit,nan,0,4.3631237277544077,0.010067156000000001,2.2360679774997898,5.0000000000000009,-0.80426527147251736,59.18088454374589,34.365458048270881,trajectory reached the configured outer_limit radius
1,498,0.79197972655686566,-0.95383333333333331,fraction,250,0,outer_limit,nan,0,4.3604805958960275,0.0090642829999999994,2.2360679774997898,5.0000000000000009,-0.80427045949798592,59.180596914335339,34.365775556094107,trajectory reached the configured outer_limit radius
1,499,0.79198690547769546,-0.95383333333333331,fraction,250,0,outer_limit,nan,0,4.3578449034866562,0.0080758649999999998,2.2360679774997898,5.0000000000000009,-0.80427565934149303,59.180308439637173,34.36609327294542,trajectory reached the configured outer_limit radius
1,500,0.79199408439852526,-0.95383333333333331,fraction,250,0,outer_limit,nan,0,4.3552166578526084,0.011283112,2.2360679774997898,5.0000000000000009,-0.80428087085146016,59.180019129035557,34.366411192282158,trajectory reached the configured outer_limit radius
1,501,0.79200126331935505,-0.95383333333333331,fraction,250,0,outer_limit,nan,0,4.352595864687224,0.0096034499999999995,2.2360679774997898,5.0000000000000009,-0.80428609387819594,59.179728991802385,34.366729307655405,trajectory reached the configured outer_limit radius
1,502,0.79200844224018485,-0.95383333333333331,fraction,250,0,outer_limit,nan,0,4.3499825281246327,0.012093458,2.2360679774997898,5.0000000000000009,-0.80429132827387284,59.179438037098762,34.367047612709321,trajectory reached the configured outer_limit radius
1,503,0.79201562116101465,-0.95383333333333331,fraction,250,0,outer_limit,nan,0,4.3473766508004665,0.0099757309999999998,2.2360679774997898,5.0000000000000009,-0.80429657389249376,59.179146273976755,34.367366101178106,trajectory reached the configured outer_limit radius
1,504,0.79202280008184445,-0.95383333333333331,fraction,250,0,outer_limit,nan,0,4.3447782339131766,0.0096079560000000008,2.2360679774997898,5.0000000000000009,-0.80430183058986937,59.178853711380746,34.367684766886029,trajectory reached the configured outer_limit radius
1,505,0.79202997900267424,-0.95383333333333331,fraction,250,0,outer_limit,nan,0,4.3421872772886463,0.011916021000000001,2.2360679774997898,5.0000000000000009,-0.80430709822358593,59.178560358149284,34.368003603744526,trajectory reached the configured outer_limit radius
1,506,0.79203715792350404,-0.95383333333333331,fraction,250,0,outer_limit,nan,0,4.3396037794320925,0.012810248,2.2360679774997898,5.0000000000000009,-0.8043123766529845,59.178266223016834,34.368322605752866,trajectory reached the configured outer_limit radius
1,507,0.79204433684433384,-0.95383333333333331,fraction,250,0,outer_limit,nan,0,4.3370277375882225,0.0093968609999999994,2.2360679774997902,5.0000000000000027,-0.80431766573913333,59.17797131461414,34.368641766994593,trajectory reached the configured outer_limit radius
1,508,0.79205151576516364,-0.95383333333333331,fraction,250,0,outer_limit,nan,0,4.3344591477894765,0.016516889999999999,2.2360679774997898,5.0000000000000009,-0.80432296534479975,59.177675641471282,34.368961081637693,trajectory reached the configured outer_limit radius
1,509,0.79205869468599344,-0.95383333333333331,fraction,250,0,outer_limit,nan,0,4.3318980049135742,0.010922072,2.2360679774997898,5.0000000000000009,-0.8043282753344283,59.177379212018266,34.369280543932504,trajectory reached the configured outer_limit radius
2,492,0.79193665303188676,-0.93766666666666665,fraction,250,0,outer_limit,nan,0,4.3190326593499551,0.010851489000000001,2.2360679774997898,5.0000000000000009,-0.80429990623192071,59.178883256584712,34.367354977331509,trajectory reached the configured outer_limit radius
2,493,0.79194383195271656,-0.93766666666666665,fraction,250,0,outer_limit,nan,0,4.3162663564273007,0.0091756019999999997,2.2360679774997898,5.0000000000000009,-0.8043054942460387,59.178571852733832,34.367692627283404,trajectory reached the configured outer_limit radius
2,494,0.79195101087354636,-0.93766666666666665,fraction,250,0,outer_limit,nan,0,4.3135086460349861,0.010188173,2.2360679774997898,5.0000000000000009,-0.80431109416246283,59.178259581230257,34.368030444093918,trajectory reached the configured outer_limit radius
2,495,0.79195818979437616,-0.93766666666666665,fraction,250,0,outer_limit,nan,0,4.3107595225875812,0.0084659890000000002,2.2360679774997898,5.0000000000000009,-0.80431670581576165,59.17794645239988,34.368368420850388,trajectory reached the configured outer_limit radius
2,496,0.79196536871520595,-0.93766666666666665,fraction,250,0,outer_limit,nan,0,4.3080189789784358,0.0098078430000000001,2.2360679774997902,5.0000000000000027,-0.80432232904268219,59.177632476438092,34.368706550745927,trajectory reached the configured outer_limit radius
2,497,0.79197254763603575,-0.93766666666666665,fraction,250,0,outer_limit,nan,0,4.3052870066472426,0.0094803390000000008,2.2360679774997898,5.0000000000000009,-0.8043279636821169,59.177317663411181,34.369044827076692,trajectory reached the configured outer_limit radius
2,498,0.79197972655686566,-0.93766666666666665,fraction,250,0,outer_limit,nan,0,4.3025635956576052,0.010814973,2.2360679774997898,5.0000000000000009,-0.80433360957506039,59.177002023259483,34.369383243239881,trajectory reached the configured outer_limit radius
2,499,0.79198690547769546,-0.93766666666666665,fraction,250,0,outer_limit,nan,0,4.299848734747024,0.010572237,2.2360679774997898,5.0000000000000009,-0.80433926656458632,59.176685565798181,34.369721792732371,trajectory reached the configured outer_limit radius
2,500,0.79199408439852526,-0.93766666666666665,fraction,250,0,outer_limit,nan,0,4.2971424113995296,0.010805283000000001,2.2360679774997898,5.0000000000000009,-0.80434493449580979,59.176368300719524,34.370060469149145,trajectory reached the configured outer_limit radius
2,501,0.79200126331935505,-0.93766666666666665,fraction,250,0,outer_limit,nan,0,4.2944446118985038,0.011277893000000001,2.2360679774997898,5.0000000000000009,-0.80435061321585166,59.176050237595611,34.370399266181472,trajectory reached the configured outer_limit radius
2,502,0.79200844224018485,-0.93766666666666665,fraction,250,0,outer_limit,nan,0,4.2917553213869679,0.011519957000000001,2.2360679774997898,5.0000000000000009,-0.80435630257381241,59.175731385879281,34.370738177615138,trajectory reached the configured outer_limit radius
2,503,0.79201562116101465,-0.93766666666666665,fraction,250,0,outer_limit,nan,0,4.2890745239199202,0.0098952129999999999,2.2360679774997898,5.0000000000000009,-0.8043620024207403,59.175411754906243,34.371077197329825,trajectory reached the configured outer_limit radius
2,504,0.79202280008184445,-0.93766666666666665,fraction,250,0,outer_limit,nan,0,4.286402202516455,0.0095903859999999994,2.2360679774997898,5.0000000000000009,-0.80436771260959827,59.17509135389696,34.371416319295854,trajectory reached the configured outer_limit radius
2,505,0.79202997900267424,-0.93766666666666665,fraction,250,0,outer_limit,nan,0,4.2837383392079662,0.009087487,2.2360679774997898,5.0000000000000009,-0.80437343299523134,59.174770191958991,34.371755537574749,trajectory reached the configured outer_limit radius
2,506,0.79203715792350404,-0.93766666666666665,fraction,250,0,outer_limit,nan,0,4.2810829150916971,0.010611228,2.2360679774997907,5.0000000000000044,-0.80437916343434468,59.174448278087446,34.372094846315875,trajectory reached the configured outer_limit radius
2,507,0.79204433684433384,-0.93766666666666665,fraction,250,0,outer_limit,nan,0,4.2784359103701419,0.010269814,2.2360679774997898,5.0000000000000009,-0.80438490378546856,59.174125621167605,34.372434239756039,trajectory reached the configured outer_limit radius
2,508,0.79205151576516364,-0.93766666666666665,fraction,250,0,outer_limit,nan,0,4.2757973043984068,0.0094474740000000008,2.2360679774997898,5.0000000000000009,-0.80439065390893139,59.173802229977021,34.372773712217658,trajectory reached the configured outer_limit radius
2,509,0.79205869468599344,-0.93766666666666665,fraction,250,0,outer_limit,nan,0,4.2731670757253193,0.010498448000000001,2.2360679774997898,5.0000000000000009,-0.80439641366683634,59.173478113185723,34.373113258108049,trajectory reached the configured outer_limit radius
3,492,0.79193665303188676,-0.92149999999999999,fraction,250,0,outer_limit,nan,0,4.2704641142686537,0.013673492000000001,2.2360679774997898,5.0000000000000009,-0.80435412534590678,59.175781748164951,34.370411539279516,trajectory reached the configured outer_limit radius
3,493,0.79194383195271656,-0.92149999999999999,fraction,250,0,outer_limit,nan,0,4.2676307957684365,0.0088268770000000003,2.2360679774997898,5.0000000000000009,-0.80436011171779731,59.175445849250544,34.370767044504802,trajectory reached the configured outer_limit radius
3,494,0.79195101087354636,-0.92149999999999999,fraction,250,0,outer_limit,nan,0,4.264807033074554,0.0084947449999999997,2.2360679774997898,5.0000000000000009,-0.8043661092559673,59.175109113088752,34.37112264431223,trajectory reached the configured outer_limit radius
3,495,0.79195818979437616,-0.92149999999999999,fraction,250,0,outer_limit,nan,0,4.2619928026648699,0.010569113999999999,2.2360679774997898,5.0000000000000009,-0.80437211779284545,59.17477155023937,34.371478331971097,trajectory reached the configured outer_limit radius
3,496,0.79196536871520595,-0.92149999999999999,fraction,250,0,outer_limit,nan,0,4.2591880799089923,0.010426690000000001,2.2360679774997898,5.0000000000000009,-0.80437813716313833,59.174433171124491,34.371834100857861,trajectory reached the configured outer_limit radius
3,497,0.79197254763603575,-0.92149999999999999,fraction,250,0,outer_limit,nan,0,4.2563928391177459,0.0098861709999999992,2.2360679774997898,5.0000000000000009,-0.80438416720379469,59.174093986030272,34.372189944453083,trajectory reached the configured outer_limit radius
3,498,0.79197972655686566,-0.92149999999999999,fraction,250,0,outer_limit,nan,0,4.2536070536105806,0.0088027299999999999,2.2360679774997898,5.0000000000000009,-0.8043902077539572,59.173754005109899,34.372545856339542,trajectory reached the configured outer_limit radius
3,499,0.79198690547769546,-0.92149999999999999,fraction,250,0,outer_limit,nan,0,4.2508306957619757,0.0099856449999999996,2.2360679774997898,5.0000000000000009,-0.80439625865493736,59.173413238385102,34.372901830201478,trajectory reached the configured outer_limit radius
3,500,0.79199408439852526,-0.92149999999999999,fraction,250,0,outer_limit,nan,0,4.2480637370568726,0.011854192,2.2360679774997902,5.0000000000000027,-0.80440231975017562,59.173071695748405,34.373257859821642,trajectory reached the configured outer_limit radius
3,501,0.79200126331935505,-0.92149999999999999,fraction,250,0,outer_limit,nan,0,4.2453061481372041,0.0091228109999999998,2.2360679774997898,5.0000000000000009,-0.80440839088520677,59.172729386965315,34.37361393908013,trajectory reached the configured outer_limit radius
3,502,0.79200844224018485,-0.92149999999999999,fraction,250,0,outer_limit,nan,0,4.242557898851925,0.010966243000000001,2.2360679774997898,5.0000000000000009,-0.80441447190762172,59.172386321676811,34.373970061953194,trajectory reached the configured outer_limit radius
3,503,0.79201562116101465,-0.92149999999999999,fraction,250,0,outer_limit,nan,0,4.239818958299006,0.0099124429999999999,2.2360679774997898,5.0000000000000009,-0.80442056266704243,59.172042509400377,34.374326222510618,trajectory reached the configured outer_limit radius
3,504,0.79202280008184445,-0.92149999999999999,fraction,250,0,outer_limit,nan,0,4.2370892948715584,0.0089889919999999995,2.2360679774997898,5.0000000000000009,-0.80442666301507748,59.17169795953312,34.374682414914773,trajectory reached the configured outer_limit radius
3,505,0.79202997900267424,-0.92149999999999999,fraction,250,0,outer_limit,nan,0,4.2343688763004588,0.010882783,2.2360679774997898,5.0000000000000009,-0.8044327728052999,59.171352681352545,34.375038633418612,trajectory reached the configured outer_limit radius
3,506,0.79203715792350404,-0.92149999999999999,fraction,250,0,outer_limit,nan,0,4.2316576696883814,0.0091217030000000001,2.2360679774997898,5.0000000000000009,-0.8044388918932085,59.171006684019908,34.375394872365256,trajectory reached the configured outer_limit radius
3,507,0.79204433684433384,-0.92149999999999999,fraction,250,0,outer_limit,nan,0,4.2289556415520986,0.008805284,2.2360679774997898,5.0000000000000009,-0.8044450201361979,59.17065997658041,34.375751126183737,trajectory reached the configured outer_limit radius
3,508,0.79205151576516364,-0.92149999999999999,fraction,250,0,outer_limit,nan,0,4.2262627578558725,0.0094213460000000006,2.2360679774997898,5.0000000000000009,-0.80445115739353568,59.170312567966278,34.376107389391585,trajectory reached the configured outer_limit radius
3,509,0.79205869468599344,-0.92149999999999999,fraction,250,0,outer_limit,nan,0,4.2235789840497837,0.010825286,2.2360679774997898,5.0000000000000009,-0.80445730352631539,59.16996446699828,34.376463656588911,trajectory reached the configured outer_limit radius
4,492,0.79193665303188676,-0.90533333333333332,fraction,250,0,outer_limit,nan,0,4.228067388594086,0.0087395029999999992,2.2360679774997898,5.0000000000000009,-0.80440371200962557,59.172926003623061,34.373154832051299,trajectory reached the configured outer_limit radius
4,493,0.79194383195271656,-0.90533333333333332,fraction,250,0,outer_limit,nan,0,4.2251796336398568,0.0089431949999999993,2.2360679774997898,5.0000000000000009,-0.80441005067271243,59.172568288104301,34.373525715906908,trajectory reached the configured outer_limit radius
4,494,0.79195101087354636,-0.90533333333333332,fraction,250,0,outer_limit,nan,0,4.2223022279431559,0.010099749999999999,2.2360679774997898,5.0000000000000009,-0.80441639975211232,59.172209768144,34.373896625565941,trajectory reached the configured outer_limit radius
4,495,0.79195818979437616,-0.90533333333333332,fraction,250,0,outer_limit,nan,0,4.2194351329665389,0.010694861999999999,2.2360679774997898,5.0000000000000009,-0.80442275907933081,59.171850454454813,34.374267554516173,trajectory reached the configured outer_limit radius
4,496,0.79196536871520595,-0.90533333333333332,fraction,250,0,outer_limit,nan,0,4.2165783094069464,0.0093808099999999998,2.2360679774997898,5.0000000000000009,-0.80442912848821724,59.171490357606274,34.374638496351125,trajectory reached the configured outer_limit radius
4,497,0.79197254763603575,-0.90533333333333332,fraction,250,0,outer_limit,nan,0,4.2137317172489022,0.010030644999999999,2.2360679774997898,5.0000000000000009,-0.80443550781493145,59.171129488026821,34.375009444769042,trajectory reached the configured outer_limit radius
4,498,0.79197972655686566,-0.90533333333333332,fraction,250,0,outer_limit,nan,0,4.210895315811146,0.0094720929999999991,2.2360679774997898,5.0000000000000009,-0.80444189689790158,59.170767856006123,34.375380393571362,trajectory reached the configured outer_limit radius
4,499,0.79198690547769546,-0.90533333333333332,fraction,250,0,outer_limit,nan,0,4.2080690637905747,0.0083271089999999992,2.2360679774997898,5.0000000000000009,-0.8044482955777813,59.170405471697968,34.375751336659441,trajectory reached the configured outer_limit radius
4,500,0.79199408439852526,-0.90533333333333332,fraction,250,0,outer_limit,nan,0,4.2052529193074957,0.011106573,2.2360679774997898,5.0000000000000009,-0.80445470369741878,59.170042345121999,34.376122268034067,trajectory reached the configured outer_limit radius
4,501,0.79200126331935505,-0.90533333333333332,fraction,250,0,outer_limit,nan,0,4.2024468399406967,0.010989153,2.2360679774997898,5.0000000000000009,-0.80446112110181733,59.169678486166212,34.376493181793926,trajectory reached the configured outer_limit radius
4,502,0.79200844224018485,-0.90533333333333332,fraction,250,0,outer_limit,nan,0,4.1996507827749401,0.012135557999999999,2.2360679774997898,5.0000000000000009,-0.80446754763809547,59.169313904588996,34.376864072132335,trajectory reached the configured outer_limit radius
4,503,0.79201562116101465,-0.90533333333333332,fraction,250,0,outer_limit,nan,0,4.1968647044323912,0.0080615889999999992,2.2360679774997902,5.0000000000000027,-0.80447398315545338,59.168948610021722,34.377234933336766,trajectory reached the configured outer_limit radius
4,504,0.79202280008184445,-0.90533333333333332,fraction,250,0,outer_limit,nan,0,4.1940885611086234,0.011952839999999999,2.2360679774997898,5.0000000000000009,-0.8044804275051427,59.168582611969867,34.377605759787393,trajectory reached the configured outer_limit radius
4,505,0.79202997900267424,-0.90533333333333332,fraction,250,0,outer_limit,nan,0,4.1913223086080826,0.00950755,2.2360679774997898,5.0000000000000009,-0.80448688054042328,59.168215919816518,34.377976545954326,trajectory reached the configured outer_limit radius
4,506,0.79203715792350404,-0.90533333333333332,fraction,250,0,outer_limit,nan,0,4.1885659023770803,0.010989914,2.2360679774997898,5.0000000000000009,-0.80449334211653445,59.167848542823378,34.378347286396945,trajectory reached the configured outer_limit radius
4,507,0.79204433684433384,-0.90533333333333332,fraction,250,0,outer_limit,nan,0,4.1858192975318982,0.0096778390000000006,2.2360679774997898,5.0000000000000009,-0.80449981209066534,59.167480490132348,34.378717975761724,trajectory reached the configured outer_limit radius
4,508,0.79205151576516364,-0.90533333333333332,fraction,250,0,outer_limit,nan,0,4.1830824488913043,0.0094279099999999994,2.2360679774997898,5.0000000000000009,-0.80450629032191323,59.167111770769452,34.37908860878202,trajectory reached the configured outer_limit radius
4,509,0.79205869468599344,-0.90533333333333332,fraction,250,0,outer_limit,nan,0,4.1803553110008709,0.0094215730000000008,2.2360679774997898,5.0000000000000009,-0.80451277667126264,59.166742393644029,34.379459180273876,trajectory reached the configured outer_limit radius
5,492,0.79193665303188676,-0.88916666666666666,fraction,250,0,outer_limit,nan,0,4.1902778126205131,0.010318467,2.2360679774997898,5.0000000000000009,-0.80444960357190332,59.170267701488612,34.375652086440269,trajectory reached the configured outer_limit radius
5,493,0.79194383195271656,-0.88916666666666666,fraction,250,0,outer_limit,nan,0,4.1873445253462371,0.010156059,2.2360679774997898,5.0000000000000009,-0.80445625870182258,59.169890261084007,34.376036446399489,trajectory reached the configured outer_limit radius
5,494,0.79195101087354636,-0.88916666666666666,fraction,250,0,outer_limit,nan,0,4.1844222587164763,0.011246683,2.2360679774997898,5.0000000000000009,-0.8044629234944094,59.169512050490056,34.376420766469799,trajectory reached the configured outer_limit radius
5,495,0.79195818979437616,-0.88916666666666666,fraction,250,0,outer_limit,nan,0,4.1815109613128554,0.0097383850000000004,2.2360679774997898,5.0000000000000009,-0.80446959778109806,59.16913308051403,34.376805040378471,trajectory reached the configured outer_limit radius
5,496,0.79196536871520595,-0.88916666666666666,fraction,250,0,outer_limit,nan,0,4.1786105812607985,0.012498202999999999,2.2360679774997898,5.0000000000000009,-0.80447628139572425,59.168753361815192,34.377189261957703,trajectory reached the configured outer_limit radius
5,497,0.79197254763603575,-0.88916666666666666,fraction,250,0,outer_limit,nan,0,4.1757210662668358,0.0087669129999999994,2.2360679774997898,5.0000000000000009,-0.80448297417447778,59.168372904908395,34.377573425145229,trajectory reached the configured outer_limit radius
5,498,0.79197972655686566,-0.88916666666666666,fraction,250,0,outer_limit,nan,0,4.1728423636599823,0.01240927,2.2360679774997898,5.0000000000000009,-0.80448967595586729,59.167991720165375,34.377957523979475,trajectory reached the configured outer_limit radius
5,499,0.79198690547769546,-0.88916666666666666,fraction,250,0,outer_limit,nan,0,4.1699744204262545,0.0094505019999999995,2.2360679774997898,5.0000000000000009,-0.80449638658067701,59.167609817817805,34.378341552599281,trajectory reached the configured outer_limit radius
5,500,0.79199408439852526,-0.88916666666666666,fraction,250,0,outer_limit,nan,0,4.1671171832466101,0.0084604280000000007,2.2360679774997898,5.0000000000000009,-0.80450310589192175,59.167227207960337,34.378725505241704,trajectory reached the configured outer_limit radius
5,501,0.79200126331935505,-0.88916666666666666,fraction,250,0,outer_limit,nan,0,4.1642705985261932,0.010237265000000001,2.2360679774997898,5.0000000000000009,-0.80450983373482066,59.166843900551697,34.379109376241011,trajectory reached the configured outer_limit radius
5,502,0.79200844224018485,-0.88916666666666666,fraction,250,0,outer_limit,nan,0,4.1614346124316484,0.011765523,2.2360679774997898,5.0000000000000009,-0.80451656995674847,59.166459905417447,34.379493160025092,trajectory reached the configured outer_limit radius
5,503,0.79201562116101465,-0.88916666666666666,fraction,250,0,outer_limit,nan,0,4.1586091709169066,0.0083030389999999999,2.2360679774997902,5.0000000000000027,-0.80452331440719749,59.166075232253789,34.379876851116123,trajectory reached the configured outer_limit radius
5,504,0.79202280008184445,-0.88916666666666666,fraction,250,0,outer_limit,nan,0,4.1557942197567721,0.010782557999999999,2.2360679774997898,5.0000000000000009,-0.80453006693775386,59.165689890626531,34.38026044412711,trajectory reached the configured outer_limit radius
5,505,0.79202997900267424,-0.88916666666666666,fraction,250,0,outer_limit,nan,0,4.1529897045671973,0.010187844999999999,2.2360679774997898,5.0000000000000009,-0.80453682740204724,59.165303889976222,34.380643933759806,trajectory reached the configured outer_limit radius
5,506,0.79203715792350404,-0.88916666666666666,fraction,250,0,outer_limit,nan,0,4.1501955708371376,0.0061602790000000003,2.2360679774997898,5.0000000000000009,-0.80454359565572187,59.164917239619214,34.38102731480528,trajectory reached the configured outer_limit radius
5,507,0.79204433684433384,-0.88916666666666666,fraction,250,0,outer_limit,nan,0,4.1474117639514212,0.0094977329999999995,2.2360679774997898,5.0000000000000009,-0.80455037155640707,59.164529948749447,34.38141058214147,trajectory reached the configured outer_limit radius
5,508,0.79205151576516364,-0.88916666666666666,fraction,250,0,outer_limit,nan,0,4.1446382292130766,0.0095578850000000003,2.2360679774997898,5.0000000000000009,-0.80455715496367308,59.164142026440771,34.38179373072969,trajectory reached the configured outer_limit radius
5,509,0.79205869468599344,-0.88916666666666666,fraction,250,0,outer_limit,nan,0,4.1418749118689835,0.010297818,2.2360679774997898,5.0000000000000009,-0.8045639457390048,59.163753481649124,34.382176755615269,trajectory reached the configured outer_limit radius
6,492,0.79193665303188676,-0.873,fraction,250,0,outer_limit,nan,0,4.1560880102429101,0.0099669210000000001,2.2360679774997898,5.0000000000000009,-0.80449242756819062,59.167774380214773,34.377948001820052,trajectory reached the configured outer_limit radius
6,493,0.79194383195271656,-0.873,fraction,250,0,outer_limit,nan,0,4.153115817473636,0.010525525000000001,2.2360679774997898,5.0000000000000009,-0.80449937012830042,59.167378917168257,34.378344314087265,trajectory reached the configured outer_limit radius
6,494,0.79195101087354636,-0.873,fraction,250,0,outer_limit,nan,0,4.1501552247108098,0.0090009229999999992,2.2360679774997898,5.0000000000000009,-0.80450632159975433,59.166982719043872,34.378740523541445,trajectory reached the configured outer_limit radius
6,495,0.79195818979437616,-0.873,fraction,250,0,outer_limit,nan,0,4.1472061693006737,0.0086182269999999991,2.2360679774997898,5.0000000000000009,-0.80451328181455073,59.166585796699067,34.379136624163095,trajectory reached the configured outer_limit radius
6,496,0.79196536871520595,-0.873,fraction,250,0,outer_limit,nan,0,4.1442685884007409,0.010026180000000001,2.2360679774997898,5.0000000000000009,-0.80452025060712629,59.166188160840512,34.379532610037963,trajectory reached the configured outer_limit radius
6,497,0.79197254763603575,-0.873,fraction,250,0,outer_limit,nan,0,4.1413424190120791,0.0082934020000000001,2.2360679774997898,5.0000000000000009,-0.80452722781430963,59.165789822026781,34.379928475354959,trajectory reached the configured outer_limit radius
6,498,0.79197972655686566,-0.873,fraction,250,0,outer_limit,nan,0,4.1384275980107299,0.0089754529999999996,2.2360679774997898,5.0000000000000009,-0.80453421327527919,59.165390790670344,34.380324214402272,trajectory reached the configured outer_limit radius
6,499,0.79198690547769546,-0.873,fraction,250,0,outer_limit,nan,0,4.1355240621780496,0.0084563180000000009,2.2360679774997898,5.0000000000000009,-0.80454120683151775,59.164991077041691,34.380719821569038,trajectory reached the configured outer_limit radius
6,500,0.79199408439852526,-0.873,fraction,250,0,outer_limit,nan,0,4.1326317482309385,0.010026559000000001,2.2360679774997898,5.0000000000000009,-0.80454820832677754,59.164590691269822,34.381115291339789,trajectory reached the configured outer_limit radius
6,501,0.79200126331935505,-0.873,fraction,250,0,outer_limit,nan,0,4.1297505928425142,0.010277125999999999,2.2360679774997898,5.0000000000000009,-0.80455521760703896,59.164189643345757,34.381510618294456,trajectory reached the configured outer_limit radius
6,502,0.79200844224018485,-0.873,fraction,250,0,outer_limit,nan,0,4.1268805326749547,0.0087885659999999994,2.2360679774997898,5.0000000000000009,-0.80456223452046383,59.163787943125797,34.381905797107635,trajectory reached the configured outer_limit radius
6,503,0.79201562116101465,-0.873,fraction,250,0,outer_limit,nan,0,4.124021504398149,0.010525292,2.2360679774997898,5.0000000000000009,-0.80456925891736775,59.163385600331942,34.382300822544515,trajectory reached the configured outer_limit radius
6,504,0.79202280008184445,-0.873,fraction,250,0,outer_limit,nan,0,4.1211734447146835,0.011890305,2.2360679774997898,5.0000000000000009,-0.80457629065017733,59.162982624555291,34.382695689460071,trajectory reached the configured outer_limit radius
6,505,0.79202997900267424,-0.873,fraction,250,0,outer_limit,nan,0,4.1183362903830858,0.010169999000000001,2.2360679774997898,5.0000000000000009,-0.80458332957338752,59.162579025259014,34.383090392798756,trajectory reached the configured outer_limit radius
6,506,0.79203715792350404,-0.873,fraction,250,0,outer_limit,nan,0,4.1155099782310058,0.010504556,2.2360679774997898,5.0000000000000009,-0.80459037554354218,59.162174811778449,34.383484927591034,trajectory reached the configured outer_limit radius
6,507,0.79204433684433384,-0.873,fraction,250,0,outer_limit,nan,0,4.1126944451839744,0.0091483350000000005,2.2360679774997898,5.0000000000000009,-0.80459742841917803,59.16176999332589,34.383879288952855,trajectory reached the configured outer_limit radius
6,508,0.79205151576516364,-0.873,fraction,250,0,outer_limit,nan,0,4.1098896282765809,0.010405493,2.2360679774997907,5.0000000000000044,-0.80460448806080687,59.161364578990352,34.384273472083279,trajectory reached the configured outer_limit radius
6,509,0.79205869468599344,-0.873,fraction,250,0,outer_limit,nan,0,4.1070954646718247,0.0092749640000000001,2.2360679774997898,5.0000000000000009,-0.80461155433087184,59.160958577740864,34.38466747226407,trajectory reached the configured outer_limit radius
7,492,0.79193665303188676,-0.85683333333333334,fraction,250,0,outer_limit,nan,0,4.1248049470251686,0.0094662470000000005,2.2360679774997898,5.0000000000000009,-0.80453263230324934,59.165422771304762,34.38007429326975,trajectory reached the configured outer_limit radius
7,493,0.79194383195271656,-0.85683333333333334,fraction,250,0,outer_limit,nan,0,4.1217989643041246,0.009305799,2.2360679774997898,5.0000000000000009,-0.80453983805572715,59.165010712048328,34.380481300541824,trajectory reached the configured outer_limit radius
7,494,0.79195101087354636,-0.85683333333333334,fraction,250,0,outer_limit,nan,0,4.1188050891271093,0.0086938840000000007,2.2360679774997898,5.0000000000000009,-0.80454705197425702,59.16459795330001,34.380888144590209,trajectory reached the configured outer_limit radius
7,495,0.79195818979437616,-0.85683333333333334,fraction,250,0,outer_limit,nan,0,4.115823248904249,0.010491337999999999,2.2360679774997898,5.0000000000000009,-0.80455427389188849,59.16418450593364,34.381294819659793,trajectory reached the configured outer_limit radius
7,496,0.79196536871520595,-0.85683333333333334,fraction,250,0,outer_limit,nan,0,4.1128533710958433,0.012092004,2.2360679774997902,5.0000000000000027,-0.80456150364412959,59.163770380669618,34.381701320097442,trajectory reached the configured outer_limit radius
7,497,0.79197254763603575,-0.85683333333333334,fraction,250,0,outer_limit,nan,0,4.1098953832416418,0.0093038689999999993,2.2360679774997898,5.0000000000000009,-0.8045687410689002,59.163355588077977,34.382107640351087,trajectory reached the configured outer_limit radius
7,498,0.79197972655686566,-0.85683333333333334,fraction,250,0,outer_limit,nan,0,4.106949212983662,0.011536138,2.2360679774997898,5.0000000000000009,-0.80457598600650038,59.162940138580218,34.382513774968203,trajectory reached the configured outer_limit radius
7,499,0.79198690547769546,-0.85683333333333334,fraction,250,0,outer_limit,nan,0,4.1040147880872011,0.010285106,2.2360679774997898,5.0000000000000009,-0.80458323829955014,59.162524042453484,34.382919718593669,trajectory reached the configured outer_limit radius
7,500,0.79199408439852526,-0.85683333333333334,fraction,250,0,outer_limit,nan,0,4.1010920364679819,0.011373672,2.2360679774997898,5.0000000000000009,-0.80459049779295944,59.162107309831576,34.383325465966706,trajectory reached the configured outer_limit radius
7,501,0.79200126331935505,-0.85683333333333334,fraction,250,0,outer_limit,nan,0,4.0981808862104474,0.010931132,2.2360679774997898,5.0000000000000009,-0.80459776433388563,59.161689950708215,34.383731011920929,trajectory reached the configured outer_limit radius
7,502,0.79200844224018485,-0.85683333333333334,fraction,250,0,outer_limit,nan,0,4.0952812655860535,0.010966279000000001,2.2360679774997898,5.0000000000000009,-0.80460503777168879,59.161271974939737,34.38413635138194,trajectory reached the configured outer_limit radius
7,503,0.79201562116101465,-0.85683333333333334,fraction,250,0,outer_limit,nan,0,4.0923931030714646,0.0095571140000000002,2.2360679774997898,5.0000000000000009,-0.80461231795789145,59.16085339224734,34.384541479364223,trajectory reached the configured outer_limit radius
7,504,0.79202280008184445,-0.85683333333333334,fraction,250,0,outer_limit,nan,0,4.0895163273684725,0.010241504,2.2360679774997898,5.0000000000000009,-0.80461960474615513,59.160434212218398,34.384946390971876,trajectory reached the configured outer_limit radius
7,505,0.79202997900267424,-0.85683333333333334,fraction,250,0,outer_limit,nan,0,4.086650867419845,0.0097828189999999999,2.2360679774997902,5.0000000000000027,-0.8046268979922192,59.160014444311074,34.385351081395342,trajectory reached the configured outer_limit radius
7,506,0.79203715792350404,-0.85683333333333334,fraction,250,0,outer_limit,nan,0,4.0837966524197329,0.012066748,2.2360679774997898,5.0000000000000009,-0.80463419755388199,59.159594097854047,34.385755545909412,trajectory reached the configured outer_limit radius
7,507,0.79204433684433384,-0.85683333333333334,fraction,250,0,outer_limit,nan,0,4.0809536118336398,0.010364437000000001,2.2360679774997898,5.0000000000000009,-0.80464150329095707,59.159173182050786,34.386159779873658,trajectory reached the configured outer_limit radius
7,508,0.79205151576516364,-0.85683333333333334,fraction,250,0,outer_limit,nan,0,4.0781216754093403,0.0094392139999999996,2.2360679774997898,5.0000000000000009,-0.80464881506524388,59.158751705980137,34.386563778728721,trajectory reached the configured outer_limit radius
7,509,0.79205869468599344,-0.85683333333333334,fraction,250,0,outer_limit,nan,0,4.0753007731895643,0.010264204000000001,2.2360679774997898,5.0000000000000009,-0.80465613274048187,59.158329678599898,34.386967537995965,trajectory reached the configured outer_limit radius
8,492,0.79193665303188676,-0.84066666666666667,fraction,250,0,outer_limit,nan,0,4.0959281902516,0.011062893000000001,2.2360679774997898,5.0000000000000009,-0.80457055345597384,59.16319539465654,34.382054549376498,trajectory reached the configured outer_limit radius
8,493,0.79194383195271656,-0.84066666666666667,fraction,250,0,outer_limit,nan,0,4.0928924784081904,0.0080675580000000007,2.2360679774997898,5.0000000000000009,-0.80457800171866012,59.162767960915232,34.382471190860841,trajectory reached the configured outer_limit radius
8,494,0.79195101087354636,-0.84066666666666667,fraction,250,0,outer_limit,nan,0,4.0898693240798929,0.011370844,2.2360679774997911,5.0000000000000062,-0.80458545741052245,59.16233986347963,34.382887611019207,trajectory reached the configured outer_limit radius
8,495,0.79195818979437616,-0.84066666666666667,fraction,250,0,outer_limit,nan,0,4.0868586457932734,0.0090084229999999998,2.2360679774997898,5.0000000000000009,-0.80459292036602958,59.161911113212398,34.38330380436436,trajectory reached the configured outer_limit radius
8,496,0.79196536871520595,-0.84066666666666667,fraction,250,0,outer_limit,nan,0,4.0838603623473126,0.0085304590000000007,2.2360679774997898,5.0000000000000009,-0.80460039042212694,59.16148172082179,34.383719765510421,trajectory reached the configured outer_limit radius
8,497,0.79197254763603575,-0.84066666666666667,fraction,250,0,outer_limit,nan,0,4.0808743928260647,0.0091504429999999994,2.2360679774997898,5.0000000000000009,-0.80460786741818657,59.161051696863062,34.384135489169388,trajectory reached the configured outer_limit radius
8,498,0.79197972655686566,-0.84066666666666667,fraction,250,0,outer_limit,nan,0,4.0779006566219884,0.010937410999999999,2.2360679774997898,5.0000000000000009,-0.80461535119596761,59.160621051742012,34.384550970152198,trajectory reached the configured outer_limit radius
8,499,0.79198690547769546,-0.84066666666666667,fraction,250,0,outer_limit,nan,0,4.0749390734542077,0.0093673579999999992,2.2360679774997898,5.0000000000000009,-0.80462284159957065,59.160189795717407,34.384966203363497,trajectory reached the configured outer_limit radius
8,500,0.79199408439852526,-0.84066666666666667,fraction,250,0,outer_limit,nan,0,4.0719895633798044,0.010283522,2.2360679774997898,5.0000000000000009,-0.80463033847539045,59.159757938903738,34.385381183801478,trajectory reached the configured outer_limit radius
8,501,0.79200126331935505,-0.84066666666666667,fraction,250,0,outer_limit,nan,0,4.0690520468137921,0.010214875,2.2360679774997898,5.0000000000000009,-0.80463784167208097,59.15932549127389,34.385795906556289,trajectory reached the configured outer_limit radius
8,502,0.79200844224018485,-0.84066666666666667,fraction,250,0,outer_limit,nan,0,4.0661264445413527,0.0086786280000000007,2.2360679774997902,5.0000000000000027,-0.80464535104051316,59.158892462661385,34.38621036680847,trajectory reached the configured outer_limit radius
8,503,0.79201562116101465,-0.84066666666666667,fraction,250,0,outer_limit,nan,0,4.0632126777327375,0.0099277919999999995,2.2360679774997898,5.0000000000000009,-0.8046528664337268,59.15845886276329,34.386624559824973,trajectory reached the configured outer_limit radius
8,504,0.79202280008184445,-0.84066666666666667,fraction,250,0,outer_limit,nan,0,4.06031066795068,0.012161893,2.2360679774997898,5.0000000000000009,-0.80466038770690762,59.158024701142502,34.387038480961763,trajectory reached the configured outer_limit radius
8,505,0.79202997900267424,-0.84066666666666667,fraction,250,0,outer_limit,nan,0,4.0574203371675948,0.010884163000000001,2.2360679774997907,5.0000000000000044,-0.80466791471733168,59.157589987229535,34.38745212565729,trajectory reached the configured outer_limit radius
8,506,0.79203715792350404,-0.84066666666666667,fraction,250,0,outer_limit,nan,0,4.0545416077728031,0.0087310489999999994,2.2360679774997898,5.0000000000000009,-0.80467544732433749,59.157154730325566,34.387865489433807,trajectory reached the configured outer_limit radius
8,507,0.79204433684433384,-0.84066666666666667,fraction,250,0,outer_limit,nan,0,4.0516744025839575,0.0092851909999999999,2.2360679774997898,5.0000000000000009,-0.80468298538928973,59.156718939604936,34.388278567896293,trajectory reached the configured outer_limit radius
8,508,0.79205151576516364,-0.84066666666666667,fraction,250,0,outer_limit,nan,0,4.0488186448512637,0.010132087999999999,2.2360679774997898,5.0000000000000009,-0.80469052877554159,59.156282624116066,34.388691356728508,trajectory reached the configured outer_limit radius
8,509,0.79205869468599344,-0.84066666666666667,fraction,250,0,outer_limit,nan,0,4.0459742582730245,0.0085497109999999998,2.2360679774997898,5.0000000000000009,-0.80469807734839616,59.155845792785072,34.389103851693527,trajectory reached the configured outer_limit radius
9,492,0.79193665303188676,-0.82450000000000001,fraction,250,0,outer_limit,nan,0,4.069082763485711,0.012340145,2.2360679774997898,5.0000000000000009,-0.80460645147966758,59.161078644313193,34.383906953083354,trajectory reached the configured outer_limit radius
9,493,0.79194383195271656,-0.82450000000000001,fraction,250,0,outer_limit,nan,0,4.0660206182252301,0.008822257,2.2360679774997898,5.0000000000000009,-0.80461412430050294,59.160636900369511,34.384332318150015,trajectory reached the configured outer_limit radius
9,494,0.79195101087354636,-0.82450000000000001,fraction,250,0,outer_limit,nan,0,4.0629714333300671,0.011272393,2.2360679774997898,5.0000000000000009,-0.80462180382360671,59.160194528553831,34.384757405922379,trajectory reached the configured outer_limit radius
9,495,0.79195818979437616,-0.82450000000000001,fraction,250,0,outer_limit,nan,0,4.0599351193204232,0.0095116390000000006,2.2360679774997898,5.0000000000000009,-0.80462948988515837,59.159751539696991,34.385182211184159,trajectory reached the configured outer_limit radius
9,496,0.79196536871520595,-0.82450000000000001,fraction,250,0,outer_limit,nan,0,4.0569115871832251,0.0083133359999999993,2.2360679774997898,5.0000000000000009,-0.80463718232382841,59.159307944472786,34.385606728818324,trajectory reached the configured outer_limit radius
9,497,0.79197254763603575,-0.82450000000000001,fraction,250,0,outer_limit,nan,0,4.0539007483825502,0.010902317,2.2360679774997898,5.0000000000000009,-0.80464488098072184,59.158863753401349,34.386030953805431,trajectory reached the configured outer_limit radius
9,498,0.79197972655686566,-0.82450000000000001,fraction,250,0,outer_limit,nan,0,4.050902514879561,0.010375066,2.2360679774997898,5.0000000000000009,-0.80465258569933029,59.158418976851785,34.38645488121935,trajectory reached the configured outer_limit radius
9,499,0.79198690547769546,-0.82450000000000001,fraction,250,0,outer_limit,nan,0,4.0479167991388376,0.0098013939999999997,2.2360679774997898,5.0000000000000009,-0.80466029632549319,59.157973625045301,34.386878506227909,trajectory reached the configured outer_limit radius
9,500,0.79199408439852526,-0.82450000000000001,fraction,250,0,outer_limit,nan,0,4.044943514142223,0.0089203159999999993,2.2360679774997898,5.0000000000000009,-0.80466801270735533,59.157527708057529,34.387301824090464,trajectory reached the configured outer_limit radius
9,501,0.79200126331935505,-0.82450000000000001,fraction,250,0,outer_limit,nan,0,4.0419825733988901,0.0088442899999999994,2.2360679774997898,5.0000000000000009,-0.80467573469531706,59.157081235821323,34.387724830155051,trajectory reached the configured outer_limit radius
9,502,0.79200844224018485,-0.82450000000000001,fraction,250,0,outer_limit,nan,0,4.0390338909530792,0.010325394,2.2360679774997898,5.0000000000000009,-0.80468346214200037,59.156634218129241,34.388147519857505,trajectory reached the configured outer_limit radius
9,503,0.79201562116101465,-0.82450000000000001,fraction,250,0,outer_limit,nan,0,4.0360973813936658,0.009537851,2.2360679774997898,5.0000000000000009,-0.80469119490220842,59.156186664636252,34.388569888720482,trajectory reached the configured outer_limit radius
9,504,0.79202280008184445,-0.82450000000000001,fraction,250,0,outer_limit,nan,0,4.0331729598624939,0.0088530450000000004,2.2360679774997898,5.0000000000000009,-0.80469893283287841,59.155738584861822,34.388991932349583,trajectory reached the configured outer_limit radius
9,505,0.79202997900267424,-0.82450000000000001,fraction,250,0,outer_limit,nan,0,4.0302605420589215,0.010829936,2.2360679774997898,5.0000000000000009,-0.80470667579304844,59.155289988193147,34.389413646434669,trajectory reached the configured outer_limit radius
9,506,0.79203715792350404,-0.82450000000000001,fraction,250,0,outer_limit,nan,0,4.0273600442484607,0.011850868000000001,2.2360679774997898,5.0000000000000009,-0.80471442364382451,59.154840883886266,34.389835026745644,trajectory reached the configured outer_limit radius
9,507,0.79204433684433384,-0.82450000000000001,fraction,250,0,outer_limit,nan,0,4.0244713832662713,0.012085883,2.2360679774997898,5.0000000000000009,-0.80472217624833198,59.154391281069543,34.39025606913269,trajectory reached the configured outer_limit radius
9,508,0.79205151576516364,-0.82450000000000001,fraction,250,0,outer_limit,nan,0,4.0215944765244132,0.0098302340000000002,2.2360679774997898,5.0000000000000009,-0.80472993347168698,59.153941188745144,34.390676769523097,trajectory reached the configured outer_limit radius
9,509,0.79205869468599344,-0.82450000000000001,fraction,250,0,outer_limit,nan,0,4.0187292420141754,0.013042303999999999,2.2360679774997898,5.0000000000000009,-0.8047376951809615,59.153490615791895,34.391097123922151,trajectory reached the configured outer_limit radius
10,492,0.79193665303188676,-0.80833333333333335,fraction,250,0,outer_limit,nan,0,4.0439793605172243,0.012278953,2.2360679774997898,5.0000000000000009,-0.8046405341664763,59.159061632016972,34.385645918903727,trajectory reached the configured outer_limit radius
10,493,0.79194383195271656,-0.80833333333333335,fraction,250,0,outer_limit,nan,0,4.0408935051584098,0.011861589000000001,2.2360679774997898,5.0000000000000009,-0.80464841574907076,59.15860651762965,34.386079214926355,trajectory reached the configured outer_limit radius
10,494,0.79195101087354636,-0.80833333333333335,fraction,250,0,outer_limit,nan,0,4.0378209737839859,0.0086285340000000002,2.2360679774997898,5.0000000000000009,-0.80465630331801008,59.158150811082933,34.386512179671456,trajectory reached the configured outer_limit radius
10,495,0.79195818979437616,-0.80833333333333335,fraction,250,0,outer_limit,nan,0,4.0347616696394892,0.011954294000000001,2.2360679774997898,5.0000000000000009,-0.80466419671143063,59.157694523156799,34.386944808195715,trajectory reached the configured outer_limit radius
10,496,0.79196536871520595,-0.80833333333333335,fraction,250,0,outer_limit,nan,0,4.0317154966183795,0.011104851000000001,2.2360679774997898,5.0000000000000009,-0.80467209576995058,59.157237664474152,34.387377095652674,trajectory reached the configured outer_limit radius
10,497,0.79197254763603575,-0.80833333333333335,fraction,250,0,outer_limit,nan,0,4.0286823592674335,0.0098137180000000008,2.2360679774997898,5.0000000000000009,-0.80468000033662646,59.156780245502546,34.387809037289806,trajectory reached the configured outer_limit radius
10,498,0.79197972655686566,-0.80833333333333335,fraction,250,0,outer_limit,nan,0,4.0256621627982243,0.0093599519999999995,2.2360679774997902,5.0000000000000027,-0.80468791025690245,59.156322276558541,34.38824062844747,trajectory reached the configured outer_limit radius
10,499,0.79198690547769546,-0.80833333333333335,fraction,250,0,outer_limit,nan,0,4.0226548130933777,0.014894477999999999,2.2360679774997898,5.0000000000000009,-0.80469582537857098,59.155863767808967,34.388671864556365,trajectory reached the configured outer_limit radius
10,500,0.79199408439852526,-0.80833333333333335,fraction,250,0,outer_limit,nan,0,4.0196602167128752,0.015757371999999999,2.2360679774997898,5.0000000000000009,-0.80470374555172342,59.155404729274977,34.389102741135972,trajectory reached the configured outer_limit radius
10,501,0.79200126331935505,-0.80833333333333335,fraction,250,0,outer_limit,nan,0,4.0166782808995665,0.0087061680000000002,2.2360679774997902,5.0000000000000027,-0.80471167062871007,59.154945170834047,34.389533253792841,trajectory reached the configured outer_limit radius
10,502,0.79200844224018485,-0.80833333333333335,fraction,250,0,outer_limit,nan,0,4.01370891358214,0.0097143739999999996,2.2360679774997898,5.0000000000000009,-0.80471960046410029,59.15448510222253,34.389963398219273,trajectory reached the configured outer_limit radius
10,503,0.79201562116101465,-0.80833333333333335,fraction,250,0,outer_limit,nan,0,4.0107520233828566,0.0088092680000000003,2.2360679774997898,5.0000000000000009,-0.80472753491464066,59.154024533038609,34.390393170191032,trajectory reached the configured outer_limit radius
10,504,0.79202280008184445,-0.80833333333333335,fraction,250,0,outer_limit,nan,0,4.0078075196168035,0.010662965999999999,2.2360679774997898,5.0000000000000009,-0.80473547383921007,59.153563472744423,34.390822565565777,trajectory reached the configured outer_limit radius
10,505,0.79202997900267424,-0.80833333333333335,fraction,250,0,outer_limit,nan,0,4.0048753122978615,0.0065953330000000001,2.2360679774997898,5.0000000000000009,-0.80474341709878905,59.15310193066874,34.391251580282102,trajectory reached the configured outer_limit radius
10,506,0.79203715792350404,-0.80833333333333335,fraction,250,0,outer_limit,nan,0,4.001955312138608,0.0087847810000000002,2.2360679774997898,5.0000000000000009,-0.80475136455641816,59.152639916009328,34.391680210357336,trajectory reached the configured outer_limit radius
10,507,0.79204433684433384,-0.80833333333333335,fraction,250,0,outer_limit,nan,0,3.9990474305555272,0.0093755769999999995,2.2360679774997898,5.0000000000000009,-0.80475931607715512,59.152177437835128,34.392108451885761,trajectory reached the configured outer_limit radius
10,508,0.79205151576516364,-0.80833333333333335,fraction,250,0,outer_limit,nan,0,3.9961515796654781,0.0087926710000000002,2.2360679774997898,5.0000000000000009,-0.80476727152804794,59.151714505089132,34.3925363010392,trajectory reached the configured outer_limit radius
10,509,0.79205869468599344,-0.80833333333333335,fraction,250,0,outer_limit,nan,0,3.9932676722889062,0.0087651259999999998,2.2360679774997898,5.0000000000000009,-0.80477523077809232,59.151251126589422,34.392963754061881,trajectory reached the configured outer_limit radius
11,492,0.79193665303188676,-0.79216666666666669,fraction,250,0,outer_limit,nan,0,4.020389418375208,0.0091416499999999994,2.2360679774997898,5.0000000000000009,-0.80467297104263091,59.157135448430822,34.387283134555709,trajectory reached the configured outer_limit radius
11,493,0.79194383195271656,-0.79216666666666669,fraction,250,0,outer_limit,nan,0,4.0172821371611116,0.0088705520000000003,2.2360679774997898,5.0000000000000009,-0.80468104733148027,59.156667802628355,34.387723663754969,trajectory reached the configured outer_limit radius
11,494,0.79195101087354636,-0.79216666666666669,fraction,250,0,outer_limit,nan,0,4.01418851042048,0.0092794780000000007,2.2360679774997898,5.0000000000000009,-0.80468912890241462,59.156199600168655,34.388163809552651,trajectory reached the configured outer_limit radius
11,495,0.79195818979437616,-0.79216666666666669,fraction,250,0,outer_limit,nan,0,4.0111084347477037,0.011124874999999999,2.2360679774997898,5.0000000000000009,-0.80469721559570961,59.155730851766606,34.388603567278238,trajectory reached the configured outer_limit radius
11,496,0.79196536871520595,-0.79216666666666669,fraction,250,0,outer_limit,nan,0,4.0080418075524902,0.010900425,2.2360679774997898,5.0000000000000009,-0.80470530725411737,59.155261567979394,34.38904293235467,trajectory reached the configured outer_limit radius
11,497,0.79197254763603575,-0.79216666666666669,fraction,250,0,outer_limit,nan,0,4.0049885270601804,0.0095828030000000008,2.2360679774997898,5.0000000000000009,-0.80471340372282563,59.154791759208365,34.389481900297156,trajectory reached the configured outer_limit radius
11,498,0.79197972655686566,-0.79216666666666669,fraction,250,0,outer_limit,nan,0,4.0019484923182915,0.010350598000000001,2.2360679774997898,5.0000000000000009,-0.80472150484940208,59.154321435703253,34.3899204667105,trajectory reached the configured outer_limit radius
11,499,0.79198690547769546,-0.79216666666666669,fraction,250,0,outer_limit,nan,0,3.9989216031973265,0.011175897000000001,2.2360679774997898,5.0000000000000009,-0.80472961048375324,59.153850607564166,34.390358627287696,trajectory reached the configured outer_limit radius
11,500,0.79199408439852526,-0.79216666666666669,fraction,250,0,outer_limit,nan,0,3.9959077603902839,0.008584922,2.2360679774997898,5.0000000000000009,-0.80473772047809122,59.153379284744027,34.390796377808336,trajectory reached the configured outer_limit radius
11,501,0.79200126331935505,-0.79216666666666669,fraction,250,0,outer_limit,nan,0,3.9929068654197151,0.011436406,2.2360679774997898,5.0000000000000009,-0.804745834686869,59.152907477052459,34.391233714136234,trajectory reached the configured outer_limit radius
11,502,0.79200844224018485,-0.79216666666666669,fraction,250,0,outer_limit,nan,0,3.9899188206311273,0.009756018,2.2360679774997898,5.0000000000000009,-0.80475395296675867,59.152435194157142,34.391670632218208,trajectory reached the configured outer_limit radius
11,503,0.79201562116101465,-0.79216666666666669,fraction,250,0,outer_limit,nan,0,3.9869435291982374,0.0077711359999999997,2.2360679774997898,5.0000000000000009,-0.80476207517659981,59.151962445587365,34.392107128082969,trajectory reached the configured outer_limit radius
11,504,0.79202280008184445,-0.79216666666666669,fraction,250,0,outer_limit,nan,0,3.9839808951205646,0.010482177000000001,2.2360679774997898,5.0000000000000009,-0.80477020117736175,59.151489240736012,34.392543197838236,trajectory reached the configured outer_limit radius
11,505,0.79202997900267424,-0.79216666666666669,fraction,250,0,outer_limit,nan,0,3.9810308232212934,0.0090568009999999997,2.2360679774997898,5.0000000000000009,-0.80477833083210537,59.151015588862414,34.392978837670498,trajectory reached the configured outer_limit radius
11,506,0.79203715792350404,-0.79216666666666669,fraction,250,0,outer_limit,nan,0,3.978093219149923,0.0093205070000000004,2.2360679774997898,5.0000000000000009,-0.80478646400594445,59.150541499093947,34.393414043842171,trajectory reached the configured outer_limit radius
11,507,0.79204433684433384,-0.79216666666666669,fraction,250,0,outer_limit,nan,0,3.9751679893744347,0.0096012140000000003,2.2360679774997898,5.0000000000000009,-0.80479460056600582,59.150066980430232,34.393848812692219,trajectory reached the configured outer_limit radius
11,508,0.79205151576516364,-0.79216666666666669,fraction,250,0,outer_limit,nan,0,3.9722550411851287,0.008407276,2.2360679774997898,5.0000000000000009,-0.80480274038139654,59.149592041742821,34.394283140631188,trajectory reached the configured outer_limit radius
11,509,0.79205869468599344,-0.79216666666666669,fraction,250,0,outer_limit,nan,0,3.9693542826870791,0.0094917649999999992,2.2360679774997898,5.0000000000000009,-0.80481088332316453,59.149116691779838,34.39471702414393,trajectory reached the configured outer_limit radius
12,492,0.79193665303188676,-0.77600000000000002,fraction,250,0,outer_limit,nan,0,3.9981287854469985,0.010947070999999999,2.2360679774997898,5.0000000000000009,-0.80470390297211736,59.155292669578685,34.388828253939607,trajectory reached the configured outer_limit radius
12,493,0.79194383195271656,-0.77600000000000002,fraction,250,0,outer_limit,nan,0,3.9950020187103146,0.0088930109999999993,2.2360679774997898,5.0000000000000009,-0.80471216134394186,59.154813248384635,34.389275396205889,trajectory reached the configured outer_limit radius
12,494,0.79195101087354636,-0.77600000000000002,fraction,250,0,outer_limit,nan,0,3.9918892086139,0.0088741050000000002,2.2360679774997898,5.0000000000000009,-0.80472042430568347,59.154333305749638,34.3897221046944,trajectory reached the configured outer_limit radius
12,495,0.79195818979437616,-0.77600000000000002,fraction,250,0,outer_limit,nan,0,3.9887902456429871,0.010240206999999999,2.2360679774997898,5.0000000000000009,-0.80472869169990791,59.153852852311587,34.390168375005842,trajectory reached the configured outer_limit radius
12,496,0.79196536871520595,-0.77600000000000002,fraction,250,0,outer_limit,nan,0,3.9857050212497098,0.010778774,2.2360679774997898,5.0000000000000009,-0.80473696337164802,59.153371898549985,34.390614202831856,trajectory reached the configured outer_limit radius
12,497,0.79197254763603575,-0.77600000000000002,fraction,250,0,outer_limit,nan,0,3.9826334278520013,0.010585826,2.2360679774997898,5.0000000000000009,-0.80474523916836227,59.152890454788782,34.391059583953954,trajectory reached the configured outer_limit radius
12,498,0.79197972655686566,-0.77600000000000002,fraction,250,0,outer_limit,nan,0,3.979575358834925,0.0083005059999999992,2.2360679774997898,5.0000000000000009,-0.80475351893988345,59.152408531199299,34.391504514239791,trajectory reached the configured outer_limit radius
12,499,0.79198690547769546,-0.77600000000000002,fraction,250,0,outer_limit,nan,0,3.9765307085457176,0.011968002,2.2360679774997898,5.0000000000000009,-0.80476180253837426,59.151926137803144,34.391948989643083,trajectory reached the configured outer_limit radius
12,500,0.79199408439852526,-0.77600000000000002,fraction,250,0,outer_limit,nan,0,3.9734993722931233,0.0084423970000000008,2.2360679774997898,5.0000000000000009,-0.80477008981828368,59.151443284475292,34.392393006201651,trajectory reached the configured outer_limit radius
12,501,0.79200126331935505,-0.77600000000000002,fraction,250,0,outer_limit,nan,0,3.970481246344133,0.0087619299999999994,2.2360679774997898,5.0000000000000009,-0.80477838063630591,59.150959980946219,34.392836560034894,trajectory reached the configured outer_limit radius
12,502,0.79200844224018485,-0.77600000000000002,fraction,250,0,outer_limit,nan,0,3.9674762279210909,0.018419656999999999,2.2360679774997898,5.0000000000000009,-0.8047866748513326,59.150476236805204,34.393279647342595,trajectory reached the configured outer_limit radius
12,503,0.79201562116101465,-0.77600000000000002,fraction,250,0,outer_limit,nan,0,3.9644842151951822,0.0090182460000000006,2.2360679774997898,5.0000000000000009,-0.80479497232441932,59.149992061502402,34.393722264404062,trajectory reached the configured outer_limit radius
12,504,0.79202280008184445,-0.77600000000000002,fraction,250,0,outer_limit,nan,0,3.9615051072876812,0.0095442809999999999,2.2360679774997898,5.0000000000000009,-0.80480327291874088,59.149507464351515,34.394164407574934,trajectory reached the configured outer_limit radius
12,505,0.79202997900267424,-0.77600000000000002,fraction,250,0,outer_limit,nan,0,3.9585388042609759,0.0093575919999999996,2.2360679774997898,5.0000000000000009,-0.8048115764995486,59.149022454533181,34.394606073287839,trajectory reached the configured outer_limit radius
12,506,0.79203715792350404,-0.77600000000000002,fraction,250,0,outer_limit,nan,0,3.9555852071139719,0.010142755999999999,2.2360679774997898,5.0000000000000009,-0.80481988293414264,59.148537041095317,34.395047258048443,trajectory reached the configured outer_limit radius
12,507,0.79204433684433384,-0.77600000000000002,fraction,250,0,outer_limit,nan,0,3.9526442177799122,0.0094552609999999995,2.2360679774997898,5.0000000000000009,-0.80482819209182399,59.148051232958004,34.395487958436362,trajectory reached the configured outer_limit radius
12,508,0.79205151576516364,-0.77600000000000002,fraction,250,0,outer_limit,nan,0,3.949715739119755,0.010074512000000001,2.2360679774997898,5.0000000000000009,-0.8048365038438603,59.147565038913825,34.395928171101133,trajectory reached the configured outer_limit radius
12,509,0.79205869468599344,-0.77600000000000002,fraction,250,0,outer_limit,nan,0,3.9467996749133314,0.0083347660000000004,2.2360679774997898,5.0000000000000009,-0.80484481806345565,59.147078467631232,34.396367892764019,trajectory reached the configured outer_limit radius
13,492,0.79193665303188676,-0.75983333333333336,fraction,250,0,outer_limit,nan,0,3.9770466207750426,0.010575743,2.2360679774997898,5.0000000000000009,-0.80473344880294606,59.153527014790036,34.390289375355678,trajectory reached the configured outer_limit radius
13,493,0.79194383195271656,-0.75983333333333336,fraction,250,0,outer_limit,nan,0,3.9739020346658167,0.0092712460000000003,2.2360679774997898,5.0000000000000009,-0.80474187783117423,59.153036504761246,34.390742575179637,trajectory reached the configured outer_limit radius
13,494,0.79195101087354636,-0.75983333333333336,fraction,250,0,outer_limit,nan,0,3.9707716829098882,0.0086992019999999996,2.2360679774997898,5.0000000000000009,-0.80475031076950099,59.152545508165538,34.391195292499781,trajectory reached the configured outer_limit radius
13,495,0.79195818979437616,-0.75983333333333336,fraction,250,0,outer_limit,nan,0,3.9676554503488943,0.010523134999999999,2.2360679774997898,5.0000000000000009,-0.80475874746290865,59.152054035552879,34.391647523186371,trajectory reached the configured outer_limit radius
13,496,0.79196536871520595,-0.75983333333333336,fraction,250,0,outer_limit,nan,0,3.9645532229356273,0.010140155,2.2360679774997898,5.0000000000000009,-0.80476718775882772,59.15156209731559,34.392099263197679,trajectory reached the configured outer_limit radius
13,497,0.79197254763603575,-0.75983333333333336,fraction,250,0,outer_limit,nan,0,3.9614648877273004,0.010865306999999999,2.2360679774997898,5.0000000000000009,-0.80477563150710618,59.151069703690041,34.392550508579227,trajectory reached the configured outer_limit radius
13,498,0.79197972655686566,-0.75983333333333336,fraction,250,0,outer_limit,nan,0,3.9583903328822934,0.0086672950000000002,2.2360679774997898,5.0000000000000009,-0.8047840785599496,59.150576864759884,34.393001255459623,trajectory reached the configured outer_limit radius
13,499,0.79198690547769546,-0.75983333333333336,fraction,250,0,outer_limit,nan,0,3.9553294476527996,0.0092991210000000005,2.2360679774997898,5.0000000000000009,-0.80479252877188212,59.150083590459417,34.393451500051135,trajectory reached the configured outer_limit radius
13,500,0.79199408439852526,-0.75983333333333336,fraction,250,0,outer_limit,nan,0,3.9522821223768068,0.0097697300000000008,2.2360679774997898,5.0000000000000009,-0.80480098199970262,59.149589890576074,34.393901238647317,trajectory reached the configured outer_limit radius
13,501,0.79200126331935505,-0.75983333333333336,fraction,250,0,outer_limit,nan,0,3.9492482484752705,0.0086886259999999996,2.2360679774997898,5.0000000000000009,-0.80480943810243821,59.149095774753107,34.394350467620768,trajectory reached the configured outer_limit radius
13,502,0.79200844224018485,-0.75983333333333336,fraction,250,0,outer_limit,nan,0,3.9462277184416923,0.0089814330000000005,2.2360679774997898,5.0000000000000009,-0.80481789694130657,59.148601252492099,34.394799183421981,trajectory reached the configured outer_limit radius
13,503,0.79201562116101465,-0.75983333333333336,fraction,250,0,outer_limit,nan,0,3.943220425837116,0.012403967,2.2360679774997898,5.0000000000000009,-0.80482635837967109,59.148106333156193,34.395247382578155,trajectory reached the configured outer_limit radius
13,504,0.79202280008184445,-0.75983333333333336,fraction,250,0,outer_limit,nan,0,3.9402262652814826,0.0090836230000000007,2.2360679774997898,5.0000000000000009,-0.80483482228300196,59.147611025971919,34.395695061690873,trajectory reached the configured outer_limit radius
13,505,0.79202997900267424,-0.75983333333333336,fraction,250,0,outer_limit,nan,0,3.9372451324457423,0.0079611990000000004,2.2360679774997898,5.0000000000000009,-0.80484328851883802,59.147115340032315,34.396142217434907,trajectory reached the configured outer_limit radius
13,506,0.79203715792350404,-0.75983333333333336,fraction,250,0,outer_limit,nan,0,3.9342769240456299,0.010095071000000001,2.2360679774997902,5.0000000000000027,-0.80485175695674649,59.146619284299192,34.396588846558053,trajectory reached the configured outer_limit radius
13,507,0.79204433684433384,-0.75983333333333336,fraction,250,0,outer_limit,nan,0,3.9313215378305943,0.0086674049999999996,2.2360679774997898,5.0000000000000009,-0.80486022746828689,59.146122867604852,34.397034945876456,trajectory reached the configured outer_limit radius
13,508,0.79205151576516364,-0.75983333333333336,fraction,250,0,outer_limit,nan,0,3.9283788725780164,0.011984817,2.2360679774997898,5.0000000000000009,-0.80486869992697196,59.145626098655974,34.3974805122769,trajectory reached the configured outer_limit radius
13,509,0.79205869468599344,-0.75983333333333336,fraction,250,0,outer_limit,nan,0,3.9254488280838458,0.0085902249999999999,2.2360679774997898,5.0000000000000009,-0.80487717420823834,59.145128986034173,34.397925542713956,trajectory reached the configured outer_limit radius
14,492,0.79193665303188676,-0.7436666666666667,fraction,250,0,outer_limit,nan,0,3.9570176135961441,0.011133043,2.2360679774997898,5.0000000000000009,-0.80476171010974518,59.151833102268093,34.391673381761684,trajectory reached the configured outer_limit radius
14,493,0.79194383195271656,-0.7436666666666667,fraction,250,0,outer_limit,nan,0,3.9538566523460776,0.0084386630000000008,2.2360679774997898,5.0000000000000009,-0.80477029938096145,59.151332131058084,34.392132138080768,trajectory reached the configured outer_limit radius
14,494,0.79195101087354636,-0.7436666666666667,fraction,250,0,outer_limit,nan,0,3.9507101818521302,0.0098120010000000007,2.2360679774997898,5.0000000000000009,-0.80477889189495933,59.150830707768108,34.392590364734112,trajectory reached the configured outer_limit radius
14,495,0.79195818979437616,-0.7436666666666667,fraction,250,0,outer_limit,nan,0,3.9475780817235062,0.011567852,2.2360679774997898,5.0000000000000009,-0.80478748749922768,59.150328842852758,34.393048057858863,trajectory reached the configured outer_limit radius
14,496,0.79196536871520595,-0.7436666666666667,fraction,250,0,outer_limit,nan,0,3.9444602328147624,0.0093392030000000008,2.2360679774997898,5.0000000000000009,-0.80479608604369779,59.149826546607834,34.393505213677209,trajectory reached the configured outer_limit radius
14,497,0.79197254763603575,-0.7436666666666667,fraction,250,0,outer_limit,nan,0,3.9413565172153984,0.0095196269999999993,2.2360679774997898,5.0000000000000009,-0.80480468738069211,59.149323829174463,34.393961828495655,trajectory reached the configured outer_limit radius
14,498,0.79197972655686566,-0.7436666666666667,fraction,250,0,outer_limit,nan,0,3.9382668182385538,0.0095270589999999992,2.2360679774997898,5.0000000000000009,-0.804813291364883,59.148820700540789,34.394417898701853,trajectory reached the configured outer_limit radius
14,499,0.79198690547769546,-0.7436666666666667,fraction,250,0,outer_limit,nan,0,3.9351910204135554,0.0093147439999999998,2.2360679774997898,5.0000000000000009,-0.80482189785324254,59.148317170545823,34.394873420763659,trajectory reached the configured outer_limit radius
14,500,0.79199408439852526,-0.7436666666666667,fraction,250,0,outer_limit,nan,0,3.9321290094750991,0.0085930639999999992,2.2360679774997898,5.0000000000000009,-0.80483050670499978,59.147813248882187,34.395328391227714,trajectory reached the configured outer_limit radius
14,501,0.79200126331935505,-0.7436666666666667,fraction,250,0,outer_limit,nan,0,3.9290806723518883,0.0087177179999999993,2.2360679774997898,5.0000000000000009,-0.80483911778159967,59.147308945098132,34.395782806716745,trajectory reached the configured outer_limit radius
14,502,0.79200844224018485,-0.7436666666666667,fraction,250,0,outer_limit,nan,0,3.9260458971594638,0.0095504260000000007,2.2360679774997898,5.0000000000000009,-0.80484773094666007,59.146804268600881,34.396236663928924,trajectory reached the configured outer_limit radius
14,503,0.79201562116101465,-0.7436666666666667,fraction,250,0,outer_limit,nan,0,3.9230245731857494,0.009657087,2.2360679774997898,5.0000000000000009,-0.80485634606593004,59.146299228659295,34.396689959636966,trajectory reached the configured outer_limit radius
14,504,0.79202280008184445,-0.7436666666666667,fraction,250,0,outer_limit,nan,0,3.9200165908836309,0.008838116,2.2360679774997898,5.0000000000000009,-0.80486496300724986,59.145793834406007,34.397142690684831,trajectory reached the configured outer_limit radius
14,505,0.79202997900267424,-0.7436666666666667,fraction,250,0,outer_limit,nan,0,3.9170218418576521,0.0070630609999999998,2.2360679774997902,5.0000000000000027,-0.80487358164051259,59.145288094840247,34.397594853987563,trajectory reached the configured outer_limit radius
14,506,0.79203715792350404,-0.7436666666666667,fraction,250,0,outer_limit,nan,0,3.9140402188554329,0.0058208030000000003,2.2360679774997898,5.0000000000000009,-0.80488220183762482,59.144782018830298,34.398046446530017,trajectory reached the configured outer_limit radius
14,507,0.79204433684433384,-0.7436666666666667,fraction,250,0,outer_limit,nan,0,3.9110716157550409,0.0094792920000000003,2.2360679774997898,5.0000000000000009,-0.80489082347246999,59.144275615115752,34.398497465364379,trajectory reached the configured outer_limit radius
14,508,0.79205151576516364,-0.7436666666666667,fraction,250,0,outer_limit,nan,0,3.9081159275534123,0.010279876,2.2360679774997898,5.0000000000000009,-0.80489944642087086,59.143768892309929,34.39894790761003,trajectory reached the configured outer_limit radius
14,509,0.79205869468599344,-0.7436666666666667,fraction,250,0,outer_limit,nan,0,3.9051730503584228,0.0095338939999999994,2.2360679774997898,5.0000000000000009,-0.8049080705605538,59.143261858902235,34.39939777045096,trajectory reached the configured outer_limit radius
15,492,0.79193665303188676,-0.72750000000000004,fraction,250,0,outer_limit,nan,0,3.9379363859205458,0.0072211929999999999,2.2360679774997902,5.0000000000000027,-0.80478877466690379,59.150206269825993,34.392986189230001,trajectory reached the configured outer_limit radius
15,493,0.79194383195271656,-0.72750000000000004,fraction,250,0,outer_limit,nan,0,3.9347603117594518,0.0095876739999999992,2.2360679774997902,5.0000000000000027,-0.80479751463521387,59.149695414574907,34.393450047398147,trajectory reached the configured outer_limit radius
15,494,0.79195101087354636,-0.72750000000000004,fraction,250,0,outer_limit,nan,0,3.9315989660418516,0.0082947969999999996,2.2360679774997898,5.0000000000000009,-0.80480625719154375,59.149184141310528,34.3939133302244,trajectory reached the configured outer_limit radius
15,495,0.79195818979437616,-0.72750000000000004,fraction,250,0,outer_limit,nan,0,3.9284522235092645,0.0094288340000000005,2.2360679774997898,5.0000000000000009,-0.80481500218597157,59.148672460384297,34.394376034110017,trajectory reached the configured outer_limit radius
15,496,0.79196536871520595,-0.72750000000000004,fraction,250,0,outer_limit,nan,0,3.9253199602732827,0.010192354000000001,2.2360679774997898,5.0000000000000009,-0.80482374947100199,59.148160381989499,34.394838155539688,trajectory reached the configured outer_limit radius
15,497,0.79197254763603575,-0.72750000000000004,fraction,250,0,outer_limit,nan,0,3.922202053798407,0.010342774000000001,2.2360679774997898,5.0000000000000009,-0.80483249890150987,59.147647916164516,34.395299691077327,trajectory reached the configured outer_limit radius
15,498,0.79197972655686566,-0.72750000000000004,fraction,250,0,outer_limit,nan,0,3.9190983828921118,0.012608472000000001,2.2360679774997898,5.0000000000000009,-0.80484125033469955,59.147135072795578,34.395760637365925,trajectory reached the configured outer_limit radius
15,499,0.79198690547769546,-0.72750000000000004,fraction,250,0,outer_limit,nan,0,3.9160088276908422,0.0085837050000000005,2.2360679774997898,5.0000000000000009,-0.80485000363006132,59.146621861620133,34.396220991126555,trajectory reached the configured outer_limit radius
15,500,0.79199408439852526,-0.72750000000000004,fraction,250,0,outer_limit,nan,0,3.9129332696460031,0.0087543599999999992,2.2360679774997898,5.0000000000000009,-0.80485875864932566,59.146108292228689,34.396680749154555,trajectory reached the configured outer_limit radius
15,501,0.79200126331935505,-0.72750000000000004,fraction,250,0,outer_limit,nan,0,3.9098715915119069,0.0092493039999999999,2.2360679774997898,5.0000000000000009,-0.80486751525641309,59.145594374069674,34.397139908320966,trajectory reached the configured outer_limit radius
15,502,0.79200844224018485,-0.72750000000000004,fraction,250,0,outer_limit,nan,0,3.9068236773296596,0.010750874000000001,2.2360679774997898,5.0000000000000009,-0.80487627331740885,59.145080116449108,34.39759846556872,trajectory reached the configured outer_limit radius
15,503,0.79201562116101465,-0.72750000000000004,fraction,250,0,outer_limit,nan,0,3.9037894124162791,0.0087843350000000008,2.2360679774997898,5.0000000000000009,-0.80488503270050438,59.144565528535765,34.398056417910993,trajectory reached the configured outer_limit radius
15,504,0.79202280008184445,-0.72750000000000004,fraction,250,0,outer_limit,nan,0,3.9007686833507451,0.011855439000000001,2.2360679774997898,5.0000000000000009,-0.80489379327596566,59.144050619363128,34.398513762432344,trajectory reached the configured outer_limit radius
15,505,0.79202997900267424,-0.72750000000000004,fraction,250,0,outer_limit,nan,0,3.8977613779565474,0.010322275000000001,2.2360679774997898,5.0000000000000009,-0.80490255491609886,59.143535397830689,34.398970496284285,trajectory reached the configured outer_limit radius
15,506,0.79203715792350404,-0.72750000000000004,fraction,250,0,outer_limit,nan,0,3.894767385293326,0.0091541150000000009,2.2360679774997898,5.0000000000000009,-0.80491131749520184,59.143019872708336,34.399426616686242,trajectory reached the configured outer_limit radius
15,507,0.79204433684433384,-0.72750000000000004,fraction,250,0,outer_limit,nan,0,3.8917865956413071,0.011145934,2.2360679774997898,5.0000000000000009,-0.80492008088953293,59.142504052636987,34.399882120921717,trajectory reached the configured outer_limit radius
15,508,0.79205151576516364,-0.72750000000000004,fraction,250,0,outer_limit,nan,0,3.8888189004856306,0.010364903999999999,2.2360679774997898,5.0000000000000009,-0.80492884497727457,59.141987946132303,34.400337006340351,trajectory reached the configured outer_limit radius
15,509,0.79205869468599344,-0.72750000000000004,fraction,250,0,outer_limit,nan,0,3.8858641925044641,0.010036641000000001,2.2360679774997898,5.0000000000000009,-0.80493760963849514,59.141471561585917,34.400791270352968,trajectory reached the configured outer_limit radius
16,492,0.79193665303188676,-0.71133333333333337,fraction,250,0,outer_limit,nan,0,3.9197133742130776,0.0092180649999999992,2.2360679774997898,5.0000000000000009,-0.8048147190493834,59.148642440453642,34.394232932456767,trajectory reached the configured outer_limit radius
16,493,0.79194383195271656,-0.71133333333333337,fraction,250,0,outer_limit,nan,0,3.9165232983764242,0.0093110280000000007,2.2360679774997898,5.0000000000000009,-0.80482360091902594,59.148122234558166,34.39470147778971,trajectory reached the configured outer_limit radius
16,494,0.79195101087354636,-0.71133333333333337,fraction,250,0,outer_limit,nan,0,3.913348172121915,0.0096699890000000004,2.2360679774997911,5.0000000000000062,-0.80483248473448099,59.147601644270111,34.395169403522054,trajectory reached the configured outer_limit radius
16,495,0.79195818979437616,-0.71133333333333337,fraction,250,0,outer_limit,nan,0,3.9101878656456455,0.01197235,2.2360679774997898,5.0000000000000009,-0.80484137034848247,59.147080679831006,34.395636706316623,trajectory reached the configured outer_limit radius
16,496,0.79196536871520595,-0.71133333333333337,fraction,250,0,outer_limit,nan,0,3.9070422506285443,0.0089613539999999995,2.2360679774997902,5.0000000000000027,-0.80485025761616447,59.146559351325891,34.396103382915221,trajectory reached the configured outer_limit radius
16,497,0.79197254763603575,-0.71133333333333337,fraction,250,0,outer_limit,nan,0,3.903911200221498,0.0098533890000000006,2.2360679774997898,5.0000000000000009,-0.80485914639501288,59.146037668684741,34.396569430136921,trajectory reached the configured outer_limit radius
16,498,0.79197972655686566,-0.71133333333333337,fraction,250,0,outer_limit,nan,0,3.9007945890239943,0.0092562570000000004,2.2360679774997898,5.0000000000000009,-0.80486803654482597,59.145515641686004,34.397034844876998,trajectory reached the configured outer_limit radius
16,499,0.79198690547769546,-0.71133333333333337,fraction,250,0,outer_limit,nan,0,3.8976922930731459,0.011551794000000001,2.2360679774997898,5.0000000000000009,-0.80487692792766119,59.144993279960197,34.397499624105699,trajectory reached the configured outer_limit radius
16,500,0.79199408439852526,-0.71133333333333337,fraction,250,0,outer_limit,nan,0,3.8946041898248471,0.0093529270000000005,2.2360679774997898,5.0000000000000009,-0.80488582040779966,59.144470592991389,34.39796376486531,trajectory reached the configured outer_limit radius
16,501,0.79200126331935505,-0.71133333333333337,fraction,250,0,outer_limit,nan,0,3.8915301581349593,0.010912395,2.2360679774997902,5.0000000000000027,-0.80489471385169509,59.143947590121464,34.398427264270296,trajectory reached the configured outer_limit radius
16,502,0.79200844224018485,-0.71133333333333337,fraction,250,0,outer_limit,nan,0,3.8884700782462347,0.0087446020000000006,2.2360679774997898,5.0000000000000009,-0.80490360812794104,59.143424280550938,34.398890119503875,trajectory reached the configured outer_limit radius
16,503,0.79201562116101465,-0.71133333333333337,fraction,250,0,outer_limit,nan,0,3.8854238317693421,0.0098063249999999994,2.2360679774997898,5.0000000000000009,-0.80491250310721774,59.142900673344414,34.399352327819159,trajectory reached the configured outer_limit radius
16,504,0.79202280008184445,-0.71133333333333337,fraction,250,0,outer_limit,nan,0,3.8823913016692382,0.013368135,2.2360679774997898,5.0000000000000009,-0.80492139866226975,59.142376777429945,34.399813886535618,trajectory reached the configured outer_limit radius
16,505,0.79202997900267424,-0.71133333333333337,fraction,250,0,outer_limit,nan,0,3.8793723722437292,0.012243199,2.2360679774997898,5.0000000000000009,-0.80493029466785049,59.141852601603972,34.400274793038825,trajectory reached the configured outer_limit radius
16,506,0.79203715792350404,-0.71133333333333337,fraction,250,0,outer_limit,nan,0,3.8763669291135465,0.0086424569999999992,2.2360679774997898,5.0000000000000009,-0.80493919100069355,59.141328154532424,34.400735044777889,trajectory reached the configured outer_limit radius
16,507,0.79204433684433384,-0.71133333333333337,fraction,250,0,outer_limit,nan,0,3.8733748592019341,0.009470427,2.2360679774997898,5.0000000000000009,-0.80494808753947222,59.140803444754084,34.401194639266386,trajectory reached the configured outer_limit radius
16,508,0.79205151576516364,-0.71133333333333337,fraction,250,0,outer_limit,nan,0,3.8703960507189508,0.0096824110000000001,2.2360679774997898,5.0000000000000009,-0.80495698416476458,59.140278480681999,34.401653574078296,trajectory reached the configured outer_limit radius
16,509,0.79205869468599344,-0.71133333333333337,fraction,250,0,outer_limit,nan,0,3.8674303931480494,0.0085370180000000004,2.2360679774997898,5.0000000000000009,-0.80496588075901732,59.139753270606278,34.402111846848662,trajectory reached the configured outer_limit radius
17,492,0.79193665303188676,-0.69516666666666671,fraction,250,0,outer_limit,nan,0,3.9022717396171145,0.0091365189999999992,2.2360679774997898,5.0000000000000009,-0.80483961061830211,59.147138019537451,34.395418105974386,trajectory reached the configured outer_limit radius
17,493,0.79194383195271656,-0.69516666666666671,fraction,250,0,outer_limit,nan,0,3.8990686467874105,0.0096918830000000001,2.2360679774997898,5.0000000000000009,-0.80484862624773679,59.14660895818853,34.395890958494114,trajectory reached the configured outer_limit radius
17,494,0.79195101087354636,-0.69516666666666671,fraction,250,0,outer_limit,nan,0,3.8958807099522743,0.010377262999999999,2.2360679774997898,5.0000000000000009,-0.80485764319329089,59.146079545600827,34.396363148510012,trajectory reached the configured outer_limit radius
17,495,0.79195818979437616,-0.69516666666666671,fraction,250,0,outer_limit,nan,0,3.8927077950502023,0.011804457000000001,2.2360679774997898,5.0000000000000009,-0.80486666131039852,59.145549791902084,34.396834672941772,trajectory reached the configured outer_limit radius
17,496,0.79196536871520595,-0.69516666666666671,fraction,250,0,outer_limit,nan,0,3.8895497696152925,0.0086632740000000003,2.2360679774997898,5.0000000000000009,-0.80487568045687174,59.145019707062907,34.397305528785118,trajectory reached the configured outer_limit radius
17,497,0.79197254763603575,-0.69516666666666671,fraction,250,0,outer_limit,nan,0,3.8864065027560946,0.0091596319999999991,2.2360679774997898,5.0000000000000009,-0.80488470049285576,59.144489300900268,34.397775713110875,trajectory reached the configured outer_limit radius
17,498,0.79197972655686566,-0.69516666666666671,fraction,250,0,outer_limit,nan,0,3.8832778651361175,0.012261055999999999,2.2360679774997898,5.0000000000000009,-0.8048937212807814,59.143958583080391,34.398245223062887,trajectory reached the configured outer_limit radius
17,499,0.79198690547769546,-0.69516666666666671,fraction,250,0,outer_limit,nan,0,3.8801637289535655,0.01077817,2.2360679774997898,5.0000000000000009,-0.80490274268531903,59.143427563121861,34.398714055856729,trajectory reached the configured outer_limit radius
17,500,0.79199408439852526,-0.69516666666666671,fraction,250,0,outer_limit,nan,0,3.8770639679224312,0.0091095129999999996,2.2360679774997898,5.0000000000000009,-0.80491176457333824,59.142896250398017,34.399182208777958,trajectory reached the configured outer_limit radius
17,501,0.79200126331935505,-0.69516666666666671,fraction,250,0,outer_limit,nan,0,3.8739784572525422,0.008216391,2.2360679774997898,5.0000000000000009,-0.80492078681386536,59.142364654139811,34.399649679180861,trajectory reached the configured outer_limit radius
17,502,0.79200844224018485,-0.69516666666666671,fraction,250,0,outer_limit,nan,0,3.8709070736300824,0.010266424999999999,2.2360679774997902,5.0000000000000027,-0.80492980927803548,59.141832783438943,34.400116464486644,trajectory reached the configured outer_limit radius
17,503,0.79201562116101465,-0.69516666666666671,fraction,250,0,outer_limit,nan,0,3.8678496951992201,0.0074213940000000004,2.2360679774997898,5.0000000000000009,-0.80493883183906201,59.141300647250119,34.400582562183089,trajectory reached the configured outer_limit radius
17,504,0.79202280008184445,-0.69516666666666671,fraction,250,0,outer_limit,nan,0,3.8648062015412679,0.010909822,2.2360679774997898,5.0000000000000009,-0.80494785437218985,59.140768254393407,34.401047969821711,trajectory reached the configured outer_limit radius
17,505,0.79202997900267424,-0.69516666666666671,fraction,250,0,outer_limit,nan,0,3.8617764736576472,0.0086541970000000006,2.2360679774997898,5.0000000000000009,-0.80495687675465799,59.140235613557707,34.401512685017813,trajectory reached the configured outer_limit radius
17,506,0.79203715792350404,-0.69516666666666671,fraction,250,0,outer_limit,nan,0,3.8587603939503059,0.0082080409999999993,2.2360679774997898,5.0000000000000009,-0.8049658988656665,59.139702733301512,34.401976705447822,trajectory reached the configured outer_limit radius
17,507,0.79204433684433384,-0.69516666666666671,fraction,250,0,outer_limit,nan,0,3.8557578462028843,0.0099999890000000008,2.2360679774997898,5.0000000000000009,-0.80497492058633002,59.139169622057629,34.402440028850165,trajectory reached the configured outer_limit radius
17,508,0.79205151576516364,-0.69516666666666671,fraction,250,0,outer_limit,nan,0,3.8527687155626307,0.010337361,2.2360679774997898,5.0000000000000009,-0.80498394179965482,59.138636288132801,34.402902653020575,trajectory reached the configured outer_limit radius
17,509,0.79205869468599344,-0.69516666666666671,fraction,250,0,outer_limit,nan,0,3.8497928885227406,0.0091791749999999995,2.2360679774997898,5.0000000000000009,-0.80499296239048945,59.138102739712807,34.403364575815104,trajectory reached the configured outer_limit radius
18,492,0.79193665303188676,-0.67900000000000005,fraction,250,0,outer_limit,nan,0,3.8855450097614859,0.0099928350000000003,2.2360679774997898,5.0000000000000009,-0.80486350906272186,59.145689814934428,34.396545673475572,trajectory reached the configured outer_limit radius
18,493,0.79194383195271656,-0.67900000000000005,fraction,250,0,outer_limit,nan,0,3.8823297775841108,0.009917304,2.2360679774997898,5.0000000000000009,-0.80487265088532078,59.145152359702294,34.397022483580322,trajectory reached the configured outer_limit radius
18,494,0.79195101087354636,-0.67900000000000005,fraction,250,0,outer_limit,nan,0,3.8791298946360802,0.011729094000000001,2.2360679774997911,5.0000000000000062,-0.8048817934067809,59.144614585903,34.397498589574496,trajectory reached the configured outer_limit radius
18,495,0.79195818979437616,-0.67900000000000005,fraction,250,0,outer_limit,nan,0,3.8759452228588152,0.0081943050000000007,2.2360679774997898,5.0000000000000009,-0.80489093648527332,59.144076503545463,34.397973988631826,trajectory reached the configured outer_limit radius
18,496,0.79196536871520595,-0.67900000000000005,fraction,250,0,outer_limit,nan,0,3.8727756258918182,0.010109659999999999,2.2360679774997902,5.0000000000000027,-0.80490007998132984,59.143538122482681,34.398448677999191,trajectory reached the configured outer_limit radius
18,497,0.79197254763603575,-0.67900000000000005,fraction,250,0,outer_limit,nan,0,3.8696209690496084,0.011122315000000001,2.2360679774997898,5.0000000000000009,-0.80490922375778229,59.142999452414593,34.39892265499455,trajectory reached the configured outer_limit radius
18,498,0.79197972655686566,-0.67900000000000005,fraction,250,0,outer_limit,nan,0,3.8664811192981685,0.0094595990000000008,2.2360679774997898,5.0000000000000009,-0.80491836767973179,59.142460502890771,34.399395917006764,trajectory reached the configured outer_limit radius
18,499,0.79198690547769546,-0.67900000000000005,fraction,250,0,outer_limit,nan,0,3.8633559452336192,0.0091282930000000009,2.2360679774997898,5.0000000000000009,-0.80492751161449083,59.141921283314318,34.39986846149344,trajectory reached the configured outer_limit radius
18,500,0.79199408439852526,-0.67900000000000005,fraction,250,0,outer_limit,nan,0,3.8602453170591819,0.007618568,2.2360679774997898,5.0000000000000009,-0.80493665543154813,59.141381802944075,34.40034028597902,trajectory reached the configured outer_limit radius
18,501,0.79200126331935505,-0.67900000000000005,fraction,250,0,outer_limit,nan,0,3.8571491065605557,0.0092536179999999999,2.2360679774997898,5.0000000000000009,-0.80494579900252627,59.140842070896952,34.400811388054471,trajectory reached the configured outer_limit radius
18,502,0.79200844224018485,-0.67900000000000005,fraction,250,0,outer_limit,nan,0,3.8540671870884511,0.011128888,2.2360679774997898,5.0000000000000009,-0.80495494220114006,59.140302096150855,34.401281765374449,trajectory reached the configured outer_limit radius
18,503,0.79201562116101465,-0.67900000000000005,fraction,250,0,outer_limit,nan,0,3.8509994335314288,0.007853835,2.2360679774997898,5.0000000000000009,-0.80496408490314897,59.139761887548879,34.401751415658005,trajectory reached the configured outer_limit radius
18,504,0.79202280008184445,-0.67900000000000005,fraction,250,0,outer_limit,nan,0,3.8479457222994777,0.0089992820000000008,2.2360679774997898,5.0000000000000009,-0.804973226986331,59.139221453798946,34.402220336685197,trajectory reached the configured outer_limit radius
18,505,0.79202997900267424,-0.67900000000000005,fraction,250,0,outer_limit,nan,0,3.8449059312984892,0.0098487430000000001,2.2360679774997898,5.0000000000000009,-0.80498236833043324,59.138680803479083,34.402688526297482,trajectory reached the configured outer_limit radius
18,506,0.79203715792350404,-0.67900000000000005,fraction,250,0,outer_limit,nan,0,3.8418799399101129,0.010220999,2.2360679774997898,5.0000000000000009,-0.80499150881713832,59.138139945037956,34.403155982394267,trajectory reached the configured outer_limit radius
18,507,0.79204433684433384,-0.67900000000000005,fraction,250,0,outer_limit,nan,0,3.8388676289757324,0.011712023,2.2360679774997898,5.0000000000000009,-0.80500064833003215,59.137598886798507,34.403622702935294,trajectory reached the configured outer_limit radius
18,508,0.79205151576516364,-0.67900000000000005,fraction,250,0,outer_limit,nan,0,3.8358688807683645,0.0097739739999999995,2.2360679774997898,5.0000000000000009,-0.80500978675455959,59.137057636959298,34.404088685935115,trajectory reached the configured outer_limit radius
18,509,0.79205869468599344,-0.67900000000000005,fraction,250,0,outer_limit,nan,0,3.8328835789775328,0.011749337,2.2360679774997898,5.0000000000000009,-0.80501892397799757,59.136516203597623,34.404553929465123,trajectory reached the configured outer_limit radius
19,492,0.79193665303188676,-0.66283333333333339,fraction,250,0,outer_limit,nan,0,3.8694752514244701,0.0087283180000000005,2.2360679774997898,5.0000000000000009,-0.80488646761484306,59.144294973891284,34.397619153736066,trajectory reached the configured outer_limit radius
19,493,0.79194383195271656,-0.66283333333333339,fraction,250,0,outer_limit,nan,0,3.8662486662716913,0.0097219420000000008,2.2360679774997898,5.0000000000000009,-0.80489572857260006,59.143749556559627,34.398099598587009,trajectory reached the configured outer_limit radius
19,494,0.79195101087354636,-0.66283333333333339,fraction,250,0,outer_limit,nan,0,3.8630376117335095,0.0093838940000000003,2.2360679774997902,5.0000000000000027,-0.80490498962429557,59.143203852838958,34.398579298967661,trajectory reached the configured outer_limit radius
19,495,0.79195818979437616,-0.66283333333333339,fraction,250,0,outer_limit,nan,0,3.859841945987065,0.0084038749999999999,2.2360679774997898,5.0000000000000009,-0.80491425063087163,59.142657872615395,34.39905825230084,trajectory reached the configured outer_limit radius
19,496,0.79196536871520595,-0.66283333333333339,fraction,250,0,outer_limit,nan,0,3.8566615290064417,0.010366444000000001,2.2360679774997898,5.0000000000000009,-0.80492351145559771,59.142111625620672,34.399536456080362,trajectory reached the configured outer_limit radius
19,497,0.79197254763603575,-0.66283333333333339,fraction,250,0,outer_limit,nan,0,3.8534962225353584,0.010589886,2.2360679774997898,5.0000000000000009,-0.80493277196402713,59.141565121433572,34.400013907867681,trajectory reached the configured outer_limit radius
19,498,0.79197972655686566,-0.66283333333333339,fraction,250,0,outer_limit,nan,0,3.850345890060479,0.010980337999999999,2.2360679774997902,5.0000000000000027,-0.8049420320239451,59.141018369485167,34.400490605293186,trajectory reached the configured outer_limit radius
19,499,0.79198690547769546,-0.66283333333333339,fraction,250,0,outer_limit,nan,0,3.8472103967887383,0.0086903629999999996,2.2360679774997898,5.0000000000000009,-0.80495129150533495,59.140471379058965,34.400966546051983,trajectory reached the configured outer_limit radius
19,500,0.79199408439852526,-0.66283333333333339,fraction,250,0,outer_limit,nan,0,3.8440896096167747,0.0076671550000000002,2.2360679774997898,5.0000000000000009,-0.80496055028032742,59.139924159295802,34.401441727904029,trajectory reached the configured outer_limit radius
19,501,0.79200126331935505,-0.66283333333333339,fraction,250,0,outer_limit,nan,0,3.8409833971119665,0.0099161040000000002,2.2360679774997898,5.0000000000000009,-0.80496980822315956,59.139376719196058,34.401916148672512,trajectory reached the configured outer_limit radius
19,502,0.79200844224018485,-0.66283333333333339,fraction,250,0,outer_limit,nan,0,3.8378916294840386,0.0087740809999999995,2.2360679774997898,5.0000000000000009,-0.80497906521013829,59.138829067621828,34.402389806242802,trajectory reached the configured outer_limit radius
19,503,0.79201562116101465,-0.66283333333333339,fraction,250,0,outer_limit,nan,0,3.8348141785616319,0.0095505629999999998,2.2360679774997898,5.0000000000000009,-0.80498832111959839,59.138281213300175,34.402862698560703,trajectory reached the configured outer_limit radius
19,504,0.79202280008184445,-0.66283333333333339,fraction,250,0,outer_limit,nan,0,3.8317509177690097,0.0085660370000000003,2.2360679774997907,5.0000000000000044,-0.80499757583185882,59.13773316482542,34.403334823630786,trajectory reached the configured outer_limit radius
19,505,0.79202997900267424,-0.66283333333333339,fraction,250,0,outer_limit,nan,0,3.8287017221017994,0.0089736409999999992,2.2360679774997898,5.0000000000000009,-0.80500682922919187,59.137184930661263,34.403806179516636,trajectory reached the configured outer_limit radius
19,506,0.79203715792350404,-0.66283333333333339,fraction,250,0,outer_limit,nan,0,3.8256664681039467,0.0096860049999999993,2.2360679774997898,5.0000000000000009,-0.80501608119578472,59.136636519144176,34.404276764337823,trajectory reached the configured outer_limit radius
19,507,0.79204433684433384,-0.66283333333333339,fraction,250,0,outer_limit,nan,0,3.8226450338444948,0.0085429579999999998,2.2360679774997898,5.0000000000000009,-0.80502533161769529,59.136087938485133,34.404746576270426,trajectory reached the configured outer_limit radius
19,508,0.79205151576516364,-0.66283333333333339,fraction,250,0,outer_limit,nan,0,3.8196372988968332,0.0097461119999999995,2.2360679774997898,5.0000000000000009,-0.80503458038283171,59.135539196771497,34.405215613544478,trajectory reached the configured outer_limit radius
19,509,0.79205869468599344,-0.66283333333333339,fraction,250,0,outer_limit,nan,0,3.8166431443125477,0.0094100320000000005,2.2360679774997907,5.0000000000000044,-0.80504382738090186,59.134990301970689,34.405683874443895,trajectory reached the configured outer_limit radius
20,492,0.79193665303188676,-0.64666666666666672,fraction,250,0,outer_limit,nan,0,3.854011635262951,0.0091078050000000001,2.2360679774997898,5.0000000000000009,-0.80490853402061979,59.142950932582494,34.398641689034413,trajectory reached the configured outer_limit radius
20,493,0.79194383195271656,-0.64666666666666672,fraction,250,0,outer_limit,nan,0,3.8507744051042643,0.0096107970000000008,2.2360679774997898,5.0000000000000009,-0.80491790750821179,59.142397958390916,34.399125469522851,trajectory reached the configured outer_limit radius
20,494,0.79195101087354636,-0.64666666666666672,fraction,250,0,outer_limit,nan,0,3.8475528762379603,0.0082688069999999995,2.2360679774997898,5.0000000000000009,-0.80492728049704454,59.141844729484959,34.399608466379206,trajectory reached the configured outer_limit radius
20,495,0.79195818979437616,-0.64666666666666672,fraction,250,0,outer_limit,nan,0,3.8443469032917297,0.010138813999999999,2.2360679774997907,5.0000000000000044,-0.80493665285084903,59.141291255625489,34.400090677272331,trajectory reached the configured outer_limit radius
20,496,0.79196536871520595,-0.64666666666666672,fraction,250,0,outer_limit,nan,0,3.8411563427809257,0.0089250149999999997,2.2360679774997898,5.0000000000000009,-0.80494602443565422,59.140737546419224,34.40057209993779,trajectory reached the configured outer_limit radius
20,497,0.79197254763603575,-0.64666666666666672,fraction,250,0,outer_limit,nan,0,3.8379810530800396,0.01050596,2.2360679774997898,5.0000000000000009,-0.80495539511974601,59.140183611322747,34.40105273217867,trajectory reached the configured outer_limit radius
20,498,0.79197972655686566,-0.64666666666666672,fraction,250,0,outer_limit,nan,0,3.8348208943947459,0.0086327179999999993,2.2360679774997898,5.0000000000000009,-0.80496476477361922,59.139629459643608,34.40153257186082,trajectory reached the configured outer_limit radius
20,499,0.79198690547769546,-0.64666666666666672,fraction,250,0,outer_limit,nan,0,3.8316757287326833,0.0099829570000000006,2.2360679774997898,5.0000000000000009,-0.8049741332699325,59.139075100544851,34.402011616913633,trajectory reached the configured outer_limit radius
20,500,0.79199408439852526,-0.64666666666666672,fraction,250,0,outer_limit,nan,0,3.8285454198765847,0.0078197319999999994,2.2360679774997898,5.0000000000000009,-0.80498350048347722,59.138520543046575,34.402489865329272,trajectory reached the configured outer_limit radius
20,501,0.79200126331935505,-0.64666666666666672,fraction,250,0,outer_limit,nan,0,3.8254298333552961,0.0089885620000000003,2.2360679774997898,5.0000000000000009,-0.80499286629111932,59.137965796029349,34.40296731515852,trajectory reached the configured outer_limit radius
20,502,0.79200844224018485,-0.64666666666666672,fraction,250,0,outer_limit,nan,0,3.8223288364175594,0.0085934740000000003,2.2360679774997898,5.0000000000000009,-0.80500223057176823,59.137410868237467,34.403443964513301,trajectory reached the configured outer_limit radius
20,503,0.79201562116101465,-0.64666666666666672,fraction,250,0,outer_limit,nan,0,3.8192422980075449,0.0091026270000000003,2.2360679774997898,5.0000000000000009,-0.80501159320634208,59.136855768279943,34.403919811562957,trajectory reached the configured outer_limit radius
20,504,0.79202280008184445,-0.64666666666666672,fraction,250,0,outer_limit,nan,0,3.8161700887343315,0.0086834419999999995,2.2360679774997898,5.0000000000000009,-0.80502095407771723,59.136300504634335,34.404394854532285,trajectory reached the configured outer_limit radius
20,505,0.79202997900267424,-0.64666666666666672,fraction,250,0,outer_limit,nan,0,3.8131120808489087,0.0098790079999999999,2.2360679774997898,5.0000000000000009,-0.8050303130706955,59.135745085649376,34.404869091703382,trajectory reached the configured outer_limit radius
20,506,0.79203715792350404,-0.64666666666666672,fraction,250,0,outer_limit,nan,0,3.8100681482194099,0.0074668119999999998,2.2360679774997898,5.0000000000000009,-0.80503967007197641,59.135189519545939,34.405342521411754,trajectory reached the configured outer_limit radius
20,507,0.79204433684433384,-0.64666666666666672,fraction,250,0,outer_limit,nan,0,3.8070381663049027,0.0092283450000000006,2.2360679774997898,5.0000000000000009,-0.80504902497010344,59.134633814421548,34.405815142046642,trajectory reached the configured outer_limit radius
20,508,0.79205151576516364,-0.64666666666666672,fraction,250,0,outer_limit,nan,0,3.8040220121304471,0.0088877420000000006,2.2360679774997898,5.0000000000000009,-0.80505837765544641,59.134077978250374,34.406286952048703,trajectory reached the configured outer_limit radius
20,509,0.79205869468599344,-0.64666666666666672,fraction,250,0,outer_limit,nan,0,3.8010195642639135,0.0094246390000000003,2.2360679774997898,5.0000000000000009,-0.80506772802015536,59.133522018887625,34.406757949910698,trajectory reached the configured outer_limit radius
21,492,0.79193665303188676,-0.63050000000000006,fraction,250,0,outer_limit,nan,0,3.8391092947304974,0.0085391960000000006,2.2360679774997898,5.0000000000000009,-0.80492975132426225,59.141655375272052,34.399616100300968,trajectory reached the configured outer_limit radius
21,493,0.79194383195271656,-0.63050000000000006,fraction,250,0,outer_limit,nan,0,3.8358620597332247,0.0085456349999999993,2.2360679774997898,5.0000000000000009,-0.80493923114144494,59.141095225675642,34.400102938471136,trajectory reached the configured outer_limit radius
21,494,0.79195101087354636,-0.63050000000000006,fraction,250,0,outer_limit,nan,0,3.8326306869940878,0.0094920690000000005,2.2360679774997898,5.0000000000000009,-0.80494870987927292,59.14053485252915,34.400588955001986,trajectory reached the configured outer_limit radius
21,495,0.79195818979437616,-0.63050000000000006,fraction,250,0,outer_limit,nan,0,3.8294150277829808,0.0083753149999999995,2.2360679774997898,5.0000000000000009,-0.80495818740427316,59.139974265466286,34.401074147804756,trajectory reached the configured outer_limit radius
21,496,0.79196536871520595,-0.63050000000000006,fraction,250,0,outer_limit,nan,0,3.8262149353462958,0.0097067909999999993,2.2360679774997898,5.0000000000000009,-0.80496766358524929,59.139413473967174,34.401558514854209,trajectory reached the configured outer_limit radius
21,497,0.79197254763603575,-0.63050000000000006,fraction,250,0,outer_limit,nan,0,3.8230302648746353,0.0084658270000000004,2.2360679774997902,5.0000000000000027,-0.80497713829322848,59.138852487362023,34.402042054187582,trajectory reached the configured outer_limit radius
21,498,0.79197972655686566,-0.63050000000000006,fraction,250,0,outer_limit,nan,0,3.8198608734705388,0.0091169690000000008,2.2360679774997898,5.0000000000000009,-0.80498661140142358,59.138291314834042,34.402524763904516,trajectory reached the configured outer_limit radius
21,499,0.79198690547769546,-0.63050000000000006,fraction,250,0,outer_limit,nan,0,3.8167066201203736,0.0096337450000000008,2.2360679774997898,5.0000000000000009,-0.80499608278518542,59.137729965422622,34.403006642164854,trajectory reached the configured outer_limit radius
21,500,0.79199408439852526,-0.63050000000000006,fraction,250,0,outer_limit,nan,0,3.8135673656603117,0.0090768910000000001,2.2360679774997902,5.0000000000000027,-0.80500555232196191,59.137168448025669,34.403487687187088,trajectory reached the configured outer_limit radius
21,501,0.79200126331935505,-0.63050000000000006,fraction,250,0,outer_limit,nan,0,3.8104429727501268,0.0093743219999999992,2.2360679774997898,5.0000000000000009,-0.80501501989126156,59.136606771402185,34.403967897248251,trajectory reached the configured outer_limit radius
21,502,0.79200844224018485,-0.63050000000000006,fraction,250,0,outer_limit,nan,0,3.807333305841007,0.0084968609999999997,2.2360679774997898,5.0000000000000009,-0.80502448537460358,59.13604494417573,34.404447270681047,trajectory reached the configured outer_limit radius
21,503,0.79201562116101465,-0.63050000000000006,fraction,250,0,outer_limit,nan,0,3.8042382311485774,0.0084877059999999994,2.2360679774997902,5.0000000000000027,-0.80503394865548972,59.135482974836314,34.404925805874008,trajectory reached the configured outer_limit radius
21,504,0.79202280008184445,-0.63050000000000006,fraction,250,0,outer_limit,nan,0,3.8011576166238288,0.0085004469999999995,2.2360679774997898,5.0000000000000009,-0.8050434096193575,59.134920871743013,34.405403501269888,trajectory reached the configured outer_limit radius
21,505,0.79202997900267424,-0.63050000000000006,fraction,250,0,outer_limit,nan,0,3.7980913319258431,0.010703015,2.2360679774997898,5.0000000000000009,-0.80505286815355204,59.13435864312649,34.405880355364346,trajectory reached the configured outer_limit radius
21,506,0.79203715792350404,-0.63050000000000006,fraction,250,0,outer_limit,nan,0,3.7950392483938242,0.0092335769999999998,2.2360679774997898,5.0000000000000009,-0.80506232414727197,59.133796297092303,34.406356366704841,trajectory reached the configured outer_limit radius
21,507,0.79204433684433384,-0.63050000000000006,fraction,250,0,outer_limit,nan,0,3.7920012390203506,0.0092707190000000002,2.2360679774997898,5.0000000000000009,-0.80507177749156389,59.133233841620893,34.406831533889779,trajectory reached the configured outer_limit radius
21,508,0.79205151576516364,-0.63050000000000006,fraction,250,0,outer_limit,nan,0,3.7889771784249047,0.0092419909999999997,2.2360679774997898,5.0000000000000009,-0.80508122807925075,59.13267128457349,34.407305855567941,trajectory reached the configured outer_limit radius
21,509,0.79205869468599344,-0.63050000000000006,fraction,250,0,outer_limit,nan,0,3.7859669428286677,0.0084265480000000007,2.2360679774997898,5.0000000000000009,-0.80509067580492921,59.132108633690535,34.407779330435083,trajectory reached the configured outer_limit radius
22,492,0.79193665303188676,-0.6143333333333334,fraction,250,0,outer_limit,nan,0,3.8247284088866276,0.010359800000000001,2.2360679774997898,5.0000000000000009,-0.80495015850915419,59.140406200900074,34.400544932039516,trajectory reached the configured outer_limit radius
22,493,0.79194383195271656,-0.6143333333333334,fraction,250,0,outer_limit,nan,0,3.8214717502265998,0.0083415290000000003,2.2360679774997898,5.0000000000000009,-0.80495973881992688,59.139839235940194,34.401034568886189,trajectory reached the configured outer_limit radius
22,494,0.79195101087354636,-0.6143333333333334,fraction,250,0,outer_limit,nan,0,3.8182311059452374,0.0093067610000000002,2.2360679774997898,5.0000000000000009,-0.80496931748271561,59.13927207808041,34.401523347201795,trajectory reached the configured outer_limit radius
22,495,0.79195818979437616,-0.6143333333333334,fraction,250,0,outer_limit,nan,0,3.8150063241321055,0.0096161240000000002,2.2360679774997898,5.0000000000000009,-0.80497889436685588,59.138704736824238,34.402011265135059,trajectory reached the configured outer_limit radius
22,496,0.79196536871520595,-0.6143333333333334,fraction,250,0,outer_limit,nan,0,3.8117972549367733,0.0090312459999999997,2.2360679774997898,5.0000000000000009,-0.80498846934392421,59.138137221523053,34.40249832089485,trajectory reached the configured outer_limit radius
22,497,0.79197254763603575,-0.6143333333333334,fraction,250,0,outer_limit,nan,0,3.8086037505328507,0.0084914799999999992,2.2360679774997898,5.0000000000000009,-0.80499804228769989,59.137569541379598,34.402984512750791,trajectory reached the configured outer_limit radius
22,498,0.79197972655686566,-0.6143333333333334,fraction,250,0,outer_limit,nan,0,3.8054256650860769,0.007212759,2.2360679774997898,5.0000000000000009,-0.80500761307411273,59.137001705451077,34.40346983903116,trajectory reached the configured outer_limit radius
22,499,0.79198690547769546,-0.6143333333333334,fraction,250,0,outer_limit,nan,0,3.8022628547195145,0.0082835879999999997,2.2360679774997898,5.0000000000000009,-0.80501718158121016,59.136433722650736,34.403954298121612,trajectory reached the configured outer_limit radius
22,500,0.79199408439852526,-0.6143333333333334,fraction,250,0,outer_limit,nan,0,3.7991151774811329,0.0094133280000000003,2.2360679774997902,5.0000000000000027,-0.80502674768910187,59.135865601752911,34.404437888464159,trajectory reached the configured outer_limit radius
22,501,0.79200126331935505,-0.6143333333333334,fraction,250,0,outer_limit,nan,0,3.7959824933128523,0.0084750069999999997,2.2360679774997898,5.0000000000000009,-0.80503631127993569,59.135297351393483,34.404920608556203,trajectory reached the configured outer_limit radius
22,502,0.79200844224018485,-0.6143333333333334,fraction,250,0,outer_limit,nan,0,3.7928646640166597,0.0096694539999999992,2.2360679774997898,5.0000000000000009,-0.80504587223784185,59.134728980073945,34.405402456948643,trajectory reached the configured outer_limit radius
22,503,0.79201562116101465,-0.6143333333333334,fraction,250,0,outer_limit,nan,0,3.7897615532264748,0.0085163919999999994,2.2360679774997902,5.0000000000000027,-0.80505543044891048,59.134160496163332,34.405883432245531,trajectory reached the configured outer_limit radius
22,504,0.79202280008184445,-0.6143333333333334,fraction,250,0,outer_limit,nan,0,3.786673026376318,0.0084718350000000005,2.2360679774997898,5.0000000000000009,-0.80506498580113939,59.133591907900652,34.406363533102379,trajectory reached the configured outer_limit radius
22,505,0.79202997900267424,-0.6143333333333334,fraction,250,0,outer_limit,nan,0,3.783598950670727,0.0087312729999999995,2.2360679774997898,5.0000000000000009,-0.805074538184404,59.133023223398304,34.406842758225167,trajectory reached the configured outer_limit radius
22,506,0.79203715792350404,-0.6143333333333334,fraction,250,0,outer_limit,nan,0,3.7805391950548506,0.0086434019999999997,2.2360679774997898,5.0000000000000009,-0.80508408749042115,59.132454450643195,34.407321106369039,trajectory reached the configured outer_limit radius
22,507,0.79204433684433384,-0.6143333333333334,fraction,250,0,outer_limit,nan,0,3.7774936301878879,0.0084479189999999999,2.2360679774997902,5.0000000000000027,-0.80509363361271447,59.131885597500322,34.407798576339026,trajectory reached the configured outer_limit radius
22,508,0.79205151576516364,-0.6143333333333334,fraction,250,0,outer_limit,nan,0,3.774462128412519,0.010538752,2.2360679774997898,5.0000000000000009,-0.80510317644657792,59.131316671713329,34.408275166985234,trajectory reached the configured outer_limit radius
22,509,0.79205869468599344,-0.6143333333333334,fraction,250,0,outer_limit,nan,0,3.7714445637289518,0.0088297759999999993,2.2360679774997898,5.0000000000000009,-0.80511271588903954,59.130747680909217,34.408750877205868,trajectory reached the configured outer_limit radius
23,492,0.79193665303188676,-0.59816666666666674,fraction,250,0,outer_limit,nan,0,3.8108334578045393,0.0064385960000000004,2.2360679774997898,5.0000000000000009,-0.80496979102652766,59.139201495484471,34.401430489278169,trajectory reached the configured outer_limit radius
23,493,0.79194383195271656,-0.59816666666666674,fraction,250,0,outer_limit,nan,0,3.807567905047184,0.0091656989999999994,2.2360679774997898,5.0000000000000009,-0.80497946632385853,59.138628055839781,34.401922682851279,trajectory reached the configured outer_limit radius
23,494,0.79195101087354636,-0.59816666666666674,fraction,250,0,outer_limit,nan,0,3.8043185107047779,0.0079408429999999995,2.2360679774997898,5.0000000000000009,-0.80498913941640904,59.13805445342706,34.402413982079821,trajectory reached the configured outer_limit radius
23,495,0.79195818979437616,-0.59816666666666674,fraction,250,0,outer_limit,nan,0,3.8010851198491138,0.007458073,2.2360679774997898,5.0000000000000009,-0.8049988101763218,59.13748069761801,34.402904385344726,trajectory reached the configured outer_limit radius
23,496,0.79196536871520595,-0.59816666666666674,fraction,250,0,outer_limit,nan,0,3.7978675796902448,0.0081630360000000003,2.2360679774997898,5.0000000000000009,-0.80500847847795343,59.136906797633699,34.403393891086068,trajectory reached the configured outer_limit radius
23,497,0.79197254763603575,-0.59816666666666674,fraction,250,0,outer_limit,nan,0,3.7946657395411107,0.0087939130000000004,2.2360679774997898,5.0000000000000009,-0.80501814419782836,59.136332762548093,34.403882497801014,trajectory reached the configured outer_limit radius
23,498,0.79197972655686566,-0.59816666666666674,fraction,250,0,outer_limit,nan,0,3.7914794507790677,0.0083506459999999998,2.2360679774997898,5.0000000000000009,-0.80502780721459644,59.135758601289936,34.404370204041783,trajectory reached the configured outer_limit radius
23,499,0.79198690547769546,-0.59816666666666674,fraction,250,0,outer_limit,nan,0,3.7883085668126713,0.0088501069999999994,2.2360679774997898,5.0000000000000009,-0.8050374674089944,59.135184322646857,34.404857008417395,trajectory reached the configured outer_limit radius
23,500,0.79199408439852526,-0.59816666666666674,fraction,250,0,outer_limit,nan,0,3.7851529430431095,0.010199672999999999,2.2360679774997898,5.0000000000000009,-0.8050471246637968,59.13460993526698,34.405342909588491,trajectory reached the configured outer_limit radius
23,501,0.79200126331935505,-0.59816666666666674,fraction,250,0,outer_limit,nan,0,3.7820124368347234,0.0079398980000000008,2.2360679774997898,5.0000000000000009,-0.80505677886378435,59.134035447661937,34.405827906268698,trajectory reached the configured outer_limit radius
23,502,0.79200844224018485,-0.59816666666666674,fraction,250,0,outer_limit,nan,0,3.7788869074775824,0.0093936539999999995,2.2360679774997898,5.0000000000000009,-0.80506642989570054,59.133460868209703,34.406311997223042,trajectory reached the configured outer_limit radius
23,503,0.79201562116101465,-0.59816666666666674,fraction,250,0,outer_limit,nan,0,3.7757762161555788,0.008401726,2.2360679774997898,5.0000000000000009,-0.80507607764820921,59.132886205157916,34.406795181267434,trajectory reached the configured outer_limit radius
23,504,0.79202280008184445,-0.59816666666666674,fraction,250,0,outer_limit,nan,0,3.7726802259157202,0.0096334569999999998,2.2360679774997898,5.0000000000000009,-0.80508572201186945,59.132311466624138,34.40727745726533,trajectory reached the configured outer_limit radius
23,505,0.79202997900267424,-0.59816666666666674,fraction,250,0,outer_limit,nan,0,3.7695988016352411,0.0088183399999999992,2.2360679774997898,5.0000000000000009,-0.80509536287908534,59.131736660601049,34.407758824130326,trajectory reached the configured outer_limit radius
23,506,0.79203715792350404,-0.59816666666666674,fraction,250,0,outer_limit,nan,0,3.7665318099897873,0.0095355709999999996,2.2360679774997898,5.0000000000000009,-0.80510500014407838,59.131161794956725,34.408239280821292,trajectory reached the configured outer_limit radius
23,507,0.79204433684433384,-0.59816666666666674,fraction,250,0,outer_limit,nan,0,3.7634791194247916,0.010410785000000001,2.2360679774997898,5.0000000000000009,-0.8051146337028503,59.130586877437999,34.408718826343517,trajectory reached the configured outer_limit radius
23,508,0.79205151576516364,-0.59816666666666674,fraction,250,0,outer_limit,nan,0,3.7604406001244017,0.0072706899999999998,2.2360679774997898,5.0000000000000009,-0.80512426345315125,59.13001191567254,34.40919745974837,trajectory reached the configured outer_limit radius
23,509,0.79205869468599344,-0.59816666666666674,fraction,250,0,outer_limit,nan,0,3.7574161239827188,0.0084243619999999995,2.2360679774997898,5.0000000000000009,-0.80513388929444329,59.129436917170921,34.409675180130009,trajectory reached the configured outer_limit radius
24,492,0.79193665303188676,-0.58199999999999996,fraction,250,0,outer_limit,nan,0,3.7973926126147743,0.0084333640000000005,2.2360679774997898,5.0000000000000009,-0.80498868123539835,59.138039509125186,34.402274868233775,trajectory reached the configured outer_limit radius
24,493,0.79194383195271656,-0.58199999999999996,fraction,250,0,outer_limit,nan,0,3.7941186499366837,0.0082462000000000004,2.2360679774997898,5.0000000000000009,-0.80499844631055373,59.137459917895697,34.402769391994447,trajectory reached the configured outer_limit radius
24,494,0.79195101087354636,-0.58199999999999996,fraction,250,0,outer_limit,nan,0,3.7908609822983137,0.013257593999999999,2.2360679774997898,5.0000000000000009,-0.80500820863583067,59.136880193509135,34.403262986640101,trajectory reached the configured outer_limit radius
24,495,0.79195818979437616,-0.58199999999999996,fraction,250,0,outer_limit,nan,0,3.7876194519016209,0.0083680979999999992,2.2360679774997898,5.0000000000000009,-0.80501796808617276,59.136300345204624,34.403755650780923,trajectory reached the configured outer_limit radius
24,496,0.79196536871520595,-0.58199999999999996,fraction,250,0,outer_limit,nan,0,3.784393903164573,0.0086898970000000002,2.2360679774997898,5.0000000000000009,-0.80502772453871074,59.135720382071973,34.404247383083586,trajectory reached the configured outer_limit radius
24,497,0.79197254763603575,-0.58199999999999996,fraction,250,0,outer_limit,nan,0,3.7811841826797998,0.0089012299999999996,2.2360679774997898,5.0000000000000009,-0.8050374778727114,59.135140313054592,34.404738182268211,trajectory reached the configured outer_limit radius
24,498,0.79197972655686566,-0.58199999999999996,fraction,250,0,outer_limit,nan,0,3.7779901391751634,0.0080611520000000002,2.2360679774997898,5.0000000000000009,-0.80504722796953854,59.134560146952545,34.405228047108139,trajectory reached the configured outer_limit radius
24,499,0.79198690547769546,-0.58199999999999996,fraction,250,0,outer_limit,nan,0,3.7748116234780742,0.0090926370000000006,2.2360679774997898,5.0000000000000009,-0.80505697471261406,59.133979892425053,34.405716976428877,trajectory reached the configured outer_limit radius
24,500,0.79199408439852526,-0.58199999999999996,fraction,250,0,outer_limit,nan,0,3.7716484884772856,0.0091359739999999998,2.2360679774997898,5.0000000000000009,-0.8050667179873664,59.133399557994501,34.406204969107783,trajectory reached the configured outer_limit radius
24,501,0.79200126331935505,-0.58199999999999996,fraction,250,0,outer_limit,nan,0,3.7685005890858481,0.0086235259999999994,2.2360679774997898,5.0000000000000009,-0.80507645768120706,59.132819152046821,34.406692024070303,trajectory reached the configured outer_limit radius
24,502,0.79200844224018485,-0.58199999999999996,fraction,250,0,outer_limit,nan,0,3.7653677822073641,0.0090219559999999994,2.2360679774997898,5.0000000000000009,-0.80508619368347711,59.132238682836203,34.407178140291748,trajectory reached the configured outer_limit radius
24,503,0.79201562116101465,-0.58199999999999996,fraction,250,0,outer_limit,nan,0,3.7622499266997247,0.0088553820000000002,2.2360679774997898,5.0000000000000009,-0.80509592588541923,59.131658158486573,34.407663316794739,trajectory reached the configured outer_limit radius
24,504,0.79202280008184445,-0.58199999999999996,fraction,250,0,outer_limit,nan,0,3.7591468833413786,0.0092362880000000005,2.2360679774997898,5.0000000000000009,-0.80510565418013413,59.131077586994664,34.408147552648742,trajectory reached the configured outer_limit radius
24,505,0.79202997900267424,-0.58199999999999996,fraction,250,0,outer_limit,nan,0,3.756058514798013,0.0082951629999999995,2.2360679774997898,5.0000000000000009,-0.80511537846254899,59.130496976231584,34.408630846968208,trajectory reached the configured outer_limit radius
24,506,0.79203715792350404,-0.58199999999999996,fraction,250,0,outer_limit,nan,0,3.7529846855898801,0.0089573320000000001,2.2360679774997898,5.0000000000000009,-0.80512509862938009,59.129916333946625,34.409113198913772,trajectory reached the configured outer_limit radius
24,507,0.79204433684433384,-0.58199999999999996,fraction,250,0,outer_limit,nan,0,3.7499252620602292,0.0086312179999999995,2.2360679774997898,5.0000000000000009,-0.80513481457910163,59.129335667767393,34.409594607687552,trajectory reached the configured outer_limit radius
24,508,0.79205151576516364,-0.58199999999999996,fraction,250,0,outer_limit,nan,0,3.7468801123424469,0.0088962009999999994,2.2360679774997898,5.0000000000000009,-0.80514452621190624,59.128754985204687,34.410075072536664,trajectory reached the configured outer_limit radius
24,509,0.79205869468599344,-0.58199999999999996,fraction,250,0,outer_limit,nan,0,3.743849106330952,0.008452925,2.2360679774997898,5.0000000000000009,-0.80515423342967662,59.128174293652862,34.410554592748461,trajectory reached the configured outer_limit radius
25,492,0.79193665303188676,-0.5658333333333333,fraction,250,0,outer_limit,nan,0,3.7843772316656166,0.0092854830000000006,2.2360679774997898,5.0000000000000009,-0.80500685877159484,59.136918636686559,34.403079981958328,trajectory reached the configured outer_limit radius
25,493,0.79194383195271656,-0.5658333333333333,fraction,250,0,outer_limit,nan,0,3.781095303140992,0.0090659320000000005,2.2360679774997898,5.0000000000000009,-0.80501670868732067,59.136333200956017,34.403576623346908,trajectory reached the configured outer_limit radius
25,494,0.79195101087354636,-0.5658333333333333,fraction,250,0,outer_limit,nan,0,3.777829799462959,0.0095359020000000006,2.2360679774997898,5.0000000000000009,-0.80502655531962286,59.13574766115822,34.404072301862108,trajectory reached the configured outer_limit radius
25,495,0.79195818979437616,-0.5658333333333333,fraction,250,0,outer_limit,nan,0,3.7745805601035918,0.0087521720000000008,2.2360679774997898,5.0000000000000009,-0.80503639854624887,59.135162026397737,34.404567016339037,trajectory reached the configured outer_limit radius
25,496,0.79196536871520595,-0.5658333333333333,fraction,250,0,outer_limit,nan,0,3.7713474268216785,0.008506876,2.2360679774997898,5.0000000000000009,-0.80504623824708976,59.134576305632208,34.405060765666143,trajectory reached the configured outer_limit radius
25,497,0.79197254763603575,-0.5658333333333333,fraction,250,0,outer_limit,nan,0,3.7681302436198481,0.0091832389999999993,2.2360679774997898,5.0000000000000009,-0.80505607430414505,59.133990507674071,34.405553548782919,trajectory reached the configured outer_limit radius
25,498,0.79197972655686566,-0.5658333333333333,fraction,250,0,outer_limit,nan,0,3.7649288567048309,0.0083409399999999998,2.2360679774997898,5.0000000000000009,-0.80506590660148369,59.133404641193451,34.406045364678789,trajectory reached the configured outer_limit radius
25,499,0.79198690547769546,-0.5658333333333333,fraction,250,0,outer_limit,nan,0,3.7617431144481208,0.0080531049999999996,2.2360679774997898,5.0000000000000009,-0.80507573502520369,59.132818714721353,34.406536212394393,trajectory reached the configured outer_limit radius
25,500,0.79199408439852526,-0.5658333333333333,fraction,250,0,outer_limit,nan,0,3.7585728673458538,0.0069564589999999999,2.2360679774997898,5.0000000000000009,-0.80508555946337801,59.132232736652639,34.407026091016583,trajectory reached the configured outer_limit radius
25,501,0.79200126331935505,-0.5658333333333333,fraction,250,0,outer_limit,nan,0,3.7554179679793718,0.0080502899999999999,2.2360679774997898,5.0000000000000009,-0.80509537980603596,59.1316467152473,34.407514999679968,trajectory reached the configured outer_limit radius
25,502,0.79200844224018485,-0.5658333333333333,fraction,250,0,outer_limit,nan,0,3.7522782709808791,0.008392989,2.2360679774997898,5.0000000000000009,-0.80510519594511043,59.131060658634546,34.408002937565399,trajectory reached the configured outer_limit radius
25,503,0.79201562116101465,-0.5658333333333333,fraction,250,0,outer_limit,nan,0,3.7491536329948634,0.0093510539999999993,2.2360679774997898,5.0000000000000009,-0.80511500777440259,59.130474574815338,34.408489903899849,trajectory reached the configured outer_limit radius
25,504,0.79202280008184445,-0.5658333333333333,fraction,250,0,outer_limit,nan,0,3.7460439126411162,0.0081620080000000001,2.2360679774997898,5.0000000000000009,-0.80512481518955148,59.129888471663378,34.408975897952779,trajectory reached the configured outer_limit radius
25,505,0.79202997900267424,-0.5658333333333333,fraction,250,0,outer_limit,nan,0,3.7429489704816477,0.0093588930000000001,2.2360679774997898,5.0000000000000009,-0.80513461808799147,59.12930235692891,34.409460919037507,trajectory reached the configured outer_limit radius
25,506,0.79203715792350404,-0.5658333333333333,fraction,250,0,outer_limit,nan,0,3.7398686689857539,0.0088741129999999994,2.2360679774997898,5.0000000000000009,-0.80514441636892287,59.128716238240898,34.409944966510636,trajectory reached the configured outer_limit radius
25,507,0.79204433684433384,-0.5658333333333333,fraction,250,0,outer_limit,nan,0,3.7368028724968321,0.0087395679999999996,2.2360679774997898,5.0000000000000009,-0.80515420993327635,59.128130123108313,34.41042803976849,trajectory reached the configured outer_limit radius
25,508,0.79205151576516364,-0.5658333333333333,fraction,250,0,outer_limit,nan,0,3.7337514471969753,0.0084712580000000006,2.2360679774997898,5.0000000000000009,-0.80516399868367672,59.12754401892407,34.410910138249463,trajectory reached the configured outer_limit radius
25,509,0.79205869468599344,-0.5658333333333333,fraction,250,0,outer_limit,nan,0,3.7307142610784489,0.009003189,2.2360679774997911,5.0000000000000062,-0.80517378252441407,59.126957932965581,34.411391261430211,trajectory reached the configured outer_limit radius
26,492,0.79193665303188676,-0.54966666666666664,fraction,250,0,outer_limit,nan,0,3.7717614411737816,0.0086396630000000006,2.2360679774997898,5.0000000000000009,-0.8050243508595627,59.135837401457643,34.403847581957891,trajectory reached the configured outer_limit radius
26,493,0.79194383195271656,-0.54966666666666664,fraction,250,0,outer_limit,nan,0,3.7684719552868455,0.0089284670000000007,2.2360679774997902,5.0000000000000027,-0.80503428092649065,59.135246413669883,34.404346141137836,trajectory reached the configured outer_limit radius
26,494,0.79195101087354636,-0.54966666666666664,fraction,250,0,outer_limit,nan,0,3.7651990177671286,0.0086363289999999999,2.2360679774997898,5.0000000000000009,-0.80504420718787795,59.134655350381514,34.404843704668103,trajectory reached the configured outer_limit radius
26,495,0.79195818979437616,-0.54966666666666664,fraction,250,0,outer_limit,nan,0,3.7619424654828628,0.0080521410000000005,2.2360679774997898,5.0000000000000009,-0.80505412952425159,59.134064220563346,34.405340271605141,trajectory reached the configured outer_limit radius
26,496,0.79196536871520595,-0.54966666666666664,fraction,250,0,outer_limit,nan,0,3.758702137657902,0.0086247519999999994,2.2360679774997898,5.0000000000000009,-0.8050640478182558,59.1334730330395,34.405835841054454,trajectory reached the configured outer_limit radius
26,497,0.79197254763603575,-0.54966666666666664,fraction,250,0,outer_limit,nan,0,3.7554778758266085,0.0084670379999999996,2.2360679774997898,5.0000000000000009,-0.80507396195461634,59.132881796490707,34.406330412170902,trajectory reached the configured outer_limit radius
26,498,0.79197972655686566,-0.54966666666666664,fraction,250,0,outer_limit,nan,0,3.7522695237933394,0.0081557490000000003,2.2360679774997898,5.0000000000000009,-0.805083871820092,59.132290519456937,34.406823984156908,trajectory reached the configured outer_limit radius
26,499,0.79198690547769546,-0.54966666666666664,fraction,250,0,outer_limit,nan,0,3.7490769275870965,0.007233644,2.2360679774997898,5.0000000000000009,-0.80509377730343901,59.131699210340074,34.407316556261407,trajectory reached the configured outer_limit radius
26,500,0.79199408439852526,-0.54966666666666664,fraction,250,0,outer_limit,nan,0,3.7458999354242146,0.0078693089999999997,2.2360679774997898,5.0000000000000009,-0.80510367829536833,59.13110787740699,34.407808127778992,trajectory reached the configured outer_limit radius
26,501,0.79200126331935505,-0.54966666666666664,fraction,250,0,outer_limit,nan,0,3.7427383976642901,0.0079080480000000009,2.2360679774997898,5.0000000000000009,-0.80511357468850853,59.13051652879161,34.408298698048512,trajectory reached the configured outer_limit radius
26,502,0.79200844224018485,-0.54966666666666664,fraction,250,0,outer_limit,nan,0,3.7395921667746754,0.0080725009999999993,2.2360679774997898,5.0000000000000009,-0.80512346637736976,59.129925172497892,34.408788266453399,trajectory reached the configured outer_limit radius
26,503,0.79201562116101465,-0.54966666666666664,fraction,250,0,outer_limit,nan,0,3.7364610972895473,0.0085162109999999992,2.2360679774997898,5.0000000000000009,-0.8051333532583016,59.129333816402678,34.409276832418868,trajectory reached the configured outer_limit radius
26,504,0.79202280008184445,-0.54966666666666664,fraction,250,0,outer_limit,nan,0,3.7333450457730342,0.0080614099999999998,2.2360679774997898,5.0000000000000009,-0.80514323522946551,59.128742468256767,34.409764395412026,trajectory reached the configured outer_limit radius
26,505,0.79202997900267424,-0.54966666666666664,fraction,250,0,outer_limit,nan,0,3.7302438707821328,0.0092632080000000002,2.2360679774997898,5.0000000000000009,-0.80515311219078844,59.128151135689365,34.410250954941318,trajectory reached the configured outer_limit radius
26,506,0.79203715792350404,-0.54966666666666664,fraction,250,0,outer_limit,nan,0,3.727157432832533,0.0081368970000000006,2.2360679774997898,5.0000000000000009,-0.80516298404393738,59.127559826208625,34.410736510554436,trajectory reached the configured outer_limit radius
26,507,0.79204433684433384,-0.54966666666666664,fraction,250,0,outer_limit,nan,0,3.7240855943610245,0.0072600119999999997,2.2360679774997898,5.0000000000000009,-0.80517285069228539,59.126968547204783,34.411221061838731,trajectory reached the configured outer_limit radius
26,508,0.79205151576516364,-0.54966666666666664,fraction,250,0,outer_limit,nan,0,3.7210282196921627,0.0094002489999999994,2.2360679774997898,5.0000000000000009,-0.80518271204087399,59.126377305952005,34.411704608419051,trajectory reached the configured outer_limit radius
26,509,0.79205869468599344,-0.54966666666666664,fraction,250,0,outer_limit,nan,0,3.7179851750055906,0.007756364,2.2360679774997898,5.0000000000000009,-0.80519256799638461,59.125786109611461,34.412187149958839,trajectory reached the configured outer_limit radius
27,492,0.79193665303188676,-0.53349999999999997,fraction,250,0,outer_limit,nan,0,3.7595217837349861,0.006155499,2.2360679774997898,5.0000000000000009,-0.80504118257761337,59.134794441231506,34.404579276525361,trajectory reached the configured outer_limit radius
27,493,0.79194383195271656,-0.53349999999999997,fraction,250,0,outer_limit,nan,0,3.7562251172574181,0.0083753449999999993,2.2360679774997898,5.0000000000000009,-0.80505118833341616,59.13419818040699,34.405079565277489,trajectory reached the configured outer_limit radius
27,494,0.79195101087354636,-0.53349999999999997,fraction,250,0,outer_limit,nan,0,3.7529451168543067,0.0080183649999999995,2.2360679774997898,5.0000000000000009,-0.80506118977284591,59.133601872126548,34.405578826558575,trajectory reached the configured outer_limit radius
27,495,0.79195818979437616,-0.53349999999999997,fraction,250,0,outer_limit,nan,0,3.7496816169079805,0.0088317550000000002,2.2360679774997898,5.0000000000000009,-0.80507118677919853,59.133005525226025,34.406077059641476,trajectory reached the configured outer_limit radius
27,496,0.79196536871520595,-0.53349999999999997,fraction,250,0,outer_limit,nan,0,3.7464344542234809,0.0085044560000000005,2.2360679774997898,5.0000000000000009,-0.8050811792378576,59.13240914839632,34.406574263845719,trajectory reached the configured outer_limit radius
27,497,0.79197254763603575,-0.53349999999999997,fraction,250,0,outer_limit,nan,0,3.7432034679779957,0.0081432420000000002,2.2360679774997898,5.0000000000000009,-0.80509116703625305,59.131812750185759,34.40707043853655,trajectory reached the configured outer_limit radius
27,498,0.79197972655686566,-0.53349999999999997,fraction,250,0,outer_limit,nan,0,3.7399884996817829,0.0091488699999999999,2.2360679774997902,5.0000000000000027,-0.80510115006382099,59.131216339003913,34.407565583125056,trajectory reached the configured outer_limit radius
27,499,0.79198690547769546,-0.53349999999999997,fraction,250,0,outer_limit,nan,0,3.7367893931303469,0.0084766000000000008,2.2360679774997898,5.0000000000000009,-0.80511112821196473,59.130619923123085,34.40805969706544,trajectory reached the configured outer_limit radius
27,500,0.79199408439852526,-0.53349999999999997,fraction,250,0,outer_limit,nan,0,3.7336059943626863,0.0083080350000000001,2.2360679774997898,5.0000000000000009,-0.80512110137400983,59.130023510682037,34.408552779854794,trajectory reached the configured outer_limit radius
27,501,0.79200126331935505,-0.53349999999999997,fraction,250,0,outer_limit,nan,0,3.7304381516190461,0.0085368860000000005,2.2360679774997898,5.0000000000000009,-0.80513106944517465,59.129427109688393,34.409044831033633,trajectory reached the configured outer_limit radius
27,502,0.79200844224018485,-0.53349999999999997,fraction,250,0,outer_limit,nan,0,3.7272857152995451,0.0084895890000000005,2.2360679774997902,5.0000000000000027,-0.80514103232252587,59.128830728020738,34.409535850182138,trajectory reached the configured outer_limit radius
27,503,0.79201562116101465,-0.53349999999999997,fraction,250,0,outer_limit,nan,0,3.7241485379258084,0.0086934739999999996,2.2360679774997898,5.0000000000000009,-0.80515098990494516,59.128234373431134,34.410025836920731,trajectory reached the configured outer_limit radius
27,504,0.79202280008184445,-0.53349999999999997,fraction,250,0,outer_limit,nan,0,3.7210264740998662,0.0080039480000000003,2.2360679774997902,5.0000000000000027,-0.80516094209309919,59.127638053548289,34.410514790910987,trajectory reached the configured outer_limit radius
27,505,0.79202997900267424,-0.53349999999999997,fraction,250,0,outer_limit,nan,0,3.7179193804661659,0.0082521910000000007,2.2360679774997902,5.0000000000000027,-0.80517088878938758,59.12704177587942,34.411002711850699,trajectory reached the configured outer_limit radius
27,506,0.79203715792350404,-0.53349999999999997,fraction,250,0,outer_limit,nan,0,3.714827115675309,0.0084055250000000005,2.2360679774997898,5.0000000000000009,-0.80518082989793349,59.126445547811826,34.411489599476283,trajectory reached the configured outer_limit radius
27,507,0.79204433684433384,-0.53349999999999997,fraction,250,0,outer_limit,nan,0,3.7117495403465171,0.008027836,2.2360679774997898,5.0000000000000009,-0.80519076532452993,59.125849376617097,34.41197545356161,trajectory reached the configured outer_limit radius
27,508,0.79205151576516364,-0.53349999999999997,fraction,250,0,outer_limit,nan,0,3.708686517031023,0.0084442570000000002,2.2360679774997898,5.0000000000000009,-0.80520069497661728,59.125253269451335,34.412460273915357,trajectory reached the configured outer_limit radius
27,509,0.79205869468599344,-0.53349999999999997,fraction,250,0,outer_limit,nan,0,3.7056379101797794,0.0088220739999999992,2.2360679774997898,5.0000000000000009,-0.80521061876325406,59.124657233358,34.412944060382017,trajectory reached the configured outer_limit radius
28,492,0.79193665303188676,-0.51733333333333331,fraction,250,0,outer_limit,nan,0,3.7476369217972332,0.0086762390000000005,2.2360679774997902,5.0000000000000027,-0.80505737708492375,59.13378849637958,34.405276546397282,trajectory reached the configured outer_limit radius
28,493,0.79194383195271656,-0.51733333333333331,fraction,250,0,outer_limit,nan,0,3.7443334231361729,0.0083314410000000002,2.2360679774997898,5.0000000000000009,-0.80506745427579762,59.13318722919778,34.405778387139918,trajectory reached the configured outer_limit radius
28,494,0.79195101087354636,-0.51733333333333331,fraction,250,0,outer_limit,nan,0,3.741046702868013,0.0083051559999999993,2.2360679774997898,5.0000000000000009,-0.8050775266506216,59.132585942083253,34.406279169519969,trajectory reached the configured outer_limit radius
28,495,0.79195818979437616,-0.51733333333333331,fraction,250,0,outer_limit,nan,0,3.73777659299992,0.0080073279999999993,2.2360679774997898,5.0000000000000009,-0.80508759409544206,59.131984643736551,34.406778893021681,trajectory reached the configured outer_limit radius
28,496,0.79196536871520595,-0.51733333333333331,fraction,250,0,outer_limit,nan,0,3.7345229280214753,0.0080105569999999997,2.2360679774997898,5.0000000000000009,-0.80509765649836307,59.131383342714685,34.40727755717424,trajectory reached the configured outer_limit radius
28,497,0.79197254763603575,-0.51733333333333331,fraction,250,0,outer_limit,nan,0,3.731285544861298,0.009049886,2.2360679774997898,5.0000000000000009,-0.80510771374950219,59.130782047434238,34.407775161549857,trajectory reached the configured outer_limit radius
28,498,0.79197972655686566,-0.51733333333333331,fraction,250,0,outer_limit,nan,0,3.7280642828357689,0.0082066010000000009,2.2360679774997898,5.0000000000000009,-0.80511776574095617,59.13018076617336,34.408271705763326,trajectory reached the configured outer_limit radius
28,499,0.79198690547769546,-0.51733333333333331,fraction,250,0,outer_limit,nan,0,3.7248589836051043,0.0082841970000000001,2.2360679774997898,5.0000000000000009,-0.8051278123667529,59.129579507075391,34.408767189470488,trajectory reached the configured outer_limit radius
28,500,0.79199408439852526,-0.51733333333333331,fraction,250,0,outer_limit,nan,0,3.7216694911277979,0.0077371419999999998,2.2360679774997898,5.0000000000000009,-0.80513785352281886,59.128978278150718,34.409261612367317,trajectory reached the configured outer_limit radius
28,501,0.79200126331935505,-0.51733333333333331,fraction,250,0,outer_limit,nan,0,3.7184956516187437,0.0081133060000000007,2.2360679774997898,5.0000000000000009,-0.80514788910693891,59.128377087280299,34.409754974190463,trajectory reached the configured outer_limit radius
28,502,0.79200844224018485,-0.51733333333333331,fraction,250,0,outer_limit,nan,0,3.715337313504421,0.0085745040000000002,2.2360679774997898,5.0000000000000009,-0.80515791901872091,59.12777594221722,34.41024727471423,trajectory reached the configured outer_limit radius
28,503,0.79201562116101465,-0.51733333333333331,fraction,250,0,outer_limit,nan,0,3.7121943273815377,0.0088682410000000007,2.2360679774997898,5.0000000000000009,-0.80516794315955986,59.127174850589569,34.410738513750545,trajectory reached the configured outer_limit radius
28,504,0.79202280008184445,-0.51733333333333331,fraction,250,0,outer_limit,nan,0,3.7090665459783145,0.0089032739999999992,2.2360679774997898,5.0000000000000009,-0.80517796143260256,59.126573819903271,34.411228691149788,trajectory reached the configured outer_limit radius
28,505,0.79202997900267424,-0.51733333333333331,fraction,250,0,outer_limit,nan,0,3.7059538241121497,0.0088179639999999993,2.2360679774997898,5.0000000000000009,-0.80518797374271167,59.125972857543545,34.411717806796986,trajectory reached the configured outer_limit radius
28,506,0.79203715792350404,-0.51733333333333331,fraction,250,0,outer_limit,nan,0,3.7028560186515507,0.0087004040000000001,2.2360679774997898,5.0000000000000009,-0.80519797999643661,59.125371970777849,34.412205860612858,trajectory reached the configured outer_limit radius
28,507,0.79204433684433384,-0.51733333333333331,fraction,250,0,outer_limit,nan,0,3.6997729884795274,0.0080350149999999995,2.2360679774997898,5.0000000000000009,-0.80520798010197714,59.124771166758251,34.412692852553491,trajectory reached the configured outer_limit radius
28,508,0.79205151576516364,-0.51733333333333331,fraction,250,0,outer_limit,nan,0,3.6967045944538355,0.0079628259999999992,2.2360679774997898,5.0000000000000009,-0.80521797396915407,59.124170452522669,34.413178782607766,trajectory reached the configured outer_limit radius
28,509,0.79205869468599344,-0.51733333333333331,fraction,250,0,outer_limit,nan,0,3.6936506993731961,0.0081417499999999997,2.2360679774997898,5.0000000000000009,-0.8052279615093747,59.123569834998463,34.41366365079827,trajectory reached the configured outer_limit radius
29,492,0.79193665303188676,-0.50116666666666665,fraction,250,0,outer_limit,nan,0,3.736087385993371,0.0089677390000000006,2.2360679774997898,5.0000000000000009,-0.8050729558169395,59.132818399571761,34.405940758191619,trajectory reached the configured outer_limit radius
29,493,0.79194383195271656,-0.50116666666666665,fraction,250,0,outer_limit,nan,0,3.7327773780961109,0.0083856380000000008,2.2360679774997898,5.0000000000000009,-0.80508310038109077,59.132212381338107,34.406443983111437,trajectory reached the configured outer_limit radius
29,494,0.79195101087354636,-0.50116666666666665,fraction,250,0,outer_limit,nan,0,3.7294842559031824,0.0087578110000000008,2.2360679774997898,5.0000000000000009,-0.80509323964053903,59.131606370173948,34.406946119681535,trajectory reached the configured outer_limit radius
29,495,0.79195818979437616,-0.50116666666666665,fraction,250,0,outer_limit,nan,0,3.7262078491483224,0.0077846870000000002,2.2360679774997898,5.0000000000000009,-0.80510337348406258,59.131000374644934,34.407447167594697,trajectory reached the configured outer_limit radius
29,496,0.79196536871520595,-0.50116666666666665,fraction,250,0,outer_limit,nan,0,3.7229479901088527,0.0087149580000000001,2.2360679774997898,5.0000000000000009,-0.80511350180246577,59.130394403174215,34.407947126584943,trajectory reached the configured outer_limit radius
29,497,0.79197254763603575,-0.50116666666666665,fraction,250,0,outer_limit,nan,0,3.7197045135574078,0.0076820300000000003,2.2360679774997898,5.0000000000000009,-0.8051236244885378,59.12978846404593,34.408445996427268,trajectory reached the configured outer_limit radius
29,498,0.79197972655686566,-0.50116666666666665,fraction,250,0,outer_limit,nan,0,3.7164772567120727,0.0079696139999999999,2.2360679774997898,5.0000000000000009,-0.80513374143700789,59.12918256540776,34.408943776936063,trajectory reached the configured outer_limit radius
29,499,0.79198690547769546,-0.50116666666666665,fraction,250,0,outer_limit,nan,0,3.7132660591910209,0.007743237,2.2360679774997902,5.0000000000000027,-0.80514385254451415,59.128576715273503,34.409440467964586,trajectory reached the configured outer_limit radius
29,500,0.79199408439852526,-0.50116666666666665,fraction,250,0,outer_limit,nan,0,3.7100707629628755,0.0089059959999999994,2.2360679774997902,5.0000000000000027,-0.80515395770955878,59.12797092152573,34.409936069404267,trajectory reached the configured outer_limit radius
29,501,0.79200126331935505,-0.50116666666666665,fraction,250,0,outer_limit,nan,0,3.7068912123029012,0.009083331,2.2360679774997898,5.0000000000000009,-0.80516405683247494,59.127365191918599,34.410430581183221,trajectory reached the configured outer_limit radius
29,502,0.79200844224018485,-0.50116666666666665,fraction,250,0,outer_limit,nan,0,3.703727253750456,0.010004890000000001,2.2360679774997907,5.0000000000000044,-0.80517414981539115,59.126759534080044,34.410924003266018,trajectory reached the configured outer_limit radius
29,503,0.79201562116101465,-0.50116666666666665,fraction,250,0,outer_limit,nan,0,3.7005787360610496,0.0081992260000000004,2.2360679774997898,5.0000000000000009,-0.80518423656219107,59.126153955514212,34.411416335652724,trajectory reached the configured outer_limit radius
29,504,0.79202280008184445,-0.50116666666666665,fraction,250,0,outer_limit,nan,0,3.697445510170613,0.0078675770000000006,2.2360679774997898,5.0000000000000009,-0.80519431697848642,59.125548463604105,34.411907578378056,trajectory reached the configured outer_limit radius
29,505,0.79202997900267424,-0.50116666666666665,fraction,250,0,outer_limit,nan,0,3.6943274291476311,0.0087535970000000001,2.2360679774997898,5.0000000000000009,-0.80520439097157537,59.124943065613955,34.412397731510225,trajectory reached the configured outer_limit radius
29,506,0.79203715792350404,-0.50116666666666665,fraction,250,0,outer_limit,nan,0,3.6912243481577489,0.0083581950000000006,2.2360679774997898,5.0000000000000009,-0.80521445845041606,59.12433776869085,34.412886795151181,trajectory reached the configured outer_limit radius
29,507,0.79204433684433384,-0.50116666666666665,fraction,250,0,outer_limit,nan,0,3.6881361244220252,0.0082387350000000005,2.2360679774997898,5.0000000000000009,-0.80522451932559314,59.123732579867706,34.413374769434711,trajectory reached the configured outer_limit radius
29,508,0.79205151576516364,-0.50116666666666665,fraction,250,0,outer_limit,nan,0,3.6850626171788861,0.0050703060000000001,2.2360679774997898,5.0000000000000009,-0.80523457350928129,59.123127506065352,34.413861654526571,trajectory reached the configured outer_limit radius
29,509,0.79205869468599344,-0.50116666666666665,fraction,250,0,outer_limit,nan,0,3.6820036876475513,0.0085450700000000001,2.2360679774997898,5.0000000000000009,-0.80524462091522553,59.122522554093813,34.414347450623154,trajectory reached the configured outer_limit radius
30,492,0.79193665303188676,-0.48499999999999999,fraction,250,0,outer_limit,nan,0,3.7248553603493457,0.0085011540000000003,2.2360679774997898,5.0000000000000009,-0.80508793865443773,59.131883066873563,34.406573176008195,trajectory reached the configured outer_limit radius
30,493,0.79194383195271656,-0.48499999999999999,fraction,250,0,outer_limit,nan,0,3.7215391432349483,0.0081171300000000002,2.2360679774997898,5.0000000000000009,-0.80509814670728785,59.131272542385645,34.407077626282359,trajectory reached the configured outer_limit radius
30,494,0.79195101087354636,-0.48499999999999999,fraction,250,0,outer_limit,nan,0,3.7182399144750309,0.00969128,2.2360679774997898,5.0000000000000009,-0.80510834897768246,59.130662051450074,34.407580959102766,trajectory reached the configured outer_limit radius
30,495,0.79195818979437616,-0.48499999999999999,fraction,250,0,outer_limit,nan,0,3.7149575016243368,0.0073868349999999996,2.2360679774997898,5.0000000000000009,-0.80511854535711003,59.130051602497183,34.40808317436543,trajectory reached the configured outer_limit radius
30,496,0.79196536871520595,-0.48499999999999999,fraction,250,0,outer_limit,nan,0,3.7116917348413074,0.0083221920000000008,2.2360679774997898,5.0000000000000009,-0.8051287357390523,59.129441203817031,34.408584272006053,trajectory reached the configured outer_limit radius
30,497,0.79197254763603575,-0.48499999999999999,fraction,250,0,outer_limit,nan,0,3.708442446832461,0.0082987789999999992,2.2360679774997907,5.0000000000000044,-0.80513892001894316,59.128830863561753,34.409084251997875,trajectory reached the configured outer_limit radius
30,498,0.79197972655686566,-0.48499999999999999,fraction,250,0,outer_limit,nan,0,3.7052094728081122,0.0082078129999999996,2.2360679774997898,5.0000000000000009,-0.80514909809412705,59.128220589748018,34.409583114350603,trajectory reached the configured outer_limit radius
30,499,0.79198690547769546,-0.48499999999999999,fraction,250,0,outer_limit,nan,0,3.7019926504278922,0.0060136759999999999,2.2360679774997898,5.0000000000000009,-0.80515926986382913,59.127610390260926,34.410080859112007,trajectory reached the configured outer_limit radius
30,500,0.79199408439852526,-0.48499999999999999,fraction,250,0,outer_limit,nan,0,3.6987918197549443,0.0065400429999999997,2.2360679774997898,5.0000000000000009,-0.80516943522910378,59.127000272855256,34.410577486363358,trajectory reached the configured outer_limit radius
30,501,0.79200126331935505,-0.48499999999999999,fraction,250,0,outer_limit,nan,0,3.6956068232088364,0.0093593170000000007,2.2360679774997898,5.0000000000000009,-0.80517959409281126,59.126390245158717,34.411072996221513,trajectory reached the configured outer_limit radius
30,502,0.79200844224018485,-0.48499999999999999,fraction,250,0,outer_limit,nan,0,3.6924375055188512,0.0083321939999999994,2.2360679774997898,5.0000000000000009,-0.80518974635957397,59.125780314674103,34.411567388836701,trajectory reached the configured outer_limit radius
30,503,0.79201562116101465,-0.48499999999999999,fraction,250,0,outer_limit,nan,0,3.6892837136791679,0.0097333439999999997,2.2360679774997898,5.0000000000000009,-0.80519989193574582,59.125170488782445,34.412060664393117,trajectory reached the configured outer_limit radius
30,504,0.79202280008184445,-0.48499999999999999,fraction,250,0,outer_limit,nan,0,3.6861452969074597,0.007966295,2.2360679774997898,5.0000000000000009,-0.80521003072937558,59.124560774743991,34.412552823105898,trajectory reached the configured outer_limit radius
30,505,0.79202997900267424,-0.48499999999999999,fraction,250,0,outer_limit,nan,0,3.6830221065992053,0.0094129299999999999,2.2360679774997911,5.0000000000000062,-0.8052201626501797,59.123951179702054,34.413043865223933,trajectory reached the configured outer_limit radius
30,506,0.79203715792350404,-0.48499999999999999,fraction,250,0,outer_limit,nan,0,3.6799139962883527,0.007666801,2.2360679774997907,5.0000000000000044,-0.80523028760949988,59.123341710683761,34.413533791024783,trajectory reached the configured outer_limit radius
30,507,0.79204433684433384,-0.48499999999999999,fraction,250,0,outer_limit,nan,0,3.6768208216049252,0.0094566960000000005,2.2360679774997898,5.0000000000000009,-0.80524040552027853,59.122732374603707,34.414022600816978,trajectory reached the configured outer_limit radius
30,508,0.79205151576516364,-0.48499999999999999,fraction,250,0,outer_limit,nan,0,3.6737424402371022,0.008940702,2.2360679774997898,5.0000000000000009,-0.80525051629702904,59.122123178265326,34.41451029493949,trajectory reached the configured outer_limit radius
30,509,0.79205869468599344,-0.48499999999999999,fraction,250,0,outer_limit,nan,0,3.6706787118911985,0.0086346319999999997,2.2360679774997898,5.0000000000000009,-0.80526061985580066,59.121514128362534,34.414996873758881,trajectory reached the configured outer_limit radius
31,492,0.79193665303188676,-0.46883333333333332,fraction,250,0,outer_limit,nan,0,3.7139244980088888,0.0099867059999999997,2.2360679774997898,5.0000000000000009,-0.80510234407050796,59.130981489996714,34.407174971490001,trajectory reached the configured outer_limit radius
31,493,0.79194383195271656,-0.46883333333333332,fraction,250,0,outer_limit,nan,0,3.7106023509841992,0.0078203409999999998,2.2360679774997898,5.0000000000000009,-0.80511261189139971,59.130366694324074,34.407680496590444,trajectory reached the configured outer_limit radius
31,494,0.79195101087354636,-0.46883333333333332,fraction,250,0,outer_limit,nan,0,3.7072972906145658,0.0096604110000000007,2.2360679774997898,5.0000000000000009,-0.80512287346285882,59.129751958168683,34.408184875994067,trajectory reached the configured outer_limit radius
31,495,0.79195818979437616,-0.46883333333333332,fraction,250,0,outer_limit,nan,0,3.7040091423660964,0.0078765910000000005,2.2360679774997898,5.0000000000000009,-0.80513312867906317,59.129137289826161,34.408688109797424,trajectory reached the configured outer_limit radius
31,496,0.79196536871520595,-0.46883333333333332,fraction,250,0,outer_limit,nan,0,3.7007377343618257,0.0098660220000000003,2.2360679774997907,5.0000000000000044,-0.80514337743614561,59.128522697453469,34.409190198132706,trajectory reached the configured outer_limit radius
31,497,0.79197254763603575,-0.46883333333333332,fraction,250,0,outer_limit,nan,0,3.6974828973316796,0.0083011279999999996,2.2360679774997898,5.0000000000000009,-0.80515361963216203,59.127908189070602,34.409691141166952,trajectory reached the configured outer_limit radius
31,498,0.79197972655686566,-0.46883333333333332,fraction,250,0,outer_limit,nan,0,3.6942444645562382,0.0078480930000000004,2.2360679774997898,5.0000000000000009,-0.80516385516705014,59.127293772564848,34.410190939103266,trajectory reached the configured outer_limit radius
31,499,0.79198690547769546,-0.46883333333333332,fraction,250,0,outer_limit,nan,0,3.6910222718206689,0.0086554779999999994,2.2360679774997898,5.0000000000000009,-0.80517408394259049,59.126679455692141,34.410689592177,trajectory reached the configured outer_limit radius
31,500,0.79199408439852526,-0.46883333333333332,fraction,250,0,outer_limit,nan,0,3.6878161573589336,0.0076055100000000002,2.2360679774997898,5.0000000000000009,-0.80518430586237,59.126065246079868,34.411187100656704,trajectory reached the configured outer_limit radius
31,501,0.79200126331935505,-0.46883333333333332,fraction,250,0,outer_limit,nan,0,3.6846259618112756,0.007889053,2.2360679774997911,5.0000000000000062,-0.80519452083175136,59.125451151230024,34.411683464844259,trajectory reached the configured outer_limit radius
31,502,0.79200844224018485,-0.46883333333333332,fraction,250,0,outer_limit,nan,0,3.6814515281722064,0.0085979149999999994,2.2360679774997898,5.0000000000000009,-0.80520472875782712,59.124837178520373,34.412178685070955,trajectory reached the configured outer_limit radius
31,503,0.79201562116101465,-0.46883333333333332,fraction,250,0,outer_limit,nan,0,3.678292701747869,0.0078365129999999998,2.2360679774997898,5.0000000000000009,-0.80521492954939433,59.124223335209237,34.412672761701351,trajectory reached the configured outer_limit radius
31,504,0.79202280008184445,-0.46883333333333332,fraction,250,0,outer_limit,nan,0,3.6751493301076623,0.0092853799999999993,2.2360679774997898,5.0000000000000009,-0.80522512311692174,59.1236096284347,34.413165695128427,trajectory reached the configured outer_limit radius
31,505,0.79202997900267424,-0.46883333333333332,fraction,250,0,outer_limit,nan,0,3.6720212630435212,0.0082891790000000007,2.2360679774997898,5.0000000000000009,-0.80523530937250898,59.122996065219581,34.413657485775516,trajectory reached the configured outer_limit radius
31,506,0.79203715792350404,-0.46883333333333332,fraction,250,0,outer_limit,nan,0,3.6689083525250616,0.0088239140000000004,2.2360679774997898,5.0000000000000009,-0.80524548822986064,59.122382652472176,34.414148134093693,trajectory reached the configured outer_limit radius
31,507,0.79204433684433384,-0.46883333333333332,fraction,250,0,outer_limit,nan,0,3.6658104526576536,0.0079237860000000004,2.2360679774997902,5.0000000000000027,-0.80525565960425827,59.121769396988491,34.414637640562781,trajectory reached the configured outer_limit radius
31,508,0.79205151576516364,-0.46883333333333332,fraction,250,0,outer_limit,nan,0,3.6627274196427551,0.0090251629999999992,2.2360679774997898,5.0000000000000009,-0.80526582341252173,59.121156305455102,34.41512600569007,trajectory reached the configured outer_limit radius
31,509,0.79205869468599344,-0.46883333333333332,fraction,250,0,outer_limit,nan,0,3.6596591117374309,0.0087635089999999992,2.2360679774997907,5.0000000000000044,-0.80527597957298613,59.120543384450791,34.415613230009257,trajectory reached the configured outer_limit radius
32,492,0.79193665303188676,-0.45266666666666666,fraction,250,0,outer_limit,nan,0,3.7032797623627207,0.0086598130000000006,2.2360679774997898,5.0000000000000009,-0.80511618925892559,59.130112729522963,34.407747232588576,trajectory reached the configured outer_limit radius
32,493,0.79194383195271656,-0.45266666666666666,fraction,250,0,outer_limit,nan,0,3.699951945969584,0.0085394619999999994,2.2360679774997898,5.0000000000000009,-0.80512651327911633,59.129493888712091,34.408253689655204,trajectory reached the configured outer_limit radius
32,494,0.79195101087354636,-0.45266666666666666,fraction,250,0,outer_limit,nan,0,3.6966413104666267,0.0084568449999999993,2.2360679774997898,5.0000000000000009,-0.80513683059355967,59.128875132867165,34.408758973624735,trajectory reached the configured outer_limit radius
32,495,0.79195818979437616,-0.45266666666666666,fraction,250,0,outer_limit,nan,0,3.6933476793134119,0.0082086750000000003,2.2360679774997898,5.0000000000000009,-0.80514714109909102,59.128256470149651,34.409263084788797,trajectory reached the configured outer_limit radius
32,496,0.79196536871520595,-0.45266666666666666,fraction,250,0,outer_limit,nan,0,3.6900708786818734,0.0088991899999999995,2.2360679774997898,5.0000000000000009,-0.8051574446944727,59.127637908583544,34.409766023472102,trajectory reached the configured outer_limit radius
32,497,0.79197254763603575,-0.45266666666666666,fraction,250,0,outer_limit,nan,0,3.6868107374008048,0.0091155200000000002,2.2360679774997898,5.0000000000000009,-0.80516774128035618,59.12701945605815,34.410267790033025,trajectory reached the configured outer_limit radius
32,498,0.79197972655686566,-0.45266666666666666,fraction,250,0,outer_limit,nan,0,3.6835670869020714,0.0083014149999999995,2.2360679774997898,5.0000000000000009,-0.80517803075924377,59.126401120330513,34.410768384861115,trajectory reached the configured outer_limit radius
32,499,0.79198690547769546,-0.45266666666666666,fraction,250,0,outer_limit,nan,0,3.680339761167982,0.0084387960000000001,2.2360679774997898,5.0000000000000009,-0.8051883130354488,59.12578290902843,34.411267808377232,trajectory reached the configured outer_limit radius
32,500,0.79199408439852526,-0.45266666666666666,fraction,250,0,outer_limit,nan,0,3.6771285966800371,0.0084156400000000003,2.2360679774997898,5.0000000000000009,-0.80519858801506616,59.125164829652476,34.411766061033163,trajectory reached the configured outer_limit radius
32,501,0.79200126331935505,-0.45266666666666666,fraction,250,0,outer_limit,nan,0,3.6739334323690911,0.0078822249999999996,2.2360679774997898,5.0000000000000009,-0.8052088556059287,59.124546889579499,34.412263143310938,trajectory reached the configured outer_limit radius
32,502,0.79200844224018485,-0.45266666666666666,fraction,250,0,outer_limit,nan,0,3.6707541095657863,0.0080067630000000001,2.2360679774997898,5.0000000000000009,-0.8052191157175782,59.123929096063534,34.412759055720741,trajectory reached the configured outer_limit radius
32,503,0.79201562116101465,-0.45266666666666666,fraction,250,0,outer_limit,nan,0,3.6675904719540857,0.0079811450000000003,2.2360679774997898,5.0000000000000009,-0.80522936826123115,59.123311456239342,34.413253798802046,trajectory reached the configured outer_limit radius
32,504,0.79202280008184445,-0.45266666666666666,fraction,250,0,outer_limit,nan,0,3.6644423655242142,0.0080793070000000008,2.2360679774997898,5.0000000000000009,-0.80523961314974091,59.122693977124626,34.413747373122263,trajectory reached the configured outer_limit radius
32,505,0.79202997900267424,-0.45266666666666666,fraction,250,0,outer_limit,nan,0,3.6613096385276171,0.0083647570000000004,2.2360679774997898,5.0000000000000009,-0.8052498502975729,59.122076665621748,34.414239779275327,trajectory reached the configured outer_limit radius
32,506,0.79203715792350404,-0.45266666666666666,fraction,250,0,outer_limit,nan,0,3.6581921414340317,0.0079301130000000008,2.2360679774997898,5.0000000000000009,-0.80526007962077073,59.121459528520148,34.41473101788246,trajectory reached the configured outer_limit radius
32,507,0.79204433684433384,-0.45266666666666666,fraction,250,0,outer_limit,nan,0,3.6550897268848632,0.008527738,2.2360679774997907,5.0000000000000044,-0.80527030103692165,59.120842572498951,34.415221089590759,trajectory reached the configured outer_limit radius
32,508,0.79205151576516364,-0.45266666666666666,fraction,250,0,outer_limit,nan,0,3.6520022496560207,0.007211037,2.2360679774997898,5.0000000000000009,-0.80528051446513116,59.120225804127983,34.415709995072014,trajectory reached the configured outer_limit radius
32,509,0.79205869468599344,-0.45266666666666666,fraction,250,0,outer_limit,nan,0,3.6489295666125687,0.0062820719999999997,2.2360679774997898,5.0000000000000009,-0.80529071982599143,59.119609229871415,34.416197735023864,trajectory reached the configured outer_limit radius
33,492,0.79193665303188676,-0.4365,fraction,250,0,outer_limit,nan,0,3.6929072894595425,0.0078431200000000003,2.2360679774997898,5.0000000000000009,-0.80512949024670699,59.12927590895729,34.408290971233498,trajectory reached the configured outer_limit radius
33,493,0.79194383195271656,-0.4365,fraction,250,0,outer_limit,nan,0,3.6895740471932927,0.007856488,2.2360679774997898,5.0000000000000009,-0.80513986703850648,59.128653240670701,34.408798224510768,trajectory reached the configured outer_limit radius
33,494,0.79195101087354636,-0.4365,fraction,250,0,outer_limit,nan,0,3.6862580762437527,0.0092271469999999998,2.2360679774997898,5.0000000000000009,-0.80515023667878627,59.128030682284489,34.409304278113858,trajectory reached the configured outer_limit radius
33,495,0.79195818979437616,-0.4365,fraction,250,0,outer_limit,nan,0,3.6829591981440726,0.0090120140000000005,2.2360679774997898,5.0000000000000009,-0.80516059906701554,59.127408241826416,34.409809132525361,trajectory reached the configured outer_limit radius
33,496,0.79196536871520595,-0.4365,fraction,250,0,outer_limit,nan,0,3.6796772371899413,0.0085405310000000005,2.2360679774997898,5.0000000000000009,-0.8051709541045583,59.126785927188138,34.410312788259205,trajectory reached the configured outer_limit radius
33,497,0.79197254763603575,-0.4365,fraction,250,0,outer_limit,nan,0,3.6764120203846415,0.0078796960000000003,2.2360679774997898,5.0000000000000009,-0.80518130169463442,59.126163746128427,34.410815245859361,trajectory reached the configured outer_limit radius
33,498,0.79197972655686566,-0.4365,fraction,250,0,outer_limit,nan,0,3.6731633773821275,0.0083324420000000007,2.2360679774997898,5.0000000000000009,-0.80519164174228153,59.125541706275399,34.411316505899023,trajectory reached the configured outer_limit radius
33,499,0.79198690547769546,-0.4365,fraction,250,0,outer_limit,nan,0,3.6699311404352453,0.0082521460000000001,2.2360679774997898,5.0000000000000009,-0.80520197415432193,59.124919815129317,34.411816568981081,trajectory reached the configured outer_limit radius
33,500,0.79199408439852526,-0.4365,fraction,250,0,outer_limit,nan,0,3.666715144339296,0.0085018230000000004,2.2360679774997902,5.0000000000000027,-0.80521229883932599,59.124298080064662,34.412315435735835,trajectory reached the configured outer_limit radius
33,501,0.79200126331935505,-0.4365,fraction,250,0,outer_limit,nan,0,3.6635152263843325,0.0079500590000000006,2.2360679774997898,5.0000000000000009,-0.8052226157075747,59.123676508332899,34.412813106821041,trajectory reached the configured outer_limit radius
33,502,0.79200844224018485,-0.4365,fraction,250,0,outer_limit,nan,0,3.6603312263019334,0.0086873699999999998,2.2360679774997898,5.0000000000000009,-0.80523292467103014,59.123055107065468,34.413309582922693,trajectory reached the configured outer_limit radius
33,503,0.79201562116101465,-0.4365,fraction,250,0,outer_limit,nan,0,3.6571629862184283,0.0075330509999999998,2.2360679774997907,5.0000000000000044,-0.80524322564329653,59.122433883275164,34.413804864751555,trajectory reached the configured outer_limit radius
33,504,0.79202280008184445,-0.4365,fraction,250,0,outer_limit,nan,0,3.6540103506064012,0.0080429779999999992,2.2360679774997898,5.0000000000000009,-0.80525351853959315,59.121812843858386,34.414298953044273,trajectory reached the configured outer_limit radius
33,505,0.79202997900267424,-0.4365,fraction,250,0,outer_limit,nan,0,3.6508731662388989,0.0066768799999999996,2.2360679774997894,4.9999999999999982,-0.80526380327672153,59.121191995598792,34.414791848563873,trajectory reached the configured outer_limit radius
33,506,0.79203715792350404,-0.4365,fraction,250,0,outer_limit,nan,0,3.6477512821426816,0.0083888060000000004,2.2360679774997898,5.0000000000000009,-0.805274079773031,59.12057134516786,34.415283552096376,trajectory reached the configured outer_limit radius
33,507,0.79204433684433384,-0.4365,fraction,250,0,outer_limit,nan,0,3.6446445495558293,0.0078639969999999993,2.2360679774997898,5.0000000000000009,-0.8052843479483941,59.119950899127495,34.415774064452243,trajectory reached the configured outer_limit radius
33,508,0.79205151576516364,-0.4365,fraction,250,0,outer_limit,nan,0,3.6415528218828128,0.0075284239999999997,2.2360679774997898,5.0000000000000009,-0.80529460772417238,59.119330663932715,34.41626338646558,trajectory reached the configured outer_limit radius
33,509,0.79205869468599344,-0.4365,fraction,250,0,outer_limit,nan,0,3.638475954654286,0.0080029360000000004,2.2360679774997898,5.0000000000000009,-0.8053048590231936,59.118710645932822,34.41675151899296,trajectory reached the configured outer_limit radius
34,492,0.79193665303188676,-0.42033333333333334,fraction,250,0,outer_limit,nan,0,3.6827942683351447,0.0076393449999999996,2.2360679774997898,5.0000000000000009,-0.80514226199319461,59.128470209488462,34.408807130071615,trajectory reached the configured outer_limit radius
34,493,0.79194383195271656,-0.42033333333333334,fraction,250,0,outer_limit,nan,0,3.6794558281638623,0.0073589349999999996,2.2360679774997898,5.0000000000000009,-0.80515268826008313,59.127843923585843,34.40931505039589,trajectory reached the configured outer_limit radius
34,494,0.79195101087354636,-0.42033333333333334,fraction,250,0,outer_limit,nan,0,3.6761347461648364,0.0077660899999999998,2.2360679774997898,5.0000000000000009,-0.80516310694011983,59.127217772005352,34.409821745274833,trajectory reached the configured outer_limit radius
34,495,0.79195818979437616,-0.42033333333333334,fraction,250,0,outer_limit,nan,0,3.6728308420162601,0.0083146049999999992,2.2360679774997898,5.0000000000000009,-0.80517351793537584,59.126591762641731,34.410327215378288,trajectory reached the configured outer_limit radius
34,496,0.79196536871520595,-0.42033333333333334,fraction,250,0,outer_limit,nan,0,3.6695439382105177,0.0077373590000000001,2.2360679774997898,5.0000000000000009,-0.80518392114978388,59.125965903255718,34.410831461404719,trajectory reached the configured outer_limit radius
34,497,0.79197254763603575,-0.42033333333333334,fraction,250,0,outer_limit,nan,0,3.6662738599949889,0.0081069590000000004,2.2360679774997898,5.0000000000000009,-0.80519431648910422,59.125340201475787,34.411334484079489,trajectory reached the configured outer_limit radius
34,498,0.79197972655686566,-0.42033333333333334,fraction,250,0,outer_limit,nan,0,3.6630204353151257,0.0080963389999999993,2.2360679774997898,5.0000000000000009,-0.80520470386088461,59.124714664802042,34.411836284156934,trajectory reached the configured outer_limit radius
34,499,0.79198690547769546,-0.42033333333333334,fraction,250,0,outer_limit,nan,0,3.6597834947588614,0.0088254230000000006,2.2360679774997898,5.0000000000000009,-0.8052150831744268,59.124089300607523,34.412336862416453,trajectory reached the configured outer_limit radius
34,500,0.79199408439852526,-0.42033333333333334,fraction,250,0,outer_limit,nan,0,3.6565628715010372,0.0090833219999999996,2.2360679774997898,5.0000000000000009,-0.80522545434074755,59.12346411614142,34.412836219663006,trajectory reached the configured outer_limit radius
34,501,0.79200126331935505,-0.42033333333333334,fraction,250,0,outer_limit,nan,0,3.653358401253334,0.0086352500000000006,2.2360679774997898,5.0000000000000009,-0.80523581727254823,59.122839118531523,34.413334356727859,trajectory reached the configured outer_limit radius
34,502,0.79200844224018485,-0.42033333333333334,fraction,250,0,outer_limit,nan,0,3.6501699222108246,0.0076029080000000002,2.2360679774997898,5.0000000000000009,-0.80524617188417957,59.122214314786362,34.413831274466276,trajectory reached the configured outer_limit radius
34,503,0.79201562116101465,-0.42033333333333334,fraction,250,0,outer_limit,nan,0,3.6469972750016377,0.0081676509999999997,2.2360679774997898,5.0000000000000009,-0.80525651809160859,59.121589711797654,34.414326973757994,trajectory reached the configured outer_limit radius
34,504,0.79202280008184445,-0.42033333333333334,fraction,250,0,outer_limit,nan,0,3.6438403026401129,0.0060411350000000004,2.2360679774997898,5.0000000000000009,-0.80526685581239354,59.12096531634203,34.414821455506406,trajectory reached the configured outer_limit radius
34,505,0.79202997900267424,-0.42033333333333334,fraction,250,0,outer_limit,nan,0,3.6406988504762952,0.0073595290000000001,2.2360679774997898,5.0000000000000009,-0.80527718496563871,59.120341135084516,34.415314720637248,trajectory reached the configured outer_limit radius
34,506,0.79203715792350404,-0.42033333333333334,fraction,250,0,outer_limit,nan,0,3.637572766151028,0.0078143569999999992,2.2360679774997898,5.0000000000000009,-0.80528750547197536,59.119717174579378,34.415806770099188,trajectory reached the configured outer_limit radius
34,507,0.79204433684433384,-0.42033333333333334,fraction,250,0,outer_limit,nan,0,3.6344618995522979,0.006883747,2.2360679774997898,5.0000000000000009,-0.80529781725353544,59.119093441272504,34.416297604862578,trajectory reached the configured outer_limit radius
34,508,0.79205151576516364,-0.42033333333333334,fraction,250,0,outer_limit,nan,0,3.6313661027674238,0.0064792959999999998,2.2360679774997898,5.0000000000000009,-0.80530812023390541,59.118469941504657,34.41678722591967,trajectory reached the configured outer_limit radius
34,509,0.79205869468599344,-0.42033333333333334,fraction,250,0,outer_limit,nan,0,3.6282852300429012,0.0080102960000000001,2.2360679774997898,5.0000000000000009,-0.80531841433811591,59.117846681511502,34.417275634282277,trajectory reached the configured outer_limit radius
35,492,0.79193665303188676,-0.40416666666666667,fraction,250,0,outer_limit,nan,0,3.6729288365079023,0.0084694360000000003,2.2360679774997898,5.0000000000000009,-0.80515451847756414,59.12769486535614,34.409296588403919,trajectory reached the configured outer_limit radius
35,493,0.79194383195271656,-0.40416666666666667,fraction,250,0,outer_limit,nan,0,3.6695854122241007,0.0073893079999999998,2.2360679774997898,5.0000000000000009,-0.80516499104520733,59.127065164423989,34.40980505273982,trajectory reached the configured outer_limit radius
35,494,0.79195101087354636,-0.40416666666666667,fraction,250,0,outer_limit,nan,0,3.6662594296105104,0.0077583579999999999,2.2360679774997902,5.0000000000000027,-0.80517545560099346,59.126435621725498,34.410312266648873,trajectory reached the configured outer_limit radius
35,495,0.79195818979437616,-0.40416666666666667,fraction,250,0,outer_limit,nan,0,3.6629507065614515,0.007835168,2.2360679774997898,5.0000000000000009,-0.80518591204956558,59.125806245023362,34.410818230983793,trajectory reached the configured outer_limit radius
35,496,0.79196536871520595,-0.40416666666666667,fraction,250,0,outer_limit,nan,0,3.6596590638329207,0.0081635300000000004,2.2360679774997911,5.0000000000000062,-0.80519636029740171,59.125177041947616,34.411322946624068,trajectory reached the configured outer_limit radius
35,497,0.79197254763603575,-0.40416666666666667,fraction,250,0,outer_limit,nan,0,3.656384324982688,0.0082511270000000005,2.2360679774997898,5.0000000000000009,-0.80520680025277125,59.124548019997292,34.411826414472777,trajectory reached the configured outer_limit radius
35,498,0.79197972655686566,-0.40416666666666667,fraction,250,0,outer_limit,nan,0,3.6531263163103467,0.008079246,2.2360679774997898,5.0000000000000009,-0.8052172318256976,59.123919186545635,34.41232863546,trajectory reached the configured outer_limit radius
35,499,0.79198690547769546,-0.40416666666666667,fraction,250,0,outer_limit,nan,0,3.6498848668019495,0.0084371540000000005,2.2360679774997898,5.0000000000000009,-0.80522765492793258,59.123290548839236,34.41282961053809,trajectory reached the configured outer_limit radius
35,500,0.79199408439852526,-0.40416666666666667,fraction,250,0,outer_limit,nan,0,3.6466598080740167,0.0090185939999999996,2.2360679774997898,5.0000000000000009,-0.80523806947291321,59.122662114002893,34.413329340683866,trajectory reached the configured outer_limit radius
35,501,0.79200126331935505,-0.40416666666666667,fraction,250,0,outer_limit,nan,0,3.643450974318982,0.0072051219999999996,2.2360679774997898,5.0000000000000009,-0.80524847537573063,59.122033889041262,34.413827826897055,trajectory reached the configured outer_limit radius
35,502,0.79200844224018485,-0.40416666666666667,fraction,250,0,outer_limit,nan,0,3.6402582022516423,0.0069702230000000002,2.2360679774997898,5.0000000000000009,-0.80525887255309403,59.121405880841102,34.414325070199496,trajectory reached the configured outer_limit radius
35,503,0.79201562116101465,-0.40416666666666667,fraction,250,0,outer_limit,nan,0,3.6370813310606205,0.0080991229999999997,2.2360679774997898,5.0000000000000009,-0.80526926092330853,59.120778096173701,34.414821071635771,trajectory reached the configured outer_limit radius
35,504,0.79202280008184445,-0.40416666666666667,fraction,250,0,outer_limit,nan,0,3.633920202354548,0.0080523179999999993,2.2360679774997911,5.0000000000000062,-0.80527964040623112,59.120150541697285,34.415315832271069,trajectory reached the configured outer_limit radius
35,505,0.79202997900267424,-0.40416666666666667,fraction,250,0,outer_limit,nan,0,3.6307746601163573,0.0082373340000000007,2.2360679774997898,5.0000000000000009,-0.80529001092324903,59.119523223958396,34.415809353191712,trajectory reached the configured outer_limit radius
35,506,0.79203715792350404,-0.40416666666666667,fraction,250,0,outer_limit,nan,0,3.6276445506534691,0.0076605909999999996,2.2360679774997898,5.0000000000000009,-0.80530037239724828,59.118896149395432,34.416301635504873,trajectory reached the configured outer_limit radius
35,507,0.79204433684433384,-0.40416666666666667,fraction,250,0,outer_limit,nan,0,3.6245297225533517,0.0068672760000000003,2.2360679774997898,5.0000000000000009,-0.80531072475257948,59.118269324339437,34.416792680336712,trajectory reached the configured outer_limit radius
35,508,0.79205151576516364,-0.40416666666666667,fraction,250,0,outer_limit,nan,0,3.621430026636733,0.0079855629999999993,2.2360679774997898,5.0000000000000009,-0.80532106791503699,59.117642755017044,34.417282488834317,trajectory reached the configured outer_limit radius
35,509,0.79205869468599344,-0.40416666666666667,fraction,250,0,outer_limit,nan,0,3.6183453159145933,0.007751651,2.2360679774997902,5.0000000000000027,-0.80533140181182683,59.117016447551272,34.417771062161734,trajectory reached the configured outer_limit radius
36,492,0.79193665303188676,-0.38800000000000001,fraction,250,0,outer_limit,nan,0,3.6632999883720405,0.0070968230000000004,2.2360679774997898,5.0000000000000009,-0.80516627277639818,59.126949159740541,34.409760167439849,trajectory reached the configured outer_limit radius
36,493,0.79194383195271656,-0.38800000000000001,fraction,250,0,outer_limit,nan,0,3.6599517807951432,0.0081019830000000001,2.2360679774997898,5.0000000000000009,-0.80517678858441011,59.126316239578465,34.41026905845721,trajectory reached the configured outer_limit radius
36,494,0.79195101087354636,-0.38800000000000001,fraction,250,0,outer_limit,nan,0,3.6566210952277798,0.0077930650000000001,2.2360679774997898,5.0000000000000009,-0.80518729596578908,59.125683501053089,34.410776674840129,trajectory reached the configured outer_limit radius
36,495,0.79195818979437616,-0.38800000000000001,fraction,250,0,outer_limit,nan,0,3.6533077478450897,0.0079166059999999996,2.2360679774997898,5.0000000000000009,-0.80519779482772358,59.125050951795799,34.411283017621173,trajectory reached the configured outer_limit radius
36,496,0.79196536871520595,-0.38800000000000001,fraction,250,0,outer_limit,nan,0,3.6500115577309429,0.0074306959999999997,2.2360679774997898,5.0000000000000009,-0.80520828507919529,59.124418599307077,34.411788087855385,trajectory reached the configured outer_limit radius
36,497,0.79197254763603575,-0.38800000000000001,fraction,250,0,outer_limit,nan,0,3.6467323468140957,0.0084246489999999993,2.2360679774997898,5.0000000000000009,-0.80521876663095482,59.123786450958299,34.412291886620729,trajectory reached the configured outer_limit radius
36,498,0.79197972655686566,-0.38800000000000001,fraction,250,0,outer_limit,nan,0,3.643469939810366,0.0075366110000000004,2.2360679774997898,5.0000000000000009,-0.8052292393954763,59.123154513995146,34.412794415018055,trajectory reached the configured outer_limit radius
36,499,0.79198690547769546,-0.38800000000000001,fraction,250,0,outer_limit,nan,0,3.6402241641633752,0.0079032029999999993,2.2360679774997898,5.0000000000000009,-0.80523970328692784,59.122522795539709,34.413295674169952,trajectory reached the configured outer_limit radius
36,500,0.79199408439852526,-0.38800000000000001,fraction,250,0,outer_limit,nan,0,3.6369948499871012,0.008408146,2.2360679774997907,5.0000000000000044,-0.8052501582211341,59.121891302593262,34.413795665220178,trajectory reached the configured outer_limit radius
36,501,0.79200126331935505,-0.38800000000000001,fraction,250,0,outer_limit,nan,0,3.6337818300107929,0.0072131740000000001,2.2360679774997898,5.0000000000000009,-0.8052606041155429,59.121260042037733,34.414294389333342,trajectory reached the configured outer_limit radius
36,502,0.79200844224018485,-0.38800000000000001,fraction,250,0,outer_limit,nan,0,3.630584939525944,0.0088663800000000001,2.2360679774997898,5.0000000000000009,-0.80527104088919932,59.120629020639711,34.414791847694659,trajectory reached the configured outer_limit radius
36,503,0.79201562116101465,-0.38800000000000001,fraction,250,0,outer_limit,nan,0,3.6274040163312753,0.0075281039999999999,2.2360679774997898,5.0000000000000009,-0.8052814684627071,59.119998245050759,34.415288041508568,trajectory reached the configured outer_limit radius
36,504,0.79202280008184445,-0.38800000000000001,fraction,250,0,outer_limit,nan,0,3.6242389006848295,0.0078512700000000005,2.2360679774997898,5.0000000000000009,-0.8052918867582024,59.119367721811116,34.415782971999882,trajectory reached the configured outer_limit radius
36,505,0.79202997900267424,-0.38800000000000001,fraction,250,0,outer_limit,nan,0,3.6210894352508798,0.0077232960000000002,2.2360679774997898,5.0000000000000009,-0.80530229569931944,59.118737457350932,34.416276640411155,trajectory reached the configured outer_limit radius
36,506,0.79203715792350404,-0.38800000000000001,fraction,250,0,outer_limit,nan,0,3.617955465053337,0.0077147159999999999,2.2360679774997898,5.0000000000000009,-0.80531269521116611,59.118107457992856,34.416769048003822,trajectory reached the configured outer_limit radius
36,507,0.79204433684433384,-0.38800000000000001,fraction,250,0,outer_limit,nan,0,3.6148368374277444,0.0073477079999999997,2.2360679774997898,5.0000000000000009,-0.80532308522029139,59.117477729954047,34.417260196057619,trajectory reached the configured outer_limit radius
36,508,0.79205151576516364,-0.38800000000000001,fraction,250,0,outer_limit,nan,0,3.6117334019753184,0.0087692480000000003,2.2360679774997898,5.0000000000000009,-0.80533346565466013,59.116848279347977,34.417750085869187,trajectory reached the configured outer_limit radius
36,509,0.79205869468599344,-0.38800000000000001,fraction,250,0,outer_limit,nan,0,3.6086450105173915,0.007902737,2.2360679774997898,5.0000000000000009,-0.80534383644362295,59.11621911218657,34.41823871875259,trajectory reached the configured outer_limit radius
37,492,0.79193665303188676,-0.37183333333333335,fraction,250,0,outer_limit,nan,0,3.6538974946151908,0.0082744919999999996,2.2360679774997898,5.0000000000000009,-0.80517753713259976,59.126232421109279,34.410198634957752,trajectory reached the configured outer_limit radius
37,493,0.79194383195271656,-0.37183333333333335,fraction,250,0,outer_limit,nan,0,3.6505446926667822,0.0078294839999999994,2.2360679774997902,5.0000000000000027,-0.8051880932270119,59.125596471174823,34.410707840645699,trajectory reached the configured outer_limit radius
37,494,0.79195101087354636,-0.37183333333333335,fraction,250,0,outer_limit,nan,0,3.647209490089649,0.0080261020000000002,2.2360679774997907,5.0000000000000044,-0.805198640490147,59.124960725773853,34.411215748251891,trajectory reached the configured outer_limit radius
37,495,0.79195818979437616,-0.37183333333333335,fraction,250,0,outer_limit,nan,0,3.6438917014019352,0.0078829369999999996,2.2360679774997898,5.0000000000000009,-0.80520917883170051,59.124325192407234,34.411722358982615,trajectory reached the configured outer_limit radius
37,496,0.79196536871520595,-0.37183333333333335,fraction,250,0,outer_limit,nan,0,3.6405911440741705,0.007270014,2.2360679774997898,5.0000000000000009,-0.80521970816313848,59.123689878447038,34.412227674066905,trajectory reached the configured outer_limit radius
37,497,0.79197254763603575,-0.37183333333333335,fraction,250,0,outer_limit,nan,0,3.6373076384668326,0.0072554509999999996,2.2360679774997898,5.0000000000000009,-0.80523022839765246,59.123054791137619,34.412731694752324,trajectory reached the configured outer_limit radius
37,498,0.79197972655686566,-0.37183333333333335,fraction,250,0,outer_limit,nan,0,3.6340410077678116,0.0076316689999999998,2.2360679774997898,5.0000000000000009,-0.80524073945013641,59.122419937598892,34.413234422307603,trajectory reached the configured outer_limit radius
37,499,0.79198690547769546,-0.37183333333333335,fraction,250,0,outer_limit,nan,0,3.630791077933599,0.0082143570000000003,2.2360679774997898,5.0000000000000009,-0.80525124123714076,59.121785324829034,34.413735858020686,trajectory reached the configured outer_limit radius
37,500,0.79199408439852526,-0.37183333333333335,fraction,250,0,outer_limit,nan,0,3.6275576776299432,0.0070417140000000001,2.2360679774997898,5.0000000000000009,-0.80526173367684983,59.121150959706448,34.414236003198909,trajectory reached the configured outer_limit radius
37,501,0.79200126331935505,-0.37183333333333335,fraction,250,0,outer_limit,nan,0,3.6243406381770535,0.0060049329999999996,2.2360679774997902,5.0000000000000027,-0.80527221668903881,59.120516848992381,34.414734859167879,trajectory reached the configured outer_limit radius
37,502,0.79200844224018485,-0.37183333333333335,fraction,250,0,outer_limit,nan,0,3.6211397934920231,0.0063420799999999999,2.2360679774997898,5.0000000000000009,-0.80528269019505194,59.119882999333029,34.415232427271881,trajectory reached the configured outer_limit radius
37,503,0.79201562116101465,-0.37183333333333335,fraction,250,0,outer_limit,nan,0,3.6179549800365987,0.0079213879999999997,2.2360679774997898,5.0000000000000009,-0.80529315411776548,59.119249417262047,34.415728708872891,trajectory reached the configured outer_limit radius
37,504,0.79202280008184445,-0.37183333333333335,fraction,250,0,outer_limit,nan,0,3.6147860367652824,0.0078699919999999993,2.2360679774997898,5.0000000000000009,-0.80530360838155979,59.118616109202364,34.416223705349871,trajectory reached the configured outer_limit radius
37,505,0.79202997900267424,-0.37183333333333335,fraction,250,0,outer_limit,nan,0,3.6116328050729196,0.00748301,2.2360679774997898,5.0000000000000009,-0.80531405291228686,59.117983081468751,34.416717418098926,trajectory reached the configured outer_limit radius
37,506,0.79203715792350404,-0.37183333333333335,fraction,250,0,outer_limit,nan,0,3.6084951287454472,0.0078029520000000002,2.2360679774997898,5.0000000000000009,-0.80532448763724906,59.117350340269155,34.417209848532387,trajectory reached the configured outer_limit radius
37,507,0.79204433684433384,-0.37183333333333335,fraction,250,0,outer_limit,nan,0,3.6053728539127752,0.0080938060000000003,2.2360679774997898,5.0000000000000009,-0.80533491248515798,59.116717891708085,34.417700998079205,trajectory reached the configured outer_limit radius
37,508,0.79205151576516364,-0.37183333333333335,fraction,250,0,outer_limit,nan,0,3.6022658290000318,0.0063658500000000002,2.2360679774997898,5.0000000000000009,-0.80534532738612219,59.11608574178684,34.41819086818321,trajectory reached the configured outer_limit radius
37,509,0.79205869468599344,-0.37183333333333335,fraction,250,0,outer_limit,nan,0,3.5991739046823761,0.0069584540000000002,2.2360679774997898,5.0000000000000009,-0.80535573227160917,59.115453896407011,34.418679460304162,trajectory reached the configured outer_limit radius
38,492,0.79193665303188676,-0.35566666666666669,fraction,250,0,outer_limit,nan,0,3.6447118310896087,0.0081729980000000008,2.2360679774997898,5.0000000000000009,-0.80518832301683563,59.125544019956649,34.410612709452998,trajectory reached the configured outer_limit radius
38,493,0.79194383195271656,-0.35566666666666669,fraction,250,0,outer_limit,nan,0,3.6413546127568299,0.0076991200000000003,2.2360679774997898,5.0000000000000009,-0.80519891654315712,59.124905223775492,34.411122122765661,trajectory reached the configured outer_limit radius
38,494,0.79195101087354636,-0.35566666666666669,fraction,250,0,outer_limit,nan,0,3.6380150683468901,0.0077249220000000004,2.2360679774997898,5.0000000000000009,-0.80520950084359955,59.124266654520156,34.411630215295723,trajectory reached the configured outer_limit radius
38,495,0.79195818979437616,-0.35566666666666669,fraction,250,0,outer_limit,nan,0,3.6346930107789683,0.0081552280000000005,2.2360679774997898,5.0000000000000009,-0.80522007583033184,59.123628319562755,34.412136988419867,trajectory reached the configured outer_limit radius
38,496,0.79196536871520595,-0.35566666666666669,fraction,250,0,outer_limit,nan,0,3.6313882559676682,0.0077045990000000003,2.2360679774997902,5.0000000000000027,-0.80523064141726264,59.12299022614723,34.412642443534779,trajectory reached the configured outer_limit radius
38,497,0.79197254763603575,-0.35566666666666669,fraction,250,0,outer_limit,nan,0,3.6281006227593053,0.0075506890000000002,2.2360679774997898,5.0000000000000009,-0.80524119752000134,59.12235238139187,34.413146582054679,trajectory reached the configured outer_limit radius
38,498,0.79197972655686566,-0.35566666666666669,fraction,250,0,outer_limit,nan,0,3.6248299328689764,0.0078926280000000005,2.2360679774997898,5.0000000000000009,-0.80525174405582289,59.121714792292487,34.413649405412784,trajectory reached the configured outer_limit radius
38,499,0.79198690547769546,-0.35566666666666669,fraction,250,0,outer_limit,nan,0,3.621576010818202,0.0086423390000000006,2.2360679774997898,5.0000000000000009,-0.80526228094363284,59.121077465724269,34.41415091505857,trajectory reached the configured outer_limit radius
38,500,0.79199408439852526,-0.35566666666666669,fraction,250,0,outer_limit,nan,0,3.6183386838766869,0.0079821089999999994,2.2360679774997898,5.0000000000000009,-0.80527280810393698,59.120440408443805,34.414651112458522,trajectory reached the configured outer_limit radius
38,501,0.79200126331935505,-0.35566666666666669,fraction,250,0,outer_limit,nan,0,3.6151177820033822,0.0075347959999999999,2.2360679774997898,5.0000000000000009,-0.80528332545880998,59.11980362709231,34.415149999095767,trajectory reached the configured outer_limit radius
38,502,0.79200844224018485,-0.35566666666666669,fraction,250,0,outer_limit,nan,0,3.6119131377913565,0.0083952060000000005,2.2360679774997898,5.0000000000000009,-0.80529383293185952,59.119167128197837,34.41564757647064,trajectory reached the configured outer_limit radius
38,503,0.79201562116101465,-0.35566666666666669,fraction,250,0,outer_limit,nan,0,3.6087245864131736,0.0080957890000000008,2.2360679774997898,5.0000000000000009,-0.8053043304482056,59.118530918176155,34.416143846097597,trajectory reached the configured outer_limit radius
38,504,0.79202280008184445,-0.35566666666666669,fraction,250,0,outer_limit,nan,0,3.6055519655648971,0.0086659089999999994,2.2360679774997898,5.0000000000000009,-0.80531481793443949,59.117895003334326,34.416638809506907,trajectory reached the configured outer_limit radius
38,505,0.79202997900267424,-0.35566666666666669,fraction,250,0,outer_limit,nan,0,3.6023951154169622,0.0078274820000000002,2.2360679774997898,5.0000000000000009,-0.80532529531860209,59.117259389872771,34.41713246824493,trajectory reached the configured outer_limit radius
38,506,0.79203715792350404,-0.35566666666666669,fraction,250,0,outer_limit,nan,0,3.5992538785629837,0.0085175990000000007,2.2360679774997898,5.0000000000000009,-0.80533576253015393,59.116624083886094,34.41762482387054,trajectory reached the configured outer_limit radius
38,507,0.79204433684433384,-0.35566666666666669,fraction,250,0,outer_limit,nan,0,3.596128099968023,0.0076202509999999998,2.2360679774997898,5.0000000000000009,-0.80534621949994556,59.115989091366629,34.41811587795884,trajectory reached the configured outer_limit radius
38,508,0.79205151576516364,-0.35566666666666669,fraction,250,0,outer_limit,nan,0,3.5930176269245795,0.0083988120000000003,2.2360679774997898,5.0000000000000009,-0.80535666616019275,59.115354418205335,34.418605632097261,trajectory reached the configured outer_limit radius
38,509,0.79205869468599344,-0.35566666666666669,fraction,250,0,outer_limit,nan,0,3.5899223090016701,0.0077819810000000003,2.2360679774997898,5.0000000000000009,-0.80536710244444976,59.114720070193741,34.419094087886776,trajectory reached the configured outer_limit radius
39,492,0.79193665303188676,-0.33950000000000002,fraction,250,0,outer_limit,nan,0,3.6357341158313554,0.0085254000000000007,2.2360679774997898,5.0000000000000009,-0.80519864118239792,59.124883365890945,34.411003063836695,trajectory reached the configured outer_limit radius
39,493,0.79194383195271656,-0.33950000000000002,fraction,250,0,outer_limit,nan,0,3.6323726490333348,0.0075263500000000002,2.2360679774997898,5.0000000000000009,-0.80520926937923831,59.124241901435248,34.411512582370015,trajectory reached the configured outer_limit radius
39,494,0.79195101087354636,-0.33950000000000002,fraction,250,0,outer_limit,nan,0,3.6290289280522772,0.0092555050000000007,2.2360679774997898,5.0000000000000009,-0.80521988796554189,59.123600685795559,34.412020758152018,trajectory reached the configured outer_limit radius
39,495,0.79195818979437616,-0.33950000000000002,fraction,250,0,outer_limit,nan,0,3.6257027642655402,0.0082104580000000003,2.2360679774997898,5.0000000000000009,-0.80523049685592529,59.122959726215782,34.412527592726953,trajectory reached the configured outer_limit radius
39,496,0.79196536871520595,-0.33950000000000002,fraction,250,0,outer_limit,nan,0,3.6223939720851273,0.0086120940000000007,2.2360679774997898,5.0000000000000009,-0.80524109596670779,59.122319029813227,34.413033087655464,trajectory reached the configured outer_limit radius
39,497,0.79197254763603575,-0.33950000000000002,fraction,250,0,outer_limit,nan,0,3.6191023688959594,0.0080181660000000002,2.2360679774997898,5.0000000000000009,-0.80525168521587476,59.121678603582431,34.413537244515354,trajectory reached the configured outer_limit radius
39,498,0.79197972655686566,-0.33950000000000002,fraction,250,0,outer_limit,nan,0,3.6158277749901702,0.008000488,2.2360679774997898,5.0000000000000009,-0.80526226452305283,59.121038454394721,34.414040064898124,trajectory reached the configured outer_limit radius
39,499,0.79198690547769546,-0.33950000000000002,fraction,250,0,outer_limit,nan,0,3.6125700135049379,0.0079003909999999997,2.2360679774997907,5.0000000000000044,-0.80527283380946846,59.120398589003834,34.414541550412032,trajectory reached the configured outer_limit radius
39,500,0.79199408439852526,-0.33950000000000002,fraction,250,0,outer_limit,nan,0,3.6093289103614596,0.0083802679999999997,2.2360679774997898,5.0000000000000009,-0.80528339299791862,59.119759014045826,34.415041702679211,trajectory reached the configured outer_limit radius
39,501,0.79200126331935505,-0.33950000000000002,fraction,250,0,outer_limit,nan,0,3.6061042942064425,0.008014363,2.2360679774997898,5.0000000000000009,-0.80529394201273929,59.119119736043359,34.415540523336631,trajectory reached the configured outer_limit radius
39,502,0.79200844224018485,-0.33950000000000002,fraction,250,0,outer_limit,nan,0,3.6028959963542602,0.0078593970000000006,2.2360679774997898,5.0000000000000009,-0.80530448077977657,59.118480761406488,34.416038014035841,trajectory reached the configured outer_limit radius
39,503,0.79201562116101465,-0.33950000000000002,fraction,250,0,outer_limit,nan,0,3.599703850731637,0.0080160939999999997,2.2360679774997898,5.0000000000000009,-0.80531500922635457,59.117842096435155,34.416534176441367,trajectory reached the configured outer_limit radius
39,504,0.79202280008184445,-0.33950000000000002,fraction,250,0,outer_limit,nan,0,3.59652769382209,0.0085033330000000001,2.2360679774997907,5.0000000000000044,-0.80532552728124551,59.117203747321973,34.417029012231161,trajectory reached the configured outer_limit radius
39,505,0.79202997900267424,-0.33950000000000002,fraction,250,0,outer_limit,nan,0,3.5933673646141848,0.0083012499999999996,2.2360679774997898,5.0000000000000009,-0.80533603487464855,59.116565720153034,34.417522523096949,trajectory reached the configured outer_limit radius
39,506,0.79203715792350404,-0.33950000000000002,fraction,250,0,outer_limit,nan,0,3.5902227045487463,0.0079101629999999996,2.2360679774997898,5.0000000000000009,-0.80534653193815087,59.115928020911568,34.41801471074232,trajectory reached the configured outer_limit radius
39,507,0.79204433684433384,-0.33950000000000002,fraction,250,0,outer_limit,nan,0,3.5870935574696263,0.0078318769999999992,2.2360679774997898,5.0000000000000009,-0.80535701840470597,59.115290655478759,34.418505576883277,trajectory reached the configured outer_limit radius
39,508,0.79205151576516364,-0.33950000000000002,fraction,250,0,outer_limit,nan,0,3.5839797695736983,0.0082250520000000001,2.2360679774997898,5.0000000000000009,-0.80536749420861142,59.11465362963564,34.418995123247925,trajectory reached the configured outer_limit radius
39,509,0.79205869468599344,-0.33950000000000002,fraction,250,0,outer_limit,nan,0,3.5808811893643626,0.0066158900000000001,2.2360679774997898,5.0000000000000009,-0.80537795928547351,59.114016949066269,34.41948335157695,trajectory reached the configured outer_limit radius
40,492,0.79193665303188676,-0.32333333333333336,fraction,250,0,outer_limit,nan,0,3.6269560531295939,0.0084791759999999997,2.2360679774997898,5.0000000000000009,-0.80520850171434555,59.124249905023305,34.411370328743814,trajectory reached the configured outer_limit radius
40,493,0.79194383195271656,-0.32333333333333336,fraction,250,0,outer_limit,nan,0,3.6235904964956669,0.0080485580000000008,2.2360679774997898,5.0000000000000009,-0.80521916190749976,59.123605945061925,34.411879854434964,trajectory reached the configured outer_limit radius
40,494,0.79195101087354636,-0.32333333333333336,fraction,250,0,outer_limit,nan,0,3.6202427550608278,0.0081837130000000004,2.2360679774997898,5.0000000000000009,-0.80522981211532918,59.12296225530639,34.412388016127906,trajectory reached the configured outer_limit radius
40,495,0.79195818979437616,-0.32333333333333336,fraction,250,0,outer_limit,nan,0,3.6169126387094641,0.0080510849999999995,2.2360679774997898,5.0000000000000009,-0.80524045225485685,59.122318842873931,34.412894815529896,trajectory reached the configured outer_limit radius
40,496,0.79196536871520595,-0.32333333333333336,fraction,250,0,outer_limit,nan,0,3.6135999604039979,0.0081173979999999996,2.2360679774997898,5.0000000000000009,-0.80525108224477748,59.121675714756819,34.413400254361839,trajectory reached the configured outer_limit radius
40,497,0.79197254763603575,-0.32333333333333336,fraction,250,0,outer_limit,nan,0,3.6103045361175954,0.0079301549999999995,2.2360679774997898,5.0000000000000009,-0.80526170200542757,59.121032877824703,34.413904334359358,trajectory reached the configured outer_limit radius
40,498,0.79197972655686566,-0.32333333333333336,fraction,250,0,outer_limit,nan,0,3.6070261847675904,0.0081226000000000007,2.2360679774997911,5.0000000000000062,-0.80527231145874423,59.120390338828308,34.414407057271106,trajectory reached the configured outer_limit radius
40,499,0.79198690547769546,-0.32333333333333336,fraction,250,0,outer_limit,nan,0,3.6037647281536791,0.0062252239999999997,2.2360679774997898,5.0000000000000009,-0.80528291052823919,59.119748104399584,34.41490842485819,trajectory reached the configured outer_limit radius
40,500,0.79199408439852526,-0.32333333333333336,fraction,250,0,outer_limit,nan,0,3.6005199908954135,0.0069797949999999996,2.2360679774997911,5.0000000000000062,-0.80529349913896986,59.119106181056743,34.415408438896385,trajectory reached the configured outer_limit radius
40,501,0.79200126331935505,-0.32333333333333336,fraction,250,0,outer_limit,nan,0,3.5972918003711731,0.0081389879999999998,2.2360679774997898,5.0000000000000009,-0.80530407721749953,59.118464575203511,34.415907101171626,trajectory reached the configured outer_limit radius
40,502,0.79200844224018485,-0.32333333333333336,fraction,250,0,outer_limit,nan,0,3.594079986660228,0.0080260190000000006,2.2360679774997898,5.0000000000000009,-0.80531464469187608,59.117823293134094,34.416404413482972,trajectory reached the configured outer_limit radius
40,503,0.79201562116101465,-0.32333333333333336,fraction,250,0,outer_limit,nan,0,3.590884382486291,0.0076524560000000002,2.2360679774997898,5.0000000000000009,-0.80532520149159992,59.117182341033683,34.416900377642087,trajectory reached the configured outer_limit radius
40,504,0.79202280008184445,-0.32333333333333336,fraction,250,0,outer_limit,nan,0,3.587704823162114,0.0086157309999999997,2.2360679774997898,5.0000000000000009,-0.80533574754759252,59.116541724980948,34.417394995470687,trajectory reached the configured outer_limit radius
40,505,0.79202997900267424,-0.32333333333333336,fraction,250,0,outer_limit,nan,0,3.5845411465341193,0.0083213460000000003,2.2360679774997898,5.0000000000000009,-0.80534628279216991,59.11590145095019,34.417888268801796,trajectory reached the configured outer_limit radius
40,506,0.79203715792350404,-0.32333333333333336,fraction,250,0,outer_limit,nan,0,3.5813931929309302,0.0078096249999999997,2.2360679774997898,5.0000000000000009,-0.80535680715902047,59.115261524813469,34.418380199480652,trajectory reached the configured outer_limit radius
40,507,0.79204433684433384,-0.32333333333333336,fraction,250,0,outer_limit,nan,0,3.5782608051120377,0.0069923600000000004,2.2360679774997898,5.0000000000000009,-0.80536732058316907,59.114621952342091,34.418870789361314,trajectory reached the configured outer_limit radius
40,508,0.79205151576516364,-0.32333333333333336,fraction,250,0,outer_limit,nan,0,3.5751438282178949,0.0075207240000000003,2.2360679774997902,5.0000000000000027,-0.80537782300095628,59.113982739209249,34.419360040308611,trajectory reached the configured outer_limit radius
40,509,0.79205869468599344,-0.32333333333333336,fraction,250,0,outer_limit,nan,0,3.5720421097217052,0.0061311439999999998,2.2360679774997898,5.0000000000000009,-0.80538831435001834,59.113343890990933,34.419847954198012,trajectory reached the configured outer_limit radius
41,492,0.79193665303188676,-0.3071666666666667,fraction,250,0,outer_limit,nan,0,3.6183698837115115,0.0081045660000000005,2.2360679774997898,5.0000000000000009,-0.80521791407356924,59.123643117626386,34.411715095498337,trajectory reached the configured outer_limit radius
41,493,0.79194383195271656,-0.3071666666666667,fraction,250,0,outer_limit,nan,0,3.6150003872876346,0.0080819729999999992,2.2360679774997898,5.0000000000000009,-0.8052286036705516,59.122996830050312,34.412224534352383,trajectory reached the configured outer_limit radius
41,494,0.79195101087354636,-0.3071666666666667,fraction,250,0,outer_limit,nan,0,3.6116487730618179,0.0074065060000000002,2.2360679774997898,5.0000000000000009,-0.8052392829172077,59.122350833571289,34.41273258867038,trajectory reached the configured outer_limit radius
41,495,0.79195818979437616,-0.3071666666666667,fraction,250,0,outer_limit,nan,0,3.6083148494776647,0.0072584370000000004,2.2360679774997898,5.0000000000000009,-0.80524995173293379,59.121705135180946,34.413239260318775,trajectory reached the configured outer_limit radius
41,496,0.79196536871520595,-0.3071666666666667,fraction,250,0,outer_limit,nan,0,3.6049984280950982,0.0082183399999999993,2.2360679774997898,5.0000000000000009,-0.80526061003876426,59.121059741747743,34.413744551175611,trajectory reached the configured outer_limit radius
41,497,0.79197254763603575,-0.3071666666666667,fraction,250,0,outer_limit,nan,0,3.6016993235216761,0.0074252889999999998,2.2360679774997898,5.0000000000000009,-0.80527125775734165,59.120414660019357,34.414248463130264,trajectory reached the configured outer_limit radius
41,498,0.79197972655686566,-0.3071666666666667,fraction,250,0,outer_limit,nan,0,3.5984173533474344,0.0080804259999999999,2.2360679774997898,5.0000000000000009,-0.80528189481288814,59.119769896625215,34.414750998084529,trajectory reached the configured outer_limit radius
41,499,0.79198690547769546,-0.3071666666666667,fraction,250,0,outer_limit,nan,0,3.5951523380791088,0.0076594239999999997,2.2360679774997902,5.0000000000000027,-0.80529252113116645,59.119125458078585,34.415252157949993,trajectory reached the configured outer_limit radius
41,500,0.79199408439852526,-0.3071666666666667,fraction,250,0,outer_limit,nan,0,3.5919041010772403,0.0074566779999999996,2.2360679774997898,5.0000000000000009,-0.80530313663945463,59.118481350778808,34.415751944649379,trajectory reached the configured outer_limit radius
41,501,0.79200126331935505,-0.3071666666666667,fraction,250,0,outer_limit,nan,0,3.588672468494583,0.0076454349999999999,2.2360679774997898,5.0000000000000009,-0.80531374126651545,59.117837581013994,34.416250360115939,trajectory reached the configured outer_limit radius
41,502,0.79200844224018485,-0.3071666666666667,fraction,250,0,outer_limit,nan,0,3.585457269217426,0.007298896,2.2360679774997898,5.0000000000000009,-0.80532433494256173,59.117194154962966,34.416747406293304,trajectory reached the configured outer_limit radius
41,503,0.79201562116101465,-0.3071666666666667,fraction,250,0,outer_limit,nan,0,3.5822583348074999,0.0079503790000000005,2.2360679774997898,5.0000000000000009,-0.80533491759923326,59.116551078697405,34.417243085134359,trajectory reached the configured outer_limit radius
41,504,0.79202280008184445,-0.3071666666666667,fraction,250,0,outer_limit,nan,0,3.5790754994440768,0.0072539329999999997,2.2360679774997898,5.0000000000000009,-0.8053454891695685,59.115908358183248,34.41773739860183,trajectory reached the configured outer_limit radius
41,505,0.79202997900267424,-0.3071666666666667,fraction,250,0,outer_limit,nan,0,3.5759085998711031,0.0080386880000000004,2.2360679774997902,5.0000000000000027,-0.80535604958797491,59.115265999284347,34.418230348668445,trajectory reached the configured outer_limit radius
41,506,0.79203715792350404,-0.3071666666666667,fraction,250,0,outer_limit,nan,0,3.5727574753418994,0.007986211,2.2360679774997898,5.0000000000000009,-0.80536659879019834,59.114624007762643,34.418721937314345,trajectory reached the configured outer_limit radius
41,507,0.79204433684433384,-0.3071666666666667,fraction,250,0,outer_limit,nan,0,3.5696219675685068,0.0076498449999999997,2.2360679774997898,5.0000000000000009,-0.80537713671330724,59.113982389281347,34.419212166530457,trajectory reached the configured outer_limit radius
41,508,0.79205151576516364,-0.3071666666666667,fraction,250,0,outer_limit,nan,0,3.5665019206707216,0.0067176090000000003,2.2360679774997898,5.0000000000000009,-0.80538766329565792,59.113341149406267,34.419701038314535,trajectory reached the configured outer_limit radius
41,509,0.79205869468599344,-0.3071666666666667,fraction,250,0,outer_limit,nan,0,3.5633971811260174,0.0075382859999999999,2.2360679774997902,5.0000000000000027,-0.80539817847687301,59.112700293607659,34.420188554673096,trajectory reached the configured outer_limit radius
42,492,0.79193665303188676,-0.29100000000000004,fraction,250,0,outer_limit,nan,0,3.6099683402600431,0.0086894799999999994,2.2360679774997898,5.0000000000000009,-0.80522688713638169,59.12306251602935,34.412037918774963,trajectory reached the configured outer_limit radius
42,493,0.79194383195271656,-0.29100000000000004,fraction,250,0,outer_limit,nan,0,3.6065950461445841,0.0078108459999999998,2.2360679774997898,5.0000000000000009,-0.80523760362134789,59.122414064152849,34.412547180607412,trajectory reached the configured outer_limit radius
42,494,0.79195101087354636,-0.29100000000000004,fraction,250,0,outer_limit,nan,0,3.6032396989671116,0.0077571719999999997,2.2360679774997898,5.0000000000000009,-0.80524830940069814,59.121765923768123,34.413055038065849,trajectory reached the configured outer_limit radius
42,495,0.79195818979437616,-0.29100000000000004,fraction,250,0,outer_limit,nan,0,3.5999021057764917,0.0074481149999999999,2.2360679774997898,5.0000000000000009,-0.80525900439615972,59.12111810174266,34.41356149317086,trajectory reached the configured outer_limit radius
42,496,0.79196536871520595,-0.29100000000000004,fraction,250,0,outer_limit,nan,0,3.5965820767761727,0.0084668050000000009,2.2360679774997902,5.0000000000000027,-0.8052696885310765,59.12047060482228,34.414066547953944,trajectory reached the configured outer_limit radius
42,497,0.79197254763603575,-0.29100000000000004,fraction,250,0,outer_limit,nan,0,3.5932794252541034,0.008661551,2.2360679774997898,5.0000000000000009,-0.80528036173036077,59.119823439633734,34.414570204454954,trajectory reached the configured outer_limit radius
42,498,0.79197972655686566,-0.29100000000000004,fraction,250,0,outer_limit,nan,0,3.5899939675152965,0.0082791749999999997,2.2360679774997898,5.0000000000000009,-0.80529102392048324,59.119176612686736,34.415072464723615,trajectory reached the configured outer_limit radius
42,499,0.79198690547769546,-0.29100000000000004,fraction,250,0,outer_limit,nan,0,3.5867255228168937,0.007680966,2.2360679774997907,5.0000000000000044,-0.80530167502942185,59.118530130376854,34.415573330819072,trajectory reached the configured outer_limit radius
42,500,0.79199408439852526,-0.29100000000000004,fraction,250,0,outer_limit,nan,0,3.583473913301277,0.0068774029999999998,2.2360679774997902,5.0000000000000027,-0.80531231498664235,59.117883998986699,34.416072804807975,trajectory reached the configured outer_limit radius
42,501,0.79200126331935505,-0.29100000000000004,fraction,250,0,outer_limit,nan,0,3.5802389639366718,0.0088510250000000002,2.2360679774997898,5.0000000000000009,-0.80532294372306568,59.117238224689459,34.416570888766287,trajectory reached the configured outer_limit radius
42,502,0.79200844224018485,-0.29100000000000004,fraction,250,0,outer_limit,nan,0,3.5770205024552117,0.0081863279999999997,2.2360679774997898,5.0000000000000009,-0.80533356117104271,59.116592813549929,34.417067584778032,trajectory reached the configured outer_limit radius
42,503,0.79201562116101465,-0.29100000000000004,fraction,250,0,outer_limit,nan,0,3.5738183592939317,0.0078869230000000005,2.2360679774997898,5.0000000000000009,-0.8053441672643179,59.115947771527487,34.4175628949355,trajectory reached the configured outer_limit radius
42,504,0.79202280008184445,-0.29100000000000004,fraction,250,0,outer_limit,nan,0,3.5706323675377503,0.0080013040000000007,2.2360679774997898,5.0000000000000009,-0.80535476193801137,59.11530310447732,34.418056821337885,trajectory reached the configured outer_limit radius
42,505,0.79202997900267424,-0.29100000000000004,fraction,250,0,outer_limit,nan,0,3.5674623628634401,0.0081127509999999996,2.2360679774997902,5.0000000000000027,-0.80536534512858327,59.114658818153401,34.418549366093323,trajectory reached the configured outer_limit radius
42,506,0.79203715792350404,-0.29100000000000004,fraction,250,0,outer_limit,nan,0,3.564308183485366,0.0077765409999999997,2.2360679774997907,5.0000000000000044,-0.80537591677381359,59.114014918209314,34.41904053131573,trajectory reached the configured outer_limit radius
42,507,0.79204433684433384,-0.29100000000000004,fraction,250,0,outer_limit,nan,0,3.5611696701026307,0.007762573,2.2360679774997898,5.0000000000000009,-0.80538647681277264,59.113371410200955,34.41953031912626,trajectory reached the configured outer_limit radius
42,508,0.79205151576516364,-0.29100000000000004,fraction,250,0,outer_limit,nan,0,3.5580466658471597,0.0075529840000000004,2.2360679774997898,5.0000000000000009,-0.8053970251858027,59.112728299588355,34.420018731654281,trajectory reached the configured outer_limit radius
42,509,0.79205869468599344,-0.29100000000000004,fraction,250,0,outer_limit,nan,0,3.5549390162343437,0.0080827590000000001,2.2360679774997898,5.0000000000000009,-0.80540756183448226,59.112085591737099,34.420505771033902,trajectory reached the configured outer_limit radius
43,492,0.79193665303188676,-0.27483333333333337,fraction,250,0,outer_limit,nan,0,3.6017446075891382,0.0080543760000000002,2.2360679774997898,5.0000000000000009,-0.80523542923014713,59.122507642723214,34.412339318992608,trajectory reached the configured outer_limit radius
43,493,0.79194383195271656,-0.27483333333333337,fraction,250,0,outer_limit,nan,0,3.5983676505122966,0.0088440629999999992,2.2360679774997898,5.0000000000000009,-0.80524617015916244,59.12185718556637,34.41284831719512,trajectory reached the configured outer_limit radius
43,494,0.79195101087354636,-0.27483333333333337,fraction,250,0,outer_limit,nan,0,3.5950087029665947,0.0078760519999999997,2.2360679774997898,5.0000000000000009,-0.80525690003690797,59.121207059801115,34.41335589187409,trajectory reached the configured outer_limit radius
43,495,0.79195818979437616,-0.27483333333333337,fraction,250,0,outer_limit,nan,0,3.5916675706518983,0.0066428600000000004,2.2360679774997898,5.0000000000000009,-0.80526761878741004,59.120557272172327,34.413862045201626,trajectory reached the configured outer_limit radius
43,496,0.79196536871520595,-0.27483333333333337,fraction,250,0,outer_limit,nan,0,3.58834406245892,0.0073499710000000003,2.2360679774997898,5.0000000000000009,-0.80527832633627872,59.119907829304445,34.414366779357351,trajectory reached the configured outer_limit radius
43,497,0.79197254763603575,-0.27483333333333337,fraction,250,0,outer_limit,nan,0,3.585037990397868,0.0074393009999999997,2.2360679774997898,5.0000000000000009,-0.80528902261066848,59.119258737704833,34.414870096528531,trajectory reached the configured outer_limit radius
43,498,0.79197972655686566,-0.27483333333333337,fraction,250,0,outer_limit,nan,0,3.581749169531427,0.0070909379999999998,2.2360679774997898,5.0000000000000009,-0.80529970753925506,59.118610003764999,34.41537199890967,trajectory reached the configured outer_limit radius
43,499,0.79198690547769546,-0.27483333333333337,fraction,250,0,outer_limit,nan,0,3.5784774179054746,0.0081684670000000004,2.2360679774997898,5.0000000000000009,-0.80531038105219788,59.117961633763557,34.415872488701787,trajectory reached the configured outer_limit radius
43,500,0.79199408439852526,-0.27483333333333337,fraction,250,0,outer_limit,nan,0,3.5752225564855533,0.0078845319999999997,2.2360679774997898,5.0000000000000009,-0.80532104308111674,59.117313633868541,34.416371568113611,trajectory reached the configured outer_limit radius
43,501,0.79200126331935505,-0.27483333333333337,fraction,250,0,outer_limit,nan,0,3.571984409093016,0.0082274389999999996,2.2360679774997898,5.0000000000000009,-0.80533169355905709,59.116666010139078,34.416869239359492,trajectory reached the configured outer_limit radius
43,502,0.79200844224018485,-0.27483333333333337,fraction,250,0,outer_limit,nan,0,3.5687628023427149,0.0082111709999999997,2.2360679774997898,5.0000000000000009,-0.80534233242046616,59.116018768527582,34.417365504660317,trajectory reached the configured outer_limit radius
43,503,0.79201562116101465,-0.27483333333333337,fraction,250,0,outer_limit,nan,0,3.5655575655845761,0.0073922980000000003,2.2360679774997898,5.0000000000000009,-0.80535295960116482,59.115371914882331,34.41786036624395,trajectory reached the configured outer_limit radius
43,504,0.79202280008184445,-0.27483333333333337,fraction,250,0,outer_limit,nan,0,3.5623685308436084,0.0075615969999999998,2.2360679774997898,5.0000000000000009,-0.80536357503831579,59.11472545494923,34.418353826343179,trajectory reached the configured outer_limit radius
43,505,0.79202997900267424,-0.27483333333333337,fraction,250,0,outer_limit,nan,0,3.5591955327653406,0.0071777009999999999,2.2360679774997898,5.0000000000000009,-0.80537417867040262,59.114079394373263,34.418845887196767,trajectory reached the configured outer_limit radius
43,506,0.79203715792350404,-0.27483333333333337,fraction,250,0,outer_limit,nan,0,3.5560384085575265,0.0077430590000000001,2.2360679774997902,5.0000000000000027,-0.80538477043720147,59.113433738701552,34.419336551049724,trajectory reached the configured outer_limit radius
43,507,0.79204433684433384,-0.27483333333333337,fraction,250,0,outer_limit,nan,0,3.5528969979392655,0.0084620689999999991,2.2360679774997898,5.0000000000000009,-0.80539535027975617,59.11278849338391,34.419825820151338,trajectory reached the configured outer_limit radius
43,508,0.79205151576516364,-0.27483333333333337,fraction,250,0,outer_limit,nan,0,3.5497711430882042,0.0080081530000000005,2.2360679774997898,5.0000000000000009,-0.80540591814035489,59.112143663775882,34.42031369675685,trajectory reached the configured outer_limit radius
43,509,0.79205869468599344,-0.27483333333333337,fraction,250,0,outer_limit,nan,0,3.5466606885876,0.008228427,2.2360679774997898,5.0000000000000009,-0.80541647396250371,59.111499255139414,34.420800183125777,trajectory reached the configured outer_limit radius
44,492,0.79193665303188676,-0.25866666666666671,fraction,250,0,outer_limit,nan,0,3.5936922869074883,0.008518121,2.2360679774997898,5.0000000000000009,-0.80524354816536781,59.121978068654329,34.412619784469292,trajectory reached the configured outer_limit radius
44,493,0.79194383195271656,-0.25866666666666671,fraction,250,0,outer_limit,nan,0,3.5903117947563192,0.0091276629999999994,2.2360679774997898,5.0000000000000009,-0.80525431116198676,59.121325761206634,34.413128435789936,trajectory reached the configured outer_limit radius
44,494,0.79195101087354636,-0.25866666666666671,fraction,250,0,outer_limit,nan,0,3.5869493726893684,0.0077868290000000003,2.2360679774997898,5.0000000000000009,-0.80526506277125376,59.120673804556951,34.413635645116727,trajectory reached the configured outer_limit radius
44,495,0.79195818979437616,-0.25866666666666671,fraction,250,0,outer_limit,nan,0,3.5836048250992922,0.005805724,2.2360679774997898,5.0000000000000009,-0.80527580291945711,59.120022205328922,34.414141414769126,trajectory reached the configured outer_limit radius
44,496,0.79196536871520595,-0.25866666666666671,fraction,250,0,outer_limit,nan,0,3.5802779596057182,0.0087841210000000006,2.2360679774997898,5.0000000000000009,-0.80528653153443486,59.119370970027603,34.414645747072058,trajectory reached the configured outer_limit radius
44,497,0.79197254763603575,-0.25866666666666671,fraction,250,0,outer_limit,nan,0,3.5769685869822365,0.0080839959999999995,2.2360679774997898,5.0000000000000009,-0.80529724854554341,59.11872010504193,34.415148644355547,trajectory reached the configured outer_limit radius
44,498,0.79197972655686566,-0.25866666666666671,fraction,250,0,outer_limit,nan,0,3.5736765210877852,0.0084515590000000008,2.2360679774997898,5.0000000000000009,-0.80530795388363141,59.118069616646693,34.415650108954793,trajectory reached the configured outer_limit radius
44,499,0.79198690547769546,-0.25866666666666671,fraction,250,0,outer_limit,nan,0,3.5704015787970436,0.0076482829999999996,2.2360679774997898,5.0000000000000009,-0.80531864748100246,59.117419511005778,34.416150143211226,trajectory reached the configured outer_limit radius
44,500,0.79199408439852526,-0.25866666666666671,fraction,250,0,outer_limit,nan,0,3.5671435799348061,0.0083614329999999997,2.2360679774997898,5.0000000000000009,-0.80532932927139123,59.116769794173031,34.416648749469147,trajectory reached the configured outer_limit radius
44,501,0.79200126331935505,-0.25866666666666671,fraction,250,0,outer_limit,nan,0,3.5639023472120952,0.0076770270000000003,2.2360679774997898,5.0000000000000009,-0.80533999918993604,59.116120472095169,34.417145930079052,trajectory reached the configured outer_limit radius
44,502,0.79200844224018485,-0.25866666666666671,fraction,250,0,outer_limit,nan,0,3.5606777061629908,0.0074003840000000003,2.2360679774997898,5.0000000000000009,-0.80535065717314613,59.115471550613861,34.417641687395282,trajectory reached the configured outer_limit radius
44,503,0.79201562116101465,-0.25866666666666671,fraction,250,0,outer_limit,nan,0,3.5574694850842339,0.0098597560000000008,2.2360679774997898,5.0000000000000009,-0.80536130315887577,59.114823035468014,34.41813602377686,trajectory reached the configured outer_limit radius
44,504,0.79202280008184445,-0.25866666666666671,fraction,250,0,outer_limit,nan,0,3.5542775149753627,0.0088373459999999994,2.2360679774997898,5.0000000000000009,-0.80537193708630506,59.114174932294617,34.418628941587045,trajectory reached the configured outer_limit radius
44,505,0.79202997900267424,-0.25866666666666671,fraction,250,0,outer_limit,nan,0,3.5511016294821776,0.0097691040000000007,2.2360679774997898,5.0000000000000009,-0.80538255889590127,59.113527246632259,34.419120443192668,trajectory reached the configured outer_limit radius
44,506,0.79203715792350404,-0.25866666666666671,fraction,250,0,outer_limit,nan,0,3.5479416648393514,0.0073583160000000002,2.2360679774997898,5.0000000000000009,-0.80539316852940335,59.112879983921964,34.419610530964981,trajectory reached the configured outer_limit radius
44,507,0.79204433684433384,-0.25866666666666671,fraction,250,0,outer_limit,nan,0,3.5447974598176319,0.0084623609999999998,2.2360679774997898,5.0000000000000009,-0.80540376592979501,59.112233149509265,34.420099207278305,trajectory reached the configured outer_limit radius
44,508,0.79205151576516364,-0.25866666666666671,fraction,250,0,outer_limit,nan,0,3.5416688556696458,0.0077136130000000002,2.2360679774997898,5.0000000000000009,-0.80541435104127734,59.111586748646651,34.420586474511694,trajectory reached the configured outer_limit radius
44,509,0.79205869468599344,-0.25866666666666671,fraction,250,0,outer_limit,nan,0,3.5385556960778923,0.0095547480000000001,2.2360679774997898,5.0000000000000009,-0.80542492380924857,59.110940786493899,34.421072335045601,trajectory reached the configured outer_limit radius
45,492,0.79193665303188676,-0.24250000000000005,fraction,250,0,outer_limit,nan,0,3.5858053636768425,0.0077153830000000001,2.2360679774997902,5.0000000000000027,-0.80525125126459385,59.121473391688141,34.41287977336772,trajectory reached the configured outer_limit radius
45,493,0.79194383195271656,-0.24250000000000005,fraction,250,0,outer_limit,nan,0,3.5824214579747213,0.0082501870000000008,2.2360679774997907,5.0000000000000044,-0.80526203401573526,59.120819385154491,34.413387997705577,trajectory reached the configured outer_limit radius
45,494,0.79195101087354636,-0.24250000000000005,fraction,250,0,outer_limit,nan,0,3.5790556809670422,0.007680414,2.2360679774997898,5.0000000000000009,-0.80527280505294907,59.120165748333676,34.413894762250017,trajectory reached the configured outer_limit radius
45,495,0.79195818979437616,-0.24250000000000005,fraction,250,0,outer_limit,nan,0,3.5757078357809089,0.0078714709999999997,2.2360679774997898,5.0000000000000009,-0.80528356430474679,59.119512487729878,34.414400069464165,trajectory reached the configured outer_limit radius
45,496,0.79196536871520595,-0.24250000000000005,fraction,250,0,outer_limit,nan,0,3.5723777288041108,0.0077960080000000001,2.2360679774997898,5.0000000000000009,-0.80529431170115717,59.11885960972981,34.414903921813519,trajectory reached the configured outer_limit radius
45,497,0.79197254763603575,-0.24250000000000005,fraction,250,0,outer_limit,nan,0,3.5690651696125437,0.0081409910000000002,2.2360679774997898,5.0000000000000009,-0.80530504717370432,59.11820712060554,34.415406321767747,trajectory reached the configured outer_limit radius
45,498,0.79197972655686566,-0.24250000000000005,fraction,250,0,outer_limit,nan,0,3.5657699708981898,0.0078556019999999997,2.2360679774997898,5.0000000000000009,-0.80531577065536819,59.117555026517017,34.415907271799526,trajectory reached the configured outer_limit radius
45,499,0.79198690547769546,-0.24250000000000005,fraction,250,0,outer_limit,nan,0,3.5624919484014899,0.0069891010000000002,2.2360679774997898,5.0000000000000009,-0.80532648208056101,59.116903333514081,34.416406774384768,trajectory reached the configured outer_limit radius
45,500,0.79199408439852526,-0.24250000000000005,fraction,250,0,outer_limit,nan,0,3.5592309208429578,0.0067454790000000004,2.2360679774997898,5.0000000000000009,-0.80533718138509791,59.11625204753858,34.416904832002231,trajectory reached the configured outer_limit radius
45,501,0.79200126331935505,-0.24250000000000005,fraction,250,0,outer_limit,nan,0,3.555986709857105,0.0078791290000000003,2.2360679774997898,5.0000000000000009,-0.80534786850617157,59.115601174426089,34.417401447133443,trajectory reached the configured outer_limit radius
45,502,0.79200844224018485,-0.24250000000000005,fraction,250,0,outer_limit,nan,0,3.5527591399313718,0.0083662089999999995,2.2360679774997898,5.0000000000000009,-0.80535854338231661,59.114950719909061,34.417896622263306,trajectory reached the configured outer_limit radius
45,503,0.79201562116101465,-0.24250000000000005,fraction,250,0,outer_limit,nan,0,3.5495480383424467,0.0066294420000000001,2.2360679774997898,5.0000000000000009,-0.8053692059533919,59.114300689617856,34.4183903598786,trajectory reached the configured outer_limit radius
45,504,0.79202280008184445,-0.24250000000000005,fraction,250,0,outer_limit,nan,0,3.5463532350968623,0.0081219759999999995,2.2360679774997898,5.0000000000000009,-0.80537985616055152,59.113651089082879,34.418882662468761,trajectory reached the configured outer_limit radius
45,505,0.79202997900267424,-0.24250000000000005,fraction,250,0,outer_limit,nan,0,3.5431745628719575,0.0084466639999999996,2.2360679774997898,5.0000000000000009,-0.80539049394621665,59.113001923737059,34.419373532526073,trajectory reached the configured outer_limit radius
45,506,0.79203715792350404,-0.24250000000000005,fraction,250,0,outer_limit,nan,0,3.5400118569600938,0.008028851,2.2360679774997898,5.0000000000000009,-0.805401119254052,59.112353198917219,34.419862972544301,trajectory reached the configured outer_limit radius
45,507,0.79204433684433384,-0.24250000000000005,fraction,250,0,outer_limit,nan,0,3.5368649552130038,0.0069226929999999997,2.2360679774997898,5.0000000000000009,-0.80541173202894734,59.111704919865815,34.420350985019724,trajectory reached the configured outer_limit radius
45,508,0.79205151576516364,-0.24250000000000005,fraction,250,0,outer_limit,nan,0,3.5337336979874809,0.007174115,2.2360679774997898,5.0000000000000009,-0.80542233221698356,59.111057091733272,34.420837572450566,trajectory reached the configured outer_limit radius
45,509,0.79205869468599344,-0.24250000000000005,fraction,250,0,outer_limit,nan,0,3.5306179280938061,0.0084329539999999995,2.2360679774997898,5.0000000000000009,-0.80543291976541787,59.110409719579096,34.421322737336268,trajectory reached the configured outer_limit radius
46,492,0.79193665303188676,-0.22633333333333339,fraction,250,0,outer_limit,nan,0,3.578078178640566,0.0078079000000000004,2.2360679774997898,5.0000000000000009,-0.80525854538851127,59.12099323522127,34.413119715446449,trajectory reached the configured outer_limit radius
46,493,0.79194383195271656,-0.22633333333333339,fraction,250,0,outer_limit,nan,0,3.574690974984521,0.0085626599999999997,2.2360679774997898,5.0000000000000009,-0.80526934564058061,59.120337677254369,34.413627435662193,trajectory reached the configured outer_limit radius
46,494,0.79195101087354636,-0.22633333333333339,fraction,250,0,outer_limit,nan,0,3.5713219567825387,0.0062796060000000001,2.2360679774997902,5.0000000000000027,-0.80528013386159347,59.119682507425473,34.414133678947529,trajectory reached the configured outer_limit radius
46,495,0.79195818979437616,-0.22633333333333339,fraction,250,0,outer_limit,nan,0,3.5679709259343229,0.0075288430000000003,2.2360679774997898,5.0000000000000009,-0.80529090998224417,59.119027732119847,34.414638447903911,trajectory reached the configured outer_limit radius
46,496,0.79196536871520595,-0.22633333333333339,fraction,250,0,outer_limit,nan,0,3.5646376876344936,0.0075926589999999999,2.2360679774997898,5.0000000000000009,-0.80530167393471963,59.118373357607943,34.415141745135344,trajectory reached the configured outer_limit radius
46,497,0.79197254763603575,-0.22633333333333339,fraction,250,0,outer_limit,nan,0,3.5613220502972736,0.0079088519999999992,2.2360679774997898,5.0000000000000009,-0.80531242565266581,59.117719390046645,34.415643573246491,trajectory reached the configured outer_limit radius
46,498,0.79197972655686566,-0.22633333333333339,fraction,250,0,outer_limit,nan,0,3.558023825484784,0.0083656560000000008,2.2360679774997898,5.0000000000000009,-0.80532316507116153,59.117065835482272,34.416143934843376,trajectory reached the configured outer_limit radius
46,499,0.79198690547769546,-0.22633333333333339,fraction,250,0,outer_limit,nan,0,3.5547428278375688,0.0082397540000000002,2.2360679774997898,5.0000000000000009,-0.80533389212669304,59.116412699852297,34.416642832534365,trajectory reached the configured outer_limit radius
46,500,0.79199408439852526,-0.22633333333333339,fraction,250,0,outer_limit,nan,0,3.5514788750049227,0.008221852,2.2360679774997898,5.0000000000000009,-0.80534460675711506,59.11575998898789,34.417140268927525,trajectory reached the configured outer_limit radius
46,501,0.79200126331935505,-0.22633333333333339,fraction,250,0,outer_limit,nan,0,3.5482317875799407,0.0083764879999999996,2.2360679774997898,5.0000000000000009,-0.80535530890163554,59.115107708615405,34.417636246632632,trajectory reached the configured outer_limit radius
46,502,0.79200844224018485,-0.22633333333333339,fraction,250,0,outer_limit,nan,0,3.5450013890344687,0.0079137930000000006,2.2360679774997898,5.0000000000000009,-0.80536599850078638,59.114455864358703,34.418130768260617,trajectory reached the configured outer_limit radius
46,503,0.79201562116101465,-0.22633333333333339,fraction,250,0,outer_limit,nan,0,3.5417875056571604,0.007208941,2.2360679774997898,5.0000000000000009,-0.80537667549638836,59.113804461742021,34.418623836423585,trajectory reached the configured outer_limit radius
46,504,0.79202280008184445,-0.22633333333333339,fraction,250,0,outer_limit,nan,0,3.5385899664913922,0.0070541320000000003,2.2360679774997898,5.0000000000000009,-0.80538733983153388,59.113153506190308,34.41911545373334,trajectory reached the configured outer_limit radius
46,505,0.79202997900267424,-0.22633333333333339,fraction,250,0,outer_limit,nan,0,3.5354086032770389,0.0077551449999999997,2.2360679774997898,5.0000000000000009,-0.80539799145056623,59.112503003032131,34.419605622803552,trajectory reached the configured outer_limit radius
46,506,0.79203715792350404,-0.22633333333333339,fraction,250,0,outer_limit,nan,0,3.5322432503933334,0.0081590229999999996,2.2360679774997902,5.0000000000000027,-0.80540863029904253,59.111852957501561,34.42009434624822,trajectory reached the configured outer_limit radius
46,507,0.79204433684433384,-0.22633333333333339,fraction,250,0,outer_limit,nan,0,3.5290937448005271,0.007640226,2.2360679774997898,5.0000000000000009,-0.80541925632371769,59.111203374739503,34.420581626680956,trajectory reached the configured outer_limit radius
46,508,0.79205151576516364,-0.22633333333333339,fraction,250,0,outer_limit,nan,0,3.5259599259887215,0.0081495040000000001,2.2360679774997898,5.0000000000000009,-0.80542986947252371,59.110554259795968,34.421067466717432,trajectory reached the configured outer_limit radius
46,509,0.79205869468599344,-0.22633333333333339,fraction,250,0,outer_limit,nan,0,3.5228416359219326,0.0086241670000000003,2.2360679774997898,5.0000000000000009,-0.80544046969454086,59.109905617631256,34.421551868972088,trajectory reached the configured outer_limit radius
47,492,0.79193665303188676,-0.21016666666666672,fraction,250,0,outer_limit,nan,0,3.5705054016634263,0.0063718359999999996,2.2360679774997898,5.0000000000000009,-0.80526543695945074,59.120537246934148,34.413340013646028,trajectory reached the configured outer_limit radius
47,493,0.79194383195271656,-0.21016666666666672,fraction,250,0,outer_limit,nan,0,3.5671150101233184,0.0076880940000000004,2.2360679774997898,5.0000000000000009,-0.80527625251469515,59.119880281853412,34.413847155383351,trajectory reached the configured outer_limit radius
47,494,0.79195101087354636,-0.21016666666666672,fraction,250,0,outer_limit,nan,0,3.563742859031918,0.0084076029999999996,2.2360679774997898,5.0000000000000009,-0.80528705573114723,59.119223722846158,34.414352803706592,trajectory reached the configured outer_limit radius
47,495,0.79195818979437616,-0.21016666666666672,fraction,250,0,outer_limit,nan,0,3.5603887490984847,0.0079597139999999997,2.2360679774997898,5.0000000000000009,-0.80529784654164449,59.118567576181697,34.414856961353678,trajectory reached the configured outer_limit radius
47,496,0.79196536871520595,-0.21016666666666672,fraction,250,0,outer_limit,nan,0,3.5570524843601716,0.0065940490000000003,2.2360679774997898,5.0000000000000009,-0.80530862488048827,59.117911848015225,34.415359631061612,trajectory reached the configured outer_limit radius
47,497,0.79197254763603575,-0.21016666666666672,fraction,250,0,outer_limit,nan,0,3.553733872105385,0.0076670779999999999,2.2360679774997898,5.0000000000000009,-0.80531939068341507,59.117256544390045,34.415860815567413,trajectory reached the configured outer_limit radius
47,498,0.79197972655686566,-0.21016666666666672,fraction,250,0,outer_limit,nan,0,3.5504327228003287,0.0071209869999999996,2.2360679774997902,5.0000000000000027,-0.80533014388756219,59.116601671240673,34.416360517607103,trajectory reached the configured outer_limit radius
47,499,0.79198690547769546,-0.21016666666666672,fraction,250,0,outer_limit,nan,0,3.5471488500185901,0.0076224550000000002,2.2360679774997898,5.0000000000000009,-0.80534088443144602,59.11594723439341,34.416858739915497,trajectory reached the configured outer_limit radius
47,500,0.79199408439852526,-0.21016666666666672,fraction,250,0,outer_limit,nan,0,3.5438820703718208,0.0081526120000000001,2.2360679774997898,5.0000000000000009,-0.80535161225493224,59.11529323957047,34.417355485228832,trajectory reached the configured outer_limit radius
47,501,0.79200126331935505,-0.21016666666666672,fraction,250,0,outer_limit,nan,0,3.540632203442192,0.0079011729999999992,2.2360679774997898,5.0000000000000009,-0.80536232729920676,59.114639692390313,34.417850756280799,trajectory reached the configured outer_limit radius
47,502,0.79200844224018485,-0.21016666666666672,fraction,250,0,outer_limit,nan,0,3.5373990717179584,0.0077918739999999998,2.2360679774997898,5.0000000000000009,-0.80537302950675438,59.113986598370545,34.418344555804943,trajectory reached the configured outer_limit radius
47,503,0.79201562116101465,-0.21016666666666672,fraction,250,0,outer_limit,nan,0,3.5341825005287273,0.0083324579999999992,2.2360679774997898,5.0000000000000009,-0.80538371882132853,59.113333962929481,34.418836886533924,trajectory reached the configured outer_limit radius
47,504,0.79202280008184445,-0.21016666666666672,fraction,250,0,outer_limit,nan,0,3.5309823179846953,0.0076531439999999997,2.2360679774997898,5.0000000000000009,-0.80539439518792699,59.112681791388965,34.419327751200605,trajectory reached the configured outer_limit radius
47,505,0.79202997900267424,-0.21016666666666672,fraction,250,0,outer_limit,nan,0,3.5277983549170604,0.0078379910000000007,2.2360679774997898,5.0000000000000009,-0.80540505855277078,59.112030088974535,34.419817152535401,trajectory reached the configured outer_limit radius
47,506,0.79203715792350404,-0.21016666666666672,fraction,250,0,outer_limit,nan,0,3.5246304448185364,0.0082694050000000005,2.2360679774997898,5.0000000000000009,-0.80541570886327796,59.111378860818817,34.420305093268503,trajectory reached the configured outer_limit radius
47,507,0.79204433684433384,-0.21016666666666672,fraction,250,0,outer_limit,nan,0,3.5214784237872183,0.007762789,2.2360679774997898,5.0000000000000009,-0.80542634606803853,59.110728111962857,34.420791576129737,trajectory reached the configured outer_limit radius
47,508,0.79205151576516364,-0.21016666666666672,fraction,250,0,outer_limit,nan,0,3.5183421304706806,0.0079429759999999992,2.2360679774997898,5.0000000000000009,-0.80543697011679327,59.110077847357516,34.421276603846216,trajectory reached the configured outer_limit radius
47,509,0.79205869468599344,-0.21016666666666672,fraction,250,0,outer_limit,nan,0,3.5152214060142528,0.0083510979999999995,2.2360679774997898,5.0000000000000009,-0.8054475809604138,59.109428071865537,34.421760179145622,trajectory reached the configured outer_limit radius
48,492,0.79193665303188676,-0.19399999999999995,fraction,250,0,outer_limit,nan,0,3.5630820080576173,0.0087822209999999998,2.2360679774997898,5.0000000000000009,-0.80527193198258495,59.120105097665345,34.41354104551796,trajectory reached the configured outer_limit radius
48,493,0.79194383195271656,-0.19399999999999995,fraction,250,0,outer_limit,nan,0,3.5596885335432424,0.0070233819999999999,2.2360679774997898,5.0000000000000009,-0.80528276069566385,59.119446866661605,34.41404753703479,trajectory reached the configured outer_limit radius
48,494,0.79195101087354636,-0.19399999999999995,fraction,250,0,outer_limit,nan,0,3.5563133527865864,0.0082988809999999993,2.2360679774997898,5.0000000000000009,-0.805293576771553,59.118789059179797,34.414552519301992,trajectory reached the configured outer_limit radius
48,495,0.79195818979437616,-0.19399999999999995,fraction,250,0,outer_limit,nan,0,3.5529562653429365,0.0087272649999999997,2.2360679774997898,5.0000000000000009,-0.80530438014519412,59.11813168137428,34.415055995188773,trajectory reached the configured outer_limit radius
48,496,0.79196536871520595,-0.19399999999999995,fraction,250,0,outer_limit,nan,0,3.5496170741258717,0.0084281080000000001,2.2360679774997898,5.0000000000000009,-0.80531517075296444,59.117474739286713,34.415557967561753,trajectory reached the configured outer_limit radius
48,497,0.79197254763603575,-0.19399999999999995,fraction,250,0,outer_limit,nan,0,3.5462955853309621,0.007479622,2.2360679774997907,5.0000000000000044,-0.8053259485326516,59.116818238848637,34.416058439286289,trajectory reached the configured outer_limit radius
48,498,0.79197972655686566,-0.19399999999999995,fraction,250,0,outer_limit,nan,0,3.5429916083620809,0.0081743019999999996,2.2360679774997902,5.0000000000000027,-0.8053367134234124,59.116162185883482,34.416557413224055,trajectory reached the configured outer_limit radius
48,499,0.79198690547769546,-0.19399999999999995,fraction,250,0,outer_limit,nan,0,3.5397049557579723,0.0084264170000000003,2.2360679774997898,5.0000000000000009,-0.80534746536575952,59.115506586109198,34.417054892235214,trajectory reached the configured outer_limit radius
48,500,0.79199408439852526,-0.19399999999999995,fraction,250,0,outer_limit,nan,0,3.5364354431232967,0.007634442,2.2360679774997898,5.0000000000000009,-0.80535820430152727,59.114851445139692,34.417550879177313,trajectory reached the configured outer_limit radius
48,501,0.79200126331935505,-0.19399999999999995,fraction,250,0,outer_limit,nan,0,3.5331828890596131,0.0061618369999999999,2.2360679774997898,5.0000000000000009,-0.80536893017384403,59.114196768487737,34.418045376906107,trajectory reached the configured outer_limit radius
48,502,0.79200844224018485,-0.19399999999999995,fraction,250,0,outer_limit,nan,0,3.5299471151005357,0.0071857839999999997,2.2360679774997898,5.0000000000000009,-0.80537964292711139,59.113542561565652,34.418538388274023,trajectory reached the configured outer_limit radius
48,503,0.79201562116101465,-0.19399999999999995,fraction,250,0,outer_limit,nan,0,3.5267279456464586,0.0077008800000000002,2.2360679774997898,5.0000000000000009,-0.80539034250697816,59.112888829688032,34.419029916131777,trajectory reached the configured outer_limit radius
48,504,0.79202280008184445,-0.19399999999999995,fraction,250,0,outer_limit,nan,0,3.5235252079020651,0.0079878740000000007,2.2360679774997898,5.0000000000000009,-0.80540102886031029,59.112235578074362,34.419519963327829,trajectory reached the configured outer_limit radius
48,505,0.79202997900267424,-0.19399999999999995,fraction,250,0,outer_limit,nan,0,3.5203387318166821,0.0085906620000000006,2.2360679774997898,5.0000000000000009,-0.80541170193517275,59.111582811849253,34.420008532707307,trajectory reached the configured outer_limit radius
48,506,0.79203715792350404,-0.19399999999999995,fraction,250,0,outer_limit,nan,0,3.5171683500235886,0.0077967849999999997,2.2360679774997898,5.0000000000000009,-0.80542236168080783,59.110930536045402,34.420495627113681,trajectory reached the configured outer_limit radius
48,507,0.79204433684433384,-0.19399999999999995,fraction,250,0,outer_limit,nan,0,3.5140138977837543,0.0063110350000000004,2.2360679774997902,5.0000000000000027,-0.80543300804760398,59.11027875560535,34.420981249387857,trajectory reached the configured outer_limit radius
48,508,0.79205151576516364,-0.19399999999999995,fraction,250,0,outer_limit,nan,0,3.5108752129293119,0.0074887900000000004,2.2360679774997898,5.0000000000000009,-0.80544364098707899,59.109627475382013,34.421465402367133,trajectory reached the configured outer_limit radius
48,509,0.79205869468599344,-0.19399999999999995,fraction,250,0,outer_limit,nan,0,3.5077521358098118,0.0068695960000000004,2.2360679774997902,5.0000000000000027,-0.80545426045186042,59.108976700142406,34.421948088887881,trajectory reached the configured outer_limit radius
49,492,0.79193665303188676,-0.17783333333333329,fraction,250,0,outer_limit,nan,0,3.5558032571286748,0.0074277900000000001,2.2360679774997898,5.0000000000000009,-0.80527803606501047,59.119696480399625,34.413723164513399,trajectory reached the configured outer_limit radius
49,493,0.79194383195271656,-0.17783333333333329,fraction,250,0,outer_limit,nan,0,3.5524067997253788,0.0077086840000000004,2.2360679774997898,5.0000000000000009,-0.8052888758397504,59.119037121731459,34.41422893652733,trajectory reached the configured outer_limit radius
49,494,0.79195101087354636,-0.17783333333333329,fraction,250,0,outer_limit,nan,0,3.5490286877788404,0.0075792489999999997,2.2360679774997898,5.0000000000000009,-0.80529970268819306,59.118378203547323,34.414733184096185,trajectory reached the configured outer_limit radius
49,495,0.79195818979437616,-0.17783333333333329,fraction,250,0,outer_limit,nan,0,3.5456687197229955,0.0074015940000000001,2.2360679774997898,5.0000000000000009,-0.80531051654734487,59.117719731888094,34.415235910216445,trajectory reached the configured outer_limit radius
49,496,0.79196536871520595,-0.17783333333333329,fraction,250,0,outer_limit,nan,0,3.5423266973823475,0.0064810060000000001,2.2360679774997898,5.0000000000000009,-0.80532131735562296,59.117061712683721,34.415737117881562,trajectory reached the configured outer_limit radius
49,497,0.79197254763603575,-0.17783333333333329,fraction,250,0,outer_limit,nan,0,3.5390024258919381,0.0074940650000000003,2.2360679774997898,5.0000000000000009,-0.8053321050528206,59.116404151755233,34.416236810079795,trajectory reached the configured outer_limit radius
49,498,0.79197972655686566,-0.17783333333333329,fraction,250,0,outer_limit,nan,0,3.5356957136232352,0.0074712839999999999,2.2360679774997898,5.0000000000000009,-0.80534287958008266,59.115747054817504,34.416734989796453,trajectory reached the configured outer_limit radius
49,499,0.79198690547769546,-0.17783333333333329,fraction,250,0,outer_limit,nan,0,3.5324063721117391,0.0083345520000000003,2.2360679774997898,5.0000000000000009,-0.80535364087987593,59.115090427480794,34.417231660012199,trajectory reached the configured outer_limit radius
49,500,0.79199408439852526,-0.17783333333333329,fraction,250,0,outer_limit,nan,0,3.5291342159837495,0.0085183589999999997,2.2360679774997898,5.0000000000000009,-0.80536438889596385,59.114434275253124,34.41772682370339,trajectory reached the configured outer_limit radius
49,501,0.79200126331935505,-0.17783333333333329,fraction,250,0,outer_limit,nan,0,3.5258790628901551,0.0072579389999999997,2.2360679774997898,5.0000000000000009,-0.80537512357338248,59.113778603542265,34.418220483843413,trajectory reached the configured outer_limit radius
49,502,0.79200844224018485,-0.17783333333333329,fraction,250,0,outer_limit,nan,0,3.522640733437914,0.0087108089999999999,2.2360679774997898,5.0000000000000009,-0.80538584485841436,59.113123417657391,34.418712643400944,trajectory reached the configured outer_limit radius
49,503,0.79201562116101465,-0.17783333333333329,fraction,250,0,outer_limit,nan,0,3.5194190511255052,0.0078251769999999991,2.2360679774997898,5.0000000000000009,-0.80539655269856136,59.112468722811123,34.419203305339963,trajectory reached the configured outer_limit radius
49,504,0.79202280008184445,-0.17783333333333329,fraction,250,0,outer_limit,nan,0,3.5162138422792943,0.0081781249999999996,2.2360679774997898,5.0000000000000009,-0.80540724704252709,59.111814524121776,34.419692472622494,trajectory reached the configured outer_limit radius
49,505,0.79202997900267424,-0.17783333333333329,fraction,250,0,outer_limit,nan,0,3.5130249359921999,0.0078680439999999994,2.2360679774997898,5.0000000000000009,-0.80541792784018151,59.111160826614807,34.420180148204622,trajectory reached the configured outer_limit radius
49,506,0.79203715792350404,-0.17783333333333329,fraction,250,0,outer_limit,nan,0,3.5098521640639229,0.0079236659999999993,2.2360679774997898,5.0000000000000009,-0.80542859504255382,59.110507635224337,34.420666335038987,trajectory reached the configured outer_limit radius
49,507,0.79204433684433384,-0.17783333333333329,fraction,250,0,outer_limit,nan,0,3.5066953609433567,0.0077150659999999996,2.2360679774997898,5.0000000000000009,-0.80543924860179761,59.109854954795644,34.42115103607513,trajectory reached the configured outer_limit radius
49,508,0.79205151576516364,-0.17783333333333329,fraction,250,0,outer_limit,nan,0,3.5035543636712387,0.0067856540000000003,2.2360679774997902,5.0000000000000027,-0.80544988847117471,59.109202790086215,34.421634254257505,trajectory reached the configured outer_limit radius
49,509,0.79205869468599344,-0.17783333333333329,fraction,250,0,outer_limit,nan,0,3.5004290118246089,0.0076161170000000004,2.2360679774997898,5.0000000000000009,-0.80546051460502877,59.108551145767599,34.422115992526798,trajectory reached the configured outer_limit radius
50,492,0.79193665303188676,-0.16166666666666663,fraction,250,0,outer_limit,nan,0,3.5486646726966806,0.0096313969999999999,2.2360679774997898,5.0000000000000009,-0.80528375443291111,59.119311109360901,34.413886701152009,trajectory reached the configured outer_limit radius
50,493,0.79194383195271656,-0.16166666666666663,fraction,250,0,outer_limit,nan,0,3.5452653279753532,0.0074460230000000004,2.2360679774997898,5.0000000000000009,-0.80529460321923263,59.118650758539523,34.414391686691957,trajectory reached the configured outer_limit radius
50,494,0.79195101087354636,-0.16166666666666663,fraction,250,0,outer_limit,nan,0,3.54188437886866,0.0073391619999999998,2.2360679774997898,5.0000000000000009,-0.80530543879939442,59.117990864678632,34.414895133223936,trajectory reached the configured outer_limit radius
50,495,0.79195818979437616,-0.16166666666666663,fraction,250,0,outer_limit,nan,0,3.5385216227235854,0.0062237910000000002,2.2360679774997898,5.0000000000000009,-0.80531626111243204,59.117331433707449,34.415397043869632,trajectory reached the configured outer_limit radius
50,496,0.79196536871520595,-0.16166666666666663,fraction,250,0,outer_limit,nan,0,3.5351768603057541,0.0084898449999999993,2.2360679774997898,5.0000000000000009,-0.80532707009875648,59.116672471446009,34.415897421744297,trajectory reached the configured outer_limit radius
50,497,0.79197254763603575,-0.16166666666666663,fraction,250,0,outer_limit,nan,0,3.5318498957206672,0.0071112170000000004,2.2360679774997898,5.0000000000000009,-0.80533786570013477,59.116013983606493,34.416396269957197,trajectory reached the configured outer_limit radius
50,498,0.79197972655686566,-0.16166666666666663,fraction,250,0,outer_limit,nan,0,3.5285405363377924,0.008411544,2.2360679774997898,5.0000000000000009,-0.80534864785965188,59.115355975796874,34.416893591611995,trajectory reached the configured outer_limit radius
50,499,0.79198690547769546,-0.16166666666666663,fraction,250,0,outer_limit,nan,0,3.5252485927178179,0.0082633570000000007,2.2360679774997898,5.0000000000000009,-0.80535941652169618,59.114698453521392,34.417389389806829,trajectory reached the configured outer_limit radius
50,500,0.79199408439852526,-0.16166666666666663,fraction,250,0,outer_limit,nan,0,3.5219738785385979,0.007864589,2.2360679774997898,5.0000000000000009,-0.80537017163192237,59.11404142218371,34.417883667633745,trajectory reached the configured outer_limit radius
50,501,0.79200126331935505,-0.16166666666666663,fraction,250,0,outer_limit,nan,0,3.5187162105268981,0.0071658140000000004,2.2360679774997898,5.0000000000000009,-0.80538091313723448,59.113384887088429,34.418376428179727,trajectory reached the configured outer_limit radius
50,502,0.79200844224018485,-0.16166666666666663,fraction,250,0,outer_limit,nan,0,3.5154754083903863,0.0079544139999999999,2.2360679774997898,5.0000000000000009,-0.80539164098575677,59.112728853443045,34.418867674525671,trajectory reached the configured outer_limit radius
50,503,0.79201562116101465,-0.16166666666666663,fraction,250,0,outer_limit,nan,0,3.5122512947517182,0.0086239760000000002,2.2360679774997902,5.0000000000000027,-0.80540235512681146,59.112073326359798,34.41935740974705,trajectory reached the configured outer_limit radius
50,504,0.79202280008184445,-0.16166666666666663,fraction,250,0,outer_limit,nan,0,3.5090436950843857,0.0075657179999999999,2.2360679774997898,5.0000000000000009,-0.8054130555108967,59.111418310857516,34.419845636914246,trajectory reached the configured outer_limit radius
50,505,0.79202997900267424,-0.16166666666666663,fraction,250,0,outer_limit,nan,0,3.5058524376509328,0.0092072339999999999,2.2360679774997898,5.0000000000000009,-0.80542374208965839,59.110763811863748,34.420332359091688,trajectory reached the configured outer_limit radius
50,506,0.79203715792350404,-0.16166666666666663,fraction,250,0,outer_limit,nan,0,3.5026773534413618,0.0080369880000000001,2.2360679774997898,5.0000000000000009,-0.80543441481587386,59.110109834216033,34.420817579338504,trajectory reached the configured outer_limit radius
50,507,0.79204433684433384,-0.16166666666666663,fraction,250,0,outer_limit,nan,0,3.4995182761157468,0.0079409779999999996,2.2360679774997898,5.0000000000000009,-0.80544507364342366,59.109456382664014,34.421301300708642,trajectory reached the configured outer_limit radius
50,508,0.79205151576516364,-0.16166666666666663,fraction,250,0,outer_limit,nan,0,3.4963750419461657,0.0073106739999999996,2.2360679774997898,5.0000000000000009,-0.80545571852727771,59.108803461870536,34.421783526250302,trajectory reached the configured outer_limit radius
50,509,0.79205869468599344,-0.16166666666666663,fraction,250,0,outer_limit,nan,0,3.4932474897616332,0.0082459809999999995,2.2360679774997898,5.0000000000000009,-0.80546634942346773,59.108151076413982,34.422264259006297,trajectory reached the configured outer_limit radius
51,492,0.79193665303188676,-0.14549999999999996,fraction,250,0,outer_limit,nan,0,3.5416620253894169,0.0080471710000000005,2.2360679774997898,5.0000000000000009,-0.80528909194694898,59.118948719198471,34.414031964068514,trajectory reached the configured outer_limit radius
51,493,0.79194383195271656,-0.14549999999999996,fraction,250,0,outer_limit,nan,0,3.5382598846896345,0.007700073,2.2360679774997898,5.0000000000000009,-0.80529994773794944,59.118287509163444,34.41453609833362,trajectory reached the configured outer_limit radius
51,494,0.79195101087354636,-0.14549999999999996,fraction,250,0,outer_limit,nan,0,3.534876188288643,0.0078326630000000001,2.2360679774997898,5.0000000000000009,-0.80531079005213457,59.117626772080868,34.415038679656313,trajectory reached the configured outer_limit radius
51,495,0.79195818979437616,-0.14549999999999996,fraction,250,0,outer_limit,nan,0,3.5315107324764803,0.0073736950000000004,2.2360679774997898,5.0000000000000009,-0.80532161883052611,59.116966513769952,34.415539711278569,trajectory reached the configured outer_limit radius
51,496,0.79196536871520595,-0.14549999999999996,fraction,250,0,outer_limit,nan,0,3.5281633169903235,0.0075808660000000003,2.2360679774997898,5.0000000000000009,-0.80533243401549437,59.116306739942225,34.416039196434326,trajectory reached the configured outer_limit radius
51,497,0.79197254763603575,-0.14549999999999996,fraction,250,0,outer_limit,nan,0,3.5248337449359783,0.007030817,2.2360679774997898,5.0000000000000009,-0.80534323555073162,59.115647456203526,34.416537138349575,trajectory reached the configured outer_limit radius
51,498,0.79197972655686566,-0.14549999999999996,fraction,250,0,outer_limit,nan,0,3.5215218227101679,0.0074576870000000002,2.2360679774997898,5.0000000000000009,-0.80535402338123474,59.114988668055751,34.417033540243999,trajectory reached the configured outer_limit radius
51,499,0.79198690547769546,-0.14549999999999996,fraction,250,0,outer_limit,nan,0,3.5182273599260596,0.0077502889999999996,2.2360679774997902,5.0000000000000027,-0.80536479745326539,59.114330380899439,34.417528405328639,trajectory reached the configured outer_limit radius
51,500,0.79199408439852526,-0.14549999999999996,fraction,250,0,outer_limit,nan,0,3.5149501693399823,0.0076933640000000003,2.2360679774997898,5.0000000000000009,-0.80537555771433322,59.113672600035301,34.418021736807553,trajectory reached the configured outer_limit radius
51,501,0.79200126331935505,-0.14549999999999996,fraction,250,0,outer_limit,nan,0,3.5116900667819073,0.0073079590000000002,2.2360679774997898,5.0000000000000009,-0.80538630411317447,59.113015330666393,34.418513537878127,trajectory reached the configured outer_limit radius
51,502,0.79200844224018485,-0.14549999999999996,fraction,250,0,outer_limit,nan,0,3.5084468710856749,0.0078232330000000006,2.2360679774997898,5.0000000000000009,-0.80539703659971695,59.112358577900252,34.419003811730491,trajectory reached the configured outer_limit radius
51,503,0.79201562116101465,-0.14549999999999996,fraction,250,0,outer_limit,nan,0,3.5052204040232189,0.0086226840000000003,2.2360679774997898,5.0000000000000009,-0.80540775512506291,59.111702346750349,34.419492561547052,trajectory reached the configured outer_limit radius
51,504,0.79202280008184445,-0.14549999999999996,fraction,250,0,outer_limit,nan,0,3.5020104902401892,0.0089884950000000009,2.2360679774997898,5.0000000000000009,-0.80541845964147307,59.111046642137673,34.4199797905042,trajectory reached the configured outer_limit radius
51,505,0.79202997900267424,-0.14549999999999996,fraction,250,0,outer_limit,nan,0,3.4988169571916758,0.0076892499999999999,2.2360679774997902,5.0000000000000027,-0.80542915010232707,59.110391468893546,34.420465501771048,trajectory reached the configured outer_limit radius
51,506,0.79203715792350404,-0.14549999999999996,fraction,250,0,outer_limit,nan,0,3.4956396350819032,0.0086398320000000001,2.2360679774997898,5.0000000000000009,-0.80543982646211498,59.109736831760159,34.420949698509183,trajectory reached the configured outer_limit radius
51,507,0.79204433684433384,-0.14549999999999996,fraction,250,0,outer_limit,nan,0,3.4924783568056395,0.0073293509999999996,2.2360679774997898,5.0000000000000009,-0.80545048867641444,59.109082735393272,34.421432383875128,trajectory reached the configured outer_limit radius
51,508,0.79205151576516364,-0.14549999999999996,fraction,250,0,outer_limit,nan,0,3.4893329578886938,0.0068470140000000002,2.2360679774997898,5.0000000000000009,-0.80546113670186326,59.108429184362805,34.421913561016858,trajectory reached the configured outer_limit radius
51,509,0.79205869468599344,-0.14549999999999996,fraction,250,0,outer_limit,nan,0,3.4862032764319295,0.0072825620000000002,2.2360679774997902,5.0000000000000027,-0.80547177049613994,59.107776183155771,34.422393233076171,trajectory reached the configured outer_limit radius
52,492,0.79193665303188676,-0.1293333333333333,fraction,250,0,outer_limit,nan,0,3.534791316517143,0.007770445,2.2360679774997898,5.0000000000000009,-0.80529405311602653,59.118609064263111,34.414159240958199,trajectory reached the configured outer_limit radius
52,493,0.79194383195271656,-0.1293333333333333,fraction,250,0,outer_limit,nan,0,3.5313864672114827,0.0076581430000000001,2.2360679774997898,5.0000000000000009,-0.80530491394520232,59.117947125550607,34.414662461186879,trajectory reached the configured outer_limit radius
52,494,0.79195101087354636,-0.1293333333333333,fraction,250,0,outer_limit,nan,0,3.5280001094756881,0.0077184050000000002,2.2360679774997907,5.0000000000000044,-0.80531576103607971,59.117285675298469,34.415164115161105,trajectory reached the configured outer_limit radius
52,495,0.79195818979437616,-0.1293333333333333,fraction,250,0,outer_limit,nan,0,3.52463203857288,0.007009019,2.2360679774997902,5.0000000000000027,-0.80532659433162246,59.116624719217818,34.415664206239427,trajectory reached the configured outer_limit radius
52,496,0.79196536871520595,-0.1293333333333333,fraction,250,0,outer_limit,nan,0,3.5212820532417721,0.0088290620000000004,2.2360679774997898,5.0000000000000009,-0.80533741377611678,59.115964262913892,34.416162737770655,trajectory reached the configured outer_limit radius
52,497,0.79197254763603575,-0.1293333333333333,fraction,250,0,outer_limit,nan,0,3.5179499556155571,0.008032862,2.2360679774997898,5.0000000000000009,-0.80534821931514922,59.115304311887137,34.41665971309439,trajectory reached the configured outer_limit radius
52,498,0.79197972655686566,-0.1293333333333333,fraction,250,0,outer_limit,nan,0,3.5146355511460707,0.0078556660000000007,2.2360679774997911,5.0000000000000062,-0.80535901089557749,59.114644871536008,34.417155135541464,trajectory reached the configured outer_limit radius
52,499,0.79198690547769546,-0.1293333333333333,fraction,250,0,outer_limit,nan,0,3.5113386485261175,0.0073768430000000001,2.2360679774997898,5.0000000000000009,-0.80536978846550555,59.113985947157758,34.417649008432363,trajectory reached the configured outer_limit radius
52,500,0.79199408439852526,-0.1293333333333333,fraction,250,0,outer_limit,nan,0,3.5080590596168753,0.0075995760000000002,2.2360679774997898,5.0000000000000009,-0.80538055197425884,59.113327543953048,34.418141335081053,trajectory reached the configured outer_limit radius
52,501,0.79200126331935505,-0.1293333333333333,fraction,250,0,outer_limit,nan,0,3.5047965993757999,0.0075098439999999999,2.2360679774997898,5.0000000000000009,-0.80539130137236226,59.112669667024768,34.418632118791052,trajectory reached the configured outer_limit radius
52,502,0.79200844224018485,-0.1293333333333333,fraction,250,0,outer_limit,nan,0,3.5015510857888072,0.0071181550000000001,2.2360679774997898,5.0000000000000009,-0.80540203661151344,59.112012321381833,34.419121362857567,trajectory reached the configured outer_limit radius
52,503,0.79201562116101465,-0.1293333333333333,fraction,250,0,outer_limit,nan,0,3.4983223398015668,0.0082035749999999994,2.2360679774997902,5.0000000000000027,-0.80541275764455977,59.111355511940616,34.419609070567432,trajectory reached the configured outer_limit radius
52,504,0.79202280008184445,-0.1293333333333333,fraction,250,0,outer_limit,nan,0,3.4951101852543007,0.0076371299999999998,2.2360679774997898,5.0000000000000009,-0.80542346442547696,59.110699243526319,34.420095245199406,trajectory reached the configured outer_limit radius
52,505,0.79202997900267424,-0.1293333333333333,fraction,250,0,outer_limit,nan,0,3.4919144488187475,0.0094555109999999998,2.2360679774997898,5.0000000000000009,-0.80543415690935238,59.110043520874953,34.42057989002339,trajectory reached the configured outer_limit radius
52,506,0.79203715792350404,-0.1293333333333333,fraction,250,0,outer_limit,nan,0,3.4887349599352002,0.007230673,2.2360679774997898,5.0000000000000009,-0.80544483505234754,59.109388348636038,34.421063008301729,trajectory reached the configured outer_limit radius
52,507,0.79204433684433384,-0.1293333333333333,fraction,250,0,outer_limit,nan,0,3.4855715507545124,0.0064386649999999997,2.2360679774997898,5.0000000000000009,-0.80545549881169942,59.108733731371991,34.421544603288133,trajectory reached the configured outer_limit radius
52,508,0.79205151576516364,-0.1293333333333333,fraction,250,0,outer_limit,nan,0,3.4824240560770354,0.0076724929999999998,2.2360679774997898,5.0000000000000009,-0.80546614814567741,59.108079673562287,34.422024678228524,trajectory reached the configured outer_limit radius
52,509,0.79205869468599344,-0.1293333333333333,fraction,250,0,outer_limit,nan,0,3.4792923132981164,0.0073670589999999996,2.2360679774997898,5.0000000000000009,-0.8054767830135785,59.107426179603102,34.422503236359979,trajectory reached the configured outer_limit radius
53,492,0.79193665303188676,-0.11316666666666664,fraction,250,0,outer_limit,nan,0,3.5280487633792359,0.0078603879999999994,2.2360679774997898,5.0000000000000009,-0.80529864210954183,59.118291917964257,34.414268799424157,trajectory reached the configured outer_limit radius
53,493,0.79194383195271656,-0.11316666666666664,fraction,250,0,outer_limit,nan,0,3.5246412891147196,0.0069584540000000002,2.2360679774997898,5.0000000000000009,-0.80530950604814056,59.117629378867122,34.414771044768607,trajectory reached the configured outer_limit radius
53,494,0.79195101087354636,-0.11316666666666664,fraction,250,0,outer_limit,nan,0,3.5212523523367731,0.0080807299999999995,2.2360679774997898,5.0000000000000009,-0.80532035599609342,59.116967343255162,34.415271711163925,trajectory reached the configured outer_limit radius
53,495,0.79195818979437616,-0.11316666666666664,fraction,250,0,outer_limit,nan,0,3.5178817473093744,0.0075104270000000001,2.2360679774997898,5.0000000000000009,-0.80533119189826619,59.116305816733387,34.415770802081731,trajectory reached the configured outer_limit radius
53,496,0.79196536871520595,-0.11316666666666664,fraction,250,0,outer_limit,nan,0,3.5145292718010293,0.0086003329999999999,2.2360679774997898,5.0000000000000009,-0.80534201370082281,59.115644804802109,34.416268320981814,trajectory reached the configured outer_limit radius
53,497,0.79197254763603575,-0.11316666666666664,fraction,250,0,outer_limit,nan,0,3.5111947270005452,0.0077923380000000002,2.2360679774997898,5.0000000000000009,-0.80535282135119834,59.114984312858283,34.416764271313099,trajectory reached the configured outer_limit radius
53,498,0.79197972655686566,-0.11316666666666664,fraction,250,0,outer_limit,nan,0,3.5078779174402683,0.006817923,2.2360679774997898,5.0000000000000009,-0.80536361479807705,59.114324346198174,34.417258656514619,trajectory reached the configured outer_limit radius
53,499,0.79198690547769546,-0.11316666666666664,fraction,250,0,outer_limit,nan,0,3.504578650918416,0.0076761479999999998,2.2360679774997898,5.0000000000000009,-0.80537439399136335,59.113664910019054,34.417751480013763,trajectory reached the configured outer_limit radius
53,500,0.79199408439852526,-0.11316666666666664,fraction,250,0,outer_limit,nan,0,3.5012967384256122,0.0078581929999999994,2.2360679774997907,5.0000000000000044,-0.805385158882159,59.113006009421369,34.418242745228376,trajectory reached the configured outer_limit radius
53,501,0.79200126331935505,-0.11316666666666664,fraction,250,0,outer_limit,nan,0,3.4980319940734215,0.0074677939999999998,2.2360679774997898,5.0000000000000009,-0.80539590942273864,59.112347649410246,34.418732455565618,trajectory reached the configured outer_limit radius
53,502,0.79200844224018485,-0.11316666666666664,fraction,250,0,outer_limit,nan,0,3.4947842350212821,0.011491286999999999,2.2360679774997898,5.0000000000000009,-0.80540664556653074,59.111689834898065,34.419220614423317,trajectory reached the configured outer_limit radius
53,503,0.79201562116101465,-0.11316666666666664,fraction,250,0,outer_limit,nan,0,3.4915532814122003,0.0085541009999999997,2.2360679774997898,5.0000000000000009,-0.80541736726808977,59.111032570705405,34.419707225188645,trajectory reached the configured outer_limit radius
53,504,0.79202280008184445,-0.11316666666666664,fraction,250,0,outer_limit,nan,0,3.4883389563043816,0.0075790329999999998,2.2360679774997898,5.0000000000000009,-0.80542807448307652,59.110375861563249,34.42019229123931,trajectory reached the configured outer_limit radius
53,505,0.79202997900267424,-0.11316666666666664,fraction,250,0,outer_limit,nan,0,3.4851410856077085,0.0069572810000000001,2.2360679774997898,5.0000000000000009,-0.80543876716823504,59.109719712114838,34.420675815943369,trajectory reached the configured outer_limit radius
53,506,0.79203715792350404,-0.11316666666666664,fraction,250,0,outer_limit,nan,0,3.4819594980205544,0.0074191719999999999,2.2360679774997898,5.0000000000000009,-0.80544944528137496,59.109064126916934,34.421157802659138,trajectory reached the configured outer_limit radius
53,507,0.79204433684433384,-0.11316666666666664,fraction,250,0,outer_limit,nan,0,3.4787940249699707,0.0073573190000000002,2.2360679774997898,5.0000000000000009,-0.80546010878134577,59.108409110442025,34.421638254735818,trajectory reached the configured outer_limit radius
53,508,0.79205151576516364,-0.11316666666666664,fraction,250,0,outer_limit,nan,0,3.4756445005521872,0.0070480719999999998,2.2360679774997898,5.0000000000000009,-0.80547075762802156,59.107754667079028,34.422117175512646,trajectory reached the configured outer_limit radius
53,509,0.79205869468599344,-0.11316666666666664,fraction,250,0,outer_limit,nan,0,3.4725107614755242,0.0081159749999999992,2.2360679774997898,5.0000000000000009,-0.80548139178227496,59.107100801136539,34.422594568320498,trajectory reached the configured outer_limit radius
54,492,0.79193665303188676,-0.096999999999999975,fraction,250,0,outer_limit,nan,0,3.5214307858534868,0.0075770150000000003,2.2360679774997898,5.0000000000000009,-0.80530286276823793,59.117997072202428,34.414360887732407,trajectory reached the configured outer_limit radius
54,493,0.79194383195271656,-0.096999999999999975,fraction,250,0,outer_limit,nan,0,3.5180207667756451,0.0073401439999999998,2.2360679774997898,5.0000000000000009,-0.80531372792271882,59.117334058925074,34.41486209914062,trajectory reached the configured outer_limit radius
54,494,0.79195101087354636,-0.096999999999999975,fraction,250,0,outer_limit,nan,0,3.5146293298011559,0.0071619800000000001,2.2360679774997898,5.0000000000000009,-0.80532457884331288,59.116671563675055,34.415361719517499,trajectory reached the configured outer_limit radius
54,495,0.79195818979437616,-0.096999999999999975,fraction,250,0,outer_limit,nan,0,3.5112562682234931,0.0073935570000000003,2.2360679774997898,5.0000000000000009,-0.80533541547675025,59.116009591952839,34.415859752444028,trajectory reached the configured outer_limit radius
54,496,0.79196536871520595,-0.096999999999999975,fraction,250,0,outer_limit,nan,0,3.5079013788660203,0.0088092499999999994,2.2360679774997898,5.0000000000000009,-0.80534623777102721,59.115348149155594,34.416356201487218,trajectory reached the configured outer_limit radius
54,497,0.79197254763603575,-0.096999999999999975,fraction,250,0,outer_limit,nan,0,3.5045644619993923,0.0075814100000000002,2.2360679774997898,5.0000000000000009,-0.80535704567539046,59.114687240578938,34.416851070202263,trajectory reached the configured outer_limit radius
54,498,0.79197972655686566,-0.096999999999999975,fraction,250,0,outer_limit,nan,0,3.501245321261734,0.006873334,2.2360679774997898,5.0000000000000009,-0.80536783914030941,59.114026871418474,34.417344362132141,trajectory reached the configured outer_limit radius
54,499,0.79198690547769546,-0.096999999999999975,fraction,250,0,outer_limit,nan,0,3.4979437635822377,0.0077143300000000001,2.2360679774997898,5.0000000000000009,-0.80537861811744771,59.113367046772836,34.41783608080739,trajectory reached the configured outer_limit radius
54,500,0.79199408439852526,-0.096999999999999975,fraction,250,0,outer_limit,nan,0,3.4946595991054052,0.0061533559999999996,2.2360679774997898,5.0000000000000009,-0.80538938255964432,59.112707771644864,34.418326229747173,trajectory reached the configured outer_limit radius
54,501,0.79200126331935505,-0.096999999999999975,fraction,250,0,outer_limit,nan,0,3.4913926411180554,0.0076867380000000003,2.2360679774997898,5.0000000000000009,-0.80540013242088826,59.112049050943426,34.41881481245872,trajectory reached the configured outer_limit radius
54,502,0.79200844224018485,-0.096999999999999975,fraction,250,0,outer_limit,nan,0,3.4881427059787931,0.0091683839999999999,2.2360679774997898,5.0000000000000009,-0.80541086765629732,59.111390889485662,34.4193018324383,trajectory reached the configured outer_limit radius
54,503,0.79201562116101465,-0.096999999999999975,fraction,250,0,outer_limit,nan,0,3.4849096130487593,0.0076913900000000002,2.2360679774997898,5.0000000000000009,-0.80542158822209486,59.110733291998422,34.41978729317033,trajectory reached the configured outer_limit radius
54,504,0.79202280008184445,-0.096999999999999975,fraction,250,0,outer_limit,nan,0,3.4816931846261725,0.0091628149999999995,2.2360679774997898,5.0000000000000009,-0.80543229407558703,59.110076263119879,34.420271198128169,trajectory reached the configured outer_limit radius
54,505,0.79202997900267424,-0.096999999999999975,fraction,250,0,outer_limit,nan,0,3.4784932458800348,0.0074539289999999998,2.2360679774997898,5.0000000000000009,-0.80544298517514434,59.109419807402141,34.420753550774648,trajectory reached the configured outer_limit radius
54,506,0.79203715792350404,-0.096999999999999975,fraction,250,0,outer_limit,nan,0,3.4753096247871218,0.0079178370000000005,2.2360679774997898,5.0000000000000009,-0.80545366148017605,59.108763929311607,34.42123435456093,trajectory reached the configured outer_limit radius
54,507,0.79204433684433384,-0.096999999999999975,fraction,250,0,outer_limit,nan,0,3.4721421520719726,0.0081562639999999999,2.2360679774997898,5.0000000000000009,-0.80546432295111936,59.108108633231396,34.421713612928436,trajectory reached the configured outer_limit radius
54,508,0.79205151576516364,-0.096999999999999975,fraction,250,0,outer_limit,nan,0,3.4689906611455039,0.0064194539999999998,2.2360679774997898,5.0000000000000009,-0.80547496954940923,59.107453923462536,34.422191329306941,trajectory reached the configured outer_limit radius
54,509,0.79205869468599344,-0.096999999999999975,fraction,250,0,outer_limit,nan,0,3.4658549880485814,0.0084667200000000005,2.2360679774997898,5.0000000000000009,-0.80548560123746049,59.106799804226732,34.422667507116842,trajectory reached the configured outer_limit radius
55,492,0.79193665303188676,-0.080833333333333313,fraction,250,0,outer_limit,nan,0,3.5149339941465096,0.0068818739999999996,2.2360679774997898,5.0000000000000009,-0.80530671861373038,59.11772433687652,34.414435735488375,trajectory reached the configured outer_limit radius
55,493,0.79194383195271656,-0.080833333333333313,fraction,250,0,outer_limit,nan,0,3.5115215071095744,0.007416387,2.2360679774997898,5.0000000000000009,-0.80531758312332691,59.117060973682825,34.414935855589597,trajectory reached the configured outer_limit radius
55,494,0.79195101087354636,-0.080833333333333313,fraction,250,0,outer_limit,nan,0,3.5081276455436408,0.007224383,2.2360679774997898,5.0000000000000009,-0.80532843316488167,59.11639814257591,34.415434373186024,trajectory reached the configured outer_limit radius
55,495,0.79195818979437616,-0.080833333333333313,fraction,250,0,outer_limit,nan,0,3.5047522017975496,0.0072715510000000002,2.2360679774997898,5.0000000000000009,-0.80533926868694272,59.115735848953719,34.415931291963631,trajectory reached the configured outer_limit radius
55,496,0.79196536871520595,-0.080833333333333313,fraction,250,0,outer_limit,nan,0,3.5013949717768122,0.0086061000000000002,2.2360679774997898,5.0000000000000009,-0.80535008963930144,59.115074098112366,34.416426615593494,trajectory reached the configured outer_limit radius
55,497,0.79197254763603575,-0.080833333333333313,fraction,250,0,outer_limit,nan,0,3.4980557548582656,0.0084909159999999994,2.2360679774997898,5.0000000000000009,-0.80536089597297211,59.114412895247419,34.416920347732876,trajectory reached the configured outer_limit radius
55,498,0.79197972655686566,-0.080833333333333313,fraction,250,0,outer_limit,nan,0,3.4947343538110873,0.0075846589999999997,2.2360679774997898,5.0000000000000009,-0.80537168764016853,59.113752245456524,34.417412492025932,trajectory reached the configured outer_limit radius
55,499,0.79198690547769546,-0.080833333333333313,fraction,250,0,outer_limit,nan,0,3.4914305747185281,0.0082155730000000003,2.2360679774997898,5.0000000000000009,-0.80538246459427631,59.113092153740766,34.417903052102197,trajectory reached the configured outer_limit radius
55,500,0.79199408439852526,-0.080833333333333313,fraction,250,0,outer_limit,nan,0,3.488144226901666,0.0081031079999999995,2.2360679774997898,5.0000000000000009,-0.80539322678982972,59.112432625007202,34.41839203157862,trajectory reached the configured outer_limit radius
55,501,0.79200126331935505,-0.080833333333333313,fraction,250,0,outer_limit,nan,0,3.4848751228462609,0.0074753939999999998,2.2360679774997898,5.0000000000000009,-0.8054039741824941,59.111773664070299,34.418879434059434,trajectory reached the configured outer_limit radius
55,502,0.79200844224018485,-0.080833333333333313,fraction,250,0,outer_limit,nan,0,3.4816230781307773,0.0078186990000000001,2.2360679774997898,5.0000000000000009,-0.8054147067290377,59.111115275653674,34.419365263135575,trajectory reached the configured outer_limit radius
55,503,0.79201562116101465,-0.080833333333333313,fraction,250,0,outer_limit,nan,0,3.4783879113572911,0.0084537269999999994,2.2360679774997898,5.0000000000000009,-0.80542542438731313,59.110457464392127,34.419849522385313,trajectory reached the configured outer_limit radius
55,504,0.79202280008184445,-0.080833333333333313,fraction,250,0,outer_limit,nan,0,3.4751694440840835,0.0076230550000000001,2.2360679774997898,5.0000000000000009,-0.80543612711623547,59.109800234833159,34.420332215374756,trajectory reached the configured outer_limit radius
55,505,0.79202997900267424,-0.080833333333333313,fraction,250,0,outer_limit,nan,0,3.4719675007592392,0.0081732039999999999,2.2360679774997898,5.0000000000000009,-0.80544681487576164,59.109143591438794,34.420813345657606,trajectory reached the configured outer_limit radius
55,506,0.79203715792350404,-0.080833333333333313,fraction,250,0,outer_limit,nan,0,3.4687819086587202,0.0073785409999999997,2.2360679774997898,5.0000000000000009,-0.80545748762686886,59.108487538586822,34.421292916775045,trajectory reached the configured outer_limit radius
55,507,0.79204433684433384,-0.080833333333333313,fraction,250,0,outer_limit,nan,0,3.4656124978227383,0.0081191179999999998,2.2360679774997898,5.0000000000000009,-0.8054681453315391,59.107832080572983,34.421770932257473,trajectory reached the configured outer_limit radius
55,508,0.79205151576516364,-0.080833333333333313,fraction,250,0,outer_limit,nan,0,3.4624591009966386,0.0062738309999999997,2.2360679774997898,5.0000000000000009,-0.80547878795273253,59.107177221612119,34.422247395621774,trajectory reached the configured outer_limit radius
55,509,0.79205869468599344,-0.080833333333333313,fraction,250,0,outer_limit,nan,0,3.459321553571916,0.0076978189999999998,2.2360679774997898,5.0000000000000009,-0.80548941545437514,59.106522965840128,34.422722310374994,trajectory reached the configured outer_limit radius
56,492,0.79193665303188676,-0.06466666666666665,fraction,250,0,outer_limit,nan,0,3.5085551776027795,0.0079723390000000002,2.2360679774997898,5.0000000000000009,-0.8053102128567925,59.117473539456505,34.414493554230184,trajectory reached the configured outer_limit radius
56,493,0.79194383195271656,-0.06466666666666665,fraction,250,0,outer_limit,nan,0,3.5051402963598797,0.0077733200000000002,2.2360679774997898,5.0000000000000009,-0.80532107489117366,59.116809948812318,34.414992527227469,trajectory reached the configured outer_limit radius
56,494,0.79195101087354636,-0.06466666666666665,fraction,250,0,outer_limit,nan,0,3.5017440827553687,0.0075116820000000004,2.2360679774997902,5.0000000000000027,-0.80533192223241845,59.116146903832295,34.415489886850843,trajectory reached the configured outer_limit radius
56,495,0.79195818979437616,-0.06466666666666665,fraction,250,0,outer_limit,nan,0,3.498366328220071,0.0078238930000000002,2.2360679774997898,5.0000000000000009,-0.80534275483085327,59.115484409813433,34.415985636887847,trajectory reached the configured outer_limit radius
56,496,0.79196536871520595,-0.06466666666666665,fraction,250,0,outer_limit,nan,0,3.4950068277644206,0.0073448209999999996,2.2360679774997902,5.0000000000000027,-0.80535357263802143,59.114822471952678,34.41647978110985,trajectory reached the configured outer_limit radius
56,497,0.79197254763603575,-0.06466666666666665,fraction,250,0,outer_limit,nan,0,3.4916653798964119,0.0080686890000000004,2.2360679774997898,5.0000000000000009,-0.80536437560666552,59.114161095347328,34.41697232327239,trajectory reached the configured outer_limit radius
56,498,0.79197972655686566,-0.06466666666666665,fraction,250,0,outer_limit,nan,0,3.4883417865394999,0.0080307599999999996,2.2360679774997898,5.0000000000000009,-0.80537516369070328,59.113500284998779,34.417463267117377,trajectory reached the configured outer_limit radius
56,499,0.79198690547769546,-0.06466666666666665,fraction,250,0,outer_limit,nan,0,3.4850358529543461,0.007773678,2.2360679774997898,5.0000000000000009,-0.80538593684519844,59.112840045812817,34.417952616370123,trajectory reached the configured outer_limit radius
56,500,0.79199408439852526,-0.06466666666666665,fraction,250,0,outer_limit,nan,0,3.4817473876605654,0.0080960760000000007,2.2360679774997898,5.0000000000000009,-0.80539669502634448,59.112180382602382,34.41844037474177,trajectory reached the configured outer_limit radius
56,501,0.79200126331935505,-0.06466666666666665,fraction,250,0,outer_limit,nan,0,3.4784762023647802,0.0074254129999999996,2.2360679774997898,5.0000000000000009,-0.80540743819144078,59.111521300089159,34.418926545929857,trajectory reached the configured outer_limit radius
56,502,0.79200844224018485,-0.06466666666666665,fraction,250,0,outer_limit,nan,0,3.4752221118863136,0.0073660510000000002,2.2360679774997898,5.0000000000000009,-0.80541816629886909,59.110862802904897,34.419411133616137,trajectory reached the configured outer_limit radius
56,503,0.79201562116101465,-0.06466666666666665,fraction,250,0,outer_limit,nan,0,3.4719849340881321,0.007738628,2.2360679774997898,5.0000000000000009,-0.80542887930807106,59.110204895594499,34.419894141470351,trajectory reached the configured outer_limit radius
56,504,0.79202280008184445,-0.06466666666666665,fraction,250,0,outer_limit,nan,0,3.4687644898093986,0.00735989,2.2360679774997898,5.0000000000000009,-0.80543957717953441,59.109547582616138,34.420375573147638,trajectory reached the configured outer_limit radius
56,505,0.79202997900267424,-0.06466666666666665,fraction,250,0,outer_limit,nan,0,3.4655606027975399,0.0065408380000000002,2.2360679774997898,5.0000000000000009,-0.80545025987476437,59.108890868343259,34.420855432288718,trajectory reached the configured outer_limit radius
56,506,0.79203715792350404,-0.06466666666666665,fraction,250,0,outer_limit,nan,0,3.4623730996448336,0.0082179650000000007,2.2360679774997898,5.0000000000000009,-0.8054609273562664,59.108234757067493,34.421333722522576,trajectory reached the configured outer_limit radius
56,507,0.79204433684433384,-0.06466666666666665,fraction,250,0,outer_limit,nan,0,3.45920180972761,0.0076686150000000002,2.2360679774997898,5.0000000000000009,-0.80547157958753146,59.107579252998448,34.421810447464097,trajectory reached the configured outer_limit radius
56,508,0.79205151576516364,-0.06466666666666665,fraction,250,0,outer_limit,nan,0,3.4560465651429833,0.0074721809999999996,2.2360679774997902,5.0000000000000027,-0.80548221653301,59.106924360266447,34.42228561071574,trajectory reached the configured outer_limit radius
56,509,0.79205869468599344,-0.06466666666666665,fraction,250,0,outer_limit,nan,0,3.4529072006504342,0.0086511160000000004,2.2360679774997898,5.0000000000000009,-0.80549283815809825,59.106270082923082,34.422759215866172,trajectory reached the configured outer_limit radius
57,492,0.79193665303188676,-0.048499999999999988,fraction,250,0,outer_limit,nan,0,3.502291294463356,0.0074870850000000001,2.2360679774997898,5.0000000000000009,-0.805313348404463,59.117244524622748,34.414534537952612,trajectory reached the configured outer_limit radius
57,493,0.79194383195271656,-0.048499999999999988,fraction,250,0,outer_limit,nan,0,3.498874089847972,0.0080254990000000002,2.2360679774997898,5.0000000000000009,-0.80532420616146605,59.116580827334602,34.41503230951804,trajectory reached the configured outer_limit radius
57,494,0.79195101087354636,-0.048499999999999988,fraction,250,0,outer_limit,nan,0,3.4954755938834952,0.0089440330000000005,2.2360679774997898,5.0000000000000009,-0.80533504900928521,59.115917688805325,34.415528457441887,trajectory reached the configured outer_limit radius
57,495,0.79195818979437616,-0.048499999999999988,fraction,250,0,outer_limit,nan,0,3.4920955971066889,0.0070064819999999996,2.2360679774997898,5.0000000000000009,-0.8053458768999775,59.115255114233648,34.416022985609231,trajectory reached the configured outer_limit radius
57,496,0.79196536871520595,-0.048499999999999988,fraction,250,0,outer_limit,nan,0,3.4887338936581123,0.007770679,2.2360679774997898,5.0000000000000009,-0.80535668978680197,59.114593108718481,34.416515897888054,trajectory reached the configured outer_limit radius
57,497,0.79197254763603575,-0.048499999999999988,fraction,250,0,outer_limit,nan,0,3.4853902811999378,0.0079571639999999992,2.2360679774997902,5.0000000000000027,-0.80536748762418486,59.113931677261746,34.417007198129447,trajectory reached the configured outer_limit radius
57,498,0.79197972655686566,-0.048499999999999988,fraction,250,0,outer_limit,nan,0,3.482064560832169,0.0057028850000000004,2.2360679774997898,5.0000000000000009,-0.8053782703677056,59.113270824769479,34.417496890167911,trajectory reached the configured outer_limit radius
57,499,0.79198690547769546,-0.048499999999999988,fraction,250,0,outer_limit,nan,0,3.4787565370140898,0.007669141,2.2360679774997898,5.0000000000000009,-0.80538903797406902,59.112610556054143,34.417984977821526,trajectory reached the configured outer_limit radius
57,500,0.79199408439852526,-0.048499999999999988,fraction,250,0,outer_limit,nan,0,3.4754660174864704,0.0055627790000000003,2.2360679774997898,5.0000000000000009,-0.80539979040108722,59.111950875836357,34.418471464892356,trajectory reached the configured outer_limit radius
57,501,0.79200126331935505,-0.048499999999999988,fraction,250,0,outer_limit,nan,0,3.4721928131972661,0.008416181,2.2360679774997898,5.0000000000000009,-0.80541052760765264,59.111291788746932,34.418956355167516,trajectory reached the configured outer_limit radius
57,502,0.79200844224018485,-0.048499999999999988,fraction,250,0,outer_limit,nan,0,3.4689367382268346,0.0083244259999999994,2.2360679774997902,5.0000000000000027,-0.80542124955372052,59.110633299328185,34.419439652417715,trajectory reached the configured outer_limit radius
57,503,0.79201562116101465,-0.048499999999999988,fraction,250,0,outer_limit,nan,0,3.465697609719653,0.0081492330000000005,2.2360679774997898,5.0000000000000009,-0.80543195620028551,59.10997541203561,34.419921360398348,trajectory reached the configured outer_limit radius
57,504,0.79202280008184445,-0.048499999999999988,fraction,250,0,outer_limit,nan,0,3.462475247813849,0.0077762810000000003,2.2360679774997907,5.0000000000000044,-0.805442647509367,59.109318131240556,34.42040148285146,trajectory reached the configured outer_limit radius
57,505,0.79202997900267424,-0.048499999999999988,fraction,250,0,outer_limit,nan,0,3.4592694755752817,0.0077136160000000004,2.2360679774997911,5.0000000000000062,-0.8054533234439788,59.108661461230234,34.420880023502392,trajectory reached the configured outer_limit radius
57,506,0.79203715792350404,-0.048499999999999988,fraction,250,0,outer_limit,nan,0,3.4560801189327521,0.0077163680000000004,2.2360679774997898,5.0000000000000009,-0.80546398396812213,59.108005406210289,34.421356986062783,trajectory reached the configured outer_limit radius
57,507,0.79204433684433384,-0.048499999999999988,fraction,250,0,outer_limit,nan,0,3.4529070066142826,0.0072067609999999999,2.2360679774997898,5.0000000000000009,-0.80547462904675604,59.107349970307091,34.421832374230668,trajectory reached the configured outer_limit radius
57,508,0.79205151576516364,-0.048499999999999988,fraction,250,0,outer_limit,nan,0,3.4497499700862453,0.0071870700000000003,2.2360679774997898,5.0000000000000009,-0.80548525864578524,59.106695157567302,34.422306191688875,trajectory reached the configured outer_limit radius
57,509,0.79205869468599344,-0.048499999999999988,fraction,250,0,outer_limit,nan,0,3.4466088434944782,0.0075479090000000002,2.2360679774997898,5.0000000000000009,-0.80549587273204015,59.106040971960979,34.422778442106839,trajectory reached the configured outer_limit radius
58,492,0.79193665303188676,-0.032333333333333325,fraction,250,0,outer_limit,nan,0,3.4961394625030104,0.009230495,2.2360679774997898,5.0000000000000009,-0.8053161278660278,59.117037153965896,34.414558863557076,trajectory reached the configured outer_limit radius
58,493,0.79194383195271656,-0.032333333333333325,fraction,250,0,outer_limit,nan,0,3.4927200025939689,0.0077289519999999999,2.2360679774997898,5.0000000000000009,-0.80532697956946775,59.116373469314922,34.41505538073298,trajectory reached the configured outer_limit radius
58,494,0.79195101087354636,-0.032333333333333325,fraction,250,0,outer_limit,nan,0,3.4893192912378246,0.0076096660000000002,2.2360679774997898,5.0000000000000009,-0.80533781615670719,59.115710356035322,34.415550264597798,trajectory reached the configured outer_limit radius
58,495,0.79195818979437616,-0.032333333333333325,fraction,250,0,outer_limit,nan,0,3.4859371180993843,0.0076169879999999999,2.2360679774997898,5.0000000000000009,-0.805348637581496,59.11504781922892,34.416043519130518,trajectory reached the configured outer_limit radius
58,496,0.79196536871520595,-0.032333333333333325,fraction,250,0,outer_limit,nan,0,3.4825732764730519,0.0082015100000000004,2.2360679774997898,5.0000000000000009,-0.80535944379875746,59.114385863899287,34.416535148292006,trajectory reached the configured outer_limit radius
58,497,0.79197254763603575,-0.032333333333333325,fraction,250,0,outer_limit,nan,0,3.4792275631968264,0.0075525519999999997,2.2360679774997898,5.0000000000000009,-0.80537023476456748,59.113724494953608,34.417025156024309,trajectory reached the configured outer_limit radius
58,498,0.79197972655686566,-0.032333333333333325,fraction,250,0,outer_limit,nan,0,3.4758997785694898,0.0075308889999999998,2.2360679774997898,5.0000000000000009,-0.80538101043612564,59.113063717205549,34.417513546252806,trajectory reached the configured outer_limit radius
58,499,0.79198690547769546,-0.032333333333333325,fraction,250,0,outer_limit,nan,0,3.4725897262707268,0.0078228819999999998,2.2360679774997898,5.0000000000000009,-0.80539177077173463,59.112403535375904,34.418000322884104,trajectory reached the configured outer_limit radius
58,500,0.79199408439852526,-0.032333333333333325,fraction,250,0,outer_limit,nan,0,3.4692972132824713,0.0079282310000000009,2.2360679774997898,5.0000000000000009,-0.8054025157307817,59.111743954094919,34.418485489807402,trajectory reached the configured outer_limit radius
58,501,0.79200126331935505,-0.032333333333333325,fraction,250,0,outer_limit,nan,0,3.4660220498135819,0.00705728,2.2360679774997898,5.0000000000000009,-0.80541324527371749,59.111084977903737,34.418969050895697,trajectory reached the configured outer_limit radius
58,502,0.79200844224018485,-0.032333333333333325,fraction,250,0,outer_limit,nan,0,3.4627640492262395,0.0085742049999999997,2.2360679774997898,5.0000000000000009,-0.80542395936203015,59.110426611257012,34.419451010004899,trajectory reached the configured outer_limit radius
58,503,0.79201562116101465,-0.032333333333333325,fraction,250,0,outer_limit,nan,0,3.4595230279644702,0.0077308569999999998,2.2360679774997898,5.0000000000000009,-0.80543465795822744,59.109768858523722,34.419931370974645,trajectory reached the configured outer_limit radius
58,504,0.79202280008184445,-0.032333333333333325,fraction,250,0,outer_limit,nan,0,3.4562988054851833,0.006329187,2.2360679774997898,5.0000000000000009,-0.80544534102582144,59.109111723988917,34.420410137628494,trajectory reached the configured outer_limit radius
58,505,0.79202997900267424,-0.032333333333333325,fraction,250,0,outer_limit,nan,0,3.4530912041899016,0.0076174240000000002,2.2360679774997898,5.0000000000000009,-0.80545600852929988,59.108455211855556,34.420887313773676,trajectory reached the configured outer_limit radius
58,506,0.79203715792350404,-0.032333333333333325,fraction,250,0,outer_limit,nan,0,3.4499000493609531,0.0081332739999999994,2.2360679774997898,5.0000000000000009,-0.80546666043411408,59.107799326246372,34.421362903202379,trajectory reached the configured outer_limit radius
58,507,0.79204433684433384,-0.032333333333333325,fraction,250,0,outer_limit,nan,0,3.446725169096525,0.0086653900000000002,2.2360679774997898,5.0000000000000009,-0.80547729670666268,59.107144071204118,34.421836909690761,trajectory reached the configured outer_limit radius
58,508,0.79205151576516364,-0.032333333333333325,fraction,250,0,outer_limit,nan,0,3.4435663942492907,0.007887748,2.2360679774997898,5.0000000000000009,-0.80548791731426272,59.106489450695136,34.42230933700084,trajectory reached the configured outer_limit radius
58,509,0.79205869468599344,-0.032333333333333325,fraction,250,0,outer_limit,nan,0,3.4404235583669318,0.0077214400000000004,2.2360679774997898,5.0000000000000009,-0.80549852222514029,59.105835468608703,34.42278018887778,trajectory reached the configured outer_limit radius
59,492,0.79193665303188676,-0.016166666666666663,fraction,250,0,outer_limit,nan,0,3.4900969504590171,0.0071865499999999999,2.2360679774997898,5.0000000000000009,-0.80531855355790438,59.116851305748952,34.414566691240005,trajectory reached the configured outer_limit radius
59,493,0.79194383195271656,-0.016166666666666663,fraction,250,0,outer_limit,nan,0,3.4866753007385927,0.0080270600000000008,2.2360679774997911,5.0000000000000062,-0.80532939745544618,59.116187751621929,34.415061902342757,trajectory reached the configured outer_limit radius
59,494,0.79195101087354636,-0.016166666666666663,fraction,250,0,outer_limit,nan,0,3.4832724384010794,0.0079266879999999994,2.2360679774997898,5.0000000000000009,-0.80534022603879307,59.115524780995642,34.415555471059932,trajectory reached the configured outer_limit radius
59,495,0.79195818979437616,-0.016166666666666663,fraction,250,0,outer_limit,nan,0,3.4798881522634826,0.0073555570000000004,2.2360679774997902,5.0000000000000027,-0.80535103926334395,59.114862398877563,34.416047401461469,trajectory reached the configured outer_limit radius
59,496,0.79196536871520595,-0.016166666666666663,fraction,250,0,outer_limit,nan,0,3.4765222347956226,0.0086778089999999999,2.2360679774997898,5.0000000000000009,-0.80536183708564868,59.114200610177321,34.416537697596937,trajectory reached the configured outer_limit radius
59,497,0.79197254763603575,-0.016166666666666663,fraction,250,0,outer_limit,nan,0,3.4731744820329897,0.0071629529999999997,2.2360679774997898,5.0000000000000009,-0.80537261946338434,59.113539419710214,34.417026363497136,trajectory reached the configured outer_limit radius
59,498,0.79197972655686566,-0.016166666666666663,fraction,250,0,outer_limit,nan,0,3.469844693494661,0.0082901669999999993,2.2360679774997898,5.0000000000000009,-0.80538338635533191,59.112878832198398,34.417513403172556,trajectory reached the configured outer_limit radius
59,499,0.79198690547769546,-0.016166666666666663,fraction,250,0,outer_limit,nan,0,3.4665326721007674,0.0069791430000000002,2.2360679774997898,5.0000000000000009,-0.8053941377213506,59.112218852273102,34.417998820615274,trajectory reached the configured outer_limit radius
59,500,0.79199408439852526,-0.016166666666666663,fraction,250,0,outer_limit,nan,0,3.4632382240940727,0.0060849010000000002,2.2360679774997898,5.0000000000000009,-0.80540487352236623,59.111559484475968,34.418482619799114,trajectory reached the configured outer_limit radius
59,501,0.79200126331935505,-0.016166666666666663,fraction,250,0,outer_limit,nan,0,3.4599611589645711,0.0085607259999999994,2.2360679774997898,5.0000000000000009,-0.80541559372034166,59.110900733261126,34.41896480467949,trajectory reached the configured outer_limit radius
59,502,0.79200844224018485,-0.016166666666666663,fraction,250,0,outer_limit,nan,0,3.4567012893743385,0.0074318259999999999,2.2360679774997898,5.0000000000000009,-0.80542629827826107,59.110242602996692,34.419445379193846,trajectory reached the configured outer_limit radius
59,503,0.79201562116101465,-0.016166666666666663,fraction,250,0,outer_limit,nan,0,3.453458431085846,0.0085872339999999991,2.2360679774997898,5.0000000000000009,-0.80543698716010537,59.109585097966793,34.419924347261912,trajectory reached the configured outer_limit radius
59,504,0.79202280008184445,-0.016166666666666663,fraction,250,0,outer_limit,nan,0,3.4502324028918099,0.0076399090000000003,2.2360679774997898,5.0000000000000009,-0.80544766033083881,59.108928222372541,34.420401712786628,trajectory reached the configured outer_limit radius
59,505,0.79202997900267424,-0.016166666666666663,fraction,250,0,outer_limit,nan,0,3.4470230265484059,0.0085785040000000007,2.2360679774997902,5.0000000000000027,-0.80545831775638765,59.108271980334308,34.420877479653534,trajectory reached the configured outer_limit radius
59,506,0.79203715792350404,-0.016166666666666663,fraction,250,0,outer_limit,nan,0,3.4438301267075184,0.0076978680000000001,2.2360679774997898,5.0000000000000009,-0.80546895940361629,59.107616375892476,34.421351651731257,trajectory reached the configured outer_limit radius
59,507,0.79204433684433384,-0.016166666666666663,fraction,250,0,outer_limit,nan,0,3.4406535308542043,0.0077890210000000001,2.2360679774997898,5.0000000000000009,-0.80547958524031948,59.10696141300987,34.421824232872581,trajectory reached the configured outer_limit radius
59,508,0.79205151576516364,-0.016166666666666663,fraction,250,0,outer_limit,nan,0,3.4374930692435717,0.0066048230000000001,2.2360679774997898,5.0000000000000009,-0.80549019523519272,59.106307095572674,34.422295226912908,trajectory reached the configured outer_limit radius
59,509,0.79205869468599344,-0.016166666666666663,fraction,250,0,outer_limit,nan,0,3.4343485748409415,0.0069538159999999998,2.2360679774997898,5.0000000000000009,-0.80550078935782521,59.105653427391829,34.422764637673204,trajectory reached the configured outer_limit radius
60,492,0.79193665303188676,0,fraction,250,0,outer_limit,nan,0,3.484161170195291,0.0073871939999999997,2.2360679774997898,5.0000000000000009,-0.80532062750748268,59.116686874726717,34.414558164813258,trajectory reached the configured outer_limit radius
60,493,0.79194383195271656,0,fraction,250,0,outer_limit,nan,0,3.4807373936918258,0.0067441000000000003,2.2360679774997898,5.0000000000000009,-0.80533146186856597,59.116023567742872,34.415052019340024,trajectory reached the configured outer_limit radius
60,494,0.79195101087354636,0,fraction,250,0,outer_limit,nan,0,3.477332442368843,0.005390527,2.2360679774997898,5.0000000000000009,-0.8053422807264774,59.115360855906559,34.415544223000381,trajectory reached the configured outer_limit radius
60,495,0.79195818979437616,0,fraction,250,0,outer_limit,nan,0,3.4739461042175841,0.006795064,2.2360679774997898,5.0000000000000009,-0.8053530840382207,59.114698744131857,34.416034779950806,trajectory reached the configured outer_limit radius
60,496,0.79196536871520595,0,fraction,250,0,outer_limit,nan,0,3.4705781709046959,0.0067207300000000003,2.2360679774997898,5.0000000000000009,-0.80536387176193081,59.114037237236765,34.416523694326415,trajectory reached the configured outer_limit radius
60,497,0.79197254763603575,0,fraction,250,0,outer_limit,nan,0,3.4672284376837803,0.0064587799999999999,2.2360679774997902,5.0000000000000027,-0.80537464385684376,59.113376339946321,34.41701097024179,trajectory reached the configured outer_limit radius
60,498,0.79197972655686566,0,fraction,250,0,outer_limit,nan,0,3.463896703314183,0.0075910630000000003,2.2360679774997898,5.0000000000000009,-0.80538540028327821,59.112716056893603,34.417496611790817,trajectory reached the configured outer_limit radius
60,499,0.79198690547769546,0,fraction,250,0,outer_limit,nan,0,3.4605827699762881,0.0067821280000000001,2.2360679774997898,5.0000000000000009,-0.80539614100261181,59.112056392621916,34.417980623047065,trajectory reached the configured outer_limit radius
60,500,0.79199408439852526,0,fraction,250,0,outer_limit,nan,0,3.4572864431937864,0.0073525320000000002,2.2360679774997898,5.0000000000000009,-0.80540686597726541,59.111397351586227,34.418463008065075,trajectory reached the configured outer_limit radius
60,501,0.79200126331935505,0,fraction,250,0,outer_limit,nan,0,3.4540075317554808,0.0052961120000000004,2.2360679774997911,5.0000000000000062,-0.80541757517067636,59.110738938155407,34.418943770879395,trajectory reached the configured outer_limit radius
60,502,0.79200844224018485,0,fraction,250,0,outer_limit,nan,0,3.4507458476417616,0.0083032880000000007,2.2360679774997898,5.0000000000000009,-0.80542826854728,59.110081156612736,34.419422915504931,trajectory reached the configured outer_limit radius
60,503,0.79201562116101465,0,fraction,250,0,outer_limit,nan,0,3.4475012059515953,0.0076217079999999996,2.2360679774997898,5.0000000000000009,-0.80543894607249689,59.109424011159653,34.41990044593976,trajectory reached the configured outer_limit radius
60,504,0.79202280008184445,0,fraction,250,0,outer_limit,nan,0,3.4442734248314402,0.0059328590000000004,2.2360679774997898,5.0000000000000009,-0.80544960771270335,59.10876750591494,34.420376366161733,trajectory reached the configured outer_limit radius
60,505,0.79202997900267424,0,fraction,250,0,outer_limit,nan,0,3.4410623254072656,0.0075379009999999996,2.2360679774997898,5.0000000000000009,-0.8054602534352211,59.10811164491772,34.420850680131117,trajectory reached the configured outer_limit radius
60,506,0.79203715792350404,0,fraction,250,0,outer_limit,nan,0,3.4378677317182209,0.0072106619999999996,2.2360679774997898,5.0000000000000009,-0.80547088320829363,59.107456432128998,34.421323391791091,trajectory reached the configured outer_limit radius
60,507,0.79204433684433384,0,fraction,250,0,outer_limit,nan,0,3.4346894706519313,0.0078567399999999992,2.2360679774997898,5.0000000000000009,-0.80548149700107108,59.106801871432296,34.421794505066309,trajectory reached the configured outer_limit radius
60,508,0.79205151576516364,0,fraction,250,0,outer_limit,nan,0,3.4315273718820785,0.0077232400000000001,2.2360679774997898,5.0000000000000009,-0.80549209478359218,59.106147966636094,34.422264023864422,trajectory reached the configured outer_limit radius
60,509,0.79205869468599344,0,fraction,250,0,outer_limit,nan,0,3.4283812678060475,0.0066332159999999999,2.2360679774997898,5.0000000000000009,-0.80550267652676966,59.105494721473988,34.422731952076283,trajectory reached the configured outer_limit radius
61,492,0.79193665303188676,0.016166666666666663,fraction,250,0,outer_limit,nan,0,3.4783296695335495,0.0064318550000000002,2.2360679774997898,5.0000000000000009,-0.80532235145593267,59.116543772022652,34.41453341196582,trajectory reached the configured outer_limit radius
61,493,0.79194383195271656,0.016166666666666663,fraction,250,0,outer_limit,nan,0,3.4749038269584092,0.006366956,2.2360679774997898,5.0000000000000009,-0.80533317456974163,59.115880827660114,34.415025860505132,trajectory reached the configured outer_limit radius
61,494,0.79195101087354636,0.016166666666666663,fraction,250,0,outer_limit,nan,0,3.4714968463651954,0.0085775839999999992,2.2360679774997898,5.0000000000000009,-0.80534398200041624,59.115218489607649,34.415516650288083,trajectory reached the configured outer_limit radius
61,495,0.79195818979437616,0.016166666666666663,fraction,250,0,outer_limit,nan,0,3.4681085149403788,0.0085964070000000004,2.2360679774997898,5.0000000000000009,-0.80535477370652597,59.114556762688039,34.416005785554297,trajectory reached the configured outer_limit radius
61,496,0.79196536871520595,0.016166666666666663,fraction,250,0,outer_limit,nan,0,3.4647386235677091,0.0080304150000000008,2.2360679774997898,5.0000000000000009,-0.80536554964774365,59.11389565163023,34.416493270521379,trajectory reached the configured outer_limit radius
61,497,0.79197254763603575,0.016166666666666663,fraction,250,0,outer_limit,nan,0,3.4613869667401636,0.0075123359999999997,2.2360679774997898,5.0000000000000009,-0.80537630978482411,59.113235161070399,34.416979109383654,trajectory reached the configured outer_limit radius
61,498,0.79197972655686566,0.016166666666666663,fraction,250,0,outer_limit,nan,0,3.45805334247606,0.0080895800000000007,2.2360679774997898,5.0000000000000009,-0.80538705407958222,59.112575295554599,34.41746330631473,trajectory reached the configured outer_limit radius
61,499,0.79198690547769546,0.016166666666666663,fraction,250,0,outer_limit,nan,0,3.4547375522357551,0.0074119479999999998,2.2360679774997898,5.0000000000000009,-0.80539778249487093,59.111916059540107,34.417945865466336,trajectory reached the configured outer_limit radius
61,500,0.79199408439852526,0.016166666666666663,fraction,250,0,outer_limit,nan,0,3.4514394008407678,0.0071927969999999999,2.2360679774997898,5.0000000000000009,-0.80540849499456368,59.111257457397286,34.418426790969754,trajectory reached the configured outer_limit radius
61,501,0.79200126331935505,0.016166666666666663,fraction,250,0,outer_limit,nan,0,3.4481586963988198,0.00737376,2.2360679774997898,5.0000000000000009,-0.80541919154353259,59.110599493411229,34.418906086935479,trajectory reached the configured outer_limit radius
61,502,0.79200844224018485,0.016166666666666663,fraction,250,0,outer_limit,nan,0,3.444895250225203,0.0076902450000000001,2.2360679774997898,5.0000000000000009,-0.80542987210762784,59.109942171783175,34.419383757453424,trajectory reached the configured outer_limit radius
61,503,0.79201562116101465,0.016166666666666663,fraction,250,0,outer_limit,nan,0,3.4416488767725322,0.007767225,2.2360679774997898,5.0000000000000009,-0.80544053665366566,59.109285496632452,34.419859806595007,trajectory reached the configured outer_limit radius
61,504,0.79202280008184445,0.016166666666666663,fraction,250,0,outer_limit,nan,0,3.4384193935573593,0.0074106019999999996,2.2360679774997898,5.0000000000000009,-0.80545118514939607,59.1086294719981,34.420334238410803,trajectory reached the configured outer_limit radius
61,505,0.79202997900267424,0.016166666666666663,fraction,250,0,outer_limit,nan,0,3.4352066210926022,0.007248633,2.2360679774997898,5.0000000000000009,-0.805461817563497,59.107974101839929,34.420807056932475,trajectory reached the configured outer_limit radius
61,506,0.79203715792350404,0.016166666666666663,fraction,250,0,outer_limit,nan,0,3.4320103828202329,0.0072843480000000004,2.2360679774997898,5.0000000000000009,-0.80547243386555256,59.10731939004058,34.4212782661738,trajectory reached the configured outer_limit radius
61,507,0.79204433684433384,0.016166666666666663,fraction,250,0,outer_limit,nan,0,3.4288305050459726,0.0074434050000000002,2.2360679774997902,5.0000000000000027,-0.80548303402603305,59.106665340406764,34.421747870128911,trajectory reached the configured outer_limit radius
61,508,0.79205151576516364,0.016166666666666663,fraction,250,0,outer_limit,nan,0,3.4256668168762348,0.0080699369999999992,2.2360679774997898,5.0000000000000009,-0.80549361801627983,59.106011956670343,34.422215872774132,trajectory reached the configured outer_limit radius
61,509,0.79205869468599344,0.016166666666666663,fraction,250,0,outer_limit,nan,0,3.4225191501563783,0.0080302959999999993,2.2360679774997898,5.0000000000000009,-0.80550418580849004,59.105359242490401,34.422682278067569,trajectory reached the configured outer_limit radius
62,492,0.79193665303188676,0.032333333333333325,fraction,250,0,outer_limit,nan,0,3.4726001257080776,0.0090331040000000001,2.2360679774997898,5.0000000000000009,-0.80532372685998466,59.116421925064962,34.414492544463883,trajectory reached the configured outer_limit radius
62,493,0.79194383195271656,0.032333333333333325,fraction,250,0,outer_limit,nan,0,3.4691722755822894,0.0072839619999999997,2.2360679774997898,5.0000000000000009,-0.80533453703345748,59.115759457782737,34.414983538607395,trajectory reached the configured outer_limit radius
62,494,0.79195101087354636,0.032333333333333325,fraction,250,0,outer_limit,nan,0,3.4657633232778537,0.009033569,2.2360679774997898,5.0000000000000009,-0.80534533135285413,59.115097607488224,34.415472866694714,trajectory reached the configured outer_limit radius
62,495,0.79195818979437616,0.032333333333333325,fraction,250,0,outer_limit,nan,0,3.4623730551972383,0.0069198649999999999,2.2360679774997898,5.0000000000000009,-0.80535610977826355,59.114436378915201,34.415960533044405,trajectory reached the configured outer_limit radius
62,496,0.79196536871520595,0.032333333333333325,fraction,250,0,outer_limit,nan,0,3.4590012614614207,0.0083816259999999997,2.2360679774997898,5.0000000000000009,-0.80536687227085557,59.113775776705076,34.41644654195273,trajectory reached the configured outer_limit radius
62,497,0.79197254763603575,0.032333333333333325,fraction,250,0,outer_limit,nan,0,3.4556477358214561,0.0075572030000000002,2.2360679774997898,5.0000000000000009,-0.80537761879285785,59.113115805407872,34.41693089769123,trajectory reached the configured outer_limit radius
62,498,0.79197972655686566,0.032333333333333325,fraction,250,0,outer_limit,nan,0,3.4523122755737261,0.0049955900000000003,2.2360679774997898,5.0000000000000009,-0.805388349307541,59.11245646948403,34.417413604508511,trajectory reached the configured outer_limit radius
62,499,0.79198690547769546,0.032333333333333325,fraction,250,0,outer_limit,nan,0,3.4489946814768864,0.0073607400000000002,2.2360679774997898,5.0000000000000009,-0.80539906377919213,59.111797773306982,34.417894666631497,trajectory reached the configured outer_limit radius
62,500,0.79199408439852526,0.032333333333333325,fraction,250,0,outer_limit,nan,0,3.4456947576696204,0.0073905079999999996,2.2360679774997898,5.0000000000000009,-0.8054097621730979,59.111139721164051,34.418374088264819,trajectory reached the configured outer_limit radius
62,501,0.79200126331935505,0.032333333333333325,fraction,250,0,outer_limit,nan,0,3.4424123115935137,0.0073421679999999996,2.2360679774997911,5.0000000000000062,-0.80542044445552041,59.110482317258928,34.418851873590981,trajectory reached the configured outer_limit radius
62,502,0.79200844224018485,0.032333333333333325,fraction,250,0,outer_limit,nan,0,3.4391471539181246,0.010097342,2.2360679774997898,5.0000000000000009,-0.80543111059368755,59.109825565711795,34.419328026772149,trajectory reached the configured outer_limit radius
62,503,0.79201562116101465,0.032333333333333325,fraction,250,0,outer_limit,nan,0,3.4358990984647764,0.0076500869999999999,2.2360679774997898,5.0000000000000009,-0.80544176055576677,59.109169470562875,34.419802551949147,trajectory reached the configured outer_limit radius
62,504,0.79202280008184445,0.032333333333333325,fraction,250,0,outer_limit,nan,0,3.432667962136926,0.0092907519999999993,2.2360679774997907,5.0000000000000044,-0.80545239431084492,59.108514035772721,34.420275453241963,trajectory reached the configured outer_limit radius
62,505,0.79202997900267424,0.032333333333333325,fraction,250,0,outer_limit,nan,0,3.4294535648501179,0.010284665,2.2360679774997911,5.0000000000000062,-0.80546301182891944,59.10785926522373,34.420746734751305,trajectory reached the configured outer_limit radius
62,506,0.79203715792350404,0.032333333333333325,fraction,250,0,outer_limit,nan,0,3.4262557294641129,0.0079226980000000006,2.2360679774997898,5.0000000000000009,-0.80547361308087229,59.107205162721854,34.421216400557149,trajectory reached the configured outer_limit radius
62,507,0.79204433684433384,0.032333333333333325,fraction,250,0,outer_limit,nan,0,3.4230742817178355,0.0073344930000000001,2.2360679774997898,5.0000000000000009,-0.80548419803845761,59.106551731998834,34.421684454720534,trajectory reached the configured outer_limit radius
62,508,0.79205151576516364,0.032333333333333325,fraction,250,0,outer_limit,nan,0,3.4199090501651246,0.011165323,2.2360679774997898,5.0000000000000009,-0.80549476667428133,59.105898976712162,34.422150901283217,trajectory reached the configured outer_limit radius
62,509,0.79205869468599344,0.032333333333333325,fraction,250,0,outer_limit,nan,0,3.4167598661135599,0.0070597949999999998,2.2360679774997898,5.0000000000000009,-0.80550531896178867,59.105246900447355,34.422615744267716,trajectory reached the configured outer_limit radius
63,492,0.79193665303188676,0.048499999999999988,fraction,250,0,outer_limit,nan,0,3.4669703393935545,0.0081199870000000004,2.2360679774997898,5.0000000000000009,-0.80532475489271171,59.116321277576795,34.41443565829141,trajectory reached the configured outer_limit radius
63,493,0.79194383195271656,0.048499999999999988,fraction,250,0,outer_limit,nan,0,3.4635405381664919,0.007815252,2.2360679774997898,5.0000000000000009,-0.80533555044857963,59.115659400936586,34.414925150549116,trajectory reached the configured outer_limit radius
63,494,0.79195101087354636,0.048499999999999988,fraction,250,0,outer_limit,nan,0,3.4601296696715043,0.0075290599999999997,2.2360679774997902,5.0000000000000027,-0.80534632998845623,59.114998151476001,34.415412970039092,trajectory reached the configured outer_limit radius
63,495,0.79195818979437616,0.048499999999999988,fraction,250,0,outer_limit,nan,0,3.4567375195453089,0.0084293979999999994,2.2360679774997898,5.0000000000000009,-0.80535709347390594,59.114337533841798,34.415899121156428,trajectory reached the configured outer_limit radius
63,496,0.79196536871520595,0.048499999999999988,fraction,250,0,outer_limit,nan,0,3.4533638771664217,0.0074860860000000003,2.2360679774997902,5.0000000000000027,-0.80536784086755087,59.11367755258982,34.416383608270891,trajectory reached the configured outer_limit radius
63,497,0.79197254763603575,0.048499999999999988,fraction,250,0,outer_limit,nan,0,3.4500085355627639,0.0082527320000000005,2.2360679774997898,5.0000000000000009,-0.80537857213305319,59.113018212185324,34.416866435727584,trajectory reached the configured outer_limit radius
63,498,0.79197972655686566,0.048499999999999988,fraction,250,0,outer_limit,nan,0,3.4466712913272328,0.0082035249999999997,2.2360679774997898,5.0000000000000009,-0.80538928723509251,59.112359517006055,34.417347607847645,trajectory reached the configured outer_limit radius
63,499,0.79198690547769546,0.048499999999999988,fraction,250,0,outer_limit,nan,0,3.443351944533767,0.010344017,2.2360679774997898,5.0000000000000009,-0.80539998613934782,59.11170147134316,34.417827128929346,trajectory reached the configured outer_limit radius
63,500,0.79199408439852526,0.048499999999999988,fraction,250,0,outer_limit,nan,0,3.4400502986557369,0.0072621220000000002,2.2360679774997898,5.0000000000000009,-0.80541066881247514,59.111044079403229,34.418305003246743,trajectory reached the configured outer_limit radius
63,501,0.79200126331935505,0.048499999999999988,fraction,250,0,outer_limit,nan,0,3.4367661604867847,0.0081141000000000008,2.2360679774997898,5.0000000000000009,-0.80542133522209325,59.110387345309739,34.418781235052109,trajectory reached the configured outer_limit radius
63,502,0.79200844224018485,0.048499999999999988,fraction,250,0,outer_limit,nan,0,3.4334993400647749,0.0071439320000000004,2.2360679774997902,5.0000000000000027,-0.80543198533676041,59.109731273104558,34.419255828574755,trajectory reached the configured outer_limit radius
63,503,0.79201562116101465,0.048499999999999988,fraction,250,0,outer_limit,nan,0,3.4302496505976907,0.0073984239999999998,2.2360679774997898,5.0000000000000009,-0.80544261912595705,59.109075866750004,34.419728788022326,trajectory reached the configured outer_limit radius
63,504,0.79202280008184445,0.048499999999999988,fraction,250,0,outer_limit,nan,0,3.4270169083907231,0.0079355989999999998,2.2360679774997898,5.0000000000000009,-0.80545323656006873,59.108421130130132,34.4202001175818,trajectory reached the configured outer_limit radius
63,505,0.79202997900267424,0.048499999999999988,fraction,250,0,outer_limit,nan,0,3.4238009327774357,0.0085253159999999998,2.2360679774997898,5.0000000000000009,-0.8054638376103721,59.107767067051377,34.420669821417597,trajectory reached the configured outer_limit radius
63,506,0.79203715792350404,0.048499999999999988,fraction,250,0,outer_limit,nan,0,3.420601546050094,0.0085251719999999993,2.2360679774997898,5.0000000000000009,-0.80547442224900712,59.107113681246226,34.421137903674854,trajectory reached the configured outer_limit radius
63,507,0.79204433684433384,0.048499999999999988,fraction,250,0,outer_limit,nan,0,3.4174185733953872,0.0076749059999999996,2.2360679774997898,5.0000000000000009,-0.80548499044897215,59.106460976371757,34.421604368477034,trajectory reached the configured outer_limit radius
63,508,0.79205151576516364,0.048499999999999988,fraction,250,0,outer_limit,nan,0,3.4142518428285475,0.0077866130000000004,2.2360679774997898,5.0000000000000009,-0.80549554218410202,59.105808956013547,34.422069219928602,trajectory reached the configured outer_limit radius
63,509,0.79205869468599344,0.048499999999999988,fraction,250,0,outer_limit,nan,0,3.4111011851327753,0.0074549719999999998,2.2360679774997898,5.0000000000000009,-0.80550607742904967,59.105157623685159,34.422532462112734,trajectory reached the configured outer_limit radius
64,492,0.79193665303188676,0.06466666666666665,fraction,250,0,outer_limit,nan,0,3.4614382292655654,0.0086899669999999998,2.2360679774997898,5.0000000000000009,-0.80532543644328025,59.116241789626748,34.414362833734188,trajectory reached the configured outer_limit radius
64,493,0.79194383195271656,0.06466666666666665,fraction,250,0,outer_limit,nan,0,3.4580065314276673,0.0072075359999999996,2.2360679774997898,5.0000000000000009,-0.80533621571813119,59.115580616413062,34.414850777449431,trajectory reached the configured outer_limit radius
64,494,0.79195101087354636,0.06466666666666665,fraction,250,0,outer_limit,nan,0,3.4545938003331056,0.0072114730000000004,2.2360679774997898,5.0000000000000009,-0.8053469788241141,59.114920080083849,34.415337042274359,trajectory reached the configured outer_limit radius
64,495,0.79195818979437616,0.06466666666666665,fraction,250,0,outer_limit,nan,0,3.4511998208740713,0.0071819630000000004,2.2360679774997898,5.0000000000000009,-0.80535772572422459,59.114260185201076,34.415821632675375,trajectory reached the configured outer_limit radius
64,496,0.79196536871520595,0.06466666666666665,fraction,250,0,outer_limit,nan,0,3.4478243817026781,0.0076467159999999996,2.2360679774997898,5.0000000000000009,-0.80536845638249088,59.113600936237063,34.416304553093077,trajectory reached the configured outer_limit radius
64,497,0.79197254763603575,0.06466666666666665,fraction,250,0,outer_limit,nan,0,3.4444672751433587,0.0075779590000000004,2.2360679774997898,5.0000000000000009,-0.80537917076396881,59.112942337574282,34.416785807942148,trajectory reached the configured outer_limit radius
64,498,0.79197972655686566,0.06466666666666665,fraction,250,0,outer_limit,nan,0,3.4411282971032211,0.0074323159999999996,2.2360679774997898,5.0000000000000009,-0.8053898688347052,59.112284393509377,34.417265401612752,trajectory reached the configured outer_limit radius
64,499,0.79198690547769546,0.06466666666666665,fraction,250,0,outer_limit,nan,0,3.4378072469887289,0.0071400049999999996,2.2360679774997898,5.0000000000000009,-0.80540055056172632,59.111627108253572,34.417743338470103,trajectory reached the configured outer_limit radius
64,500,0.79199408439852526,0.06466666666666665,fraction,250,0,outer_limit,nan,0,3.4345039276240326,0.0063296919999999996,2.2360679774997898,5.0000000000000009,-0.80541121591302078,59.110970485934004,34.418219622854963,trajectory reached the configured outer_limit radius
64,501,0.79200126331935505,0.06466666666666665,fraction,250,0,outer_limit,nan,0,3.4312181451714312,0.007788176,2.2360679774997898,5.0000000000000009,-0.80542186485751543,59.11031453059671,34.418694259085498,trajectory reached the configured outer_limit radius
64,502,0.79200844224018485,0.06466666666666665,fraction,250,0,outer_limit,nan,0,3.4279497090540199,0.0075987049999999999,2.2360679774997898,5.0000000000000009,-0.8054324973650614,59.109659246206874,34.419167251455633,trajectory reached the configured outer_limit radius
64,503,0.79201562116101465,0.06466666666666665,fraction,250,0,outer_limit,nan,0,3.4246984318805618,0.0073093990000000003,2.2360679774997898,5.0000000000000009,-0.80544311340641361,59.109004636650724,34.419638604236276,trajectory reached the configured outer_limit radius
64,504,0.79202280008184445,0.06466666666666665,fraction,250,0,outer_limit,nan,0,3.4214641293739887,0.0071660839999999996,2.2360679774997898,5.0000000000000009,-0.80545371295321522,59.108350705737607,34.420108321677269,trajectory reached the configured outer_limit radius
64,505,0.79202997900267424,0.06466666666666665,fraction,250,0,outer_limit,nan,0,3.418246620299692,0.0079486939999999992,2.2360679774997898,5.0000000000000009,-0.80546429597797697,59.107697457200899,34.420576408005005,trajectory reached the configured outer_limit radius
64,506,0.79203715792350404,0.06466666666666665,fraction,250,0,outer_limit,nan,0,3.4150457263975666,0.0077061819999999998,2.2360679774997898,5.0000000000000009,-0.80547486245406608,59.107044894699243,34.42104286742444,trajectory reached the configured outer_limit radius
64,507,0.79204433684433384,0.06466666666666665,fraction,250,0,outer_limit,nan,0,3.4118612723157495,0.0073765080000000004,2.2360679774997898,5.0000000000000009,-0.80548541235568383,59.106393021818917,34.42150770412016,trajectory reached the configured outer_limit radius
64,508,0.79205151576516364,0.06466666666666665,fraction,250,0,outer_limit,nan,0,3.4086930855445501,0.0073113420000000002,2.2360679774997907,5.0000000000000044,-0.80549594565785154,59.105741842074345,34.421970922254538,trajectory reached the configured outer_limit radius
64,509,0.79205869468599344,0.06466666666666665,fraction,250,0,outer_limit,nan,0,3.4055409963561143,0.0075396209999999998,2.2360679774997898,5.0000000000000009,-0.80550646233640011,59.105091358909057,34.422432525970038,trajectory reached the configured outer_limit radius
65,492,0.79193665303188676,0.080833333333333313,fraction,250,0,outer_limit,nan,0,3.4560018270651529,0.0077349899999999997,2.2360679774997898,5.0000000000000009,-0.80532577211568623,59.116183437735742,34.414274135400795,trajectory reached the configured outer_limit radius
65,493,0.79194383195271656,0.080833333333333313,fraction,250,0,outer_limit,nan,0,3.4525682852515911,0.0078823139999999996,2.2360679774997898,5.0000000000000009,-0.80533653345803791,59.115523080076358,34.414760484670659,trajectory reached the configured outer_limit radius
65,494,0.79195101087354636,0.080833333333333313,fraction,250,0,outer_limit,nan,0,3.4491537433232482,0.0076869160000000002,2.2360679774997898,5.0000000000000009,-0.80534727848770149,59.114863368517469,34.415245149514156,trajectory reached the configured outer_limit radius
65,495,0.79195818979437616,0.080833333333333313,fraction,250,0,outer_limit,nan,0,3.4457579854451259,0.007546667,2.2360679774997898,5.0000000000000009,-0.80535800716905381,59.114204307538671,34.415728134466207,trajectory reached the configured outer_limit radius
65,496,0.79196536871520595,0.080833333333333313,fraction,250,0,outer_limit,nan,0,3.4423807995635913,0.0070693190000000001,2.2360679774997898,5.0000000000000009,-0.805368719467496,59.113545901530173,34.416209444034514,trajectory reached the configured outer_limit radius
65,497,0.79197254763603575,0.080833333333333313,fraction,250,0,outer_limit,nan,0,3.4390219773148698,0.0071140999999999999,2.2360679774997898,5.0000000000000009,-0.80537941534942148,59.112888154794902,34.416689082700458,trajectory reached the configured outer_limit radius
65,498,0.79197972655686566,0.080833333333333313,fraction,250,0,outer_limit,nan,0,3.4356813139375673,0.0078735330000000003,2.2360679774997898,5.0000000000000009,-0.80539009478220547,59.112231071549957,34.417167054918934,trajectory reached the configured outer_limit radius
65,499,0.79198690547769546,0.080833333333333313,fraction,250,0,outer_limit,nan,0,3.4323586081881627,0.0075784290000000002,2.2360679774997898,5.0000000000000009,-0.80540075773418118,59.111574655928173,34.417643365118877,trajectory reached the configured outer_limit radius
65,500,0.79199408439852526,0.080833333333333313,fraction,250,0,outer_limit,nan,0,3.4290536622583874,0.0059686879999999998,2.2360679774997898,5.0000000000000009,-0.80541140417462498,59.110918911980022,34.418118017704778,trajectory reached the configured outer_limit radius
65,501,0.79200126331935505,0.080833333333333313,fraction,250,0,outer_limit,nan,0,3.4257662816933498,0.006888946,2.2360679774997898,5.0000000000000009,-0.80542203407373236,59.110263843675376,34.418591017056038,trajectory reached the configured outer_limit radius
65,502,0.79200844224018485,0.080833333333333313,fraction,250,0,outer_limit,nan,0,3.422496275317596,0.0078681319999999999,2.2360679774997898,5.0000000000000009,-0.80543264740260601,59.10960945490455,34.419062367528234,trajectory reached the configured outer_limit radius
65,503,0.79201562116101465,0.080833333333333313,fraction,250,0,outer_limit,nan,0,3.4192434551560571,0.006021935,2.2360679774997898,5.0000000000000009,-0.80544324413323354,59.108955749480039,34.419532073452878,trajectory reached the configured outer_limit radius
65,504,0.79202280008184445,0.080833333333333313,fraction,250,0,outer_limit,nan,0,3.4160076363633549,0.0068070639999999998,2.2360679774997898,5.0000000000000009,-0.80545382423847423,59.10830273113838,34.420000139138189,trajectory reached the configured outer_limit radius
65,505,0.79202997900267424,0.080833333333333313,fraction,250,0,outer_limit,nan,0,3.4127886371514018,0.0069460770000000002,2.2360679774997898,5.0000000000000009,-0.80546438769203821,59.107650403540944,34.420466568869593,trajectory reached the configured outer_limit radius
65,506,0.79203715792350404,0.080833333333333313,fraction,250,0,outer_limit,nan,0,3.409586278721076,0.0073507909999999997,2.2360679774997898,5.0000000000000009,-0.8054749344684744,59.106998770275773,34.420931366909556,trajectory reached the configured outer_limit radius
65,507,0.79204433684433384,0.080833333333333313,fraction,250,0,outer_limit,nan,0,3.4064003851955551,0.0071392640000000002,2.2360679774997898,5.0000000000000009,-0.80548546454315051,59.10634783485925,34.421394537499644,trajectory reached the configured outer_limit radius
65,508,0.79205151576516364,0.080833333333333313,fraction,250,0,outer_limit,nan,0,3.4032307835539601,0.0068744019999999999,2.2360679774997898,5.0000000000000009,-0.80549597789223992,59.105697600736271,34.421856084857431,trajectory reached the configured outer_limit radius
65,509,0.79205869468599344,0.080833333333333313,fraction,250,0,outer_limit,nan,0,3.4000773035699883,0.0064539699999999998,2.2360679774997902,5.0000000000000027,-0.80550647449270596,59.105048071283107,34.422316013181423,trajectory reached the configured outer_limit radius
66,492,0.79193665303188676,0.096999999999999975,fraction,250,0,outer_limit,nan,0,3.4506592731270063,0.0077489680000000002,2.2360679774997898,5.0000000000000009,-0.80532576222643015,59.116146215045546,34.414169612189838,trajectory reached the configured outer_limit radius
66,493,0.79194383195271656,0.096999999999999975,fraction,250,0,outer_limit,nan,0,3.4472239382169105,0.0071977090000000001,2.2360679774997898,5.0000000000000009,-0.80533650399482171,59.115486784529637,34.414654321780553,trajectory reached the configured outer_limit radius
66,494,0.79195101087354636,0.096999999999999975,fraction,250,0,outer_limit,nan,0,3.4438076354916261,0.0073567099999999998,2.2360679774997898,5.0000000000000009,-0.80534722931577563,59.114828008840576,34.415137341997081,trajectory reached the configured outer_limit radius
66,495,0.79195818979437616,0.096999999999999975,fraction,250,0,outer_limit,nan,0,3.4404101484079876,0.0067869189999999998,2.2360679774997898,5.0000000000000009,-0.80535793815501444,59.114169892376978,34.415618677438445,trajectory reached the configured outer_limit radius
66,496,0.79196536871520595,0.096999999999999975,fraction,250,0,outer_limit,nan,0,3.4370312642225267,0.0056301459999999999,2.2360679774997898,5.0000000000000009,-0.80536863047925789,59.113512439449813,34.416098332676704,trajectory reached the configured outer_limit radius
66,497,0.79197254763603575,0.096999999999999975,fraction,250,0,outer_limit,nan,0,3.4336707739013814,0.0061142829999999999,2.2360679774997898,5.0000000000000009,-0.80537930625620102,59.112855654283599,34.416576312254968,trajectory reached the configured outer_limit radius
66,498,0.79197972655686566,0.096999999999999975,fraction,250,0,outer_limit,nan,0,3.4303284720312881,0.0073752430000000001,2.2360679774997898,5.0000000000000009,-0.80538996545450259,59.112199541018036,34.417052620689375,trajectory reached the configured outer_limit radius
66,499,0.79198690547769546,0.096999999999999975,fraction,250,0,outer_limit,nan,0,3.4270041567343443,0.0058298259999999998,2.2360679774997898,5.0000000000000009,-0.80540060804375979,59.111544103709946,34.417527262470003,trajectory reached the configured outer_limit radius
66,500,0.79199408439852526,0.096999999999999975,fraction,250,0,outer_limit,nan,0,3.4236976295850829,0.0076460219999999997,2.2360679774997898,5.0000000000000009,-0.80541123399449333,59.110889346334908,34.418000242060664,trajectory reached the configured outer_limit radius
66,501,0.79200126331935505,0.096999999999999975,fraction,250,0,outer_limit,nan,0,3.4204086955285349,0.0071111739999999996,2.2360679774997902,5.0000000000000027,-0.80542184327812583,59.110235272788664,34.418471563899281,trajectory reached the configured outer_limit radius
66,502,0.79200844224018485,0.096999999999999975,fraction,250,0,outer_limit,nan,0,3.4171371628042575,0.0077055680000000003,2.2360679774997902,5.0000000000000027,-0.80543243586696989,59.109581886888762,34.418941232399419,trajectory reached the configured outer_limit radius
66,503,0.79201562116101465,0.096999999999999975,fraction,250,0,outer_limit,nan,0,3.4138828428676065,0.007420968,2.2360679774997898,5.0000000000000009,-0.80544301173420441,59.108929192375811,34.41940925194919,trajectory reached the configured outer_limit radius
66,504,0.79202280008184445,0.096999999999999975,fraction,250,0,outer_limit,nan,0,3.4106455503196749,0.0078141570000000004,2.2360679774997902,5.0000000000000027,-0.80545357085386515,59.108277192915246,34.419875626912912,trajectory reached the configured outer_limit radius
66,505,0.79202997900267424,0.096999999999999975,fraction,250,0,outer_limit,nan,0,3.4074251028327827,0.0039879290000000003,2.2360679774997898,5.0000000000000009,-0.80546411320082256,59.107625892098625,34.420340361631411,trajectory reached the configured outer_limit radius
66,506,0.79203715792350404,0.096999999999999975,fraction,250,0,outer_limit,nan,0,3.4042213210823675,0.0068197730000000003,2.2360679774997898,5.0000000000000009,-0.8054746387507673,59.106975293444918,34.420803460421425,trajectory reached the configured outer_limit radius
66,507,0.79204433684433384,0.096999999999999975,fraction,250,0,outer_limit,nan,0,3.4010340286790846,0.0076654870000000003,2.2360679774997898,5.0000000000000009,-0.80548514748019329,59.106325400402355,34.421264927577369,trajectory reached the configured outer_limit radius
66,508,0.79205151576516364,0.096999999999999975,fraction,250,0,outer_limit,nan,0,3.3978630521040087,0.0074958159999999998,2.2360679774997898,5.0000000000000009,-0.80549563936638691,59.105676216348812,34.421724767370307,trajectory reached the configured outer_limit radius
66,509,0.79205869468599344,0.096999999999999975,fraction,250,0,outer_limit,nan,0,3.3947082206444841,0.0070776720000000001,2.2360679774997898,5.0000000000000009,-0.80550611438740494,59.105027744594594,34.422182984050536,trajectory reached the configured outer_limit radius
67,492,0.79193665303188676,0.11316666666666664,fraction,250,0,outer_limit,nan,0,3.4454088123537208,0.0068073309999999998,2.2360679774997898,5.0000000000000009,-0.80532540680111697,59.116130131547934,34.414049297191056,trajectory reached the configured outer_limit radius
67,493,0.79194383195271656,0.11316666666666664,fraction,250,0,outer_limit,nan,0,3.4419717335634474,0.0075948049999999996,2.2360679774997898,5.0000000000000009,-0.80533612736218374,59.115471739347271,34.414532322459735,trajectory reached the configured outer_limit radius
67,494,0.79195101087354636,0.11316666666666664,fraction,250,0,outer_limit,nan,0,3.4385537184418804,0.0076249760000000003,2.2360679774997898,5.0000000000000009,-0.80534683135017004,59.114814010207276,34.415013653994265,trajectory reached the configured outer_limit radius
67,495,0.79195818979437616,0.11316666666666664,fraction,250,0,outer_limit,nan,0,3.4351545497540505,0.0077180879999999997,2.2360679774997898,5.0000000000000009,-0.80535751873209094,59.114156948448525,34.415493296455253,trajectory reached the configured outer_limit radius
67,496,0.79196536871520595,0.11316666666666664,fraction,250,0,outer_limit,nan,0,3.431774014084942,0.0074442170000000004,2.2360679774997898,5.0000000000000009,-0.80536818947594102,59.11350055830443,34.415971254473526,trajectory reached the configured outer_limit radius
67,497,0.79197254763603575,0.11316666666666664,fraction,250,0,outer_limit,nan,0,3.4284119017463204,0.0066838109999999996,2.2360679774997898,5.0000000000000009,-0.8053788435506769,59.11284484392305,34.416447532651127,trajectory reached the configured outer_limit radius
67,498,0.79197972655686566,0.11316666666666664,fraction,250,0,outer_limit,nan,0,3.4250680066898616,0.0074197899999999999,2.2360679774997898,5.0000000000000009,-0.80538948092619433,59.112189809369085,34.416922135562629,trajectory reached the configured outer_limit radius
67,499,0.79198690547769546,0.11316666666666664,fraction,250,0,outer_limit,nan,0,3.4217421264186929,0.0076893480000000004,2.2360679774997898,5.0000000000000009,-0.80540010157331021,59.111535458625383,34.417395067754661,trajectory reached the configured outer_limit radius
67,500,0.79199408439852526,0.11316666666666664,fraction,250,0,outer_limit,nan,0,3.4184340619048816,0.0071651839999999998,2.2360679774997907,5.0000000000000044,-0.80541070546374827,59.110881795594516,34.417866333747106,trajectory reached the configured outer_limit radius
67,501,0.79200126331935505,0.11316666666666664,fraction,250,0,outer_limit,nan,0,3.4151436175083929,0.0075630849999999998,2.2360679774997898,5.0000000000000009,-0.80542129257011619,59.110228824100034,34.418335938033451,trajectory reached the configured outer_limit radius
67,502,0.79200844224018485,0.11316666666666664,fraction,250,0,outer_limit,nan,0,3.411870600897974,0.0082214309999999995,2.2360679774997898,5.0000000000000009,-0.80543186286589463,59.109576547888672,34.418803885081161,trajectory reached the configured outer_limit radius
67,503,0.79201562116101465,0.11316666666666664,fraction,250,0,outer_limit,nan,0,3.4086148229748714,0.0062085600000000001,2.2360679774997898,5.0000000000000009,-0.80544241632541569,59.108924970630959,34.419270179331932,trajectory reached the configured outer_limit radius
67,504,0.79202280008184445,0.11316666666666664,fraction,250,0,outer_limit,nan,0,3.4053760977990741,0.006247598,2.2360679774997898,5.0000000000000009,-0.80545295292384733,59.108274095923555,34.419734825203165,trajectory reached the configured outer_limit radius
67,505,0.79202997900267424,0.11316666666666664,fraction,250,0,outer_limit,nan,0,3.4021542425172178,0.0075067750000000003,2.2360679774997898,5.0000000000000009,-0.80546347263717932,59.10762392728973,34.420197827086902,trajectory reached the configured outer_limit radius
67,506,0.79203715792350404,0.11316666666666664,fraction,250,0,outer_limit,nan,0,3.3989490772911384,0.0074755380000000003,2.2360679774997898,5.0000000000000009,-0.805473975442204,59.106974468181569,34.420659189351198,trajectory reached the configured outer_limit radius
67,507,0.79204433684433384,0.11316666666666664,fraction,250,0,outer_limit,nan,0,3.3957604252336728,0.0074943029999999999,2.2360679774997898,5.0000000000000009,-0.80548446131650731,59.106325721980866,34.421118916341072,trajectory reached the configured outer_limit radius
67,508,0.79205151576516364,0.11316666666666664,fraction,250,0,outer_limit,nan,0,3.3925881123388524,0.0075454520000000002,2.2360679774997898,5.0000000000000009,-0.80549493023844476,59.10567769200037,34.421577012377071,trajectory reached the configured outer_limit radius
67,509,0.79205869468599344,0.11316666666666664,fraction,250,0,outer_limit,nan,0,3.3894319674203794,0.0077417179999999999,2.2360679774997898,5.0000000000000009,-0.80550538218713097,59.105030381485783,34.42203348175763,trajectory reached the configured outer_limit radius
68,492,0.79193665303188676,0.1293333333333333,fraction,250,0,outer_limit,nan,0,3.440248790609608,0.0076067330000000001,2.2360679774997898,5.0000000000000009,-0.80532470556992886,59.116135214379668,34.413913207528239,trajectory reached the configured outer_limit radius
68,493,0.79194383195271656,0.1293333333333333,fraction,250,0,outer_limit,nan,0,3.4368100155809294,0.0073311820000000003,2.2360679774997898,5.0000000000000009,-0.80533540329649334,59.115477971367611,34.414394504342312,trajectory reached the configured outer_limit radius
68,494,0.79195101087354636,0.1293333333333333,fraction,250,0,outer_limit,nan,0,3.4333903349126933,0.0067205809999999998,2.2360679774997898,5.0000000000000009,-0.80534608433346133,59.114821399156561,34.41487410365157,trajectory reached the configured outer_limit radius
68,495,0.79195818979437616,0.1293333333333333,fraction,250,0,outer_limit,nan,0,3.4299895306966794,0.0080359869999999996,2.2360679774997898,5.0000000000000009,-0.80535674864909912,59.114165501990314,34.415352010173294,trajectory reached the configured outer_limit radius
68,496,0.79196536871520595,0.1293333333333333,fraction,250,0,outer_limit,nan,0,3.4266073888616471,0.00763783,2.2360679774997898,5.0000000000000009,-0.8053673962126352,59.113510284026923,34.415828228594421,trajectory reached the configured outer_limit radius
68,497,0.79197254763603575,0.1293333333333333,fraction,250,0,outer_limit,nan,0,3.4232436990821147,0.0072078569999999998,2.2360679774997898,5.0000000000000009,-0.80537802699423777,59.112855749340468,34.416302763572581,trajectory reached the configured outer_limit radius
68,498,0.79197972655686566,0.1293333333333333,fraction,250,0,outer_limit,nan,0,3.4198982546887153,0.0064847450000000001,2.2360679774997898,5.0000000000000009,-0.80538864096499663,59.112201901922489,34.41677561973615,trajectory reached the configured outer_limit radius
68,499,0.79198690547769546,0.1293333333333333,fraction,250,0,outer_limit,nan,0,3.4165708525815401,0.0073327829999999998,2.2360679774997898,5.0000000000000009,-0.80539923809690739,59.111548745683855,34.417246801685621,trajectory reached the configured outer_limit radius
68,500,0.79199408439852526,0.1293333333333333,fraction,250,0,outer_limit,nan,0,3.4132612931458621,0.0069848280000000002,2.2360679774997911,5.0000000000000062,-0.80540981836285264,59.110896284456189,34.417716313993438,trajectory reached the configured outer_limit radius
68,501,0.79200126331935505,0.1293333333333333,fraction,250,0,outer_limit,nan,0,3.4099693801698843,0.0076451089999999998,2.2360679774997898,5.0000000000000009,-0.80542038173658292,59.110244521992854,34.418184161204316,trajectory reached the configured outer_limit radius
68,502,0.79200844224018485,0.1293333333333333,fraction,250,0,outer_limit,nan,0,3.4066949207663551,0.007494367,2.2360679774997911,5.0000000000000062,-0.80543092819270534,59.109593461971855,34.418650347836788,trajectory reached the configured outer_limit radius
68,503,0.79201562116101465,0.1293333333333333,fraction,250,0,outer_limit,nan,0,3.4034377252951953,0.0072167830000000001,2.2360679774997898,5.0000000000000009,-0.80544145770665998,59.108943107995515,34.419114878383056,trajectory reached the configured outer_limit radius
68,504,0.79202280008184445,0.1293333333333333,fraction,250,0,outer_limit,nan,0,3.4001976072893543,0.0073886230000000004,2.2360679774997898,5.0000000000000009,-0.8054519702547116,59.108293463593398,34.419577757309327,trajectory reached the configured outer_limit radius
68,505,0.79202997900267424,0.1293333333333333,fraction,250,0,outer_limit,nan,0,3.3969743833815613,0.0072066470000000001,2.2360679774997902,5.0000000000000027,-0.80546246581392611,59.107644532222963,34.420038989056415,trajectory reached the configured outer_limit radius
68,506,0.79203715792350404,0.1293333333333333,fraction,250,0,outer_limit,nan,0,3.3937678732354395,0.0075237780000000001,2.2360679774997898,5.0000000000000009,-0.80547294436216221,59.106996317270607,34.420498578040615,trajectory reached the configured outer_limit radius
68,507,0.79204433684433384,0.1293333333333333,fraction,250,0,outer_limit,nan,0,3.390577899475113,0.0073894049999999999,2.2360679774997898,5.0000000000000009,-0.80548340587804901,59.106348822054159,34.4209565286532,trajectory reached the configured outer_limit radius
68,508,0.79205151576516364,0.1293333333333333,fraction,250,0,outer_limit,nan,0,3.3874042876212331,0.0076225650000000004,2.2360679774997898,5.0000000000000009,-0.80549385034097598,59.105702049823094,34.421412845261749,trajectory reached the configured outer_limit radius
68,509,0.79205869468599344,0.1293333333333333,fraction,250,0,outer_limit,nan,0,3.3842468660252254,0.009169333,2.2360679774997898,5.0000000000000009,-0.80550427773108091,59.105056003759799,34.421867532209859,trajectory reached the configured outer_limit radius
69,492,0.79193665303188676,0.14549999999999996,fraction,250,0,outer_limit,nan,0,3.435177651518559,0.0071726460000000004,2.2360679774997898,5.0000000000000009,-0.80532365796193428,59.116161508183531,34.413761344136375,trajectory reached the configured outer_limit radius
69,493,0.79194383195271656,0.14549999999999996,fraction,250,0,outer_limit,nan,0,3.4317372264004113,0.0078703920000000004,2.2360679774997898,5.0000000000000009,-0.80533433123105735,59.115505525058076,34.414240868793428,trajectory reached the configured outer_limit radius
69,494,0.79195101087354636,0.14549999999999996,fraction,250,0,outer_limit,nan,0,3.4283159255676665,0.0074927259999999999,2.2360679774997898,5.0000000000000009,-0.80534498770323582,59.114850219977043,34.414718692764787,trajectory reached the configured outer_limit radius
69,495,0.79195818979437616,0.14549999999999996,fraction,250,0,outer_limit,nan,0,3.4249135304534062,0.0072946579999999999,2.2360679774997898,5.0000000000000009,-0.80535562734794186,59.114195597110076,34.415194820821149,trajectory reached the configured outer_limit radius
69,496,0.79196536871520595,0.14549999999999996,fraction,250,0,outer_limit,nan,0,3.4215298263471112,0.0077896390000000001,2.2360679774997898,5.0000000000000009,-0.80536625013559027,59.113541660542253,34.415669257702412,trajectory reached the configured outer_limit radius
69,497,0.79197254763603575,0.14549999999999996,fraction,250,0,outer_limit,nan,0,3.4181646023011161,0.0063086219999999998,2.2360679774997898,5.0000000000000009,-0.80537685603751596,59.112888414275517,34.416142008117347,trajectory reached the configured outer_limit radius
69,498,0.79197972655686566,0.14549999999999996,fraction,250,0,outer_limit,nan,0,3.4148176510411381,0.0057214659999999997,2.2360679774997898,5.0000000000000009,-0.80538744502596082,59.112235862230484,34.416613076745051,trajectory reached the configured outer_limit radius
69,499,0.79198690547769546,0.14549999999999996,fraction,250,0,outer_limit,nan,0,3.4114887688783093,0.0076504930000000004,2.2360679774997898,5.0000000000000009,-0.80539801707405312,59.111584008247853,34.417082468235577,trajectory reached the configured outer_limit radius
69,500,0.79199408439852526,0.14549999999999996,fraction,250,0,outer_limit,nan,0,3.40817775562487,0.0074909690000000001,2.2360679774997898,5.0000000000000009,-0.8054085721557922,59.110932856090194,34.417550187210367,trajectory reached the configured outer_limit radius
69,501,0.79200126331935505,0.14549999999999996,fraction,250,0,outer_limit,nan,0,3.4048844145123214,0.0075871460000000003,2.2360679774997898,5.0000000000000009,-0.80541911024602941,59.11028240944345,34.418016238262851,trajectory reached the configured outer_limit radius
69,502,0.79200844224018485,0.14549999999999996,fraction,250,0,outer_limit,nan,0,3.4016085521104626,0.0065090089999999996,2.2360679774997898,5.0000000000000009,-0.80542963132045586,59.109632671917986,34.418480625958921,trajectory reached the configured outer_limit radius
69,503,0.79201562116101465,0.14549999999999996,fraction,250,0,outer_limit,nan,0,3.3983499782513391,0.007453576,2.2360679774997898,5.0000000000000009,-0.80544013535558157,59.108983647050522,34.418943354837261,trajectory reached the configured outer_limit radius
69,504,0.79202280008184445,0.14549999999999996,fraction,250,0,outer_limit,nan,0,3.3951085059535737,0.0072998810000000003,2.2360679774997898,5.0000000000000009,-0.80545062232871945,59.108335338305437,34.419404429410115,trajectory reached the configured outer_limit radius
69,505,0.79202997900267424,0.14549999999999996,fraction,250,0,outer_limit,nan,0,3.391883951349246,0.0068518479999999998,2.2360679774997898,5.0000000000000009,-0.8054610922179759,59.107687749075879,34.419863854163772,trajectory reached the configured outer_limit radius
69,506,0.79203715792350404,0.14549999999999996,fraction,250,0,outer_limit,nan,0,3.388676133614505,0.0076351049999999997,2.2360679774997898,5.0000000000000009,-0.80547154500223084,59.107040882685098,34.420321633558643,trajectory reached the configured outer_limit radius
69,507,0.79204433684433384,0.14549999999999996,fraction,250,0,outer_limit,nan,0,3.3854848748984252,0.0081849490000000004,2.2360679774997898,5.0000000000000009,-0.80548198066112076,59.10639474238851,34.420777772030213,trajectory reached the configured outer_limit radius
69,508,0.79205151576516364,0.14549999999999996,fraction,250,0,outer_limit,nan,0,3.3823100002592477,0.0078556319999999995,2.2360679774997898,5.0000000000000009,-0.8054923991750339,59.105749331373588,34.421232273989006,trajectory reached the configured outer_limit radius
69,509,0.79205869468599344,0.14549999999999996,fraction,250,0,outer_limit,nan,0,3.379151337597079,0.00702763,2.2360679774997898,5.0000000000000009,-0.80550280052508016,59.105104652762975,34.421685143821769,trajectory reached the configured outer_limit radius
70,492,0.79193665303188676,0.16166666666666663,fraction,250,0,outer_limit,nan,0,3.4301939336465153,0.0069192120000000001,2.2360679774997898,5.0000000000000009,-0.80532226309814292,59.116209075543338,34.413593691471064,trajectory reached the configured outer_limit radius
70,493,0.79194383195271656,0.16166666666666663,fraction,250,0,outer_limit,nan,0,3.4267519031755698,0.0069044170000000004,2.2360679774997898,5.0000000000000009,-0.8053329102891702,59.115554462949106,34.414071400617637,trajectory reached the configured outer_limit radius
70,494,0.79195101087354636,0.16166666666666663,fraction,250,0,outer_limit,nan,0,3.4233290261690197,0.0070255980000000001,2.2360679774997898,5.0000000000000009,-0.8053435405851127,59.114900535144031,34.414547406490669,trajectory reached the configured outer_limit radius
70,495,0.79195818979437616,0.16166666666666663,fraction,250,0,outer_limit,nan,0,3.4199250834174237,0.0076721599999999999,2.2360679774997898,5.0000000000000009,-0.8053541539566017,59.114247296225656,34.415021713909752,trajectory reached the configured outer_limit radius
70,496,0.79196536871520595,0.16166666666666663,fraction,250,0,outer_limit,nan,0,3.4165398595864094,0.0073230049999999996,2.2360679774997898,5.0000000000000009,-0.80536475037519006,59.113594750207824,34.415494327662849,trajectory reached the configured outer_limit radius
70,497,0.79197254763603575,0.16166666666666663,fraction,250,0,outer_limit,nan,0,3.4131731431216497,0.0070197690000000004,2.2360679774997898,5.0000000000000009,-0.80537532981334026,59.112942901022585,34.415965252507064,trajectory reached the configured outer_limit radius
70,498,0.79197972655686566,0.16166666666666663,fraction,250,0,outer_limit,nan,0,3.4098247261578241,0.0082438860000000006,2.2360679774997898,5.0000000000000009,-0.80538589224439805,59.11229175252172,34.41643449316868,trajectory reached the configured outer_limit radius
70,499,0.79198690547769546,0.16166666666666663,fraction,250,0,outer_limit,nan,0,3.4064944044324394,0.0075035950000000001,2.2360679774997898,5.0000000000000009,-0.80539643764258306,59.111641308478085,34.416902054344092,trajectory reached the configured outer_limit radius
70,500,0.79199408439852526,0.16166666666666663,fraction,250,0,outer_limit,nan,0,3.4031819771987446,0.0074608720000000003,2.2360679774997898,5.0000000000000009,-0.8054069659829648,59.110991572587317,34.417367940699449,trajectory reached the configured outer_limit radius
70,501,0.79200126331935505,0.16166666666666663,fraction,250,0,outer_limit,nan,0,3.3998872471441488,0.0077465939999999999,2.2360679774997898,5.0000000000000009,-0.80541747724145552,59.11034254846934,34.41783215687397,trajectory reached the configured outer_limit radius
70,502,0.79200844224018485,0.16166666666666663,fraction,250,0,outer_limit,nan,0,3.3966100203093657,0.0076376170000000002,2.2360679774997898,5.0000000000000009,-0.80542797139478528,59.109694239669821,34.418294707477116,trajectory reached the configured outer_limit radius
70,503,0.79201562116101465,0.16166666666666663,fraction,250,0,outer_limit,nan,0,3.3933501060110611,0.0056672119999999996,2.2360679774997898,5.0000000000000009,-0.80543844842048962,59.109046649661025,34.418755597090211,trajectory reached the configured outer_limit radius
70,504,0.79202280008184445,0.16166666666666663,fraction,250,0,outer_limit,nan,0,3.3901073167666316,0.0074032259999999997,2.2360679774997898,5.0000000000000009,-0.80544890829689542,59.108399781844518,34.419214830269325,trajectory reached the configured outer_limit radius
70,505,0.79202997900267424,0.16166666666666663,fraction,250,0,outer_limit,nan,0,3.3868814682193533,0.0065190270000000002,2.2360679774997898,5.0000000000000009,-0.80545935100310362,59.107753639551106,34.419672411542031,trajectory reached the configured outer_limit radius
70,506,0.79203715792350404,0.16166666666666663,fraction,250,0,outer_limit,nan,0,3.3836723790695298,0.0079175510000000001,2.2360679774997898,5.0000000000000009,-0.80546977651897567,59.107108226042634,34.420128345409672,trajectory reached the configured outer_limit radius
70,507,0.79204433684433384,0.16166666666666663,fraction,250,0,outer_limit,nan,0,3.3804798710039319,0.0067334170000000002,2.2360679774997898,5.0000000000000009,-0.80548018482511852,59.106463544514007,34.420582636349131,trajectory reached the configured outer_limit radius
70,508,0.79205151576516364,0.16166666666666663,fraction,250,0,outer_limit,nan,0,3.3773037686280754,0.0075267160000000001,2.2360679774997898,5.0000000000000009,-0.80549057590286843,59.105819598093333,34.421035288810444,trajectory reached the configured outer_limit radius
70,509,0.79205869468599344,0.16166666666666663,fraction,250,0,outer_limit,nan,0,3.3741438994031068,0.0067390150000000001,2.2360679774997898,5.0000000000000009,-0.80550094973428288,59.105176389843827,34.421486307219325,trajectory reached the configured outer_limit radius
71,492,0.79193665303188676,0.17783333333333329,fraction,250,0,outer_limit,nan,0,3.4252962680634136,0.0085338370000000007,2.2360679774997898,5.0000000000000009,-0.80532051978326602,59.116277997492077,34.413410217145852,trajectory reached the configured outer_limit radius
71,493,0.79194383195271656,0.17783333333333329,fraction,250,0,outer_limit,nan,0,3.4218526756376684,0.0068266059999999998,2.2360679774997898,5.0000000000000009,-0.80533113927583255,59.115624866147108,34.413886067698797,trajectory reached the configured outer_limit radius
71,494,0.79195101087354636,0.17783333333333329,fraction,250,0,outer_limit,nan,0,3.4184282651300748,0.0075209320000000001,2.2360679774997898,5.0000000000000009,-0.80534174178442675,59.114972425834139,34.414360212983539,trajectory reached the configured outer_limit radius
71,495,0.79195818979437616,0.17783333333333329,fraction,250,0,outer_limit,nan,0,3.415022816705402,0.0072362049999999999,2.2360679774997898,5.0000000000000009,-0.80535232728079365,59.114320680580484,34.414832657865567,trajectory reached the configured outer_limit radius
71,496,0.79196536871520595,0.17783333333333329,fraction,250,0,outer_limit,nan,0,3.4116361144197844,0.0058524680000000004,2.2360679774997898,5.0000000000000009,-0.80536289573758257,59.113669634331544,34.415303407178406,trajectory reached the configured outer_limit radius
71,497,0.79197254763603575,0.17783333333333329,fraction,250,0,outer_limit,nan,0,3.4082679461264775,0.0073221409999999999,2.2360679774997898,5.0000000000000009,-0.80537344712833048,59.113019290951392,34.415772465722576,trajectory reached the configured outer_limit radius
71,498,0.79197972655686566,0.17783333333333329,fraction,250,0,outer_limit,nan,0,3.4049181033848277,0.0071316060000000004,2.2360679774997898,5.0000000000000009,-0.80538398142744683,59.112369654225063,34.4162398382677,trajectory reached the configured outer_limit radius
71,499,0.79198690547769546,0.17783333333333329,fraction,250,0,outer_limit,nan,0,3.4015863813709237,0.0064599499999999999,2.2360679774997898,5.0000000000000009,-0.80539449861019563,59.111720727859691,34.416705529553177,trajectory reached the configured outer_limit radius
71,500,0.79199408439852526,0.17783333333333329,fraction,250,0,outer_limit,nan,0,3.3982725787937329,0.0075937160000000004,2.2360679774997898,5.0000000000000009,-0.80540499865267901,59.111072515485887,34.417169544287368,trajectory reached the configured outer_limit radius
71,501,0.79200126331935505,0.17783333333333329,fraction,250,0,outer_limit,nan,0,3.3949764978092443,0.0072713780000000002,2.2360679774997898,5.0000000000000009,-0.80541548153181752,59.110425020659974,34.417631887149533,trajectory reached the configured outer_limit radius
71,502,0.79200844224018485,0.17783333333333329,fraction,250,0,outer_limit,nan,0,3.3916979439422628,0.0052457739999999999,2.2360679774997898,5.0000000000000009,-0.80542594722534477,59.109778246864252,34.418092562790605,trajectory reached the configured outer_limit radius
71,503,0.79201562116101465,0.17783333333333329,fraction,250,0,outer_limit,nan,0,3.3884367260068844,0.0058617440000000003,2.2360679774997898,5.0000000000000009,-0.80543639571177761,59.109132197509666,34.418551575832211,trajectory reached the configured outer_limit radius
71,504,0.79202280008184445,0.17783333333333329,fraction,250,0,outer_limit,nan,0,3.3851926560305197,0.0072581420000000004,2.2360679774997898,5.0000000000000009,-0.80544682697041292,59.10848687593581,34.419008930868365,trajectory reached the configured outer_limit radius
71,505,0.79202997900267424,0.17783333333333329,fraction,250,0,outer_limit,nan,0,3.3819655491804275,0.0047044909999999999,2.2360679774997898,5.0000000000000009,-0.80545724098130678,59.107842285413696,34.419464632466109,trajectory reached the configured outer_limit radius
71,506,0.79203715792350404,0.17783333333333329,fraction,250,0,outer_limit,nan,0,3.3787552236927358,0.007255381,2.2360679774997898,5.0000000000000009,-0.80546763772526231,59.107198429145626,34.419918685164703,trajectory reached the configured outer_limit radius
71,507,0.79204433684433384,0.17783333333333329,fraction,250,0,outer_limit,nan,0,3.3755615008017488,0.007509539,2.2360679774997898,5.0000000000000009,-0.80547801718381129,59.10655531026817,34.420371093478145,trajectory reached the configured outer_limit radius
71,508,0.79205151576516364,0.17783333333333329,fraction,250,0,outer_limit,nan,0,3.3723842046736245,0.0076424759999999996,2.2360679774997898,5.0000000000000009,-0.80548837933920858,59.105912931851357,34.420821861893444,trajectory reached the configured outer_limit radius
71,509,0.79205869468599344,0.17783333333333329,fraction,250,0,outer_limit,nan,0,3.3692231623394018,0.0076865010000000001,2.2360679774997902,5.0000000000000027,-0.80549872417440915,59.105271296901634,34.421270994872749,trajectory reached the configured outer_limit radius
72,492,0.79193665303188676,0.19399999999999995,fraction,250,0,outer_limit,nan,0,3.4204833762706595,0.0080389429999999998,2.2360679774997898,5.0000000000000009,-0.80531842649605556,59.116368374105093,34.41321087149764,trajectory reached the configured outer_limit radius
72,493,0.79194383195271656,0.19399999999999995,fraction,250,0,outer_limit,nan,0,3.417038264020932,0.0075277590000000002,2.2360679774997898,5.0000000000000009,-0.80532901666805312,59.115716834928698,34.413684820560341,trajectory reached the configured outer_limit radius
72,494,0.79195101087354636,0.19399999999999995,fraction,250,0,outer_limit,nan,0,3.4136123614382003,0.0075117279999999996,2.2360679774997898,5.0000000000000009,-0.80533958977649889,59.115065992521764,34.414157062957017,trajectory reached the configured outer_limit radius
72,495,0.79195818979437616,0.19399999999999995,fraction,250,0,outer_limit,nan,0,3.410205448076308,0.0075126860000000002,2.2360679774997898,5.0000000000000009,-0.80535014579420139,59.114415850844502,34.414627603595775,trajectory reached the configured outer_limit radius
72,496,0.79196536871520595,0.19399999999999995,fraction,250,0,outer_limit,nan,0,3.4068173073969934,0.0072413590000000002,2.2360679774997898,5.0000000000000009,-0.80536068469485911,59.113766413775451,34.415096447350578,trajectory reached the configured outer_limit radius
72,497,0.79197254763603575,0.19399999999999995,fraction,250,0,outer_limit,nan,0,3.4034477266756924,0.0076150879999999999,2.2360679774997898,5.0000000000000009,-0.80537120645304183,59.113117685112925,34.415563599062352,trajectory reached the configured outer_limit radius
72,498,0.79197972655686566,0.19399999999999995,fraction,250,0,outer_limit,nan,0,3.4000964969090464,0.0071348619999999996,2.2360679774997898,5.0000000000000009,-0.80538171104417677,59.112469668577404,34.416029063540883,trajectory reached the configured outer_limit radius
72,499,0.79198690547769546,0.19399999999999995,fraction,250,0,outer_limit,nan,0,3.3967634127271373,0.0068380130000000004,2.2360679774997898,5.0000000000000009,-0.80539219844452581,59.111822367812167,34.416492845563909,trajectory reached the configured outer_limit radius
72,500,0.79199408439852526,0.19399999999999995,fraction,250,0,outer_limit,nan,0,3.393448272305903,0.0076168199999999998,2.2360679774997898,5.0000000000000009,-0.80540266863117793,59.111175786385495,34.416954949878651,trajectory reached the configured outer_limit radius
72,501,0.79200126331935505,0.19399999999999995,fraction,250,0,outer_limit,nan,0,3.3901508772845235,0.0071409849999999999,2.2360679774997898,5.0000000000000009,-0.8054131215820266,59.110529927791518,34.417415381202552,trajectory reached the configured outer_limit radius
72,502,0.79200844224018485,0.19399999999999995,fraction,250,0,outer_limit,nan,0,3.386871032683525,0.0077736919999999996,2.2360679774997898,5.0000000000000009,-0.80542355727575687,59.109884795451997,34.417874144222871,trajectory reached the configured outer_limit radius
72,503,0.79201562116101465,0.19399999999999995,fraction,250,0,outer_limit,nan,0,3.3836085468262906,0.0073861070000000003,2.2360679774997898,5.0000000000000009,-0.80543397569182884,59.109240392717503,34.41833124359772,trajectory reached the configured outer_limit radius
72,504,0.79202280008184445,0.19399999999999995,fraction,250,0,outer_limit,nan,0,3.3803632312629839,0.0068099559999999998,2.2360679774997898,5.0000000000000009,-0.80544437681046754,59.108596722868874,34.418786683957642,trajectory reached the configured outer_limit radius
72,505,0.79202997900267424,0.19399999999999995,fraction,250,0,outer_limit,nan,0,3.3771349006960079,0.0067279940000000002,2.2360679774997898,5.0000000000000009,-0.80545476061264099,59.107953789118447,34.419240469904139,trajectory reached the configured outer_limit radius
72,506,0.79203715792350404,0.19399999999999995,fraction,250,0,outer_limit,nan,0,3.373923372908469,0.0073137599999999999,2.2360679774997907,5.0000000000000044,-0.80546512708005169,59.107311594611716,34.419692606011679,trajectory reached the configured outer_limit radius
72,507,0.79204433684433384,0.19399999999999995,fraction,250,0,outer_limit,nan,0,3.3707284686935535,0.0044153539999999998,2.2360679774997898,5.0000000000000009,-0.80547547619511928,59.106670142427753,34.420143096827786,trajectory reached the configured outer_limit radius
72,508,0.79205151576516364,0.19399999999999995,fraction,250,0,outer_limit,nan,0,3.3675500117875323,0.006159103,2.2360679774997898,5.0000000000000009,-0.80548580794097191,59.10602943558122,34.420591946873287,trajectory reached the configured outer_limit radius
72,509,0.79205869468599344,0.19399999999999995,fraction,250,0,outer_limit,nan,0,3.36438782880361,0.0077286789999999996,2.2360679774997898,5.0000000000000009,-0.80549612230142476,59.105389477023522,34.421039160643055,trajectory reached the configured outer_limit radius
73,492,0.79193665303188676,0.21016666666666661,fraction,250,0,outer_limit,nan,0,3.4157540684947407,0.0071995460000000002,2.2360679774997907,5.0000000000000044,-0.80531598137814242,59.116480325178848,34.412995587068202,trajectory reached the configured outer_limit radius
73,493,0.79194383195271656,0.21016666666666661,fraction,250,0,outer_limit,nan,0,3.4123074773518889,0.0076350150000000002,2.2360679774997911,5.0000000000000062,-0.80532654060363928,59.115830489423288,34.413467591848026,trajectory reached the configured outer_limit radius
73,494,0.79195101087354636,0.21016666666666661,fraction,250,0,outer_limit,nan,0,3.4088801229391703,0.0066771670000000003,2.2360679774997898,5.0000000000000009,-0.80533708269536497,59.11518135566655,34.413937889164153,trajectory reached the configured outer_limit radius
73,495,0.79195818979437616,0.21016666666666661,fraction,250,0,outer_limit,nan,0,3.405471784213749,0.0074030759999999998,2.2360679774997898,5.0000000000000009,-0.80534760762714885,59.114532927803644,34.41440648396236,trajectory reached the configured outer_limit radius
73,496,0.79196536871520595,0.21016666666666661,fraction,250,0,outer_limit,nan,0,3.4020822440572367,0.0054863129999999996,2.2360679774997898,5.0000000000000009,-0.80535811537369328,59.113885209648117,34.414873381154528,trajectory reached the configured outer_limit radius
73,497,0.79197254763603575,0.21016666666666661,fraction,250,0,outer_limit,nan,0,3.3987112891811342,0.0073933870000000004,2.2360679774997898,5.0000000000000009,-0.80536860591055259,59.113238204935328,34.41533858561796,trajectory reached the configured outer_limit radius
73,498,0.79197972655686566,0.21016666666666661,fraction,250,0,outer_limit,nan,0,3.3953587100334306,0.0077599670000000004,2.2360679774997898,5.0000000000000009,-0.80537907921412388,59.112591917323201,34.415802102198434,trajectory reached the configured outer_limit radius
73,499,0.79198690547769546,0.21016666666666661,fraction,250,0,outer_limit,nan,0,3.3920243007110149,0.0061650350000000001,2.2360679774997898,5.0000000000000009,-0.80538953526162838,59.111946350393389,34.416263935709225,trajectory reached the configured outer_limit radius
73,500,0.79199408439852526,0.21016666666666661,fraction,250,0,outer_limit,nan,0,3.3887078588699411,0.0077311339999999997,2.2360679774997898,5.0000000000000009,-0.8053999740310922,59.111301507653565,34.416724090932512,trajectory reached the configured outer_limit radius
73,501,0.79200126331935505,0.21016666666666661,fraction,250,0,outer_limit,nan,0,3.3854091856443094,0.0075887330000000003,2.2360679774997898,5.0000000000000009,-0.80541039550133775,59.11065739253813,34.417182572619616,trajectory reached the configured outer_limit radius
73,502,0.79200844224018485,0.21016666666666661,fraction,250,0,outer_limit,nan,0,3.3821280855632616,0.007679806,2.2360679774997898,5.0000000000000009,-0.80542079965196056,59.110014008410005,34.417639385490922,trajectory reached the configured outer_limit radius
73,503,0.79201562116101465,0.21016666666666661,fraction,250,0,outer_limit,nan,0,3.3788643664715323,0.0063604539999999998,2.2360679774997898,5.0000000000000009,-0.80543118646332068,59.109371358561994,34.418094534238719,trajectory reached the configured outer_limit radius
73,504,0.79202280008184445,0.21016666666666661,fraction,250,0,outer_limit,nan,0,3.3756178394530805,0.0073559139999999999,2.2360679774997898,5.0000000000000009,-0.80544155591652666,59.108729446217694,34.418548023525034,trajectory reached the configured outer_limit radius
73,505,0.79202997900267424,0.21016666666666661,fraction,250,0,outer_limit,nan,0,3.3723883187566592,0.0038759160000000001,2.2360679774997898,5.0000000000000009,-0.80545190799341937,59.108088274533046,34.418999857983223,trajectory reached the configured outer_limit radius
73,506,0.79203715792350404,0.21016666666666661,fraction,250,0,outer_limit,nan,0,3.3691756217236981,0.0075647589999999999,2.2360679774997898,5.0000000000000009,-0.80546224267655953,59.10744784659807,34.419450042219765,trajectory reached the configured outer_limit radius
73,507,0.79204433684433384,0.21016666666666661,fraction,250,0,outer_limit,nan,0,3.365979568716662,0.0041374740000000004,2.2360679774997898,5.0000000000000009,-0.80547255994921174,59.106808165437471,34.419898580812394,trajectory reached the configured outer_limit radius
73,508,0.79205151576516364,0.21016666666666661,fraction,250,0,outer_limit,nan,0,3.3627999830531525,0.0066241920000000001,2.2360679774997898,5.0000000000000009,-0.80548285979533651,59.106169234011823,34.420345478312314,trajectory reached the configured outer_limit radius
73,509,0.79205869468599344,0.21016666666666661,fraction,250,0,outer_limit,nan,0,3.3596366909374096,0.0058884510000000003,2.2360679774997898,5.0000000000000009,-0.80549314219957235,59.105531055219181,34.420790739243849,trajectory reached the configured outer_limit radius
74,492,0.79193665303188676,0.22633333333333328,fraction,250,0,outer_limit,nan,0,3.4111072423418425,0.007855038,2.2360679774997898,5.0000000000000009,-0.80531318222123616,59.116613991006354,34.412764278000672,trajectory reached the configured outer_limit radius
74,493,0.79194383195271656,0.22633333333333328,fraction,250,0,outer_limit,nan,0,3.4076592121023714,0.007944787,2.2360679774997898,5.0000000000000009,-0.80532370886832749,59.115965970392978,34.413234295723669,trajectory reached the configured outer_limit radius
74,494,0.79195101087354636,0.22633333333333328,fraction,250,0,outer_limit,nan,0,3.4042304449875531,0.0076254089999999997,2.2360679774997898,5.0000000000000009,-0.80533421832086005,59.115318656495702,34.413702605788444,trajectory reached the configured outer_limit radius
74,495,0.79195818979437616,0.22633333333333328,fraction,250,0,outer_limit,nan,0,3.4008207193726454,0.0064892149999999996,2.2360679774997898,5.0000000000000009,-0.80534471055363344,59.114672053146286,34.414169213175683,trajectory reached the configured outer_limit radius
74,496,0.79196536871520595,0.22633333333333328,fraction,250,0,outer_limit,nan,0,3.3974298175728066,0.0065636490000000004,2.2360679774997898,5.0000000000000009,-0.80535518554230157,59.114026164096472,34.41463412282998,trajectory reached the configured outer_limit radius
74,497,0.79197254763603575,0.22633333333333328,fraction,250,0,outer_limit,nan,0,3.3940575257491115,0.0057279719999999996,2.2360679774997898,5.0000000000000009,-0.80536564326336391,59.113380993019874,34.41509733966204,trajectory reached the configured outer_limit radius
74,498,0.79197972655686566,0.22633333333333328,fraction,250,0,outer_limit,nan,0,3.3907036338147187,0.0067722829999999996,2.2360679774997902,5.0000000000000027,-0.80537608369414038,59.112736543514373,34.415558868549894,trajectory reached the configured outer_limit radius
74,499,0.79198690547769546,0.22633333333333328,fraction,250,0,outer_limit,nan,0,3.387367935344924,0.0068067479999999996,2.2360679774997898,5.0000000000000009,-0.80538650681276225,59.112092819102152,34.416018714338534,trajectory reached the configured outer_limit radius
74,500,0.79199408439852526,0.22633333333333328,fraction,250,0,outer_limit,nan,0,3.3840502274897868,0.0073698330000000001,2.2360679774997898,5.0000000000000009,-0.80539691259815382,59.111449823232334,34.416476881840993,trajectory reached the configured outer_limit radius
74,501,0.79200126331935505,0.22633333333333328,fraction,250,0,outer_limit,nan,0,3.3807503108903458,0.0058043749999999996,2.2360679774997898,5.0000000000000009,-0.80540730103001723,59.110807559281966,34.416933375839562,trajectory reached the configured outer_limit radius
74,502,0.79200844224018485,0.22633333333333328,fraction,250,0,outer_limit,nan,0,3.3774679895956803,0.007321251,2.2360679774997911,5.0000000000000062,-0.80541767208881876,59.110166030557217,34.417388201085124,trajectory reached the configured outer_limit radius
74,503,0.79201562116101465,0.22633333333333328,fraction,250,0,outer_limit,nan,0,3.3742030709832052,0.0052414719999999996,2.2360679774997898,5.0000000000000009,-0.80542802575577321,59.109525240294325,34.41784136229807,trajectory reached the configured outer_limit radius
74,504,0.79202280008184445,0.22633333333333328,fraction,250,0,outer_limit,nan,0,3.3709553656827231,0.0067578350000000002,2.2360679774997898,5.0000000000000009,-0.80543836201282992,59.108885191662637,34.418292864170645,trajectory reached the configured outer_limit radius
74,505,0.79202997900267424,0.22633333333333328,fraction,250,0,outer_limit,nan,0,3.3677246875001696,0.0075455410000000002,2.2360679774997898,5.0000000000000009,-0.8054486808426603,59.10824588776368,34.418742711364686,trajectory reached the configured outer_limit radius
74,506,0.79203715792350404,0.22633333333333328,fraction,250,0,outer_limit,nan,0,3.364510853345247,0.0075241300000000004,2.2360679774997907,5.0000000000000044,-0.80545898222863943,59.107607331633908,34.419190908513663,trajectory reached the configured outer_limit radius
74,507,0.79204433684433384,0.22633333333333328,fraction,250,0,outer_limit,nan,0,3.3613136831612906,0.0062489499999999996,2.2360679774997898,5.0000000000000009,-0.80546926615483927,59.10696952624501,34.419637460223598,trajectory reached the configured outer_limit radius
74,508,0.79205151576516364,0.22633333333333328,fraction,250,0,outer_limit,nan,0,3.3581329998562421,0.0068570660000000002,2.2360679774997898,5.0000000000000009,-0.80547953260601057,59.106332474506033,34.420082371072382,trajectory reached the configured outer_limit radius
74,509,0.79205869468599344,0.22633333333333328,fraction,250,0,outer_limit,nan,0,3.3549686292362177,0.0050751850000000003,2.2360679774997898,5.0000000000000009,-0.80548978156757156,59.105696179264044,34.420525645611264,trajectory reached the configured outer_limit radius
75,492,0.79193665303188676,0.24249999999999994,fraction,250,0,outer_limit,nan,0,3.4065418818196793,0.0071952869999999999,2.2360679774997898,5.0000000000000009,-0.80531002645254146,59.116769533256438,34.412516839340633,trajectory reached the configured outer_limit radius
75,493,0.79194383195271656,0.24249999999999994,fraction,250,0,outer_limit,nan,0,3.4030924512069429,0.0067435860000000002,2.2360679774997898,5.0000000000000009,-0.80532051888114298,59.116123440116148,34.412984827164529,trajectory reached the configured outer_limit radius
75,494,0.79195101087354636,0.24249999999999994,fraction,250,0,outer_limit,nan,0,3.3996623094624288,0.0070788700000000001,2.2360679774997898,5.0000000000000009,-0.80533099406389452,59.115478057893405,34.413451107743867,trajectory reached the configured outer_limit radius
75,495,0.79195818979437616,0.24249999999999994,fraction,250,0,outer_limit,nan,0,3.3962512343916305,0.0065459710000000003,2.2360679774997898,5.0000000000000009,-0.80534145197651819,59.114833390358584,34.413915686088366,trajectory reached the configured outer_limit radius
75,496,0.79196536871520595,0.24249999999999994,fraction,250,0,outer_limit,nan,0,3.3928590077587386,0.00585309,2.2360679774997898,5.0000000000000009,-0.80535189259557916,59.1141894412036,34.414378567173543,trajectory reached the configured outer_limit radius
75,497,0.79197254763603575,0.24249999999999994,fraction,250,0,outer_limit,nan,0,3.3894854151871381,0.0074710230000000002,2.2360679774997898,5.0000000000000009,-0.80536231589846774,59.113546214043268,34.414839755939099,trajectory reached the configured outer_limit radius
75,498,0.79197972655686566,0.24249999999999994,fraction,250,0,outer_limit,nan,0,3.3861302460671645,0.0076827420000000002,2.2360679774997898,5.0000000000000009,-0.80537272186338305,59.112903712417101,34.415299257291394,trajectory reached the configured outer_limit radius
75,499,0.79198690547769546,0.24249999999999994,fraction,250,0,outer_limit,nan,0,3.3827932934665408,0.0076635189999999997,2.2360679774997898,5.0000000000000009,-0.80538311046932187,59.112261939790386,34.415757076103688,trajectory reached the configured outer_limit radius
75,500,0.79199408439852526,0.24249999999999994,fraction,250,0,outer_limit,nan,0,3.3794743540406502,0.0077049500000000003,2.2360679774997898,5.0000000000000009,-0.80539348169605918,59.111620899555788,34.416213217216431,trajectory reached the configured outer_limit radius
75,501,0.79200126331935505,0.24249999999999994,fraction,250,0,outer_limit,nan,0,3.3761732279490229,0.007667508,2.2360679774997902,5.0000000000000027,-0.80540383552413575,59.110980595034775,34.416667685438618,trajectory reached the configured outer_limit radius
75,502,0.79200844224018485,0.24249999999999994,fraction,250,0,outer_limit,nan,0,3.3728897187727829,0.0056276980000000004,2.2360679774997898,5.0000000000000009,-0.80541417193484088,59.110341029478718,34.417120485547741,trajectory reached the configured outer_limit radius
75,503,0.79201562116101465,0.24249999999999994,fraction,250,0,outer_limit,nan,0,3.3696236334338643,0.007591197,2.2360679774997898,5.0000000000000009,-0.8054244909102023,59.109702206070693,34.417571622290957,trajectory reached the configured outer_limit radius
75,504,0.79202280008184445,0.24249999999999994,fraction,250,0,outer_limit,nan,0,3.3663747821176266,0.006295419,2.2360679774997898,5.0000000000000009,-0.8054347924329659,59.109064127926473,34.418021100384784,trajectory reached the configured outer_limit radius
75,505,0.79202997900267424,0.24249999999999994,fraction,250,0,outer_limit,nan,0,3.3631429781986242,0.0076535839999999997,2.2360679774997898,5.0000000000000009,-0.8054450764865918,59.108426798095394,34.41846892451683,trajectory reached the configured outer_limit radius
75,506,0.79203715792350404,0.24249999999999994,fraction,250,0,outer_limit,nan,0,3.3599280381657075,0.0072224639999999996,2.2360679774997898,5.0000000000000009,-0.8054553430552307,59.107790219562489,34.418915099345355,trajectory reached the configured outer_limit radius
75,507,0.79204433684433384,0.24249999999999994,fraction,250,0,outer_limit,nan,0,3.356729781552295,0.0073633789999999998,2.2360679774997898,5.0000000000000009,-0.80546559212371427,59.10715439524904,34.419359629499766,trajectory reached the configured outer_limit radius
75,508,0.79205151576516364,0.24249999999999994,fraction,250,0,outer_limit,nan,0,3.3535480308671937,0.0057402110000000003,2.2360679774997898,5.0000000000000009,-0.80547582367754555,59.106519328014052,34.419802519582738,trajectory reached the configured outer_limit radius
75,509,0.79205869468599344,0.24249999999999994,fraction,250,0,outer_limit,nan,0,3.3503826115275568,0.007684242,2.2360679774997898,5.0000000000000009,-0.80548603770288218,59.105885020654995,34.420243774167567,trajectory reached the configured outer_limit radius
76,492,0.79193665303188676,0.2586666666666666,fraction,250,0,outer_limit,nan,0,3.4020570567311745,0.0075838670000000002,2.2360679774997902,5.0000000000000027,-0.80530651111823082,59.116947135967237,34.412253146236267,trajectory reached the configured outer_limit radius
76,493,0.79194383195271656,0.2586666666666666,fraction,250,0,outer_limit,nan,0,3.3986062634553744,0.0070638569999999998,2.2360679774997898,5.0000000000000009,-0.80531696767777361,59.116303083386754,34.412719061160267,trajectory reached the configured outer_limit radius
76,494,0.79195101087354636,0.2586666666666666,fraction,250,0,outer_limit,nan,0,3.3951747841544022,0.0071475710000000001,2.2360679774997898,5.0000000000000009,-0.80532740694975302,59.115659745404486,34.413183269865534,trajectory reached the configured outer_limit radius
76,495,0.79195818979437616,0.2586666666666666,fraction,250,0,outer_limit,nan,0,3.3917623960804479,0.0068577830000000001,2.2360679774997898,5.0000000000000009,-0.80533782891076644,59.115017125732173,34.41364577738797,trajectory reached the configured outer_limit radius
76,496,0.79196536871520595,0.2586666666666666,fraction,250,0,outer_limit,nan,0,3.3883688804575609,0.0076882310000000002,2.2360679774997898,5.0000000000000009,-0.80534823353823703,59.114375228004185,34.41410658872833,trajectory reached the configured outer_limit radius
76,497,0.79197254763603575,0.2586666666666666,fraction,250,0,outer_limit,nan,0,3.3849940223852424,0.0058388600000000004,2.2360679774997898,5.0000000000000009,-0.80535862081040321,59.113734055778352,34.414565708851939,trajectory reached the configured outer_limit radius
76,498,0.79197972655686566,0.2586666666666666,fraction,250,0,outer_limit,nan,0,3.3816376107436938,0.0038962279999999998,2.2360679774997898,5.0000000000000009,-0.80536899070629642,59.113093612538513,34.41502314269038,trajectory reached the configured outer_limit radius
76,499,0.79198690547769546,0.2586666666666666,fraction,250,0,outer_limit,nan,0,3.3782994381047589,0.0051896909999999997,2.2360679774997898,5.0000000000000009,-0.80537934320573024,59.112453901694906,34.415478895140929,trajectory reached the configured outer_limit radius
76,500,0.79199408439852526,0.2586666666666666,fraction,250,0,outer_limit,nan,0,3.374979300641646,0.005982663,2.2360679774997898,5.0000000000000009,-0.80538967828928842,59.111814926585751,34.415932971067669,trajectory reached the configured outer_limit radius
76,501,0.79200126331935505,0.2586666666666666,fraction,250,0,outer_limit,nan,0,3.3716769980438661,0.0072436970000000003,2.2360679774997898,5.0000000000000009,-0.80539999593830003,59.111176690479766,34.416385375303733,trajectory reached the configured outer_limit radius
76,502,0.79200844224018485,0.2586666666666666,fraction,250,0,outer_limit,nan,0,3.3683923334359078,0.0078247799999999999,2.2360679774997898,5.0000000000000009,-0.80541029613483817,59.110539196575601,34.4168361126493,trajectory reached the configured outer_limit radius
76,503,0.79201562116101465,0.2586666666666666,fraction,250,0,outer_limit,nan,0,3.3651251132948885,0.0077004259999999998,2.2360679774997898,5.0000000000000009,-0.80542057886169593,59.109902448004462,34.417285187873397,trajectory reached the configured outer_limit radius
76,504,0.79202280008184445,0.2586666666666666,fraction,250,0,outer_limit,nan,0,3.3618751473734738,0.0074162100000000003,2.2360679774997898,5.0000000000000009,-0.80543084410238008,59.109266447830791,34.417732605714981,trajectory reached the configured outer_limit radius
76,505,0.79202997900267424,0.2586666666666666,fraction,250,0,outer_limit,nan,0,3.35864224862389,0.0072781119999999998,2.2360679774997898,5.0000000000000009,-0.80544109184108659,59.108631199054756,34.418178370883581,trajectory reached the configured outer_limit radius
76,506,0.79203715792350404,0.2586666666666666,fraction,250,0,outer_limit,nan,0,3.3554262331245575,0.0063376279999999997,2.2360679774997898,5.0000000000000009,-0.80545132206270109,59.107996704611175,34.418622488057665,trajectory reached the configured outer_limit radius
76,507,0.79204433684433384,0.2586666666666666,fraction,250,0,outer_limit,nan,0,3.3522269200100556,0.0065664369999999996,2.2360679774997898,5.0000000000000009,-0.80546153475277715,59.107362967373085,34.419064961888893,trajectory reached the configured outer_limit radius
76,508,0.79205151576516364,0.2586666666666666,fraction,250,0,outer_limit,nan,0,3.3490441313984847,0.0060903559999999999,2.2360679774997898,5.0000000000000009,-0.80547172989752636,59.106729990151301,34.41950579699899,trajectory reached the configured outer_limit radius
76,509,0.79205869468599344,0.2586666666666666,fraction,250,0,outer_limit,nan,0,3.3458776923284272,0.007905624,2.2360679774997898,5.0000000000000009,-0.80548190748380355,59.106097775696135,34.41994499798178,trajectory reached the configured outer_limit radius
77,492,0.79193665303188676,0.27483333333333326,fraction,250,0,outer_limit,nan,0,3.3976519224498438,0.0072667440000000003,2.2360679774997898,5.0000000000000009,-0.80530263286476078,59.117147006665711,34.411973053024852,trajectory reached the configured outer_limit radius
77,493,0.79194383195271656,0.27483333333333326,fraction,250,0,outer_limit,nan,0,3.3941998032648031,0.0078669110000000007,2.2360679774997898,5.0000000000000009,-0.8053130518918068,59.116505108639444,34.412436851797253,trajectory reached the configured outer_limit radius
77,494,0.79195101087354636,0.27483333333333326,fraction,250,0,outer_limit,nan,0,3.3907670225406128,0.0073653190000000004,2.2360679774997898,5.0000000000000009,-0.80532345359923518,59.115863928367034,34.412898945993412,trajectory reached the configured outer_limit radius
77,495,0.79195818979437616,0.27483333333333326,fraction,250,0,outer_limit,nan,0,3.3873533569885077,0.0078899390000000003,2.2360679774997898,5.0000000000000009,-0.80533383796447089,59.115223469503562,34.413359340671896,trajectory reached the configured outer_limit radius
77,496,0.79196536871520595,0.27483333333333326,fraction,250,0,outer_limit,nan,0,3.3839585873061795,0.0068309470000000004,2.2360679774997898,5.0000000000000009,-0.80534420496574965,59.114583735628315,34.413818040855851,trajectory reached the configured outer_limit radius
77,497,0.79197254763603575,0.27483333333333326,fraction,250,0,outer_limit,nan,0,3.3805824980816239,0.0073730180000000003,2.2360679774997898,5.0000000000000009,-0.80535455458210747,59.11394473024481,34.414275051532144,trajectory reached the configured outer_limit radius
77,498,0.79197972655686566,0.27483333333333326,fraction,250,0,outer_limit,nan,0,3.3772248776978118,0.007330507,2.2360679774997898,5.0000000000000009,-0.80536488679336138,59.113306456782801,34.414730377652518,trajectory reached the configured outer_limit radius
77,499,0.79198690547769546,0.27483333333333326,fraction,250,0,outer_limit,nan,0,3.3738855182419152,0.0070762780000000001,2.2360679774997898,5.0000000000000009,-0.80537520158009956,59.112668918599809,34.415184024135392,trajectory reached the configured outer_limit radius
77,500,0.79199408439852526,0.27483333333333326,fraction,250,0,outer_limit,nan,0,3.3705642154164828,0.0068899429999999999,2.2360679774997898,5.0000000000000009,-0.80538549892366229,59.112032118982484,34.415635995865401,trajectory reached the configured outer_limit radius
77,501,0.79200126331935505,0.27483333333333326,fraction,250,0,outer_limit,nan,0,3.3672607684534293,0.0069234889999999997,2.2360679774997902,5.0000000000000027,-0.80539577880612867,59.111396061147772,34.416086297694484,trajectory reached the configured outer_limit radius
77,502,0.79200844224018485,0.27483333333333326,fraction,250,0,outer_limit,nan,0,3.3639749800307057,0.0066494600000000003,2.2360679774997898,5.0000000000000009,-0.80540604121030668,59.11076074824426,34.416534934442694,trajectory reached the configured outer_limit radius
77,503,0.79201562116101465,0.27483333333333326,fraction,250,0,outer_limit,nan,0,3.360706656191581,0.0060523749999999996,2.2360679774997898,5.0000000000000009,-0.80541628611971205,59.110126183353593,34.416981910898137,trajectory reached the configured outer_limit radius
77,504,0.79202280008184445,0.27483333333333326,fraction,250,0,outer_limit,nan,0,3.3574556062661221,0.0051964990000000003,2.2360679774997898,5.0000000000000009,-0.80542651351855976,59.109492369491612,34.417427231818124,trajectory reached the configured outer_limit radius
77,505,0.79202997900267424,0.27483333333333326,fraction,250,0,outer_limit,nan,0,3.354221642795272,0.0074426989999999997,2.2360679774997898,5.0000000000000009,-0.80543672339175132,59.108859309609926,34.41787090192998,trajectory reached the configured outer_limit radius
77,506,0.79203715792350404,0.27483333333333326,fraction,250,0,outer_limit,nan,0,3.3510045814574565,0.0074769470000000003,2.2360679774997898,5.0000000000000009,-0.80544691572486082,59.108227006596351,34.418312925930792,trajectory reached the configured outer_limit radius
77,507,0.79204433684433384,0.27483333333333326,fraction,250,0,outer_limit,nan,0,3.3478042409957629,0.0073661489999999998,2.2360679774997898,5.0000000000000009,-0.80545709050411629,59.107595463277107,34.418753308488512,trajectory reached the configured outer_limit radius
77,508,0.79205151576516364,0.27483333333333326,fraction,250,0,outer_limit,nan,0,3.34462044314943,0.006610599,2.2360679774997898,5.0000000000000009,-0.80546724771640044,59.106964682416859,34.419192054242174,trajectory reached the configured outer_limit radius
77,509,0.79205869468599344,0.27483333333333326,fraction,250,0,outer_limit,nan,0,3.3414530125858812,0.0071852299999999999,2.2360679774997898,5.0000000000000009,-0.80547738734922292,59.106334666721267,34.419629167803322,trajectory reached the configured outer_limit radius
78,492,0.79193665303188676,0.29099999999999993,fraction,250,0,outer_limit,nan,0,3.3933257200952229,0.007390176,2.2360679774997898,5.0000000000000009,-0.80529838791783426,59.117369377625536,34.411676392195695,trajectory reached the configured outer_limit radius
78,493,0.79194383195271656,0.29099999999999993,fraction,250,0,outer_limit,nan,0,3.3898723108535505,0.0058114159999999998,2.2360679774997898,5.0000000000000009,-0.80530876773356386,59.116729749215693,34.412138031215818,trajectory reached the configured outer_limit radius
78,494,0.79195101087354636,0.29099999999999993,fraction,250,0,outer_limit,nan,0,3.3864382639521335,0.0071862239999999997,2.2360679774997898,5.0000000000000009,-0.80531913020737822,59.1160908411847,34.412597967925748,trajectory reached the configured outer_limit radius
78,495,0.79195818979437616,0.29099999999999993,fraction,250,0,outer_limit,nan,0,3.3830233555737821,0.0054440599999999997,2.2360679774997898,5.0000000000000009,-0.80532947531747778,59.115452657134185,34.413056207402967,trajectory reached the configured outer_limit radius
78,496,0.79196536871520595,0.29099999999999993,fraction,250,0,outer_limit,nan,0,3.3796273659028304,0.0076991689999999996,2.2360679774997898,5.0000000000000009,-0.80533980304286201,59.114815200589881,34.413512754687673,trajectory reached the configured outer_limit radius
78,497,0.79197254763603575,0.29099999999999993,fraction,250,0,outer_limit,nan,0,3.3762500790281877,0.0070361460000000001,2.2360679774997898,5.0000000000000009,-0.8053501133633173,59.114178475003214,34.41396761478466,trajectory reached the configured outer_limit radius
78,498,0.79197972655686566,0.29099999999999993,fraction,250,0,outer_limit,nan,0,3.3728912828468354,0.0079241320000000004,2.2360679774997898,5.0000000000000009,-0.80536040625940086,59.113542483752646,34.414420792663407,trajectory reached the configured outer_limit radius
78,499,0.79198690547769546,0.29099999999999993,fraction,250,0,outer_limit,nan,0,3.3695507689742912,0.0056280439999999996,2.2360679774997902,5.0000000000000027,-0.80537068171242332,59.112907230145311,34.414872293258611,trajectory reached the configured outer_limit radius
78,500,0.79199408439852526,0.29099999999999993,fraction,250,0,outer_limit,nan,0,3.3662283326530735,0.0073039639999999996,2.2360679774997898,5.0000000000000009,-0.80538093970444025,59.112272717417724,34.415322121471775,trajectory reached the configured outer_limit radius
78,501,0.79200126331935505,0.29099999999999993,fraction,250,0,outer_limit,nan,0,3.3629237726685206,0.0076119450000000002,2.2360679774997898,5.0000000000000009,-0.80539118021823375,59.111638948737962,34.415770282170726,trajectory reached the configured outer_limit radius
78,502,0.79200844224018485,0.29099999999999993,fraction,250,0,outer_limit,nan,0,3.3596368912628214,0.0065718809999999999,2.2360679774997898,5.0000000000000009,-0.80540140323729881,59.111005927206442,34.416216780190837,trajectory reached the configured outer_limit radius
78,503,0.79201562116101465,0.29099999999999993,fraction,250,0,outer_limit,nan,0,3.3563674940561414,0.007131264,2.2360679774997898,5.0000000000000009,-0.80541160874583062,59.110373655857565,34.416661620336157,trajectory reached the configured outer_limit radius
78,504,0.79202280008184445,0.29099999999999993,fraction,250,0,outer_limit,nan,0,3.3531153899661907,0.0042807189999999997,2.2360679774997898,5.0000000000000009,-0.80542179672871161,59.109742137660312,34.417104807378664,trajectory reached the configured outer_limit radius
78,505,0.79202997900267424,0.29099999999999993,fraction,250,0,outer_limit,nan,0,3.3498803911328232,0.0046382740000000004,2.2360679774997907,5.0000000000000044,-0.8054319671715009,59.10911137552025,34.417546346060142,trajectory reached the configured outer_limit radius
78,506,0.79203715792350404,0.29099999999999993,fraction,250,0,outer_limit,nan,0,3.3466623128430082,0.0044853189999999998,2.2360679774997898,5.0000000000000009,-0.80544212006041482,59.108481372279954,34.417986241092215,trajectory reached the configured outer_limit radius
78,507,0.79204433684433384,0.29099999999999993,fraction,250,0,outer_limit,nan,0,3.343460973459675,0.0066684470000000001,2.2360679774997898,5.0000000000000009,-0.80545225538232279,59.107852130720914,34.418424497156778,trajectory reached the configured outer_limit radius
78,508,0.79205151576516364,0.29099999999999993,fraction,250,0,outer_limit,nan,0,3.3402761943509294,0.0069692479999999999,2.2360679774997898,5.0000000000000009,-0.80546237312472624,59.107223653564404,34.418861118906712,trajectory reached the configured outer_limit radius
78,509,0.79205869468599344,0.29099999999999993,fraction,250,0,outer_limit,nan,0,3.3371077998229888,0.0076618950000000002,2.2360679774997898,5.0000000000000009,-0.80547247327575477,59.106595943472037,34.419296110965817,trajectory reached the configured outer_limit radius
79,492,0.79193665303188676,0.30716666666666659,fraction,250,0,outer_limit,nan,0,3.389077777125165,0.0056361229999999998,2.2360679774997898,5.0000000000000009,-0.80529377205871178,59.117614507280642,34.411362973216427,trajectory reached the configured outer_limit radius
79,493,0.79194383195271656,0.30716666666666659,fraction,250,0,outer_limit,nan,0,3.3856231128322891,0.0075269880000000001,2.2360679774997898,5.0000000000000009,-0.80530411096630095,59.116977264784573,34.411822408434247,trajectory reached the configured outer_limit radius
79,494,0.79195101087354636,0.30716666666666659,fraction,250,0,outer_limit,nan,0,3.3821878341651743,0.0070262850000000002,2.2360679774997898,5.0000000000000009,-0.80531443251953272,59.116340744756613,34.412280144237343,trajectory reached the configured outer_limit radius
79,495,0.79195818979437616,0.30716666666666659,fraction,250,0,outer_limit,nan,0,3.3787717167907814,0.0082800070000000007,2.2360679774997898,5.0000000000000009,-0.80532473669733262,59.115704950746881,34.412736185717897,trajectory reached the configured outer_limit radius
79,496,0.79196536871520595,0.30716666666666659,fraction,250,0,outer_limit,nan,0,3.3753745403933233,0.0069069029999999998,2.2360679774997898,5.0000000000000009,-0.8053350234794161,59.115069886230579,34.413190537930504,trajectory reached the configured outer_limit radius
79,497,0.79197254763603575,0.30716666666666659,fraction,250,0,outer_limit,nan,0,3.3719960885737006,0.0073858489999999999,2.2360679774997898,5.0000000000000009,-0.80534529284627021,59.114435554608988,34.413643205892974,trajectory reached the configured outer_limit radius
79,498,0.79197972655686566,0.30716666666666659,fraction,250,0,outer_limit,nan,0,3.3686361487559542,0.0069517930000000004,2.2360679774997898,5.0000000000000009,-0.80535554477914417,59.113801959211543,34.414094194588486,trajectory reached the configured outer_limit radius
79,499,0.79198690547769546,0.30716666666666659,fraction,250,0,outer_limit,nan,0,3.3652945120941697,0.0086893019999999994,2.2360679774997898,5.0000000000000009,-0.8053657792600275,59.113169103296869,34.414543508964918,trajectory reached the configured outer_limit radius
79,500,0.79199408439852526,0.30716666666666659,fraction,250,0,outer_limit,nan,0,3.3619709733826615,0.0059367609999999996,2.2360679774997911,5.0000000000000062,-0.80537599627163925,59.112536990054402,34.414991153935816,trajectory reached the configured outer_limit radius
79,501,0.79200126331935505,0.30716666666666659,fraction,250,0,outer_limit,nan,0,3.3586653309701693,0.0075237359999999996,2.2360679774997898,5.0000000000000009,-0.80538619579741844,59.111905622605086,34.415437134381897,trajectory reached the configured outer_limit radius
79,502,0.79200844224018485,0.30716666666666659,fraction,250,0,outer_limit,nan,0,3.3553773866750016,0.0075072860000000002,2.2360679774997898,5.0000000000000009,-0.80539637782150375,59.11127500400363,34.415881455150547,trajectory reached the configured outer_limit radius
79,503,0.79201562116101465,0.30716666666666659,fraction,250,0,outer_limit,nan,0,3.3521069457037451,0.0072728810000000001,2.2360679774997898,5.0000000000000009,-0.80540654232872588,59.110645137238684,34.416324121056938,trajectory reached the configured outer_limit radius
79,504,0.79202280008184445,0.30716666666666659,fraction,250,0,outer_limit,nan,0,3.3488538165718738,0.0074747060000000002,2.2360679774997898,5.0000000000000009,-0.80541668930458865,59.110016025235176,34.416765136885289,trajectory reached the configured outer_limit radius
79,505,0.79202997900267424,0.30716666666666659,fraction,250,0,outer_limit,nan,0,3.3456178110277572,0.0058006469999999999,2.2360679774997898,5.0000000000000009,-0.80542681873526312,59.109387670854431,34.41720450738805,trajectory reached the configured outer_limit radius
79,506,0.79203715792350404,0.30716666666666659,fraction,250,0,outer_limit,nan,0,3.3423987439768461,0.0072674810000000001,2.2360679774997902,5.0000000000000027,-0.80543693060756827,59.108760076896083,34.417642237287495,trajectory reached the configured outer_limit radius
79,507,0.79204433684433384,0.30716666666666659,fraction,250,0,outer_limit,nan,0,3.3391964334105046,0.0037708400000000001,2.2360679774997898,5.0000000000000009,-0.80544702490896392,59.108133246099136,34.418078331276305,trajectory reached the configured outer_limit radius
79,508,0.79205151576516364,0.30716666666666659,fraction,250,0,outer_limit,nan,0,3.3360107003354638,0.0058075339999999996,2.2360679774997898,5.0000000000000009,-0.80545710162753748,59.107507181142516,34.418512794017346,trajectory reached the configured outer_limit radius
79,509,0.79205869468599344,0.30716666666666659,fraction,250,0,outer_limit,nan,0,3.3328413687053171,0.0065340279999999999,2.2360679774997898,5.0000000000000009,-0.8054671607519871,59.106881884647365,34.418945630144947,trajectory reached the configured outer_limit radius
80,492,0.79193665303188676,0.32333333333333325,fraction,250,0,outer_limit,nan,0,3.3849075083734008,0.00768266,2.2360679774997898,5.0000000000000009,-0.80528878059759001,59.117882681811096,34.411032581204303,trajectory reached the configured outer_limit radius
80,493,0.79194383195271656,0.32333333333333325,fraction,250,0,outer_limit,nan,0,3.3814516232392546,0.0064217190000000002,2.2360679774997898,5.0000000000000009,-0.80529907687943802,59.117247942938398,34.411489768013908,trajectory reached the configured outer_limit radius
80,494,0.79195101087354636,0.32333333333333325,fraction,250,0,outer_limit,nan,0,3.3780151464345107,0.0064718390000000001,2.2360679774997898,5.0000000000000009,-0.80530935580444929,59.116613928081478,34.411945258941401,trajectory reached the configured outer_limit radius
80,495,0.79195818979437616,0.32333333333333325,fraction,250,0,outer_limit,nan,0,3.3745978531241398,0.0075404950000000004,2.2360679774997898,5.0000000000000009,-0.80531961735222801,59.115980640741043,34.412399059088685,trajectory reached the configured outer_limit radius
80,496,0.79196536871520595,0.32333333333333325,fraction,250,0,outer_limit,nan,0,3.371199522502605,0.0061591229999999999,2.2360679774997898,5.0000000000000009,-0.80532986150315389,59.115348084344099,34.41285117352092,trajectory reached the configured outer_limit radius
80,497,0.79197254763603575,0.32333333333333325,fraction,250,0,outer_limit,nan,0,3.3678199376959936,0.0058728859999999999,2.2360679774997898,5.0000000000000009,-0.805340088238367,59.114716262244357,34.413301607265979,trajectory reached the configured outer_limit radius
80,498,0.79197972655686566,0.32333333333333325,fraction,250,0,outer_limit,nan,0,3.364458885665802,0.0074651939999999996,2.2360679774997898,5.0000000000000009,-0.80535029753975917,59.114085177724306,34.413750365315956,trajectory reached the configured outer_limit radius
80,499,0.79198690547769546,0.32333333333333325,fraction,250,0,outer_limit,nan,0,3.3611161571165997,0.0074199829999999998,2.2360679774997898,5.0000000000000009,-0.80536048938994997,59.113454833996741,34.414197452628038,trajectory reached the configured outer_limit radius
80,500,0.79199408439852526,0.32333333333333325,fraction,250,0,outer_limit,nan,0,3.357791546405557,0.0075012910000000002,2.2360679774997898,5.0000000000000009,-0.80537066377227839,59.112825234205573,34.414642874124702,trajectory reached the configured outer_limit radius
80,501,0.79200126331935505,0.32333333333333325,fraction,250,0,outer_limit,nan,0,3.3544848514552599,0.0062070959999999996,2.2360679774997902,5.0000000000000027,-0.80538082067078964,59.112196381427744,34.415086634695122,trajectory reached the configured outer_limit radius
80,502,0.79200844224018485,0.32333333333333325,fraction,250,0,outer_limit,nan,0,3.3511958736699974,0.0078672719999999998,2.2360679774997898,5.0000000000000009,-0.80539096007022426,59.111568278673545,34.415528739195111,trajectory reached the configured outer_limit radius
80,503,0.79201562116101465,0.32333333333333325,fraction,250,0,outer_limit,nan,0,3.3479244178536423,0.0075330650000000002,2.2360679774997898,5.0000000000000009,-0.80540108195599769,59.110940928888986,34.415969192448024,trajectory reached the configured outer_limit radius
80,504,0.79202280008184445,0.32333333333333325,fraction,250,0,outer_limit,nan,0,3.3446702921291576,0.0076043040000000001,2.2360679774997898,5.0000000000000009,-0.80541118631419351,59.1103143349562,34.416407999245294,trajectory reached the configured outer_limit radius
80,505,0.79202997900267424,0.32333333333333325,fraction,250,0,outer_limit,nan,0,3.341433307862355,0.0070885899999999996,2.2360679774997898,5.0000000000000009,-0.80542127313154932,59.109688499694983,34.416845164347514,trajectory reached the configured outer_limit radius
80,506,0.79203715792350404,0.32333333333333325,fraction,250,0,outer_limit,nan,0,3.3382132795873276,0.0071926380000000003,2.2360679774997898,5.0000000000000009,-0.8054313423954429,59.109063425863837,34.417280692483978,trajectory reached the configured outer_limit radius
80,507,0.79204433684433384,0.32333333333333325,fraction,250,0,outer_limit,nan,0,3.3350100249321959,0.0060528300000000004,2.2360679774997898,5.0000000000000009,-0.80544139409388082,59.108439116161421,34.417714588354329,trajectory reached the configured outer_limit radius
80,508,0.79205151576516364,0.32333333333333325,fraction,250,0,outer_limit,nan,0,3.3318233645516364,0.0072286269999999996,2.2360679774997898,5.0000000000000009,-0.80545142821549109,59.10781557322688,34.418146856628169,trajectory reached the configured outer_limit radius
80,509,0.79205869468599344,0.32333333333333325,fraction,250,0,outer_limit,nan,0,3.3286531220547837,0.0077553470000000001,2.2360679774997898,5.0000000000000009,-0.80546144474950077,59.107192799642277,34.418577501946828,trajectory reached the configured outer_limit radius
81,492,0.79193665303188676,0.33949999999999991,fraction,250,0,outer_limit,nan,0,3.3808144175637072,0.0076462359999999998,2.2360679774997898,5.0000000000000009,-0.80528340834368795,59.118174216922313,34.410684975428509,trajectory reached the configured outer_limit radius
81,493,0.79194383195271656,0.33949999999999991,fraction,250,0,outer_limit,nan,0,3.3773573450537797,0.0074972249999999997,2.2360679774997898,5.0000000000000009,-0.80529366025848104,59.117542100982469,34.411139868555992,trajectory reached the configured outer_limit radius
81,494,0.79195101087354636,0.33949999999999991,fraction,250,0,outer_limit,nan,0,3.3739197030068682,0.0071979879999999998,2.2360679774997898,5.0000000000000009,-0.80530389482404241,59.116910710057894,34.411593069978302,trajectory reached the configured outer_limit radius
81,495,0.79195818979437616,0.33949999999999991,fraction,250,0,outer_limit,nan,0,3.3705012660974871,0.0052245420000000004,2.2360679774997898,5.0000000000000009,-0.80531411202060266,59.116280047602714,34.412044584804079,trajectory reached the configured outer_limit radius
81,496,0.79196536871520595,0.33949999999999991,fraction,250,0,outer_limit,nan,0,3.3671018130437766,0.0070037570000000002,2.2360679774997898,5.0000000000000009,-0.80532431182915842,59.115650116997145,34.412494418103655,trajectory reached the configured outer_limit radius
81,497,0.79197254763603575,0.33949999999999991,fraction,250,0,outer_limit,nan,0,3.363721126507436,0.0068170629999999999,2.2360679774997898,5.0000000000000009,-0.80533449423145254,59.115020921550261,34.412942574910893,trajectory reached the configured outer_limit radius
81,498,0.79197972655686566,0.33949999999999991,fraction,250,0,outer_limit,nan,0,3.3603589929994118,0.0075739969999999998,2.2360679774997898,5.0000000000000009,-0.80534465920996789,59.114392464500213,34.413389060223793,trajectory reached the configured outer_limit radius
81,499,0.79198690547769546,0.33949999999999991,fraction,250,0,outer_limit,nan,0,3.3570152027853295,0.00753355,2.2360679774997898,5.0000000000000009,-0.8053548067479076,59.113764749015701,34.413833879004088,trajectory reached the configured outer_limit radius
81,500,0.79199408439852526,0.33949999999999991,fraction,250,0,outer_limit,nan,0,3.3536895497959192,0.0071028200000000001,2.2360679774997898,5.0000000000000009,-0.80536493682918442,59.113137778197967,34.414277036180401,trajectory reached the configured outer_limit radius
81,501,0.79200126331935505,0.33949999999999991,fraction,250,0,outer_limit,nan,0,3.3503818315388951,0.0075242979999999996,2.2360679774997898,5.0000000000000009,-0.80537504943840355,59.112511555081412,34.414718536645978,trajectory reached the configured outer_limit radius
81,502,0.79200844224018485,0.33949999999999991,fraction,250,0,outer_limit,nan,0,3.3470918490141677,0.0070848020000000003,2.2360679774997898,5.0000000000000009,-0.80538514456085508,59.111886082634932,34.415158385260632,trajectory reached the configured outer_limit radius
81,503,0.79201562116101465,0.33949999999999991,fraction,250,0,outer_limit,nan,0,3.343819406632182,0.0067918400000000004,2.2360679774997898,5.0000000000000009,-0.80539522218249826,59.111261363763653,34.415596586853269,trajectory reached the configured outer_limit radius
81,504,0.79202280008184445,0.33949999999999991,fraction,250,0,outer_limit,nan,0,3.3405643121330608,0.0068850430000000004,2.2360679774997898,5.0000000000000009,-0.80540528228994868,59.110637401309447,34.41603314621905,trajectory reached the configured outer_limit radius
81,505,0.79202997900267424,0.33949999999999991,fraction,250,0,outer_limit,nan,0,3.3373263765103331,0.004545744,2.2360679774997898,5.0000000000000009,-0.80541532487046552,59.110014198052347,34.41646806812156,trajectory reached the configured outer_limit radius
81,506,0.79203715792350404,0.33949999999999991,fraction,250,0,outer_limit,nan,0,3.3341054139345023,0.0053445510000000003,2.2360679774997898,5.0000000000000009,-0.80542534991193993,59.109391756712327,34.416901357295124,trajectory reached the configured outer_limit radius
81,507,0.79204433684433384,0.33949999999999991,fraction,250,0,outer_limit,nan,0,3.3309012416815191,0.0072074679999999999,2.2360679774997898,5.0000000000000009,-0.80543535740288552,59.108770079949309,34.417333018442243,trajectory reached the configured outer_limit radius
81,508,0.79205151576516364,0.33949999999999991,fraction,250,0,outer_limit,nan,0,3.3277136800601781,0.005693984,2.2360679774997898,5.0000000000000009,-0.8054453473324209,59.108149170365046,34.417763056235671,trajectory reached the configured outer_limit radius
81,509,0.79205869468599344,0.33949999999999991,fraction,250,0,outer_limit,nan,0,3.324542552345541,0.0075618760000000004,2.2360679774997898,5.0000000000000009,-0.80545531969026585,59.107529030504175,34.418191475319965,trajectory reached the configured outer_limit radius
82,492,0.79193665303188676,0.35566666666666658,fraction,250,0,outer_limit,nan,0,3.3767980993405953,0.0072338970000000004,2.2360679774997898,5.0000000000000009,-0.80527764957162207,59.11848945984341,34.410319887619934,trajectory reached the configured outer_limit radius
82,493,0.79194383195271656,0.35566666666666658,fraction,250,0,outer_limit,nan,0,3.3733398722249111,0.0078133200000000003,2.2360679774997898,5.0000000000000009,-0.80528785535121405,59.117860087945445,34.41077244100466,trajectory reached the configured outer_limit radius
82,494,0.79195101087354636,0.35566666666666658,fraction,250,0,outer_limit,nan,0,3.3699010971471406,0.0057830950000000002,2.2360679774997898,5.0000000000000009,-0.80529804379939396,59.117231441507002,34.41122330751444,trajectory reached the configured outer_limit radius
82,495,0.79195818979437616,0.35566666666666658,fraction,250,0,outer_limit,nan,0,3.3664815483026129,0.0073994079999999997,2.2360679774997911,5.0000000000000062,-0.8053082148969678,59.116603523937876,34.411672492259783,trajectory reached the configured outer_limit radius
82,496,0.79196536871520595,0.35566666666666658,fraction,250,0,outer_limit,nan,0,3.3630810039447581,0.0072046130000000003,2.2360679774997898,5.0000000000000009,-0.805318368625494,59.115976338574512,34.412120000312648,trajectory reached the configured outer_limit radius
82,497,0.79197254763603575,0.35566666666666658,fraction,250,0,outer_limit,nan,0,3.3596992462827129,0.0069027699999999999,2.2360679774997898,5.0000000000000009,-0.80532850496727193,59.115349888683667,34.412565836709668,trajectory reached the configured outer_limit radius
82,498,0.79197972655686566,0.35566666666666658,fraction,250,0,outer_limit,nan,0,3.3563360613876307,0.0057429580000000003,2.2360679774997898,5.0000000000000009,-0.8053386239053264,59.114724177460985,34.413010006449532,trajectory reached the configured outer_limit radius
82,499,0.79198690547769546,0.35566666666666658,fraction,250,0,outer_limit,nan,0,3.3529912390974812,0.0069110730000000002,2.2360679774997898,5.0000000000000009,-0.80534872542339409,59.114099208034048,34.413452514495731,trajectory reached the configured outer_limit radius
82,500,0.79199408439852526,0.35566666666666658,fraction,250,0,outer_limit,nan,0,3.3496645729264976,0.0059931050000000003,2.2360679774997898,5.0000000000000009,-0.80535880950591143,59.113474983463242,34.413893365777646,trajectory reached the configured outer_limit radius
82,501,0.79200126331935505,0.35566666666666658,fraction,250,0,outer_limit,nan,0,3.3463558599778378,0.0075114470000000001,2.2360679774997898,5.0000000000000009,-0.80536887613799879,59.112851506742757,34.414332565189312,trajectory reached the configured outer_limit radius
82,502,0.79200844224018485,0.35566666666666658,fraction,250,0,outer_limit,nan,0,3.3430649008568412,0.0075296929999999996,2.2360679774997898,5.0000000000000009,-0.80537892530544919,59.11222878080256,34.414770117591985,trajectory reached the configured outer_limit radius
82,503,0.79201562116101465,0.35566666666666658,fraction,250,0,outer_limit,nan,0,3.3397914995905618,0.0063701249999999999,2.2360679774997898,5.0000000000000009,-0.80538895699471658,59.111606808508846,34.415206027814357,trajectory reached the configured outer_limit radius
82,504,0.79202280008184445,0.35566666666666658,fraction,250,0,outer_limit,nan,0,3.3365354635462605,0.0064067569999999999,2.2360679774997898,5.0000000000000009,-0.80539897119290338,59.110985592665514,34.415640300652342,trajectory reached the configured outer_limit radius
82,505,0.79202997900267424,0.35566666666666658,fraction,250,0,outer_limit,nan,0,3.333296603353423,0.0068181079999999998,2.2360679774997898,5.0000000000000009,-0.80540896788774463,59.110365136015346,34.416072940870052,trajectory reached the configured outer_limit radius
82,506,0.79203715792350404,0.35566666666666658,fraction,250,0,outer_limit,nan,0,3.3300747328288112,0.0066868429999999996,2.2360679774997898,5.0000000000000009,-0.80541894706760175,59.109745441241401,34.416503953201676,trajectory reached the configured outer_limit radius
82,507,0.79204433684433384,0.35566666666666658,fraction,250,0,outer_limit,nan,0,3.3268696689037691,0.0074719180000000001,2.2360679774997898,5.0000000000000009,-0.80542890872144712,59.109126510967357,34.416933342349282,trajectory reached the configured outer_limit radius
82,508,0.79205151576516364,0.35566666666666658,fraction,250,0,outer_limit,nan,0,3.323681231551141,0.0058872530000000003,2.2360679774997898,5.0000000000000009,-0.80543885283884997,59.108508347759731,34.417361112986335,trajectory reached the configured outer_limit radius
82,509,0.79205869468599344,0.35566666666666658,fraction,250,0,outer_limit,nan,0,3.3205092437187442,0.0071487080000000001,2.2360679774997911,5.0000000000000062,-0.80544877940997539,59.107890954127946,34.417787269756239,trajectory reached the configured outer_limit radius
83,492,0.79193665303188676,0.37183333333333324,fraction,250,0,outer_limit,nan,0,3.3728582418644319,0.0049255519999999997,2.2360679774997898,5.0000000000000009,-0.80527149798358499,59.118828791570635,34.40993702005958,trajectory reached the configured outer_limit radius
83,493,0.79194383195271656,0.37183333333333324,fraction,250,0,outer_limit,nan,0,3.3693988922678417,0.0072898420000000004,2.2360679774997898,5.0000000000000009,-0.80528165582967393,59.118202286835881,34.410387186728464,trajectory reached the configured outer_limit radius
83,494,0.79195101087354636,0.37183333333333324,fraction,250,0,outer_limit,nan,0,3.3659590157342212,0.0069368110000000002,2.2360679774997898,5.0000000000000009,-0.80529179637252302,59.117576507442166,34.410835672014635,trajectory reached the configured outer_limit radius
83,495,0.79195818979437616,0.37183333333333324,fraction,250,0,outer_limit,nan,0,3.3625383859922073,0.0049856259999999999,2.2360679774997898,5.0000000000000009,-0.80530191959346009,59.116951456757562,34.411282481026902,trajectory reached the configured outer_limit radius
83,496,0.79196536871520595,0.37183333333333324,fraction,250,0,outer_limit,nan,0,3.3591367808411516,0.0069908269999999998,2.2360679774997898,5.0000000000000009,-0.80531202547455838,59.116327138078013,34.411727618835684,trajectory reached the configured outer_limit radius
83,497,0.79197254763603575,0.37183333333333324,fraction,250,0,outer_limit,nan,0,3.3557539820495936,0.0065198549999999997,2.2360679774997898,5.0000000000000009,-0.8053221139986203,59.115703554628858,34.412171090473791,trajectory reached the configured outer_limit radius
83,498,0.79197972655686566,0.37183333333333324,fraction,250,0,outer_limit,nan,0,3.3523897752601819,0.0069544180000000004,2.2360679774997898,5.0000000000000009,-0.80533218514916649,59.115080709566314,34.412612900938321,trajectory reached the configured outer_limit radius
83,499,0.79198690547769546,0.37183333333333324,fraction,250,0,outer_limit,nan,0,3.3490439498926339,0.0075132480000000001,2.2360679774997898,5.0000000000000009,-0.80534223891041423,59.114458605979067,34.413053055189877,trajectory reached the configured outer_limit radius
83,500,0.79199408439852526,0.37183333333333324,fraction,250,0,outer_limit,nan,0,3.3457162990559248,0.0062489850000000003,2.2360679774997898,5.0000000000000009,-0.8053522752672746,59.113837246889275,34.413491558154789,trajectory reached the configured outer_limit radius
83,501,0.79200126331935505,0.37183333333333324,fraction,250,0,outer_limit,nan,0,3.3424066194578148,0.0045089049999999997,2.2360679774997898,5.0000000000000009,-0.80536229420533545,59.113216635253288,34.413928414724715,trajectory reached the configured outer_limit radius
83,502,0.79200844224018485,0.37183333333333324,fraction,250,0,outer_limit,nan,0,3.3391147113203266,0.005625166,2.2360679774997898,5.0000000000000009,-0.80537229571084645,59.112596773963972,34.41436362975773,trajectory reached the configured outer_limit radius
83,503,0.79201562116101465,0.37183333333333324,fraction,250,0,outer_limit,nan,0,3.3358403782957815,0.0074632750000000001,2.2360679774997902,5.0000000000000027,-0.80538227977070886,59.111977665851157,34.414797208078795,trajectory reached the configured outer_limit radius
83,504,0.79202280008184445,0.37183333333333324,fraction,250,0,outer_limit,nan,0,3.3325834273870973,0.0077613059999999999,2.2360679774997898,5.0000000000000009,-0.80539224637246276,59.111359313683032,34.415229154480912,trajectory reached the configured outer_limit radius
83,505,0.79202997900267424,0.37183333333333324,fraction,250,0,outer_limit,nan,0,3.3293436688700928,0.0073713709999999998,2.2360679774997898,5.0000000000000009,-0.80540219550427605,59.110741720167269,34.415659473725,trajectory reached the configured outer_limit radius
83,506,0.79203715792350404,0.37183333333333324,fraction,250,0,outer_limit,nan,0,3.3261209162159764,0.007685674,2.2360679774997898,5.0000000000000009,-0.80541212715493227,59.110124887951955,34.416088170540704,trajectory reached the configured outer_limit radius
83,507,0.79204433684433384,0.37183333333333324,fraction,250,0,outer_limit,nan,0,3.3229149860194762,0.0068041569999999999,2.2360679774997898,5.0000000000000009,-0.80542204131381845,59.109508819627209,34.416515249627622,trajectory reached the configured outer_limit radius
83,508,0.79205151576516364,0.37183333333333324,fraction,250,0,outer_limit,nan,0,3.3197256979273204,0.007218347,2.2360679774997898,5.0000000000000009,-0.80543193797091128,59.108893517725861,34.416940715654469,trajectory reached the configured outer_limit radius
83,509,0.79205869468599344,0.37183333333333324,fraction,250,0,outer_limit,nan,0,3.3165528745672321,0.0070240110000000001,2.2360679774997898,5.0000000000000009,-0.8054418171167731,59.108278984724208,34.417364573260706,trajectory reached the configured outer_limit radius
84,492,0.79193665303188676,0.3879999999999999,fraction,250,0,outer_limit,nan,0,3.3689946300312799,0.0085663059999999992,2.2360679774997902,5.0000000000000027,-0.80526494666678083,59.119192629392529,34.409536043427757,trajectory reached the configured outer_limit radius
84,493,0.79194383195271656,0.3879999999999999,fraction,250,0,outer_limit,nan,0,3.3655341894812647,0.0071660339999999999,2.2360679774997898,5.0000000000000009,-0.8052750547473414,59.118569117182581,34.40998377535913,trajectory reached the configured outer_limit radius
84,494,0.79195101087354636,0.3879999999999999,fraction,250,0,outer_limit,nan,0,3.3620932424786227,0.0077092769999999996,2.2360679774997911,5.0000000000000062,-0.80528514556333808,59.117946329625141,34.410429832073326,trajectory reached the configured outer_limit radius
84,495,0.79195818979437616,0.3879999999999999,fraction,250,0,outer_limit,nan,0,3.358671562297443,0.0074161610000000001,2.2360679774997902,5.0000000000000027,-0.80529521909657098,59.117324270048307,34.410874218672589,trajectory reached the configured outer_limit radius
84,496,0.79196536871520595,0.3879999999999999,fraction,250,0,outer_limit,nan,0,3.3552689262940349,0.0072595109999999997,2.2360679774997898,5.0000000000000009,-0.8053052753295743,59.116702941709491,34.411316940220878,trajectory reached the configured outer_limit radius
84,497,0.79197254763603575,0.3879999999999999,fraction,250,0,outer_limit,nan,0,3.3518851158075504,0.0071028289999999997,2.2360679774997898,5.0000000000000009,-0.80531531424560254,59.11608234779635,34.411758001744772,trajectory reached the configured outer_limit radius
84,498,0.79197972655686566,0.3879999999999999,fraction,250,0,outer_limit,nan,0,3.3485199160614041,0.0066958319999999997,2.2360679774997898,5.0000000000000009,-0.80532533582861732,59.11546249142777,34.412197408234675,trajectory reached the configured outer_limit radius
84,499,0.79198690547769546,0.3879999999999999,fraction,250,0,outer_limit,nan,0,3.3451731160697662,0.0076347580000000002,2.2360679774997898,5.0000000000000009,-0.80533534006327412,59.114843375655397,34.412635164644016,trajectory reached the configured outer_limit radius
84,500,0.79199408439852526,0.3879999999999999,fraction,250,0,outer_limit,nan,0,3.3418445085453818,0.0074151429999999999,2.2360679774997902,5.0000000000000027,-0.80534532693490601,59.114225003465819,34.413071275893046,trajectory reached the configured outer_limit radius
84,501,0.79200126331935505,0.3879999999999999,fraction,250,0,outer_limit,nan,0,3.3385338898111931,0.0066809130000000001,2.2360679774997898,5.0000000000000009,-0.80535529642951897,59.113607377779765,34.413505746866072,trajectory reached the configured outer_limit radius
84,502,0.79200844224018485,0.3879999999999999,fraction,250,0,outer_limit,nan,0,3.335241059713955,0.006594216,2.2360679774997898,5.0000000000000009,-0.80536524853376956,59.112990501455485,34.413938582414097,trajectory reached the configured outer_limit radius
84,503,0.79201562116101465,0.3879999999999999,fraction,250,0,outer_limit,nan,0,3.3319658215416523,0.0067218759999999999,2.2360679774997898,5.0000000000000009,-0.80537518323496071,59.112374377288532,34.414369787355234,trajectory reached the configured outer_limit radius
84,504,0.79202280008184445,0.3879999999999999,fraction,250,0,outer_limit,nan,0,3.3287079819430372,0.007514583,2.2360679774997898,5.0000000000000009,-0.80538510052102374,59.11175900801377,34.414799366475364,trajectory reached the configured outer_limit radius
84,505,0.79202997900267424,0.3879999999999999,fraction,250,0,outer_limit,nan,0,3.3254673508472097,0.0073823379999999996,2.2360679774997898,5.0000000000000009,-0.80539500038051326,59.111144396305477,34.415227324528146,trajectory reached the configured outer_limit radius
84,506,0.79203715792350404,0.3879999999999999,fraction,250,0,outer_limit,nan,0,3.3222437413895149,0.0048710480000000002,2.2360679774997898,5.0000000000000009,-0.80540488280258549,59.110530544779913,34.415653666235727,trajectory reached the configured outer_limit radius
84,507,0.79204433684433384,0.3879999999999999,fraction,250,0,outer_limit,nan,0,3.3190369698369824,0.007078478,2.2360679774997907,5.0000000000000044,-0.80541474777699895,59.109917455995287,34.416078396291113,trajectory reached the configured outer_limit radius
84,508,0.79205151576516364,0.3879999999999999,fraction,250,0,outer_limit,nan,0,3.3158468555167899,0.005955391,2.2360679774997898,5.0000000000000009,-0.80542459529409249,59.109305132452519,34.416501519354576,trajectory reached the configured outer_limit radius
84,509,0.79205869468599344,0.3879999999999999,fraction,250,0,outer_limit,nan,0,3.3126732207465608,0.007684939,2.2360679774997898,5.0000000000000009,-0.80543442534478094,59.108693576598064,34.416923040059032,trajectory reached the configured outer_limit radius
85,492,0.79193665303188676,0.40416666666666656,fraction,250,0,outer_limit,nan,0,3.3652071493860438,0.0064656289999999996,2.2360679774997911,5.0000000000000062,-0.8052579880454257,59.119581429732435,34.409116594365116,trajectory reached the configured outer_limit radius
85,493,0.79194383195271656,0.40416666666666656,fraction,250,0,outer_limit,nan,0,3.3617456488613593,0.0069404749999999998,2.2360679774997898,5.0000000000000009,-0.8052680444908793,59.118961037894941,34.409561842344786,trajectory reached the configured outer_limit radius
85,494,0.79195101087354636,0.40416666666666656,fraction,250,0,outer_limit,nan,0,3.3583036618360209,0.0074748159999999996,2.2360679774997898,5.0000000000000009,-0.80527808372111287,59.118341369441978,34.410005421956846,trajectory reached the configured outer_limit radius
85,495,0.79195818979437616,0.40416666666666656,fraction,250,0,outer_limit,nan,0,3.3548809611409132,0.0069346729999999997,2.2360679774997898,5.0000000000000009,-0.80528810571834597,59.117722427665036,34.410447338293118,trajectory reached the configured outer_limit radius
85,496,0.79196536871520595,0.40416666666666656,fraction,250,0,outer_limit,nan,0,3.3514773237013515,0.0075612759999999996,2.2360679774997898,5.0000000000000009,-0.80529811046552147,59.117104215785091,34.410887596406283,trajectory reached the configured outer_limit radius
85,497,0.79197254763603575,0.40416666666666656,fraction,250,0,outer_limit,nan,0,3.3480925304371976,0.0072393650000000002,2.2360679774997898,5.0000000000000009,-0.80530809794629432,59.116486736954002,34.411326201312455,trajectory reached the configured outer_limit radius
85,498,0.79197972655686566,0.40416666666666656,fraction,250,0,outer_limit,nan,0,3.3447263661639792,0.0076632260000000004,2.2360679774997898,5.0000000000000009,-0.80531806814501805,59.115869994255867,34.411763157990528,trajectory reached the configured outer_limit radius
85,499,0.79198690547769546,0.40416666666666656,fraction,250,0,outer_limit,nan,0,3.341378619499447,0.0061784190000000001,2.2360679774997898,5.0000000000000009,-0.80532802104673007,59.115253990708453,34.412198471384592,trajectory reached the configured outer_limit radius
85,500,0.79199408439852526,0.40416666666666656,fraction,250,0,outer_limit,nan,0,3.3380490827706604,0.0073488470000000004,2.2360679774997898,5.0000000000000009,-0.8053379566371407,59.114638729264342,34.412632146402771,trajectory reached the configured outer_limit radius
85,501,0.79200126331935505,0.40416666666666656,fraction,250,0,outer_limit,nan,0,3.3347375519253211,0.0070450119999999998,2.2360679774997898,5.0000000000000009,-0.80534787490262216,59.114024212811458,34.413064187918778,trajectory reached the configured outer_limit radius
85,502,0.79200844224018485,0.40416666666666656,fraction,250,0,outer_limit,nan,0,3.3314438264451143,0.0075288020000000002,2.2360679774997898,5.0000000000000009,-0.80535777583019186,59.113410444175244,34.413494600772587,trajectory reached the configured outer_limit radius
85,503,0.79201562116101465,0.40416666666666656,fraction,250,0,outer_limit,nan,0,3.3281677092626301,0.0080702059999999999,2.2360679774997898,5.0000000000000009,-0.80536765940750177,59.11279742612026,34.413923389772123,trajectory reached the configured outer_limit radius
85,504,0.79202280008184445,0.40416666666666656,fraction,250,0,outer_limit,nan,0,3.3249090066803744,0.0080112250000000003,2.2360679774997898,5.0000000000000009,-0.80537752562283094,59.112185161349082,34.414350559690995,trajectory reached the configured outer_limit radius
85,505,0.79202997900267424,0.40416666666666656,fraction,250,0,outer_limit,nan,0,3.321667528291143,0.0067732759999999999,2.2360679774997898,5.0000000000000009,-0.80538737446506858,59.111573652506117,34.414776115273199,trajectory reached the configured outer_limit radius
85,506,0.79203715792350404,0.40416666666666656,fraction,250,0,outer_limit,nan,0,3.3184430869018362,0.0069368750000000003,2.2360679774997898,5.0000000000000009,-0.80539720592370168,59.11096290217732,34.415200061229577,trajectory reached the configured outer_limit radius
85,507,0.79204433684433384,0.40416666666666656,fraction,250,0,outer_limit,nan,0,3.3152354984605763,0.0078883960000000006,2.2360679774997898,5.0000000000000009,-0.80540701998881015,59.110352912890768,34.415622402240473,trajectory reached the configured outer_limit radius
85,508,0.79205151576516364,0.40416666666666656,fraction,250,0,outer_limit,nan,0,3.3120445819829882,0.0064817030000000001,2.2360679774997898,5.0000000000000009,-0.80541681665105169,59.109743687119007,34.416043142957498,trajectory reached the configured outer_limit radius
85,509,0.79205869468599344,0.40416666666666656,fraction,250,0,outer_limit,nan,0,3.3088701594842451,0.0067674359999999999,2.2360679774997898,5.0000000000000009,-0.805426595901649,59.109135227279495,34.416462288001028,trajectory reached the configured outer_limit radius
86,492,0.79193665303188676,0.42033333333333323,fraction,250,0,outer_limit,nan,0,3.3614957908143985,0.0071681729999999999,2.2360679774997898,5.0000000000000009,-0.80525061382655472,59.119995691356351,34.408678272716479,trajectory reached the configured outer_limit radius
86,493,0.79194383195271656,0.42033333333333323,fraction,250,0,outer_limit,nan,0,3.3580332607930745,0.0080988220000000003,2.2360679774997898,5.0000000000000009,-0.8052606167256291,59.119378550490751,34.409120986182089,trajectory reached the configured outer_limit radius
86,494,0.79195101087354636,0.42033333333333323,fraction,250,0,outer_limit,nan,0,3.3545902636987828,0.0073919609999999998,2.2360679774997898,5.0000000000000009,-0.80527060246967519,59.118762131152998,34.409562038825825,trajectory reached the configured outer_limit radius
86,495,0.79195818979437616,0.42033333333333323,fraction,250,0,outer_limit,nan,0,3.3511665719296633,0.0074507250000000001,2.2360679774997898,5.0000000000000009,-0.80528057104127615,59.118146436600277,34.410001435723856,trajectory reached the configured outer_limit radius
86,496,0.79196536871520595,0.42033333333333323,fraction,250,0,outer_limit,nan,0,3.3477619619912549,0.0071713050000000002,2.2360679774997898,5.0000000000000009,-0.80529052242372956,59.117531470020083,34.410439181914761,trajectory reached the configured outer_limit radius
86,497,0.79197254763603575,0.42033333333333323,fraction,250,0,outer_limit,nan,0,3.3443762143948814,0.0075564439999999998,2.2360679774997898,5.0000000000000009,-0.80530045660103944,59.116917234531257,34.410875282399395,trajectory reached the configured outer_limit radius
86,498,0.79197972655686566,0.42033333333333323,fraction,250,0,outer_limit,nan,0,3.3410091135591453,0.0070064020000000001,2.2360679774997898,5.0000000000000009,-0.80531037355789892,59.116303733185497,34.411309742141562,trajectory reached the configured outer_limit radius
86,499,0.79198690547769546,0.42033333333333323,fraction,250,0,outer_limit,nan,0,3.3376604477148892,0.0080551530000000007,2.2360679774997898,5.0000000000000009,-0.80532027327967759,59.115690968968508,34.41174256606989,trajectory reached the configured outer_limit radius
86,500,0.79199408439852526,0.42033333333333323,fraction,250,0,outer_limit,nan,0,3.3343300088138035,0.0073180010000000002,2.2360679774997898,5.0000000000000009,-0.80533015575241085,59.115078944801546,34.412173759077632,trajectory reached the configured outer_limit radius
86,501,0.79200126331935505,0.42033333333333323,fraction,250,0,outer_limit,nan,0,3.331017592437624,0.0081919869999999995,2.2360679774997902,5.0000000000000027,-0.8053400209627869,59.114467663542499,34.412603326024055,trajectory reached the configured outer_limit radius
86,502,0.79200844224018485,0.42033333333333323,fraction,250,0,outer_limit,nan,0,3.327722997712264,0.0068779519999999997,2.2360679774997898,5.0000000000000009,-0.80534986889813287,59.113857127986606,34.413031271734297,trajectory reached the configured outer_limit radius
86,503,0.79201562116101465,0.42033333333333323,fraction,250,0,outer_limit,nan,0,3.3244460272244409,0.0074554779999999998,2.2360679774997898,5.0000000000000009,-0.80535969954640663,59.113247340868227,34.413457601000502,trajectory reached the configured outer_limit radius
86,504,0.79202280008184445,0.42033333333333323,fraction,250,0,outer_limit,nan,0,3.3211864869388763,0.0073061230000000003,2.2360679774997898,5.0000000000000009,-0.80536951289617986,59.112638304861932,34.413882318582296,trajectory reached the configured outer_limit radius
86,505,0.79202997900267424,0.42033333333333323,fraction,250,0,outer_limit,nan,0,3.3179441861206387,0.0063670350000000001,2.2360679774997898,5.0000000000000009,-0.80537930893663168,59.112030022583177,34.4143054292079,trajectory reached the configured outer_limit radius
86,506,0.79203715792350404,0.42033333333333323,fraction,250,0,outer_limit,nan,0,3.3147189372572581,0.0073697390000000002,2.2360679774997898,5.0000000000000009,-0.80538908765753381,59.111422496589853,34.41472693757369,trajectory reached the configured outer_limit radius
86,507,0.79204433684433384,0.42033333333333323,fraction,250,0,outer_limit,nan,0,3.3115105559853282,0.0066441640000000001,2.2360679774997898,5.0000000000000009,-0.80539884904923953,59.110815729383305,34.415146848345856,trajectory reached the configured outer_limit radius
86,508,0.79205151576516364,0.42033333333333323,fraction,250,0,outer_limit,nan,0,3.3083188610177987,0.0071730259999999999,2.2360679774997898,5.0000000000000009,-0.80540859310267754,59.110209723408644,34.415565166159787,trajectory reached the configured outer_limit radius
86,509,0.79205869468599344,0.42033333333333323,fraction,250,0,outer_limit,nan,0,3.305143674073745,0.0074277759999999996,2.2360679774997898,5.0000000000000009,-0.80541831980933254,59.109604481057325,34.415981895622544,trajectory reached the configured outer_limit radius
87,492,0.79193665303188676,0.43649999999999989,fraction,250,0,outer_limit,nan,0,3.357860656116709,0.0071737179999999999,2.2360679774997898,5.0000000000000009,-0.80524281493868721,59.120435959002812,34.408220638404664,trajectory reached the configured outer_limit radius
87,493,0.79194383195271656,0.43649999999999989,fraction,250,0,outer_limit,nan,0,3.3543971266250954,0.007462158,2.2360679774997898,5.0000000000000009,-0.80525276233393839,59.119822202746477,34.408660765275876,trajectory reached the configured outer_limit radius
87,494,0.79195101087354636,0.43649999999999989,fraction,250,0,outer_limit,nan,0,3.3509531489698996,0.0068275749999999998,2.2360679774997898,5.0000000000000009,-0.80526269264538886,59.119209165563042,34.409099239580534,trajectory reached the configured outer_limit radius
87,495,0.79195818979437616,0.43649999999999989,fraction,250,0,outer_limit,nan,0,3.3475284951282647,0.0078648290000000003,2.2360679774997898,5.0000000000000009,-0.80527260585593297,59.118596850677655,34.409536066375004,trajectory reached the configured outer_limit radius
87,496,0.79196536871520595,0.43649999999999989,fraction,250,0,outer_limit,nan,0,3.3441229411964195,0.0070833880000000004,2.2360679774997898,5.0000000000000009,-0.80528250194917128,59.117985261246837,34.409971250678893,trajectory reached the configured outer_limit radius
87,497,0.79197254763603575,0.43649999999999989,fraction,250,0,outer_limit,nan,0,3.3407362672877641,0.007052717,2.2360679774997898,5.0000000000000009,-0.80529238090940058,59.117374400358997,34.410404797473277,trajectory reached the configured outer_limit radius
87,498,0.79197972655686566,0.43649999999999989,fraction,250,0,outer_limit,nan,0,3.3373682574338264,0.0061617030000000001,2.2360679774997898,5.0000000000000009,-0.80530224272160045,59.116764271035677,34.410836711702665,trajectory reached the configured outer_limit radius
87,499,0.79198690547769546,0.43649999999999989,fraction,250,0,outer_limit,nan,0,3.3340186994894121,0.0068491300000000001,2.2360679774997898,5.0000000000000009,-0.80531208737142423,59.116154876233381,34.411266998276687,trajectory reached the configured outer_limit radius
87,500,0.79199408439852526,0.43649999999999989,fraction,250,0,outer_limit,nan,0,3.3306873850400529,0.007146009,2.2360679774997898,5.0000000000000009,-0.80532191484517779,59.11554621884472,34.411695662069405,trajectory reached the configured outer_limit radius
87,501,0.79200126331935505,0.43649999999999989,fraction,250,0,outer_limit,nan,0,3.3273741093106213,0.0064731149999999998,2.2360679774997907,5.0000000000000044,-0.80533172512981732,59.11493830169897,34.412122707920666,trajectory reached the configured outer_limit radius
87,502,0.79200844224018485,0.43649999999999989,fraction,250,0,outer_limit,nan,0,3.3240786710815211,0.0074495270000000001,2.2360679774997898,5.0000000000000009,-0.80534151821292799,59.11433112756395,34.412548140636773,trajectory reached the configured outer_limit radius
87,503,0.79201562116101465,0.43649999999999989,fraction,250,0,outer_limit,nan,0,3.3208008726016423,0.0074975140000000003,2.2360679774997898,5.0000000000000009,-0.80535129408272188,59.113724699147063,34.412971964991094,trajectory reached the configured outer_limit radius
87,504,0.79202280008184445,0.43649999999999989,fraction,250,0,outer_limit,nan,0,3.3175405195074839,0.0070282529999999999,2.2360679774997907,5.0000000000000044,-0.80536105272801872,59.113119019096061,34.413394185724272,trajectory reached the configured outer_limit radius
87,505,0.79202997900267424,0.43649999999999989,fraction,250,0,outer_limit,nan,0,3.3142974207444711,0.0070973670000000003,2.2360679774997911,5.0000000000000062,-0.80537079413823542,59.112514090000367,34.41381480754562,trajectory reached the configured outer_limit radius
87,506,0.79203715792350404,0.43649999999999989,fraction,250,0,outer_limit,nan,0,3.3110713884888723,0.0044986399999999999,2.2360679774997898,5.0000000000000009,-0.80538051830337898,59.111909914392072,34.414233835132784,trajectory reached the configured outer_limit radius
87,507,0.79204433684433384,0.43649999999999989,fraction,250,0,outer_limit,nan,0,3.3078622380739726,0.0070493190000000001,2.2360679774997898,5.0000000000000009,-0.80539022521403192,59.111306494747609,34.414651273133067,trajectory reached the configured outer_limit radius
87,508,0.79205151576516364,0.43649999999999989,fraction,250,0,outer_limit,nan,0,3.3046697879180202,0.0057520050000000001,2.2360679774997898,5.0000000000000009,-0.80539991486134654,59.110703833487605,34.415067126164075,trajectory reached the configured outer_limit radius
87,509,0.79205869468599344,0.43649999999999989,fraction,250,0,outer_limit,nan,0,3.3014938594524521,0.0063686569999999998,2.2360679774997898,5.0000000000000009,-0.80540958723702372,59.11010193297902,34.415481398813057,trajectory reached the configured outer_limit radius
88,492,0.79193665303188676,0.45266666666666655,fraction,250,0,outer_limit,nan,0,3.3543019645841343,0.0067763179999999999,2.2360679774997898,5.0000000000000009,-0.80523458146226279,59.120902827494511,34.407743207877289,trajectory reached the configured outer_limit radius
88,493,0.79194383195271656,0.45266666666666655,fraction,250,0,outer_limit,nan,0,3.3508374652464745,0.0069905699999999998,2.2360679774997898,5.0000000000000009,-0.80524447134519228,59.120292592836378,34.408180694372625,trajectory reached the configured outer_limit radius
88,494,0.79195101087354636,0.45266666666666655,fraction,250,0,outer_limit,nan,0,3.3473925361425194,0.0072149129999999999,2.2360679774997898,5.0000000000000009,-0.80525434422679776,59.119683074186604,34.408616537280807,trajectory reached the configured outer_limit radius
88,495,0.79195818979437616,0.45266666666666655,fraction,250,0,outer_limit,nan,0,3.3439669488389803,0.0073037329999999998,2.2360679774997898,5.0000000000000009,-0.80526420009022515,59.119074274741223,34.409050741634218,trajectory reached the configured outer_limit radius
88,496,0.79196536871520595,0.45266666666666655,fraction,250,0,outer_limit,nan,0,3.3405604790339267,0.0071935569999999997,2.2360679774997898,5.0000000000000009,-0.80527403891932492,59.118466197628109,34.409483312428243,trajectory reached the configured outer_limit radius
88,497,0.79197254763603575,0.45266666666666655,fraction,250,0,outer_limit,nan,0,3.3371729064528499,0.0072368199999999997,2.2360679774997898,5.0000000000000009,-0.80528386069863167,59.117858845907769,34.409914254620261,trajectory reached the configured outer_limit radius
88,498,0.79197972655686566,0.45266666666666655,fraction,250,0,outer_limit,nan,0,3.3338040147509846,0.0072466930000000002,2.2360679774997898,5.0000000000000009,-0.80529366541336156,59.117252222574457,34.410343573131257,trajectory reached the configured outer_limit radius
88,499,0.79198690547769546,0.45266666666666655,fraction,250,0,outer_limit,nan,0,3.3304535914167426,0.0073876790000000003,2.2360679774997898,5.0000000000000009,-0.80530345304939266,59.116646330557721,34.410771272847022,trajectory reached the configured outer_limit radius
88,500,0.79199408439852526,0.45266666666666655,fraction,250,0,outer_limit,nan,0,3.3271214276786787,0.0074412250000000001,2.2360679774997898,5.0000000000000009,-0.80531322359325597,59.116041172723698,34.411197358618423,trajectory reached the configured outer_limit radius
88,501,0.79200126331935505,0.45266666666666655,fraction,250,0,outer_limit,nan,0,3.3238073184155725,0.0071387600000000001,2.2360679774997898,5.0000000000000009,-0.80532297703211564,59.115436751876452,34.411621835261954,trajectory reached the configured outer_limit radius
88,502,0.79200844224018485,0.45266666666666655,fraction,250,0,outer_limit,nan,0,3.3205110620699494,0.0050347070000000002,2.2360679774997898,5.0000000000000009,-0.80533271335377354,59.11483307075811,34.41204470756086,trajectory reached the configured outer_limit radius
88,503,0.79201562116101465,0.45266666666666655,fraction,250,0,outer_limit,nan,0,3.3172324605620105,0.0068935230000000004,2.2360679774997898,5.0000000000000009,-0.80534243254663895,59.114230132051347,34.412465980265111,trajectory reached the configured outer_limit radius
88,504,0.79202280008184445,0.45266666666666655,fraction,250,0,outer_limit,nan,0,3.3139713192094096,0.0075680729999999998,2.2360679774997898,5.0000000000000009,-0.80535213459973032,59.113627938379707,34.412885658092634,trajectory reached the configured outer_limit radius
88,505,0.79202997900267424,0.45266666666666655,fraction,250,0,outer_limit,nan,0,3.3107274466453815,0.0072997030000000003,2.2360679774997898,5.0000000000000009,-0.80536181950265617,59.11302649230894,34.413303745729898,trajectory reached the configured outer_limit radius
88,506,0.79203715792350404,0.45266666666666655,fraction,250,0,outer_limit,nan,0,3.307500654744143,0.0067286999999999998,2.2360679774997898,5.0000000000000009,-0.80537148724561114,59.112425796347928,34.413720247832003,trajectory reached the configured outer_limit radius
88,507,0.79204433684433384,0.45266666666666655,fraction,250,0,outer_limit,nan,0,3.3042907585437282,0.0051339439999999997,2.2360679774997898,5.0000000000000009,-0.80538113781935516,59.111825852950147,34.414135169023609,trajectory reached the configured outer_limit radius
88,508,0.79205151576516364,0.45266666666666655,fraction,250,0,outer_limit,nan,0,3.3010975761742549,0.0050080100000000002,2.2360679774997898,5.0000000000000009,-0.80539077121521618,59.111226664513616,34.414548513899277,trajectory reached the configured outer_limit radius
88,509,0.79205869468599344,0.45266666666666655,fraction,250,0,outer_limit,nan,0,3.2979209287882116,0.0072373790000000004,2.2360679774997898,5.0000000000000009,-0.8054003874250657,59.11062823338392,34.41496028702506,trajectory reached the configured outer_limit radius
89,492,0.79193665303188676,0.46883333333333321,fraction,250,0,outer_limit,nan,0,3.3508200607268583,0.0075800640000000001,2.2360679774997902,5.0000000000000027,-0.80522590255052717,59.12139694641354,34.407245450058937,trajectory reached the configured outer_limit radius
89,493,0.79194383195271656,0.46883333333333321,fraction,250,0,outer_limit,nan,0,3.3473546208163785,0.0070465249999999997,2.2360679774997898,5.0000000000000009,-0.80523573285626149,59.120790374035067,34.407680240495274,trajectory reached the configured outer_limit radius
89,494,0.79195101087354636,0.46883333333333321,fraction,250,0,outer_limit,nan,0,3.3439087690284826,0.007416036,2.2360679774997898,5.0000000000000009,-0.80524554625461842,59.120184513979297,34.408113397063751,trajectory reached the configured outer_limit radius
89,495,0.79195818979437616,0.46883333333333321,fraction,250,0,outer_limit,nan,0,3.3404822765322342,0.0064223040000000002,2.2360679774997898,5.0000000000000009,-0.80525534272894228,59.11957936941586,34.40854492476867,trajectory reached the configured outer_limit radius
89,496,0.79196536871520595,0.46883333333333321,fraction,250,0,outer_limit,nan,0,3.3370749186370325,0.0068637519999999999,2.2360679774997898,5.0000000000000009,-0.8052651222632744,59.118974943446545,34.40897482857573,trajectory reached the configured outer_limit radius
89,497,0.79197254763603575,0.46883333333333321,fraction,250,0,outer_limit,nan,0,3.333686474691711,0.0068350720000000002,2.2360679774997898,5.0000000000000009,-0.80527488484233722,59.118371239106466,34.409403113414484,trajectory reached the configured outer_limit radius
89,498,0.79197972655686566,0.46883333333333321,fraction,250,0,outer_limit,nan,0,3.3303167279843322,0.007362169,2.2360679774997898,5.0000000000000009,-0.80528463045152454,59.117768259365057,34.409829784177653,trajectory reached the configured outer_limit radius
89,499,0.79198690547769546,0.46883333333333321,fraction,250,0,outer_limit,nan,0,3.3269654656471079,0.0062644989999999998,2.2360679774997898,5.0000000000000009,-0.80529435907689018,59.117166007127729,34.410254845723792,trajectory reached the configured outer_limit radius
89,500,0.79199408439852526,0.46883333333333321,fraction,250,0,outer_limit,nan,0,3.3236324785616125,0.0072508470000000004,2.2360679774997898,5.0000000000000009,-0.80530407070512944,59.116564485236893,34.410678302875468,trajectory reached the configured outer_limit radius
89,501,0.79200126331935505,0.46883333333333321,fraction,250,0,outer_limit,nan,0,3.3203175612688676,0.0077173370000000003,2.2360679774997898,5.0000000000000009,-0.80531376532357468,59.11596369647269,34.411100160421036,trajectory reached the configured outer_limit radius
89,502,0.79200844224018485,0.46883333333333321,fraction,250,0,outer_limit,nan,0,3.3170205118833196,0.0070811340000000002,2.2360679774997898,5.0000000000000009,-0.80532344292018054,59.115363643555114,34.411520423117409,trajectory reached the configured outer_limit radius
89,503,0.79201562116101465,0.46883333333333321,fraction,250,0,outer_limit,nan,0,3.3137411320057968,0.0045862910000000002,2.2360679774997898,5.0000000000000009,-0.80533310348350995,59.114764329144421,34.411939095686954,trajectory reached the configured outer_limit radius
89,504,0.79202280008184445,0.46883333333333321,fraction,250,0,outer_limit,nan,0,3.3104792266419696,0.006851083,2.2360679774997898,5.0000000000000009,-0.80534274700272634,59.11416575584181,34.412356182819792,trajectory reached the configured outer_limit radius
89,505,0.79202997900267424,0.46883333333333321,fraction,250,0,outer_limit,nan,0,3.3072346041232286,0.0071437540000000004,2.2360679774997898,5.0000000000000009,-0.80535237346758148,59.113567926192403,34.412771689176665,trajectory reached the configured outer_limit radius
89,506,0.79203715792350404,0.46883333333333321,fraction,250,0,outer_limit,nan,0,3.3040070760281335,0.0048814879999999998,2.2360679774997898,5.0000000000000009,-0.80536198286840233,59.112970842683779,34.413185619385303,trajectory reached the configured outer_limit radius
89,507,0.79204433684433384,0.46883333333333321,fraction,250,0,outer_limit,nan,0,3.3007964571080008,0.0063629610000000003,2.2360679774997898,5.0000000000000009,-0.80537157519608737,59.112374507748413,34.413597978043569,trajectory reached the configured outer_limit radius
89,508,0.79205151576516364,0.46883333333333321,fraction,250,0,outer_limit,nan,0,3.2976025652137486,0.006546016,2.2360679774997898,5.0000000000000009,-0.80538115044208269,59.111778923765399,34.41400876972039,trajectory reached the configured outer_limit radius
89,509,0.79205869468599344,0.46883333333333321,fraction,250,0,outer_limit,nan,0,3.2944252212242957,0.0074344550000000004,2.2360679774997898,5.0000000000000009,-0.80539070859838613,59.111184093059755,34.414417998954448,trajectory reached the configured outer_limit radius
90,492,0.79193665303188676,0.48499999999999988,fraction,250,0,outer_limit,nan,0,3.3474154233348652,0.0075715510000000001,2.2360679774997898,5.0000000000000009,-0.80521676633929473,59.121919025431104,34.406726781727841,trajectory reached the configured outer_limit radius
90,493,0.79194383195271656,0.48499999999999988,fraction,250,0,outer_limit,nan,0,3.343949071824456,0.0073963869999999999,2.2360679774997898,5.0000000000000009,-0.8052265349407397,59.121316260081272,34.407158818301006,trajectory reached the configured outer_limit radius
90,494,0.79195101087354636,0.48499999999999988,fraction,250,0,outer_limit,nan,0,3.3405023258231861,0.0072059519999999998,2.2360679774997898,5.0000000000000009,-0.80523628674046899,59.12071420273454,34.407589231482575,trajectory reached the configured outer_limit radius
90,495,0.79195818979437616,0.48499999999999988,fraction,250,0,outer_limit,nan,0,3.3370749561115316,0.0056488429999999997,2.2360679774997898,5.0000000000000009,-0.80524602172197113,59.120112856536743,34.408018026243511,trajectory reached the configured outer_limit radius
90,496,0.79196536871520595,0.48499999999999988,fraction,250,0,outer_limit,nan,0,3.333666737622035,0.0055334060000000003,2.2360679774997902,5.0000000000000027,-0.80525573986941912,59.119512224566662,34.408445207516721,trajectory reached the configured outer_limit radius
90,497,0.79197254763603575,0.48499999999999988,fraction,250,0,outer_limit,nan,0,3.3302774493365321,0.0071691000000000003,2.2360679774997898,5.0000000000000009,-0.80526544116766774,59.118912309836325,34.408870780198534,trajectory reached the configured outer_limit radius
90,498,0.79197972655686566,0.48499999999999988,fraction,250,0,outer_limit,nan,0,3.3269068741864496,0.0057209610000000001,2.2360679774997898,5.0000000000000009,-0.80527512560223624,59.118313115293162,34.409294749149339,trajectory reached the configured outer_limit radius
90,499,0.79198690547769546,0.48499999999999988,fraction,250,0,outer_limit,nan,0,3.3235547989568746,0.0070186709999999998,2.2360679774997898,5.0000000000000009,-0.80528479315929458,59.117714643820818,34.40971711919488,trajectory reached the configured outer_limit radius
90,500,0.79199408439852526,0.48499999999999988,fraction,250,0,outer_limit,nan,0,3.3202210141922439,0.0074540479999999996,2.2360679774997898,5.0000000000000009,-0.80529444382565429,59.117116898240425,34.410137895125487,trajectory reached the configured outer_limit radius
90,501,0.79200126331935505,0.48499999999999988,fraction,250,0,outer_limit,nan,0,3.3169053141054365,0.0077668809999999998,2.2360679774997898,5.0000000000000009,-0.80530407758875944,59.116519881311405,34.410557081698713,trajectory reached the configured outer_limit radius
90,502,0.79200844224018485,0.48499999999999988,fraction,250,0,outer_limit,nan,0,3.3136074964910303,0.0055655690000000002,2.2360679774997898,5.0000000000000009,-0.80531369443666634,59.115923595733037,34.410974683637527,trajectory reached the configured outer_limit radius
90,503,0.79201562116101465,0.48499999999999988,fraction,250,0,outer_limit,nan,0,3.310327362639196,0.006988986,2.2360679774997898,5.0000000000000009,-0.80532329435803696,59.11532804414621,34.411390705634503,trajectory reached the configured outer_limit radius
90,504,0.79202280008184445,0.48499999999999988,fraction,250,0,outer_limit,nan,0,3.3070647172532741,0.0052505859999999998,2.2360679774997898,5.0000000000000009,-0.80533287734213121,59.114733229132739,34.41180515234862,trajectory reached the configured outer_limit radius
90,505,0.79202997900267424,0.48499999999999988,fraction,250,0,outer_limit,nan,0,3.3038193683698167,0.0064312620000000001,2.2360679774997898,5.0000000000000009,-0.80534244337879357,59.114139153217806,34.412218028407992,trajectory reached the configured outer_limit radius
90,506,0.79203715792350404,0.48499999999999988,fraction,250,0,outer_limit,nan,0,3.3005911272804411,0.0072228400000000003,2.2360679774997898,5.0000000000000009,-0.80535199245843103,59.113545818871707,34.412629338410611,trajectory reached the configured outer_limit radius
90,507,0.79204433684433384,0.48499999999999988,fraction,250,0,outer_limit,nan,0,3.2973798084576948,0.0070397860000000001,2.2360679774997898,5.0000000000000009,-0.80536152457202759,59.112953228508346,34.413039086924002,trajectory reached the configured outer_limit radius
90,508,0.79205151576516364,0.48499999999999988,fraction,250,0,outer_limit,nan,0,3.2941852294798948,0.0077928870000000001,2.2360679774997902,5.0000000000000027,-0.80537103971110713,59.112361384488992,34.413447278486196,trajectory reached the configured outer_limit radius
90,509,0.79205869468599344,0.48499999999999988,fraction,250,0,outer_limit,nan,0,3.2910072109615274,0.0076895710000000001,2.2360679774997898,5.0000000000000009,-0.80538053786773833,59.11177028912121,34.413853917605216,trajectory reached the configured outer_limit radius
91,492,0.79193665303188676,0.50116666666666654,fraction,250,0,outer_limit,nan,0,3.3440886760832549,0.0075013750000000002,2.2360679774997898,5.0000000000000009,-0.80520715984367675,59.122469840404356,34.406186562216433,trajectory reached the configured outer_limit radius
91,493,0.79194383195271656,0.50116666666666654,fraction,250,0,outer_limit,nan,0,3.3406214417009625,0.00730804,2.2360679774997898,5.0000000000000009,-0.80521686454508457,59.1218710313115,34.406615784757747,trajectory reached the configured outer_limit radius
91,494,0.79195101087354636,0.50116666666666654,fraction,250,0,outer_limit,nan,0,3.3371738297143883,0.0075604660000000001,2.2360679774997898,5.0000000000000009,-0.8052265525624237,59.121272925254701,34.407043395160841,trajectory reached the configured outer_limit radius
91,495,0.79195818979437616,0.50116666666666654,fraction,250,0,outer_limit,nan,0,3.3337456105259866,0.0073717339999999996,2.2360679774997898,5.0000000000000009,-0.8052362238792623,59.120675525358671,34.407469398357378,trajectory reached the configured outer_limit radius
91,496,0.79196536871520595,0.50116666666666654,fraction,250,0,outer_limit,nan,0,3.3303365587020819,0.0071529669999999997,2.2360679774997898,5.0000000000000009,-0.80524587847985196,59.120078834681721,34.407893799242672,trajectory reached the configured outer_limit radius
91,497,0.79197254763603575,0.50116666666666654,fraction,250,0,outer_limit,nan,0,3.3269464528674582,0.0074172600000000002,2.2360679774997898,5.0000000000000009,-0.80525551634912307,59.119482856215654,34.408316602675193,trajectory reached the configured outer_limit radius
91,498,0.79197972655686566,0.50116666666666654,fraction,250,0,outer_limit,nan,0,3.3235750756071694,0.0069317859999999997,2.2360679774997898,5.0000000000000009,-0.8052651374726606,59.118887592888441,34.408737813478744,trajectory reached the configured outer_limit radius
91,499,0.79198690547769546,0.50116666666666654,fraction,250,0,outer_limit,nan,0,3.3202222133688641,0.0073894870000000001,2.2360679774997898,5.0000000000000009,-0.80527474183669967,59.118293047564663,34.409157436441333,trajectory reached the configured outer_limit radius
91,500,0.79199408439852526,0.50116666666666654,fraction,250,0,outer_limit,nan,0,3.3168876563690386,0.0079658339999999998,2.2360679774997898,5.0000000000000009,-0.80528432942811301,59.117699223046294,34.409575476316739,trajectory reached the configured outer_limit radius
91,501,0.79200126331935505,0.50116666666666654,fraction,250,0,outer_limit,nan,0,3.313571198501513,0.0066627689999999998,2.2360679774997898,5.0000000000000009,-0.80529390023439762,59.117106122074929,34.409991937825893,trajectory reached the configured outer_limit radius
91,502,0.79200844224018485,0.50116666666666654,fraction,250,0,outer_limit,nan,0,3.3102726372502458,0.0086162440000000003,2.2360679774997898,5.0000000000000009,-0.80530345424366123,59.116513747332128,34.410406825656302,trajectory reached the configured outer_limit radius
91,503,0.79201562116101465,0.50116666666666654,fraction,250,0,outer_limit,nan,0,3.3069917736034187,0.0072262400000000001,2.2360679774997898,5.0000000000000009,-0.80531299144461366,59.115922101440987,34.410820144463791,trajectory reached the configured outer_limit radius
91,504,0.79202280008184445,0.50116666666666654,fraction,250,0,outer_limit,nan,0,3.3037284119699346,0.008076171,2.2360679774997898,5.0000000000000009,-0.80532251182655845,59.115331186966706,34.411231898872387,trajectory reached the configured outer_limit radius
91,505,0.79202997900267424,0.50116666666666654,fraction,250,0,outer_limit,nan,0,3.3004823601003102,0.0072162509999999999,2.2360679774997898,5.0000000000000009,-0.80533201537937382,59.114741006418065,34.41164209347486,trajectory reached the configured outer_limit radius
91,506,0.79203715792350404,0.50116666666666654,fraction,250,0,outer_limit,nan,0,3.2972534290076578,0.0080399400000000006,2.2360679774997898,5.0000000000000009,-0.80534150209350874,59.114151562248793,34.41205073283399,trajectory reached the configured outer_limit radius
91,507,0.79204433684433384,0.50116666666666654,fraction,250,0,outer_limit,nan,0,3.2940414328923784,0.0063959009999999998,2.2360679774997898,5.0000000000000009,-0.80535097195997307,59.113562856857158,34.412457821482221,trajectory reached the configured outer_limit radius
91,508,0.79205151576516364,0.50116666666666654,fraction,250,0,outer_limit,nan,0,3.2908461890687195,0.0068451559999999998,2.2360679774997898,5.0000000000000009,-0.80536042497031834,59.112974892589406,34.41286336392352,trajectory reached the configured outer_limit radius
91,509,0.79205869468599344,0.50116666666666654,fraction,250,0,outer_limit,nan,0,3.2876675178937975,0.0069807460000000003,2.2360679774997898,5.0000000000000009,-0.80536986111663855,59.112387671737892,34.413267364631523,trajectory reached the configured outer_limit radius
92,492,0.79193665303188676,0.5173333333333332,fraction,250,0,outer_limit,nan,0,3.34084059995403,0.005142509,2.2360679774997898,5.0000000000000009,-0.80519706883948516,59.123050240374198,34.40562408731715,trajectory reached the configured outer_limit radius
92,493,0.79194383195271656,0.5173333333333332,fraction,250,0,outer_limit,nan,0,3.3373725112399266,0.0071235439999999999,2.2360679774997898,5.0000000000000009,-0.80520670736934763,59.122455541702131,34.40605043302763,trajectory reached the configured outer_limit radius
92,494,0.79195101087354636,0.5173333333333332,fraction,250,0,outer_limit,nan,0,3.3339240613092489,0.0057601049999999997,2.2360679774997898,5.0000000000000009,-0.80521632934505538,59.121861540436669,34.406475178649174,trajectory reached the configured outer_limit radius
92,495,0.79195818979437616,0.5173333333333332,fraction,250,0,outer_limit,nan,0,3.3304950201985353,0.0073999549999999997,2.2360679774997898,5.0000000000000009,-0.8052259347502001,59.121268239684618,34.406898329070756,trajectory reached the configured outer_limit radius
92,496,0.79196536871520595,0.5173333333333332,fraction,250,0,outer_limit,nan,0,3.3270851621176676,0.0070846279999999999,2.2360679774997902,5.0000000000000027,-0.80523552356905748,59.120675642485772,34.407319889144283,trajectory reached the configured outer_limit radius
92,497,0.79197254763603575,0.5173333333333332,fraction,250,0,outer_limit,nan,0,3.3236942653452561,0.0074366909999999996,2.2360679774997898,5.0000000000000009,-0.80524509578657,59.120083751814832,34.407739863686409,trajectory reached the configured outer_limit radius
92,498,0.79197972655686566,0.5173333333333332,fraction,250,0,outer_limit,nan,0,3.3203221121292232,0.0060038640000000002,2.2360679774997898,5.0000000000000009,-0.80525465138833585,59.119492570582807,34.408158257478114,trajectory reached the configured outer_limit radius
92,499,0.79198690547769546,0.5173333333333332,fraction,250,0,outer_limit,nan,0,3.3169684885895276,0.0073674209999999999,2.2360679774997898,5.0000000000000009,-0.80526419036059627,59.118902101637566,34.408575075265503,trajectory reached the configured outer_limit radius
92,500,0.79199408439852526,0.5173333333333332,fraction,250,0,outer_limit,nan,0,3.3136331846241682,0.0072963139999999999,2.2360679774997898,5.0000000000000009,-0.8052737126902304,59.118312347765304,34.408990321762261,trajectory reached the configured outer_limit radius
92,501,0.79200126331935505,0.5173333333333332,fraction,250,0,outer_limit,nan,0,3.3103159938174005,0.0078383120000000001,2.2360679774997898,5.0000000000000009,-0.80528321836473338,59.117723311691954,34.409404001647516,trajectory reached the configured outer_limit radius
92,502,0.79200844224018485,0.5173333333333332,fraction,250,0,outer_limit,nan,0,3.3070167133508899,0.0069224639999999997,2.2360679774997898,5.0000000000000009,-0.80529270737220859,59.117134996083607,34.409816119567871,trajectory reached the configured outer_limit radius
92,503,0.79201562116101465,0.5173333333333332,fraction,250,0,outer_limit,nan,0,3.3037351439194462,0.0071553939999999998,2.2360679774997898,5.0000000000000009,-0.80530217970136275,59.116547403548722,34.41022668013975,trajectory reached the configured outer_limit radius
92,504,0.79202280008184445,0.5173333333333332,fraction,250,0,outer_limit,nan,0,3.3004710896465914,0.0039493779999999999,2.2360679774997898,5.0000000000000009,-0.8053116353414842,59.115960536638028,34.410635687946382,trajectory reached the configured outer_limit radius
92,505,0.79202997900267424,0.5173333333333332,fraction,250,0,outer_limit,nan,0,3.2972243580044549,0.0056396470000000002,2.2360679774997898,5.0000000000000009,-0.80532107428243938,59.115374397846303,34.411043147540909,trajectory reached the configured outer_limit radius
92,506,0.79203715792350404,0.5173333333333332,fraction,250,0,outer_limit,nan,0,3.2939947597354124,0.007145935,2.2360679774997898,5.0000000000000009,-0.80533049651466215,59.114788989613231,34.411449063447407,trajectory reached the configured outer_limit radius
92,507,0.79204433684433384,0.5173333333333332,fraction,250,0,outer_limit,nan,0,3.2907821087764875,0.007393457,2.2360679774997898,5.0000000000000009,-0.80533990202913763,59.114204314324411,34.411853440158978,trajectory reached the configured outer_limit radius
92,508,0.79205151576516364,0.5173333333333332,fraction,250,0,outer_limit,nan,0,3.2875862221846162,0.0075540030000000001,2.2360679774997902,5.0000000000000027,-0.80534929081739515,59.113620374312596,34.412256282140085,trajectory reached the configured outer_limit radius
92,509,0.79205869468599344,0.5173333333333332,fraction,250,0,outer_limit,nan,0,3.2844069200671742,0.0075295819999999999,2.2360679774997898,5.0000000000000009,-0.80535866287150248,59.113037171857748,34.412657593827177,trajectory reached the configured outer_limit radius
93,492,0.79193665303188676,0.53349999999999986,fraction,250,0,outer_limit,nan,0,3.3376721477945481,0.0068733179999999998,2.2360679774997898,5.0000000000000009,-0.80518647772649399,59.12366115563082,34.405038582247691,trajectory reached the configured outer_limit radius
93,493,0.79194383195271656,0.53349999999999986,fraction,250,0,outer_limit,nan,0,3.3342032331586062,0.0074032389999999998,2.2360679774997898,5.0000000000000009,-0.80519604772963549,59.123070726985631,34.405461985399725,trajectory reached the configured outer_limit radius
93,494,0.79195101087354636,0.53349999999999986,fraction,250,0,outer_limit,nan,0,3.3307539731980955,0.0065322870000000003,2.2360679774997898,5.0000000000000009,-0.80520560132112251,59.122480989439154,34.405883801331456,trajectory reached the configured outer_limit radius
93,495,0.79195818979437616,0.53349999999999986,fraction,250,0,outer_limit,nan,0,3.3273241375933469,0.0072295880000000003,2.2360679774997907,5.0000000000000044,-0.80521513848451232,59.121891946082293,34.406304034883284,trajectory reached the configured outer_limit radius
93,496,0.79196536871520595,0.53349999999999986,fraction,250,0,outer_limit,nan,0,3.3239135002079614,0.008087505,2.2360679774997898,5.0000000000000009,-0.80522465920403885,59.121303599939836,34.406722690859887,trajectory reached the configured outer_limit radius
93,497,0.79197254763603575,0.53349999999999986,fraction,250,0,outer_limit,nan,0,3.3205218389844666,0.0056596140000000003,2.2360679774997902,5.0000000000000027,-0.80523416346460142,59.120715953972272,34.407139774030384,trajectory reached the configured outer_limit radius
93,498,0.79197972655686566,0.53349999999999986,fraction,250,0,outer_limit,nan,0,3.3171489358437651,0.0067633329999999998,2.2360679774997898,5.0000000000000009,-0.80524365125175112,59.12012901107606,34.407555289128602,trajectory reached the configured outer_limit radius
93,499,0.79198690547769546,0.53349999999999986,fraction,250,0,outer_limit,nan,0,3.3137945765883061,0.007148087,2.2360679774997898,5.0000000000000009,-0.80525312255168402,59.119542774085055,34.407969240854733,trajectory reached the configured outer_limit radius
93,500,0.79199408439852526,0.53349999999999986,fraction,250,0,outer_limit,nan,0,3.3104585508064259,0.0081276679999999994,2.2360679774997898,5.0000000000000009,-0.80526257735122109,59.118957245772506,34.40838163387582,trajectory reached the configured outer_limit radius
93,501,0.79200126331935505,0.53349999999999986,fraction,250,0,outer_limit,nan,0,3.3071406517812885,0.007348706,2.2360679774997898,5.0000000000000009,-0.80527201563780237,59.118372428851067,34.408792472825304,trajectory reached the configured outer_limit radius
93,502,0.79200844224018485,0.53349999999999986,fraction,250,0,outer_limit,nan,0,3.3038406764021269,0.0072157269999999999,2.2360679774997898,5.0000000000000009,-0.80528143739947522,59.117788325974338,34.409201762305543,trajectory reached the configured outer_limit radius
93,503,0.79201562116101465,0.53349999999999986,fraction,250,0,outer_limit,nan,0,3.3005584250789362,0.0073111340000000004,2.2360679774997898,5.0000000000000009,-0.80529084262488249,59.117204939737917,34.409609506886085,trajectory reached the configured outer_limit radius
93,504,0.79202280008184445,0.53349999999999986,fraction,250,0,outer_limit,nan,0,3.2972937016574977,0.0056351220000000002,2.2360679774997898,5.0000000000000009,-0.80530023130324591,59.116622272681518,34.410015711107171,trajectory reached the configured outer_limit radius
93,505,0.79202997900267424,0.53349999999999986,fraction,250,0,outer_limit,nan,0,3.2940463133404276,0.0067559250000000003,2.2360679774997898,5.0000000000000009,-0.80530960342436775,59.116040327287699,34.410420379477657,trajectory reached the configured outer_limit radius
93,506,0.79203715792350404,0.53349999999999986,fraction,250,0,outer_limit,nan,0,3.2908160706072609,0.0070375129999999996,2.2360679774997898,5.0000000000000009,-0.80531895897860983,59.115459105985302,34.410823516477663,trajectory reached the configured outer_limit radius
93,507,0.79204433684433384,0.53349999999999986,fraction,250,0,outer_limit,nan,0,3.2876027871384745,0.0068309540000000002,2.2360679774997898,5.0000000000000009,-0.80532829795688077,59.114878611149202,34.411225126556324,trajectory reached the configured outer_limit radius
93,508,0.79205151576516364,0.53349999999999986,fraction,250,0,outer_limit,nan,0,3.2844062797427114,0.0076259509999999997,2.2360679774997898,5.0000000000000009,-0.80533762035064116,59.11429884510116,34.411625214136521,trajectory reached the configured outer_limit radius
93,509,0.79205869468599344,0.53349999999999986,fraction,250,0,outer_limit,nan,0,3.2812263682839693,0.0076194879999999998,2.2360679774997898,5.0000000000000009,-0.80534692615187553,59.113719810111583,34.412023783610898,trajectory reached the configured outer_limit radius
94,492,0.79193665303188676,0.54966666666666653,fraction,250,0,outer_limit,nan,0,3.3345844614109952,0.0072700619999999999,2.2360679774997898,5.0000000000000009,-0.80517536937011402,59.124303607050592,34.40442919349865,trajectory reached the configured outer_limit radius
94,493,0.79194383195271656,0.54966666666666653,fraction,250,0,outer_limit,nan,0,3.3311147491995063,0.0074296199999999996,2.2360679774997898,5.0000000000000009,-0.80518486839888592,59.123717614044573,34.404849585103008,trajectory reached the configured outer_limit radius
94,494,0.79195101087354636,0.54966666666666653,fraction,250,0,outer_limit,nan,0,3.3276647070583016,0.0046986119999999996,2.2360679774997898,5.0000000000000009,-0.80519435117143323,59.123132305132863,34.405268403199493,trajectory reached the configured outer_limit radius
94,495,0.79195818979437616,0.54966666666666653,fraction,250,0,outer_limit,nan,0,3.3242341043225343,0.0061269710000000002,2.2360679774997898,5.0000000000000009,-0.80520381767121552,59.122547683393748,34.405685652575649,trajectory reached the configured outer_limit radius
94,496,0.79196536871520595,0.54966666666666653,fraction,250,0,outer_limit,nan,0,3.3208227145201525,0.007111277,2.2360679774997898,5.0000000000000009,-0.80521326788236502,59.121963751840156,34.406101337982975,trajectory reached the configured outer_limit radius
94,497,0.79197254763603575,0.54966666666666653,fraction,250,0,outer_limit,nan,0,3.317430315267762,0.0072661160000000004,2.2360679774997898,5.0000000000000009,-0.80522270178967759,59.121380513420306,34.406515464137719,trajectory reached the configured outer_limit radius
94,498,0.79197972655686566,0.54966666666666653,fraction,250,0,outer_limit,nan,0,3.3140566881696416,0.0068512520000000004,2.2360679774997898,5.0000000000000009,-0.80523211937860029,59.120797971019385,34.406928035722736,trajectory reached the configured outer_limit radius
94,499,0.79198690547769546,0.54966666666666653,fraction,250,0,outer_limit,nan,0,3.3107016187192322,0.0076518130000000004,2.2360679774997898,5.0000000000000009,-0.80524152063522014,59.120216127460068,34.407339057386352,trajectory reached the configured outer_limit radius
94,500,0.79199408439852526,0.54966666666666653,fraction,250,0,outer_limit,nan,0,3.3073648962050313,0.0068172379999999998,2.2360679774997898,5.0000000000000009,-0.80525090554624512,59.119634985504995,34.407748533744034,trajectory reached the configured outer_limit radius
94,501,0.79200126331935505,0.54966666666666653,fraction,250,0,outer_limit,nan,0,3.3040463136185827,0.0077786260000000003,2.2360679774997898,5.0000000000000009,-0.8052602740990068,59.119054547855924,34.408156469379421,trajectory reached the configured outer_limit radius
94,502,0.79200844224018485,0.54966666666666653,fraction,250,0,outer_limit,nan,0,3.3007456675652764,0.0050111890000000001,2.2360679774997898,5.0000000000000009,-0.80526962628143239,59.118474817157249,34.408562868844612,trajectory reached the configured outer_limit radius
94,503,0.79201562116101465,0.54966666666666653,fraction,250,0,outer_limit,nan,0,3.2974627581784834,0.0075991019999999999,2.2360679774997898,5.0000000000000009,-0.80527896208204808,59.117895795994635,34.408967736660095,trajectory reached the configured outer_limit radius
94,504,0.79202280008184445,0.54966666666666653,fraction,250,0,outer_limit,nan,0,3.2941973890354683,0.0073251319999999998,2.2360679774997898,5.0000000000000009,-0.80528828148995846,59.117317486898038,34.409371077316216,trajectory reached the configured outer_limit radius
94,505,0.79202997900267424,0.54966666666666653,fraction,250,0,outer_limit,nan,0,3.2909493670767804,0.0057280489999999998,2.2360679774997898,5.0000000000000009,-0.8052975844948389,59.116739892341798,34.409772895273932,trajectory reached the configured outer_limit radius
94,506,0.79203715792350404,0.54966666666666653,fraction,250,0,outer_limit,nan,0,3.2877185025273148,0.0060663380000000001,2.2360679774997898,5.0000000000000009,-0.80530687108692678,59.116163014745609,34.410173194963654,trajectory reached the configured outer_limit radius
94,507,0.79204433684433384,0.54966666666666653,fraction,250,0,outer_limit,nan,0,3.2845046088193652,0.0073411800000000001,2.2360679774997898,5.0000000000000009,-0.80531614125700968,59.115586856475986,34.410571980788887,trajectory reached the configured outer_limit radius
94,508,0.79205151576516364,0.54966666666666653,fraction,250,0,outer_limit,nan,0,3.2813075025198795,0.0074264300000000004,2.2360679774997898,5.0000000000000009,-0.80532539499641176,59.115011419847065,34.410969257123071,trajectory reached the configured outer_limit radius
94,509,0.79205869468599344,0.54966666666666653,fraction,250,0,outer_limit,nan,0,3.2781270032574779,0.007448456,2.2360679774997907,5.0000000000000044,-0.80533463229699109,59.114436707121243,34.411365028312453,trajectory reached the configured outer_limit radius
95,492,0.79193665303188676,0.56583333333333319,fraction,250,0,outer_limit,nan,0,3.3315788916999578,0.0085295140000000002,2.2360679774997902,5.0000000000000027,-0.80516372491723764,59.124978716948746,34.403794979334201,trajectory reached the configured outer_limit radius
95,493,0.79194383195271656,0.56583333333333319,fraction,250,0,outer_limit,nan,0,3.3281084102624559,0.0070033889999999996,2.2360679774997898,5.0000000000000009,-0.80517315042164483,59.124397331833059,34.404212286768214,trajectory reached the configured outer_limit radius
95,494,0.79195101087354636,0.56583333333333319,fraction,250,0,outer_limit,nan,0,3.3246576137921702,0.0071127600000000001,2.2360679774997898,5.0000000000000009,-0.8051825598385618,59.123816623091898,34.404628035278392,trajectory reached the configured outer_limit radius
95,495,0.79195818979437616,0.56583333333333319,fraction,250,0,outer_limit,nan,0,3.3212262712899676,0.0070581730000000001,2.2360679774997898,5.0000000000000009,-0.80519195315128378,59.123236593794303,34.405042229593356,trajectory reached the configured outer_limit radius
95,496,0.79196536871520595,0.56583333333333319,fraction,250,0,outer_limit,nan,0,3.3178141559589265,0.0077328759999999996,2.2360679774997898,5.0000000000000009,-0.80520133034378272,59.122657246943298,34.405454874406267,trajectory reached the configured outer_limit radius
95,497,0.79197254763603575,0.56583333333333319,fraction,250,0,outer_limit,nan,0,3.3144210450997287,0.0074701869999999997,2.2360679774997898,5.0000000000000009,-0.80521069140069046,59.122078585478292,34.405865974376113,trajectory reached the configured outer_limit radius
95,498,0.79197972655686566,0.56583333333333319,fraction,250,0,outer_limit,nan,0,3.3110467200090277,0.0066813009999999997,2.2360679774997894,4.9999999999999982,-0.80522003630728867,59.121500612275433,34.40627553412812,trajectory reached the configured outer_limit radius
95,499,0.79198690547769546,0.56583333333333319,fraction,250,0,outer_limit,nan,0,3.307690965881954,0.0063382040000000001,2.2360679774997898,5.0000000000000009,-0.80522936504949238,59.120923330149765,34.406683558254464,trajectory reached the configured outer_limit radius
95,500,0.79199408439852526,0.56583333333333319,fraction,250,0,outer_limit,nan,0,3.3043535717164141,0.0071807520000000003,2.2360679774997902,5.0000000000000027,-0.80523867761384571,59.120346741855258,34.407090051315109,trajectory reached the configured outer_limit radius
95,501,0.79200126331935505,0.56583333333333319,fraction,250,0,outer_limit,nan,0,3.3010343302211234,0.006872932,2.2360679774997898,5.0000000000000009,-0.80524797398750236,59.119770850086589,34.407495017837711,trajectory reached the configured outer_limit radius
95,502,0.79200844224018485,0.56583333333333319,fraction,250,0,outer_limit,nan,0,3.297733037726498,0.0067133690000000003,2.2360679774997911,5.0000000000000062,-0.80525725415822103,59.119195657480283,34.407898462319324,trajectory reached the configured outer_limit radius
95,503,0.79201562116101465,0.56583333333333319,fraction,250,0,outer_limit,nan,0,3.2944494940981857,0.0054956010000000001,2.2360679774997898,5.0000000000000009,-0.80526651811434835,59.118621166615483,34.408300389226476,trajectory reached the configured outer_limit radius
95,504,0.79202280008184445,0.56583333333333319,fraction,250,0,outer_limit,nan,0,3.2911835026531895,0.0072623180000000002,2.2360679774997898,5.0000000000000009,-0.80527576584481553,59.118047380015192,34.408700802995732,trajectory reached the configured outer_limit radius
95,505,0.79202997900267424,0.56583333333333319,fraction,250,0,outer_limit,nan,0,3.2879348700783098,0.0069051870000000001,2.2360679774997902,5.0000000000000027,-0.80528499733911729,59.117474300147677,34.409099708033899,trajectory reached the configured outer_limit radius
95,506,0.79203715792350404,0.56583333333333319,fraction,250,0,outer_limit,nan,0,3.2847034063515568,0.0062818889999999997,2.2360679774997898,5.0000000000000009,-0.80529421258731315,59.11690192942617,34.409497108719648,trajectory reached the configured outer_limit radius
95,507,0.79204433684433384,0.56583333333333319,fraction,250,0,outer_limit,nan,0,3.2814889246649988,0.0069072140000000001,2.2360679774997898,5.0000000000000009,-0.80530341158000618,59.116330270211776,34.409893009402651,trajectory reached the configured outer_limit radius
95,508,0.79205151576516364,0.56583333333333319,fraction,250,0,outer_limit,nan,0,3.2782912413514582,0.0072510350000000003,2.2360679774997898,5.0000000000000009,-0.80531259430834046,59.115759324812849,34.410287414405296,trajectory reached the configured outer_limit radius
95,509,0.79205869468599344,0.56583333333333319,fraction,250,0,outer_limit,nan,0,3.2751101758114904,0.0057518430000000004,2.2360679774997898,5.0000000000000009,-0.80532176076398854,59.115189095486627,34.410680328022124,trajectory reached the configured outer_limit radius
96,492,0.79193665303188676,0.58200000000000007,fraction,250,0,outer_limit,nan,0,3.32865702242704,0.0069630719999999998,2.2360679774997898,5.0000000000000009,-0.80515152358096087,59.125687721765665,34.403134898683533,trajectory reached the configured outer_limit radius
96,493,0.79194383195271656,0.58200000000000007,fraction,250,0,outer_limit,nan,0,3.3251858001913632,0.0074161929999999997,2.2360679774997898,5.0000000000000009,-0.80516087289754179,59.125111124142705,34.40354904527095,trajectory reached the configured outer_limit radius
96,494,0.79195101087354636,0.58200000000000007,fraction,250,0,outer_limit,nan,0,3.321734277319587,0.007663273,2.2360679774997898,5.0000000000000009,-0.80517020630907687,59.124535194438351,34.403961648418921,trajectory reached the configured outer_limit radius
96,495,0.79195818979437616,0.58200000000000007,fraction,250,0,outer_limit,nan,0,3.3183022224891983,0.00508736,2.2360679774997898,5.0000000000000009,-0.80517952379864111,59.123959935714609,34.404372712792679,trajectory reached the configured outer_limit radius
96,496,0.79196536871520595,0.58200000000000007,fraction,250,0,outer_limit,nan,0,3.314889408588868,0.0063892139999999998,2.2360679774997898,5.0000000000000009,-0.8051888253499786,59.123385350968334,34.404782243021415,trajectory reached the configured outer_limit radius
96,497,0.79197254763603575,0.58200000000000007,fraction,250,0,outer_limit,nan,0,3.3114956126131156,0.0059909619999999998,2.2360679774997898,5.0000000000000009,-0.80519811094749338,59.122811443132719,34.40519024370127,trajectory reached the configured outer_limit radius
96,498,0.79197972655686566,0.58200000000000007,fraction,250,0,outer_limit,nan,0,3.3081206155620282,0.0058029190000000001,2.2360679774997898,5.0000000000000009,-0.80520738057624075,59.122238215078127,34.405596719394964,trajectory reached the configured outer_limit radius
96,499,0.79198690547769546,0.58200000000000007,fraction,250,0,outer_limit,nan,0,3.3047642023413388,0.0067847300000000001,2.2360679774997898,5.0000000000000009,-0.8052166342219067,59.121665669613712,34.406001674632925,trajectory reached the configured outer_limit radius
96,500,0.79199408439852526,0.58200000000000007,fraction,250,0,outer_limit,nan,0,3.301426161667584,0.0067812289999999997,2.2360679774997898,5.0000000000000009,-0.80522587187080308,59.121093809488599,34.406405113913891,trajectory reached the configured outer_limit radius
96,501,0.79200126331935505,0.58200000000000007,fraction,250,0,outer_limit,nan,0,3.2981062859762131,0.0074737329999999998,2.2360679774997898,5.0000000000000009,-0.80523509350985356,59.120522637392476,34.406807041705207,trajectory reached the configured outer_limit radius
96,502,0.79200844224018485,0.58200000000000007,fraction,250,0,outer_limit,nan,0,3.2948043713314532,0.0061004579999999996,2.2360679774997898,5.0000000000000009,-0.80524429912658368,59.11995215595735,34.407207462444298,trajectory reached the configured outer_limit radius
96,503,0.79201562116101465,0.58200000000000007,fraction,250,0,outer_limit,nan,0,3.291520217340389,0.0048216209999999999,2.2360679774997898,5.0000000000000009,-0.80525348870910785,59.119382367758135,34.407606380538105,trajectory reached the configured outer_limit radius
96,504,0.79202280008184445,0.58200000000000007,fraction,250,0,outer_limit,nan,0,3.2882536270673945,0.0061506140000000004,2.2360679774997898,5.0000000000000009,-0.80526266224612009,59.118813275313748,34.408003800364014,trajectory reached the configured outer_limit radius
96,505,0.79202997900267424,0.58200000000000007,fraction,250,0,outer_limit,nan,0,3.2850044069543483,0.0074549320000000001,2.2360679774997898,5.0000000000000009,-0.80527181972688155,59.118244881088636,34.408399726271355,trajectory reached the configured outer_limit radius
96,506,0.79203715792350404,0.58200000000000007,fraction,250,0,outer_limit,nan,0,3.2817723667400549,0.0072315319999999997,2.2360679774997898,5.0000000000000009,-0.80528096114121306,59.117677187492873,34.408794162580506,trajectory reached the configured outer_limit radius
96,507,0.79204433684433384,0.58200000000000007,fraction,250,0,outer_limit,nan,0,3.2785573193844608,0.006920832,2.2360679774997898,5.0000000000000009,-0.80529008647948197,59.117110196884177,34.409187113584238,trajectory reached the configured outer_limit radius
96,508,0.79205151576516364,0.58200000000000007,fraction,250,0,outer_limit,nan,0,3.275359080993598,0.0070008559999999997,2.2360679774997898,5.0000000000000009,-0.80529919573259245,59.116543911568115,34.409578583548225,trajectory reached the configured outer_limit radius
96,509,0.79205869468599344,0.58200000000000007,fraction,250,0,outer_limit,nan,0,3.2721774707474776,0.0063808399999999996,2.2360679774997898,5.0000000000000009,-0.80530828889197781,59.115978333799248,34.409968576710696,trajectory reached the configured outer_limit radius
97,492,0.79193665303188676,0.59816666666666674,fraction,250,0,outer_limit,nan,0,3.3258206984369769,0.0073743999999999997,2.2360679774997898,5.0000000000000009,-0.80513874238755789,59.126431986970388,34.402447798064784,trajectory reached the configured outer_limit radius
97,493,0.79194383195271656,0.59816666666666674,fraction,250,0,outer_limit,nan,0,3.3223487639905804,0.0050292729999999999,2.2360679774997898,5.0000000000000009,-0.80514801272679271,59.12586036459988,34.402858702599417,trajectory reached the configured outer_limit radius
97,494,0.79195101087354636,0.59816666666666674,fraction,250,0,outer_limit,nan,0,3.3188965428008874,0.0070983649999999997,2.2360679774997898,5.0000000000000009,-0.8051572673575943,59.125289400932672,34.403268080113442,trajectory reached the configured outer_limit radius
97,495,0.79195818979437616,0.59816666666666674,fraction,250,0,outer_limit,nan,0,3.3154638032326091,0.0041770319999999998,2.2360679774997898,5.0000000000000009,-0.80516650626274766,59.124719099026734,34.403675935201669,trajectory reached the configured outer_limit radius
97,496,0.79196536871520595,0.59816666666666674,fraction,250,0,outer_limit,nan,0,3.3120503178709551,0.0069193889999999997,2.2360679774997898,5.0000000000000009,-0.80517572942570736,59.124149461875483,34.404082272424219,trajectory reached the configured outer_limit radius
97,497,0.79197254763603575,0.59816666666666674,fraction,250,0,outer_limit,nan,0,3.3086558634146188,0.0069453650000000002,2.2360679774997898,5.0000000000000009,-0.80518493683058578,59.12358049240899,34.404487096309303,trajectory reached the configured outer_limit radius
97,498,0.79197972655686566,0.59816666666666674,fraction,250,0,outer_limit,nan,0,3.3052802205766385,0.0072598560000000003,2.2360679774997898,5.0000000000000009,-0.80519412846214589,59.12301219349483,34.404890411351914,trajectory reached the configured outer_limit radius
97,499,0.79198690547769546,0.59816666666666674,fraction,250,0,outer_limit,nan,0,3.3019231739833095,0.0059148409999999997,2.2360679774997898,5.0000000000000009,-0.8052033043057808,59.122444567939574,34.405292222014815,trajectory reached the configured outer_limit radius
97,500,0.79199408439852526,0.59816666666666674,fraction,250,0,outer_limit,nan,0,3.298584512079445,0.0063442120000000001,2.2360679774997898,5.0000000000000009,-0.80521246434751259,59.121877618489698,34.405692532730768,trajectory reached the configured outer_limit radius
97,501,0.79200126331935505,0.59816666666666674,fraction,250,0,outer_limit,nan,0,3.2952640270367102,0.0072043489999999996,2.2360679774997898,5.0000000000000009,-0.80522160857397151,59.121311347833078,34.406091347901302,trajectory reached the configured outer_limit radius
97,502,0.79200844224018485,0.59816666666666674,fraction,250,0,outer_limit,nan,0,3.2919615146615278,0.0074786130000000003,2.2360679774997902,5.0000000000000027,-0.80523073697238778,59.120745758599895,34.406488671898551,trajectory reached the configured outer_limit radius
97,503,0.79201562116101465,0.59816666666666674,fraction,250,0,outer_limit,nan,0,3.288676774310888,0.0074037779999999997,2.2360679774997898,5.0000000000000009,-0.80523984953058347,59.120180853363422,34.406884509065051,trajectory reached the configured outer_limit radius
97,504,0.79202280008184445,0.59816666666666674,fraction,250,0,outer_limit,nan,0,3.2854096088064768,0.006328284,2.2360679774997898,5.0000000000000009,-0.80524894623695986,59.119616634641432,34.407278863714694,trajectory reached the configured outer_limit radius
97,505,0.79202997900267424,0.59816666666666674,fraction,250,0,outer_limit,nan,0,3.282159824352084,0.0070425560000000002,2.2360679774997898,5.0000000000000009,-0.80525802708048255,59.119053104897262,34.407671740133132,trajectory reached the configured outer_limit radius
97,506,0.79203715792350404,0.59816666666666674,fraction,250,0,outer_limit,nan,0,3.2789272304563686,0.0072044630000000004,2.2360679774997898,5.0000000000000009,-0.80526709205067903,59.118490266540235,34.408063142578044,trajectory reached the configured outer_limit radius
97,507,0.79204433684433384,0.59816666666666674,fraction,250,0,outer_limit,nan,0,3.2757116398545643,0.0066570370000000002,2.2360679774997898,5.0000000000000009,-0.8052761411376187,59.117928121927875,34.408453075281088,trajectory reached the configured outer_limit radius
97,508,0.79205151576516364,0.59816666666666674,fraction,250,0,outer_limit,nan,0,3.2725128684337355,0.0076986069999999997,2.2360679774997898,5.0000000000000009,-0.80528517433191349,59.117366673365005,34.408841542445025,trajectory reached the configured outer_limit radius
97,509,0.79205869468599344,0.59816666666666674,fraction,250,0,outer_limit,nan,0,3.2693307351606626,0.0075617519999999997,2.2360679774997898,5.0000000000000009,-0.80529419162469906,59.116805923106604,34.409228548248933,trajectory reached the configured outer_limit radius
98,492,0.79193665303188676,0.6143333333333334,fraction,250,0,outer_limit,nan,0,3.3230720592756162,0.0068765609999999998,2.2360679774997898,5.0000000000000009,-0.8051253558773418,59.127213024676031,34.401732396115968,trajectory reached the configured outer_limit radius
98,493,0.79194383195271656,0.6143333333333334,fraction,250,0,outer_limit,nan,0,3.3195994414563512,0.0065955969999999999,2.2360679774997898,5.0000000000000009,-0.80513454430933074,59.126646574391401,34.402139972318096,trajectory reached the configured outer_limit radius
98,494,0.79195101087354636,0.6143333333333334,fraction,250,0,outer_limit,nan,0,3.3161465502771312,0.0072811519999999999,2.2360679774997898,5.0000000000000009,-0.80514371724416822,59.12608077280975,34.402546038888808,trajectory reached the configured outer_limit radius
98,495,0.79195818979437616,0.6143333333333334,fraction,250,0,outer_limit,nan,0,3.3127131538011203,0.0078471249999999999,2.2360679774997898,5.0000000000000009,-0.80515287466427421,59.125515622988786,34.402950600346927,trajectory reached the configured outer_limit radius
98,496,0.79196536871520595,0.6143333333333334,fraction,250,0,outer_limit,nan,0,3.3092990243200298,0.006961605,2.2360679774997898,5.0000000000000009,-0.80516201655274677,59.124951127921399,34.40335366117813,trajectory reached the configured outer_limit radius
98,497,0.79197254763603575,0.6143333333333334,fraction,250,0,outer_limit,nan,0,3.3059039382482869,0.007428072,2.2360679774997898,5.0000000000000009,-0.80517114289334446,59.124387290537157,34.403755225835503,trajectory reached the configured outer_limit radius
98,498,0.79197972655686566,0.6143333333333334,fraction,250,0,outer_limit,nan,0,3.3025276760213247,0.0056130040000000004,2.2360679774997898,5.0000000000000009,-0.80518025367047064,59.123824113703826,34.404155298740861,trajectory reached the configured outer_limit radius
98,499,0.79198690547769546,0.6143333333333334,fraction,250,0,outer_limit,nan,0,3.2991700219958289,0.0055772520000000004,2.2360679774997898,5.0000000000000009,-0.80518934886916615,59.123261600228119,34.404553884284944,trajectory reached the configured outer_limit radius
98,500,0.79199408439852526,0.6143333333333334,fraction,250,0,outer_limit,nan,0,3.2958307643550455,0.0069068599999999999,2.2360679774997898,5.0000000000000009,-0.8051984284750926,59.122699752857571,34.404950986828219,trajectory reached the configured outer_limit radius
98,501,0.79200126331935505,0.6143333333333334,fraction,250,0,outer_limit,nan,0,3.2925096950151569,0.007296706,2.2360679774997898,5.0000000000000009,-0.8052074924745265,59.122138574280548,34.40534661070128,trajectory reached the configured outer_limit radius
98,502,0.79200844224018485,0.6143333333333334,fraction,250,0,outer_limit,nan,0,3.2892066095352588,0.0074686819999999999,2.2360679774997898,5.0000000000000009,-0.8052165408543448,59.121578067128254,34.405740760205632,trajectory reached the configured outer_limit radius
98,503,0.79201562116101465,0.6143333333333334,fraction,250,0,outer_limit,nan,0,3.2859213070303532,0.0049903209999999998,2.2360679774997902,5.0000000000000027,-0.80522557360201186,59.12101823397542,34.406133439613903,trajectory reached the configured outer_limit radius
98,504,0.79202280008184445,0.6143333333333334,fraction,250,0,outer_limit,nan,0,3.2826535900870182,0.0068251129999999998,2.2360679774997898,5.0000000000000009,-0.80523459070557335,59.120459077341252,34.406524653171246,trajectory reached the configured outer_limit radius
98,505,0.79202997900267424,0.6143333333333334,fraction,250,0,outer_limit,nan,0,3.2794032646814144,0.0070069779999999996,2.2360679774997898,5.0000000000000009,-0.80524359215364372,59.119900599690837,34.406914405094788,trajectory reached the configured outer_limit radius
98,506,0.79203715792350404,0.6143333333333334,fraction,250,0,outer_limit,nan,0,3.2761701400986869,0.0076900370000000003,2.2360679774997898,5.0000000000000009,-0.80525257793539151,59.119342803435615,34.407302699574529,trajectory reached the configured outer_limit radius
98,507,0.79204433684433384,0.6143333333333334,fraction,250,0,outer_limit,nan,0,3.2729540288575354,0.0072911579999999998,2.2360679774997898,5.0000000000000009,-0.8052615480405384,59.118785690934978,34.407689540774655,trajectory reached the configured outer_limit radius
98,508,0.79205151576516364,0.6143333333333334,fraction,250,0,outer_limit,nan,0,3.2697547466339207,0.0072163310000000003,2.2360679774997898,5.0000000000000009,-0.80527050245933773,59.118229264496442,34.408074932832228,trajectory reached the configured outer_limit radius
98,509,0.79205869468599344,0.6143333333333334,fraction,250,0,outer_limit,nan,0,3.2665721121896127,0.0073489230000000003,2.2360679774997898,5.0000000000000009,-0.80527944118257311,59.117673526377374,34.40845887985909,trajectory reached the configured outer_limit radius
99,492,0.79193665303188676,0.63050000000000006,fraction,250,0,outer_limit,nan,0,3.320413579485781,0.0073684420000000002,2.2360679774997898,5.0000000000000009,-0.80511133574874227,59.128032514591467,34.400987265167807,trajectory reached the configured outer_limit radius
99,493,0.79194383195271656,0.63050000000000006,fraction,250,0,outer_limit,nan,0,3.3169403074818176,0.007279916,2.2360679774997898,5.0000000000000009,-0.80512043918682508,59.127471443348256,34.401391421063124,trajectory reached the configured outer_limit radius
99,494,0.79195101087354636,0.63050000000000006,fraction,250,0,outer_limit,nan,0,3.3134867749851389,0.0042430510000000003,2.2360679774997898,5.0000000000000009,-0.80512952735423926,59.126911009996007,34.401794085726898,trajectory reached the configured outer_limit radius
99,495,0.79195818979437616,0.63050000000000006,fraction,250,0,outer_limit,nan,0,3.3100527497682997,0.0061626210000000001,2.2360679774997898,5.0000000000000009,-0.805138600232986,59.12635121759412,34.402195263595729,trajectory reached the configured outer_limit radius
99,496,0.79196536871520595,0.63050000000000006,fraction,250,0,outer_limit,nan,0,3.3066380038403294,0.007226428,2.2360679774997898,5.0000000000000009,-0.80514765780573716,59.125792069138129,34.402594959074428,trajectory reached the configured outer_limit radius
99,497,0.79197254763603575,0.63050000000000006,fraction,250,0,outer_limit,nan,0,3.3032423133413915,0.0074367369999999997,2.2360679774997898,5.0000000000000009,-0.80515670005582507,59.125233567560628,34.402993176536299,trajectory reached the configured outer_limit radius
99,498,0.79197972655686566,0.63050000000000006,fraction,250,0,outer_limit,nan,0,3.2998654584401934,0.0072123350000000003,2.2360679774997898,5.0000000000000009,-0.80516572696722999,59.124675715732337,34.403389920323171,trajectory reached the configured outer_limit radius
99,499,0.79198690547769546,0.63050000000000006,fraction,250,0,outer_limit,nan,0,3.2965072232338652,0.0071595239999999996,2.2360679774997898,5.0000000000000009,-0.80517473852457255,59.124118516463554,34.403785194748664,trajectory reached the configured outer_limit radius
99,500,0.79199408439852526,0.63050000000000006,fraction,250,0,outer_limit,nan,0,3.2931673956533429,0.0071691910000000001,2.2360679774997898,5.0000000000000009,-0.80518373471309113,59.123561972505144,34.404179004094964,trajectory reached the configured outer_limit radius
99,501,0.79200126331935505,0.63050000000000006,fraction,250,0,outer_limit,nan,0,3.2898457673690569,0.0071934850000000003,2.2360679774997898,5.0000000000000009,-0.80519271551864313,59.123006086549218,34.404571352615655,trajectory reached the configured outer_limit radius
99,502,0.79200844224018485,0.63050000000000006,fraction,250,0,outer_limit,nan,0,3.2865421337015768,0.005834461,2.2360679774997898,5.0000000000000009,-0.80520168092768662,59.122450861230654,34.404962244536108,trajectory reached the configured outer_limit radius
99,503,0.79201562116101465,0.63050000000000006,fraction,250,0,outer_limit,nan,0,3.2832562935334151,0.0071017770000000001,2.2360679774997898,5.0000000000000009,-0.80521063092726564,59.121896299129091,34.405351684054878,trajectory reached the configured outer_limit radius
99,504,0.79202280008184445,0.63050000000000006,fraction,250,0,outer_limit,nan,0,3.2799880492250737,0.0043182059999999998,2.2360679774997898,5.0000000000000009,-0.80521956550501073,59.12134240276766,34.405739675341451,trajectory reached the configured outer_limit radius
99,505,0.79202997900267424,0.63050000000000006,fraction,250,0,outer_limit,nan,0,3.2767372065323337,0.0079470619999999995,2.2360679774997898,5.0000000000000009,-0.80522848464912078,59.120789174615659,34.406126222539413,trajectory reached the configured outer_limit radius
99,506,0.79203715792350404,0.63050000000000006,fraction,250,0,outer_limit,nan,0,3.2735035745260856,0.0071927370000000003,2.2360679774997898,5.0000000000000009,-0.80523738834834702,59.120236617090235,34.40651132976668,trajectory reached the configured outer_limit radius
99,507,0.79204433684433384,0.63050000000000006,fraction,250,0,outer_limit,nan,0,3.2702869655168336,0.0067738060000000003,2.2360679774997898,5.0000000000000009,-0.80524627659199588,59.119684732554781,34.406895001113476,trajectory reached the configured outer_limit radius
99,508,0.79205151576516364,0.63050000000000006,fraction,250,0,outer_limit,nan,0,3.267087194976825,0.0061402890000000002,2.2360679774997898,5.0000000000000009,-0.80525514936990972,59.119133523322688,34.407277240646991,trajectory reached the configured outer_limit radius
99,509,0.79205869468599344,0.63050000000000006,fraction,250,0,outer_limit,nan,0,3.2639040814699314,0.0074401809999999997,2.2360679774997898,5.0000000000000009,-0.80526400667245568,59.118582991656616,34.407658052407463,trajectory reached the configured outer_limit radius
100,492,0.79193665303188676,0.64666666666666672,fraction,250,0,outer_limit,nan,0,3.3178481171931025,0.0066228290000000002,2.2360679774997898,5.0000000000000009,-0.80509665043192047,59.128892329114329,34.400210809150899,trajectory reached the configured outer_limit radius
100,493,0.79194383195271656,0.64666666666666672,fraction,250,0,outer_limit,nan,0,3.3143742206587756,0.0072828290000000002,2.2360679774997898,5.0000000000000009,-0.80510566561377561,59.128336855198981,34.40061144635218,trajectory reached the configured outer_limit radius
100,494,0.79195101087354636,0.64666666666666672,fraction,250,0,outer_limit,nan,0,3.3109200759722435,0.0074269150000000001,2.2360679774997898,5.0000000000000009,-0.80511466576727242,59.127782007518604,34.401010611776854,trajectory reached the configured outer_limit radius
100,495,0.79195818979437616,0.64666666666666672,fraction,250,0,outer_limit,nan,0,3.3074854506281062,0.0054757089999999996,2.2360679774997898,5.0000000000000009,-0.80512365087391558,59.127227789138168,34.401408309773643,trajectory reached the configured outer_limit radius
100,496,0.79196536871520595,0.64666666666666672,fraction,250,0,outer_limit,nan,0,3.3040701163638797,0.0066879970000000002,2.2360679774997911,5.0000000000000062,-0.80513262091587989,59.12667420305926,34.401804544660443,trajectory reached the configured outer_limit radius
100,497,0.79197254763603575,0.64666666666666672,fraction,250,0,outer_limit,nan,0,3.3006738490557246,0.005965209,2.2360679774997898,5.0000000000000009,-0.80514157587600421,59.126121252220017,34.402199320723916,trajectory reached the configured outer_limit radius
100,498,0.79197972655686566,0.64666666666666672,fraction,250,0,outer_limit,nan,0,3.2972964286160709,0.0058485840000000004,2.2360679774997898,5.0000000000000009,-0.80515051573777918,59.125568939497661,34.402592642221393,trajectory reached the configured outer_limit radius
100,499,0.79198690547769546,0.64666666666666672,fraction,250,0,outer_limit,nan,0,3.2939376388931572,0.0043113700000000001,2.2360679774997898,5.0000000000000009,-0.80515944048533084,59.12501726770892,34.402984513381192,trajectory reached the configured outer_limit radius
100,500,0.79199408439852526,0.64666666666666672,fraction,250,0,outer_limit,nan,0,3.2905972675748898,0.0071082539999999996,2.2360679774997898,5.0000000000000009,-0.80516835010341481,59.124466239610527,34.403374938401768,trajectory reached the configured outer_limit radius
100,501,0.79200126331935505,0.64666666666666672,fraction,250,0,outer_limit,nan,0,3.287275106096105,0.0073752219999999999,2.2360679774997898,5.0000000000000009,-0.80517724457739626,59.123915857902404,34.403763921455415,trajectory reached the configured outer_limit radius
100,502,0.79200844224018485,0.64666666666666672,fraction,250,0,outer_limit,nan,0,3.2839709495478808,0.0072866820000000001,2.2360679774997898,5.0000000000000009,-0.8051861238932505,59.123366125225942,34.40415146668537,trajectory reached the configured outer_limit radius
100,503,0.79201562116101465,0.64666666666666672,fraction,250,0,outer_limit,nan,0,3.280684596589817,0.0072808730000000002,2.2360679774997898,5.0000000000000009,-0.80519498803754275,59.122817044167235,34.404537578208362,trajectory reached the configured outer_limit radius
100,504,0.79202280008184445,0.64666666666666672,fraction,250,0,outer_limit,nan,0,3.2774158493645071,0.0070095940000000001,2.2360679774997898,5.0000000000000009,-0.80520383699741638,59.122268617257518,34.404922260114311,trajectory reached the configured outer_limit radius
100,505,0.79202997900267424,0.64666666666666672,fraction,250,0,outer_limit,nan,0,3.2741645134163249,0.0074903180000000001,2.2360679774997898,5.0000000000000009,-0.80521267076058956,59.121720846973659,34.405305516468154,trajectory reached the configured outer_limit radius
100,506,0.79203715792350404,0.64666666666666672,fraction,250,0,outer_limit,nan,0,3.2709303976110373,0.0068839829999999998,2.2360679774997898,5.0000000000000009,-0.80522148931534188,59.121173735739347,34.405687351307932,trajectory reached the configured outer_limit radius
100,507,0.79204433684433384,0.64666666666666672,fraction,250,0,outer_limit,nan,0,3.2677133140574974,0.0073653110000000003,2.2360679774997898,5.0000000000000009,-0.80523029265049539,59.120627285927185,34.406067768647667,trajectory reached the configured outer_limit radius
100,508,0.79205151576516364,0.64666666666666672,fraction,250,0,outer_limit,nan,0,3.2645130780336382,0.0062232349999999997,2.2360679774997898,5.0000000000000009,-0.80523908075542106,59.120081499857591,34.40644677247618,trajectory reached the configured outer_limit radius
100,509,0.79205869468599344,0.64666666666666672,fraction,250,0,outer_limit,nan,0,3.2613295079127731,0.007575104,2.2360679774997902,5.0000000000000027,-0.80524785362001383,59.119536379801602,34.406824366758528,trajectory reached the configured outer_limit radius
101,492,0.79193665303188676,0.66283333333333339,fraction,250,0,outer_limit,nan,0,3.3153789731076566,0.0074566279999999999,2.2360679774997911,5.0000000000000062,-0.80508126457402063,59.129794563614638,34.399401236898541,trajectory reached the configured outer_limit radius
101,493,0.79194383195271656,0.66283333333333339,fraction,250,0,outer_limit,nan,0,3.3119044822902848,0.006565141,2.2360679774997902,5.0000000000000027,-0.80509018803979604,59.129244918042275,34.399798249771898,trajectory reached the configured outer_limit radius
101,494,0.79195101087354636,0.66283333333333339,fraction,250,0,outer_limit,nan,0,3.3084497551256606,0.006800637,2.2360679774997898,5.0000000000000009,-0.8050990967360262,59.128695886171116,34.400193811429638,trajectory reached the configured outer_limit radius
101,495,0.79195818979437616,0.66283333333333339,fraction,250,0,outer_limit,nan,0,3.3050145588396438,0.0073083829999999999,2.2360679774997898,5.0000000000000009,-0.80510799064363958,59.128147471075536,34.400587926125652,trajectory reached the configured outer_limit radius
101,496,0.79196536871520595,0.66283333333333339,fraction,250,0,outer_limit,nan,0,3.3015986649106734,0.0045412450000000002,2.2360679774997898,5.0000000000000009,-0.80511686974424768,59.12759967576541,34.400980598084381,trajectory reached the configured outer_limit radius
101,497,0.79197254763603575,0.66283333333333339,fraction,250,0,outer_limit,nan,0,3.2982018489620257,0.0056562629999999999,2.2360679774997898,5.0000000000000009,-0.805125734020124,59.12705250318858,34.401371831499709,trajectory reached the configured outer_limit radius
101,498,0.79197972655686566,0.66283333333333339,fraction,250,0,outer_limit,nan,0,3.2948238906599649,0.0071926630000000002,2.2360679774997898,5.0000000000000009,-0.8051345834541932,59.126505956231327,34.40176163053745,trajectory reached the configured outer_limit radius
101,499,0.79198690547769546,0.66283333333333339,fraction,250,0,outer_limit,nan,0,3.2914645736144901,0.0068306189999999996,2.2360679774997898,5.0000000000000009,-0.80514341803002554,59.125960037719544,34.402149999334938,trajectory reached the configured outer_limit radius
101,500,0.79199408439852526,0.66283333333333339,fraction,250,0,outer_limit,nan,0,3.2881236852802664,0.0073912020000000004,2.2360679774997898,5.0000000000000009,-0.8051522377318141,59.125414750420667,34.402536942002186,trajectory reached the configured outer_limit radius
101,501,0.79200126331935505,0.66283333333333339,fraction,250,0,outer_limit,nan,0,3.2848010168672994,0.0049380240000000001,2.2360679774997898,5.0000000000000009,-0.80516104254437415,59.124870097043342,34.402922462621682,trajectory reached the configured outer_limit radius
101,502,0.79200844224018485,0.66283333333333339,fraction,250,0,outer_limit,nan,0,3.2814963632459571,0.0072144619999999996,2.2360679774997898,5.0000000000000009,-0.8051698324531249,59.124326080239484,34.403306565248869,trajectory reached the configured outer_limit radius
101,503,0.79201562116101465,0.66283333333333339,fraction,250,0,outer_limit,nan,0,3.2782095228616899,0.0069223109999999996,2.2360679774997898,5.0000000000000009,-0.8051786074440811,59.123782702605517,34.403689253914521,trajectory reached the configured outer_limit radius
101,504,0.79202280008184445,0.66283333333333339,fraction,250,0,outer_limit,nan,0,3.2749402976496,0.0071709870000000002,2.2360679774997898,5.0000000000000009,-0.80518736750384046,59.123239966682519,34.404070532622448,trajectory reached the configured outer_limit radius
101,505,0.79202997900267424,0.66283333333333339,fraction,250,0,outer_limit,nan,0,3.2716884929509882,0.0070800300000000002,2.2360679774997898,5.0000000000000009,-0.80519611261957535,59.122697874957765,34.40445040535149,trajectory reached the configured outer_limit radius
101,506,0.79203715792350404,0.66283333333333339,fraction,250,0,outer_limit,nan,0,3.2684539174340688,0.0080026899999999998,2.2360679774997898,5.0000000000000009,-0.80520484277901749,59.122156429866223,34.404828876056705,trajectory reached the configured outer_limit radius
101,507,0.79204433684433384,0.66283333333333339,fraction,250,0,outer_limit,nan,0,3.2652363830163345,0.0043200290000000004,2.2360679774997898,5.0000000000000009,-0.8052135579704548,59.121615633790299,34.405205948668097,trajectory reached the configured outer_limit radius
101,508,0.79205151576516364,0.66283333333333339,fraction,250,0,outer_limit,nan,0,3.2620357047880182,0.0059584640000000001,2.2360679774997898,5.0000000000000009,-0.8052222581827132,59.121075489061759,34.405581627091777,trajectory reached the configured outer_limit radius
101,509,0.79205869468599344,0.66283333333333339,fraction,250,0,outer_limit,nan,0,3.2588517009406104,0.004916414,2.2360679774997898,5.0000000000000009,-0.80523094340515455,59.120535997962314,34.405955915211216,trajectory reached the configured outer_limit radius
102,492,0.79193665303188676,0.67900000000000005,fraction,250,0,outer_limit,nan,0,3.3130099627141067,0.0079528849999999998,2.2360679774997898,5.0000000000000009,-0.80506513841267779,59.130741573282371,34.398556529628316,trajectory reached the configured outer_limit radius
102,493,0.79194383195271656,0.67900000000000005,fraction,250,0,outer_limit,nan,0,3.3095349086060124,0.0069982880000000001,2.2360679774997898,5.0000000000000009,-0.8050739664794454,59.130198001429797,34.398949804318846,trajectory reached the configured outer_limit radius
102,494,0.79195101087354636,0.67900000000000005,fraction,250,0,outer_limit,nan,0,3.3060796294038997,0.006558421,2.2360679774997898,5.0000000000000009,-0.80508278005273637,59.129655029828939,34.399341649516529,trajectory reached the configured outer_limit radius
102,495,0.79195818979437616,0.67900000000000005,fraction,250,0,outer_limit,nan,0,3.3026438920783558,0.0070582709999999996,2.2360679774997898,5.0000000000000009,-0.80509157911283658,59.129112661565841,34.399732069373876,trajectory reached the configured outer_limit radius
102,496,0.79196536871520595,0.67900000000000005,fraction,250,0,outer_limit,nan,0,3.2992274678592834,0.0053142420000000003,2.2360679774997898,5.0000000000000009,-0.80510036364071058,59.12857089966343,34.400121068014819,trajectory reached the configured outer_limit radius
102,497,0.79197254763603575,0.67900000000000005,fraction,250,0,outer_limit,nan,0,3.2958301321282382,0.0074123510000000002,2.2360679774997898,5.0000000000000009,-0.80510913361799485,59.128029747081449,34.400508649534132,trajectory reached the configured outer_limit radius
102,498,0.79197972655686566,0.67900000000000005,fraction,250,0,outer_limit,nan,0,3.2924516643173578,0.0074606120000000001,2.2360679774997898,5.0000000000000009,-0.80511788902697856,59.127489206719133,34.400894817999472,trajectory reached the configured outer_limit radius
102,499,0.79198690547769546,0.67900000000000005,fraction,250,0,outer_limit,nan,0,3.2890918478073794,0.0071606059999999999,2.2360679774997898,5.0000000000000009,-0.80512662985059713,59.126949281415058,34.401279577451071,trajectory reached the configured outer_limit radius
102,500,0.79199408439852526,0.67900000000000005,fraction,250,0,outer_limit,nan,0,3.2857504698323532,0.0069580329999999998,2.2360679774997898,5.0000000000000009,-0.80513535607241649,59.126409973949379,34.401662931902855,trajectory reached the configured outer_limit radius
102,501,0.79200126331935505,0.67900000000000005,fraction,250,0,outer_limit,nan,0,3.2824273213848412,0.0070020719999999998,2.2360679774997898,5.0000000000000009,-0.80514406767662583,59.125871287043736,34.402044885342278,trajectory reached the configured outer_limit radius
102,502,0.79200844224018485,0.67900000000000005,fraction,250,0,outer_limit,nan,0,3.2791221971258429,0.0063031149999999998,2.2360679774997898,5.0000000000000009,-0.80515276464802199,59.125333223363207,34.402425441730998,trajectory reached the configured outer_limit radius
102,503,0.79201562116101465,0.67900000000000005,fraction,250,0,outer_limit,nan,0,3.2758348952967871,0.0071893410000000001,2.2360679774997898,5.0000000000000009,-0.80516144697199998,59.124795785517477,34.40280460500648,trajectory reached the configured outer_limit radius
102,504,0.79202280008184445,0.67900000000000005,fraction,250,0,outer_limit,nan,0,3.2725652176331881,0.0067154659999999998,2.2360679774997898,5.0000000000000009,-0.80517011463453991,59.124258976060844,34.403182379080548,trajectory reached the configured outer_limit radius
102,505,0.79202997900267424,0.67900000000000005,fraction,250,0,outer_limit,nan,0,3.2693129692831171,0.0071394980000000002,2.2360679774997898,5.0000000000000009,-0.8051787676222002,59.123722797494352,34.403558767840956,trajectory reached the configured outer_limit radius
102,506,0.79203715792350404,0.67900000000000005,fraction,250,0,outer_limit,nan,0,3.2660779587266422,0.007460787,2.2360679774997898,5.0000000000000009,-0.80518740592210625,59.123187252266035,34.403933775152609,trajectory reached the configured outer_limit radius
102,507,0.79204433684433384,0.67900000000000005,fraction,250,0,outer_limit,nan,0,3.2628599976970132,0.0071395130000000001,2.2360679774997907,5.0000000000000044,-0.8051960295219347,59.122652342772497,34.404307404856084,trajectory reached the configured outer_limit radius
102,508,0.79205151576516364,0.67900000000000005,fraction,250,0,outer_limit,nan,0,3.2596589011064374,0.0067677809999999996,2.2360679774997898,5.0000000000000009,-0.80520463840990664,59.122118071358869,34.404679660769226,trajectory reached the configured outer_limit radius
102,509,0.79205869468599344,0.67900000000000005,fraction,250,0,outer_limit,nan,0,3.256474486972015,0.0071797279999999998,2.2360679774997898,5.0000000000000009,-0.8052132325747835,59.121584440320888,34.405050546687491,trajectory reached the configured outer_limit radius
103,492,0.79193665303188676,0.69516666666666671,fraction,250,0,outer_limit,nan,0,3.3107455053797405,0.0053525250000000003,2.2360679774997898,5.0000000000000009,-0.80504822700658163,59.13173601837088,34.397674400965265,trajectory reached the configured outer_limit radius
103,493,0.79194383195271656,0.69516666666666671,fraction,250,0,outer_limit,nan,0,3.3072699198906697,0.0072743740000000001,2.2360679774997898,5.0000000000000009,-0.80505695573828417,59.131198781895336,34.398063814247649,trajectory reached the configured outer_limit radius
103,494,0.79195101087354636,0.69516666666666671,fraction,250,0,outer_limit,nan,0,3.3038141199932993,0.0053941520000000001,2.2360679774997898,5.0000000000000009,-0.80506567027069298,59.130662131263094,34.398451820985677,trajectory reached the configured outer_limit radius
103,495,0.79195818979437616,0.69516666666666671,fraction,250,0,outer_limit,nan,0,3.3003778724144812,0.0070559969999999996,2.2360679774997898,5.0000000000000009,-0.80507437058336628,59.130126069575766,34.398838425222763,trajectory reached the configured outer_limit radius
103,496,0.79196536871520595,0.69516666666666671,fraction,250,0,outer_limit,nan,0,3.2969609481476532,0.0072910290000000001,2.2360679774997898,5.0000000000000009,-0.80508305665655178,59.129590599871769,34.399223630975442,trajectory reached the configured outer_limit radius
103,497,0.79197254763603575,0.69516666666666671,fraction,250,0,outer_limit,nan,0,3.2935631223447199,0.0071949589999999999,2.2360679774997898,5.0000000000000009,-0.80509172847116783,59.129055725127039,34.399607442232707,trajectory reached the configured outer_limit radius
103,498,0.79197972655686566,0.69516666666666671,fraction,250,0,outer_limit,nan,0,3.2901841742142177,0.0066001020000000001,2.2360679774997898,5.0000000000000009,-0.8051003860087913,59.128521448256564,34.399989862956595,trajectory reached the configured outer_limit radius
103,499,0.79198690547769546,0.69516666666666671,fraction,250,0,outer_limit,nan,0,3.2868238869197612,0.0073708280000000003,2.2360679774997898,5.0000000000000009,-0.8051090292516524,59.127987772115091,34.400370897084287,trajectory reached the configured outer_limit radius
103,500,0.79199408439852526,0.69516666666666671,fraction,250,0,outer_limit,nan,0,3.2834820474836302,0.0068197680000000004,2.2360679774997902,5.0000000000000027,-0.80511765818261438,59.127454699498543,34.400750548526311,trajectory reached the configured outer_limit radius
103,501,0.79200126331935505,0.69516666666666671,fraction,250,0,outer_limit,nan,0,3.2801584466934082,0.0046311529999999998,2.2360679774997898,5.0000000000000009,-0.80512627278516369,59.12692223314518,34.401128821168363,trajectory reached the configured outer_limit radius
103,502,0.79200844224018485,0.69516666666666671,fraction,250,0,outer_limit,nan,0,3.2768528790100664,0.0055995239999999998,2.2360679774997898,5.0000000000000009,-0.80513487304340536,59.126390375736236,34.401505718871981,trajectory reached the configured outer_limit radius
103,503,0.79201562116101465,0.69516666666666671,fraction,250,0,outer_limit,nan,0,3.2735651424801109,0.0070811019999999997,2.2360679774997902,5.0000000000000027,-0.80514345894204142,59.125859129897677,34.401881245474918,trajectory reached the configured outer_limit radius
103,504,0.79202280008184445,0.69516666666666671,fraction,250,0,outer_limit,nan,0,3.2702950386500782,0.0070703229999999999,2.2360679774997898,5.0000000000000009,-0.8051520304663643,59.125328498200474,34.402255404789898,trajectory reached the configured outer_limit radius
103,505,0.79202997900267424,0.69516666666666671,fraction,250,0,outer_limit,nan,0,3.2670423724838873,0.0054783979999999998,2.2360679774997898,5.0000000000000009,-0.80516058760225107,59.124798483162245,34.402628200608817,trajectory reached the configured outer_limit radius
103,506,0.79203715792350404,0.69516666666666671,fraction,250,0,outer_limit,nan,0,3.2638069522814592,0.0072256910000000002,2.2360679774997902,5.0000000000000027,-0.80516913033614368,59.124269087247718,34.402999636698681,trajectory reached the configured outer_limit radius
103,507,0.79204433684433384,0.69516666666666671,fraction,250,0,outer_limit,nan,0,3.2605885896024058,0.0071288050000000002,2.2360679774997898,5.0000000000000009,-0.80517765865504265,59.12374031286987,34.403369716804697,trajectory reached the configured outer_limit radius
103,508,0.79205151576516364,0.69516666666666671,fraction,250,0,outer_limit,nan,0,3.2573870991883052,0.0065315989999999999,2.2360679774997898,5.0000000000000009,-0.80518617254649938,59.123212162391283,34.403738444651054,trajectory reached the configured outer_limit radius
103,509,0.79205869468599344,0.69516666666666671,fraction,250,0,outer_limit,nan,0,3.2542022988908261,0.0074697419999999997,2.2360679774997898,5.0000000000000009,-0.80519467199860029,59.122684638124355,34.404105823939162,trajectory reached the configured outer_limit radius
104,492,0.79193665303188676,0.71133333333333337,fraction,250,0,outer_limit,nan,0,3.3085907353949939,0.0068036879999999996,2.2360679774997898,5.0000000000000009,-0.8050304792810109,59.132780920300718,34.396752247311625,trajectory reached the configured outer_limit radius
104,493,0.79194383195271656,0.71133333333333337,fraction,250,0,outer_limit,nan,0,3.3051146515575174,0.0078963090000000007,2.2360679774997898,5.0000000000000009,-0.80503910445281901,59.132250299416398,34.397137665224875,trajectory reached the configured outer_limit radius
104,494,0.79195101087354636,0.71133333333333337,fraction,250,0,outer_limit,nan,0,3.3016583634084626,0.0063601930000000001,2.2360679774997911,5.0000000000000062,-0.80504771573859091,59.131720248959496,34.39752170083915,trajectory reached the configured outer_limit radius
104,495,0.79195818979437616,0.71133333333333337,fraction,250,0,outer_limit,nan,0,3.2982216374444753,0.0061295819999999997,2.2360679774997898,5.0000000000000009,-0.80505631311707726,59.131190772050594,34.39790435808203,trajectory reached the configured outer_limit radius
104,496,0.79196536871520595,0.71133333333333337,fraction,250,0,outer_limit,nan,0,3.2948042444342565,0.0062814070000000001,2.2360679774997898,5.0000000000000009,-0.80506489656772606,59.130661871747762,34.398285640855235,trajectory reached the configured outer_limit radius
104,497,0.79197254763603575,0.71133333333333337,fraction,250,0,outer_limit,nan,0,3.2914059593127454,0.0069534740000000003,2.2360679774997898,5.0000000000000009,-0.80507346607065766,59.130133551046292,34.398665553033915,trajectory reached the configured outer_limit radius
104,498,0.79197972655686566,0.71133333333333337,fraction,250,0,outer_limit,nan,0,3.2880265610759802,0.0067312070000000003,2.2360679774997898,5.0000000000000009,-0.80508202160666431,59.129605812879987,34.399044098468678,trajectory reached the configured outer_limit radius
104,499,0.79198690547769546,0.71133333333333337,fraction,250,0,outer_limit,nan,0,3.2846658326817231,0.0068414770000000003,2.2360679774997898,5.0000000000000009,-0.80509056315718597,59.12907866012327,34.39942128098405,trajectory reached the configured outer_limit radius
104,500,0.79199408439852526,0.71133333333333337,fraction,250,0,outer_limit,nan,0,3.281323560952512,0.0059539110000000001,2.2360679774997902,5.0000000000000027,-0.80509909070430619,59.128552095592028,34.399797104382188,trajectory reached the configured outer_limit radius
104,501,0.79200126331935505,0.71133333333333337,fraction,250,0,outer_limit,nan,0,3.2779995364807704,0.0065339969999999997,2.2360679774997898,5.0000000000000009,-0.80510760423074024,59.128026122043259,34.400171572439689,trajectory reached the configured outer_limit radius
104,502,0.79200844224018485,0.71133333333333337,fraction,250,0,outer_limit,nan,0,3.2746935535381008,0.0068337129999999999,2.2360679774997898,5.0000000000000009,-0.80511610371981779,59.127500742178441,34.400544688910571,trajectory reached the configured outer_limit radius
104,503,0.79201562116101465,0.71133333333333337,fraction,250,0,outer_limit,nan,0,3.2714054099866337,0.0075271979999999997,2.2360679774997898,5.0000000000000009,-0.80512458915547713,59.126975958642817,34.400916457525753,trajectory reached the configured outer_limit radius
104,504,0.79202280008184445,0.71133333333333337,fraction,250,0,outer_limit,nan,0,3.2681349071934469,0.0068770309999999996,2.2360679774997898,5.0000000000000009,-0.80513306052225009,59.126451774027402,34.401286881994039,trajectory reached the configured outer_limit radius
104,505,0.79202997900267424,0.71133333333333337,fraction,250,0,outer_limit,nan,0,3.2648818499479328,0.0057982110000000002,2.2360679774997898,5.0000000000000009,-0.80514151780525689,59.125928190869118,34.401655966001464,trajectory reached the configured outer_limit radius
104,506,0.79203715792350404,0.71133333333333337,fraction,250,0,outer_limit,nan,0,3.2616460463804162,0.0057394550000000001,2.2360679774997898,5.0000000000000009,-0.80514996099018254,59.125405211653202,34.402023713213225,trajectory reached the configured outer_limit radius
104,507,0.79204433684433384,0.71133333333333337,fraction,250,0,outer_limit,nan,0,3.2584273078845132,0.0073073360000000002,2.2360679774997902,5.0000000000000027,-0.80515839006328582,59.124882838812397,34.402390127273037,trajectory reached the configured outer_limit radius
104,508,0.79205151576516364,0.71133333333333337,fraction,250,0,outer_limit,nan,0,3.2552254490410477,0.0067795169999999997,2.2360679774997898,5.0000000000000009,-0.80516680501137028,59.124361074728576,34.402755211802337,trajectory reached the configured outer_limit radius
104,509,0.79205869468599344,0.71133333333333337,fraction,250,0,outer_limit,nan,0,3.2520402875448444,0.0071473980000000001,2.2360679774997898,5.0000000000000009,-0.80517520582178348,59.123839921734906,34.403118970403668,trajectory reached the configured outer_limit radius
105,492,0.79193665303188676,0.72750000000000004,fraction,250,0,outer_limit,nan,0,3.3065516418404113,0.0050818570000000004,2.2360679774997898,5.0000000000000009,-0.80501183683081601,59.133879732005838,34.395787085551007,trajectory reached the configured outer_limit radius
105,493,0.79194383195271656,0.72750000000000004,fraction,250,0,outer_limit,nan,0,3.3030750940527276,0.0069776389999999999,2.2360679774997898,5.0000000000000009,-0.80502035388645277,59.133356028206471,34.39616836175901,trajectory reached the configured outer_limit radius
105,494,0.79195101087354636,0.72750000000000004,fraction,250,0,outer_limit,nan,0,3.2996183514372595,0.0070414300000000004,2.2360679774997898,5.0000000000000009,-0.80502885738947982,59.132832878356425,34.396548281294159,trajectory reached the configured outer_limit radius
105,495,0.79195818979437616,0.72750000000000004,fraction,250,0,outer_limit,nan,0,3.2961811802728946,0.0074282590000000004,2.2360679774997898,5.0000000000000009,-0.80503734731775844,59.13231028559936,34.396926847958717,trajectory reached the configured outer_limit radius
105,496,0.79196536871520595,0.72750000000000004,fraction,250,0,outer_limit,nan,0,3.2927633511173942,0.007204116,2.2360679774997907,5.0000000000000044,-0.80504582364984822,59.13178825301592,34.397304065531578,trajectory reached the configured outer_limit radius
105,497,0.79197254763603575,0.72750000000000004,fraction,250,0,outer_limit,nan,0,3.289364638699992,0.0070475260000000001,2.2360679774997898,5.0000000000000009,-0.80505428636499721,59.131266783623758,34.397679937767215,trajectory reached the configured outer_limit radius
105,498,0.79197972655686566,0.72750000000000004,fraction,250,0,outer_limit,nan,0,3.2859848218174523,0.0070656800000000004,2.2360679774997902,5.0000000000000027,-0.80506273544312068,59.13074588038053,34.398054468395841,trajectory reached the configured outer_limit radius
105,499,0.79198690547769546,0.72750000000000004,fraction,250,0,outer_limit,nan,0,3.2826236832334956,0.006751707,2.2360679774997898,5.0000000000000009,-0.80507117086479407,59.130225546182928,34.39842766112362,trajectory reached the configured outer_limit radius
105,500,0.79199408439852526,0.72750000000000004,fraction,250,0,outer_limit,nan,0,3.2792810095816591,0.0045294760000000002,2.2360679774997898,5.0000000000000009,-0.80507959261124251,59.129705783869831,34.398799519635396,trajectory reached the configured outer_limit radius
105,501,0.79200126331935505,0.72750000000000004,fraction,250,0,outer_limit,nan,0,3.2759565912711786,0.0037319810000000001,2.2360679774997898,5.0000000000000009,-0.80508800066432284,59.129186596221651,34.399170047591802,trajectory reached the configured outer_limit radius
105,502,0.79200844224018485,0.72750000000000004,fraction,250,0,outer_limit,nan,0,3.2726502223947653,0.0053578860000000001,2.2360679774997898,5.0000000000000009,-0.80509639500651897,59.128667985962522,34.399539248632003,trajectory reached the configured outer_limit radius
105,503,0.79201562116101465,0.72750000000000004,fraction,250,0,outer_limit,nan,0,3.2693617006412454,0.0051329319999999998,2.2360679774997898,5.0000000000000009,-0.80510477562092375,59.12814995576079,34.399907126373371,trajectory reached the configured outer_limit radius
105,504,0.79202280008184445,0.72750000000000004,fraction,250,0,outer_limit,nan,0,3.2660908272084472,0.0048170419999999997,2.2360679774997902,5.0000000000000027,-0.80511314249123245,59.127632508230654,34.400273684412603,trajectory reached the configured outer_limit radius
105,505,0.79202997900267424,0.72750000000000004,fraction,250,0,outer_limit,nan,0,3.2628374067212187,0.0066188669999999996,2.2360679774997898,5.0000000000000009,-0.80512149560172763,59.127115645932172,34.400638926324127,trajectory reached the configured outer_limit radius
105,506,0.79203715792350404,0.72750000000000004,fraction,250,0,outer_limit,nan,0,3.2596012471498028,0.0045274729999999997,2.2360679774997902,5.0000000000000027,-0.80512983493727508,59.126599371373487,34.401002855664025,trajectory reached the configured outer_limit radius
105,507,0.79204433684433384,0.72750000000000004,fraction,250,0,outer_limit,nan,0,3.2563821597319831,0.006597604,2.2360679774997907,5.0000000000000044,-0.80513816048330333,59.126083687010606,34.40136547596596,trajectory reached the configured outer_limit radius
105,508,0.79205151576516364,0.72750000000000004,fraction,250,0,outer_limit,nan,0,3.2531799588966721,0.006209193,2.2360679774997898,5.0000000000000009,-0.80514647222579838,59.125568595248886,34.401726790744419,trajectory reached the configured outer_limit radius
105,509,0.79205869468599344,0.72750000000000004,fraction,250,0,outer_limit,nan,0,3.2499944621910615,0.0071393480000000002,2.2360679774997898,5.0000000000000009,-0.80515477015130021,59.125054098444281,34.402086803495592,trajectory reached the configured outer_limit radius
106,492,0.79193665303188676,0.7436666666666667,fraction,250,0,outer_limit,nan,0,3.304635246884799,0.007691397,2.2360679774997898,5.0000000000000009,-0.80499223240078055,59.135036427210991,34.394775473892672,trajectory reached the configured outer_limit radius
106,493,0.79194383195271656,0.7436666666666667,fraction,250,0,outer_limit,nan,0,3.3011582712054293,0.0066709270000000001,2.2360679774997898,5.0000000000000009,-0.80500063640091069,59.1345199665626,34.395152447701548,trajectory reached the configured outer_limit radius
106,494,0.79195101087354636,0.7436666666666667,fraction,250,0,outer_limit,nan,0,3.2977011095380835,0.0073353450000000001,2.2360679774997898,5.0000000000000009,-0.80500902720327938,59.134004042260315,34.395528091935176,trajectory reached the configured outer_limit radius
106,495,0.79195818979437616,0.7436666666666667,fraction,250,0,outer_limit,nan,0,3.2942635279586931,0.0073204899999999998,2.2360679774997898,5.0000000000000009,-0.80501740478477224,59.133488657474487,34.395902410265535,trajectory reached the configured outer_limit radius
106,496,0.79196536871520595,0.7436666666666667,fraction,250,0,outer_limit,nan,0,3.2908452968271167,0.007325781,2.2360679774997898,5.0000000000000009,-0.80502576912297463,59.132973815312319,34.396275406339548,trajectory reached the configured outer_limit radius
106,497,0.79197254763603575,0.7436666666666667,fraction,250,0,outer_limit,nan,0,3.2874461906804435,0.0045481369999999998,2.2360679774997898,5.0000000000000009,-0.8050341201961706,59.132459518818159,34.396647083782284,trajectory reached the configured outer_limit radius
106,498,0.79197972655686566,0.7436666666666667,fraction,250,0,outer_limit,nan,0,3.2840659881286163,0.0071455390000000002,2.2360679774997898,5.0000000000000009,-0.80504245798331764,59.131945770975761,34.397017446195427,trajectory reached the configured outer_limit radius
106,499,0.79198690547769546,0.7436666666666667,fraction,250,0,outer_limit,nan,0,3.280704471753908,0.006654119,2.2360679774997898,5.0000000000000009,-0.80505078246404227,59.131432574708754,34.397386497159502,trajectory reached the configured outer_limit radius
106,500,0.79199408439852526,0.7436666666666667,fraction,250,0,outer_limit,nan,0,3.2773614280130752,0.0071889299999999996,2.2360679774997898,5.0000000000000009,-0.80505909361862327,59.130919932882264,34.397754240232992,trajectory reached the configured outer_limit radius
106,501,0.79200126331935505,0.7436666666666667,fraction,250,0,outer_limit,nan,0,3.2740366471435536,0.0071648479999999997,2.2360679774997898,5.0000000000000009,-0.80506739142798101,59.130407848303314,34.39812067895312,trajectory reached the configured outer_limit radius
106,502,0.79200844224018485,0.7436666666666667,fraction,250,0,outer_limit,nan,0,3.2707299230711646,0.0075114919999999998,2.2360679774997898,5.0000000000000009,-0.80507567587366802,59.129896323722676,34.398485816837109,trajectory reached the configured outer_limit radius
106,503,0.79201562116101465,0.7436666666666667,fraction,250,0,outer_limit,nan,0,3.2674410533217251,0.0067801199999999997,2.2360679774997898,5.0000000000000009,-0.8050839469378519,59.129385361835318,34.398849657380964,trajectory reached the configured outer_limit radius
106,504,0.79202280008184445,0.7436666666666667,fraction,250,0,outer_limit,nan,0,3.2641698389355764,0.0074527370000000001,2.2360679774997898,5.0000000000000009,-0.8050922046033091,59.128874965281739,34.399212204060788,trajectory reached the configured outer_limit radius
106,505,0.79202997900267424,0.7436666666666667,fraction,250,0,outer_limit,nan,0,3.2609160843829761,0.0062703009999999998,2.2360679774997894,4.9999999999999982,-0.80510044885341225,59.12836513664881,34.399573460333855,trajectory reached the configured outer_limit radius
106,506,0.79203715792350404,0.7436666666666667,fraction,250,0,outer_limit,nan,0,3.257679597484771,0.0071992710000000001,2.2360679774997898,5.0000000000000009,-0.80510867967211586,59.127855878470896,34.399933429637159,trajectory reached the configured outer_limit radius
106,507,0.79204433684433384,0.7436666666666667,fraction,250,0,outer_limit,nan,0,3.2544601893326313,0.0073625019999999999,2.2360679774997898,5.0000000000000009,-0.8051168970439494,59.127347193230769,34.400292115389178,trajectory reached the configured outer_limit radius
106,508,0.79205151576516364,0.7436666666666667,fraction,250,0,outer_limit,nan,0,3.2512576742137802,0.0077127009999999998,2.2360679774997898,5.0000000000000009,-0.80512510095400658,59.12683908336038,34.400649520989909,trajectory reached the configured outer_limit radius
106,509,0.79205869468599344,0.7436666666666667,fraction,250,0,outer_limit,nan,0,3.2480718695368731,0.0064787730000000002,2.2360679774997898,5.0000000000000009,-0.80513329138793321,59.126331551241996,34.401005649820469,trajectory reached the configured outer_limit radius
107,492,0.79193665303188676,0.75983333333333336,fraction,250,0,outer_limit,nan,0,3.3028498361456315,0.0062481530000000002,2.2360679774997898,5.0000000000000009,-0.80497158793001078,59.136255615293273,34.393713409926242,trajectory reached the configured outer_limit radius
107,493,0.79194383195271656,0.75983333333333336,fraction,250,0,outer_limit,nan,0,3.2993724706504328,0.0073554110000000001,2.2360679774997898,5.0000000000000009,-0.80497987348910782,59.135746752458807,34.394085903847419,trajectory reached the configured outer_limit radius
107,494,0.79195101087354636,0.75983333333333336,fraction,250,0,outer_limit,nan,0,3.2959149273280022,0.0073557029999999999,2.2360679774997898,5.0000000000000009,-0.80498814622816361,59.135238407170036,34.394457096875414,trajectory reached the configured outer_limit radius
107,495,0.79195818979437616,0.75983333333333336,fraction,250,0,outer_limit,nan,0,3.2924769720652396,0.007660231,2.2360679774997898,5.0000000000000009,-0.80499640612299084,59.134730582627597,34.394826992539528,trajectory reached the configured outer_limit radius
107,496,0.79196536871520595,0.75983333333333336,fraction,250,0,outer_limit,nan,0,3.2890583750387998,0.0071114189999999999,2.2360679774997898,5.0000000000000009,-0.8050046531501156,59.134223281968914,34.395195594348259,trajectory reached the configured outer_limit radius
107,497,0.79197254763603575,0.75983333333333336,fraction,250,0,outer_limit,nan,0,3.2856589106074572,0.0074084499999999996,2.2360679774997898,5.0000000000000009,-0.80501288728676323,59.133716508269075,34.395562905787671,trajectory reached the configured outer_limit radius
107,498,0.79197972655686566,0.75983333333333336,fraction,250,0,outer_limit,nan,0,3.2822783572076122,0.0055174919999999997,2.2360679774997898,5.0000000000000009,-0.80502110851084374,59.133210264542029,34.395928930323031,trajectory reached the configured outer_limit radius
107,499,0.79198690547769546,0.75983333333333336,fraction,250,0,outer_limit,nan,0,3.2789164972531251,0.0057396720000000004,2.2360679774997898,5.0000000000000009,-0.80502931680094425,59.13270455374186,34.39629367139996,trajectory reached the configured outer_limit radius
107,500,0.79199408439852526,0.75983333333333336,fraction,250,0,outer_limit,nan,0,3.2755731170371525,0.0076227270000000001,2.2360679774997898,5.0000000000000009,-0.80503751213631303,59.132199378763559,34.396657132442826,trajectory reached the configured outer_limit radius
107,501,0.79200126331935505,0.75983333333333336,fraction,250,0,outer_limit,nan,0,3.2722480066373745,0.0072744130000000004,2.2360679774997911,5.0000000000000062,-0.80504569449684538,59.131694742444921,34.397019316857154,trajectory reached the configured outer_limit radius
107,502,0.79200844224018485,0.75983333333333336,fraction,250,0,outer_limit,nan,0,3.2689409598247616,0.0065923309999999999,2.2360679774997898,5.0000000000000009,-0.8050538638630732,59.131190647566179,34.397380228028844,trajectory reached the configured outer_limit radius
107,503,0.79201562116101465,0.75983333333333336,fraction,250,0,outer_limit,nan,0,3.2656517739746693,0.007273842,2.2360679774997898,5.0000000000000009,-0.80506202021615847,59.130687096853165,34.39773986932515,trajectory reached the configured outer_limit radius
107,504,0.79202280008184445,0.75983333333333336,fraction,250,0,outer_limit,nan,0,3.2623802499802039,0.0071190150000000002,2.2360679774997898,5.0000000000000009,-0.80507016353787364,59.130184092976066,34.3980982440942,trajectory reached the configured outer_limit radius
107,505,0.79202997900267424,0.75983333333333336,fraction,250,0,outer_limit,nan,0,3.25912619216929,0.0069844540000000002,2.2360679774997898,5.0000000000000009,-0.80507829381059237,59.129681638552164,34.398455355666627,trajectory reached the configured outer_limit radius
107,506,0.79203715792350404,0.75983333333333336,fraction,250,0,outer_limit,nan,0,3.2558894082237022,0.0070046989999999996,2.2360679774997898,5.0000000000000009,-0.80508641101728373,59.129179736145353,34.398811207353944,trajectory reached the configured outer_limit radius
107,507,0.79204433684433384,0.75983333333333336,fraction,250,0,outer_limit,nan,0,3.252669709099838,0.0069415170000000003,2.2360679774997898,5.0000000000000009,-0.80509451514148966,59.128678388269222,34.39916580245135,trajectory reached the configured outer_limit radius
107,508,0.79205151576516364,0.75983333333333336,fraction,250,0,outer_limit,nan,0,3.2494669089534245,0.0067513269999999997,2.2360679774997898,5.0000000000000009,-0.80510260616733209,59.128177597385118,34.399519144235796,trajectory reached the configured outer_limit radius
107,509,0.79205869468599344,0.75983333333333336,fraction,250,0,outer_limit,nan,0,3.2462808250644737,0.0062108329999999998,2.2360679774997902,5.0000000000000027,-0.80511068407948194,59.127677365905896,34.399871235967638,trajectory reached the configured outer_limit radius
108,492,0.79193665303188676,0.77600000000000002,fraction,250,0,outer_limit,nan,0,3.3012052608518405,0.0076251859999999999,2.2360679774997898,5.0000000000000009,-0.80494981199656535,59.137542691327759,34.392596197293479,trajectory reached the configured outer_limit radius
108,493,0.79194383195271656,0.77600000000000002,fraction,250,0,outer_limit,nan,0,3.2977275460793467,0.0077623780000000003,2.2360679774997898,5.0000000000000009,-0.80495797320471374,59.137041814550159,34.392964014024251,trajectory reached the configured outer_limit radius
108,494,0.79195101087354636,0.77600000000000002,fraction,250,0,outer_limit,nan,0,3.2942696609164832,0.0083607100000000004,2.2360679774997898,5.0000000000000009,-0.80496612199509754,59.136541435236317,34.393330560254086,trajectory reached the configured outer_limit radius
108,495,0.79195818979437616,0.77600000000000002,fraction,250,0,outer_limit,nan,0,3.2908313710775534,0.0073463019999999999,2.2360679774997898,5.0000000000000009,-0.80497425834235747,59.136041556621528,34.393695839361335,trajectory reached the configured outer_limit radius
108,496,0.79196536871520595,0.77600000000000002,fraction,250,0,outer_limit,nan,0,3.2874124465703356,0.0082747029999999996,2.2360679774997898,5.0000000000000009,-0.80498238222186025,59.135542181877469,34.394059854704615,trajectory reached the configured outer_limit radius
108,497,0.79197254763603575,0.77600000000000002,fraction,250,0,outer_limit,nan,0,3.2840126615904812,0.0073717790000000002,2.2360679774997898,5.0000000000000009,-0.80499049360968045,59.135043314113375,34.394422609622509,trajectory reached the configured outer_limit radius
108,498,0.79197972655686566,0.77600000000000002,fraction,250,0,outer_limit,nan,0,3.2806317944153429,0.0073996239999999996,2.2360679774997898,5.0000000000000009,-0.80499859248258643,59.134544956377823,34.394784107434738,trajectory reached the configured outer_limit radius
108,499,0.79198690547769546,0.77600000000000002,fraction,250,0,outer_limit,nan,0,3.2772696273041597,0.0059110559999999996,2.2360679774997898,5.0000000000000009,-0.80500667881803134,59.134047111658617,34.395144351441758,trajectory reached the configured outer_limit radius
108,500,0.79199408439852526,0.77600000000000002,fraction,250,0,outer_limit,nan,0,3.2739259463997623,0.0072423419999999997,2.2360679774997898,5.0000000000000009,-0.80501475259413924,59.133549782885325,34.395503344926581,trajectory reached the configured outer_limit radius
108,501,0.79200126331935505,0.77600000000000002,fraction,250,0,outer_limit,nan,0,3.270600541634185,0.007511032,2.2360679774997898,5.0000000000000009,-0.80502281378968799,59.133052972929633,34.395861091153058,trajectory reached the configured outer_limit radius
108,502,0.79200844224018485,0.77600000000000002,fraction,250,0,outer_limit,nan,0,3.2672932066360061,0.0070495879999999999,2.2360679774997898,5.0000000000000009,-0.80503086238410571,59.132556684605781,34.39621759336724,trajectory reached the configured outer_limit radius
108,503,0.79201562116101465,0.77600000000000002,fraction,250,0,outer_limit,nan,0,3.2640037386423004,0.0070526399999999998,2.2360679774997898,5.0000000000000009,-0.80503889835744991,59.132060920673375,34.396572854799047,trajectory reached the configured outer_limit radius
108,504,0.79202280008184445,0.77600000000000002,fraction,250,0,outer_limit,nan,0,3.2607319384115669,0.006653768,2.2360679774997898,5.0000000000000009,-0.80504692169040104,59.13156568383679,34.396926878659968,trajectory reached the configured outer_limit radius
108,505,0.79202997900267424,0.77600000000000002,fraction,250,0,outer_limit,nan,0,3.2574776101412248,0.0070097069999999996,2.2360679774997898,5.0000000000000009,-0.80505493236425019,59.131070976746585,34.397279668144634,trajectory reached the configured outer_limit radius
108,506,0.79203715792350404,0.77600000000000002,fraction,250,0,outer_limit,nan,0,3.2542405613852292,0.007448362,2.2360679774997898,5.0000000000000009,-0.8050629303608875,59.130576802001265,34.397631226432487,trajectory reached the configured outer_limit radius
108,507,0.79204433684433384,0.77600000000000002,fraction,250,0,outer_limit,nan,0,3.251020602976276,0.0067981350000000003,2.2360679774997898,5.0000000000000009,-0.80507091566278943,59.130083162146974,34.397981556685338,trajectory reached the configured outer_limit radius
108,508,0.79205151576516364,0.77600000000000002,fraction,250,0,outer_limit,nan,0,3.247817548948956,0.0052030210000000004,2.2360679774997898,5.0000000000000009,-0.80507888825300977,59.129590059679693,34.398330662049517,trajectory reached the configured outer_limit radius
108,509,0.79205869468599344,0.77600000000000002,fraction,250,0,outer_limit,nan,0,3.2446312164663493,0.0058699210000000002,2.2360679774997898,5.0000000000000009,-0.80508684811516995,59.129097497045024,34.398678545655955,trajectory reached the configured outer_limit radius
109,492,0.79193665303188676,0.79216666666666669,fraction,250,0,outer_limit,nan,0,3.2997133410518469,0.0059409770000000001,2.2360679774997898,5.0000000000000009,-0.8049267964202943,59.13890403550684,34.391418268294558,trajectory reached the configured outer_limit radius
109,493,0.79194383195271656,0.79216666666666669,fraction,250,0,outer_limit,nan,0,3.29623532056093,0.0068734119999999998,2.2360679774997898,5.0000000000000009,-0.80493482674492567,59.138411572868094,34.39178118691359,trajectory reached the configured outer_limit radius
109,494,0.79195101087354636,0.79216666666666669,fraction,250,0,outer_limit,nan,0,3.2927771363399119,0.006368032,2.2360679774997898,5.0000000000000009,-0.80494284508060221,59.137919586231277,34.392142867284861,trajectory reached the configured outer_limit radius
109,495,0.79195818979437616,0.79216666666666669,fraction,250,0,outer_limit,nan,0,3.2893385539459521,0.0067489769999999998,2.2360679774997907,5.0000000000000044,-0.80495085140069245,59.137428078870272,34.392503312624783,trajectory reached the configured outer_limit radius
109,496,0.79196536871520595,0.79216666666666669,fraction,250,0,outer_limit,nan,0,3.2859193432356015,0.0072474540000000004,2.2360679774997898,5.0000000000000009,-0.80495884567930076,59.136937053994913,34.392862526132483,trajectory reached the configured outer_limit radius
109,497,0.79197254763603575,0.79216666666666669,fraction,250,0,outer_limit,nan,0,3.2825192782562089,0.0069961340000000002,2.2360679774997898,5.0000000000000009,-0.80496682789124951,59.136446514753608,34.393220510989281,trajectory reached the configured outer_limit radius
109,498,0.79197972655686566,0.79216666666666669,fraction,250,0,outer_limit,nan,0,3.2791381371419956,0.0079862140000000002,2.2360679774997898,5.0000000000000009,-0.80497479801206451,59.135956464232791,34.393577270358577,trajectory reached the configured outer_limit radius
109,499,0.79198690547769546,0.79216666666666669,fraction,250,0,outer_limit,nan,0,3.2757757020127358,0.0069523170000000004,2.2360679774997898,5.0000000000000009,-0.80498275601796809,59.13546690545887,34.393932807387074,trajectory reached the configured outer_limit radius
109,500,0.79199408439852526,0.79216666666666669,fraction,250,0,outer_limit,nan,0,3.2724317588755971,0.0070477589999999998,2.2360679774997898,5.0000000000000009,-0.80499070188586064,59.134977841399248,34.394287125205238,trajectory reached the configured outer_limit radius
109,501,0.79200126331935505,0.79216666666666669,fraction,250,0,outer_limit,nan,0,3.2691060975302184,0.0073125580000000003,2.2360679774997898,5.0000000000000009,-0.80499863559330498,59.134489274963784,34.394640226925944,trajectory reached the configured outer_limit radius
109,502,0.79200844224018485,0.79216666666666669,fraction,250,0,outer_limit,nan,0,3.2657985114774029,0.007245451,2.2360679774997898,5.0000000000000009,-0.80500655711852609,59.13400120900495,34.394992115647256,trajectory reached the configured outer_limit radius
109,503,0.79201562116101465,0.79216666666666669,fraction,250,0,outer_limit,nan,0,3.2625087978291667,0.0061733650000000001,2.2360679774997898,5.0000000000000009,-0.80501446644038721,59.133513646319528,34.395342794449917,trajectory reached the configured outer_limit radius
109,504,0.79202280008184445,0.79216666666666669,fraction,250,0,outer_limit,nan,0,3.2592367572231913,0.007653661,2.2360679774997898,5.0000000000000009,-0.80502236353838119,59.13302658965025,34.395692266400935,trajectory reached the configured outer_limit radius
109,505,0.79202997900267424,0.79216666666666669,fraction,250,0,outer_limit,nan,0,3.2559821937379962,0.0073926219999999997,2.2360679774997898,5.0000000000000009,-0.8050302483926226,59.132540041685154,34.396040534550757,trajectory reached the configured outer_limit radius
109,506,0.79203715792350404,0.79216666666666669,fraction,250,0,outer_limit,nan,0,3.2527449148131162,0.0070586169999999997,2.2360679774997902,5.0000000000000027,-0.80503812098382976,59.13205400506034,34.396387601935658,trajectory reached the configured outer_limit radius
109,507,0.79204433684433384,0.79216666666666669,fraction,250,0,outer_limit,nan,0,3.2495247311690076,0.0064082039999999998,2.2360679774997898,5.0000000000000009,-0.80504598129331806,59.131568482359476,34.396733471575963,trajectory reached the configured outer_limit radius
109,508,0.79205151576516364,0.79216666666666669,fraction,250,0,outer_limit,nan,0,3.2463214567316281,0.0066046550000000001,2.2360679774997898,5.0000000000000009,-0.80505382930299052,59.131083476115776,34.397078146479352,trajectory reached the configured outer_limit radius
109,509,0.79205869468599344,0.79216666666666669,fraction,250,0,outer_limit,nan,0,3.2431349085578538,0.00676357,2.2360679774997898,5.0000000000000009,-0.80506166499532039,59.130598988812515,34.397421629637421,trajectory reached the configured outer_limit radius
110,492,0.79193665303188676,0.80833333333333335,fraction,250,0,outer_limit,nan,0,3.2983884142965705,0.007204523,2.2360679774997898,5.0000000000000009,-0.80490241165691434,59.140347283442075,34.390172943170626,trajectory reached the configured outer_limit radius
110,493,0.79194383195271656,0.80833333333333335,fraction,250,0,outer_limit,nan,0,3.2949101353830481,0.0062921019999999999,2.2360679774997898,5.0000000000000009,-0.80491030381729234,59.139863710853575,34.390530714268067,trajectory reached the configured outer_limit radius
110,494,0.79195101087354636,0.80833333333333335,fraction,250,0,outer_limit,nan,0,3.2914516985558717,0.0070409890000000001,2.2360679774997898,5.0000000000000009,-0.80491818444641849,59.139380591307621,34.390887281410713,trajectory reached the configured outer_limit radius
110,495,0.79195818979437616,0.80833333333333335,fraction,250,0,outer_limit,nan,0,3.2880128692339334,0.0071835359999999999,2.2360679774997898,5.0000000000000009,-0.80492605351627922,59.138897928121224,34.391242647643033,trajectory reached the configured outer_limit radius
110,496,0.79196536871520595,0.80833333333333335,fraction,250,0,outer_limit,nan,0,3.2845934171399533,0.0069397970000000002,2.2360679774997898,5.0000000000000009,-0.80493391099960776,59.138415724547585,34.391596815993353,trajectory reached the configured outer_limit radius
110,497,0.79197254763603575,0.80833333333333335,fraction,250,0,outer_limit,nan,0,3.2811931161904657,0.0064327300000000002,2.2360679774997898,5.0000000000000009,-0.80494175686986535,59.137933983777543,34.391949789473834,trajectory reached the configured outer_limit radius
110,498,0.79197972655686566,0.80833333333333335,fraction,250,0,outer_limit,nan,0,3.2778117443928982,0.00707904,2.2360679774997898,5.0000000000000009,-0.80494959110122988,59.137452708940252,34.392301571081916,trajectory reached the configured outer_limit radius
110,499,0.79198690547769546,0.80833333333333335,fraction,250,0,outer_limit,nan,0,3.2744490837438103,0.0070198689999999998,2.2360679774997902,5.0000000000000027,-0.80495741366858542,59.136971903104644,34.392652163799212,trajectory reached the configured outer_limit radius
110,500,0.79199408439852526,0.80833333333333335,fraction,250,0,outer_limit,nan,0,3.27110492013085,0.0066719509999999997,2.2360679774997898,5.0000000000000009,-0.80496522454750286,59.136491569280395,34.393001570592276,trajectory reached the configured outer_limit radius
110,501,0.79200126331935505,0.80833333333333335,fraction,250,0,outer_limit,nan,0,3.267779043236871,0.0069249580000000002,2.2360679774997898,5.0000000000000009,-0.80497302371423318,59.136011710419602,34.393349794414497,trajectory reached the configured outer_limit radius
110,502,0.79200844224018485,0.80833333333333335,fraction,250,0,outer_limit,nan,0,3.2644712464494652,0.0070252149999999996,2.2360679774997902,5.0000000000000027,-0.8049808111456902,59.135532329416989,34.393696838203333,trajectory reached the configured outer_limit radius
110,503,0.79201562116101465,0.80833333333333335,fraction,250,0,outer_limit,nan,0,3.2611813267705436,0.0053467899999999997,2.2360679774997898,5.0000000000000009,-0.8049885868194403,59.135053429111331,34.394042704882501,trajectory reached the configured outer_limit radius
110,504,0.79202280008184445,0.80833333333333335,fraction,250,0,outer_limit,nan,0,3.2579090847303052,0.006072193,2.2360679774997911,5.0000000000000062,-0.80499635071369124,59.134575012287144,34.394387397363289,trajectory reached the configured outer_limit radius
110,505,0.79202997900267424,0.80833333333333335,fraction,250,0,outer_limit,nan,0,3.2546543243035138,0.0068323899999999998,2.2360679774997902,5.0000000000000027,-0.80500410280727741,59.134097081674128,34.394730918541484,trajectory reached the configured outer_limit radius
110,506,0.79203715792350404,0.80833333333333335,fraction,250,0,outer_limit,nan,0,3.2514168528277789,0.0051798499999999997,2.2360679774997898,5.0000000000000009,-0.80501184307965112,59.133619639949835,34.395073271300397,trajectory reached the configured outer_limit radius
110,507,0.79204433684433384,0.80833333333333335,fraction,250,0,outer_limit,nan,0,3.2481964809250869,0.0071383180000000003,2.2360679774997898,5.0000000000000009,-0.805019571510868,59.133142689739834,34.39541445851075,trajectory reached the configured outer_limit radius
110,508,0.79205151576516364,0.80833333333333335,fraction,250,0,outer_limit,nan,0,3.2449930224250911,0.0072745980000000002,2.2360679774997898,5.0000000000000009,-0.80502728808158097,59.132666233618465,34.395754483029492,trajectory reached the configured outer_limit radius
110,509,0.79205869468599344,0.80833333333333335,fraction,250,0,outer_limit,nan,0,3.2418062942913926,0.0068704439999999999,2.2360679774997898,5.0000000000000009,-0.80503499277302071,59.132190274110336,34.396093347700912,trajectory reached the configured outer_limit radius
111,492,0.79193665303188676,0.82450000000000001,fraction,250,0,outer_limit,nan,0,3.297248099330349,0.0076378949999999996,2.2360679774997898,5.0000000000000009,-0.80487650041040382,59.141881700922823,34.388852095991922,trajectory reached the configured outer_limit radius
111,493,0.79194383195271656,0.82450000000000001,fraction,250,0,outer_limit,nan,0,3.2937696139603223,0.0048878029999999996,2.2360679774997898,5.0000000000000009,-0.80488424621428067,59.141407552518444,34.389204435317168,trajectory reached the configured outer_limit radius
111,494,0.79195101087354636,0.82450000000000001,fraction,250,0,outer_limit,nan,0,3.2903109755675555,0.0074631360000000004,2.2360679774997898,5.0000000000000009,-0.80489198097634695,59.140933832559185,34.389555607239551,trajectory reached the configured outer_limit radius
111,495,0.79195818979437616,0.82450000000000001,fraction,250,0,outer_limit,nan,0,3.2868719494525518,0.007099602,2.2360679774997898,5.0000000000000009,-0.80489970466708616,59.140460544409727,34.38990561461771,trajectory reached the configured outer_limit radius
111,496,0.79196536871520595,0.82450000000000001,fraction,250,0,outer_limit,nan,0,3.2834523052231255,0.0061301769999999997,2.2360679774997898,5.0000000000000009,-0.80490741725774539,59.139987691370756,34.390254460297612,trajectory reached the configured outer_limit radius
111,497,0.79197254763603575,0.82450000000000001,fraction,250,0,outer_limit,nan,0,3.2800518166844297,0.0067996630000000001,2.2360679774997898,5.0000000000000009,-0.80491511872031118,59.139515276680306,34.390602147110926,trajectory reached the configured outer_limit radius
111,498,0.79197972655686566,0.82450000000000001,fraction,250,0,outer_limit,nan,0,3.2766702617350312,0.0071022350000000001,2.2360679774997898,5.0000000000000009,-0.80492280902749536,59.139043303514654,34.390948677875521,trajectory reached the configured outer_limit radius
111,499,0.79198690547769546,0.82450000000000001,fraction,250,0,outer_limit,nan,0,3.2733074222665639,0.0052929889999999997,2.2360679774997898,5.0000000000000009,-0.80493048815273271,59.138571774989991,34.391294055397672,trajectory reached the configured outer_limit radius
111,500,0.79199408439852526,0.82450000000000001,fraction,250,0,outer_limit,nan,0,3.2699630840640581,0.0080588789999999997,2.2360679774997898,5.0000000000000009,-0.80493815607015473,59.138100694162802,34.391638282469351,trajectory reached the configured outer_limit radius
111,501,0.79200126331935505,0.82450000000000001,fraction,250,0,outer_limit,nan,0,3.2666370367108772,0.0071114689999999996,2.2360679774997898,5.0000000000000009,-0.80494581275458255,59.137630064031562,34.391981361870222,trajectory reached the configured outer_limit radius
111,502,0.79200844224018485,0.82450000000000001,fraction,250,0,outer_limit,nan,0,3.2633290734978573,0.0059573819999999998,2.2360679774997898,5.0000000000000009,-0.80495345818151554,59.137159887537315,34.392323296367813,trajectory reached the configured outer_limit radius
111,503,0.79201562116101465,0.82450000000000001,fraction,250,0,outer_limit,nan,0,3.2600389913326997,0.0068928649999999998,2.2360679774997898,5.0000000000000009,-0.80496109232711199,59.136690167565774,34.392664088717652,trajectory reached the configured outer_limit radius
111,504,0.79202280008184445,0.82450000000000001,fraction,250,0,outer_limit,nan,0,3.2567665906539385,0.0067166480000000004,2.2360679774997898,5.0000000000000009,-0.80496871516818358,59.136220906947031,34.393003741662675,trajectory reached the configured outer_limit radius
111,505,0.79202997900267424,0.82450000000000001,fraction,250,0,outer_limit,nan,0,3.2535116753472573,0.0056603959999999998,2.2360679774997898,5.0000000000000009,-0.804976326682182,59.135752108457098,34.3933422579344,trajectory reached the configured outer_limit radius
111,506,0.79203715792350404,0.82450000000000001,fraction,250,0,outer_limit,nan,0,3.250274052663912,0.0074393130000000003,2.2360679774997902,5.0000000000000027,-0.80498392684718512,59.135283774819499,34.393679640253282,trajectory reached the configured outer_limit radius
111,507,0.79204433684433384,0.82450000000000001,fraction,250,0,outer_limit,nan,0,3.2470535331409427,0.0071097479999999999,2.2360679774997898,5.0000000000000009,-0.80499151564188265,59.13481590870515,34.394015891327015,trajectory reached the configured outer_limit radius
111,508,0.79205151576516364,0.82450000000000001,fraction,250,0,outer_limit,nan,0,3.2438499305267898,0.0061829679999999996,2.2360679774997898,5.0000000000000009,-0.80499909304557415,59.134348512734086,34.39435101385375,trajectory reached the configured outer_limit radius
111,509,0.79205869468599344,0.82450000000000001,fraction,250,0,outer_limit,nan,0,3.2406630617041752,0.0070735800000000003,2.2360679774997898,5.0000000000000009,-0.80500665903814683,59.133881589476481,34.394685010519282,trajectory reached the configured outer_limit radius
112,492,0.79193665303188676,0.84066666666666667,fraction,250,0,outer_limit,nan,0,3.2963143873148564,0.007535529,2.2360679774997898,5.0000000000000009,-0.80484886853863857,59.143518717332647,34.387445678569378,trajectory reached the configured outer_limit radius
112,493,0.79194383195271656,0.84066666666666667,fraction,250,0,outer_limit,nan,0,3.2928357533749346,0.0069547259999999996,2.2360679774997898,5.0000000000000009,-0.80485645866495759,59.143054599289172,34.387792258564055,trajectory reached the configured outer_limit radius
112,494,0.79195101087354636,0.84066666666666667,fraction,250,0,outer_limit,nan,0,3.2893769702726092,0.0053254569999999996,2.2360679774997898,5.0000000000000009,-0.80486403827413056,59.142590883282352,34.388137710233011,trajectory reached the configured outer_limit radius
112,495,0.79195818979437616,0.84066666666666667,fraction,250,0,outer_limit,nan,0,3.2859378032128537,0.0067759259999999998,2.2360679774997907,5.0000000000000044,-0.80487160733501684,59.142127572729279,34.388482036236496,trajectory reached the configured outer_limit radius
112,496,0.79196536871520595,0.84066666666666667,fraction,250,0,outer_limit,nan,0,3.2825180217100796,0.0074102300000000003,2.2360679774997898,5.0000000000000009,-0.80487916581724761,59.141664670982834,34.388825239223976,trajectory reached the configured outer_limit radius
112,497,0.79197254763603575,0.84066666666666667,fraction,250,0,outer_limit,nan,0,3.2791173994789391,0.0068737039999999996,2.2360679774997902,5.0000000000000027,-0.8048867136912059,59.141202181333647,34.389167321833241,trajectory reached the configured outer_limit radius
112,498,0.79197972655686566,0.84066666666666667,fraction,250,0,outer_limit,nan,0,3.2757357143303576,0.0071505570000000001,2.2360679774997898,5.0000000000000009,-0.80489425092802225,59.140740107009634,34.389508286690905,trajectory reached the configured outer_limit radius
112,499,0.79198690547769546,0.84066666666666667,fraction,250,0,outer_limit,nan,0,3.2723727480703713,0.0060664220000000001,2.2360679774997898,5.0000000000000009,-0.8049017774995546,59.140278451178489,34.389848136412681,trajectory reached the configured outer_limit radius
112,500,0.79199408439852526,0.84066666666666667,fraction,250,0,outer_limit,nan,0,3.2690282864002,0.0055359270000000004,2.2360679774997898,5.0000000000000009,-0.80490929337837358,59.139817216948543,34.390186873604151,trajectory reached the configured outer_limit radius
112,501,0.79200126331935505,0.84066666666666667,fraction,250,0,outer_limit,nan,0,3.265702118823532,0.0063545119999999997,2.2360679774997898,5.0000000000000009,-0.80491679853775089,59.139356407369505,34.390524500859321,trajectory reached the configured outer_limit radius
112,502,0.79200844224018485,0.84066666666666667,fraction,250,0,outer_limit,nan,0,3.2623940385519248,0.0060669629999999999,2.2360679774997898,5.0000000000000009,-0.80492429295165024,59.138896025433475,34.390861020762486,trajectory reached the configured outer_limit radius
112,503,0.79201562116101465,0.84066666666666667,fraction,250,0,outer_limit,nan,0,3.2591038424169048,0.0072182990000000001,2.2360679774997898,5.0000000000000009,-0.80493177659470572,59.138436074077148,34.39119643588819,trajectory reached the configured outer_limit radius
112,504,0.79202280008184445,0.84066666666666667,fraction,250,0,outer_limit,nan,0,3.2558313307831264,0.0071802680000000001,2.2360679774997898,5.0000000000000009,-0.80493924944221751,59.137976556181343,34.391530748800065,trajectory reached the configured outer_limit radius
112,505,0.79202997900267424,0.84066666666666667,fraction,250,0,outer_limit,nan,0,3.2525763074637544,0.0059212839999999997,2.2360679774997898,5.0000000000000009,-0.80494671147013497,59.137517474572562,34.391863962052355,trajectory reached the configured outer_limit radius
112,506,0.79203715792350404,0.84066666666666667,fraction,250,0,outer_limit,nan,0,3.2493385796397409,0.0068373230000000002,2.2360679774997902,5.0000000000000027,-0.80495416265504671,59.137058832024678,34.392196078190096,trajectory reached the configured outer_limit radius
112,507,0.79204433684433384,0.84066666666666667,fraction,250,0,outer_limit,nan,0,3.2461179577804011,0.0069989539999999999,2.2360679774997898,5.0000000000000009,-0.80496160297416541,59.136600631258872,34.392527099747582,trajectory reached the configured outer_limit radius
112,508,0.79205151576516364,0.84066666666666667,fraction,250,0,outer_limit,nan,0,3.2429142555666357,0.0049203959999999996,2.2360679774997898,5.0000000000000009,-0.80496903240532058,59.136142874945456,34.392857029251346,trajectory reached the configured outer_limit radius
112,509,0.79205869468599344,0.84066666666666667,fraction,250,0,outer_limit,nan,0,3.2397272898176017,0.0072413449999999997,2.2360679774997898,5.0000000000000009,-0.80497645092694414,59.135685565704087,34.393185869217156,trajectory reached the configured outer_limit radius
113,492,0.79193665303188676,0.85683333333333334,fraction,250,0,outer_limit,nan,0,3.2956152500634626,0.0076144100000000003,2.2360679774997898,5.0000000000000009,-0.80481927169828249,59.145272708758768,34.385941020724999,trajectory reached the configured outer_limit radius
113,493,0.79194383195271656,0.85683333333333334,fraction,250,0,outer_limit,nan,0,3.2921365330723709,0.006311779,2.2360679774997898,5.0000000000000009,-0.80482669540054042,59.144819318151313,34.386281458936757,trajectory reached the configured outer_limit radius
113,494,0.79195101087354636,0.85683333333333334,fraction,250,0,outer_limit,nan,0,3.2886776696161975,0.005535702,2.2360679774997898,5.0000000000000009,-0.80483410914990972,59.14436630114507,34.386620810761571,trajectory reached the configured outer_limit radius
113,495,0.79195818979437616,0.85683333333333334,fraction,250,0,outer_limit,nan,0,3.2852384248288637,0.0079024969999999996,2.2360679774997898,5.0000000000000009,-0.80484151291348227,59.143913661215095,34.386959078646541,trajectory reached the configured outer_limit radius
113,496,0.79196536871520595,0.85683333333333334,fraction,250,0,outer_limit,nan,0,3.281818568155269,0.0071380929999999999,2.2360679774997898,5.0000000000000009,-0.80484890665913322,59.143461401772072,34.387296265029235,trajectory reached the configured outer_limit radius
113,497,0.79197254763603575,0.85683333333333334,fraction,250,0,outer_limit,nan,0,3.2784178732437481,0.0070869770000000004,2.2360679774997898,5.0000000000000009,-0.80485629035551265,59.143009526163333,34.38763237233853,trajectory reached the configured outer_limit radius
113,498,0.79197972655686566,0.85683333333333334,fraction,250,0,outer_limit,nan,0,3.2750361178404828,0.0068983730000000002,2.2360679774997902,5.0000000000000027,-0.80486366397202791,59.14255803767422,34.387967402995237,trajectory reached the configured outer_limit radius
113,499,0.79198690547769546,0.85683333333333334,fraction,250,0,outer_limit,nan,0,3.2716730836876993,0.006991499,2.2360679774997898,5.0000000000000009,-0.80487102747882677,59.142106939529029,34.388301359410598,trajectory reached the configured outer_limit radius
113,500,0.79199408439852526,0.85683333333333334,fraction,250,0,outer_limit,nan,0,3.2683285564262547,0.0065788920000000002,2.2360679774997898,5.0000000000000009,-0.80487838084678465,59.141656234892551,34.388634243987596,trajectory reached the configured outer_limit radius
113,501,0.79200126331935505,0.85683333333333334,fraction,250,0,outer_limit,nan,0,3.2650023254998772,0.0065538760000000001,2.2360679774997898,5.0000000000000009,-0.80488572404749936,59.141205926870867,34.388966059122424,trajectory reached the configured outer_limit radius
113,502,0.79200844224018485,0.85683333333333334,fraction,250,0,outer_limit,nan,0,3.2616941840624176,0.0075278699999999999,2.2360679774997902,5.0000000000000027,-0.80489305705326164,59.140756018512327,34.389296807201291,trajectory reached the configured outer_limit radius
113,503,0.79201562116101465,0.85683333333333334,fraction,250,0,outer_limit,nan,0,3.2584039288892668,0.007247496,2.2360679774997898,5.0000000000000009,-0.8049003798370532,59.140306512808998,34.389626490602815,trajectory reached the configured outer_limit radius
113,504,0.79202280008184445,0.85683333333333334,fraction,250,0,outer_limit,nan,0,3.2551313602902674,0.0056176869999999997,2.2360679774997911,5.0000000000000062,-0.80490769237253679,59.139857412697715,34.3899551116994,trajectory reached the configured outer_limit radius
113,505,0.79202997900267424,0.85683333333333334,fraction,250,0,outer_limit,nan,0,3.2518762820258336,0.006975701,2.2360679774997902,5.0000000000000027,-0.80491499463403204,59.139408721060207,34.39028267285358,trajectory reached the configured outer_limit radius
113,506,0.79203715792350404,0.85683333333333334,fraction,250,0,outer_limit,nan,0,3.248638501224653,0.0073210840000000003,2.2360679774997898,5.0000000000000009,-0.80492228659650866,59.138960440725633,34.390609176420881,trajectory reached the configured outer_limit radius
113,507,0.79204433684433384,0.85683333333333334,fraction,250,0,outer_limit,nan,0,3.2454178283067736,0.0070410280000000004,2.2360679774997898,5.0000000000000009,-0.80492956823558148,59.13851257447029,34.390934624750564,trajectory reached the configured outer_limit radius
113,508,0.79205151576516364,0.85683333333333334,fraction,250,0,outer_limit,nan,0,3.2422140769035344,0.0069451729999999998,2.2360679774997898,5.0000000000000009,-0.80493683952748496,59.138065125019082,34.39125902018273,trajectory reached the configured outer_limit radius
113,509,0.79205869468599344,0.85683333333333334,fraction,250,0,outer_limit,nan,0,3.2390270637867009,0.0074258340000000001,2.2360679774997898,5.0000000000000009,-0.80494410044907405,59.137618095046214,34.391582365051001,trajectory reached the configured outer_limit radius
114,492,0.79193665303188676,0.873,fraction,250,0,outer_limit,nan,0,3.295187099562114,0.0066152140000000003,2.2360679774997898,5.0000000000000009,-0.80478739499369334,59.147162190996596,34.384321763115608,trajectory reached the configured outer_limit radius
114,493,0.79194383195271656,0.873,fraction,250,0,outer_limit,nan,0,3.291708375101098,0.0062486069999999998,2.2360679774997898,5.0000000000000009,-0.80479463968224463,59.146720342336266,34.384655605848536,trajectory reached the configured outer_limit radius
114,494,0.79195101087354636,0.873,fraction,250,0,outer_limit,nan,0,3.2882495055316903,0.0069368839999999999,2.2360679774997898,5.0000000000000009,-0.80480187502733669,59.146278836540105,34.38498840742718,trajectory reached the configured outer_limit radius
114,495,0.79195818979437616,0.873,fraction,250,0,outer_limit,nan,0,3.2848102559460135,0.0066294800000000001,2.2360679774997898,5.0000000000000009,-0.80480910099414171,59.145837677146247,34.385320170067665,trajectory reached the configured outer_limit radius
114,496,0.79196536871520595,0.873,fraction,250,0,outer_limit,nan,0,3.2813903957485642,0.005649032,2.2360679774997898,5.0000000000000009,-0.80481631754863026,59.145396867628477,34.385650895978763,trajectory reached the configured outer_limit radius
114,497,0.79197254763603575,0.873,fraction,250,0,outer_limit,nan,0,3.2779896985479215,0.0071065269999999996,2.2360679774997898,5.0000000000000009,-0.80482352465756324,59.144956411396855,34.385980587363775,trajectory reached the configured outer_limit radius
114,498,0.79197972655686566,0.873,fraction,250,0,outer_limit,nan,0,3.2746079420516168,0.0071559140000000002,2.2360679774997898,5.0000000000000009,-0.80483072228847508,59.144516311799023,34.386309246419536,trajectory reached the configured outer_limit radius
114,499,0.79198690547769546,0.873,fraction,250,0,outer_limit,nan,0,3.2712449079654999,0.0070882580000000001,2.2360679774997898,5.0000000000000009,-0.80483791040965846,59.144076572121669,34.386636875337729,trajectory reached the configured outer_limit radius
114,500,0.79199408439852526,0.873,fraction,250,0,outer_limit,nan,0,3.2679003818937051,0.0076203989999999999,2.2360679774997898,5.0000000000000009,-0.80484508899014684,59.143637195591722,34.386963476303166,trajectory reached the configured outer_limit radius
114,501,0.79200126331935505,0.873,fraction,250,0,outer_limit,nan,0,3.2645741532448995,0.0069354630000000002,2.2360679774997898,5.0000000000000009,-0.80485225799971005,59.1431981853762,34.387289051494925,trajectory reached the configured outer_limit radius
114,502,0.79200844224018485,0.873,fraction,250,0,outer_limit,nan,0,3.2612660151391584,0.0074269790000000002,2.2360679774997898,5.0000000000000009,-0.80485941740882982,59.142759544585658,34.387613603087743,trajectory reached the configured outer_limit radius
114,503,0.79201562116101465,0.873,fraction,250,0,outer_limit,nan,0,3.2579757643189269,0.0069540519999999996,2.2360679774997898,5.0000000000000009,-0.80486656718869332,59.142321276272845,34.387937133249281,trajectory reached the configured outer_limit radius
114,504,0.79202280008184445,0.873,fraction,250,0,outer_limit,nan,0,3.2547032010618784,0.0069173129999999996,2.2360679774997898,5.0000000000000009,-0.8048737073111738,59.141883383435371,34.38825964414152,trajectory reached the configured outer_limit radius
114,505,0.79202997900267424,0.873,fraction,250,0,outer_limit,nan,0,3.2514481290969393,0.006311255,2.2360679774997898,5.0000000000000009,-0.80488083774882735,59.14144586901616,34.388581137922742,trajectory reached the configured outer_limit radius
114,506,0.79203715792350404,0.873,fraction,250,0,outer_limit,nan,0,3.2482103555233093,0.0068625220000000002,2.2360679774997898,5.0000000000000009,-0.80488795847486694,59.141008735904506,34.388901616744036,trajectory reached the configured outer_limit radius
114,507,0.79204433684433384,0.873,fraction,250,0,outer_limit,nan,0,3.2449896907308413,0.0063177219999999996,2.2360679774997898,5.0000000000000009,-0.80489506946316458,59.140571986936649,34.389221082751533,trajectory reached the configured outer_limit radius
114,508,0.79205151576516364,0.873,fraction,250,0,outer_limit,nan,0,3.2417859483231322,0.006721276,2.2360679774997898,5.0000000000000009,-0.80490217068822734,59.140135624897667,34.389539538086879,trajectory reached the configured outer_limit radius
114,509,0.79205869468599344,0.873,fraction,250,0,outer_limit,nan,0,3.2385989450435506,0.0060170120000000004,2.2360679774997898,5.0000000000000009,-0.80490926212519098,59.139699652521557,34.389856984885355,trajectory reached the configured outer_limit radius
115,492,0.79193665303188676,0.88916666666666666,fraction,250,0,outer_limit,nan,0,3.2950787228119989,0.0071207700000000002,2.2360679774997898,5.0000000000000009,-0.80475282053600417,59.149211720747459,34.382566154649219,trajectory reached the configured outer_limit radius
115,493,0.79194383195271656,0.88916666666666666,fraction,250,0,outer_limit,nan,0,3.2916000800967211,0.0038827499999999999,2.2360679774997898,5.0000000000000009,-0.80475987116707604,59.148782384779899,34.382892852995624,trajectory reached the configured outer_limit radius
115,494,0.79195101087354636,0.88916666666666666,fraction,250,0,outer_limit,nan,0,3.2881412920519626,0.0068010170000000003,2.2360679774997911,5.0000000000000062,-0.80476691311665838,59.148353358274917,34.383218559285716,trajectory reached the configured outer_limit radius
115,495,0.79195818979437616,0.88916666666666666,fraction,250,0,outer_limit,nan,0,3.2847021237621692,0.0074081559999999999,2.2360679774997898,5.0000000000000009,-0.80477394634782551,59.147924644839811,34.383543275483284,trajectory reached the configured outer_limit radius
115,496,0.79196536871520595,0.88916666666666666,fraction,250,0,outer_limit,nan,0,3.2812823446241906,0.0075304569999999999,2.2360679774997898,5.0000000000000009,-0.80478097082447253,59.147496248017909,34.383867003549334,trajectory reached the configured outer_limit radius
115,497,0.79197254763603575,0.88916666666666666,fraction,250,0,outer_limit,nan,0,3.277881728238802,0.0059372959999999999,2.2360679774997898,5.0000000000000009,-0.8047879865113029,59.147068171287728,34.384189745442008,trajectory reached the configured outer_limit radius
115,498,0.79197972655686566,0.88916666666666666,fraction,250,0,outer_limit,nan,0,3.2745000523070802,0.0072268100000000002,2.2360679774997898,5.0000000000000009,-0.80479499337380911,59.146640418065459,34.384511503115114,trajectory reached the configured outer_limit radius
115,499,0.79198690547769546,0.88916666666666666,fraction,250,0,outer_limit,nan,0,3.2711370985276571,0.0067769019999999996,2.2360679774997898,5.0000000000000009,-0.80480199137825981,59.146212991705738,34.384832278520172,trajectory reached the configured outer_limit radius
115,500,0.79199408439852526,0.88916666666666666,fraction,250,0,outer_limit,nan,0,3.2677926524983931,0.0067813370000000001,2.2360679774997898,5.0000000000000009,-0.80480898049168381,59.145785895502989,34.385152073605383,trajectory reached the configured outer_limit radius
115,501,0.79200126331935505,0.88916666666666666,fraction,250,0,outer_limit,nan,0,3.2644665036218075,0.0071414349999999998,2.2360679774997898,5.0000000000000009,-0.8048159606818579,59.145359132692377,34.385470890315858,trajectory reached the configured outer_limit radius
115,502,0.79200844224018485,0.88916666666666666,fraction,250,0,outer_limit,nan,0,3.2611584450117754,0.0073881169999999996,2.2360679774997898,5.0000000000000009,-0.80482293191729004,59.144932706451115,34.38578873059349,trajectory reached the configured outer_limit radius
115,503,0.79201562116101465,0.88916666666666666,fraction,250,0,outer_limit,nan,0,3.2578682734051503,0.0060028709999999999,2.2360679774997898,5.0000000000000009,-0.80482989416720929,59.144506619899076,34.386105596377192,trajectory reached the configured outer_limit radius
115,504,0.79202280008184445,0.88916666666666666,fraction,250,0,outer_limit,nan,0,3.2545957890740063,0.0070543159999999997,2.2360679774997898,5.0000000000000009,-0.80483684740154648,59.144080876100737,34.386421489603102,trajectory reached the configured outer_limit radius
115,505,0.79202997900267424,0.88916666666666666,fraction,250,0,outer_limit,nan,0,3.2513407957421561,0.0042338200000000001,2.2360679774997898,5.0000000000000009,-0.80484379159092834,59.143655478064986,34.386736412203888,trajectory reached the configured outer_limit radius
115,506,0.79203715792350404,0.88916666666666666,fraction,250,0,outer_limit,nan,0,3.2481031005037169,0.0070322149999999996,2.2360679774997898,5.0000000000000009,-0.80485072670665747,59.14323042874738,34.387050366109705,trajectory reached the configured outer_limit radius
115,507,0.79204433684433384,0.88916666666666666,fraction,250,0,outer_limit,nan,0,3.2448825137434123,0.007035258,2.2360679774997898,5.0000000000000009,-0.80485765272070564,59.142805731050046,34.387363353247018,trajectory reached the configured outer_limit radius
115,508,0.79205151576516364,0.88916666666666666,fraction,250,0,outer_limit,nan,0,3.2416788490606456,0.0069714690000000001,2.2360679774997898,5.0000000000000009,-0.80486456960569341,59.142381387823903,34.387675375540368,trajectory reached the configured outer_limit radius
115,509,0.79205869468599344,0.88916666666666666,fraction,250,0,outer_limit,nan,0,3.2384919231943572,0.0071701839999999996,2.2360679774997898,5.0000000000000009,-0.80487147733489195,59.141957401868027,34.387986434910538,trajectory reached the configured outer_limit radius
116,492,0.79193665303188676,0.90533333333333332,fraction,250,0,outer_limit,nan,0,3.295357940751146,0.0071417149999999999,2.2360679774997898,5.0000000000000009,-0.80471497274338788,59.151455100394287,34.380644179248264,trajectory reached the configured outer_limit radius
116,493,0.79194383195271656,0.90533333333333332,fraction,250,0,outer_limit,nan,0,3.29187948815408,0.0069831880000000004,2.2360679774997898,5.0000000000000009,-0.80472181088174932,59.151039463589804,34.380963052236076,trajectory reached the configured outer_limit radius
116,494,0.79195101087354636,0.90533333333333332,fraction,250,0,outer_limit,nan,0,3.288420888095493,0.0079485630000000005,2.2360679774997898,5.0000000000000009,-0.80472864106319875,59.150624099687562,34.381280986914447,trajectory reached the configured outer_limit radius
116,495,0.79195818979437616,0.90533333333333332,fraction,250,0,outer_limit,nan,0,3.2849819056923941,0.0056096330000000002,2.2360679774997898,5.0000000000000009,-0.80473546324851464,59.150209012371604,34.381597984972011,trajectory reached the configured outer_limit radius
116,496,0.79196536871520595,0.90533333333333332,fraction,250,0,outer_limit,nan,0,3.281562310374504,0.0073130030000000002,2.2360679774997898,5.0000000000000009,-0.80474227739932092,59.149794205259788,34.381914048097272,trajectory reached the configured outer_limit radius
116,497,0.79197254763603575,0.90533333333333332,fraction,250,0,outer_limit,nan,0,3.2781618757742561,0.006804559,2.2360679774997898,5.0000000000000009,-0.80474908347806573,59.149379681906318,34.38222917797949,trajectory reached the configured outer_limit radius
116,498,0.79197972655686566,0.90533333333333332,fraction,250,0,outer_limit,nan,0,3.2747803796229369,0.0049789129999999997,2.2360679774997898,5.0000000000000009,-0.80475588144800614,59.148965445802475,34.382543376307353,trajectory reached the configured outer_limit radius
116,499,0.79198690547769546,0.90533333333333332,fraction,250,0,outer_limit,nan,0,3.2714176036499789,0.0054420229999999998,2.2360679774997898,5.0000000000000009,-0.80476267127319601,59.148551500377394,34.382856644769397,trajectory reached the configured outer_limit radius
116,500,0.79199408439852526,0.90533333333333332,fraction,250,0,outer_limit,nan,0,3.2680733334822225,0.006923701,2.2360679774997898,5.0000000000000009,-0.80476945291846513,59.148137849000001,34.38316898505461,trajectory reached the configured outer_limit radius
116,501,0.79200126331935505,0.90533333333333332,fraction,250,0,outer_limit,nan,0,3.2647473585507192,0.0058456070000000001,2.2360679774997898,5.0000000000000009,-0.80477622634941315,59.147724494979173,34.383480398851241,trajectory reached the configured outer_limit radius
116,502,0.79200844224018485,0.90533333333333332,fraction,250,0,outer_limit,nan,0,3.2614394719976838,0.0052675830000000002,2.2360679774997898,5.0000000000000009,-0.80478299153238397,59.147311441565741,34.383790887846942,trajectory reached the configured outer_limit radius
116,503,0.79201562116101465,0.90533333333333332,fraction,250,0,outer_limit,nan,0,3.2581494705869756,0.0066848460000000004,2.2360679774997898,5.0000000000000009,-0.80478974843446327,59.146898691953183,34.38410045373066,trajectory reached the configured outer_limit radius
116,504,0.79202280008184445,0.90533333333333332,fraction,250,0,outer_limit,nan,0,3.2548771546177422,0.0070064990000000002,2.2360679774997902,5.0000000000000027,-0.80479649702345502,59.146486249278823,34.384409098189515,trajectory reached the configured outer_limit radius
116,505,0.79202997900267424,0.90533333333333332,fraction,250,0,outer_limit,nan,0,3.251622327839534,0.0066798379999999996,2.2360679774997898,5.0000000000000009,-0.80480323726787228,59.14607411662427,34.384716822910605,trajectory reached the configured outer_limit radius
116,506,0.79203715792350404,0.90533333333333332,fraction,250,0,outer_limit,nan,0,3.2483847973719659,0.0045704320000000001,2.2360679774997898,5.0000000000000009,-0.80480996913692504,59.145662297017594,34.385023629581653,trajectory reached the configured outer_limit radius
116,507,0.79204433684433384,0.90533333333333332,fraction,250,0,outer_limit,nan,0,3.2451643736247116,0.0069395150000000003,2.2360679774997898,5.0000000000000009,-0.80481669260050481,59.14525079343332,34.385329519888955,trajectory reached the configured outer_limit radius
116,508,0.79205151576516364,0.90533333333333332,fraction,250,0,outer_limit,nan,0,3.2419608702215821,0.0063677849999999999,2.2360679774997898,5.0000000000000009,-0.80482340762917293,59.144839608793724,34.385634495518545,trajectory reached the configured outer_limit radius
116,509,0.79205869468599344,0.90533333333333332,fraction,250,0,outer_limit,nan,0,3.2387741039251625,0.005452269,2.2360679774997898,5.0000000000000009,-0.80483011419414741,59.144428745969869,34.385938558156468,trajectory reached the configured outer_limit radius
117,492,0.79193665303188676,0.92149999999999999,fraction,250,0,outer_limit,nan,0,3.2961237205249567,0.0066448080000000003,2.2360679774997911,5.0000000000000062,-0.80467301921208223,59.153941184179864,34.378512344387559,trajectory reached the configured outer_limit radius
117,493,0.79194383195271656,0.92149999999999999,fraction,250,0,outer_limit,nan,0,3.2926455946539237,0.0058317170000000002,2.2360679774997898,5.0000000000000009,-0.8046796215014127,59.153540745767017,34.378822518706123,trajectory reached the configured outer_limit radius
117,494,0.79195101087354636,0.92149999999999999,fraction,250,0,outer_limit,nan,0,3.2891873167868155,0.0036735909999999999,2.2360679774997898,5.0000000000000009,-0.80468621663547835,59.153140539829181,34.379131814241461,trajectory reached the configured outer_limit radius
117,495,0.79195818979437616,0.92149999999999999,fraction,250,0,outer_limit,nan,0,3.2857486521262054,0.0044556739999999997,2.2360679774997898,5.0000000000000009,-0.80469280457253012,59.152740570133574,34.379440232377874,trajectory reached the configured outer_limit radius
117,496,0.79196536871520595,0.92149999999999999,fraction,250,0,outer_limit,nan,0,3.2823293701834282,0.0067655429999999997,2.2360679774997898,5.0000000000000009,-0.80469938527168328,59.152340840381292,34.379747774503102,trajectory reached the configured outer_limit radius
117,497,0.79197254763603575,0.92149999999999999,fraction,250,0,outer_limit,nan,0,3.2789292446723191,0.0047319010000000002,2.2360679774997898,5.0000000000000009,-0.80470595869290151,59.151941354209356,34.380054442008834,trajectory reached the configured outer_limit radius
117,498,0.79197972655686566,0.92149999999999999,fraction,250,0,outer_limit,nan,0,3.2755480534027845,0.0039676650000000004,2.2360679774997898,5.0000000000000009,-0.8047125247969793,59.151542115191063,34.380360236289889,trajectory reached the configured outer_limit radius
117,499,0.79198690547769546,0.92149999999999999,fraction,250,0,outer_limit,nan,0,3.2721855781795797,0.0042485309999999998,2.2360679774997902,5.0000000000000027,-0.80471908354552413,59.151143126837866,34.380665158744499,trajectory reached the configured outer_limit radius
117,500,0.79199408439852526,0.92149999999999999,fraction,250,0,outer_limit,nan,0,3.2688416047049667,0.00606107,2.2360679774997898,5.0000000000000009,-0.80472563490094651,59.15074439259979,34.380969210773969,trajectory reached the configured outer_limit radius
117,501,0.79200126331935505,0.92149999999999999,fraction,250,0,outer_limit,nan,0,3.2655159224822241,0.0047899980000000002,2.2360679774997898,5.0000000000000009,-0.80473217882643944,59.150345915867433,34.381272393782695,trajectory reached the configured outer_limit radius
117,502,0.79200844224018485,0.92149999999999999,fraction,250,0,outer_limit,nan,0,3.2622083247239471,0.0069729630000000004,2.2360679774997902,5.0000000000000027,-0.80473871528596463,59.149947699972508,34.381574709177876,trajectory reached the configured outer_limit radius
117,503,0.79201562116101465,0.92149999999999999,fraction,250,0,outer_limit,nan,0,3.2589186082630994,0.0058492910000000004,2.2360679774997898,5.0000000000000009,-0.80474524424424199,59.149549748188861,34.381876158370133,trajectory reached the configured outer_limit radius
117,504,0.79202280008184445,0.92149999999999999,fraction,250,0,outer_limit,nan,0,3.2556465734655533,0.0061061290000000001,2.2360679774997898,5.0000000000000009,-0.80475176566672857,59.149152063734128,34.382176742772245,trajectory reached the configured outer_limit radius
117,505,0.79202997900267424,0.92149999999999999,fraction,250,0,outer_limit,nan,0,3.2523920241470821,0.0068980659999999996,2.2360679774997898,5.0000000000000009,-0.80475827951961143,59.148754649770225,34.382476463799918,trajectory reached the configured outer_limit radius
117,506,0.79203715792350404,0.92149999999999999,fraction,250,0,outer_limit,nan,0,3.2491547674903924,0.0064764519999999997,2.2360679774997898,5.0000000000000009,-0.80476478576978883,59.148357509404541,34.382775322871666,trajectory reached the configured outer_limit radius
117,507,0.79204433684433384,0.92149999999999999,fraction,250,0,outer_limit,nan,0,3.2459346139677816,0.006282742,2.2360679774997898,5.0000000000000009,-0.80477128438485945,59.147960645690866,34.383073321407942,trajectory reached the configured outer_limit radius
117,508,0.79205151576516364,0.92149999999999999,fraction,250,0,outer_limit,nan,0,3.2427313772631203,0.0035599669999999998,2.2360679774997898,5.0000000000000009,-0.80477777533310813,59.147564061630973,34.383370460832225,trajectory reached the configured outer_limit radius
117,509,0.79205869468599344,0.92149999999999999,fraction,250,0,outer_limit,nan,0,3.2395448741990118,0.0058852319999999998,2.2360679774997898,5.0000000000000009,-0.80478425858349611,59.147167760174185,34.383666742569439,trajectory reached the configured outer_limit radius
118,492,0.79193665303188676,0.93766666666666665,fraction,250,0,outer_limit,nan,0,3.2975304404328352,0.0042008569999999997,2.2360679774997898,5.0000000000000009,-0.80462567287462328,59.156745462868095,34.37610327098939,trajectory reached the configured outer_limit radius
118,493,0.79194383195271656,0.93766666666666665,fraction,250,0,outer_limit,nan,0,3.2940528223614569,0.0063192750000000001,2.2360679774997898,5.0000000000000009,-0.80463200832403003,59.156362206875173,34.376403573823822,trajectory reached the configured outer_limit radius
118,494,0.79195101087354636,0.93766666666666665,fraction,250,0,outer_limit,nan,0,3.2905950445865839,0.0059684630000000002,2.2360679774997898,5.0000000000000009,-0.80463833751909064,59.155979137977539,34.376703064923746,trajectory reached the configured outer_limit radius
118,495,0.79195818979437616,0.93766666666666665,fraction,250,0,outer_limit,nan,0,3.2871568724634845,0.00352206,2.2360679774997898,5.0000000000000009,-0.80464466041523597,59.155596260034656,34.377001745331135,trajectory reached the configured outer_limit radius
118,496,0.79196536871520595,0.93766666666666665,fraction,250,0,outer_limit,nan,0,3.2837380756537948,0.003601356,2.2360679774997898,5.0000000000000009,-0.80465097696878973,59.155213576839387,34.377299616095819,trajectory reached the configured outer_limit radius
118,497,0.79197254763603575,0.93766666666666665,fraction,250,0,outer_limit,nan,0,3.2803384280157242,0.0054602849999999996,2.2360679774997898,5.0000000000000009,-0.80465728713694429,59.154831092120176,34.377596678276156,trajectory reached the configured outer_limit radius
118,498,0.79197972655686566,0.93766666666666665,fraction,250,0,outer_limit,nan,0,3.2769577075009497,0.0072200490000000001,2.2360679774997898,5.0000000000000009,-0.80466359087774841,59.154448809540931,34.377892932935922,trajectory reached the configured outer_limit radius
118,499,0.79198690547769546,0.93766666666666665,fraction,250,0,outer_limit,nan,0,3.2735956960517418,0.006545693,2.2360679774997898,5.0000000000000009,-0.80466988815008633,59.154066732703726,34.378188381147083,trajectory reached the configured outer_limit radius
118,500,0.79199408439852526,0.93766666666666665,fraction,250,0,outer_limit,nan,0,3.2702521795039448,0.0055013420000000002,2.2360679774997898,5.0000000000000009,-0.80467617891366794,59.153684865148648,34.378483023988409,trajectory reached the configured outer_limit radius
118,501,0.79200126331935505,0.93766666666666665,fraction,250,0,outer_limit,nan,0,3.2669269474915166,0.0043701399999999998,2.2360679774997898,5.0000000000000009,-0.8046824631290036,59.153303210356377,34.378776862544882,trajectory reached the configured outer_limit radius
118,502,0.79200844224018485,0.93766666666666665,fraction,250,0,outer_limit,nan,0,3.2636197933539544,0.0069029850000000004,2.2360679774997898,5.0000000000000009,-0.80468874075740016,59.152921771747714,34.379069897908828,trajectory reached the configured outer_limit radius
118,503,0.79201562116101465,0.93766666666666665,fraction,250,0,outer_limit,nan,0,3.2603305140480012,0.0070326090000000004,2.2360679774997898,5.0000000000000009,-0.80469501176093894,59.152540552685792,34.379362131178304,trajectory reached the configured outer_limit radius
118,504,0.79202280008184445,0.93766666666666665,fraction,250,0,outer_limit,nan,0,3.2570589100598637,0.0063248719999999996,2.2360679774997898,5.0000000000000009,-0.80470127610246001,59.152159556476882,34.379653563457559,trajectory reached the configured outer_limit radius
118,505,0.79202997900267424,0.93766666666666665,fraction,250,0,outer_limit,nan,0,3.2538047853226435,0.0055887549999999999,2.2360679774997898,5.0000000000000009,-0.8047075337455537,59.151778786371402,34.379944195857384,trajectory reached the configured outer_limit radius
118,506,0.79203715792350404,0.93766666666666665,fraction,250,0,outer_limit,nan,0,3.2505679471338564,0.0065019199999999996,2.2360679774997898,5.0000000000000009,-0.80471378465454224,59.15139824556482,34.380234029493934,trajectory reached the configured outer_limit radius
118,507,0.79204433684433384,0.93766666666666665,fraction,250,0,outer_limit,nan,0,3.2473482060769681,0.0054977230000000004,2.2360679774997898,5.0000000000000009,-0.80472002879446369,59.151017937198993,34.380523065489193,trajectory reached the configured outer_limit radius
118,508,0.79205151576516364,0.93766666666666665,fraction,250,0,outer_limit,nan,0,3.244145375945048,0.0038595890000000001,2.2360679774997898,5.0000000000000009,-0.80472626613107012,59.150637864362409,34.380811304970628,trajectory reached the configured outer_limit radius
118,509,0.79205869468599344,0.93766666666666665,fraction,250,0,outer_limit,nan,0,3.2409592736661894,0.0073423350000000002,2.2360679774997898,5.0000000000000009,-0.80473249663079627,59.150258030092566,34.381098749071604,trajectory reached the configured outer_limit radius
119,492,0.79193665303188676,0.95383333333333331,fraction,250,0,outer_limit,nan,0,3.2998436378385536,0.0071306160000000002,2.2360679774997898,5.0000000000000009,-0.80457073922186084,59.159996568491103,34.373301847828124,trajectory reached the configured outer_limit radius
119,493,0.79194383195271656,0.95383333333333331,fraction,250,0,outer_limit,nan,0,3.2963667858360894,0.0040916090000000004,2.2360679774997898,5.0000000000000009,-0.80457676377898613,59.159633307641045,34.373590592044266,trajectory reached the configured outer_limit radius
119,494,0.79195101087354636,0.95383333333333331,fraction,250,0,outer_limit,nan,0,3.2929097619141299,0.0048086800000000001,2.2360679774997898,5.0000000000000009,-0.80458278311952069,59.15927018172308,34.37387860205753,trajectory reached the configured outer_limit radius
119,495,0.79195818979437616,0.95383333333333331,fraction,250,0,outer_limit,nan,0,3.2894723316785148,0.0070667380000000004,2.2360679774997898,5.0000000000000009,-0.80458879719570209,59.158907194699196,34.374165878516912,trajectory reached the configured outer_limit radius
119,496,0.79196536871520595,0.95383333333333331,fraction,250,0,outer_limit,nan,0,3.2860542650339317,0.0067023320000000001,2.2360679774997907,5.0000000000000044,-0.80459480596068356,59.158544350464439,34.374452422083436,trajectory reached the configured outer_limit radius
119,497,0.79197254763603575,0.95383333333333331,fraction,250,0,outer_limit,nan,0,3.2826553360762114,0.0068775549999999996,2.2360679774997898,5.0000000000000009,-0.80460080936851219,59.158181652848462,34.374738233429404,trajectory reached the configured outer_limit radius
119,498,0.79197972655686566,0.95383333333333331,fraction,250,0,outer_limit,nan,0,3.2792753229872642,0.0066791020000000001,2.2360679774997898,5.0000000000000009,-0.80460680737412327,59.157819105616937,34.375023313240575,trajectory reached the configured outer_limit radius
119,499,0.79198690547769546,0.95383333333333331,fraction,250,0,outer_limit,nan,0,3.2759140079338507,0.0050754629999999997,2.2360679774997898,5.0000000000000009,-0.8046127999333067,59.15745671247295,34.375307662212379,trajectory reached the configured outer_limit radius
119,500,0.79199408439852526,0.95383333333333331,fraction,250,0,outer_limit,nan,0,3.2725711769706631,0.0063358650000000004,2.2360679774997898,5.0000000000000009,-0.80461878700270462,59.157094477057122,34.375591281051967,trajectory reached the configured outer_limit radius
119,501,0.79200126331935505,0.95383333333333331,fraction,250,0,outer_limit,nan,0,3.2692466199437056,0.0047584530000000002,2.2360679774997898,5.0000000000000009,-0.80462476853978981,59.156732402949856,34.37587417047753,trajectory reached the configured outer_limit radius
119,502,0.79200844224018485,0.95383333333333331,fraction,250,0,outer_limit,nan,0,3.2659401303998061,0.0061990049999999996,2.2360679774997898,5.0000000000000009,-0.80463074450284666,59.156370493672433,34.376156331218212,trajectory reached the configured outer_limit radius
119,503,0.79201562116101465,0.95383333333333331,fraction,250,0,outer_limit,nan,0,3.2626515054972751,0.0050464560000000004,2.2360679774997898,5.0000000000000009,-0.80463671485096044,59.156008752687306,34.376437764012621,trajectory reached the configured outer_limit radius
119,504,0.79202280008184445,0.95383333333333331,fraction,250,0,outer_limit,nan,0,3.259380545918936,0.0055670010000000002,2.2360679774997898,5.0000000000000009,-0.80464267954400204,59.155647183399807,34.376718469610104,trajectory reached the configured outer_limit radius
119,505,0.79202997900267424,0.95383333333333331,fraction,250,0,outer_limit,nan,0,3.2561270557889066,0.0035449930000000002,2.2360679774997898,5.0000000000000009,-0.80464863854260937,59.155285789159301,34.376998448770067,trajectory reached the configured outer_limit radius
119,506,0.79203715792350404,0.95383333333333331,fraction,250,0,outer_limit,nan,0,3.2528908425910927,0.0069069279999999997,2.2360679774997898,5.0000000000000009,-0.80465459180817589,59.154924573259748,34.377277702260642,trajectory reached the configured outer_limit radius
119,507,0.79204433684433384,0.95383333333333331,fraction,250,0,outer_limit,nan,0,3.2496717170908425,0.0066547869999999997,2.2360679774997898,5.0000000000000009,-0.80466053930283743,59.154563538941275,34.377556230860733,trajectory reached the configured outer_limit radius
119,508,0.79205151576516364,0.95383333333333331,fraction,250,0,outer_limit,nan,0,3.2464694932577949,0.004370418,2.2360679774997898,5.0000000000000009,-0.80466648098945381,59.154202689390608,34.37783403535704,trajectory reached the configured outer_limit radius
119,509,0.79205869468599344,0.95383333333333331,fraction,250,0,outer_limit,nan,0,3.2432839881929105,0.0069178649999999996,2.2360679774997898,5.0000000000000009,-0.80467241683160007,59.153842027742279,34.378111116545575,trajectory reached the configured outer_limit radius
120,492,0.79193665303188676,0.96999999999999997,fraction,250,0,outer_limit,nan,0,3.3035986172291523,0.0069576830000000001,2.2360679774997898,5.0000000000000009,-0.80450383331772468,59.163951354991006,34.369877600654362,trajectory reached the configured outer_limit radius
120,493,0.79194383195271656,0.96999999999999997,fraction,250,0,outer_limit,nan,0,3.3001229466353124,0.0055417540000000003,2.2360679774997898,5.0000000000000009,-0.80450947674121354,59.16361256212582,34.37015206394743,trajectory reached the configured outer_limit radius
120,494,0.79195101087354636,0.96999999999999997,fraction,250,0,outer_limit,nan,0,3.2966670846847181,0.0044930910000000003,2.2360679774997898,5.0000000000000009,-0.80451511619718952,59.163273841624147,34.370425886949036,trajectory reached the configured outer_limit radius
120,495,0.79195818979437616,0.96999999999999997,fraction,250,0,outer_limit,nan,0,3.2932307973895294,0.0052296640000000002,2.2360679774997898,5.0000000000000009,-0.80452075163414283,59.162935197563577,34.370699069834842,trajectory reached the configured outer_limit radius
120,496,0.79196536871520595,0.96999999999999997,fraction,250,0,outer_limit,nan,0,3.2898138550497449,0.0055148380000000002,2.2360679774997898,5.0000000000000009,-0.80452638300150747,59.162596633954955,34.370971612797987,trajectory reached the configured outer_limit radius
120,497,0.79197254763603575,0.96999999999999997,fraction,250,0,outer_limit,nan,0,3.2864160321447153,0.007106851,2.2360679774997898,5.0000000000000009,-0.80453201024964816,59.162258154743455,34.371243516049866,trajectory reached the configured outer_limit radius
120,498,0.79197972655686566,0.96999999999999997,fraction,250,0,outer_limit,nan,0,3.2830371072302098,0.004456158,2.2360679774997898,5.0000000000000009,-0.80453763332983708,59.161919763810019,34.371514779818582,trajectory reached the configured outer_limit radius
120,499,0.79198690547769546,0.96999999999999997,fraction,250,0,outer_limit,nan,0,3.2796768628368795,0.005778488,2.2360679774997907,5.0000000000000044,-0.80454325219423894,59.161581464971995,34.3717854043486,trajectory reached the configured outer_limit radius
120,500,0.79199408439852526,0.96999999999999997,fraction,250,0,outer_limit,nan,0,3.2763350853727258,0.0056495180000000001,2.2360679774997898,5.0000000000000009,-0.80454886679589455,59.161243261984609,34.372055389901284,trajectory reached the configured outer_limit radius
120,501,0.79200126331935505,0.96999999999999997,fraction,250,0,outer_limit,nan,0,3.2730115650286309,0.003965143,2.2360679774997898,5.0000000000000009,-0.80455447708870143,59.160905158542789,34.372324736753313,trajectory reached the configured outer_limit radius
120,502,0.79200844224018485,0.96999999999999997,fraction,250,0,outer_limit,nan,0,3.2697060956864976,0.0054066920000000003,2.2360679774997907,5.0000000000000044,-0.80456008302740034,59.160567158281161,34.372593445196863,trajectory reached the configured outer_limit radius
120,503,0.79201562116101465,0.96999999999999997,fraction,250,0,outer_limit,nan,0,3.2664184748308203,0.0037413889999999999,2.2360679774997902,5.0000000000000027,-0.80456568456755506,59.160229264775943,34.372861515539803,trajectory reached the configured outer_limit radius
120,504,0.79202280008184445,0.96999999999999997,fraction,250,0,outer_limit,nan,0,3.2631485034626566,0.0035005990000000001,2.2360679774997898,5.0000000000000009,-0.80457128166554392,59.159891481545642,34.37312894810421,trajectory reached the configured outer_limit radius
120,505,0.79202997900267424,0.96999999999999997,fraction,250,0,outer_limit,nan,0,3.2598959860153665,0.0057975270000000002,2.2360679774997898,5.0000000000000009,-0.80457687427853541,59.159553812052664,34.373395743226773,trajectory reached the configured outer_limit radius
120,506,0.79203715792350404,0.96999999999999997,fraction,250,0,outer_limit,nan,0,3.2566607302745605,0.0055276550000000002,2.2360679774997898,5.0000000000000009,-0.80458246236448194,59.159216259703648,34.373661901258771,trajectory reached the configured outer_limit radius
120,507,0.79204433684433384,0.96999999999999997,fraction,250,0,outer_limit,nan,0,3.2534425472995148,0.0068356520000000002,2.2360679774997898,5.0000000000000009,-0.80458804588209765,59.158878827850799,34.373927422564471,trajectory reached the configured outer_limit radius
120,508,0.79205151576516364,0.96999999999999997,fraction,250,0,outer_limit,nan,0,3.2502412513462806,0.0050322179999999998,2.2360679774997898,5.0000000000000009,-0.80459362479084906,59.158541519793161,34.374192307521902,trajectory reached the configured outer_limit radius
120,509,0.79205869468599344,0.96999999999999997,fraction,250,0,outer_limit,nan,0,3.2470566597944135,0.0054157210000000001,2.2360679774997898,5.0000000000000009,-0.80459919905094057,59.158204338777125,34.374456556523306,trajectory reached the configured outer_limit radius
