velocity_row,x_index,x0,velocity_parameter,velocity_mode,requested_iterates,completed_iterates,status,last_return_tau,max_return_tau,terminal_tau,elapsed_seconds,terminal_R,terminal_rho,terminal_theta,terminal_v,terminal_w,message
0,133,0.78935942045398599,-0.96999999999999997,fraction,250,0,collision,nan,0,33.989217800961384,0.091623147000000002,0.0010000000000000024,1.0000000000000048e-06,1.7814987160115889,-0.44194212720399811,0.0005188700000867913,trajectory reached the configured collision radius
0,134,0.78936659937481579,-0.96999999999999997,fraction,250,0,collision,nan,0,33.992874682581551,0.128898916,0.001,9.9999999999999995e-07,1.7814729755157008,-0.44194212720920623,0.00051886556411183653,trajectory reached the configured collision radius
0,135,0.78937377829564559,-0.96999999999999997,fraction,250,0,collision,nan,0,33.996551609205859,0.080917460999999996,0.0010000000000000005,1.000000000000001e-06,1.781447259425702,-0.44194212721439802,0.00051886114190889633,trajectory reached the configured collision radius
0,136,0.78938095721647539,-0.96999999999999997,fraction,250,0,collision,nan,0,34.000248789940571,0.084468435999999994,0.0010000000000000076,1.0000000000000152e-06,1.7814215682024026,-0.44194212721957399,0.00051885673361690241,trajectory reached the configured collision radius
0,137,0.78938813613730519,-0.96999999999999997,fraction,250,0,collision,nan,0,34.003966436982601,0.085062534999999995,0.0010000000000000015,1.0000000000000031e-06,1.7813959023123354,-0.44194212722473269,0.00051885233937640153,trajectory reached the configured collision radius
0,138,0.78939531505813509,-0.96999999999999997,fraction,250,0,collision,nan,0,34.007704765676131,0.081382400999999993,0.001,9.9999999999999995e-07,1.7813702622280438,-0.4419421272298748,0.00051884795932963647,trajectory reached the configured collision radius
0,139,0.78940249397896489,-0.96999999999999997,fraction,250,0,collision,nan,0,34.011463994570178,0.087784253000000007,0.0010000000000000002,1.0000000000000004e-06,1.7813446484280602,-0.44194212723500059,0.00051884359362053462,trajectory reached the configured collision radius
0,140,0.78940967289979469,-0.96999999999999997,fraction,250,0,collision,nan,0,34.015244345478791,0.080590111000000006,0.0010000000000000078,1.0000000000000156e-06,1.7813190613970302,-0.44194212724010884,0.0005188392423947436,trajectory reached the configured collision radius
0,141,0.78941685182062449,-0.96999999999999997,fraction,250,0,collision,nan,0,34.01904604353939,0.086159634999999998,0.0010000000000000018,1.0000000000000036e-06,1.7812935016257891,-0.4419421272452001,0.00051883490579962511,trajectory reached the configured collision radius
0,142,0.78942403074145429,-0.96999999999999997,fraction,250,0,collision,nan,0,34.022869317276175,0.080874371,0.001,9.9999999999999995e-07,1.7812679696115068,-0.44194212725027388,0.00051883058398437764,trajectory reached the configured collision radius
0,143,0.78943120966228408,-0.96999999999999997,fraction,250,0,collision,nan,0,34.026714398662449,0.085790641000000001,0.0010000000000000002,1.0000000000000004e-06,1.7812424658578161,-0.44194212725533,0.00051882627709997112,trajectory reached the configured collision radius
0,144,0.78943838858311388,-0.96999999999999997,fraction,250,0,collision,nan,0,34.0305815231834,0.088937889000000006,0.0010000000000000039,1.0000000000000078e-06,1.7812169908748197,-0.44194212726036841,0.00051882198529922582,trajectory reached the configured collision radius
0,145,0.78944556750394368,-0.96999999999999997,fraction,250,0,collision,nan,0,34.03447092990411,0.081194269999999999,0.0010000000000000044,1.0000000000000086e-06,1.7811915451792633,-0.44194212726538867,0.00051881770873683211,trajectory reached the configured collision radius
0,146,0.78945274642477348,-0.96999999999999997,fraction,250,0,collision,nan,0,34.038382861533705,0.082149615999999995,0.0010000000000000002,1.0000000000000004e-06,1.7811661292946921,-0.44194212727039134,0.00051881344756939628,trajectory reached the configured collision radius
0,147,0.78945992534560328,-0.96999999999999997,fraction,250,0,collision,nan,0,34.042317564495164,0.079609988000000007,0.001,9.9999999999999995e-07,1.781140743751475,-0.44194212727537491,0.00051880920195546544,trajectory reached the configured collision radius
0,148,0.78946710426643307,-0.96999999999999997,fraction,250,0,collision,nan,0,34.046275288993954,0.079491624999999996,0.0010000000000000007,1.0000000000000014e-06,1.7811153890869458,-0.44194212728034066,0.00051880497205553512,trajectory reached the configured collision radius
0,149,0.78947428318726287,-0.96999999999999997,fraction,250,0,collision,nan,0,34.050256289089639,0.078996759,0.0010000000000000076,1.0000000000000152e-06,1.7810900658455862,-0.44194212728528759,0.00051880075803215119,trajectory reached the configured collision radius
0,150,0.78948146210809278,-0.96999999999999997,fraction,250,0,collision,nan,0,34.054260822768484,0.079803259000000001,0.0010000000000000028,1.0000000000000057e-06,1.7810647745791026,-0.44194212729021581,0.00051879656004987288,trajectory reached the configured collision radius
0,151,0.78948864102892258,-0.96999999999999997,fraction,250,0,collision,nan,0,34.058289152016414,0.080959206000000006,0.001,9.9999999999999995e-07,1.7810395158465446,-0.4419421272951245,0.0005187923782753709,trajectory reached the configured collision radius
1,133,0.78935942045398599,-0.95383333333333331,fraction,250,0,collision,nan,0,34.004090168596328,0.084854263999999999,0.001000000000000002,1.000000000000004e-06,1.7807957062219206,-0.44194212736454136,0.00051873324120626553,trajectory reached the configured collision radius
1,134,0.78936659937481579,-0.95383333333333331,fraction,250,0,collision,nan,0,34.007755097588017,0.088264453000000007,0.001,9.9999999999999995e-07,1.7807739008089545,-0.44194212736856614,0.00051872981217772644,trajectory reached the configured collision radius
1,135,0.78937377829564559,-0.95383333333333331,fraction,250,0,collision,nan,0,34.011440180753219,0.088541465,0.0010000000000000005,1.000000000000001e-06,1.78075212805868,-0.44194212737257443,0.00051872639732125864,trajectory reached the configured collision radius
1,136,0.78938095721647539,-0.95383333333333331,fraction,250,0,collision,nan,0,34.015145629484977,0.087263784999999996,0.0010000000000000091,1.0000000000000182e-06,1.7807303883909036,-0.4419421273765658,0.00051872299675960725,trajectory reached the configured collision radius
1,137,0.78938813613730519,-0.95383333333333331,fraction,250,0,collision,nan,0,34.018871658329495,0.079885733,0.0010000000000000009,1.0000000000000019e-06,1.7807086822301446,-0.44194212738053978,0.00051871961061687245,trajectory reached the configured collision radius
1,138,0.78939531505813509,-0.95383333333333331,fraction,250,0,collision,nan,0,34.022618485045719,0.081801529999999997,0.001,9.9999999999999995e-07,1.7806870100056236,-0.4419421273844974,0.00051871623901855485,trajectory reached the configured collision radius
1,139,0.78940249397896489,-0.95383333333333331,fraction,250,0,collision,nan,0,34.026386330663989,0.095274741999999996,0.0010000000000000005,1.000000000000001e-06,1.7806653721514587,-0.44194212738843747,0.00051871288209159731,trajectory reached the configured collision radius
1,140,0.78940967289979469,-0.95383333333333331,fraction,250,0,collision,nan,0,34.030175419547859,0.085483809999999993,0.0010000000000000087,1.0000000000000173e-06,1.7806437691066426,-0.44194212739236011,0.00051870953996437216,trajectory reached the configured collision radius
1,141,0.78941685182062449,-0.95383333333333331,fraction,250,0,collision,nan,0,34.033985979458372,0.078225556000000002,0.0010000000000000015,1.0000000000000031e-06,1.7806222013151807,-0.44194212739626543,0.00051870621276672131,trajectory reached the configured collision radius
1,142,0.78942403074145429,-0.95383333333333331,fraction,250,0,collision,nan,0,34.037818241614922,0.079468671000000005,0.001,9.9999999999999995e-07,1.7806006692261218,-0.44194212740015271,0.00051870290063002608,trajectory reached the configured collision radius
1,143,0.78943120966228408,-0.95383333333333331,fraction,250,0,collision,nan,0,34.041672440762603,0.086220058000000002,0.0010000000000000002,1.0000000000000004e-06,1.7805791732936973,-0.4419421274040225,0.00051869960368714917,trajectory reached the configured collision radius
1,144,0.78943838858311388,-0.95383333333333331,fraction,250,0,collision,nan,0,34.045548815238512,0.082482185999999999,0.0010000000000000044,1.0000000000000086e-06,1.7805577139773205,-0.44194212740787403,0.00051869632207253587,trajectory reached the configured collision radius
1,145,0.78944556750394368,-0.95383333333333331,fraction,250,0,collision,nan,0,34.049447607039525,0.077546999000000005,0.0010000000000000044,1.0000000000000086e-06,1.780536291741754,-0.44194212741170719,0.00051869305592220033,trajectory reached the configured collision radius
1,146,0.78945274642477348,-0.95383333333333331,fraction,250,0,collision,nan,0,34.053369061892191,0.080527361000000006,0.001,9.9999999999999995e-07,1.7805149070571138,-0.44194212741552241,0.0005186898053737793,trajectory reached the configured collision radius
1,147,0.78945992534560328,-0.95383333333333331,fraction,250,0,collision,nan,0,34.057313429322889,0.079159488,0.001,9.9999999999999995e-07,1.7804935603990297,-0.44194212741931871,0.00051868657056655264,trajectory reached the configured collision radius
1,148,0.78946710426643307,-0.95383333333333331,fraction,250,0,collision,nan,0,34.061280962732248,0.074189373000000003,0.0010000000000000007,1.0000000000000014e-06,1.7804722522487202,-0.44194212742309685,0.00051868335164146425,trajectory reached the configured collision radius
1,149,0.78947428318726287,-0.95383333333333331,fraction,250,0,collision,nan,0,34.065271919466845,0.081472884999999995,0.0010000000000000074,1.0000000000000148e-06,1.7804509830930548,-0.44194212742685579,0.00051868014874118342,trajectory reached the configured collision radius
1,150,0.78948146210809278,-0.95383333333333331,fraction,250,0,collision,nan,0,34.069286560897289,0.081778385999999995,0.0010000000000000031,1.0000000000000061e-06,1.7804297534246394,-0.44194212743059585,0.00051867696201007916,trajectory reached the configured collision radius
1,151,0.78948864102892258,-0.95383333333333331,fraction,250,0,collision,nan,0,34.073325152493361,0.089186448000000002,0.001,9.9999999999999995e-07,1.7804085637420144,-0.44194212743431677,0.00051867379159433802,trajectory reached the configured collision radius
2,133,0.78935942045398599,-0.93766666666666665,fraction,250,0,collision,nan,0,34.017612363258891,0.080692779000000006,0.001,9.9999999999999995e-07,1.7802142337965108,-0.44194212749487,0.0005186221939784011,trajectory reached the configured collision radius
2,134,0.78936659937481579,-0.93766666666666665,fraction,250,0,collision,nan,0,34.021284604531949,0.079572237000000004,0.0010000000000000007,1.0000000000000014e-06,1.7801957851590193,-0.4419421274979044,0.00051861960827046709,trajectory reached the configured collision radius
2,135,0.78937377829564559,-0.93766666666666665,fraction,250,0,collision,nan,0,34.024977100532901,0.085201086999999995,0.0010000000000000113,1.0000000000000226e-06,1.7801773755653345,-0.44194212750092171,0.00051861703695413829,trajectory reached the configured collision radius
2,136,0.78938095721647539,-0.93766666666666665,fraction,250,0,collision,nan,0,34.028690064782261,0.078576218000000003,0.0010000000000000007,1.0000000000000014e-06,1.7801590053992742,-0.44194212750392242,0.00051861448013850407,trajectory reached the configured collision radius
2,137,0.78938813613730519,-0.93766666666666665,fraction,250,0,collision,nan,0,34.032423714012651,0.079029859999999993,0.001,9.9999999999999995e-07,1.7801406750485074,-0.44194212750690554,0.00051861193793383518,trajectory reached the configured collision radius
2,138,0.78939531505813509,-0.93766666666666665,fraction,250,0,collision,nan,0,34.036178268229236,0.080161187999999994,0.0010000000000000009,1.0000000000000019e-06,1.7801223849044596,-0.44194212750987116,0.0005186094104515696,trajectory reached the configured collision radius
2,139,0.78940249397896489,-0.93766666666666665,fraction,250,0,collision,nan,0,34.039953950771007,0.082511268999999998,0.0010000000000000109,1.0000000000000218e-06,1.7801041353625287,-0.44194212751282003,0.00051860689780437513,trajectory reached the configured collision radius
2,140,0.78940967289979469,-0.93766666666666665,fraction,250,0,collision,nan,0,34.043750988376864,0.081192385000000006,0.0010000000000000009,1.0000000000000019e-06,1.7800859268219529,-0.4419421275157509,0.00051860440010611977,trajectory reached the configured collision radius
2,141,0.78941685182062449,-0.93766666666666665,fraction,250,0,collision,nan,0,34.047569611246729,0.080078711999999996,0.001,9.9999999999999995e-07,1.7800677596860681,-0.44194212751866424,0.00051860191747199144,trajectory reached the configured collision radius
2,142,0.78942403074145429,-0.93766666666666665,fraction,250,0,collision,nan,0,34.051410053109393,0.080696064999999997,0.0010000000000000005,1.000000000000001e-06,1.7800496343621923,-0.44194212752155965,0.00051859945001840287,trajectory reached the configured collision radius
2,143,0.78943120966228408,-0.93766666666666665,fraction,250,0,collision,nan,0,34.055272551291011,0.083162564999999994,0.0010000000000000074,1.0000000000000148e-06,1.7800315512617841,-0.4419421275244369,0.00051859699786309518,trajectory reached the configured collision radius
2,144,0.78943838858311388,-0.93766666666666665,fraction,250,0,collision,nan,0,34.059157346782477,0.081216831000000003,0.0010000000000000022,1.0000000000000044e-06,1.7800135108005006,-0.4419421275272965,0.00051859456112514444,trajectory reached the configured collision radius
2,145,0.78944556750394368,-0.93766666666666665,fraction,250,0,collision,nan,0,34.063064684311016,0.080130181999999994,0.001,9.9999999999999995e-07,1.7799955133982155,-0.44194212753013767,0.00051859213992496659,trajectory reached the configured collision radius
2,146,0.78945274642477348,-0.93766666666666665,fraction,250,0,collision,nan,0,34.066994812412098,0.078812735999999994,0.001,9.9999999999999995e-07,1.7799775594791492,-0.44194212753296053,0.00051858973438437511,trajectory reached the configured collision radius
2,147,0.78945992534560328,-0.93766666666666665,fraction,250,0,collision,nan,0,34.070947983503238,0.077716168000000002,0.0010000000000000018,1.0000000000000036e-06,1.779959649471861,-0.44194212753576445,0.00051858734462658729,trajectory reached the configured collision radius
2,148,0.78946710426643307,-0.93766666666666665,fraction,250,0,collision,nan,0,34.074924453958339,0.074621488,0.0010000000000000102,1.0000000000000205e-06,1.779941783809406,-0.44194212753855022,0.00051858497077625397,trajectory reached the configured collision radius
2,149,0.78947428318726287,-0.93766666666666665,fraction,250,0,collision,nan,0,34.078924484187283,0.076056894999999999,0.0010000000000000013,1.0000000000000027e-06,1.7799239629293049,-0.44194212754131695,0.0005185826129594953,trajectory reached the configured collision radius
2,150,0.78948146210809278,-0.93766666666666665,fraction,250,0,collision,nan,0,34.082948338710906,0.081927242999999997,0.001,9.9999999999999995e-07,1.7799061872737081,-0.44194212754406487,0.00051858027130393292,trajectory reached the configured collision radius
2,151,0.78948864102892258,-0.93766666666666665,fraction,250,0,collision,nan,0,34.086996286245217,0.079944896000000001,0.001,9.9999999999999995e-07,1.7798884572894473,-0.44194212754679313,0.00051857794593872036,trajectory reached the configured collision radius
3,133,0.78935942045398599,-0.92149999999999999,fraction,250,0,collision,nan,0,34.030326237817462,0.081898416000000002,0.0010000000000000065,1.0000000000000131e-06,1.7797103952604243,-0.44194212760580043,0.00051852765655438266,trajectory reached the configured collision radius
3,134,0.78936659937481579,-0.92149999999999999,fraction,250,0,collision,nan,0,34.034005369910155,0.075294978999999998,0.0010000000000000015,1.0000000000000031e-06,1.7796949386215608,-0.44194212760796658,0.00051852581018476849,trajectory reached the configured collision radius
3,135,0.78937377829564559,-0.92149999999999999,fraction,250,0,collision,nan,0,34.037704852560758,0.079060142,0.001,9.9999999999999995e-07,1.779679526197435,-0.44194212761011609,0.00051852397830752755,trajectory reached the configured collision radius
3,136,0.78938095721647539,-0.92149999999999999,fraction,250,0,collision,nan,0,34.04142490133443,0.078421131000000005,0.0010000000000000005,1.000000000000001e-06,1.779664158339171,-0.4419421276122481,0.00051852216101975709,trajectory reached the configured collision radius
3,137,0.78938813613730519,-0.92149999999999999,fraction,250,0,collision,nan,0,34.045165735063563,0.080260554999999997,0.0010000000000000089,1.0000000000000177e-06,1.7796488354008935,-0.44194212761436297,0.00051852035841953165,trajectory reached the configured collision radius
3,138,0.78939531505813509,-0.92149999999999999,fraction,250,0,collision,nan,0,34.048927575912685,0.086987562000000004,0.0010000000000000013,1.0000000000000027e-06,1.7796335577397786,-0.44194212761646084,0.00051851857060593916,trajectory reached the configured collision radius
3,139,0.78940249397896489,-0.92149999999999999,fraction,250,0,collision,nan,0,34.05271064944003,0.081892396000000006,0.001,9.9999999999999995e-07,1.7796183257160667,-0.44194212761854063,0.00051851679767913022,trajectory reached the configured collision radius
3,140,0.78940967289979469,-0.92149999999999999,fraction,250,0,collision,nan,0,34.056515184664356,0.085844399000000002,0.0010000000000000002,1.0000000000000004e-06,1.7796031396931056,-0.44194212762060314,0.00051851503974028874,trajectory reached the configured collision radius
3,141,0.78941685182062449,-0.92149999999999999,fraction,250,0,collision,nan,0,34.060341414131237,0.085093637999999999,0.0010000000000000063,1.0000000000000127e-06,1.7795880000374424,-0.44194212762264812,0.00051851329689168481,trajectory reached the configured collision radius
3,142,0.78942403074145429,-0.92149999999999999,fraction,250,0,collision,nan,0,34.064189573982539,0.083621505999999998,0.0010000000000000024,1.0000000000000048e-06,1.7795729071188067,-0.44194212762467516,0.00051851156923668354,trajectory reached the configured collision radius
3,143,0.78943120966228408,-0.92149999999999999,fraction,250,0,collision,nan,0,34.068059904023507,0.081222159000000002,0.001,9.9999999999999995e-07,1.7795578613101664,-0.44194212762668406,0.00051850985687978729,trajectory reached the configured collision radius
3,144,0.78943838858311388,-0.92149999999999999,fraction,250,0,collision,nan,0,34.07195264779682,0.078015318,0.001,9.9999999999999995e-07,1.7795428629878325,-0.44194212762867519,0.00051850815992662694,trajectory reached the configured collision radius
3,145,0.78944556750394368,-0.92149999999999999,fraction,250,0,collision,nan,0,34.075868052654499,0.078933684000000004,0.001000000000000002,1.000000000000004e-06,1.7795279125314496,-0.441942127630648,0.00051850647848400856,trajectory reached the configured collision radius
3,146,0.78945274642477348,-0.92149999999999999,fraction,250,0,collision,nan,0,34.079806369832149,0.085671138999999993,0.0010000000000000085,1.0000000000000169e-06,1.7795130103240364,-0.4419421276326026,0.00051850481265994697,trajectory reached the configured collision radius
3,147,0.78945992534560328,-0.92149999999999999,fraction,250,0,collision,nan,0,34.083767854527281,0.085547463000000004,0.0010000000000000007,1.0000000000000014e-06,1.7794981567521138,-0.44194212763453838,0.00051850316256362632,trajectory reached the configured collision radius
3,148,0.78946710426643307,-0.92149999999999999,fraction,250,0,collision,nan,0,34.087752765973555,0.084510019000000006,0.001,9.9999999999999995e-07,1.7794833522056448,-0.4419421276364553,0.00051850152830554806,trajectory reached the configured collision radius
3,149,0.78947428318726287,-0.92149999999999999,fraction,250,0,collision,nan,0,34.091761367524725,0.080409005000000006,0.0010000000000000002,1.0000000000000004e-06,1.7794685970782582,-0.44194212763835428,0.00051849990999743381,trajectory reached the configured collision radius
3,150,0.78948146210809278,-0.92149999999999999,fraction,250,0,collision,nan,0,34.09579392673313,0.085592649000000007,0.0010000000000000026,1.0000000000000052e-06,1.779453891767077,-0.44194212764023388,0.00051849830775232465,trajectory reached the configured collision radius
3,151,0.78948864102892258,-0.92149999999999999,fraction,250,0,collision,nan,0,34.099850715435551,0.076266057999999998,0.0010000000000000091,1.0000000000000182e-06,1.7794392366730274,-0.44194212764209473,0.0005184967216845934,trajectory reached the configured collision radius
4,133,0.78935942045398599,-0.90533333333333332,fraction,250,0,collision,nan,0,34.042501342658056,0.078898244000000006,0.001000000000000044,1.000000000000088e-06,1.7792622503119535,-0.44194212770275088,0.00051844501865613477,trajectory reached the configured collision radius
4,134,0.78936659937481579,-0.90533333333333332,fraction,250,0,collision,nan,0,34.046187100345577,0.082442954999999998,0.0010000000000000009,1.0000000000000019e-06,1.7792495270589188,-0.44194212770413671,0.00051844383739690729,trajectory reached the configured collision radius
4,135,0.78937377829564559,-0.90533333333333332,fraction,250,0,collision,nan,0,34.049893301643365,0.084436639999999993,0.0010000000000000098,1.0000000000000196e-06,1.7792368523168891,-0.44194212770550562,0.00051844267064364439,trajectory reached the configured collision radius
4,136,0.78938095721647539,-0.90533333333333332,fraction,250,0,collision,nan,0,34.053620164114029,0.082351210999999994,0.0010000000000000005,1.000000000000001e-06,1.7792242264065936,-0.44194212770685692,0.00051844151848257124,trajectory reached the configured collision radius
4,137,0.78938813613730519,-0.90533333333333332,fraction,250,0,collision,nan,0,34.05736790864411,0.080781272000000001,0.001,9.9999999999999995e-07,1.7792116496510582,-0.44194212770819158,0.0005184403810007919,trajectory reached the configured collision radius
4,138,0.78939531505813509,-0.90533333333333332,fraction,250,0,collision,nan,0,34.0611367595084,0.085400475000000003,0.0010000000000000011,1.0000000000000023e-06,1.7791991223756998,-0.44194212770950864,0.00051843925828631583,trajectory reached the configured collision radius
4,139,0.78940249397896489,-0.90533333333333332,fraction,250,0,collision,nan,0,34.064926944435612,0.081248496000000003,0.0010000000000000102,1.0000000000000205e-06,1.7791866449082558,-0.4419421277108081,0.00051843815042798861,trajectory reached the configured collision radius
4,140,0.78940967289979469,-0.90533333333333332,fraction,250,0,collision,nan,0,34.068738694674543,0.079124419000000001,0.0010000000000000007,1.0000000000000014e-06,1.779174217578922,-0.44194212771209024,0.00051843705751558296,trajectory reached the configured collision radius
4,141,0.78941685182062449,-0.90533333333333332,fraction,250,0,collision,nan,0,34.072572245065295,0.084328533999999997,0.001,9.9999999999999995e-07,1.7791618407203558,-0.44194212771335462,0.00051843597963981201,trajectory reached the configured collision radius
4,142,0.78942403074145429,-0.90533333333333332,fraction,250,0,collision,nan,0,34.076427834107669,0.083539497000000004,0.0010000000000000005,1.000000000000001e-06,1.7791495146676286,-0.44194212771460123,0.00051843491689232586,trajectory reached the configured collision radius
4,143,0.78943120966228408,-0.90533333333333332,fraction,250,0,collision,nan,0,34.080305704033627,0.077450777999999998,0.001000000000000007,1.0000000000000139e-06,1.7791372397583431,-0.44194212771582997,0.00051843386936573652,trajectory reached the configured collision radius
4,144,0.78943838858311388,-0.90533333333333332,fraction,250,0,collision,nan,0,34.084206100881516,0.081884363000000002,0.0010000000000000024,1.0000000000000048e-06,1.7791250163326804,-0.44194212771704117,0.00051843283715363915,trajectory reached the configured collision radius
4,145,0.78944556750394368,-0.90533333333333332,fraction,250,0,collision,nan,0,34.08812927457064,0.076070399999999996,0.001,9.9999999999999995e-07,1.7791128447333584,-0.44194212771823382,0.00051843182035066389,trajectory reached the configured collision radius
4,146,0.78945274642477348,-0.90533333333333332,fraction,250,0,collision,nan,0,34.092075478979218,0.084465717999999995,0.001,9.9999999999999995e-07,1.7791007253057591,-0.44194212771940827,0.00051843081905246047,trajectory reached the configured collision radius
4,147,0.78945992534560328,-0.90533333333333332,fraction,250,0,collision,nan,0,34.096044972022383,0.083617453999999994,0.0010000000000000013,1.0000000000000027e-06,1.7790886583978827,-0.44194212772056451,0.0005184298333557408,trajectory reached the configured collision radius
4,148,0.78946710426643307,-0.90533333333333332,fraction,250,0,collision,nan,0,34.100038015733844,0.084617215999999995,0.0010000000000000111,1.0000000000000222e-06,1.7790766443604424,-0.44194212772170233,0.00051842886335830328,trajectory reached the configured collision radius
4,149,0.78947428318726287,-0.90533333333333332,fraction,250,0,collision,nan,0,34.104054876347533,0.085361318000000005,0.0010000000000000018,1.0000000000000036e-06,1.7790646835469077,-0.44194212772282188,0.00051842790915904657,trajectory reached the configured collision radius
4,150,0.78948146210809278,-0.90533333333333332,fraction,250,0,collision,nan,0,34.108095824382389,0.081852507000000005,0.001,9.9999999999999995e-07,1.7790527763135728,-0.44194212772392233,0.000518426970858027,trajectory reached the configured collision radius
4,151,0.78948864102892258,-0.90533333333333332,fraction,250,0,collision,nan,0,34.112161134728709,0.090422582000000001,0.001,9.9999999999999995e-07,1.7790409230195132,-0.44194212772500407,0.00051842604855646224,trajectory reached the configured collision radius
5,133,0.78935942045398599,-0.88916666666666666,fraction,250,0,collision,nan,0,34.054295112750516,0.080954603,0.0010000000000000033,1.0000000000000065e-06,1.7788569526330158,-0.4419421277889034,0.00051837157382152827,trajectory reached the configured collision radius
5,134,0.78936659937481579,-0.88916666666666666,fraction,250,0,collision,nan,0,34.057987322470424,0.086185440000000002,0.001,9.9999999999999995e-07,1.7788467659920091,-0.44194212778957542,0.0005183710008367417,trajectory reached the configured collision radius
5,135,0.78937377829564559,-0.88916666666666666,fraction,250,0,collision,nan,0,34.061700067221963,0.087311098000000004,0.001,9.9999999999999995e-07,1.778836631481775,-0.44194212779023023,0.00051837044230312868,trajectory reached the configured collision radius
5,136,0.78938095721647539,-0.88916666666666666,fraction,250,0,collision,nan,0,34.065433566542858,0.085337572,0.0010000000000000054,1.000000000000011e-06,1.7788265493944364,-0.44194212779086861,0.00051836989829703059,trajectory reached the configured collision radius
5,137,0.78938813613730519,-0.88916666666666666,fraction,250,0,collision,nan,0,34.069188043349854,0.097297653999999997,0.0010000000000000024,1.0000000000000048e-06,1.7788165200238288,-0.44194212779148973,0.00051836936889552586,trajectory reached the configured collision radius
5,138,0.78939531505813509,-0.88916666666666666,fraction,250,0,collision,nan,0,34.07296372400409,0.088119698999999996,0.001,9.9999999999999995e-07,1.7788065436655895,-0.44194212779209346,0.0005183688541764383,trajectory reached the configured collision radius
5,139,0.78940249397896489,-0.88916666666666666,fraction,250,0,collision,nan,0,34.07676083837854,0.094722460999999994,0.0010000000000000002,1.0000000000000004e-06,1.7787966206170434,-0.44194212779267988,0.0005183683542183407,trajectory reached the configured collision radius
5,140,0.78940967289979469,-0.88916666666666666,fraction,250,0,collision,nan,0,34.080579619928521,0.088979960999999996,0.0010000000000000041,1.0000000000000082e-06,1.7787867511773487,-0.44194212779324887,0.00051836786910059243,trajectory reached the configured collision radius
5,141,0.78941685182062449,-0.88916666666666666,fraction,250,0,collision,nan,0,34.084420305761462,0.084728434000000005,0.0010000000000000041,1.0000000000000082e-06,1.7787769356474847,-0.44194212779380032,0.0005183673989033466,trajectory reached the configured collision radius
5,142,0.78942403074145429,-0.88916666666666666,fraction,250,0,collision,nan,0,34.088283136708988,0.095659400000000006,0.001,9.9999999999999995e-07,1.7787671743302325,-0.44194212779433423,0.00051836694370756471,trajectory reached the configured collision radius
5,143,0.78943120966228408,-0.88916666666666666,fraction,250,0,collision,nan,0,34.092168357402201,0.097039707000000003,0.001,9.9999999999999995e-07,1.7787574675302542,-0.44194212779485054,0.00051836650359505555,trajectory reached the configured collision radius
5,144,0.78943838858311388,-0.88916666666666666,fraction,250,0,collision,nan,0,34.096076216347448,0.096875666999999999,0.0010000000000000013,1.0000000000000027e-06,1.7787478155541181,-0.44194212779534886,0.00051836607864848337,trajectory reached the configured collision radius
5,145,0.78944556750394368,-0.88916666666666666,fraction,250,0,collision,nan,0,34.100006966002901,0.093578790999999995,0.0010000000000000115,1.000000000000023e-06,1.7787382187102392,-0.44194212779582931,0.00051836566895139104,trajectory reached the configured collision radius
5,146,0.78945274642477348,-0.88916666666666666,fraction,250,0,collision,nan,0,34.103960862860333,0.088011688000000005,0.0010000000000000013,1.0000000000000027e-06,1.7787286773090418,-0.44194212779629216,0.00051836527458819519,trajectory reached the configured collision radius
5,147,0.78945992534560328,-0.88916666666666666,fraction,250,0,collision,nan,0,34.107938167523649,0.086105973000000002,0.001,9.9999999999999995e-07,1.7787191916628933,-0.44194212779673664,0.00051836489564427934,trajectory reached the configured collision radius
5,148,0.78946710426643307,-0.88916666666666666,fraction,250,0,collision,nan,0,34.111939144794029,0.073403379000000005,0.0010000000000000002,1.0000000000000004e-06,1.7787097620861496,-0.44194212779716291,0.00051836453220595346,trajectory reached the configured collision radius
5,149,0.78947428318726287,-0.88916666666666666,fraction,250,0,collision,nan,0,34.115964063755946,0.083524998000000003,0.0010000000000000018,1.0000000000000036e-06,1.7787003888952395,-0.44194212779757092,0.00051836418436050397,trajectory reached the configured collision radius
5,150,0.78948146210809278,-0.88916666666666666,fraction,250,0,collision,nan,0,34.120013197861901,0.085429371000000004,0.0010000000000000115,1.000000000000023e-06,1.7786910724086347,-0.44194212779796038,0.00051836385219622351,trajectory reached the configured collision radius
5,151,0.78948864102892258,-0.88916666666666666,fraction,250,0,collision,nan,0,34.124086825024534,0.078338782999999995,0.0010000000000000018,1.0000000000000036e-06,1.7786818129469475,-0.44194212779833164,0.00051836353580241739,trajectory reached the configured collision radius
6,133,0.78935942045398599,-0.873,fraction,250,0,collision,nan,0,34.065809150085798,0.080428108999999998,0.0010000000000000026,1.0000000000000052e-06,1.7784862100389853,-0.44194212786631687,0.0005183055702570595,trajectory reached the configured collision radius
6,134,0.78936659937481579,-0.873,fraction,250,0,collision,nan,0,34.069507697908413,0.080232688999999996,0.0010000000000000048,1.0000000000000095e-06,1.7784784029404863,-0.44194212786632875,0.00051830555991807885,trajectory reached the configured collision radius
6,135,0.78937377829564559,-0.873,fraction,250,0,collision,nan,0,34.073226871306673,0.085852576,0.001,9.9999999999999995e-07,1.7784706510451975,-0.44194212786632397,0.00051830556391967305,trajectory reached the configured collision radius
6,136,0.78938095721647539,-0.873,fraction,250,0,collision,nan,0,34.076966891785709,0.077779038999999994,0.001,9.9999999999999995e-07,1.7784629546181348,-0.44194212786630249,0.00051830558232901372,trajectory reached the configured collision radius
6,137,0.78938813613730519,-0.873,fraction,250,0,collision,nan,0,34.080727984283421,0.087303073999999994,0.0010000000000000028,1.0000000000000057e-06,1.778455313925521,-0.44194212786626402,0.00051830561521391707,trajectory reached the configured collision radius
6,138,0.78939531505813509,-0.873,fraction,250,0,collision,nan,0,34.084510377238921,0.092525080999999995,0.001000000000000005,1.0000000000000101e-06,1.7784477292347867,-0.4419421278662084,0.0005183056626428084,trajectory reached the configured collision radius
6,139,0.78940249397896489,-0.873,fraction,250,0,collision,nan,0,34.088314302661622,0.086026242000000003,0.001,9.9999999999999995e-07,1.7784402008145661,-0.44194212786613579,0.0005183057246847812,trajectory reached the configured collision radius
6,140,0.78940967289979469,-0.873,fraction,250,0,collision,nan,0,34.092139996203159,0.087136942999999994,0.001,9.9999999999999995e-07,1.7784327289347803,-0.44194212786604548,0.00051830580140956668,trajectory reached the configured collision radius
6,141,0.78941685182062449,-0.873,fraction,250,0,collision,nan,0,34.095987697228502,0.084982961999999995,0.0010000000000000015,1.0000000000000031e-06,1.7784253138665373,-0.44194212786593867,0.00051830589288761491,trajectory reached the configured collision radius
6,142,0.78942403074145429,-0.873,fraction,250,0,collision,nan,0,34.09985764889354,0.082619985000000007,0.0010000000000000091,1.0000000000000182e-06,1.7784179558822732,-0.44194212786581372,0.00051830599919005789,trajectory reached the configured collision radius
6,143,0.78943120966228408,-0.873,fraction,250,0,collision,nan,0,34.103750098219344,0.080352679999999996,0.0010000000000000007,1.0000000000000014e-06,1.7784106552556656,-0.4419421278656715,0.00051830612038873442,trajectory reached the configured collision radius
6,144,0.78943838858311388,-0.873,fraction,250,0,collision,nan,0,34.107665296169614,0.084301126000000004,0.001,9.9999999999999995e-07,1.7784034122617658,-0.44194212786551168,0.00051830625655626989,trajectory reached the configured collision radius
6,145,0.78944556750394368,-0.873,fraction,250,0,collision,nan,0,34.111603497733356,0.089967717000000003,0.0010000000000000002,1.0000000000000004e-06,1.7783962271768916,-0.44194212786533427,0.00051830640776602446,trajectory reached the configured collision radius
6,146,0.78945274642477348,-0.873,fraction,250,0,collision,nan,0,34.115564962004122,0.092340690000000003,0.0010000000000000041,1.0000000000000082e-06,1.7783891002786929,-0.44194212786513953,0.00051830657409214411,trajectory reached the configured collision radius
6,147,0.78945992534560328,-0.873,fraction,250,0,collision,nan,0,34.119549952266219,0.086365197000000005,0.0010000000000000054,1.000000000000011e-06,1.7783820318462644,-0.44194212786492637,0.00051830675560958766,trajectory reached the configured collision radius
6,148,0.78946710426643307,-0.873,fraction,250,0,collision,nan,0,34.123558736078905,0.100509774,0.0010000000000000005,1.000000000000001e-06,1.7783750221599994,-0.44194212786469578,0.00051830695239415232,trajectory reached the configured collision radius
6,149,0.78947428318726287,-0.873,fraction,250,0,collision,nan,0,34.12759158536597,0.089646575000000006,0.001,9.9999999999999995e-07,1.7783680715018031,-0.44194212786444714,0.00051830716452248198,trajectory reached the configured collision radius
6,150,0.78948146210809278,-0.873,fraction,250,0,collision,nan,0,34.131648776504434,0.08177885,0.0010000000000000002,1.0000000000000004e-06,1.7783611801549926,-0.44194212786418025,0.00051830739207213287,trajectory reached the configured collision radius
6,151,0.78948864102892258,-0.873,fraction,250,0,collision,nan,0,34.135730590417609,0.083130931000000005,0.0010000000000000031,1.0000000000000061e-06,1.7783543484043787,-0.44194212786389508,0.00051830763512155655,trajectory reached the configured collision radius
7,133,0.78935942045398599,-0.85683333333333334,fraction,250,0,collision,nan,0,34.077113713482831,0.081151397,0.001,9.9999999999999995e-07,1.7781443015527139,-0.44194212793641563,0.000518245795849204,trajectory reached the configured collision radius
7,134,0.78936659937481579,-0.85683333333333334,fraction,250,0,collision,nan,0,34.080818527217545,0.081646418999999998,0.0010000000000000024,1.0000000000000048e-06,1.7781387441688021,-0.44194212793581217,0.00051824631024663154,trajectory reached the configured collision radius
7,135,0.78937377829564559,-0.85683333333333334,fraction,250,0,collision,nan,0,34.084544056729897,0.085171630999999998,0.0010000000000000052,1.0000000000000105e-06,1.7781332446033151,-0.44194212793519255,0.00051824683882703017,trajectory reached the configured collision radius
7,136,0.78938095721647539,-0.85683333333333334,fraction,250,0,collision,nan,0,34.088290525493143,0.085979749999999994,0.0010000000000000002,1.0000000000000004e-06,1.7781278030954082,-0.4419421279345559,0.00051824738164903681,trajectory reached the configured collision radius
7,137,0.78938813613730519,-0.85683333333333334,fraction,250,0,collision,nan,0,34.092058160468994,0.084212791999999995,0.001,9.9999999999999995e-07,1.7781224198849896,-0.44194212793390264,0.00051824793877183783,trajectory reached the configured collision radius
7,138,0.78939531505813509,-0.85683333333333334,fraction,250,0,collision,nan,0,34.095847192177182,0.090353916000000006,0.0010000000000000022,1.0000000000000044e-06,1.7781170952127263,-0.44194212793323256,0.00051824851025513525,trajectory reached the configured collision radius
7,139,0.78940249397896489,-0.85683333333333334,fraction,250,0,collision,nan,0,34.099657854765404,0.079241589000000001,0.0010000000000000065,1.0000000000000131e-06,1.7781118293200204,-0.44194212793254539,0.00051824909615917983,trajectory reached the configured collision radius
7,140,0.78940967289979469,-0.85683333333333334,fraction,250,0,collision,nan,0,34.103490386084545,0.080825923999999993,0.0010000000000000002,1.0000000000000004e-06,1.7781066224489903,-0.44194212793184134,0.00051824969654479084,trajectory reached the configured collision radius
7,141,0.78941685182062449,-0.85683333333333334,fraction,250,0,collision,nan,0,34.107345027761788,0.092219248000000004,0.001,9.9999999999999995e-07,1.7781014748425652,-0.44194212793112042,0.00051825031147340246,trajectory reached the configured collision radius
7,142,0.78942403074145429,-0.85683333333333334,fraction,250,0,collision,nan,0,34.111222025279453,0.089791974999999996,0.0010000000000000007,1.0000000000000014e-06,1.7780963867444068,-0.44194212793038223,0.000518250941007023,trajectory reached the configured collision radius
7,143,0.78943120966228408,-0.85683333333333334,fraction,250,0,collision,nan,0,34.115121628050801,0.075068575999999998,0.0010000000000000096,1.0000000000000192e-06,1.7780913583989741,-0.44194212792962656,0.00051825158520829291,trajectory reached the configured collision radius
7,144,0.78943838858311388,-0.85683333333333334,fraction,250,0,collision,nan,0,34.119044089502914,0.078556033999999997,0.0010000000000000015,1.0000000000000031e-06,1.7780863900515143,-0.44194212792885385,0.00051825224414049338,trajectory reached the configured collision radius
7,145,0.78944556750394368,-0.85683333333333334,fraction,250,0,collision,nan,0,34.122989667157533,0.078936658000000007,0.001,9.9999999999999995e-07,1.7780814819481074,-0.44194212792806381,0.00051825291786760123,trajectory reached the configured collision radius
7,146,0.78945274642477348,-0.85683333333333334,fraction,250,0,collision,nan,0,34.126958622715954,0.081287733000000001,0.001,9.9999999999999995e-07,1.7780766343356,-0.44194212792725657,0.00051825360645424011,trajectory reached the configured collision radius
7,147,0.78945992534560328,-0.85683333333333334,fraction,250,0,collision,nan,0,34.130951222146265,0.083763810999999994,0.0010000000000000018,1.0000000000000036e-06,1.7780718474617556,-0.44194212792643139,0.00051825430996577874,trajectory reached the configured collision radius
7,148,0.78946710426643307,-0.85683333333333334,fraction,250,0,collision,nan,0,34.13496773577122,0.082502216000000003,0.0010000000000000111,1.0000000000000222e-06,1.7780671215751331,-0.4419421279255889,0.00051825502846830065,trajectory reached the configured collision radius
7,149,0.78947428318726287,-0.85683333333333334,fraction,250,0,collision,nan,0,34.139008438358601,0.080314777000000004,0.0010000000000000015,1.0000000000000031e-06,1.778062456925241,-0.44194212792472837,0.00051825576202865189,trajectory reached the configured collision radius
7,150,0.78948146210809278,-0.85683333333333334,fraction,250,0,collision,nan,0,34.143073609215598,0.085707403000000001,0.0010000000000000002,1.0000000000000004e-06,1.7780578537624541,-0.44194212792385035,0.00051825651071450056,trajectory reached the configured collision radius
7,151,0.78948864102892258,-0.85683333333333334,fraction,250,0,collision,nan,0,34.147163532282441,0.082033923999999994,0.001,9.9999999999999995e-07,1.7780533123380982,-0.44194212792295479,0.00051825727459428692,trajectory reached the configured collision radius
8,133,0.78935942045398599,-0.84066666666666667,fraction,250,0,collision,nan,0,34.088259939877403,0.089773538,0.001,9.9999999999999995e-07,1.7778270842332675,-0.44194212800023502,0.00051819137010728877,trajectory reached the configured collision radius
8,134,0.78936659937481579,-0.84066666666666667,fraction,250,0,collision,nan,0,34.091970978226733,0.088488159999999996,0.001,9.9999999999999995e-07,1.7778236663493046,-0.44194212799905436,0.00051819237691221878,trajectory reached the configured collision radius
8,135,0.78937377829564559,-0.84066666666666667,fraction,250,0,collision,nan,0,34.095702822612985,0.087511960999999999,0.0010000000000000033,1.0000000000000065e-06,1.77782030850767,-0.44194212799785748,0.000518193397702091,trajectory reached the configured collision radius
8,136,0.78938095721647539,-0.84066666666666667,fraction,250,0,collision,nan,0,34.099455698488228,0.082322484000000001,0.0010000000000000046,1.0000000000000091e-06,1.7778170109228388,-0.44194212799664412,0.00051819443252756284,trajectory reached the configured collision radius
8,137,0.78938813613730519,-0.84066666666666667,fraction,250,0,collision,nan,0,34.103229834848491,0.091354748999999999,0.001,9.9999999999999995e-07,1.7778137738096076,-0.44194212799541399,0.00051819548143971106,trajectory reached the configured collision radius
8,138,0.78939531505813509,-0.84066666666666667,fraction,250,0,collision,nan,0,34.107025464304733,0.078964861999999997,0.001,9.9999999999999995e-07,1.7778105973830902,-0.44194212799416799,0.00051819654449010173,trajectory reached the configured collision radius
8,139,0.78940249397896489,-0.84066666666666667,fraction,250,0,collision,nan,0,34.110842823154606,0.081636551000000002,0.0010000000000000022,1.0000000000000044e-06,1.7778074818586818,-0.44194212799290472,0.0005181976217307349,trajectory reached the configured collision radius
8,140,0.78940967289979469,-0.84066666666666667,fraction,250,0,collision,nan,0,34.114682151460094,0.078553981999999994,0.0010000000000000067,1.0000000000000135e-06,1.7778044274521203,-0.44194212799162486,0.00051819871321410224,trajectory reached the configured collision radius
8,141,0.78941685182062449,-0.84066666666666667,fraction,250,0,collision,nan,0,34.118543693122561,0.082983965000000007,0.0010000000000000002,1.0000000000000004e-06,1.7778014343794752,-0.44194212799032828,0.000518199818993217,trajectory reached the configured collision radius
8,142,0.78942403074145429,-0.84066666666666667,fraction,250,0,collision,nan,0,34.12242769596282,0.083039022000000004,0.001,9.9999999999999995e-07,1.7777985028571173,-0.44194212798901478,0.00051820093912159247,trajectory reached the configured collision radius
8,143,0.78943120966228408,-0.84066666666666667,fraction,250,0,collision,nan,0,34.126334411800734,0.085015504000000006,0.0010000000000000007,1.0000000000000014e-06,1.7777956331017646,-0.4419421279876844,0.00051820207365328936,trajectory reached the configured collision radius
8,144,0.78943838858311388,-0.84066666666666667,fraction,250,0,collision,nan,0,34.130264096539243,0.081273901999999995,0.0010000000000000076,1.0000000000000152e-06,1.7777928253304822,-0.44194212798633736,0.0005182032226429418,trajectory reached the configured collision radius
8,145,0.78944556750394368,-0.84066666666666667,fraction,250,0,collision,nan,0,34.134217010247646,0.077933543999999993,0.0010000000000000026,1.0000000000000052e-06,1.7777900797606874,-0.44194212798497284,0.00051820438614573927,trajectory reached the configured collision radius
8,146,0.78945274642477348,-0.84066666666666667,fraction,250,0,collision,nan,0,34.138193417250392,0.083001431000000001,0.001,9.9999999999999995e-07,1.7777873966101732,-0.4419421279835915,0.00051820556421751536,trajectory reached the configured collision radius
8,147,0.78945992534560328,-0.84066666666666667,fraction,250,0,collision,nan,0,34.142193586214006,0.081922661999999993,0.001,9.9999999999999995e-07,1.7777847760971015,-0.44194212798219312,0.00051820675691470128,trajectory reached the configured collision radius
8,148,0.78946710426643307,-0.84066666666666667,fraction,250,0,collision,nan,0,34.14621779024003,0.078801721000000005,0.0010000000000000007,1.0000000000000014e-06,1.7777822184400354,-0.44194212798077753,0.00051820796429440043,trajectory reached the configured collision radius
8,149,0.78947428318726287,-0.84066666666666667,fraction,250,0,collision,nan,0,34.150266306958436,0.080493208999999996,0.0010000000000000074,1.0000000000000148e-06,1.7777797238579751,-0.44194212797934401,0.00051820918641439873,trajectory reached the configured collision radius
8,150,0.78948146210809278,-0.84066666666666667,fraction,250,0,collision,nan,0,34.154339418622776,0.077234213999999995,0.0010000000000000035,1.0000000000000069e-06,1.7777772925703084,-0.44194212797789406,0.00051821042333316026,trajectory reached the configured collision radius
8,151,0.78948864102892258,-0.84066666666666667,fraction,250,0,collision,nan,0,34.158437412209366,0.083482590999999995,0.0010000000000000002,1.0000000000000004e-06,1.7777749247969614,-0.44194212797642629,0.00051821167510992714,trajectory reached the configured collision radius
9,133,0.78935942045398599,-0.82450000000000001,fraction,250,0,collision,nan,0,34.099286561917317,0.08016392,0.0010000000000000031,1.0000000000000061e-06,1.7775314453461684,-0.44194212805855476,0.00051814162928728196,trajectory reached the configured collision radius
9,134,0.78936659937481579,-0.82450000000000001,fraction,250,0,collision,nan,0,34.103003807494744,0.078388007999999995,0.001,9.9999999999999995e-07,1.777530071393522,-0.44194212805682997,0.00051814310035645848,trajectory reached the configured collision radius
9,135,0.78937377829564559,-0.82450000000000001,fraction,250,0,collision,nan,0,34.106741949742229,0.079537963000000003,0.0010000000000000002,1.0000000000000004e-06,1.7775287593660689,-0.44194212805508937,0.00051814458517718753,trajectory reached the configured collision radius
9,136,0.78938095721647539,-0.82450000000000001,fraction,250,0,collision,nan,0,34.110501216107217,0.085023227000000007,0.0010000000000000048,1.0000000000000095e-06,1.7775275094546239,-0.44194212805333238,0.00051814608379262923,trajectory reached the configured collision radius
9,137,0.78938813613730519,-0.82450000000000001,fraction,250,0,collision,nan,0,34.11428183763676,0.090297255000000007,0.0010000000000000031,1.0000000000000061e-06,1.777526321849898,-0.44194212805155902,0.00051814759624627083,trajectory reached the configured collision radius
9,138,0.78939531505813509,-0.82450000000000001,fraction,250,0,collision,nan,0,34.11808404905031,0.093954098,0.001,9.9999999999999995e-07,1.7775251967425643,-0.44194212804976951,0.00051814912258200214,trajectory reached the configured collision radius
9,139,0.78940249397896489,-0.82450000000000001,fraction,250,0,collision,nan,0,34.121908088814401,0.079941856000000006,0.001,9.9999999999999995e-07,1.7775241343232393,-0.44194212804796351,0.00051815066284411758,trajectory reached the configured collision radius
9,140,0.78940967289979469,-0.82450000000000001,fraction,250,0,collision,nan,0,34.125754199220445,0.081551736,0.0010000000000000028,1.0000000000000057e-06,1.777523134782411,-0.44194212804614136,0.00051815221707729713,trajectory reached the configured collision radius
9,141,0.78941685182062449,-0.82450000000000001,fraction,250,0,collision,nan,0,34.129622626463458,0.079812544999999999,0.0010000000000000061,1.0000000000000122e-06,1.7775221983105811,-0.44194212804430255,0.00051815378532666864,trajectory reached the configured collision radius
9,142,0.78942403074145429,-0.82450000000000001,fraction,250,0,collision,nan,0,34.133513620723562,0.084273797999999997,0.0010000000000000005,1.000000000000001e-06,1.7775213250981268,-0.44194212804244759,0.00051815536763779148,trajectory reached the configured collision radius
9,143,0.78943120966228408,-0.82450000000000001,fraction,250,0,collision,nan,0,34.137427436247791,0.079607032999999994,0.001,9.9999999999999995e-07,1.7775205153354179,-0.44194212804057553,0.0005181569640567411,trajectory reached the configured collision radius
9,144,0.78943838858311388,-0.82450000000000001,fraction,250,0,collision,nan,0,34.141364331436129,0.079317384000000005,0.0010000000000000007,1.0000000000000014e-06,1.7775197692127291,-0.44194212803868738,0.00051815857463002706,trajectory reached the configured collision radius
9,145,0.78944556750394368,-0.82450000000000001,fraction,250,0,collision,nan,0,34.145324568928963,0.081872011999999994,0.0010000000000000067,1.0000000000000135e-06,1.7775190869203068,-0.44194212803678257,0.00051816019940471207,trajectory reached the configured collision radius
9,146,0.78945274642477348,-0.82450000000000001,fraction,250,0,collision,nan,0,34.149308415695401,0.078656543999999995,0.0010000000000000033,1.0000000000000065e-06,1.7775184686483572,-0.44194212803486049,0.00051816183842836455,trajectory reached the configured collision radius
9,147,0.78945992534560328,-0.82450000000000001,fraction,250,0,collision,nan,0,34.153316143125608,0.078522324000000004,0.001,9.9999999999999995e-07,1.7775179145871096,-0.44194212803292254,0.00051816349174914225,trajectory reached the configured collision radius
9,148,0.78946710426643307,-0.82450000000000001,fraction,250,0,collision,nan,0,34.157348027125501,0.081449945999999995,0.001,9.9999999999999995e-07,1.7775174249267147,-0.44194212803096711,0.00051816515941576489,trajectory reached the configured collision radius
9,149,0.78947428318726287,-0.82450000000000001,fraction,250,0,collision,nan,0,34.161404348211953,0.084600833,0.0010000000000000005,1.000000000000001e-06,1.777516999857421,-0.44194212802899469,0.00051816684147759434,trajectory reached the configured collision radius
9,150,0.78948146210809278,-0.82450000000000001,fraction,250,0,collision,nan,0,34.165485391612066,0.08762056,0.001000000000000005,1.0000000000000101e-06,1.7775166395694268,-0.44194212802700544,0.00051816853798459682,trajectory reached the configured collision radius
9,151,0.78948864102892258,-0.82450000000000001,fraction,250,0,collision,nan,0,34.169591447365121,0.083476672000000002,0.0010000000000000057,1.0000000000000114e-06,1.77751634425303,-0.4419421280249996,0.00051817024898743742,trajectory reached the configured collision radius
10,133,0.78935942045398599,-0.80833333333333335,fraction,250,0,collision,nan,0,34.110223877146112,0.079659444999999995,0.0010000000000000078,1.0000000000000156e-06,1.777254977581731,-0.44194212811198064,0.00051809605822072458,trajectory reached the configured collision radius
10,134,0.78936659937481579,-0.80833333333333335,fraction,250,0,collision,nan,0,34.113947331780736,0.087038461999999997,0.0010000000000000013,1.0000000000000027e-06,1.7772555632449871,-0.44194212810974121,0.00051809796864226397,trajectory reached the configured collision radius
10,135,0.78937377829564559,-0.80833333333333335,fraction,250,0,collision,nan,0,34.117691774350895,0.086109941999999995,0.001,9.9999999999999995e-07,1.7772562124146645,-0.44194212810748579,0.0005180998925506837,trajectory reached the configured collision radius
10,136,0.78938095721647539,-0.80833333333333335,fraction,250,0,collision,nan,0,34.121457434321414,0.078749136999999997,0.0010000000000000002,1.0000000000000004e-06,1.7772569252587931,-0.44194212810521444,0.00051810182998204986,trajectory reached the configured collision radius
10,137,0.78938813613730519,-0.80833333333333335,fraction,250,0,collision,nan,0,34.12524454481229,0.082298033000000007,0.0010000000000000078,1.0000000000000156e-06,1.7772577019450233,-0.44194212810292749,0.00051810378097272151,trajectory reached the configured collision radius
10,138,0.78939531505813509,-0.80833333333333335,fraction,250,0,collision,nan,0,34.129053342676194,0.082969772999999997,0.0010000000000000018,1.0000000000000036e-06,1.7772585426406411,-0.44194212810062405,0.0005181057455593645,trajectory reached the configured collision radius
10,139,0.78940249397896489,-0.80833333333333335,fraction,250,0,collision,nan,0,34.132884068570831,0.082777887999999994,0.001,9.9999999999999995e-07,1.7772594475124435,-0.44194212809830496,0.00051810772377899894,trajectory reached the configured collision radius
10,140,0.78940967289979469,-0.80833333333333335,fraction,250,0,collision,nan,0,34.136736967042935,0.080779071999999993,0.001,9.9999999999999995e-07,1.7772604167269015,-0.44194212809596961,0.00051810971566898826,trajectory reached the configured collision radius
10,141,0.78941685182062449,-0.80833333333333335,fraction,250,0,collision,nan,0,34.140612286606235,0.078161421999999994,0.0010000000000000037,1.0000000000000074e-06,1.7772614504500224,-0.44194212809361866,0.00051811172126706617,trajectory reached the configured collision radius
10,142,0.78942403074145429,-0.80833333333333335,fraction,250,0,collision,nan,0,34.144510279826775,0.078365489999999996,0.001000000000000005,1.0000000000000101e-06,1.7772625488474627,-0.44194212809125105,0.00051811374061135735,trajectory reached the configured collision radius
10,143,0.78943120966228408,-0.80833333333333335,fraction,250,0,collision,nan,0,34.148431203405828,0.080863228999999995,0.0010000000000000002,1.0000000000000004e-06,1.7772637120844299,-0.44194212808886746,0.00051811577374038197,trajectory reached the configured collision radius
10,144,0.78943838858311388,-0.80833333333333335,fraction,250,0,collision,nan,0,34.152375318269478,0.081326465000000001,0.001,9.9999999999999995e-07,1.7772649403257395,-0.44194212808646782,0.00051811782069311493,trajectory reached the configured collision radius
10,145,0.78944556750394368,-0.80833333333333335,fraction,250,0,collision,nan,0,34.156342889657324,0.078854012000000001,0.0010000000000000007,1.0000000000000014e-06,1.7772662337358198,-0.44194212808405159,0.00051811988150897415,trajectory reached the configured collision radius
10,146,0.78945274642477348,-0.80833333333333335,fraction,250,0,collision,nan,0,34.160334187214282,0.078132657999999994,0.0010000000000000065,1.0000000000000131e-06,1.777267592478746,-0.44194212808161903,0.00051812195622784828,trajectory reached the configured collision radius
10,147,0.78945992534560328,-0.80833333333333335,fraction,250,0,collision,nan,0,34.164349485085495,0.080040410000000006,0.0010000000000000035,1.0000000000000069e-06,1.7772690167181657,-0.44194212807917066,0.00051812404489013221,trajectory reached the configured collision radius
10,148,0.78946710426643307,-0.80833333333333335,fraction,250,0,collision,nan,0,34.168389062012636,0.082301632999999999,0.0010000000000000002,1.0000000000000004e-06,1.7772705066174717,-0.44194212807670552,0.00051812614753676389,trajectory reached the configured collision radius
10,149,0.78947428318726287,-0.80833333333333335,fraction,250,0,collision,nan,0,34.172453201433726,0.083575943999999999,0.001,9.9999999999999995e-07,1.7772720623396125,-0.44194212807422406,0.00051812826420923194,trajectory reached the configured collision radius
10,150,0.78948146210809278,-0.80833333333333335,fraction,250,0,collision,nan,0,34.176542191583792,0.079571011999999997,0.0010000000000000002,1.0000000000000004e-06,1.7772736840472649,-0.44194212807172589,0.0005181303949496137,trajectory reached the configured collision radius
10,151,0.78948864102892258,-0.80833333333333335,fraction,250,0,collision,nan,0,34.180656325601966,0.079402247999999995,0.0010000000000000035,1.0000000000000069e-06,1.7772753719028496,-0.44194212806921124,0.00051813253980060117,trajectory reached the configured collision radius
11,133,0.78935942045398599,-0.79216666666666669,fraction,250,0,collision,nan,0,34.121096229160116,0.079077446999999995,0.0010000000000000013,1.0000000000000027e-06,1.7769957753855024,-0.44194212816099421,0.00051805424752277441,trajectory reached the configured collision radius
11,134,0.78936659937481579,-0.79216666666666669,fraction,250,0,collision,nan,0,34.124825910626321,0.089116045000000005,0.0010000000000000087,1.0000000000000173e-06,1.7769982451950288,-0.44194212815826606,0.00051805657493811364,trajectory reached the configured collision radius
11,135,0.78937377829564559,-0.79216666666666669,fraction,250,0,collision,nan,0,34.128576672146131,0.079293825999999998,0.0010000000000000005,1.000000000000001e-06,1.7770007798221603,-0.44194212815552208,0.00051805891554765717,trajectory reached the configured collision radius
11,136,0.78938095721647539,-0.79216666666666669,fraction,250,0,collision,nan,0,34.132348745227581,0.079076573999999997,0.001,9.9999999999999995e-07,1.7770033794130733,-0.44194212815276318,0.00051806126938079404,trajectory reached the configured collision radius
11,137,0.78938813613730519,-0.79216666666666669,fraction,250,0,collision,nan,0,34.136142365092354,0.079916457999999996,0.0010000000000000009,1.0000000000000019e-06,1.7770060441132871,-0.44194212814998807,0.00051806363646713803,trajectory reached the configured collision radius
11,138,0.78939531505813509,-0.79216666666666669,fraction,250,0,collision,nan,0,34.139957770751373,0.085545048999999998,0.0010000000000000109,1.0000000000000218e-06,1.7770087740675931,-0.44194212814719769,0.00051806601683657139,trajectory reached the configured collision radius
11,139,0.78940249397896489,-0.79216666666666669,fraction,250,0,collision,nan,0,34.143795205085382,0.079371373999999995,0.0010000000000000009,1.0000000000000019e-06,1.777011569420041,-0.44194212814439149,0.00051806841051923742,trajectory reached the configured collision radius
11,140,0.78940967289979469,-0.79216666666666669,fraction,250,0,collision,nan,0,34.147654914924388,0.080637924999999999,0.001,9.9999999999999995e-07,1.7770144303140598,-0.44194212814157008,0.00051807081754564038,trajectory reached the configured collision radius
11,141,0.78941685182062449,-0.79216666666666669,fraction,250,0,collision,nan,0,34.151537151132864,0.080038859000000004,0.0010000000000000002,1.0000000000000004e-06,1.7770173568923233,-0.44194212813873257,0.00051807323794654341,trajectory reached the configured collision radius
11,142,0.78942403074145429,-0.79216666666666669,fraction,250,0,collision,nan,0,34.15544216869322,0.082408800000000004,0.0010000000000000052,1.0000000000000105e-06,1.7770203492967966,-0.4419421281358798,0.00051807567175307385,trajectory reached the configured collision radius
11,143,0.78943120966228408,-0.79216666666666669,fraction,250,0,collision,nan,0,34.159370226795481,0.080562610000000007,0.0010000000000000037,1.0000000000000074e-06,1.7770234076687612,-0.44194212813301065,0.00051807811899670273,trajectory reached the configured collision radius
11,144,0.78943838858311388,-0.79216666666666669,fraction,250,0,collision,nan,0,34.163321588924809,0.079838487999999999,0.0010000000000000002,1.0000000000000004e-06,1.7770265321488032,-0.44194212813012629,0.00051808057970930657,trajectory reached the configured collision radius
11,145,0.78944556750394368,-0.79216666666666669,fraction,250,0,collision,nan,0,34.167296522955354,0.081709067999999996,0.001,9.9999999999999995e-07,1.7770297228767689,-0.44194212812722594,0.0005180830539231599,trajectory reached the configured collision radius
11,146,0.78945274642477348,-0.79216666666666669,fraction,250,0,collision,nan,0,34.171295301244378,0.076647126999999995,0.0010000000000000007,1.0000000000000014e-06,1.7770329799918856,-0.44194212812430944,0.00051808554167095033,trajectory reached the configured collision radius
11,147,0.78945992534560328,-0.79216666666666669,fraction,250,0,collision,nan,0,34.175318200728938,0.083759323999999996,0.0010000000000000067,1.0000000000000135e-06,1.777036303632693,-0.44194212812137695,0.00051808804298585651,trajectory reached the configured collision radius
11,148,0.78946710426643307,-0.79216666666666669,fraction,250,0,collision,nan,0,34.179365503026261,0.085209727999999998,0.0010000000000000037,1.0000000000000074e-06,1.7770396939370865,-0.44194212811842876,0.00051809055790150746,trajectory reached the configured collision radius
11,149,0.78947428318726287,-0.79216666666666669,fraction,250,0,collision,nan,0,34.183437494534665,0.081479470999999998,0.0010000000000000002,1.0000000000000004e-06,1.7770431510423028,-0.44194212811546463,0.00051809308645207278,trajectory reached the configured collision radius
11,150,0.78948146210809278,-0.79216666666666669,fraction,250,0,collision,nan,0,34.187534466540015,0.079656121999999996,0.001,9.9999999999999995e-07,1.7770466750850018,-0.44194212811248434,0.00051809562867226224,trajectory reached the configured collision radius
11,151,0.78948864102892258,-0.79216666666666669,fraction,250,0,collision,nan,0,34.191656715321756,0.088139195000000004,0.0010000000000000002,1.0000000000000004e-06,1.7770502662012568,-0.44194212810948819,0.00051809818459737486,trajectory reached the configured collision radius
12,133,0.78935942045398599,-0.77600000000000002,fraction,250,0,collision,nan,0,34.131923630422811,0.080774829000000006,0.001,9.9999999999999995e-07,1.7767523013521322,-0.44194212820598472,0.00051801586549317694,trajectory reached the configured collision radius
12,134,0.78936659937481579,-0.77600000000000002,fraction,250,0,collision,nan,0,34.135659570107109,0.082896797999999994,0.0010000000000000035,1.0000000000000069e-06,1.7767565869215904,-0.44194212820279177,0.00051801858959995347,trajectory reached the configured collision radius
12,135,0.78937377829564559,-0.77600000000000002,fraction,250,0,collision,nan,0,34.139416683007163,0.075081181999999996,0.0010000000000000041,1.0000000000000082e-06,1.7767609383758078,-0.44194212819958367,0.00051802132658304752,trajectory reached the configured collision radius
12,136,0.78938095721647539,-0.77600000000000002,fraction,250,0,collision,nan,0,34.143195202705343,0.078953317999999995,0.0010000000000000002,1.0000000000000004e-06,1.776765355839963,-0.44194212819636025,0.00051802407646549546,trajectory reached the configured collision radius
12,137,0.78938813613730519,-0.77600000000000002,fraction,250,0,collision,nan,0,34.146995366555508,0.078855943999999997,0.001,9.9999999999999995e-07,1.7767698394382365,-0.44194212819312217,0.00051802683927056233,trajectory reached the configured collision radius
12,138,0.78939531505813509,-0.77600000000000002,fraction,250,0,collision,nan,0,34.150817415760805,0.081185408000000001,0.0010000000000000024,1.0000000000000048e-06,1.776774389293913,-0.44194212818986844,0.0005180296150217341,trajectory reached the configured collision radius
12,139,0.78940249397896489,-0.77600000000000002,fraction,250,0,collision,nan,0,34.154661595456133,0.080374956999999997,0.0010000000000000065,1.0000000000000131e-06,1.7767790055292569,-0.44194212818659917,0.00051803240374270656,trajectory reached the configured collision radius
12,140,0.78940967289979469,-0.77600000000000002,fraction,250,0,collision,nan,0,34.158528154791156,0.081916639999999999,0.0010000000000000005,1.000000000000001e-06,1.7767836882655919,-0.4419421281833153,0.00051803520545744015,trajectory reached the configured collision radius
12,141,0.78941685182062449,-0.77600000000000002,fraction,250,0,collision,nan,0,34.162417347014554,0.081940638999999996,0.001,9.9999999999999995e-07,1.7767884376233041,-0.44194212818001616,0.00051803802019019692,trajectory reached the configured collision radius
12,142,0.78942403074145429,-0.77600000000000002,fraction,250,0,collision,nan,0,34.166329429564598,0.074359998999999996,0.0010000000000000005,1.000000000000001e-06,1.7767932537217457,-0.44194212817670137,0.0005180408479655077,trajectory reached the configured collision radius
12,143,0.78943120966228408,-0.77600000000000002,fraction,250,0,collision,nan,0,34.170264664154921,0.080177769999999995,0.0010000000000000074,1.0000000000000148e-06,1.7767981366793648,-0.4419421281733712,0.00051804368880824085,trajectory reached the configured collision radius
12,144,0.78943838858311388,-0.77600000000000002,fraction,250,0,collision,nan,0,34.174223316870489,0.082054324999999997,0.0010000000000000026,1.0000000000000052e-06,1.7768030866136633,-0.44194212817002593,0.00051804654274358953,trajectory reached the configured collision radius
12,145,0.78944556750394368,-0.77600000000000002,fraction,250,0,collision,nan,0,34.178205658260424,0.076447034999999997,0.001,9.9999999999999995e-07,1.7768081036411218,-0.441942128166665,0.00051804940979712432,trajectory reached the configured collision radius
12,146,0.78945274642477348,-0.77600000000000002,fraction,250,0,collision,nan,0,34.182211963435293,0.076824640999999999,0.001,9.9999999999999995e-07,1.7768131878773756,-0.44194212816328882,0.00051805228999483172,trajectory reached the configured collision radius
12,147,0.78945992534560328,-0.77600000000000002,fraction,250,0,collision,nan,0,34.186242512167766,0.079336718000000001,0.0010000000000000009,1.0000000000000019e-06,1.7768183394370936,-0.44194212815989697,0.00051805518336308688,trajectory reached the configured collision radius
12,148,0.78946710426643307,-0.77600000000000002,fraction,250,0,collision,nan,0,34.190297588994746,0.080249139999999997,0.001000000000000007,1.0000000000000139e-06,1.7768235584340735,-0.44194212815649009,0.0005180580899287352,trajectory reached the configured collision radius
12,149,0.78947428318726287,-0.77600000000000002,fraction,250,0,collision,nan,0,34.194377483321482,0.079625385000000007,0.0010000000000000037,1.0000000000000074e-06,1.776828844981222,-0.44194212815306738,0.00051806100971910041,trajectory reached the configured collision radius
12,150,0.78948146210809278,-0.77600000000000002,fraction,250,0,collision,nan,0,34.198482489531067,0.083657502999999994,0.0010000000000000002,1.0000000000000004e-06,1.7768341991905727,-0.4419421281496293,0.00051806394276202614,trajectory reached the configured collision radius
12,151,0.78948864102892258,-0.77600000000000002,fraction,250,0,collision,nan,0,34.20261290709491,0.081610345000000001,0.001,9.9999999999999995e-07,1.7768396211734039,-0.44194212814617539,0.00051806688908592443,trajectory reached the configured collision radius
13,133,0.78935942045398599,-0.75983333333333336,fraction,250,0,collision,nan,0,34.142722863986556,0.091129313000000003,0.001,9.9999999999999995e-07,1.7765232952766314,-0.44194212824727336,0.00051798063896928257,trajectory reached the configured collision radius
13,134,0.78936659937481579,-0.75983333333333336,fraction,250,0,collision,nan,0,34.146465105187865,0.076874108999999996,0.0010000000000000002,1.0000000000000004e-06,1.7765293339787271,-0.44194212824363749,0.00051798374114736946,trajectory reached the configured collision radius
13,135,0.78937377829564559,-0.75983333333333336,fraction,250,0,collision,nan,0,34.150228613984773,0.083427283000000005,0.001000000000000008,1.000000000000016e-06,1.7765354394103798,-0.44194212823998685,0.00051798685586098669,trajectory reached the configured collision radius
13,136,0.78938095721647539,-0.75983333333333336,fraction,250,0,collision,nan,0,34.154013626067403,0.084503418999999996,0.0010000000000000015,1.0000000000000031e-06,1.776541611676584,-0.44194212823632167,0.00051798998312722313,trajectory reached the configured collision radius
13,137,0.78938813613730519,-0.75983333333333336,fraction,250,0,collision,nan,0,34.157820380956764,0.086540588000000002,0.001,9.9999999999999995e-07,1.7765478508810795,-0.44194212823264128,0.000517993122963315,trajectory reached the configured collision radius
13,138,0.78939531505813509,-0.75983333333333336,fraction,250,0,collision,nan,0,34.161649122084661,0.079995523999999998,0.001,9.9999999999999995e-07,1.7765541571264316,-0.44194212822894641,0.00051799627538667392,trajectory reached the configured collision radius
13,139,0.78940249397896489,-0.75983333333333336,fraction,250,0,collision,nan,0,34.165500096877899,0.081240778,0.0010000000000000048,1.0000000000000095e-06,1.7765605305140695,-0.44194212822523676,0.00051799944041494269,trajectory reached the configured collision radius
13,140,0.78940967289979469,-0.75983333333333336,fraction,250,0,collision,nan,0,34.169373556843176,0.076320639999999995,0.0010000000000000037,1.0000000000000074e-06,1.7765669711441625,-0.44194212822151269,0.00051800261806593864,trajectory reached the configured collision radius
13,141,0.78941685182062449,-0.75983333333333336,fraction,250,0,collision,nan,0,34.173269757655632,0.083122449000000001,0.0010000000000000002,1.0000000000000004e-06,1.7765734791157659,-0.44194212821777318,0.00051800580835775507,trajectory reached the configured collision radius
13,142,0.78942403074145429,-0.75983333333333336,fraction,250,0,collision,nan,0,34.177188959246756,0.090757624999999995,0.001,9.9999999999999995e-07,1.7765800545266806,-0.44194212821401896,0.00051800901130875628,trajectory reached the configured collision radius
13,143,0.78943120966228408,-0.75983333333333336,fraction,250,0,collision,nan,0,34.18113142589921,0.082959501000000005,0.0010000000000000011,1.0000000000000023e-06,1.7765866974735756,-0.44194212821024964,0.00051801222693756963,trajectory reached the configured collision radius
13,144,0.78943838858311388,-0.75983333333333336,fraction,250,0,collision,nan,0,34.185097426339922,0.087396173999999993,0.00100000000000001,1.0000000000000201e-06,1.7765934080519283,-0.44194212820646567,0.000518015455263151,trajectory reached the configured collision radius
13,145,0.78944556750394368,-0.75983333333333336,fraction,250,0,collision,nan,0,34.189087233838322,0.079700095999999998,0.001000000000000002,1.000000000000004e-06,1.7766001863560676,-0.44194212820266665,0.0005180186963047854,trajectory reached the configured collision radius
13,146,0.78945274642477348,-0.75983333333333336,fraction,250,0,collision,nan,0,34.193101126305777,0.078767858999999996,0.001,9.9999999999999995e-07,1.7766070324791907,-0.44194212819885303,0.0005180219500821511,trajectory reached the configured collision radius
13,147,0.78945992534560328,-0.75983333333333336,fraction,250,0,collision,nan,0,34.197139386397865,0.085462812999999999,0.001,9.9999999999999995e-07,1.7766139465133133,-0.44194212819502404,0.00051802521661528092,trajectory reached the configured collision radius
13,148,0.78946710426643307,-0.75983333333333336,fraction,250,0,collision,nan,0,34.201202301621002,0.076711308000000006,0.0010000000000000009,1.0000000000000019e-06,1.7766209285494696,-0.44194212819118017,0.00051802849592470042,trajectory reached the configured collision radius
13,149,0.78947428318726287,-0.75983333333333336,fraction,250,0,collision,nan,0,34.205290164439653,0.079743484000000003,0.0010000000000000072,1.0000000000000144e-06,1.7766279786774912,-0.4419421281873212,0.0005180317880313244,trajectory reached the configured collision radius
13,150,0.78948146210809278,-0.75983333333333336,fraction,250,0,collision,nan,0,34.209403272386915,0.076684536999999997,0.0010000000000000039,1.0000000000000078e-06,1.7766350969862246,-0.44194212818344714,0.00051803509295660294,trajectory reached the configured collision radius
13,151,0.78948864102892258,-0.75983333333333336,fraction,250,0,collision,nan,0,34.213541928179964,0.076239738000000001,0.0010000000000000005,1.000000000000001e-06,1.7766422835635145,-0.44194212817955791,0.00051803841072253505,trajectory reached the configured collision radius
14,133,0.78935942045398599,-0.7436666666666667,fraction,250,0,collision,nan,0,34.153508255226839,0.080563187999999994,0.0010000000000000002,1.0000000000000004e-06,1.776307710297395,-0.44194212828512858,0.0005179483398686385,trajectory reached the configured collision radius
14,134,0.78936659937481579,-0.7436666666666667,fraction,250,0,collision,nan,0,34.157256851907029,0.079152343,0.001,9.9999999999999995e-07,1.7763154442465845,-0.4419421282810701,0.00051795180289253946,trajectory reached the configured collision radius
14,135,0.78937377829564559,-0.7436666666666667,fraction,250,0,collision,nan,0,34.161026811938164,0.080572088,0.0010000000000000013,1.0000000000000027e-06,1.7763232455662237,-0.44194212827699736,0.0005179552780903839,trajectory reached the configured collision radius
14,136,0.78938095721647539,-0.7436666666666667,fraction,250,0,collision,nan,0,34.164818373155896,0.081694859999999994,0.0010000000000000087,1.0000000000000173e-06,1.7763311143418528,-0.44194212827290996,0.00051795876547358415,trajectory reached the configured collision radius
14,137,0.78938813613730519,-0.7436666666666667,fraction,250,0,collision,nan,0,34.168631777287025,0.076281666999999997,0.0010000000000000005,1.000000000000001e-06,1.7763390506575778,-0.44194212826880841,0.00051796226505367048,trajectory reached the configured collision radius
14,138,0.78939531505813509,-0.7436666666666667,fraction,250,0,collision,nan,0,34.172467270031383,0.074867797999999999,0.001,9.9999999999999995e-07,1.7763470545961348,-0.44194212826469265,0.00051796577684236171,trajectory reached the configured collision radius
14,139,0.78940249397896489,-0.7436666666666667,fraction,250,0,collision,nan,0,34.176325101149246,0.075637356000000003,0.0010000000000000007,1.0000000000000014e-06,1.7763551262389641,-0.44194212826056228,0.00051796930085153603,trajectory reached the configured collision radius
14,140,0.78940967289979469,-0.7436666666666667,fraction,250,0,collision,nan,0,34.180205524546814,0.078570750999999994,0.0010000000000000083,1.0000000000000165e-06,1.7763632656660227,-0.44194212825641782,0.00051797283709326299,trajectory reached the configured collision radius
14,141,0.78941685182062449,-0.7436666666666667,fraction,250,0,collision,nan,0,34.184108798367888,0.072189848000000001,0.001000000000000002,1.000000000000004e-06,1.7763714729559767,-0.44194212825225898,0.0005179763855798279,trajectory reached the configured collision radius
14,142,0.78942403074145429,-0.7436666666666667,fraction,250,0,collision,nan,0,34.188035185084729,0.079656819000000004,0.001,9.9999999999999995e-07,1.7763797481860388,-0.44194212824808549,0.00051797994632375981,trajectory reached the configured collision radius
14,143,0.78943120966228408,-0.7436666666666667,fraction,250,0,collision,nan,0,34.191984951594222,0.065331596000000006,0.001,9.9999999999999995e-07,1.7763880914321517,-0.44194212824389767,0.00051798351933786391,trajectory reached the configured collision radius
14,144,0.78943838858311388,-0.7436666666666667,fraction,250,0,collision,nan,0,34.195958369313409,0.073003973999999999,0.0010000000000000018,1.0000000000000036e-06,1.7763965027688793,-0.44194212823969536,0.00051798710463522185,trajectory reached the configured collision radius
14,145,0.78944556750394368,-0.7436666666666667,fraction,250,0,collision,nan,0,34.199955714282638,0.073559559999999996,0.0010000000000000109,1.0000000000000218e-06,1.7764049822694246,-0.44194212823547879,0.00051799070222924314,trajectory reached the configured collision radius
14,146,0.78945274642477348,-0.7436666666666667,fraction,250,0,collision,nan,0,34.203977267264015,0.074430083999999994,0.0010000000000000015,1.0000000000000031e-06,1.7764135300057244,-0.44194212823124779,0.00051799431213367527,trajectory reached the configured collision radius
14,147,0.78945992534560328,-0.7436666666666667,fraction,250,0,collision,nan,0,34.20802331384963,0.075421300999999996,0.001,9.9999999999999995e-07,1.7764221460483816,-0.44194212822700202,0.00051799793436267054,trajectory reached the configured collision radius
14,148,0.78946710426643307,-0.7436666666666667,fraction,250,0,collision,nan,0,34.212094144570329,0.07007149,0.001,9.9999999999999995e-07,1.7764308304667993,-0.44194212822274204,0.00051800156893077709,trajectory reached the configured collision radius
14,149,0.78947428318726287,-0.7436666666666667,fraction,250,0,collision,nan,0,34.216190055005114,0.078746049999999998,0.0010000000000000009,1.0000000000000019e-06,1.7764395833290956,-0.44194212821846762,0.00051800521585299508,trajectory reached the configured collision radius
14,150,0.78948146210809278,-0.7436666666666667,fraction,250,0,collision,nan,0,34.220311345896889,0.065966311999999999,0.0010000000000000067,1.0000000000000135e-06,1.7764484047022502,-0.44194212821417839,0.00051800887514484009,trajectory reached the configured collision radius
14,151,0.78948864102892258,-0.7436666666666667,fraction,250,0,collision,nan,0,34.224458323269367,0.060720057000000001,0.0010000000000000044,1.0000000000000086e-06,1.7764572946520552,-0.44194212820987472,0.00051801254682231105,trajectory reached the configured collision radius
15,133,0.78935942045398599,-0.72750000000000004,fraction,250,0,collision,nan,0,34.164292227075784,0.066121759000000002,0.0010000000000000031,1.0000000000000061e-06,1.7761046668659612,-0.44194212831977675,0.00051791877547818104,trajectory reached the configured collision radius
15,134,0.78936659937481579,-0.72750000000000004,fraction,250,0,collision,nan,0,34.168047242933071,0.066414991000000007,0.001,9.9999999999999995e-07,1.7761140421220973,-0.44194212831531432,0.00051792258329172892,trajectory reached the configured collision radius
15,135,0.78937377829564559,-0.72750000000000004,fraction,250,0,collision,nan,0,34.171823719420892,0.072055158999999994,0.001,9.9999999999999995e-07,1.7761234852014256,-0.44194212831083812,0.00051792640289855668,trajectory reached the configured collision radius
15,136,0.78938095721647539,-0.72750000000000004,fraction,250,0,collision,nan,0,34.175621896560763,0.069105548000000003,0.0010000000000000037,1.0000000000000074e-06,1.776132996170801,-0.44194212830634777,0.00051793023430471983,trajectory reached the configured collision radius
15,137,0.78938813613730519,-0.72750000000000004,fraction,250,0,collision,nan,0,34.179442018327045,0.064098798999999998,0.0010000000000000041,1.0000000000000082e-06,1.7761425750954873,-0.44194212830184387,0.00051793407751638129,trajectory reached the configured collision radius
15,138,0.78939531505813509,-0.72750000000000004,fraction,250,0,collision,nan,0,34.1832843327322,0.064892627999999994,0.001,9.9999999999999995e-07,1.7761522220392953,-0.44194212829732604,0.0005179379325398677,trajectory reached the configured collision radius
15,139,0.78940249397896489,-0.72750000000000004,fraction,250,0,collision,nan,0,34.187149091913334,0.074041538000000004,0.001,9.9999999999999995e-07,1.7761619370644095,-0.44194212829279389,0.00051794179938161587,trajectory reached the configured collision radius
15,140,0.78940967289979469,-0.72750000000000004,fraction,250,0,collision,nan,0,34.191036552222535,0.071390656999999996,0.0010000000000000013,1.0000000000000027e-06,1.7761717202315606,-0.44194212828824858,0.00051794567804828062,trajectory reached the configured collision radius
15,141,0.78941685182062449,-0.72750000000000004,fraction,250,0,collision,nan,0,34.194946974320175,0.069692641,0.0010000000000000106,1.0000000000000213e-06,1.776181571599903,-0.44194212828368856,0.00051794956854669114,trajectory reached the configured collision radius
15,142,0.78942403074145429,-0.72750000000000004,fraction,250,0,collision,nan,0,34.198880623267755,0.068252938999999999,0.0010000000000000011,1.0000000000000023e-06,1.7761914912270851,-0.44194212827911517,0.00051795347088389593,trajectory reached the configured collision radius
15,143,0.78943120966228408,-0.72750000000000004,fraction,250,0,collision,nan,0,34.202837768627596,0.065407612000000004,0.001,9.9999999999999995e-07,1.7762014791693144,-0.44194212827452811,0.00051795738506722224,trajectory reached the configured collision radius
15,144,0.78943838858311388,-0.72750000000000004,fraction,250,0,collision,nan,0,34.206818684559451,0.071932587000000006,0.0010000000000000002,1.0000000000000004e-06,1.7762115354811896,-0.44194212826992674,0.0005179613111042429,trajectory reached the configured collision radius
15,145,0.78944556750394368,-0.72750000000000004,fraction,250,0,collision,nan,0,34.210823649926198,0.064006894999999994,0.0010000000000000024,1.0000000000000048e-06,1.7762216602159544,-0.44194212826531132,0.00051796524900286933,trajectory reached the configured collision radius
15,146,0.78945274642477348,-0.72750000000000004,fraction,250,0,collision,nan,0,34.214852948398963,0.051270335,0.0010000000000000091,1.0000000000000182e-06,1.7762318534254011,-0.44194212826068202,0.00051796919877134082,trajectory reached the configured collision radius
15,147,0.78945992534560328,-0.72750000000000004,fraction,250,0,collision,nan,0,34.218906868563451,0.072134489999999996,0.0010000000000000013,1.0000000000000027e-06,1.7762421151598515,-0.44194212825603874,0.00051797316041825899,trajectory reached the configured collision radius
15,148,0.78946710426643307,-0.72750000000000004,fraction,250,0,collision,nan,0,34.222985704033775,0.062586745999999999,0.001,9.9999999999999995e-07,1.776252445468302,-0.44194212825138179,0.00051797713395265569,trajectory reached the configured collision radius
15,149,0.78947428318726287,-0.72750000000000004,fraction,250,0,collision,nan,0,34.227089753565053,0.068322940999999998,0.001,9.9999999999999995e-07,1.7762628443983737,-0.44194212824671059,0.00051798111938399112,trajectory reached the configured collision radius
15,150,0.78948146210809278,-0.72750000000000004,fraction,250,0,collision,nan,0,34.231219321173263,0.040061011000000001,0.0010000000000000009,1.0000000000000019e-06,1.7762733119964704,-0.44194212824202528,0.00051798511672224439,trajectory reached the configured collision radius
15,151,0.78948864102892258,-0.72750000000000004,fraction,250,0,collision,nan,0,34.235374716254164,0.053754866999999998,0.0010000000000000061,1.0000000000000122e-06,1.7762838483076742,-0.44194212823732637,0.00051798912597789213,trajectory reached the configured collision radius
16,133,0.78935942045398599,-0.71133333333333337,fraction,250,0,collision,nan,0,34.175085708862184,0.064842383000000003,0.0010000000000000102,1.0000000000000205e-06,1.7759134188079464,-0.44194212835141095,0.00051789178128627074,trajectory reached the configured collision radius
16,134,0.78936659937481579,-0.71133333333333337,fraction,250,0,collision,nan,0,34.178847216645984,0.048070249000000002,0.0010000000000000011,1.0000000000000023e-06,1.7759243847422614,-0.44194212834656205,0.00051789591882306504,trajectory reached the configured collision radius
16,135,0.78937377829564559,-0.71133333333333337,fraction,250,0,collision,nan,0,34.182630284004738,0.050504511000000002,0.001,9.9999999999999995e-07,1.7759354187781169,-0.44194212834170021,0.0005179000677549997,trajectory reached the configured collision radius
16,136,0.78938095721647539,-0.71133333333333337,fraction,250,0,collision,nan,0,34.186435153190871,0.062953137000000006,0.0010000000000000002,1.0000000000000004e-06,1.7759465209644176,-0.44194212833682489,0.00051790422808306125,trajectory reached the configured collision radius
16,137,0.78938813613730519,-0.71133333333333337,fraction,250,0,collision,nan,0,34.190262070470851,0.058634081999999997,0.0010000000000000074,1.0000000000000148e-06,1.7759576913484409,-0.44194212833193591,0.00051790839980836478,trajectory reached the configured collision radius
16,138,0.78939531505813509,-0.71133333333333337,fraction,250,0,collision,nan,0,34.19411128621654,0.065477121999999999,0.001000000000000002,1.000000000000004e-06,1.7759689299757691,-0.44194212832703372,0.0005179125829321105,trajectory reached the configured collision radius
16,139,0.78940249397896489,-0.71133333333333337,fraction,250,0,collision,nan,0,34.197983054990175,0.056696662000000002,0.001,9.9999999999999995e-07,1.7759802368903224,-0.44194212832211838,0.00051791677745565562,trajectory reached the configured collision radius
16,140,0.78940967289979469,-0.71133333333333337,fraction,250,0,collision,nan,0,34.201877635639335,0.058997856000000001,0.001,9.9999999999999995e-07,1.7759916121343526,-0.44194212831718943,0.00051792098338053569,trajectory reached the configured collision radius
16,141,0.78941685182062449,-0.71133333333333337,fraction,250,0,collision,nan,0,34.205795291392782,0.054606771999999998,0.0010000000000000026,1.0000000000000052e-06,1.7760030557484985,-0.44194212831224694,0.00051792520070843926,trajectory reached the configured collision radius
16,142,0.78942403074145429,-0.71133333333333337,fraction,250,0,collision,nan,0,34.209736289953469,0.055891307000000001,0.0010000000000000076,1.0000000000000152e-06,1.7760145677717583,-0.44194212830729102,0.00051792942944130606,trajectory reached the configured collision radius
16,143,0.78943120966228408,-0.71133333333333337,fraction,250,0,collision,nan,0,34.213700903602792,0.051019056,0.0010000000000000007,1.0000000000000014e-06,1.7760261482415394,-0.44194212830232188,0.0005179336695812889,trajectory reached the configured collision radius
16,144,0.78943838858311388,-0.71133333333333337,fraction,250,0,collision,nan,0,34.217689409300178,0.044109334,0.001,9.9999999999999995e-07,1.7760377971936272,-0.44194212829733909,0.00051793792113084358,trajectory reached the configured collision radius
16,145,0.78944556750394368,-0.71133333333333337,fraction,250,0,collision,nan,0,34.221702088790607,0.043505747999999997,0.001,9.9999999999999995e-07,1.7760495146622497,-0.44194212829234319,0.00051794218409270546,trajectory reached the configured collision radius
16,146,0.78945274642477348,-0.71133333333333337,fraction,250,0,collision,nan,0,34.225739228712328,0.060482906000000003,0.0010000000000000028,1.0000000000000057e-06,1.7760613006801371,-0.44194212828733398,0.00051794645846996949,trajectory reached the configured collision radius
16,147,0.78945992534560328,-0.71133333333333337,fraction,250,0,collision,nan,0,34.229801120706867,0.045736694000000001,0.0010000000000000085,1.0000000000000169e-06,1.7760731552785463,-0.44194212828231061,0.00051795074426609893,trajectory reached the configured collision radius
16,148,0.78946710426643307,-0.71133333333333337,fraction,250,0,collision,nan,0,34.233888061535581,0.067784673000000004,0.0010000000000000011,1.0000000000000023e-06,1.776085078487194,-0.44194212827727447,0.00051795504148495453,trajectory reached the configured collision radius
16,149,0.78947428318726287,-0.71133333333333337,fraction,250,0,collision,nan,0,34.238000353196924,0.065053828999999994,0.001,9.9999999999999995e-07,1.776097070334465,-0.44194212827222495,0.0005179593501308873,trajectory reached the configured collision radius
16,150,0.78948146210809278,-0.71133333333333337,fraction,250,0,collision,nan,0,34.242138303047078,0.058927027999999999,0.001,9.9999999999999995e-07,1.7761091308473682,-0.4419421282671615,0.00051796367020872085,trajectory reached the configured collision radius
16,151,0.78948864102892258,-0.71133333333333337,fraction,250,0,collision,nan,0,34.246302223924467,0.051190618,0.0010000000000000007,1.0000000000000014e-06,1.7761212600516241,-0.44194212826208495,0.00051796800172381613,trajectory reached the configured collision radius
17,133,0.78935942045398599,-0.69516666666666671,fraction,250,0,collision,nan,0,34.185898443549014,0.038497417999999999,0.001000000000000002,1.000000000000004e-06,1.7757333278011584,-0.4419421283801977,0.00051786721558617064,trajectory reached the configured collision radius
17,134,0.78936659937481579,-0.69516666666666671,fraction,250,0,collision,nan,0,34.18966652455763,0.068001967999999996,0.0010000000000000065,1.0000000000000131e-06,1.7757458365842269,-0.44194212837497954,0.00051787166862452591,trajectory reached the configured collision radius
17,135,0.78937377829564559,-0.69516666666666671,fraction,250,0,collision,nan,0,34.193456265888699,0.043090942,0.0010000000000000005,1.000000000000001e-06,1.775758413584853,-0.4419421283697485,0.00051787613264380047,trajectory reached the configured collision radius
17,136,0.78938095721647539,-0.69516666666666671,fraction,250,0,collision,nan,0,34.197267912071005,0.051151348999999999,0.001,9.9999999999999995e-07,1.7757710588348119,-0.44194212836450458,0.00051788060764025091,trajectory reached the configured collision radius
17,137,0.78938813613730519,-0.69516666666666671,fraction,250,0,collision,nan,0,34.201101711713122,0.059774503,0.0010000000000000013,1.0000000000000027e-06,1.775783772364085,-0.44194212835924773,0.00051788509361017272,trajectory reached the configured collision radius
17,138,0.78939531505813509,-0.69516666666666671,fraction,250,0,collision,nan,0,34.204957917594996,0.048318295999999997,0.0010000000000000111,1.0000000000000222e-06,1.7757965542008525,-0.44194212835397795,0.00051788959054998673,trajectory reached the configured collision radius
17,139,0.78940249397896489,-0.69516666666666671,fraction,250,0,collision,nan,0,34.208836786755747,0.054092162999999999,0.0010000000000000009,1.0000000000000019e-06,1.7758094043716064,-0.44194212834869528,0.00051789409845624833,trajectory reached the configured collision radius
17,140,0.78940967289979469,-0.69516666666666671,fraction,250,0,collision,nan,0,34.212738580592848,0.061356499000000002,0.001,9.9999999999999995e-07,1.7758223229010224,-0.44194212834339985,0.00051789861732566252,trajectory reached the configured collision radius
17,141,0.78941685182062449,-0.69516666666666671,fraction,250,0,collision,nan,0,34.216663564955873,0.055539944000000001,0.0010000000000000002,1.0000000000000004e-06,1.7758353098121262,-0.44194212833809138,0.00051790314715513585,trajectory reached the configured collision radius
17,142,0.78942403074145429,-0.69516666666666671,fraction,250,0,collision,nan,0,34.220612010247784,0.042218240999999997,0.0010000000000000039,1.0000000000000078e-06,1.775848365126161,-0.44194212833277013,0.00051790768794177631,trajectory reached the configured collision radius
17,143,0.78943120966228408,-0.69516666666666671,fraction,250,0,collision,nan,0,34.224584191526773,0.037937617,0.0010000000000000057,1.0000000000000114e-06,1.775861488862722,-0.44194212832743612,0.00051791223968292535,trajectory reached the configured collision radius
17,144,0.78943838858311388,-0.69516666666666671,fraction,250,0,collision,nan,0,34.228580388612549,0.062028370999999999,0.0010000000000000005,1.000000000000001e-06,1.7758746810397659,-0.44194212832208901,0.00051791680237623793,trajectory reached the configured collision radius
17,145,0.78944556750394368,-0.69516666666666671,fraction,250,0,collision,nan,0,34.23260088619449,0.036817362999999999,0.001,9.9999999999999995e-07,1.7758879416735982,-0.4419421283167293,0.0005179213760196274,trajectory reached the configured collision radius
17,146,0.78945274642477348,-0.69516666666666671,fraction,250,0,collision,nan,0,34.236645973940526,0.048160216999999998,0.001,9.9999999999999995e-07,1.7759012707789856,-0.44194212831135665,0.00051792596061142593,trajectory reached the configured collision radius
17,147,0.78945992534560328,-0.69516666666666671,fraction,250,0,collision,nan,0,34.240715946615985,0.044790799999999999,0.0010000000000000031,1.0000000000000061e-06,1.7759146683690852,-0.44194212830597074,0.00051793055615026212,trajectory reached the configured collision radius
17,148,0.78946710426643307,-0.69516666666666671,fraction,250,0,collision,nan,0,34.244811104198334,0.049248246000000002,0.0010000000000000085,1.0000000000000169e-06,1.775928134455649,-0.44194212830057195,0.00051793516263525018,trajectory reached the configured collision radius
17,149,0.78947428318726287,-0.69516666666666671,fraction,250,0,collision,nan,0,34.248931751998228,0.061221680000000001,0.0010000000000000013,1.0000000000000027e-06,1.7759416690489469,-0.44194212829516094,0.00051793978006596183,trajectory reached the configured collision radius
17,150,0.78948146210809278,-0.69516666666666671,fraction,250,0,collision,nan,0,34.253078200786398,0.047558970999999998,0.001,9.9999999999999995e-07,1.7759552721578842,-0.44194212828973617,0.00051794440844248643,trajectory reached the configured collision radius
17,151,0.78948864102892258,-0.69516666666666671,fraction,250,0,collision,nan,0,34.257250766919483,0.065019213000000006,0.001,9.9999999999999995e-07,1.7759689437900772,-0.4419421282842993,0.00051794904776545205,trajectory reached the configured collision radius
18,133,0.78935942045398599,-0.67900000000000005,fraction,250,0,collision,nan,0,34.196739222849558,0.069921752000000004,0.0010000000000000002,1.0000000000000004e-06,1.7755638438491044,-0.44194212840628166,0.00051784495534210376,trajectory reached the configured collision radius
18,134,0.78936659937481579,-0.67900000000000005,fraction,250,0,collision,nan,0,34.200513966573197,0.059444349,0.0010000000000000046,1.0000000000000091e-06,1.7755778500317965,-0.4419421284007099,0.00051784971038628411,trajectory reached the configured collision radius
18,135,0.78937377829564559,-0.67900000000000005,fraction,250,0,collision,nan,0,34.204310473302868,0.065888271999999998,0.0010000000000000031,1.0000000000000061e-06,1.7755919243965124,-0.44194212839512542,0.00051785447598243467,trajectory reached the configured collision radius
18,136,0.78938095721647539,-0.67900000000000005,fraction,250,0,collision,nan,0,34.208128989893915,0.066603914,0.001,9.9999999999999995e-07,1.7756060669585678,-0.44194212838952923,0.00051785925212227072,trajectory reached the configured collision radius
18,137,0.78938813613730519,-0.67900000000000005,fraction,250,0,collision,nan,0,34.211969767349174,0.069418033000000004,0.001,9.9999999999999995e-07,1.7756202777314536,-0.44194212838392005,0.00051786403879761653,trajectory reached the configured collision radius
18,138,0.78939531505813509,-0.67900000000000005,fraction,250,0,collision,nan,0,34.215833060909119,0.037258255999999997,0.0010000000000000024,1.0000000000000048e-06,1.7756345567268141,-0.44194212837829877,0.00051786883600036528,trajectory reached the configured collision radius
18,139,0.78940249397896489,-0.67900000000000005,fraction,250,0,collision,nan,0,34.219719130145663,0.042257722999999997,0.0010000000000000074,1.0000000000000148e-06,1.775648903954449,-0.44194212837266506,0.00051787364372256122,trajectory reached the configured collision radius
18,140,0.78940967289979469,-0.67900000000000005,fraction,250,0,collision,nan,0,34.2236282390611,0.036581651,0.0010000000000000005,1.000000000000001e-06,1.7756633194223608,-0.44194212836701924,0.00051787846195639451,trajectory reached the configured collision radius
18,141,0.78941685182062449,-0.67900000000000005,fraction,250,0,collision,nan,0,34.227560656186704,0.053144835000000001,0.001,9.9999999999999995e-07,1.7756778031368239,-0.44194212836136065,0.00051788329069427867,trajectory reached the configured collision radius
18,142,0.78942403074145429,-0.67900000000000005,fraction,250,0,collision,nan,0,34.231516654683396,0.035925173999999997,0.0010000000000000002,1.0000000000000004e-06,1.7756923551023098,-0.4419421283556898,0.00051788812992880316,trajectory reached the configured collision radius
18,143,0.78943120966228408,-0.67900000000000005,fraction,250,0,collision,nan,0,34.235496512450183,0.046191021999999998,0.0010000000000000048,1.0000000000000095e-06,1.7757069753215546,-0.4419421283500064,0.00051789297965284229,trajectory reached the configured collision radius
18,144,0.78943838858311388,-0.67900000000000005,fraction,250,0,collision,nan,0,34.23950051222991,0.069013767000000004,0.0010000000000000048,1.0000000000000095e-06,1.7757216637956457,-0.44194212834431112,0.00051789783985954217,trajectory reached the configured collision radius
18,145,0.78944556750394368,-0.67900000000000005,fraction,250,0,collision,nan,0,34.243528941721657,0.061516836999999998,0.0010000000000000002,1.0000000000000004e-06,1.7757364205240311,-0.44194212833860302,0.0005179027105423617,trajectory reached the configured collision radius
18,146,0.78945274642477348,-0.67900000000000005,fraction,250,0,collision,nan,0,34.247582093694852,0.050782321999999998,0.001,9.9999999999999995e-07,1.7757512455045039,-0.44194212833288316,0.00051790759169515063,trajectory reached the configured collision radius
18,147,0.78945992534560328,-0.67900000000000005,fraction,250,0,collision,nan,0,34.251660266106569,0.044281755999999999,0.001,9.9999999999999995e-07,1.7757661387333965,-0.44194212832715041,0.00051791248331212669,trajectory reached the configured collision radius
18,148,0.78946710426643307,-0.67900000000000005,fraction,250,0,collision,nan,0,34.255763762222855,0.037286463999999998,0.0010000000000000028,1.0000000000000057e-06,1.7757811002054802,-0.44194212832140578,0.00051791738538797144,trajectory reached the configured collision radius
18,149,0.78947428318726287,-0.67900000000000005,fraction,250,0,collision,nan,0,34.259892890744318,0.067087985000000003,0.0010000000000000098,1.0000000000000196e-06,1.7757961299141554,-0.44194212831564839,0.0005179222979178708,trajectory reached the configured collision radius
18,150,0.78948146210809278,-0.67900000000000005,fraction,250,0,collision,nan,0,34.264047965932299,0.038271607999999999,0.0010000000000000018,1.0000000000000036e-06,1.7758112278514731,-0.44194212830987945,0.00051792722089751355,trajectory reached the configured collision radius
18,151,0.78948864102892258,-0.67900000000000005,fraction,250,0,collision,nan,0,34.268229307742672,0.040072130999999997,0.001,9.9999999999999995e-07,1.7758263940081627,-0.44194212830409785,0.00051793215432321027,trajectory reached the configured collision radius
19,133,0.78935942045398599,-0.66283333333333339,fraction,250,0,collision,nan,0,34.207616070122242,0.040475787999999999,0.001,9.9999999999999995e-07,1.7754044901107318,-0.44194212842978919,0.00051782489297334366,trajectory reached the configured collision radius
19,134,0.78936659937481579,-0.66283333333333339,fraction,250,0,collision,nan,0,34.211397573999136,0.042676753999999997,0.0010000000000000005,1.000000000000001e-06,1.7754199502773913,-0.44194212842387848,0.00051782993715530337,trajectory reached the configured collision radius
19,135,0.78937377829564559,-0.66283333333333339,fraction,250,0,collision,nan,0,34.215200945634443,0.050197971000000001,0.0010000000000000083,1.0000000000000165e-06,1.7754354784484978,-0.44194212841795638,0.00051783499144667866,trajectory reached the configured collision radius
19,136,0.78938095721647539,-0.66283333333333339,fraction,250,0,collision,nan,0,34.21902643426435,0.035724765999999998,0.0010000000000000015,1.0000000000000031e-06,1.7754510746237202,-0.44194212841202246,0.00051784005583495048,trajectory reached the configured collision radius
19,137,0.78938813613730519,-0.66283333333333339,fraction,250,0,collision,nan,0,34.222874293338528,0.049317812000000003,0.001,9.9999999999999995e-07,1.775466738800823,-0.44194212840607638,0.00051784513030769558,trajectory reached the configured collision radius
19,138,0.78939531505813509,-0.66283333333333339,fraction,250,0,collision,nan,0,34.226744780616407,0.060180997999999999,0.0010000000000000002,1.0000000000000004e-06,1.7754824709756691,-0.44194212840011865,0.00051785021485258444,trajectory reached the configured collision radius
19,139,0.78940249397896489,-0.66283333333333339,fraction,250,0,collision,nan,0,34.230638158260696,0.047409837000000003,0.0010000000000000035,1.0000000000000069e-06,1.7754982711422667,-0.44194212839414904,0.00051785530945741294,trajectory reached the configured collision radius
19,140,0.78940967289979469,-0.66283333333333339,fraction,250,0,collision,nan,0,34.234554692938531,0.038297552999999998,0.0010000000000000052,1.0000000000000105e-06,1.7755141392927984,-0.44194212838816743,0.00051786041411019479,trajectory reached the configured collision radius
19,141,0.78941685182062449,-0.66283333333333339,fraction,250,0,collision,nan,0,34.238494655924193,0.036383077999999999,0.0010000000000000002,1.0000000000000004e-06,1.7755300754176737,-0.44194212838217434,0.0005178655287990839,trajectory reached the configured collision radius
19,142,0.78942403074145429,-0.66283333333333339,fraction,250,0,collision,nan,0,34.242458323202179,0.051063355999999997,0.001,9.9999999999999995e-07,1.7755460795054823,-0.44194212837616903,0.00051787065351250109,trajectory reached the configured collision radius
19,143,0.78943120966228408,-0.66283333333333339,fraction,250,0,collision,nan,0,34.246445975576833,0.040170128999999999,0.0010000000000000005,1.000000000000001e-06,1.7755621515430817,-0.4419421283701519,0.00051787578823911525,trajectory reached the configured collision radius
19,144,0.78943838858311388,-0.66283333333333339,fraction,250,0,collision,nan,0,34.250457898782926,0.056482030000000003,0.001000000000000005,1.0000000000000101e-06,1.7755782915156901,-0.44194212836412333,0.00051788093296792511,trajectory reached the configured collision radius
19,145,0.78944556750394368,-0.66283333333333339,fraction,250,0,collision,nan,0,34.254494383600296,0.044226596999999999,0.0010000000000000048,1.0000000000000095e-06,1.7755944994069051,-0.441942128358083,0.00051788608768824041,trajectory reached the configured collision radius
19,146,0.78945274642477348,-0.66283333333333339,fraction,250,0,collision,nan,0,34.258555725970609,0.059412856999999999,0.0010000000000000005,1.000000000000001e-06,1.7756107751986634,-0.44194212835203067,0.00051789125238976298,trajectory reached the configured collision radius
19,147,0.78945992534560328,-0.66283333333333339,fraction,250,0,collision,nan,0,34.262642227118462,0.069686836000000002,0.001,9.9999999999999995e-07,1.7756271188714783,-0.44194212834596686,0.00051789642706263276,trajectory reached the configured collision radius
19,148,0.78946710426643307,-0.66283333333333339,fraction,250,0,collision,nan,0,34.266754193677407,0.054297603999999999,0.001,9.9999999999999995e-07,1.7756435304043592,-0.4419421283398911,0.00051790161169746002,trajectory reached the configured collision radius
19,149,0.78947428318726287,-0.66283333333333339,fraction,250,0,collision,nan,0,34.27089193781503,0.041066217000000002,0.0010000000000000022,1.0000000000000044e-06,1.7756600097749673,-0.44194212833380336,0.00051790680628536969,trajectory reached the configured collision radius
19,150,0.78948146210809278,-0.66283333333333339,fraction,250,0,collision,nan,0,34.275055777369019,0.055088623000000003,0.0010000000000000106,1.0000000000000213e-06,1.775676556959723,-0.44194212832770419,0.00051791201081805482,trajectory reached the configured collision radius
19,151,0.78948864102892258,-0.66283333333333339,fraction,250,0,collision,nan,0,34.279246035978225,0.049281521000000002,0.0010000000000000026,1.0000000000000052e-06,1.7756931719337907,-0.44194212832159341,0.00051791722528784969,trajectory reached the configured collision radius
20,133,0.78935942045398599,-0.64666666666666672,fraction,250,0,collision,nan,0,34.218536384789708,0.07018597,0.0010000000000000005,1.000000000000001e-06,1.7752548509528594,-0.44194212845083142,0.00051780693381773266,trajectory reached the configured collision radius
20,134,0.78936659937481579,-0.64666666666666672,fraction,250,0,collision,nan,0,34.22232475405535,0.056845039999999999,0.001,9.9999999999999995e-07,1.7752717234308957,-0.44194212844459718,0.0005178122548148735,trajectory reached the configured collision radius
20,135,0.78937377829564559,-0.64666666666666672,fraction,250,0,collision,nan,0,34.226135098033616,0.051379134,0.0010000000000000011,1.0000000000000023e-06,1.7752886636025165,-0.44194212843835151,0.00051781758546639374,trajectory reached the configured collision radius
20,136,0.78938095721647539,-0.64666666666666672,fraction,250,0,collision,nan,0,34.22996766839686,0.038888841,0.0010000000000000111,1.0000000000000222e-06,1.7753056714524806,-0.44194212843209429,0.00051782292575578304,trajectory reached the configured collision radius
20,137,0.78938813613730519,-0.64666666666666672,fraction,250,0,collision,nan,0,34.233822721102221,0.068268036000000004,0.0010000000000000011,1.0000000000000023e-06,1.7753227469635458,-0.44194212842582553,0.00051782827566661911,trajectory reached the configured collision radius
20,138,0.78939531505813509,-0.64666666666666672,fraction,250,0,collision,nan,0,34.237700516485909,0.045925222000000002,0.001,9.9999999999999995e-07,1.775339890116669,-0.441942128419546,0.0005178336351826248,trajectory reached the configured collision radius
20,139,0.78940249397896489,-0.64666666666666672,fraction,250,0,collision,nan,0,34.241601319363667,0.036263512999999997,0.0010000000000000002,1.0000000000000004e-06,1.7753571008908433,-0.44194212841325464,0.00051783900428765582,trajectory reached the configured collision radius
20,140,0.78940967289979469,-0.64666666666666672,fraction,250,0,collision,nan,0,34.245525399131168,0.039029442999999997,0.0010000000000000046,1.0000000000000091e-06,1.775374379263295,-0.44194212840695196,0.00051784438296576766,trajectory reached the configured collision radius
20,141,0.78941685182062449,-0.64666666666666672,fraction,250,0,collision,nan,0,34.249473029871233,0.053872913000000001,0.0010000000000000046,1.0000000000000091e-06,1.7753917252094829,-0.4419421284006384,0.00051784977120120036,trajectory reached the configured collision radius
20,142,0.78942403074145429,-0.64666666666666672,fraction,250,0,collision,nan,0,34.253444490459337,0.041896946999999997,0.0010000000000000002,1.0000000000000004e-06,1.7754091387030326,-0.44194212839431329,0.00051785516897847575,trajectory reached the configured collision radius
20,143,0.78943120966228408,-0.64666666666666672,fraction,250,0,collision,nan,0,34.257440064676217,0.062278558999999997,0.001,9.9999999999999995e-07,1.7754266197158988,-0.44194212838797747,0.00051786057628237781,trajectory reached the configured collision radius
20,144,0.78943838858311388,-0.64666666666666672,fraction,250,0,collision,nan,0,34.261460041319523,0.064171852000000001,0.0010000000000000005,1.000000000000001e-06,1.7754441682184112,-0.44194212838163038,0.00051786599309803269,trajectory reached the configured collision radius
20,145,0.78944556750394368,-0.64666666666666672,fraction,250,0,collision,nan,0,34.265504714324841,0.042605470999999999,0.0010000000000000048,1.0000000000000095e-06,1.7754617841793208,-0.44194212837527158,0.00051787141941095263,trajectory reached the configured collision radius
20,146,0.78945274642477348,-0.64666666666666672,fraction,250,0,collision,nan,0,34.269574382883143,0.035658922000000003,0.0010000000000000057,1.0000000000000114e-06,1.7754794675658021,-0.44194212836890162,0.00051787685520701655,trajectory reached the configured collision radius
20,147,0.78945992534560328,-0.64666666666666672,fraction,250,0,collision,nan,0,34.273669351566184,0.038173169,0.0010000000000000005,1.000000000000001e-06,1.7754972183436273,-0.44194212836252089,0.00051788230047258551,trajectory reached the configured collision radius
20,148,0.78946710426643307,-0.64666666666666672,fraction,250,0,collision,nan,0,34.277789930456038,0.038682293,0.001,9.9999999999999995e-07,1.7755150364771792,-0.44194212835612895,0.0005178877551945424,trajectory reached the configured collision radius
20,149,0.78947428318726287,-0.64666666666666672,fraction,250,0,collision,nan,0,34.281936435273913,0.036025552000000002,0.001,9.9999999999999995e-07,1.7755329219296179,-0.44194212834972557,0.00051789321936031687,trajectory reached the configured collision radius
20,150,0.78948146210809278,-0.64666666666666672,fraction,250,0,collision,nan,0,34.286109187518683,0.043295984000000003,0.0010000000000000011,1.0000000000000023e-06,1.7755508746628319,-0.44194212834331154,0.00051789869295795397,trajectory reached the configured collision radius
20,151,0.78948864102892258,-0.64666666666666672,fraction,250,0,collision,nan,0,34.290308514604241,0.035732734000000002,0.001000000000000007,1.0000000000000139e-06,1.7755688946377499,-0.44194212833688573,0.00051790417597618579,trajectory reached the configured collision radius
21,133,0.78935942045398599,-0.63050000000000006,fraction,250,0,collision,nan,0,34.229507057962024,0.055286389999999998,0.0010000000000000048,1.0000000000000095e-06,1.7751145624240932,-0.44194212846950698,0.00051779099410618134,trajectory reached the configured collision radius
21,134,0.78936659937481579,-0.63050000000000006,fraction,250,0,collision,nan,0,34.233302405576865,0.037224739,0.0010000000000000002,1.0000000000000004e-06,1.7751328070388634,-0.44194212846296249,0.00051779658007201467,trajectory reached the configured collision radius
21,135,0.78937377829564559,-0.63050000000000006,fraction,250,0,collision,nan,0,34.23711983719415,0.053577192000000003,0.001,9.9999999999999995e-07,1.7751511189109626,-0.44194212845640707,0.00051780217522567049,trajectory reached the configured collision radius
21,136,0.78938095721647539,-0.63050000000000006,fraction,250,0,collision,nan,0,34.240959606982855,0.046147492999999998,0.0010000000000000015,1.0000000000000031e-06,1.7751694980108832,-0.44194212844984054,0.00051780777954692203,trajectory reached the configured collision radius
21,137,0.78938813613730519,-0.63050000000000006,fraction,250,0,collision,nan,0,34.244821973466927,0.054682893000000003,0.0010000000000000087,1.0000000000000173e-06,1.775187944307298,-0.44194212844326353,0.0005178133930156465,trajectory reached the configured collision radius
21,138,0.78939531505813509,-0.63050000000000006,fraction,250,0,collision,nan,0,34.248707199624555,0.051482917000000003,0.0010000000000000007,1.0000000000000014e-06,1.775206457766938,-0.44194212843667552,0.00051781901561183906,trajectory reached the configured collision radius
21,139,0.78940249397896489,-0.63050000000000006,fraction,250,0,collision,nan,0,34.252615552988033,0.044663994999999998,0.001,9.9999999999999995e-07,1.7752250383546995,-0.4419421284300768,0.00051782464731568983,trajectory reached the configured collision radius
21,140,0.78940967289979469,-0.63050000000000006,fraction,250,0,collision,nan,0,34.256547305751013,0.073735661999999993,0.0010000000000000002,1.0000000000000004e-06,1.775243686033716,-0.44194212842346775,0.00051783028810757799,trajectory reached the configured collision radius
21,141,0.78941685182062449,-0.63050000000000006,fraction,250,0,collision,nan,0,34.26050273487273,0.043683171,0.0010000000000000048,1.0000000000000095e-06,1.7752624007653361,-0.44194212841684749,0.000517835937968132,trajectory reached the configured collision radius
21,142,0.78942403074145429,-0.63050000000000006,fraction,250,0,collision,nan,0,34.264482122192042,0.035231295000000003,0.0010000000000000046,1.0000000000000091e-06,1.7752811825092163,-0.44194212841021696,0.00051784159687822621,trajectory reached the configured collision radius
21,143,0.78943120966228408,-0.63050000000000006,fraction,250,0,collision,nan,0,34.268485754538517,0.038625360999999997,0.0010000000000000002,1.0000000000000004e-06,1.7753000312233111,-0.44194212840357544,0.00051784726481908527,trajectory reached the configured collision radius
21,144,0.78943838858311388,-0.63050000000000006,fraction,250,0,collision,nan,0,34.272513923850589,0.045414507,0.001,9.9999999999999995e-07,1.7753189468641155,-0.44194212839692348,0.00051785294177227894,trajectory reached the configured collision radius
21,145,0.78944556750394368,-0.63050000000000006,fraction,250,0,collision,nan,0,34.276566927297658,0.039571000000000002,0.0010000000000000002,1.0000000000000004e-06,1.7753379293865055,-0.44194212839026048,0.00051785862771976522,trajectory reached the configured collision radius
21,146,0.78945274642477348,-0.63050000000000006,fraction,250,0,collision,nan,0,34.280645067400485,0.035603315000000003,0.0010000000000000035,1.0000000000000069e-06,1.775356978743998,-0.44194212838358765,0.00051786432264396638,trajectory reached the configured collision radius
21,147,0.78945992534560328,-0.63050000000000006,fraction,250,0,collision,nan,0,34.284748652163472,0.041186593000000001,0.0010000000000000078,1.0000000000000156e-06,1.7753760948887207,-0.44194212837690355,0.00051787002652780602,trajectory reached the configured collision radius
21,148,0.78946710426643307,-0.63050000000000006,fraction,250,0,collision,nan,0,34.288877995202618,0.038429299,0.0010000000000000011,1.0000000000000023e-06,1.7753952777715538,-0.44194212837020935,0.00051787573935473249,trajectory reached the configured collision radius
21,149,0.78947428318726287,-0.63050000000000006,fraction,250,0,collision,nan,0,34.293033415883123,0.038554491000000003,0.001,9.9999999999999995e-07,1.7754145273422905,-0.44194212836350427,0.00051788146110884564,trajectory reached the configured collision radius
21,150,0.78948146210809278,-0.63050000000000006,fraction,250,0,collision,nan,0,34.297215239456996,0.040425203,0.001,9.9999999999999995e-07,1.7754338435496264,-0.44194212835678898,0.00051788719177486365,trajectory reached the configured collision radius
21,151,0.78948864102892258,-0.63050000000000006,fraction,250,0,collision,nan,0,34.301423797209601,0.068959327000000001,0.0010000000000000005,1.000000000000001e-06,1.7754532263413558,-0.44194212835006313,0.00051789293133826112,trajectory reached the configured collision radius
22,133,0.78935942045398599,-0.6143333333333334,fraction,250,0,collision,nan,0,34.240534566222991,0.035892447000000001,0.0010000000000000044,1.0000000000000086e-06,1.7749833045753871,-0.44194212848590392,0.0005177769993269226,trajectory reached the configured collision radius
22,134,0.78936659937481579,-0.6143333333333334,fraction,250,0,collision,nan,0,34.244337012866993,0.052512457999999998,0.0010000000000000033,1.0000000000000065e-06,1.7750028824411626,-0.44194212847906206,0.00051778283883192357,trajectory reached the configured collision radius
22,135,0.78937377829564559,-0.6143333333333334,fraction,250,0,collision,nan,0,34.248161655274764,0.042656779999999998,0.001,9.9999999999999995e-07,1.7750225270097515,-0.44194212847221009,0.00051778868704766706,trajectory reached the configured collision radius
22,136,0.78938095721647539,-0.6143333333333334,fraction,250,0,collision,nan,0,34.252008750174625,0.068612863999999996,0.0010000000000000002,1.0000000000000004e-06,1.7750422382382449,-0.44194212846534814,0.00051779454395042704,trajectory reached the configured collision radius
22,137,0.78938813613730519,-0.6143333333333334,fraction,250,0,collision,nan,0,34.255878558722763,0.055521350999999997,0.001000000000000002,1.000000000000004e-06,1.7750620160819157,-0.44194212845847591,0.00051780040951662711,trajectory reached the configured collision radius
22,138,0.78939531505813509,-0.6143333333333334,fraction,250,0,collision,nan,0,34.259771346605021,0.048858289999999999,0.001000000000000008,1.000000000000016e-06,1.7750818604941767,-0.4419421284515932,0.00051780628372283916,trajectory reached the configured collision radius
22,139,0.78940249397896489,-0.6143333333333334,fraction,250,0,collision,nan,0,34.26368738414088,0.064660660999999994,0.0010000000000000007,1.0000000000000014e-06,1.7751017714266564,-0.44194212844470043,0.00051781216654580458,trajectory reached the configured collision radius
22,140,0.78940967289979469,-0.6143333333333334,fraction,250,0,collision,nan,0,34.267626946389754,0.051965266000000003,0.001,9.9999999999999995e-07,1.7751217488291946,-0.44194212843779784,0.00051781805796253806,trajectory reached the configured collision radius
22,141,0.78941685182062449,-0.6143333333333334,fraction,250,0,collision,nan,0,34.271590313263772,0.036068879999999998,0.0010000000000000002,1.0000000000000004e-06,1.7751417926500304,-0.4419421284308846,0.0005178239579502927,trajectory reached the configured collision radius
22,142,0.78942403074145429,-0.6143333333333334,fraction,250,0,collision,nan,0,34.275577769638645,0.038758289000000001,0.0010000000000000041,1.0000000000000082e-06,1.7751619028357015,-0.44194212842396169,0.00051782986648663139,trajectory reached the configured collision radius
22,143,0.78943120966228408,-0.6143333333333334,fraction,250,0,collision,nan,0,34.27958960547182,0.038361549000000002,0.0010000000000000057,1.0000000000000114e-06,1.7751820793312367,-0.44194212841702868,0.00051783578354946589,trajectory reached the configured collision radius
22,144,0.78943838858311388,-0.6143333333333334,fraction,250,0,collision,nan,0,34.283626115923141,0.053492476999999997,0.0010000000000000005,1.000000000000001e-06,1.7752023220801587,-0.44194212841008523,0.0005178417091170922,trajectory reached the configured collision radius
22,145,0.78944556750394368,-0.6143333333333334,fraction,250,0,collision,nan,0,34.287687601477302,0.036426031999999997,0.001,9.9999999999999995e-07,1.7752226310246422,-0.44194212840313207,0.00051784764316829119,trajectory reached the configured collision radius
22,146,0.78945274642477348,-0.6143333333333334,fraction,250,0,collision,nan,0,34.291774368073455,0.040656432999999999,0.001,9.9999999999999995e-07,1.7752430061054907,-0.44194212839616892,0.00051785358568227956,trajectory reached the configured collision radius
22,147,0.78945992534560328,-0.6143333333333334,fraction,250,0,collision,nan,0,34.295886727234098,0.059165210000000003,0.001000000000000002,1.000000000000004e-06,1.7752634472623343,-0.44194212838919572,0.00051785953663885593,trajectory reached the configured collision radius
22,148,0.78946710426643307,-0.6143333333333334,fraction,250,0,collision,nan,0,34.300024996202424,0.035377435999999998,0.0010000000000000111,1.0000000000000222e-06,1.7752839544337304,-0.44194212838221247,0.00051786549601840924,trajectory reached the configured collision radius
22,149,0.78947428318726287,-0.6143333333333334,fraction,250,0,collision,nan,0,34.30418949808093,0.042515206,0.0010000000000000024,1.0000000000000048e-06,1.775304527557253,-0.44194212837521935,0.00051787146380197387,trajectory reached the configured collision radius
22,150,0.78948146210809278,-0.6143333333333334,fraction,250,0,collision,nan,0,34.30838056197463,0.036054366999999997,0.001,9.9999999999999995e-07,1.7753251665696128,-0.44194212836821656,0.00051787743997134237,trajectory reached the configured collision radius
22,151,0.78948864102892258,-0.6143333333333334,fraction,250,0,collision,nan,0,34.312598523139741,0.036892965999999999,0.001,9.9999999999999995e-07,1.7753458714068096,-0.44194212836120378,0.0005178834245090642,trajectory reached the configured collision radius
23,133,0.78935942045398599,-0.59816666666666674,fraction,250,0,collision,nan,0,34.251625048649785,0.03536736,0.0010000000000000002,1.0000000000000004e-06,1.7748607952060411,-0.44194212850009895,0.0005177648828908109,trajectory reached the configured collision radius
23,134,0.78936659937481579,-0.59816666666666674,fraction,250,0,collision,nan,0,34.25543472277441,0.052294602000000003,0.0010000000000000054,1.000000000000011e-06,1.7748816685462911,-0.44194212849297343,0.00051777096487177121,trajectory reached the configured collision radius
23,135,0.78937377829564559,-0.59816666666666674,fraction,250,0,collision,nan,0,34.259266707034044,0.035240961000000001,0.0010000000000000028,1.0000000000000057e-06,1.774902607923305,-0.44194212848583858,0.00051777705507673199,trajectory reached the configured collision radius
23,136,0.78938095721647539,-0.59816666666666674,fraction,250,0,collision,nan,0,34.263121260783016,0.036494437999999997,0.001,9.9999999999999995e-07,1.7749236132815456,-0.44194212847869335,0.00051778315347873315,trajectory reached the configured collision radius
23,137,0.78938813613730519,-0.59816666666666674,fraction,250,0,collision,nan,0,34.266998647878459,0.035913598999999997,0.0010000000000000002,1.0000000000000004e-06,1.7749446845637094,-0.44194212847153874,0.00051778926005099164,trajectory reached the configured collision radius
23,138,0.78939531505813509,-0.59816666666666674,fraction,250,0,collision,nan,0,34.270899136783328,0.056226090999999999,0.001000000000000002,1.000000000000004e-06,1.7749658217106563,-0.44194212846437497,0.00051779537476688423,trajectory reached the configured collision radius
23,139,0.78940249397896489,-0.59816666666666674,fraction,250,0,collision,nan,0,34.274823000676911,0.038050110999999998,0.0010000000000000087,1.0000000000000173e-06,1.7749870246616135,-0.44194212845720088,0.00051780149760002924,trajectory reached the configured collision radius
23,140,0.78940967289979469,-0.59816666666666674,fraction,250,0,collision,nan,0,34.278770517560908,0.042701429999999999,0.0010000000000000007,1.0000000000000014e-06,1.7750082933540829,-0.44194212845001762,0.00051780762852426541,trajectory reached the configured collision radius
23,141,0.78941685182062449,-0.59816666666666674,fraction,250,0,collision,nan,0,34.282741970374865,0.059678929999999998,0.001,9.9999999999999995e-07,1.7750296277239987,-0.4419421284428246,0.00051781376751379557,trajectory reached the configured collision radius
23,142,0.78942403074145429,-0.59816666666666674,fraction,250,0,collision,nan,0,34.28673764711278,0.068072672000000001,0.001,9.9999999999999995e-07,1.7750510277058171,-0.44194212843562231,0.0005178199145431144,trajectory reached the configured collision radius
23,143,0.78943120966228408,-0.59816666666666674,fraction,250,0,collision,nan,0,34.290757840941701,0.067086987000000001,0.0010000000000000028,1.0000000000000057e-06,1.7750724932325137,-0.44194212842841063,0.00051782606958713378,trajectory reached the configured collision radius
23,144,0.78943838858311388,-0.59816666666666674,fraction,250,0,collision,nan,0,34.294802850326597,0.059219800000000003,0.0010000000000000083,1.0000000000000165e-06,1.7750940242357847,-0.44194212842118924,0.00051783223262121501,trajectory reached the configured collision radius
23,145,0.78944556750394368,-0.59816666666666674,fraction,250,0,collision,nan,0,34.298872979157458,0.036740241999999999,0.0010000000000000011,1.0000000000000023e-06,1.7751156206459731,-0.44194212841395841,0.0005178384036211446,trajectory reached the configured collision radius
23,146,0.78945274642477348,-0.59816666666666674,fraction,250,0,collision,nan,0,34.30296853687927,0.038133971000000003,0.001,9.9999999999999995e-07,1.7751372823924003,-0.44194212840671843,0.0005178445825633276,trajectory reached the configured collision radius
23,147,0.78945992534560328,-0.59816666666666674,fraction,250,0,collision,nan,0,34.307089838628173,0.036273598999999997,0.001,9.9999999999999995e-07,1.7751590094032597,-0.44194212839946889,0.00051785076942472189,trajectory reached the configured collision radius
23,148,0.78946710426643307,-0.59816666666666674,fraction,250,0,collision,nan,0,34.311237205370752,0.039920483999999999,0.0010000000000000007,1.0000000000000014e-06,1.7751808016059261,-0.44194212839221009,0.00051785696418297361,trajectory reached the configured collision radius
23,149,0.78947428318726287,-0.59816666666666674,fraction,250,0,collision,nan,0,34.315410964045775,0.069953123000000006,0.0010000000000000057,1.0000000000000114e-06,1.7752026589269401,-0.44194212838494196,0.00051786316681640685,trajectory reached the configured collision radius
23,150,0.78948146210809278,-0.59816666666666674,fraction,250,0,collision,nan,0,34.319611447714315,0.045678366999999997,0.0010000000000000059,1.0000000000000118e-06,1.7752245812922296,-0.44194212837766439,0.00051786937730418151,trajectory reached the configured collision radius
23,151,0.78948864102892258,-0.59816666666666674,fraction,250,0,collision,nan,0,34.323838995709096,0.046977531000000003,0.0010000000000000011,1.0000000000000023e-06,1.7752465686272541,-0.44194212837037783,0.00051787559562627573,trajectory reached the configured collision radius
24,133,0.78935942045398599,-0.58199999999999996,fraction,250,0,collision,nan,0,34.26278437081961,0.041746192000000001,0.001,9.9999999999999995e-07,1.7747467847237282,-0.44194212851216375,0.00051775458503193006,trajectory reached the configured collision radius
24,134,0.78936659937481579,-0.58199999999999996,fraction,250,0,collision,nan,0,34.266601408751526,0.042967251999999997,0.0010000000000000002,1.0000000000000004e-06,1.7747689167155876,-0.44194212850476661,0.00051776089874814104,trajectory reached the configured collision radius
24,135,0.78937377829564559,-0.58199999999999996,fraction,250,0,collision,nan,0,34.270440873943613,0.051895742000000002,0.0010000000000000054,1.000000000000011e-06,1.7747911139728343,-0.44194212849736103,0.00051776722019282137,trajectory reached the configured collision radius
24,136,0.78938095721647539,-0.58199999999999996,fraction,250,0,collision,nan,0,34.274303028444123,0.043111044000000001,0.0010000000000000033,1.0000000000000065e-06,1.7748133764280547,-0.44194212848994557,0.00051777354933600899,trajectory reached the configured collision radius
24,137,0.78938813613730519,-0.58199999999999996,fraction,250,0,collision,nan,0,34.278188138882285,0.035931038999999998,0.0010000000000000002,1.0000000000000004e-06,1.7748357040121649,-0.44194212848252112,0.00051777988614794528,trajectory reached the configured collision radius
24,138,0.78939531505813509,-0.58199999999999996,fraction,250,0,collision,nan,0,34.282096476575475,0.049088330999999999,0.001,9.9999999999999995e-07,1.774858096654381,-0.44194212847508829,0.00051778623059908974,trajectory reached the configured collision radius
24,139,0.78940249397896489,-0.58199999999999996,fraction,250,0,collision,nan,0,34.286028317636664,0.069810641000000007,0.0010000000000000013,1.0000000000000027e-06,1.7748805542823138,-0.44194212846764608,0.00051779258266013845,trajectory reached the configured collision radius
24,140,0.78940967289979469,-0.58199999999999996,fraction,250,0,collision,nan,0,34.289983943088593,0.036489727,0.0010000000000000113,1.0000000000000226e-06,1.7749030768220309,-0.44194212846019498,0.00051779894230211652,trajectory reached the configured collision radius
24,141,0.78941685182062449,-0.58199999999999996,fraction,250,0,collision,nan,0,34.293963638981289,0.045407119000000003,0.0010000000000000013,1.0000000000000027e-06,1.774925664198169,-0.44194212845273495,0.00051780530949636493,trajectory reached the configured collision radius
24,142,0.78942403074145429,-0.58199999999999996,fraction,250,0,collision,nan,0,34.297967696509289,0.035451757,0.001,9.9999999999999995e-07,1.7749483163339494,-0.44194212844526565,0.00051781168421462633,trajectory reached the configured collision radius
24,143,0.78943120966228408,-0.58199999999999996,fraction,250,0,collision,nan,0,34.301996412135956,0.042615921000000001,0.001,9.9999999999999995e-07,1.7749710331513784,-0.44194212843778774,0.00051781806642908811,trajectory reached the configured collision radius
24,144,0.78943838858311388,-0.58199999999999996,fraction,250,0,collision,nan,0,34.30605008772158,0.038060705,0.0010000000000000013,1.0000000000000027e-06,1.7749938145712283,-0.44194212843030106,0.00051782445611240485,trajectory reached the configured collision radius
24,145,0.78944556750394368,-0.58199999999999996,fraction,250,0,collision,nan,0,34.310129030652099,0.062394199999999997,0.0010000000000000093,1.0000000000000186e-06,1.7750166605132207,-0.44194212842280522,0.00051783085323778711,trajectory reached the configured collision radius
24,146,0.78945274642477348,-0.58199999999999996,fraction,250,0,collision,nan,0,34.31423355397537,0.050685942999999997,0.0010000000000000026,1.0000000000000052e-06,1.7750395708961149,-0.44194212841530112,0.000517837257779023,trajectory reached the configured collision radius
24,147,0.78945992534560328,-0.58199999999999996,fraction,250,0,collision,nan,0,34.318363976538684,0.057531197999999999,0.0010000000000000002,1.0000000000000004e-06,1.7750625456379119,-0.44194212840778785,0.0005178436697105916,trajectory reached the configured collision radius
24,148,0.78946710426643307,-0.58199999999999996,fraction,250,0,collision,nan,0,34.322520623133023,0.03744886,0.001,9.9999999999999995e-07,1.7750855846558784,-0.44194212840026625,0.00051785008900768201,trajectory reached the configured collision radius
24,149,0.78947428318726287,-0.58199999999999996,fraction,250,0,collision,nan,0,34.326703824639402,0.051397078999999998,0.001,9.9999999999999995e-07,1.7751086878667646,-0.44194212839273572,0.0005178565156462525,trajectory reached the configured collision radius
24,150,0.78948146210809278,-0.58199999999999996,fraction,250,0,collision,nan,0,34.330913918181857,0.063623800999999994,0.001000000000000002,1.000000000000004e-06,1.7751318551869402,-0.44194212838519642,0.0005178629496031419,trajectory reached the configured collision radius
24,151,0.78948864102892258,-0.58199999999999996,fraction,250,0,collision,nan,0,34.335151247284088,0.067039300999999996,0.0010000000000000091,1.0000000000000182e-06,1.7751550865326671,-0.44194212837764862,0.00051786939085613187,trajectory reached the configured collision radius
25,133,0.78935942045398599,-0.5658333333333333,fraction,250,0,collision,nan,0,34.27401817863074,0.036113458000000001,0.0010000000000000015,1.0000000000000031e-06,1.7746410518842681,-0.44194212852216036,0.00051774605189411512,trajectory reached the configured collision radius
25,134,0.78936659937481579,-0.5658333333333333,fraction,250,0,collision,nan,0,34.277842724723172,0.052659801999999999,0.001,9.9999999999999995e-07,1.7746644065227752,-0.44194212851450448,0.00051775258688929694,trajectory reached the configured collision radius
25,135,0.78937377829564559,-0.5658333333333333,fraction,250,0,collision,nan,0,34.281689818100268,0.056082465999999997,0.0010000000000000002,1.0000000000000004e-06,1.7746878255557201,-0.44194212850684012,0.00051775912910942369,trajectory reached the configured collision radius
25,136,0.78938095721647539,-0.5658333333333333,fraction,250,0,collision,nan,0,34.285559723579084,0.046741834000000003,0.0010000000000000041,1.0000000000000082e-06,1.7747113089046458,-0.44194212849916703,0.00051776567852175885,trajectory reached the configured collision radius
25,137,0.78938813613730519,-0.5658333333333333,fraction,250,0,collision,nan,0,34.28945271063651,0.046054404,0.0010000000000000044,1.0000000000000086e-06,1.7747348564895238,-0.4419421284914854,0.00051777223509384674,trajectory reached the configured collision radius
25,138,0.78939531505813509,-0.5658333333333333,fraction,250,0,collision,nan,0,34.293369053519733,0.070246723999999997,0.001,9.9999999999999995e-07,1.7747584682287085,-0.44194212848379533,0.00051777879879342603,trajectory reached the configured collision radius
25,139,0.78940249397896489,-0.5658333333333333,fraction,250,0,collision,nan,0,34.297309031357322,0.047599793000000001,0.001,9.9999999999999995e-07,1.7747821440391149,-0.44194212847609715,0.00051778536958859193,trajectory reached the configured collision radius
25,140,0.78940967289979469,-0.5658333333333333,fraction,250,0,collision,nan,0,34.301272928276603,0.066040189999999999,0.0010000000000000007,1.0000000000000014e-06,1.774805883836291,-0.44194212846839043,0.00051779194744775185,trajectory reached the configured collision radius
25,141,0.78941685182062449,-0.5658333333333333,fraction,250,0,collision,nan,0,34.305261033521234,0.050779130999999998,0.0010000000000000074,1.0000000000000148e-06,1.7748296875344494,-0.44194212846067527,0.00051779853233970355,trajectory reached the configured collision radius
25,142,0.78942403074145429,-0.5658333333333333,fraction,250,0,collision,nan,0,34.309273641577043,0.061565910000000001,0.0010000000000000028,1.0000000000000057e-06,1.774853555046648,-0.44194212845295183,0.00051780512423368278,trajectory reached the configured collision radius
25,143,0.78943120966228408,-0.5658333333333333,fraction,250,0,collision,nan,0,34.313311052294431,0.058211409999999998,0.0010000000000000002,1.0000000000000004e-06,1.774877486284806,-0.44194212844521985,0.00051781172309942633,trajectory reached the configured collision radius
25,144,0.78943838858311388,-0.5658333333333333,fraction,250,0,collision,nan,0,34.317373571021754,0.068863150999999997,0.001,9.9999999999999995e-07,1.7749014811598804,-0.44194212843748021,0.00051781832890720016,trajectory reached the configured collision radius
25,145,0.78944556750394368,-0.5658333333333333,fraction,250,0,collision,nan,0,34.321461508739176,0.043127198999999998,0.0010000000000000005,1.000000000000001e-06,1.7749255395820032,-0.44194212842973218,0.00051782494162787751,trajectory reached the configured collision radius
25,146,0.78945274642477348,-0.5658333333333333,fraction,250,0,collision,nan,0,34.325575182196779,0.046336121000000001,0.0010000000000000041,1.0000000000000082e-06,1.7749496614605362,-0.44194212842197572,0.000517831561233001,trajectory reached the configured collision radius
25,147,0.78945992534560328,-0.5658333333333333,fraction,250,0,collision,nan,0,34.329714914056723,0.050458637000000001,0.0010000000000000072,1.0000000000000144e-06,1.7749738467042959,-0.44194212841421132,0.00051783818769481006,trajectory reached the configured collision radius
25,148,0.78946710426643307,-0.5658333333333333,fraction,250,0,collision,nan,0,34.333881033041372,0.040801564999999998,0.0010000000000000011,1.0000000000000023e-06,1.774998095221711,-0.44194212840643921,0.00051784482098636802,trajectory reached the configured collision radius
25,149,0.78947428318726287,-0.5658333333333333,fraction,250,0,collision,nan,0,34.338073874084408,0.062942430999999993,0.001,9.9999999999999995e-07,1.7750224069209231,-0.44194212839865826,0.00051785146108159798,trajectory reached the configured collision radius
25,150,0.78948146210809278,-0.5658333333333333,fraction,250,0,collision,nan,0,34.342293778488134,0.050097261999999997,0.001,9.9999999999999995e-07,1.7750467817100488,-0.44194212839086972,0.00051785810795535131,trajectory reached the configured collision radius
25,151,0.78948864102892258,-0.5658333333333333,fraction,250,0,collision,nan,0,34.346541094083548,0.060444616999999999,0.0010000000000000002,1.0000000000000004e-06,1.7750712194973099,-0.44194212838307312,0.00051786476158350247,trajectory reached the configured collision radius
26,133,0.78935942045398599,-0.54966666666666664,fraction,250,0,collision,nan,0,34.285331944078607,0.063729411,0.0010000000000000067,1.0000000000000135e-06,1.7745434002324063,-0.4419421285301468,0.00051773923476568489,trajectory reached the configured collision radius
26,134,0.78936659937481579,-0.54966666666666664,fraction,250,0,collision,nan,0,34.289164150907574,0.053854164000000003,0.0010000000000000024,1.0000000000000048e-06,1.7745679422113334,-0.44194212852224363,0.00051774598083465537,trajectory reached the configured collision radius
26,135,0.78937377829564559,-0.54966666666666664,fraction,250,0,collision,nan,0,34.293019028098755,0.057890986999999998,0.0010000000000000002,1.0000000000000004e-06,1.7745925476196749,-0.44194212851433273,0.00051775273361779684,trajectory reached the configured collision radius
26,136,0.78938095721647539,-0.54966666666666664,fraction,250,0,collision,nan,0,34.296896843312268,0.069055642,0.001,9.9999999999999995e-07,1.7746172163686726,-0.4419421285064134,0.00051775949307988987,trajectory reached the configured collision radius
26,137,0.78938813613730519,-0.54966666666666664,fraction,250,0,collision,nan,0,34.300797868954312,0.038121118000000002,0.0010000000000000026,1.0000000000000052e-06,1.7746419483681828,-0.4419421284984868,0.00051776625918597402,trajectory reached the configured collision radius
26,138,0.78939531505813509,-0.54966666666666664,fraction,250,0,collision,nan,0,34.304722382283252,0.041223685000000003,0.0010000000000000072,1.0000000000000144e-06,1.7746667435265966,-0.44194212849055192,0.00051777303190138021,trajectory reached the configured collision radius
26,139,0.78940249397896489,-0.54966666666666664,fraction,250,0,collision,nan,0,34.308670665528425,0.050595999000000003,0.0010000000000000007,1.0000000000000014e-06,1.7746916017510621,-0.44194212848260933,0.00051777981119179289,trajectory reached the configured collision radius
26,140,0.78940967289979469,-0.54966666666666664,fraction,250,0,collision,nan,0,34.312643006007882,0.045197481999999997,0.001,9.9999999999999995e-07,1.7747165229474695,-0.44194212847465897,0.00051778659702329767,trajectory reached the configured collision radius
26,141,0.78941685182062449,-0.54966666666666664,fraction,250,0,collision,nan,0,34.316639696250895,0.05041358,0.001,9.9999999999999995e-07,1.7747415070206058,-0.44194212846670106,0.00051779338936239823,trajectory reached the configured collision radius
26,142,0.78942403074145429,-0.54966666666666664,fraction,250,0,collision,nan,0,34.320661034124392,0.041363173000000003,0.0010000000000000033,1.0000000000000065e-06,1.7747665538742619,-0.44194212845873504,0.00051780018817610275,trajectory reached the configured collision radius
26,143,0.78943120966228408,-0.54966666666666664,fraction,250,0,collision,nan,0,34.324707322963249,0.064996037000000007,0.0010000000000000072,1.0000000000000144e-06,1.7747916634113836,-0.44194212845076203,0.00051780699343197296,trajectory reached the configured collision radius
26,144,0.78943838858311388,-0.54966666666666664,fraction,250,0,collision,nan,0,34.328778871702781,0.055977876000000003,0.0010000000000000009,1.0000000000000019e-06,1.7748168355341003,-0.44194212844278058,0.00051781380509815448,trajectory reached the configured collision radius
26,145,0.78944556750394368,-0.54966666666666664,fraction,250,0,collision,nan,0,34.332875995019577,0.067054104000000003,0.001,9.9999999999999995e-07,1.7748420701440351,-0.44194212843479214,0.000517820623143505,trajectory reached the configured collision radius
26,146,0.78945274642477348,-0.54966666666666664,fraction,250,0,collision,nan,0,34.336999013470802,0.069722950000000006,0.001,9.9999999999999995e-07,1.7748673671422728,-0.44194212842679587,0.00051782744753755758,trajectory reached the configured collision radius
26,147,0.78945992534560328,-0.54966666666666664,fraction,250,0,collision,nan,0,34.34114825364248,0.067037278000000006,0.0010000000000000011,1.0000000000000023e-06,1.7748927264296384,-0.44194212841879227,0.00051783427825067847,trajectory reached the configured collision radius
26,148,0.78946710426643307,-0.54966666666666664,fraction,250,0,collision,nan,0,34.345324048301656,0.053847277999999998,0.0010000000000000067,1.0000000000000135e-06,1.7749181479068536,-0.44194212841078107,0.00051784111525410737,trajectory reached the configured collision radius
26,149,0.78947428318726287,-0.54966666666666664,fraction,250,0,collision,nan,0,34.349526736550821,0.073047442000000004,0.001000000000000005,1.0000000000000101e-06,1.7749436314747327,-0.44194212840276259,0.00051784795852001064,trajectory reached the configured collision radius
26,150,0.78948146210809278,-0.54966666666666664,fraction,250,0,collision,nan,0,34.353756663989586,0.067817366000000004,0.0010000000000000009,1.0000000000000019e-06,1.7749691770342928,-0.44194212839473662,0.00051785480802158713,trajectory reached the configured collision radius
26,151,0.78948864102892258,-0.54966666666666664,fraction,250,0,collision,nan,0,34.358014182881995,0.060395814999999999,0.001,9.9999999999999995e-07,1.7749947844871192,-0.44194212838670338,0.0005178616637331457,trajectory reached the configured collision radius
27,133,0.78935942045398599,-0.53349999999999997,fraction,250,0,collision,nan,0,34.296731004647341,0.068901146999999996,0.0010000000000000002,1.0000000000000004e-06,1.7744536551072563,-0.44194212853617476,0.0005177340894334209,trajectory reached the configured collision radius
27,134,0.78936659937481579,-0.53349999999999997,fraction,250,0,collision,nan,0,34.300571033250101,0.071137357999999998,0.0010000000000000041,1.0000000000000082e-06,1.7744793497137674,-0.44194212852803616,0.00051774103659271568,trajectory reached the configured collision radius
27,135,0.78937377829564559,-0.53349999999999997,fraction,250,0,collision,nan,0,34.304433858500069,0.058487816999999998,0.0010000000000000041,1.0000000000000082e-06,1.7745051066956155,-0.4419421285198899,0.00051774798994895152,trajectory reached the configured collision radius
27,136,0.78938095721647539,-0.53349999999999997,fraction,250,0,collision,nan,0,34.308319750986541,0.052665007999999999,0.0010000000000000002,1.0000000000000004e-06,1.7745309259546878,-0.44194212851173659,0.00051775494946463651,trajectory reached the configured collision radius
27,137,0.78938813613730519,-0.53349999999999997,fraction,250,0,collision,nan,0,34.31222898612431,0.042903965000000002,0.001,9.9999999999999995e-07,1.7745568073915523,-0.44194212850357623,0.00051776191510256614,trajectory reached the configured collision radius
27,138,0.78939531505813509,-0.53349999999999997,fraction,250,0,collision,nan,0,34.316161844271804,0.057419801999999999,0.0010000000000000011,1.0000000000000023e-06,1.7745827509055121,-0.44194212849540809,0.00051776888682588751,trajectory reached the configured collision radius
27,139,0.78940249397896489,-0.53349999999999997,fraction,250,0,collision,nan,0,34.320118610846343,0.050590018,0.0010000000000000096,1.0000000000000192e-06,1.7746087563948134,-0.44194212848723297,0.00051777586459816395,trajectory reached the configured collision radius
27,140,0.78940967289979469,-0.53349999999999997,fraction,250,0,collision,nan,0,34.324099576448994,0.055039365,0.001000000000000002,1.000000000000004e-06,1.774634823756664,-0.4419421284790509,0.00051778284838336621,trajectory reached the configured collision radius
27,141,0.78941685182062449,-0.53349999999999997,fraction,250,0,collision,nan,0,34.32810503698915,0.041809046000000002,0.001,9.9999999999999995e-07,1.7746609528873614,-0.44194212847086173,0.00051778983814599916,trajectory reached the configured collision radius
27,142,0.78942403074145429,-0.53349999999999997,fraction,250,0,collision,nan,0,34.332135293812939,0.036177213999999999,0.001,9.9999999999999995e-07,1.7746871436824971,-0.44194212846266512,0.00051779683385110888,trajectory reached the configured collision radius
27,143,0.78943120966228408,-0.53349999999999997,fraction,250,0,collision,nan,0,34.336190653839928,0.040804254999999998,0.0010000000000000009,1.0000000000000019e-06,1.7747133960370063,-0.44194212845446185,0.00051780383546435921,trajectory reached the configured collision radius
27,144,0.78943838858311388,-0.53349999999999997,fraction,250,0,collision,nan,0,34.340271429696834,0.037038582,0.0010000000000000074,1.0000000000000148e-06,1.7747397098453073,-0.44194212844625108,0.000517810842952082,trajectory reached the configured collision radius
27,145,0.78944556750394368,-0.53349999999999997,fraction,250,0,collision,nan,0,34.344377939863179,0.036205271999999997,0.0010000000000000039,1.0000000000000078e-06,1.7747660850015305,-0.44194212843803399,0.00051781785628131794,trajectory reached the configured collision radius
27,146,0.78945274642477348,-0.53349999999999997,fraction,250,0,collision,nan,0,34.348510508815437,0.039361581999999999,0.0010000000000000005,1.000000000000001e-06,1.7747925213996882,-0.44194212842980984,0.00051782487541999567,trajectory reached the configured collision radius
27,147,0.78945992534560328,-0.53349999999999997,fraction,250,0,collision,nan,0,34.352669467177314,0.039755100000000002,0.001,9.9999999999999995e-07,1.7748190189337314,-0.44194212842157837,0.00051783190033683163,trajectory reached the configured collision radius
27,148,0.78946710426643307,-0.53349999999999997,fraction,250,0,collision,nan,0,34.356855151878939,0.038678906999999998,0.001,9.9999999999999995e-07,1.7748455774979253,-0.44194212841334041,0.00051783893100155749,trajectory reached the configured collision radius
27,149,0.78947428318726287,-0.53349999999999997,fraction,250,0,collision,nan,0,34.361067906313913,0.048111591000000002,0.0010000000000000011,1.0000000000000023e-06,1.7748721969869152,-0.44194212840509567,0.00051784596738491606,trajectory reached the configured collision radius
27,150,0.78948146210809278,-0.53349999999999997,fraction,250,0,collision,nan,0,34.365308080506104,0.065764621999999995,0.001000000000000007,1.0000000000000139e-06,1.7748988772960033,-0.44194212839684405,0.00051785300945877196,trajectory reached the configured collision radius
27,151,0.78948864102892258,-0.53349999999999997,fraction,250,0,collision,nan,0,34.369576031282698,0.036243537999999999,0.0010000000000000054,1.000000000000011e-06,1.7749256183214286,-0.4419421283885856,0.00051786005719621248,trajectory reached the configured collision radius
28,133,0.78935942045398599,-0.51733333333333331,fraction,250,0,collision,nan,0,34.308220597598421,0.036683489999999999,0.001,9.9999999999999995e-07,1.7743716611048586,-0.4419421285402908,0.00051773057563318651,trajectory reached the configured collision radius
28,134,0.78936659937481579,-0.51733333333333331,fraction,250,0,collision,nan,0,34.312068617749212,0.035294000999999998,0.001,9.9999999999999995e-07,1.7743984741256893,-0.44194212853192832,0.00051773771409511431,trajectory reached the configured collision radius
28,135,0.78937377829564559,-0.51733333333333331,fraction,250,0,collision,nan,0,34.315939564208549,0.058823383999999999,0.0010000000000000018,1.0000000000000036e-06,1.7744253483837777,-0.44194212852355869,0.00051774485823101902,trajectory reached the configured collision radius
28,136,0.78938095721647539,-0.51733333333333331,fraction,250,0,collision,nan,0,34.319833710575907,0.036313877000000001,0.0010000000000000089,1.0000000000000177e-06,1.7744522837723571,-0.44194212851518283,0.00051775200800135426,trajectory reached the configured collision radius
28,137,0.78938813613730519,-0.51733333333333331,fraction,250,0,collision,nan,0,34.32375133536695,0.052547901000000001,0.0010000000000000007,1.0000000000000014e-06,1.7744792801836498,-0.4419421285067997,0.00051775916336691485,trajectory reached the configured collision radius
28,138,0.78939531505813509,-0.51733333333333331,fraction,250,0,collision,nan,0,34.327692722127473,0.0653479,0.001,9.9999999999999995e-07,1.7745063375087335,-0.4419421284984103,0.00051776632428892006,trajectory reached the configured collision radius
28,139,0.78940249397896489,-0.51733333333333331,fraction,250,0,collision,nan,0,34.331658159557648,0.036079351000000003,0.0010000000000000002,1.0000000000000004e-06,1.7745334556379164,-0.44194212849001424,0.00051777349072903056,trajectory reached the configured collision radius
28,140,0.78940967289979469,-0.51733333333333331,fraction,250,0,collision,nan,0,34.335647941638335,0.042926368999999999,0.0010000000000000037,1.0000000000000074e-06,1.7745606344606346,-0.4419421284816118,0.00051778066264941691,trajectory reached the configured collision radius
28,141,0.78941685182062449,-0.51733333333333331,fraction,250,0,collision,nan,0,34.339662367757072,0.069364975999999995,0.0010000000000000065,1.0000000000000131e-06,1.7745878738657606,-0.44194212847320263,0.00051778784001281096,trajectory reached the configured collision radius
28,142,0.78942403074145429,-0.51733333333333331,fraction,250,0,collision,nan,0,34.343701742843294,0.036434174,0.0010000000000000007,1.0000000000000014e-06,1.7746151737415892,-0.44194212846478709,0.00051779502278254943,trajectory reached the configured collision radius
28,143,0.78943120966228408,-0.51733333333333331,fraction,250,0,collision,nan,0,34.347766377506218,0.061023363999999997,0.001,9.9999999999999995e-07,1.77464253397612,-0.44194212845636532,0.00051780221092267433,trajectory reached the configured collision radius
28,144,0.78943838858311388,-0.51733333333333331,fraction,250,0,collision,nan,0,34.351856588173511,0.064496849999999994,0.0010000000000000002,1.0000000000000004e-06,1.7746699544571771,-0.44194212844793662,0.00051780940439798509,trajectory reached the configured collision radius
28,145,0.78944556750394368,-0.51733333333333331,fraction,250,0,collision,nan,0,34.355972697241874,0.035284015000000002,0.0010000000000000015,1.0000000000000031e-06,1.7746974350725739,-0.44194212843950215,0.00051781660317405773,trajectory reached the configured collision radius
28,146,0.78945274642477348,-0.51733333333333331,fraction,250,0,collision,nan,0,34.360115033221241,0.047835720999999998,0.0010000000000000098,1.0000000000000196e-06,1.7747249757102497,-0.44194212843106112,0.00051782380721739616,trajectory reached the configured collision radius
28,147,0.78945992534560328,-0.51733333333333331,fraction,250,0,collision,nan,0,34.364283930896619,0.036260371999999999,0.0010000000000000031,1.0000000000000061e-06,1.7747525762585863,-0.44194212842261404,0.00051783101649544646,trajectory reached the configured collision radius
28,148,0.78946710426643307,-0.51733333333333331,fraction,250,0,collision,nan,0,34.368479731483362,0.035974257000000003,0.0010000000000000002,1.0000000000000004e-06,1.774780236606565,-0.44194212841416058,0.00051783823097671156,trajectory reached the configured collision radius
28,149,0.78947428318726287,-0.51733333333333331,fraction,250,0,collision,nan,0,34.372702782795471,0.035244223999999998,0.001,9.9999999999999995e-07,1.7748079566439374,-0.44194212840570091,0.00051784545063082049,trajectory reached the configured collision radius
28,150,0.78948146210809278,-0.51733333333333331,fraction,250,0,collision,nan,0,34.376953439415402,0.071467411999999994,0.001,9.9999999999999995e-07,1.7748357362616041,-0.4419421283972354,0.00051785267542863301,trajectory reached the configured collision radius
28,151,0.78948864102892258,-0.51733333333333331,fraction,250,0,collision,nan,0,34.38123206286933,0.071796951999999997,0.0010000000000000009,1.0000000000000019e-06,1.7748635753517441,-0.44194212838876357,0.00051785990534230315,trajectory reached the configured collision radius
29,133,0.78935942045398599,-0.50116666666666665,fraction,250,0,collision,nan,0,34.319805890174614,0.046026247999999999,0.0010000000000000085,1.0000000000000169e-06,1.7742972799148484,-0.441942128542539,0.00051772865657953224,trajectory reached the configured collision radius
29,134,0.78936659937481579,-0.50116666666666665,fraction,250,0,collision,nan,0,34.323662080705368,0.064888048000000004,0.0010000000000000005,1.000000000000001e-06,1.7743251775525741,-0.44194212853396353,0.00051773597672908256,trajectory reached the configured collision radius
29,135,0.78937377829564559,-0.50116666666666665,fraction,250,0,collision,nan,0,34.32754133075241,0.047370563999999997,0.001,9.9999999999999995e-07,1.7743531352100321,-0.44194212852538178,0.00051774330202461027,trajectory reached the configured collision radius
29,136,0.78938095721647539,-0.50116666666666665,fraction,250,0,collision,nan,0,34.331443917016436,0.067394791999999995,0.0010000000000000005,1.000000000000001e-06,1.7743811527727424,-0.44194212851679421,0.00051775063242474331,trajectory reached the configured collision radius
29,137,0.78938813613730519,-0.50116666666666665,fraction,250,0,collision,nan,0,34.335370121203027,0.043539021999999997,0.0010000000000000063,1.0000000000000127e-06,1.7744092301253451,-0.44194212850820069,0.00051775796788851975,trajectory reached the configured collision radius
29,138,0.78939531505813509,-0.50116666666666665,fraction,250,0,collision,nan,0,34.339320230143677,0.065901304999999993,0.0010000000000000035,1.0000000000000069e-06,1.7744373671517562,-0.44194212849960052,0.00051776530837547435,trajectory reached the configured collision radius
29,139,0.78940249397896489,-0.50116666666666665,fraction,250,0,collision,nan,0,34.343294535918261,0.044063791999999997,0.001,9.9999999999999995e-07,1.774465563735157,-0.44194212849099485,0.00051777265384561004,trajectory reached the configured collision radius
29,140,0.78940967289979469,-0.50116666666666665,fraction,250,0,collision,nan,0,34.347293335988596,0.036779399999999997,0.001,9.9999999999999995e-07,1.7744938197582902,-0.44194212848238296,0.00051778000425954152,trajectory reached the configured collision radius
29,141,0.78941685182062449,-0.50116666666666665,fraction,250,0,collision,nan,0,34.351316933325364,0.038656360000000001,0.0010000000000000007,1.0000000000000014e-06,1.7745221351034692,-0.44194212847376546,0.00051778735957848604,trajectory reached the configured collision radius
29,142,0.78942403074145429,-0.50116666666666665,fraction,250,0,collision,nan,0,34.355365636549074,0.035471039000000003,0.0010000000000000063,1.0000000000000127e-06,1.7745505096528975,-0.4419421284651423,0.00051779471976438256,trajectory reached the configured collision radius
29,143,0.78943120966228408,-0.50116666666666665,fraction,250,0,collision,nan,0,34.359439760070259,0.064423600999999997,0.0010000000000000044,1.0000000000000086e-06,1.7745789432886467,-0.44194212845651298,0.00051780208477989918,trajectory reached the configured collision radius
29,144,0.78943838858311388,-0.50116666666666665,fraction,250,0,collision,nan,0,34.363539624233148,0.047899985999999999,0.0010000000000000005,1.000000000000001e-06,1.774607435892998,-0.44194212844787811,0.00051780945458854795,trajectory reached the configured collision radius
29,145,0.78944556750394368,-0.50116666666666665,fraction,250,0,collision,nan,0,34.367665555468434,0.040698883999999998,0.001,9.9999999999999995e-07,1.7746359873485562,-0.44194212843923752,0.00051781682915475434,trajectory reached the configured collision radius
29,146,0.78945274642477348,-0.50116666666666665,fraction,250,0,collision,nan,0,34.371817886444759,0.054566463000000003,0.001,9.9999999999999995e-07,1.7746645975384734,-0.44194212843059144,0.00051782420844389448,trajectory reached the configured collision radius
29,147,0.78945992534560328,-0.50116666666666665,fraction,250,0,collision,nan,0,34.375996956232193,0.061536041999999999,0.0010000000000000015,1.0000000000000031e-06,1.7746932663466781,-0.44194212842193931,0.00051783159242242769,trajectory reached the configured collision radius
29,148,0.78946710426643307,-0.50116666666666665,fraction,250,0,collision,nan,0,34.380203110465892,0.040623567999999999,0.0010000000000000085,1.0000000000000169e-06,1.7747219936580956,-0.44194212841328184,0.0005178389810579319,trajectory reached the configured collision radius
29,149,0.78947428318726287,-0.50116666666666665,fraction,250,0,collision,nan,0,34.384436701513643,0.037109244,0.0010000000000000041,1.0000000000000082e-06,1.7747507793589559,-0.44194212840461866,0.00051784637431924159,trajectory reached the configured collision radius
29,150,0.78948146210809278,-0.50116666666666665,fraction,250,0,collision,nan,0,34.388698088656405,0.043152635000000002,0.0010000000000000007,1.0000000000000014e-06,1.7747796233370003,-0.44194212839595032,0.0005178537721764985,trajectory reached the configured collision radius
29,151,0.78948864102892258,-0.50116666666666665,fraction,250,0,collision,nan,0,34.392987638265332,0.042331031999999998,0.001,9.9999999999999995e-07,1.7748085254817469,-0.44194212838727637,0.00051786117460129479,trajectory reached the configured collision radius
30,133,0.78935942045398599,-0.48499999999999999,fraction,250,0,collision,nan,0,34.331492006524847,0.037737517999999998,0.0010000000000000002,1.0000000000000004e-06,1.7742303884645005,-0.44194212854295856,0.0005177282985601129,trajectory reached the configured collision radius
30,134,0.78936659937481579,-0.48499999999999999,fraction,250,0,collision,nan,0,34.335356555684768,0.070339358000000005,0.0010000000000000063,1.0000000000000127e-06,1.7742593372620599,-0.44194212853418108,0.00051773579093435389,trajectory reached the configured collision radius
30,135,0.78937377829564559,-0.48499999999999999,fraction,250,0,collision,nan,0,34.339244301295125,0.052032271999999997,0.0010000000000000028,1.0000000000000057e-06,1.7742883447868796,-0.44194212852539844,0.00051774328792219941,trajectory reached the configured collision radius
30,136,0.78938095721647539,-0.48499999999999999,fraction,250,0,collision,nan,0,34.34315552325144,0.056327695999999997,0.001,9.9999999999999995e-07,1.7743174109176314,-0.44194212851661019,0.00051775078948069824,trajectory reached the configured collision radius
30,137,0.78938813613730519,-0.48499999999999999,fraction,250,0,collision,nan,0,34.347090506547922,0.034887825999999997,0.001,9.9999999999999995e-07,1.7743465355323897,-0.44194212850781645,0.00051775829556739467,trajectory reached the configured collision radius
30,138,0.78939531505813509,-0.48499999999999999,fraction,250,0,collision,nan,0,34.351049541399846,0.064694148000000007,0.0010000000000000013,1.0000000000000027e-06,1.7743757185086715,-0.44194212849901754,0.00051776580614033862,trajectory reached the configured collision radius
30,139,0.78940249397896489,-0.48499999999999999,fraction,250,0,collision,nan,0,34.355032923372214,0.035670294999999998,0.0010000000000000111,1.0000000000000222e-06,1.7744049597236278,-0.44194212849021292,0.00051777332115817798,trajectory reached the configured collision radius
30,140,0.78940967289979469,-0.48499999999999999,fraction,250,0,collision,nan,0,34.359040953512064,0.057252567999999997,0.0010000000000000018,1.0000000000000036e-06,1.7744342590542128,-0.44194212848140313,0.00051778084058017634,trajectory reached the configured collision radius
30,141,0.78941685182062449,-0.48499999999999999,fraction,250,0,collision,nan,0,34.363073938485471,0.044347643999999999,0.001,9.9999999999999995e-07,1.7744636163773462,-0.44194212847258829,0.00051778836436634768,trajectory reached the configured collision radius
30,142,0.78942403074145429,-0.48499999999999999,fraction,250,0,collision,nan,0,34.367132190715957,0.039218941,0.001,9.9999999999999995e-07,1.7744930315699892,-0.44194212846376807,0.00051779589247744409,trajectory reached the configured collision radius
30,143,0.78943120966228408,-0.48499999999999999,fraction,250,0,collision,nan,0,34.37121602853324,0.063756154999999995,0.0010000000000000007,1.0000000000000014e-06,1.7745225045095252,-0.44194212845494296,0.00051780342487505945,trajectory reached the configured collision radius
30,144,0.78943838858311388,-0.48499999999999999,fraction,250,0,collision,nan,0,34.375325776318803,0.036408476000000002,0.0010000000000000067,1.0000000000000135e-06,1.7745520350737587,-0.44194212844611236,0.00051781096152172862,trajectory reached the configured collision radius
30,145,0.78944556750394368,-0.48499999999999999,fraction,250,0,collision,nan,0,34.379461764662437,0.043829673999999999,0.0010000000000000046,1.0000000000000091e-06,1.774581623141265,-0.44194212843727704,0.000517818502380944,trajectory reached the configured collision radius
30,146,0.78945274642477348,-0.48499999999999999,fraction,250,0,collision,nan,0,34.383624330520931,0.03670938,0.0010000000000000005,1.000000000000001e-06,1.7746112685915822,-0.44194212842843655,0.00051782604741729523,trajectory reached the configured collision radius
30,147,0.78945992534560328,-0.48499999999999999,fraction,250,0,collision,nan,0,34.387813817383829,0.060468467999999997,0.001,9.9999999999999995e-07,1.7746409713054194,-0.44194212841959102,0.00051783359659650417,trajectory reached the configured collision radius
30,148,0.78946710426643307,-0.48499999999999999,fraction,250,0,collision,nan,0,34.392030575440472,0.039564158000000002,0.001,9.9999999999999995e-07,1.7746707311649543,-0.4419421284107406,0.00051784114988557238,trajectory reached the configured collision radius
30,149,0.78947428318726287,-0.48499999999999999,fraction,250,0,collision,nan,0,34.396274961758635,0.036185902999999998,0.0010000000000000007,1.0000000000000014e-06,1.7747005480541151,-0.44194212840188546,0.00051784870725281968,trajectory reached the configured collision radius
30,150,0.78948146210809278,-0.48499999999999999,fraction,250,0,collision,nan,0,34.400547340463206,0.055951281999999998,0.0010000000000000044,1.0000000000000086e-06,1.7747304218588669,-0.44194212839302482,0.00051785626866801473,trajectory reached the configured collision radius
30,151,0.78948864102892258,-0.48499999999999999,fraction,250,0,collision,nan,0,34.404848082923827,0.036609091000000003,0.0010000000000000091,1.0000000000000182e-06,1.7747603524674855,-0.44194212838416019,0.00051786383410247798,trajectory reached the configured collision radius
31,133,0.78935942045398599,-0.46883333333333332,fraction,250,0,collision,nan,0,34.343284052003071,0.064447174999999995,0.0010000000000000002,1.0000000000000004e-06,1.7741708773174136,-0.44194212854158532,0.0005177294705839393,trajectory reached the configured collision radius
31,134,0.78936659937481579,-0.46883333333333332,fraction,250,0,collision,nan,0,34.347157157858867,0.035498298999999997,0.001,9.9999999999999995e-07,1.774200844089848,-0.44194212853261716,0.00051773712585341883,trajectory reached the configured collision radius
31,135,0.78937377829564559,-0.46883333333333332,fraction,250,0,collision,nan,0,34.351053601013938,0.035105689000000002,0.0010000000000000013,1.0000000000000027e-06,1.7742308682264578,-0.4419421285236444,0.00051774478520046801,trajectory reached the configured collision radius
31,136,0.78938095721647539,-0.46883333333333332,fraction,250,0,collision,nan,0,34.354973664658523,0.034965772999999999,0.0010000000000000113,1.0000000000000226e-06,1.7742609495999824,-0.44194212851466652,0.00051775244858079709,trajectory reached the configured collision radius
31,137,0.78938813613730519,-0.46883333333333332,fraction,250,0,collision,nan,0,34.358917637177335,0.035511388999999997,0.0010000000000000013,1.0000000000000027e-06,1.7742910880828064,-0.44194212850568376,0.00051776011595063324,trajectory reached the configured collision radius
31,138,0.78939531505813509,-0.46883333333333332,fraction,250,0,collision,nan,0,34.362885812274591,0.035484703999999999,0.001,9.9999999999999995e-07,1.7743212835470568,-0.44194212849669651,0.00051776778726683368,trajectory reached the configured collision radius
31,139,0.78940249397896489,-0.46883333333333332,fraction,250,0,collision,nan,0,34.366878489108686,0.035286967000000002,0.001,9.9999999999999995e-07,1.7743515358648483,-0.44194212848770426,0.0005177754624869199,trajectory reached the configured collision radius
31,140,0.78940967289979469,-0.46883333333333332,fraction,250,0,collision,nan,0,34.370895972425529,0.047724928999999999,0.001000000000000002,1.000000000000004e-06,1.7743818449083339,-0.44194212847870745,0.00051778314156910384,trajectory reached the configured collision radius
31,141,0.78941685182062449,-0.46883333333333332,fraction,250,0,collision,nan,0,34.374938572700692,0.034981959999999999,0.0010000000000000106,1.0000000000000213e-06,1.7744122105500304,-0.44194212846970587,0.00051779082447239819,trajectory reached the configured collision radius
31,142,0.78942403074145429,-0.46883333333333332,fraction,250,0,collision,nan,0,34.379006606280967,0.039356663,0.0010000000000000015,1.0000000000000031e-06,1.774442632662864,-0.44194212846069975,0.00051779851115665452,trajectory reached the configured collision radius
31,143,0.78943120966228408,-0.46883333333333332,fraction,250,0,collision,nan,0,34.383100395537475,0.043126149000000003,0.001,9.9999999999999995e-07,1.7744731111205239,-0.44194212845168956,0.00051780620158267286,trajectory reached the configured collision radius
31,144,0.78943838858311388,-0.46883333333333332,fraction,250,0,collision,nan,0,34.387220269016744,0.046138479000000003,0.001,9.9999999999999995e-07,1.7745036457975347,-0.44194212844267478,0.00051781389571225577,trajectory reached the configured collision radius
31,145,0.78944556750394368,-0.46883333333333332,fraction,250,0,collision,nan,0,34.391366561600286,0.040061200999999998,0.0010000000000000005,1.000000000000001e-06,1.7745342365696433,-0.44194212843365505,0.00051782159350828908,trajectory reached the configured collision radius
31,146,0.78945274642477348,-0.46883333333333332,fraction,250,0,collision,nan,0,34.39553961466774,0.042712157000000001,0.0010000000000000044,1.0000000000000086e-06,1.7745648833139165,-0.44194212842463132,0.00051782929493483245,trajectory reached the configured collision radius
31,147,0.78945992534560328,-0.46883333333333332,fraction,250,0,collision,nan,0,34.399739776268049,0.038709106,0.0010000000000000076,1.0000000000000152e-06,1.7745955859091509,-0.44194212841560337,0.00051783699995719802,trajectory reached the configured collision radius
31,148,0.78946710426643307,-0.46883333333333332,fraction,250,0,collision,nan,0,34.403967401292725,0.036078285000000002,0.0010000000000000015,1.0000000000000031e-06,1.7746263442360586,-0.44194212840657099,0.00051784470854207944,trajectory reached the configured collision radius
31,149,0.78947428318726287,-0.46883333333333332,fraction,250,0,collision,nan,0,34.408222851656149,0.061010177999999998,0.0010000000000000002,1.0000000000000004e-06,1.7746571581776105,-0.441942128397534,0.00051785242065759531,trajectory reached the configured collision radius
31,150,0.78948146210809278,-0.46883333333333332,fraction,250,0,collision,nan,0,34.412506496479111,0.071395976999999999,0.0010000000000010304,1.000000000002061e-06,1.7746880276193016,-0.44194212838849306,0.00051786013627399901,trajectory reached the configured collision radius
31,151,0.78948864102892258,-0.46883333333333332,fraction,250,0,collision,nan,0,34.416818712303403,0.035143541,0.001,9.9999999999999995e-07,1.7747189524496394,-0.44194212837944818,0.00051786785536105605,trajectory reached the configured collision radius
32,133,0.78935942045398599,-0.45266666666666666,fraction,250,0,collision,nan,0,34.355187135370549,0.035156740999999998,0.0010000000000000087,1.0000000000000173e-06,1.7741186492838739,-0.44194212853845344,0.00051773214407392317,trajectory reached the configured collision radius
32,134,0.78936659937481579,-0.45266666666666666,fraction,250,0,collision,nan,0,34.359069006248312,0.035604357000000003,0.0010000000000000018,1.0000000000000036e-06,1.7741496010562847,-0.4419421285293052,0.00051773995302604873,trajectory reached the configured collision radius
32,135,0.78937377829564559,-0.45266666666666666,fraction,250,0,collision,nan,0,34.362974359387401,0.041908372999999999,0.001,9.9999999999999995e-07,1.7741806087633509,-0.44194212852015302,0.00051774776551667342,trajectory reached the configured collision radius
32,136,0.78938095721647539,-0.45266666666666666,fraction,250,0,collision,nan,0,34.366903481378841,0.035782146000000001,0.001,9.9999999999999995e-07,1.7742116722728187,-0.44194212851099623,0.00051775558150039737,trajectory reached the configured collision radius
32,137,0.78938813613730519,-0.45266666666666666,fraction,250,0,collision,nan,0,34.370856664102718,0.062433750000000003,0.0010000000000000022,1.0000000000000044e-06,1.7742427914523184,-0.4419421285018354,0.00051776340093243154,trajectory reached the configured collision radius
32,138,0.78939531505813509,-0.45266666666666666,fraction,250,0,collision,nan,0,34.374834204866225,0.044662117000000001,0.0010000000000000089,1.0000000000000177e-06,1.7742739661696132,-0.44194212849267023,0.00051777122376865453,trajectory reached the configured collision radius
32,139,0.78940249397896489,-0.45266666666666666,fraction,250,0,collision,nan,0,34.378836406531889,0.052570169,0.0010000000000000011,1.0000000000000023e-06,1.7743051962926781,-0.44194212848350101,0.00051777904996568166,trajectory reached the configured collision radius
32,140,0.78940967289979469,-0.45266666666666666,fraction,250,0,collision,nan,0,34.382863577664544,0.057239677000000003,0.001,9.9999999999999995e-07,1.7743364816900355,-0.44194212847432796,0.00051778687948093286,trajectory reached the configured collision radius
32,141,0.78941685182062449,-0.45266666666666666,fraction,250,0,collision,nan,0,34.386916032669149,0.034898387000000003,0.0010000000000000002,1.0000000000000004e-06,1.774367822230779,-0.44194212846515074,0.00051779471227269907,trajectory reached the configured collision radius
32,142,0.78942403074145429,-0.45266666666666666,fraction,250,0,collision,nan,0,34.390994091943647,0.041625708999999997,0.0010000000000000015,1.0000000000000031e-06,1.7743992177849353,-0.44194212845597003,0.00051780254830020205,trajectory reached the configured collision radius
32,143,0.78943120966228408,-0.45266666666666666,fraction,250,0,collision,nan,0,34.395098082029747,0.056417019999999998,0.0010000000000000098,1.0000000000000196e-06,1.7744306682236075,-0.44194212844678499,0.00051781038752371142,trajectory reached the configured collision radius
32,144,0.78943838858311388,-0.45266666666666666,fraction,250,0,collision,nan,0,34.399228335772484,0.039645387999999997,0.0010000000000000026,1.0000000000000052e-06,1.7744621734192805,-0.44194212843759634,0.00051781822990456877,trajectory reached the configured collision radius
32,145,0.78944556750394368,-0.45266666666666666,fraction,250,0,collision,nan,0,34.403385192483171,0.061022737000000001,0.001,9.9999999999999995e-07,1.7744937332459685,-0.44194212842840352,0.00051782607540533127,trajectory reached the configured collision radius
32,146,0.78945274642477348,-0.45266666666666666,fraction,250,0,collision,nan,0,34.407568998107955,0.035717910999999998,0.001,9.9999999999999995e-07,1.7745253475796094,-0.44194212841920733,0.00051783392398982301,trajectory reached the configured collision radius
32,147,0.78945992534560328,-0.45266666666666666,fraction,250,0,collision,nan,0,34.41178010540294,0.061036259000000002,0.0010000000000000002,1.0000000000000004e-06,1.7745570162983033,-0.4419421284100073,0.00051784177562323838,trajectory reached the configured collision radius
32,148,0.78946710426643307,-0.45266666666666666,fraction,250,0,collision,nan,0,34.416018874113178,0.035207273999999997,0.0010000000000000013,1.0000000000000027e-06,1.7745887392826043,-0.44194212840080355,0.00051784963027226441,trajectory reached the configured collision radius
32,149,0.78947428318726287,-0.45266666666666666,fraction,250,0,collision,nan,0,34.420285671159363,0.035693053000000002,0.0010000000000000072,1.0000000000000144e-06,1.7746205164158808,-0.44194212839159658,0.00051785748790515414,trajectory reached the configured collision radius
32,150,0.78948146210809278,-0.45266666666666666,fraction,250,0,collision,nan,0,34.424580870831257,0.044252613000000003,0.0010000000000000057,1.0000000000000114e-06,1.7746523475846709,-0.44194212838238556,0.00051786534849184883,trajectory reached the configured collision radius
32,151,0.78948864102892258,-0.45266666666666666,fraction,250,0,collision,nan,0,34.428904854982292,0.036420332999999999,0.0010000000000000011,1.0000000000000023e-06,1.7746842326789936,-0.44194212837317098,0.00051787321200409914,trajectory reached the configured collision radius
33,133,0.78935942045398599,-0.4365,fraction,250,0,collision,nan,0,34.367206389334406,0.042965321000000001,0.001,9.9999999999999995e-07,1.7740736182086474,-0.44194212853359355,0.00051773629259687618,trajectory reached the configured collision radius
33,134,0.78936659937481579,-0.4365,fraction,250,0,collision,nan,0,34.371097244305766,0.059512797999999999,0.0010000000000000011,1.0000000000000023e-06,1.7741055221594124,-0.44194212852427589,0.0005177442461207478,trajectory reached the configured collision radius
33,135,0.78937377829564559,-0.4365,fraction,250,0,collision,nan,0,34.375011730825655,0.035205938999999999,0.0010000000000000113,1.0000000000000226e-06,1.7741374805530123,-0.44194212851495462,0.00051775220264169684,trajectory reached the configured collision radius
33,136,0.78938095721647539,-0.4365,fraction,250,0,collision,nan,0,34.378950138991151,0.035845980999999999,0.0010000000000000013,1.0000000000000027e-06,1.7741694932530609,-0.44194212850562981,0.00051776016211343057,trajectory reached the configured collision radius
33,137,0.78938813613730519,-0.4365,fraction,250,0,collision,nan,0,34.382912764295291,0.035726003999999999,0.001,9.9999999999999995e-07,1.7742015601234782,-0.4419421284963016,0.0005177681244903727,trajectory reached the configured collision radius
33,138,0.78939531505813509,-0.4365,fraction,250,0,collision,nan,0,34.386899907759556,0.034831162999999998,0.001,9.9999999999999995e-07,1.7742336810285551,-0.44194212848696945,0.00051777608972766623,trajectory reached the configured collision radius
33,139,0.78940249397896489,-0.4365,fraction,250,0,collision,nan,0,34.390911876075968,0.035705562000000003,0.001000000000000002,1.000000000000004e-06,1.7742658558333302,-0.4419421284776342,0.00051778405778130792,trajectory reached the configured collision radius
33,140,0.78940967289979469,-0.4365,fraction,250,0,collision,nan,0,34.394948981749117,0.035115528,0.0010000000000000106,1.0000000000000213e-06,1.7742980844035741,-0.44194212846829506,0.00051779202860815794,trajectory reached the configured collision radius
33,141,0.78941685182062449,-0.4365,fraction,250,0,collision,nan,0,34.399011543243915,0.035037779999999998,0.0010000000000000015,1.0000000000000031e-06,1.7743303666062236,-0.44194212845895287,0.0005178000021660486,trajectory reached the configured collision radius
33,142,0.78942403074145429,-0.4365,fraction,250,0,collision,nan,0,34.403099885138673,0.036261922000000002,0.0010000000000000002,1.0000000000000004e-06,1.7743627023094224,-0.44194212844960756,0.00051780797841382079,trajectory reached the configured collision radius
33,143,0.78943120966228408,-0.4365,fraction,250,0,collision,nan,0,34.40721433828412,0.036772416000000002,0.001,9.9999999999999995e-07,1.7743950913828759,-0.44194212844025904,0.00051781595731147882,trajectory reached the configured collision radius
33,144,0.78943838858311388,-0.4365,fraction,250,0,collision,nan,0,34.411355239964799,0.035289314000000002,0.0010000000000000007,1.0000000000000014e-06,1.7744275336981747,-0.44194212843090747,0.00051782393882021161,trajectory reached the configured collision radius
33,145,0.78944556750394368,-0.4365,fraction,250,0,collision,nan,0,34.415522934067148,0.035054523999999997,0.0010000000000000046,1.0000000000000091e-06,1.7744600291289103,-0.44194212842155195,0.00051783192290251771,trajectory reached the configured collision radius
33,146,0.78945274642477348,-0.4365,fraction,250,0,collision,nan,0,34.419717771254433,0.035379721000000003,0.0010000000000000072,1.0000000000000144e-06,1.7744925775511249,-0.44194212841219399,0.00051783990952227658,trajectory reached the configured collision radius
33,147,0.78945992534560328,-0.4365,fraction,250,0,collision,nan,0,34.423940109146088,0.035840408999999997,0.0010000000000000013,1.0000000000000027e-06,1.7745251788435157,-0.44194212840283259,0.00051784789864484212,trajectory reached the configured collision radius
33,148,0.78946710426643307,-0.4365,fraction,250,0,collision,nan,0,34.428190312501421,0.038066266000000001,0.001,9.9999999999999995e-07,1.7745578328878324,-0.44194212839346858,0.00051785589023721924,trajectory reached the configured collision radius
33,149,0.78947428318726287,-0.4365,fraction,250,0,collision,nan,0,34.432468753414312,0.035229374000000001,0.001,9.9999999999999995e-07,1.7745905395692569,-0.44194212838410102,0.00051786388426807654,trajectory reached the configured collision radius
33,150,0.78948146210809278,-0.4365,fraction,250,0,collision,nan,0,34.436775811508383,0.035247042999999999,0.001,9.9999999999999995e-07,1.7746232987766923,-0.44194212837473074,0.00051787188070791473,trajectory reached the configured collision radius
33,151,0.78948864102892258,-0.4365,fraction,250,0,collision,nan,0,34.441111874143417,0.035974570999999997,0.0010000000000000013,1.0000000000000027e-06,1.7746561104032343,-0.44194212836535796,0.00051787987952918728,trajectory reached the configured collision radius
34,133,0.78935942045398599,-0.42033333333333334,fraction,250,0,collision,nan,0,34.379346989789411,0.035296043999999999,0.0010000000000000035,1.0000000000000069e-06,1.7740357079074078,-0.44194212852703391,0.00051774189162455853,trajectory reached the configured collision radius
34,134,0.78936659937481579,-0.42033333333333334,fraction,250,0,collision,nan,0,34.38324705920585,0.056825290000000001,0.001,9.9999999999999995e-07,1.7740685313161124,-0.44194212851755765,0.0005177499806972598,trajectory reached the configured collision radius
34,135,0.78937377829564559,-0.42033333333333334,fraction,250,0,collision,nan,0,34.387170914000983,0.037309538000000003,0.001,9.9999999999999995e-07,1.7741014076174453,-0.44194212850807818,0.000517758072223879,trajectory reached the configured collision radius
34,136,0.78938095721647539,-0.42033333333333334,fraction,250,0,collision,nan,0,34.391118847896102,0.068996708000000004,0.0010000000000000011,1.0000000000000023e-06,1.7741343366719065,-0.44194212849859565,0.0005177661661574975,trajectory reached the configured collision radius
34,137,0.78938813613730519,-0.42033333333333334,fraction,250,0,collision,nan,0,34.395091160112003,0.038633443000000003,0.0010000000000000102,1.0000000000000205e-06,1.774167318340631,-0.44194212848910996,0.00051777426245197143,trajectory reached the configured collision radius
34,138,0.78939531505813509,-0.42033333333333334,fraction,250,0,collision,nan,0,34.399088155511272,0.042158678999999998,0.001000000000000002,1.000000000000004e-06,1.7742003524856027,-0.44194212847962178,0.00051778236106197312,trajectory reached the configured collision radius
34,139,0.78940249397896489,-0.42033333333333334,fraction,250,0,collision,nan,0,34.403110144738392,0.068240585000000006,0.001,9.9999999999999995e-07,1.7742334389698038,-0.44194212847013076,0.0005177904619431071,trajectory reached the configured collision radius
34,140,0.78940967289979469,-0.42033333333333334,fraction,250,0,collision,nan,0,34.407157444370881,0.035385650999999997,0.001,9.9999999999999995e-07,1.7742665776574953,-0.44194212846063696,0.00051779856505192743,trajectory reached the configured collision radius
34,141,0.78941685182062449,-0.42033333333333334,fraction,250,0,collision,nan,0,34.411230377066204,0.034916750000000003,0.0010000000000000009,1.0000000000000019e-06,1.7742997684144233,-0.44194212845114011,0.00051780667034606186,trajectory reached the configured collision radius
34,142,0.78942403074145429,-0.42033333333333334,fraction,250,0,collision,nan,0,34.415329271724588,0.040430617000000002,0.0010000000000000065,1.0000000000000131e-06,1.7743330111080928,-0.44194212844164105,0.00051781477778428545,trajectory reached the configured collision radius
34,143,0.78943120966228408,-0.42033333333333334,fraction,250,0,collision,nan,0,34.41945446364884,0.036898715999999998,0.0010000000000000044,1.0000000000000086e-06,1.7743663056080385,-0.44194212843213926,0.0005178228873265713,trajectory reached the configured collision radius
34,144,0.78943838858311388,-0.42033333333333334,fraction,250,0,collision,nan,0,34.423606294710517,0.057213105,0.0010000000000000005,1.000000000000001e-06,1.7743996517861089,-0.44194212842263464,0.00051783099893422716,trajectory reached the configured collision radius
34,145,0.78944556750394368,-0.42033333333333334,fraction,250,0,collision,nan,0,34.427785113526923,0.066332560999999998,0.001,9.9999999999999995e-07,1.7744330495167657,-0.4419421284131278,0.00051783911256998369,trajectory reached the configured collision radius
34,146,0.78945274642477348,-0.42033333333333334,fraction,250,0,collision,nan,0,34.431991275635056,0.038654396000000001,0.0010000000000000002,1.0000000000000004e-06,1.774466498677395,-0.44194212840361824,0.00051784722819804725,trajectory reached the configured collision radius
34,147,0.78945992534560328,-0.42033333333333334,fraction,250,0,collision,nan,0,34.436225143681462,0.036146508000000001,0.0010000000000000009,1.0000000000000019e-06,1.7744999991486647,-0.44194212839410646,0.00051785534578428207,trajectory reached the configured collision radius
34,148,0.78946710426643307,-0.42033333333333334,fraction,250,0,collision,nan,0,34.440487087610755,0.042213937999999999,0.001000000000000005,1.0000000000000101e-06,1.7745335508149271,-0.44194212838459201,0.00051786346529625435,trajectory reached the configured collision radius
34,149,0.78947428318726287,-0.42033333333333334,fraction,250,0,collision,nan,0,34.444777484863401,0.053913676000000001,0.001000000000000008,1.000000000000016e-06,1.7745671535645104,-0.44194212837507535,0.0005178715867033679,trajectory reached the configured collision radius
34,150,0.78948146210809278,-0.42033333333333334,fraction,250,0,collision,nan,0,34.449096720580634,0.068465686999999997,0.001000000000000002,1.000000000000004e-06,1.7746008072902077,-0.4419421283655563,0.0005178797099770001,trajectory reached the configured collision radius
34,151,0.78948864102892258,-0.42033333333333334,fraction,250,0,collision,nan,0,34.45344518781485,0.051212364000000003,0.0010000000000000002,1.0000000000000004e-06,1.7746345118896616,-0.44194212835603519,0.00051788783509062997,trajectory reached the configured collision radius
35,133,0.78935942045398599,-0.40416666666666667,fraction,250,0,collision,nan,0,34.391614174068806,0.036110373000000001,0.0010000000000000002,1.0000000000000004e-06,1.774004851228943,-0.44194212851880221,0.00051774891832090668,trajectory reached the configured collision radius
35,134,0.78936659937481579,-0.40416666666666667,fraction,250,0,collision,nan,0,34.395523700142157,0.041126306000000001,0.0010000000000000046,1.0000000000000091e-06,1.7740385614282141,-0.44194212850917736,0.00051775713399495986,trajectory reached the configured collision radius
35,135,0.78937377829564559,-0.40416666666666667,fraction,250,0,collision,nan,0,34.399457170202481,0.039394761,0.0010000000000000046,1.0000000000000091e-06,1.7740723229154285,-0.44194212849955017,0.00051776535157869443,trajectory reached the configured collision radius
35,136,0.78938095721647539,-0.40416666666666667,fraction,250,0,collision,nan,0,34.403414881713935,0.043923362000000001,0.0010000000000000002,1.0000000000000004e-06,1.7741061355490122,-0.44194212848992021,0.00051777357102479387,trajectory reached the configured collision radius
35,137,0.78938813613730519,-0.40416666666666667,fraction,250,0,collision,nan,0,34.407397137753335,0.068944573999999995,0.001,9.9999999999999995e-07,1.7741399991883473,-0.44194212848028824,0.00051778179228679133,trajectory reached the configured collision radius
35,138,0.78939531505813509,-0.40416666666666667,fraction,250,0,collision,nan,0,34.411404247150607,0.055358009999999999,0.0010000000000000005,1.000000000000001e-06,1.7741739136940826,-0.44194212847065401,0.00051779001531914012,trajectory reached the configured collision radius
35,139,0.78940249397896489,-0.40416666666666667,fraction,250,0,collision,nan,0,34.415436524639475,0.061222583999999997,0.0010000000000000054,1.000000000000011e-06,1.7742078789283213,-0.44194212846101777,0.00051779824007728485,trajectory reached the configured collision radius
35,140,0.78940967289979469,-0.40416666666666667,fraction,250,0,collision,nan,0,34.41949429100449,0.068536702000000005,0.0010000000000000046,1.0000000000000091e-06,1.7742418947548533,-0.44194212845137898,0.00051780646651775769,trajectory reached the configured collision radius
35,141,0.78941685182062449,-0.40416666666666667,fraction,250,0,collision,nan,0,34.423577873240212,0.036495346999999997,0.0010000000000000002,1.0000000000000004e-06,1.7742759610394232,-0.4419421284417383,0.00051781469459822867,trajectory reached the configured collision radius
35,142,0.78942403074145429,-0.40416666666666667,fraction,250,0,collision,nan,0,34.42768760471526,0.03574596,0.001,9.9999999999999995e-07,1.7743100776500975,-0.44194212843209596,0.00051782292427763504,trajectory reached the configured collision radius
35,143,0.78943120966228408,-0.40416666666666667,fraction,250,0,collision,nan,0,34.431823825333687,0.035872451999999999,0.001,9.9999999999999995e-07,1.7743442444574007,-0.44194212842245106,0.00051783115551624806,trajectory reached the configured collision radius
35,144,0.78943838858311388,-0.40416666666666667,fraction,250,0,collision,nan,0,34.435986881713688,0.039542612999999997,0.0010000000000000015,1.0000000000000031e-06,1.7743784613347302,-0.44194212841280461,0.00051783938827575419,trajectory reached the configured collision radius
35,145,0.78944556750394368,-0.40416666666666667,fraction,250,0,collision,nan,0,34.440177127362162,0.053999258000000001,0.0010000000000000087,1.0000000000000173e-06,1.774412728158631,-0.44194212840315628,0.00051784762251937632,trajectory reached the configured collision radius
35,146,0.78945274642477348,-0.40416666666666667,fraction,250,0,collision,nan,0,34.444394922859928,0.035815436999999999,0.0010000000000000039,1.0000000000000078e-06,1.7744470448092586,-0.44194212839350594,0.00051785585821197556,trajectory reached the configured collision radius
35,147,0.78945992534560328,-0.40416666666666667,fraction,250,0,collision,nan,0,34.44864063605236,0.056857761999999999,0.0010000000000000007,1.0000000000000014e-06,1.7744814111705833,-0.44194212838385377,0.00051786409532016641,trajectory reached the configured collision radius
35,148,0.78946710426643307,-0.40416666666666667,fraction,250,0,collision,nan,0,34.452914642247457,0.058228138999999998,0.001,9.9999999999999995e-07,1.7745158271308974,-0.44194212837420005,0.00051787233381240302,trajectory reached the configured collision radius
35,149,0.78947428318726287,-0.40416666666666667,fraction,250,0,collision,nan,0,34.457217324417797,0.039654303000000002,0.001,9.9999999999999995e-07,1.7745502925831886,-0.44194212836454444,0.00051788057365915715,trajectory reached the configured collision radius
35,150,0.78948146210809278,-0.40416666666666667,fraction,250,0,collision,nan,0,34.461549073413565,0.044216656,0.0010000000000000002,1.0000000000000004e-06,1.7745848074256083,-0.44194212835488716,0.00051788881483298503,trajectory reached the configured collision radius
35,151,0.78948864102892258,-0.40416666666666667,fraction,250,0,collision,nan,0,34.465910288176509,0.043058094999999998,0.001000000000000002,1.000000000000004e-06,1.7746193715618712,-0.441942128345228,0.00051789705730869969,trajectory reached the configured collision radius
36,133,0.78935942045398599,-0.38800000000000001,fraction,250,0,collision,nan,0,34.40401325846959,0.051006357000000002,0.0010000000000000015,1.0000000000000031e-06,1.7739809892234286,-0.44194212850892262,0.00051775735135131326,trajectory reached the configured collision radius
36,134,0.78936659937481579,-0.38800000000000001,fraction,250,0,collision,nan,0,34.407932495905335,0.035777963000000003,0.001,9.9999999999999995e-07,1.774015553554283,-0.44194212849915948,0.00051776568474322002,trajectory reached the configured collision radius
36,135,0.78937377829564559,-0.38800000000000001,fraction,250,0,collision,nan,0,34.411875840960221,0.040572614999999999,0.001,9.9999999999999995e-07,1.7740501675178402,-0.4419421284893949,0.00051777401950014003,trajectory reached the configured collision radius
36,136,0.78938095721647539,-0.38800000000000001,fraction,250,0,collision,nan,0,34.415843594969424,0.047349756999999999,0.0010000000000000024,1.0000000000000048e-06,1.7740848309713819,-0.44194212847962844,0.00051778235557458795,trajectory reached the configured collision radius
36,137,0.78938813613730519,-0.38800000000000001,fraction,250,0,collision,nan,0,34.419836064995977,0.036711106,0.0010000000000000089,1.0000000000000177e-06,1.7741195437736481,-0.44194212846986014,0.00051779069292001473,trajectory reached the configured collision radius
36,138,0.78939531505813509,-0.38800000000000001,fraction,250,0,collision,nan,0,34.423853563977104,0.040838010000000001,0.0010000000000000011,1.0000000000000023e-06,1.7741543057850204,-0.44194212846009046,0.00051779903149086037,trajectory reached the configured collision radius
36,139,0.78940249397896489,-0.38800000000000001,fraction,250,0,collision,nan,0,34.427896410871199,0.035338151999999998,0.001,9.9999999999999995e-07,1.7741891168678234,-0.44194212845031899,0.00051780737124271909,trajectory reached the configured collision radius
36,140,0.78940967289979469,-0.38800000000000001,fraction,250,0,collision,nan,0,34.431964930818609,0.034880439999999999,0.001,9.9999999999999995e-07,1.7742239768865051,-0.44194212844054609,0.00051781571213230845,trajectory reached the configured collision radius
36,141,0.78941685182062449,-0.38800000000000001,fraction,250,0,collision,nan,0,34.43605945530026,0.035444507,0.0010000000000000013,1.0000000000000027e-06,1.7742588857080641,-0.4419421284307718,0.00051782405411764521,trajectory reached the configured collision radius
36,142,0.78942403074145429,-0.38800000000000001,fraction,250,0,collision,nan,0,34.44018032230494,0.035113244000000002,0.0010000000000000087,1.0000000000000173e-06,1.7742938432022197,-0.44194212842099606,0.00051783239715809057,trajectory reached the configured collision radius
36,143,0.78943120966228408,-0.38800000000000001,fraction,250,0,collision,nan,0,34.4443278765023,0.069521485999999993,0.0010000000000000033,1.0000000000000065e-06,1.7743288492417744,-0.44194212841121955,0.0005178407412144456,trajectory reached the configured collision radius
36,144,0.78943838858311388,-0.38800000000000001,fraction,250,0,collision,nan,0,34.448502469418749,0.042173822999999999,0.0010000000000000002,1.0000000000000004e-06,1.7743639037029533,-0.44194212840144109,0.00051784908624907301,trajectory reached the configured collision radius
36,145,0.78944556750394368,-0.38800000000000001,fraction,250,0,collision,nan,0,34.452704459622481,0.045068632999999997,0.001,9.9999999999999995e-07,1.7743990064657833,-0.44194212839166169,0.00051785743222599191,trajectory reached the configured collision radius
36,146,0.78945274642477348,-0.38800000000000001,fraction,250,0,collision,nan,0,34.456934212913836,0.051660569000000003,0.001,9.9999999999999995e-07,1.774434157414428,-0.44194212838188091,0.00051786577911098629,trajectory reached the configured collision radius
36,147,0.78945992534560328,-0.38800000000000001,fraction,250,0,collision,nan,0,34.461192102520165,0.037095788999999997,0.0010000000000000009,1.0000000000000019e-06,1.7744693564375693,-0.44194212837209856,0.00051787412687171364,trajectory reached the configured collision radius
36,148,0.78946710426643307,-0.38800000000000001,fraction,250,0,collision,nan,0,34.46547850930061,0.068307609000000005,0.001000000000000005,1.0000000000000101e-06,1.7745046034289396,-0.44194212836231589,0.0005178824754778575,trajectory reached the configured collision radius
36,149,0.78947428318726287,-0.38800000000000001,fraction,250,0,collision,nan,0,34.46979382195525,0.035715829999999997,0.0010000000000000083,1.0000000000000165e-06,1.7745398982876379,-0.44194212835253144,0.00051789082490121127,trajectory reached the configured collision radius
36,150,0.78948146210809278,-0.38800000000000001,fraction,250,0,collision,nan,0,34.474138437243802,0.058834247999999999,0.0010000000000000022,1.0000000000000044e-06,1.7745752409186264,-0.44194212834274632,0.00051789917511582662,trajectory reached the configured collision radius
36,151,0.78948864102892258,-0.38800000000000001,fraction,250,0,collision,nan,0,34.478512760207792,0.068508703000000004,0.0010000000000000002,1.0000000000000004e-06,1.7746106312333787,-0.44194212833295993,0.00051790752609821226,trajectory reached the configured collision radius
37,133,0.78935942045398599,-0.37183333333333335,fraction,250,0,collision,nan,0,34.416549655275929,0.050589467999999999,0.0010000000000000002,1.0000000000000004e-06,1.7739640704008628,-0.44194212849741876,0.0005177671707105023,trajectory reached the configured collision radius
37,134,0.78936659937481579,-0.37183333333333335,fraction,250,0,collision,nan,0,34.42047887196145,0.048450535000000003,0.001000000000000005,1.0000000000000101e-06,1.7739994561711419,-0.44194212848752806,0.00051777561299022872,trajectory reached the configured collision radius
37,135,0.78937377829564559,-0.37183333333333335,fraction,250,0,collision,nan,0,34.424432365182284,0.041353013000000001,0.0010000000000000041,1.0000000000000082e-06,1.7740348898720526,-0.4419421284776357,0.00051778405609049485,trajectory reached the configured collision radius
37,136,0.78938095721647539,-0.37183333333333335,fraction,250,0,collision,nan,0,34.4284104402822,0.039059399000000002,0.001,9.9999999999999995e-07,1.7740703713609007,-0.44194212846774289,0.00051779249996385601,trajectory reached the configured collision radius
37,137,0.78938813613730519,-0.37183333333333335,fraction,250,0,collision,nan,0,34.432413408449165,0.037005740000000002,0.001,9.9999999999999995e-07,1.774105900496699,-0.44194212845784886,0.00051780094456393587,trajectory reached the configured collision radius
37,138,0.78939531505813509,-0.37183333333333335,fraction,250,0,collision,nan,0,34.436441586868057,0.036240626999999997,0.0010000000000000005,1.000000000000001e-06,1.7741414771407884,-0.44194212844795394,0.00051780938984545999,trajectory reached the configured collision radius
37,139,0.78940249397896489,-0.37183333333333335,fraction,250,0,collision,nan,0,34.440495298873401,0.072336049999999999,0.0010000000000000048,1.0000000000000095e-06,1.7741771011567702,-0.44194212843805819,0.00051781783576434581,trajectory reached the configured collision radius
37,140,0.78940967289979469,-0.37183333333333335,fraction,250,0,collision,nan,0,34.444574874112895,0.039446249000000003,0.0010000000000000054,1.000000000000011e-06,1.7742127724110253,-0.44194212842816127,0.00051782628227780962,trajectory reached the configured collision radius
37,141,0.78941685182062449,-0.37183333333333335,fraction,250,0,collision,nan,0,34.448680648711083,0.037248063999999997,0.0010000000000000005,1.000000000000001e-06,1.7742484907729115,-0.44194212841826375,0.00051783472934443739,trajectory reached the configured collision radius
37,142,0.78942403074145429,-0.37183333333333335,fraction,250,0,collision,nan,0,34.452812965442114,0.051197897999999999,0.001,9.9999999999999995e-07,1.7742842561150907,-0.44194212840836539,0.00051784317692429296,trajectory reached the configured collision radius
37,143,0.78943120966228408,-0.37183333333333335,fraction,250,0,collision,nan,0,34.456972173906372,0.061430414000000003,0.001,9.9999999999999995e-07,1.7743200683139044,-0.44194212839846625,0.00051785162497898583,trajectory reached the configured collision radius
37,144,0.78943838858311388,-0.37183333333333335,fraction,250,0,collision,nan,0,34.461158630715055,0.043743447999999997,0.0010000000000000011,1.0000000000000023e-06,1.7743559272497329,-0.44194212838856645,0.00051786007347183157,trajectory reached the configured collision radius
37,145,0.78944556750394368,-0.37183333333333335,fraction,250,0,collision,nan,0,34.46537269967812,0.038363939,0.0010000000000000061,1.0000000000000122e-06,1.7743918328073993,-0.44194212837866642,0.00051786852236794002,trajectory reached the configured collision radius
37,146,0.78945274642477348,-0.37183333333333335,fraction,250,0,collision,nan,0,34.469614751999622,0.036345159000000002,0.0010000000000000061,1.0000000000000122e-06,1.7744277848764529,-0.44194212836876551,0.00051787697163427522,trajectory reached the configured collision radius
37,147,0.78945992534560328,-0.37183333333333335,fraction,250,0,collision,nan,0,34.473885166481608,0.034670240999999997,0.0010000000000000011,1.0000000000000023e-06,1.7744637833517862,-0.44194212835886398,0.0005178854212398653,trajectory reached the configured collision radius
37,148,0.78946710426643307,-0.37183333333333335,fraction,250,0,collision,nan,0,34.47818432973407,0.035230338,0.001,9.9999999999999995e-07,1.7744998281339608,-0.44194212834896218,0.00051789387115588859,trajectory reached the configured collision radius
37,149,0.78947428318726287,-0.37183333333333335,fraction,250,0,collision,nan,0,34.482512636390567,0.035724807999999997,0.001,9.9999999999999995e-07,1.7745359191297216,-0.44194212833905938,0.00051790232135580838,trajectory reached the configured collision radius
37,150,0.78948146210809278,-0.37183333333333335,fraction,250,0,collision,nan,0,34.486870489332063,0.037567136000000001,0.0010000000000000002,1.0000000000000004e-06,1.7745720562524852,-0.44194212832915625,0.00051791077181549488,trajectory reached the configured collision radius
37,151,0.78948864102892258,-0.37183333333333335,fraction,250,0,collision,nan,0,34.491258299920354,0.047491592999999999,0.0010000000000000007,1.0000000000000014e-06,1.7746082394228788,-0.44194212831925295,0.00051791922251339902,trajectory reached the configured collision radius
38,133,0.78935942045398599,-0.35566666666666669,fraction,250,0,collision,nan,0,34.429228889487568,0.056895186,0.0010000000000000026,1.0000000000000052e-06,1.7739540500659394,-0.44194212848431241,0.00051777835756596576,trajectory reached the configured collision radius
38,134,0.78936659937481579,-0.35566666666666669,fraction,250,0,collision,nan,0,34.433168367239531,0.049428106999999999,0.001,9.9999999999999995e-07,1.7739902245113364,-0.44194212847430425,0.00051778689994726374,trajectory reached the configured collision radius
38,135,0.78937377829564559,-0.35566666666666669,fraction,250,0,collision,nan,0,34.437132296006098,0.043464661000000002,0.001,9.9999999999999995e-07,1.7740264451423193,-0.44194212846429543,0.00051779544260540733,trajectory reached the configured collision radius
38,136,0.78938095721647539,-0.35566666666666669,fraction,250,0,collision,nan,0,34.441120985280868,0.042951962000000003,0.0010000000000000011,1.0000000000000023e-06,1.7740627118171419,-0.44194212845428626,0.00051780398549329586,trajectory reached the configured collision radius
38,137,0.78938813613730519,-0.35566666666666669,fraction,250,0,collision,nan,0,34.445134750524765,0.035641882999999999,0.0010000000000000093,1.0000000000000186e-06,1.774099024396441,-0.44194212844427627,0.00051781252856494462,trajectory reached the configured collision radius
38,138,0.78939531505813509,-0.35566666666666669,fraction,250,0,collision,nan,0,34.449173913321538,0.043996799000000003,0.0010000000000000022,1.0000000000000044e-06,1.7741353827434461,-0.44194212843426633,0.00051782107177557519,trajectory reached the configured collision radius
38,139,0.78940249397896489,-0.35566666666666669,fraction,250,0,collision,nan,0,34.453238801537175,0.035179482999999998,0.0010000000000000002,1.0000000000000004e-06,1.7741717867243267,-0.44194212842425612,0.00051782961508173569,trajectory reached the configured collision radius
38,140,0.78940967289979469,-0.35566666666666669,fraction,250,0,collision,nan,0,34.457329749488991,0.044355479000000003,0.001,9.9999999999999995e-07,1.7742082362085196,-0.44194212841424541,0.00051783815844136871,trajectory reached the configured collision radius
38,141,0.78941685182062449,-0.35566666666666669,fraction,250,0,collision,nan,0,34.461447098110646,0.034489832999999998,0.0010000000000000005,1.000000000000001e-06,1.7742447310689846,-0.44194212840423513,0.00051784670181391197,trajectory reached the configured collision radius
38,142,0.78942403074145429,-0.35566666666666669,fraction,250,0,collision,nan,0,34.465591195133911,0.060867257000000001,0.0010000000000000041,1.0000000000000082e-06,1.7742812711826172,-0.44194212839422448,0.0005178552451603676,trajectory reached the configured collision radius
38,143,0.78943120966228408,-0.35566666666666669,fraction,250,0,collision,nan,0,34.469762395269747,0.035147456000000001,0.0010000000000000078,1.0000000000000156e-06,1.774317856430625,-0.44194212838421343,0.00051786378844346668,trajectory reached the configured collision radius
38,144,0.78943838858311388,-0.35566666666666669,fraction,250,0,collision,nan,0,34.4739610603961,0.037526922999999997,0.0010000000000000013,1.0000000000000027e-06,1.7743544866988599,-0.4419421283742026,0.00051787233162773629,trajectory reached the configured collision radius
38,145,0.78944556750394368,-0.35566666666666669,fraction,250,0,collision,nan,0,34.478187559753223,0.036097457999999999,0.0010000000000000002,1.0000000000000004e-06,1.774391161878268,-0.4419421283641915,0.00051788087467962514,trajectory reached the configured collision radius
38,146,0.78945274642477348,-0.35566666666666669,fraction,250,0,collision,nan,0,34.482442270147686,0.068573811999999998,0.001,9.9999999999999995e-07,1.7744278818653421,-0.44194212835418067,0.00051788941756763032,trajectory reached the configured collision radius
38,147,0.78945992534560328,-0.35566666666666669,fraction,250,0,collision,nan,0,34.486725576159365,0.041207331,0.0010000000000000002,1.0000000000000004e-06,1.7744646465625404,-0.44194212834416985,0.0005178979602624271,trajectory reached the configured collision radius
38,148,0.78946710426643307,-0.35566666666666669,fraction,250,0,collision,nan,0,34.491037870358227,0.048821546,0.0010000000000000013,1.0000000000000027e-06,1.7745014558787895,-0.4419421283341593,0.00051790650273698588,trajectory reached the configured collision radius
38,149,0.78947428318726287,-0.35566666666666669,fraction,250,0,collision,nan,0,34.49537955352681,0.034651661,0.0010000000000000061,1.0000000000000122e-06,1.7745383097300318,-0.44194212832414864,0.00051791504496672693,trajectory reached the configured collision radius
38,150,0.78948146210809278,-0.35566666666666669,fraction,250,0,collision,nan,0,34.499751034895517,0.045263438000000003,0.0010000000000000076,1.0000000000000152e-06,1.7745752080396524,-0.44194212831413815,0.00051792358692964485,trajectory reached the configured collision radius
38,151,0.78948864102892258,-0.35566666666666669,fraction,250,0,collision,nan,0,34.504152732377925,0.046016700000000001,0.0010000000000000022,1.0000000000000044e-06,1.774612150739217,-0.44194212830412777,0.00051793212860652021,trajectory reached the configured collision radius
39,133,0.78935942045398599,-0.33950000000000002,fraction,250,0,collision,nan,0,34.442056615435767,0.051936281000000001,0.001,9.9999999999999995e-07,1.7739508897178771,-0.44194212846962438,0.00051779089411464589,trajectory reached the configured collision radius
39,134,0.78936659937481579,-0.33950000000000002,fraction,250,0,collision,nan,0,34.446006650810581,0.058187811999999998,0.0010000000000000015,1.0000000000000031e-06,1.7739878199653605,-0.44194212845950875,0.0005177995278460235,trajectory reached the configured collision radius
39,135,0.78937377829564559,-0.33950000000000002,fraction,250,0,collision,nan,0,34.44998131753897,0.034426712999999998,0.0010000000000000113,1.0000000000000226e-06,1.7740247946140886,-0.44194212844939351,0.00051780816131204361,trajectory reached the configured collision radius
39,136,0.78938095721647539,-0.33950000000000002,fraction,250,0,collision,nan,0,34.453980929412424,0.035847558000000002,0.0010000000000000013,1.0000000000000027e-06,1.7740618135244988,-0.4419421284392781,0.00051781679446611523,trajectory reached the configured collision radius
39,137,0.78938813613730519,-0.33950000000000002,fraction,250,0,collision,nan,0,34.458005806318809,0.041739733000000001,0.001,9.9999999999999995e-07,1.7740988765597989,-0.44194212842916297,0.00051782542726291588,trajectory reached the configured collision radius
39,138,0.78939531505813509,-0.33950000000000002,fraction,250,0,collision,nan,0,34.462056274401569,0.043531716999999998,0.001,9.9999999999999995e-07,1.7741359835864143,-0.44194212841904823,0.00051783405965842827,trajectory reached the configured collision radius
39,139,0.78940249397896489,-0.33950000000000002,fraction,250,0,collision,nan,0,34.466132666224723,0.034461785000000002,0.0010000000000000011,1.0000000000000023e-06,1.7741731344742311,-0.4419421284089341,0.00051784269161007674,trajectory reached the configured collision radius
39,140,0.78940967289979469,-0.33950000000000002,fraction,250,0,collision,nan,0,34.47023532094174,0.035627554999999998,0.001000000000000008,1.000000000000016e-06,1.7742103290969795,-0.44194212839882036,0.00051785132307677502,trajectory reached the configured collision radius
39,141,0.78941685182062449,-0.33950000000000002,fraction,250,0,collision,nan,0,34.474364584474657,0.035499493999999999,0.0010000000000000037,1.0000000000000074e-06,1.7742475673324762,-0.4419421283887065,0.00051785995401905133,trajectory reached the configured collision radius
39,142,0.78942403074145429,-0.33950000000000002,fraction,250,0,collision,nan,0,34.47852080969384,0.037124844999999997,0.0010000000000000005,1.000000000000001e-06,1.7742848490632019,-0.44194212837859348,0.00051786858439917185,trajectory reached the configured collision radius
39,143,0.78943120966228408,-0.33950000000000002,fraction,250,0,collision,nan,0,34.482704356607449,0.034779562,0.001,9.9999999999999995e-07,1.7743221741765063,-0.44194212836848135,0.00051787721418122931,trajectory reached the configured collision radius
39,144,0.78943838858311388,-0.33950000000000002,fraction,250,0,collision,nan,0,34.486915592554162,0.044575971999999998,0.001,9.9999999999999995e-07,1.774359542565122,-0.44194212835836905,0.00051788584333123627,trajectory reached the configured collision radius
39,145,0.78944556750394368,-0.33950000000000002,fraction,250,0,collision,nan,0,34.491154892407913,0.053484682999999998,0.0010000000000000009,1.0000000000000019e-06,1.7743969541275684,-0.44194212834825819,0.00051789447181731718,trajectory reached the configured collision radius
39,146,0.78945274642477348,-0.33950000000000002,fraction,250,0,collision,nan,0,34.495422638782642,0.066416500000000003,0.0010000000000000057,1.0000000000000114e-06,1.7744344087686554,-0.44194212833814744,0.00051790309960972585,trajectory reached the configured collision radius
39,147,0.78945992534560328,-0.33950000000000002,fraction,250,0,collision,nan,0,34.499719222250746,0.034767082999999997,0.0010000000000000072,1.0000000000000144e-06,1.7744719063999328,-0.4419421283280372,0.00051791172668109542,trajectory reached the configured collision radius
39,148,0.78946710426643307,-0.33950000000000002,fraction,250,0,collision,nan,0,34.504045041564346,0.035377976999999998,0.0010000000000000018,1.0000000000000036e-06,1.7745094469402671,-0.44194212831792823,0.00051792035300649822,trajectory reached the configured collision radius
39,149,0.78947428318726287,-0.33950000000000002,fraction,250,0,collision,nan,0,34.508400503886591,0.034763544,0.0010000000000000002,1.0000000000000004e-06,1.7745470303163033,-0.44194212830781926,0.00051792897856361942,trajectory reached the configured collision radius
39,150,0.78948146210809278,-0.33950000000000002,fraction,250,0,collision,nan,0,34.512786025032931,0.035137188,0.001,9.9999999999999995e-07,1.7745846564631784,-0.44194212829771184,0.00051793760333294578,trajectory reached the configured collision radius
39,151,0.78948864102892258,-0.33950000000000002,fraction,250,0,collision,nan,0,34.517202029715051,0.037659065999999998,0.001,9.9999999999999995e-07,1.7746223253249473,-0.44194212828760482,0.00051794622729781515,trajectory reached the configured collision radius
40,133,0.78935942045398599,-0.32333333333333336,fraction,250,0,collision,nan,0,34.455038633447757,0.034527177999999999,0.0010000000000000111,1.0000000000000222e-06,1.7739545565054931,-0.44194212845337444,0.00051780476345051154,trajectory reached the configured collision radius
40,134,0.78936659937481579,-0.32333333333333336,fraction,250,0,collision,nan,0,34.458999538625335,0.035476074000000003,0.0010000000000000015,1.0000000000000031e-06,1.7739922095387037,-0.44194212844316194,0.00051781347980699611,trajectory reached the configured collision radius
40,135,0.78937377829564559,-0.32333333333333336,fraction,250,0,collision,nan,0,34.462985261665587,0.034584407999999997,0.001,9.9999999999999995e-07,1.7740299051533648,-0.44194212843295005,0.00051782219535797722,trajectory reached the configured collision radius
40,136,0.78938095721647539,-0.32333333333333336,fraction,250,0,collision,nan,0,34.466996120818145,0.034497133999999999,0.0010000000000000002,1.0000000000000004e-06,1.7740676432131064,-0.44194212842273867,0.00051783091005766719,trajectory reached the configured collision radius
40,137,0.78938813613730519,-0.32333333333333336,fraction,250,0,collision,nan,0,34.471032440562041,0.041223928999999999,0.0010000000000000013,1.0000000000000027e-06,1.7741054235849814,-0.4419421284125285,0.000517839623861602,trajectory reached the configured collision radius
40,138,0.78939531505813509,-0.32333333333333336,fraction,250,0,collision,nan,0,34.475094551768386,0.037921613,0.00100000000000001,1.0000000000000201e-06,1.774143246139781,-0.44194212840231939,0.00051784833672679218,trajectory reached the configured collision radius
40,139,0.78940249397896489,-0.32333333333333336,fraction,250,0,collision,nan,0,34.479182791871686,0.055821600999999998,0.0010000000000000024,1.0000000000000048e-06,1.7741811107523511,-0.44194212839211106,0.0005178570486117658,trajectory reached the configured collision radius
40,140,0.78940967289979469,-0.32333333333333336,fraction,250,0,collision,nan,0,34.48329750504562,0.041612535999999999,0.0010000000000000002,1.0000000000000004e-06,1.774219017301929,-0.44194212838190378,0.00051786575947668808,trajectory reached the configured collision radius
40,141,0.78941685182062449,-0.32333333333333336,fraction,250,0,collision,nan,0,34.487439042383237,0.034315694000000001,0.001,9.9999999999999995e-07,1.7742569656725904,-0.44194212837169766,0.00051787446928347719,trajectory reached the configured collision radius
40,142,0.78942403074145429,-0.32333333333333336,fraction,250,0,collision,nan,0,34.491607762085494,0.065650912000000006,0.0010000000000000002,1.0000000000000004e-06,1.774294955753603,-0.44194212836149255,0.00051788317799588899,trajectory reached the configured collision radius
40,143,0.78943120966228408,-0.32333333333333336,fraction,250,0,collision,nan,0,34.495804029657563,0.035427369,0.0010000000000000026,1.0000000000000052e-06,1.7743329874399179,-0.44194212835128854,0.00051789188557963863,trajectory reached the configured collision radius
40,144,0.78943838858311388,-0.32333333333333336,fraction,250,0,collision,nan,0,34.50002821810466,0.034409534999999998,0.0010000000000000111,1.0000000000000222e-06,1.7743710606325402,-0.44194212834108582,0.00051790059200255241,trajectory reached the configured collision radius
40,145,0.78944556750394368,-0.32333333333333336,fraction,250,0,collision,nan,0,34.504280708144101,0.034752241000000003,0.0010000000000000031,1.0000000000000061e-06,1.7744091752390019,-0.44194212833088425,0.00051790929723464,trajectory reached the configured collision radius
40,146,0.78945274642477348,-0.32333333333333336,fraction,250,0,collision,nan,0,34.508561888418662,0.034977653999999997,0.0010000000000000005,1.000000000000001e-06,1.7744473311739428,-0.44194212832068408,0.0005179180012482847,trajectory reached the configured collision radius
40,147,0.78945992534560328,-0.32333333333333336,fraction,250,0,collision,nan,0,34.512872155718959,0.041721455999999997,0.001,9.9999999999999995e-07,1.7744855283595564,-0.44194212831048479,0.0005179267040183261,trajectory reached the configured collision radius
40,148,0.78946710426643307,-0.32333333333333336,fraction,250,0,collision,nan,0,34.51721191521392,0.048788647999999997,0.001,9.9999999999999995e-07,1.7745237667261586,-0.44194212830028728,0.00051793540552227621,trajectory reached the configured collision radius
40,149,0.78947428318726287,-0.32333333333333336,fraction,250,0,collision,nan,0,34.52158158069097,0.038283073000000001,0.0010000000000000002,1.0000000000000004e-06,1.7745620462128415,-0.44194212829009094,0.00051794410574037989,trajectory reached the configured collision radius
40,150,0.78948146210809278,-0.32333333333333336,fraction,250,0,collision,nan,0,34.525981574801165,0.065583250999999995,0.0010000000000000018,1.0000000000000036e-06,1.7746003667679744,-0.44194212827989637,0.00051795280465586626,trajectory reached the configured collision radius
40,151,0.78948864102892258,-0.32333333333333336,fraction,250,0,collision,nan,0,34.530412329316327,0.042461560000000002,0.0010000000000000059,1.0000000000000118e-06,1.7746387283499714,-0.44194212826970236,0.00051796150225506365,trajectory reached the configured collision radius
41,133,0.78935942045398599,-0.3071666666666667,fraction,250,0,collision,nan,0,34.468180906728307,0.040110588000000003,0.001,9.9999999999999995e-07,1.7739650227288815,-0.4419421284355815,0.00051781994944132643,trajectory reached the configured collision radius
41,134,0.78936659937481579,-0.3071666666666667,fraction,250,0,collision,nan,0,34.472153010463295,0.057098272999999998,0.001,9.9999999999999995e-07,1.7740033653553988,-0.44194212842528152,0.00051782873971674404,trajectory reached the configured collision radius
41,135,0.78937377829564559,-0.3071666666666667,fraction,250,0,collision,nan,0,34.476150125077531,0.034955706000000003,0.0010000000000000011,1.0000000000000023e-06,1.7740417487117675,-0.44194212841498365,0.00051783752864920866,trajectory reached the configured collision radius
41,136,0.78938095721647539,-0.3071666666666667,fraction,250,0,collision,nan,0,34.480172573445536,0.068879207999999997,0.0010000000000000089,1.0000000000000177e-06,1.7740801726661226,-0.44194212840468705,0.00051784631619396226,trajectory reached the configured collision radius
41,137,0.78938813613730519,-0.3071666666666667,fraction,250,0,collision,nan,0,34.484220684809067,0.035384187999999997,0.0010000000000000026,1.0000000000000052e-06,1.7741186370904631,-0.44194212839439179,0.00051785510230768826,trajectory reached the configured collision radius
41,138,0.78939531505813509,-0.3071666666666667,fraction,250,0,collision,nan,0,34.488294794945759,0.034696121000000003,0.001,9.9999999999999995e-07,1.7741571418611757,-0.44194212838409813,0.00051786388694863663,trajectory reached the configured collision radius
41,139,0.78940249397896489,-0.3071666666666667,fraction,250,0,collision,nan,0,34.492395246345801,0.034912934,0.001,9.9999999999999995e-07,1.7741956868592854,-0.44194212837380603,0.0005178726700767293,trajectory reached the configured collision radius
41,140,0.78940967289979469,-0.3071666666666667,fraction,250,0,collision,nan,0,34.496522388391682,0.035350429000000003,0.0010000000000000002,1.0000000000000004e-06,1.7742342719709518,-0.4419421283635156,0.00051788145165363527,trajectory reached the configured collision radius
41,141,0.78941685182062449,-0.3071666666666667,fraction,250,0,collision,nan,0,34.500676577544908,0.045396526999999999,0.0010000000000000033,1.0000000000000065e-06,1.7742728970877388,-0.44194212835322672,0.00051789023164289369,trajectory reached the configured collision radius
41,142,0.78942403074145429,-0.3071666666666667,fraction,250,0,collision,nan,0,34.504858177541585,0.035011831,0.0010000000000000091,1.0000000000000182e-06,1.7743115621071535,-0.44194212834293994,0.00051789901001004384,trajectory reached the configured collision radius
41,143,0.78943120966228408,-0.3071666666666667,fraction,250,0,collision,nan,0,34.50906755959101,0.068883738,0.0010000000000000018,1.0000000000000036e-06,1.7743502669331255,-0.44194212833265484,0.00051790778672271016,trajectory reached the configured collision radius
41,144,0.78943838858311388,-0.3071666666666667,fraction,250,0,collision,nan,0,34.513305102582713,0.040277234000000002,0.001,9.9999999999999995e-07,1.7743890114763405,-0.44194212832237129,0.00051791656175077458,trajectory reached the configured collision radius
41,145,0.78944556750394368,-0.3071666666666667,fraction,250,0,collision,nan,0,34.517571193303667,0.034835771000000001,0.001,9.9999999999999995e-07,1.7744277956548944,-0.44194212831208951,0.00051792533506647806,trajectory reached the configured collision radius
41,146,0.78945274642477348,-0.3071666666666667,fraction,250,0,collision,nan,0,34.521866226654225,0.042969436,0.001,9.9999999999999995e-07,1.7744666193947216,-0.44194212830180996,0.00051793410664455913,trajectory reached the configured collision radius
41,147,0.78945992534560328,-0.3071666666666667,fraction,250,0,collision,nan,0,34.526190605886811,0.058865687,0.0010000000000000009,1.0000000000000019e-06,1.7745054826302917,-0.44194212829153173,0.00051794287646241574,trajectory reached the configured collision radius
41,148,0.78946710426643307,-0.3071666666666667,fraction,250,0,collision,nan,0,34.530544742835112,0.035079258000000002,0.0010000000000000046,1.0000000000000091e-06,1.7745443853049712,-0.44194212828125584,0.00051795164450024788,trajectory reached the configured collision radius
41,149,0.78947428318726287,-0.3071666666666667,fraction,250,0,collision,nan,0,34.534929058166384,0.052507570000000003,0.0010000000000000104,1.0000000000000209e-06,1.7745833273719236,-0.44194212827098178,0.00051796041074121657,trajectory reached the configured collision radius
41,150,0.78948146210809278,-0.3071666666666667,fraction,250,0,collision,nan,0,34.539343981633415,0.035426217000000003,0.0010000000000000035,1.0000000000000069e-06,1.7746223087945217,-0.44194212826070983,0.00051796917517159225,trajectory reached the configured collision radius
41,151,0.78948864102892258,-0.3071666666666667,fraction,250,0,collision,nan,0,34.543789952344362,0.035511840000000003,0.0010000000000000007,1.0000000000000014e-06,1.7746613295472309,-0.44194212825043971,0.00051797793778097926,trajectory reached the configured collision radius
42,133,0.78935942045398599,-0.29100000000000004,fraction,250,0,collision,nan,0,34.481489578591564,0.053839703000000003,0.0010000000000000002,1.0000000000000004e-06,1.7739822653804136,-0.44194212841626335,0.0005178364366129959,trajectory reached the configured collision radius
42,134,0.78936659937481579,-0.29100000000000004,fraction,250,0,collision,nan,0,34.485473227253721,0.034625448000000003,0.001000000000000005,1.0000000000000101e-06,1.7740212642005457,-0.4419421284058867,0.0005178452921127376,trajectory reached the configured collision radius
42,135,0.78937377829564559,-0.29100000000000004,fraction,250,0,collision,nan,0,34.489482086673966,0.035527226000000002,0.0010000000000000048,1.0000000000000095e-06,1.7740603018709977,-0.44194212839551261,0.00051785414573541299,trajectory reached the configured collision radius
42,136,0.78938095721647539,-0.29100000000000004,fraction,250,0,collision,nan,0,34.493516484530559,0.034846367000000003,0.0010000000000000005,1.000000000000001e-06,1.7740993782655072,-0.44194212838514052,0.00051786299743754641,trajectory reached the configured collision radius
42,137,0.78938813613730519,-0.29100000000000004,fraction,250,0,collision,nan,0,34.497576755009483,0.033393556999999997,0.001,9.9999999999999995e-07,1.774138493262331,-0.44194212837476998,0.00051787184717719389,trajectory reached the configured collision radius
42,138,0.78939531505813509,-0.29100000000000004,fraction,250,0,collision,nan,0,34.501663238984143,0.044125211999999997,0.001,9.9999999999999995e-07,1.7741776467446735,-0.44194212836440244,0.00051788069491412415,trajectory reached the configured collision radius
42,139,0.78940249397896489,-0.29100000000000004,fraction,250,0,collision,nan,0,34.505776284195107,0.039710691999999999,0.0010000000000000026,1.0000000000000052e-06,1.7742168386011132,-0.44194212835403657,0.00051788954060987631,trajectory reached the configured collision radius
42,140,0.78940967289979469,-0.29100000000000004,fraction,250,0,collision,nan,0,34.509916245434162,0.035875727000000003,0.0010000000000000102,1.0000000000000205e-06,1.7742560687259479,-0.44194212834367319,0.00051789838422789107,trajectory reached the configured collision radius
42,141,0.78941685182062449,-0.29100000000000004,fraction,250,0,collision,nan,0,34.514083484740219,0.035317605000000002,0.001000000000000002,1.000000000000004e-06,1.7742953370196741,-0.44194212833331198,0.00051790722573360321,trajectory reached the configured collision radius
42,142,0.78942403074145429,-0.29100000000000004,fraction,250,0,collision,nan,0,34.518278371599173,0.035000441,0.0010000000000000002,1.0000000000000004e-06,1.7743346433894713,-0.44194212832295299,0.00051791606509459366,trajectory reached the configured collision radius
42,143,0.78943120966228408,-0.29100000000000004,fraction,250,0,collision,nan,0,34.522501283146369,0.046230761000000002,0.0010000000000000404,1.0000000000000806e-06,1.7743739877495859,-0.44194212831259649,0.00051792490228071055,trajectory reached the configured collision radius
42,144,0.78943838858311388,-0.29100000000000004,fraction,250,0,collision,nan,0,34.526752604387262,0.039999156000000001,0.001,9.9999999999999995e-07,1.7744133700219697,-0.44194212830224261,0.00051793373726409129,trajectory reached the configured collision radius
42,145,0.78944556750394368,-0.29100000000000004,fraction,250,0,collision,nan,0,34.531032728412676,0.044647102000000001,0.0010000000000000013,1.0000000000000027e-06,1.7744527901367759,-0.44194212829189067,0.00051794257001956982,trajectory reached the configured collision radius
42,146,0.78945274642477348,-0.29100000000000004,fraction,250,0,collision,nan,0,34.535342056630846,0.035744150000000002,0.0010000000000000063,1.0000000000000127e-06,1.774492248032836,-0.44194212828154195,0.00051795140052451015,trajectory reached the configured collision radius
42,147,0.78945992534560328,-0.29100000000000004,fraction,250,0,collision,nan,0,34.539680999005512,0.042230399000000002,0.001000000000000007,1.0000000000000139e-06,1.7745317436583763,-0.44194212827119511,0.00051796022875913808,trajectory reached the configured collision radius
42,148,0.78946710426643307,-0.29100000000000004,fraction,250,0,collision,nan,0,34.544049974300194,0.066263511999999997,0.0010000000000000018,1.0000000000000036e-06,1.7745712769716622,-0.44194212826085127,0.00051796905470667697,trajectory reached the configured collision radius
42,149,0.78947428318726287,-0.29100000000000004,fraction,250,0,collision,nan,0,34.548449410334428,0.03896645,0.0010000000000000002,1.0000000000000004e-06,1.7746108479414751,-0.4419421282505091,0.00051797787835347652,trajectory reached the configured collision radius
42,150,0.78948146210809278,-0.29100000000000004,fraction,250,0,collision,nan,0,34.552879744247726,0.049725152000000002,0.001,9.9999999999999995e-07,1.774650456548081,-0.44194212824017054,0.0005179866996892125,trajectory reached the configured collision radius
42,151,0.78948864102892258,-0.29100000000000004,fraction,250,0,collision,nan,0,34.557341422770897,0.045214685999999997,0.001,9.9999999999999995e-07,1.774690102783709,-0.44194212822983336,0.00051799551870705348,trajectory reached the configured collision radius
43,133,0.78935942045398599,-0.27483333333333337,fraction,250,0,collision,nan,0,34.494970990202091,0.038777449999999998,0.0010000000000000111,1.0000000000000222e-06,1.7740062657187592,-0.44194212839543712,0.00051785421003989508,trajectory reached the configured collision radius
43,134,0.78936659937481579,-0.27483333333333337,fraction,250,0,collision,nan,0,34.498966548900924,0.046442059000000001,0.0010000000000000013,1.0000000000000027e-06,1.7740458870957516,-0.44194212838499441,0.00051786312207420992,trajectory reached the configured collision radius
43,135,0.78937377829564559,-0.27483333333333337,fraction,250,0,collision,nan,0,34.502987525482617,0.042312851999999998,0.001,9.9999999999999995e-07,1.7740855454193649,-0.44194212837455427,0.00051787203170135926,trajectory reached the configured collision radius
43,136,0.78938095721647539,-0.27483333333333337,fraction,250,0,collision,nan,0,34.507034252612129,0.073491922000000001,0.001,9.9999999999999995e-07,1.7741252405701609,-0.44194212836411623,0.00051788093887931324,trajectory reached the configured collision radius
43,137,0.78938813613730519,-0.27483333333333337,fraction,250,0,collision,nan,0,34.511107069617289,0.035552985000000002,0.0010000000000000011,1.0000000000000023e-06,1.774164972433901,-0.44194212835368157,0.00051788984356779884,trajectory reached the configured collision radius
43,138,0.78939531505813509,-0.27483333333333337,fraction,250,0,collision,nan,0,34.515206322666216,0.064501754999999994,0.0010000000000000083,1.0000000000000165e-06,1.7742047409019579,-0.44194212834324942,0.00051789874572832374,trajectory reached the configured collision radius
43,139,0.78940249397896489,-0.27483333333333337,fraction,250,0,collision,nan,0,34.519332364953883,0.037381060000000001,0.0010000000000000033,1.0000000000000065e-06,1.7742445458717149,-0.44194212833282009,0.00051790764532431521,trajectory reached the configured collision radius
43,140,0.78940967289979469,-0.27483333333333337,fraction,250,0,collision,nan,0,34.523485556897413,0.038173500999999999,0.0010000000000000005,1.000000000000001e-06,1.7742843872470377,-0.44194212832239371,0.00051791654232123598,trajectory reached the configured collision radius
43,141,0.78941685182062449,-0.27483333333333337,fraction,250,0,collision,nan,0,34.527666266333,0.041092330000000003,0.001,9.9999999999999995e-07,1.7743242649387747,-0.44194212831197011,0.00051792543668669703,trajectory reached the configured collision radius
43,142,0.78942403074145429,-0.27483333333333337,fraction,250,0,collision,nan,0,34.53187486872109,0.046506446,0.001,9.9999999999999995e-07,1.7743641788651157,-0.44194212830154972,0.00051793432839059039,trajectory reached the configured collision radius
43,143,0.78943120966228408,-0.27483333333333337,fraction,250,0,collision,nan,0,34.536111747362959,0.036586169000000002,0.0010000000000000011,1.0000000000000023e-06,1.7744041289522556,-0.44194212829113233,0.00051794321740519257,trajectory reached the configured collision radius
43,144,0.78943838858311388,-0.27483333333333337,fraction,250,0,collision,nan,0,34.54037729361886,0.044815232000000003,0.0010000000000000061,1.0000000000000122e-06,1.7744441151348764,-0.44194212828071783,0.00051795210370537178,trajectory reached the configured collision radius
43,145,0.78944556750394368,-0.27483333333333337,fraction,250,0,collision,nan,0,34.544671907139296,0.038063909999999999,0.0010000000000000065,1.0000000000000131e-06,1.7744841373566687,-0.4419421282703061,0.00051796098726861,trajectory reached the configured collision radius
43,146,0.78945274642477348,-0.27483333333333337,fraction,250,0,collision,nan,0,34.548995996097858,0.043311339999999997,0.0010000000000000015,1.0000000000000031e-06,1.7745241955710795,-0.44194212825989759,0.00051796986807530431,trajectory reached the configured collision radius
43,147,0.78945992534560328,-0.27483333333333337,fraction,250,0,collision,nan,0,34.553349977440469,0.068251883999999999,0.0010000000000000002,1.0000000000000004e-06,1.7745642897418001,-0.44194212824949219,0.00051797874610880516,trajectory reached the configured collision radius
43,148,0.78946710426643307,-0.27483333333333337,fraction,250,0,collision,nan,0,34.557734277139851,0.035109204999999997,0.001,9.9999999999999995e-07,1.7746044198434863,-0.44194212823908968,0.00051798762135563516,trajectory reached the configured collision radius
43,149,0.78947428318726287,-0.27483333333333337,fraction,250,0,collision,nan,0,34.562149330456322,0.034923850999999999,0.001,9.9999999999999995e-07,1.7746445858624926,-0.44194212822869045,0.00051799649380565734,trajectory reached the configured collision radius
43,150,0.78948146210809278,-0.27483333333333337,fraction,250,0,collision,nan,0,34.566595582212287,0.053202267999999997,0.0010000000000000002,1.0000000000000004e-06,1.7746847877976173,-0.44194212821829437,0.00051800536345224561,trajectory reached the configured collision radius
43,151,0.78948864102892258,-0.27483333333333337,fraction,250,0,collision,nan,0,34.571073487077555,0.034966663000000002,0.0010000000000000013,1.0000000000000027e-06,1.7747250256608127,-0.4419421282079013,0.0005180142302924763,trajectory reached the configured collision radius
44,133,0.78935942045398599,-0.25866666666666671,fraction,250,0,collision,nan,0,34.508631698967093,0.049729252000000002,0.0010000000000000005,1.000000000000001e-06,1.7740370088700221,-0.44194212837312041,0.00051787325524004727,trajectory reached the configured collision radius
44,134,0.78936659937481579,-0.25866666666666671,fraction,250,0,collision,nan,0,34.512639552775774,0.034470408000000001,0.001,9.9999999999999995e-07,1.7740772189015097,-0.44194212836262053,0.00051788221511782243,trajectory reached the configured collision radius
44,135,0.78937377829564559,-0.25866666666666671,fraction,250,0,collision,nan,0,34.516673039243315,0.068075674000000003,0.001,9.9999999999999995e-07,1.7741174639555413,-0.4419421283521246,0.00051789117206287895,trajectory reached the configured collision radius
44,136,0.78938095721647539,-0.25866666666666671,fraction,250,0,collision,nan,0,34.520732496222074,0.053716561000000003,0.0010000000000000031,1.0000000000000061e-06,1.7741577439207938,-0.4419421283416321,0.00051790012603496638,trajectory reached the configured collision radius
44,137,0.78938813613730519,-0.25866666666666671,fraction,250,0,collision,nan,0,34.524818268384379,0.035661315999999998,0.0010000000000000087,1.0000000000000173e-06,1.7741980586918444,-0.44194212833114249,0.00051790907699568347,trajectory reached the configured collision radius
44,138,0.78939531505813509,-0.25866666666666671,fraction,250,0,collision,nan,0,34.528930707403774,0.036776887000000001,0.0010000000000000013,1.0000000000000027e-06,1.7742384081695313,-0.44194212832065649,0.00051791802490853283,trajectory reached the configured collision radius
44,139,0.78940249397896489,-0.25866666666666671,fraction,250,0,collision,nan,0,34.533070172152428,0.041273169999999998,0.001,9.9999999999999995e-07,1.7742787922614609,-0.4419421283101736,0.00051792696973909787,trajectory reached the configured collision radius
44,140,0.78940967289979469,-0.25866666666666671,fraction,250,0,collision,nan,0,34.537237028895753,0.035642618000000001,0.001,9.9999999999999995e-07,1.7743192108824883,-0.44194212829969448,0.00051793591145512998,trajectory reached the configured collision radius
44,141,0.78941685182062449,-0.25866666666666671,fraction,250,0,collision,nan,0,34.54143165149987,0.035933806999999998,0.0010000000000000005,1.000000000000001e-06,1.7743596639551524,-0.44194212828921897,0.00051794485002667871,trajectory reached the configured collision radius
44,142,0.78942403074145429,-0.25866666666666671,fraction,250,0,collision,nan,0,34.545654421644706,0.034346635,0.0010000000000000035,1.0000000000000069e-06,1.7744001514102652,-0.44194212827874657,0.00051795378542619167,trajectory reached the configured collision radius
44,143,0.78943120966228408,-0.25866666666666671,fraction,250,0,collision,nan,0,34.549905729043751,0.060379585,0.00100000000000001,1.0000000000000201e-06,1.7744406731873905,-0.441942128268278,0.00051796271762870794,trajectory reached the configured collision radius
44,144,0.78943838858311388,-0.25866666666666671,fraction,250,0,collision,nan,0,34.554185971672368,0.058332927,0.0010000000000000024,1.0000000000000048e-06,1.774481229235521,-0.44194212825781315,0.00051797164661197294,trajectory reached the configured collision radius
44,145,0.78944556750394368,-0.25866666666666671,fraction,250,0,collision,nan,0,34.558495556005809,0.068349847000000005,0.0010000000000000005,1.000000000000001e-06,1.7745218195135855,-0.44194212824735163,0.0005179805723565798,trajectory reached the configured collision radius
44,146,0.78945274642477348,-0.25866666666666671,fraction,250,0,collision,nan,0,34.562834897259357,0.035519245999999997,0.001,9.9999999999999995e-07,1.7745624439911567,-0.44194212823689411,0.00051798949484614058,trajectory reached the configured collision radius
44,147,0.78945992534560328,-0.25866666666666671,fraction,250,0,collision,nan,0,34.567204419650437,0.034555055000000001,0.001,9.9999999999999995e-07,1.7746031026491584,-0.44194212822643975,0.00051799841406744579,trajectory reached the configured collision radius
44,148,0.78946710426643307,-0.25866666666666671,fraction,250,0,collision,nan,0,34.571604556653625,0.039549379000000003,0.0010000000000000002,1.0000000000000004e-06,1.7746437954804191,-0.44194212821598955,0.00051800733001062778,trajectory reached the configured collision radius
44,149,0.78947428318726287,-0.25866666666666671,fraction,250,0,collision,nan,0,34.576035751277146,0.051706464000000001,0.0010000000000000013,1.0000000000000027e-06,1.7746845224906054,-0.44194212820554257,0.00051801624266936924,trajectory reached the configured collision radius
44,150,0.78948146210809278,-0.25866666666666671,fraction,250,0,collision,nan,0,34.580498456347286,0.039913302999999997,0.0010000000000000048,1.0000000000000095e-06,1.7747252836989207,-0.44194212819509976,0.00051802515204106352,trajectory reached the configured collision radius
44,151,0.78948864102892258,-0.25866666666666671,fraction,250,0,collision,nan,0,34.584993134795518,0.035307866,0.0010000000000000115,1.000000000000023e-06,1.7747660791388675,-0.44194212818466,0.00051803405812700289,trajectory reached the configured collision radius
45,133,0.78935942045398599,-0.24250000000000005,fraction,250,0,collision,nan,0,34.522478497717458,0.053741820000000003,0.001,9.9999999999999995e-07,1.7740744834509525,-0.44194212834932872,0.00051789355807401263,trajectory reached the configured collision radius
45,134,0.78936659937481579,-0.24250000000000005,fraction,250,0,collision,nan,0,34.526499053003022,0.035530430000000002,0.0010000000000000002,1.0000000000000004e-06,1.7741152479414153,-0.44194212833878332,0.00051790255709678449,trajectory reached the configured collision radius
45,135,0.78937377829564559,-0.24250000000000005,fraction,250,0,collision,nan,0,34.530545463811492,0.054017339999999997,0.0010000000000000044,1.0000000000000086e-06,1.7741560455138674,-0.44194212832824104,0.00051791155266653138,trajectory reached the configured collision radius
45,136,0.78938095721647539,-0.24250000000000005,fraction,250,0,collision,nan,0,34.534618073393332,0.034767713999999998,0.0010000000000000061,1.0000000000000122e-06,1.7741968760664149,-0.44194212831770319,0.00051792054474500556,trajectory reached the configured collision radius
45,137,0.78938813613730519,-0.24250000000000005,fraction,250,0,collision,nan,0,34.538717231982233,0.052113225999999999,0.0010000000000000007,1.0000000000000014e-06,1.7742377395037316,-0.44194212830716956,0.00051792953329592411,trajectory reached the configured collision radius
45,138,0.78939531505813509,-0.24250000000000005,fraction,250,0,collision,nan,0,34.542843296984003,0.034784759999999998,0.001,9.9999999999999995e-07,1.7742786357375517,-0.4419421282966392,0.00051793851828507535,trajectory reached the configured collision radius
45,139,0.78940249397896489,-0.24250000000000005,fraction,250,0,collision,nan,0,34.546996633176754,0.034573659,0.001,9.9999999999999995e-07,1.7743195646870886,-0.44194212828611329,0.00051794749968042144,trajectory reached the configured collision radius
45,140,0.78940967289979469,-0.24250000000000005,fraction,250,0,collision,nan,0,34.551177612915446,0.034531259000000002,0.0010000000000000009,1.0000000000000019e-06,1.7743605262796143,-0.44194212827559182,0.00051795647745226639,trajectory reached the configured collision radius
45,141,0.78941685182062449,-0.24250000000000005,fraction,250,0,collision,nan,0,34.555386616344251,0.035991769999999999,0.0010000000000000061,1.0000000000000122e-06,1.7744015204508383,-0.44194212826507384,0.00051796545157333418,trajectory reached the configured collision radius
45,142,0.78942403074145429,-0.24250000000000005,fraction,250,0,collision,nan,0,34.559624031617808,0.040573348000000002,0.0010000000000000061,1.0000000000000122e-06,1.7744425471457443,-0.44194212825456025,0.00051797442201896506,trajectory reached the configured collision radius
45,143,0.78943120966228408,-0.24250000000000005,fraction,250,0,collision,nan,0,34.563890255126822,0.041264491,0.0010000000000000011,1.0000000000000023e-06,1.7744836063188063,-0.44194212824405038,0.00051798338876718919,trajectory reached the configured collision radius
45,144,0.78943838858311388,-0.24250000000000005,fraction,250,0,collision,nan,0,34.568185691736659,0.061835974000000002,0.0010000000000000002,1.0000000000000004e-06,1.7745246979349476,-0.44194212823354528,0.00051799235179893579,trajectory reached the configured collision radius
45,145,0.78944556750394368,-0.24250000000000005,fraction,250,0,collision,nan,0,34.572510755029541,0.068039429999999998,0.001,9.9999999999999995e-07,1.7745658219699896,-0.44194212822304424,0.00051800131109817145,trajectory reached the configured collision radius
45,146,0.78945274642477348,-0.24250000000000005,fraction,250,0,collision,nan,0,34.576865867558922,0.035666452000000001,0.0010000000000000002,1.0000000000000004e-06,1.7746069784113547,-0.44194212821254764,0.00051801026665201574,trajectory reached the configured collision radius
45,147,0.78945992534560328,-0.24250000000000005,fraction,250,0,collision,nan,0,34.581251461113553,0.049090728,0.0010000000000000009,1.0000000000000019e-06,1.7746481672588554,-0.44194212820205475,0.0005180192184510076,trajectory reached the configured collision radius
45,148,0.78946710426643307,-0.24250000000000005,fraction,250,0,collision,nan,0,34.585667976986358,0.035379797999999997,0.0010000000000000033,1.0000000000000065e-06,1.7746893885253514,-0.44194212819156647,0.00051802816648919886,trajectory reached the configured collision radius
45,149,0.78947428318726287,-0.24250000000000005,fraction,250,0,collision,nan,0,34.590115866258557,0.042809166000000003,0.0010000000000000096,1.0000000000000192e-06,1.7747306422376039,-0.44194212818108197,0.00051803711076435597,trajectory reached the configured collision radius
45,150,0.78948146210809278,-0.24250000000000005,fraction,250,0,collision,nan,0,34.594595590095672,0.035329784000000003,0.0010000000000000057,1.0000000000000114e-06,1.7747719284371481,-0.44194212817060186,0.00051804605127823121,trajectory reached the configured collision radius
45,151,0.78948864102892258,-0.24250000000000005,fraction,250,0,collision,nan,0,34.599107620045665,0.069481143999999995,0.001000000000000002,1.000000000000004e-06,1.7748132471810336,-0.44194212816012585,0.00051805498803665564,trajectory reached the configured collision radius
46,133,0.78935942045398599,-0.22633333333333339,fraction,250,0,collision,nan,0,34.536518434840893,0.034677942000000003,0.0010000000000000002,1.0000000000000004e-06,1.7741186812096386,-0.44194212832407853,0.00051791510464625941,trajectory reached the configured collision radius
46,134,0.78936659937481579,-0.22633333333333339,fraction,250,0,collision,nan,0,34.540552120709584,0.055336761999999998,0.0010000000000000044,1.0000000000000086e-06,1.7741599656438787,-0.44194212831349688,0.00051792413410267266,trajectory reached the configured collision radius
46,135,0.78937377829564559,-0.22633333333333339,fraction,250,0,collision,nan,0,34.544611893521896,0.064458959999999996,0.0010000000000000061,1.0000000000000122e-06,1.7742012812069876,-0.44194212830291946,0.00051793315959165493,trajectory reached the configured collision radius
46,136,0.78938095721647539,-0.22633333333333339,fraction,250,0,collision,nan,0,34.548698102150468,0.036138457999999998,0.0010000000000000007,1.0000000000000014e-06,1.7742426278078234,-0.4419421282923468,0.0005179421810771707,trajectory reached the configured collision radius
46,137,0.78938813613730519,-0.22633333333333339,fraction,250,0,collision,nan,0,34.552811102620211,0.049105625999999999,0.001,9.9999999999999995e-07,1.774284005362561,-0.44194212828177865,0.00051795119852532389,trajectory reached the configured collision radius
46,138,0.78939531505813509,-0.22633333333333339,fraction,250,0,collision,nan,0,34.556951258306803,0.041652410000000001,0.001,9.9999999999999995e-07,1.7743254137952014,-0.44194212827121487,0.00051796021190439847,trajectory reached the configured collision radius
46,139,0.78940249397896489,-0.22633333333333339,fraction,250,0,collision,nan,0,34.561118940141412,0.035297165999999998,0.0010000000000000011,1.0000000000000023e-06,1.7743668530380208,-0.44194212826065582,0.00051796922118503531,trajectory reached the configured collision radius
46,140,0.78940967289979469,-0.22633333333333339,fraction,250,0,collision,nan,0,34.565314526822903,0.034664067,0.001000000000000007,1.0000000000000139e-06,1.7744083230321668,-0.44194212825010143,0.00051797822634033503,trajectory reached the configured collision radius
46,141,0.78941685182062449,-0.22633333333333339,fraction,250,0,collision,nan,0,34.569538405036383,0.069544349000000005,0.0010000000000000052,1.0000000000000105e-06,1.774449823728151,-0.44194212823955159,0.00051798722734598614,trajectory reached the configured collision radius
46,142,0.78942403074145429,-0.22633333333333339,fraction,250,0,collision,nan,0,34.573790969683834,0.040761579999999999,0.0010000000000000009,1.0000000000000019e-06,1.7744913550865333,-0.44194212822900664,0.00051799622418043448,trajectory reached the configured collision radius
46,143,0.78943120966228408,-0.22633333333333339,fraction,250,0,collision,nan,0,34.578072624115009,0.035935074999999997,0.001,9.9999999999999995e-07,1.7745329170784574,-0.44194212821846662,0.00051800521682502602,trajectory reached the configured collision radius
46,144,0.78943838858311388,-0.22633333333333339,fraction,250,0,collision,nan,0,34.582383780374499,0.034999990000000002,0.001,9.9999999999999995e-07,1.7745745096863386,-0.44194212820793083,0.00051801420526414056,trajectory reached the configured collision radius
46,145,0.78944556750394368,-0.22633333333333339,fraction,250,0,collision,nan,0,34.586724859455757,0.040506326000000002,0.0010000000000000002,1.0000000000000004e-06,1.774616132904546,-0.44194212819739997,0.00051802318948537286,trajectory reached the configured collision radius
46,146,0.78945274642477348,-0.22633333333333339,fraction,250,0,collision,nan,0,34.591096291559339,0.035263773999999998,0.0010000000000000011,1.0000000000000023e-06,1.7746577867401518,-0.44194212818687401,0.00051803216947970434,trajectory reached the configured collision radius
46,147,0.78945992534560328,-0.22633333333333339,fraction,250,0,collision,nan,0,34.595498516368949,0.034976131000000001,0.0010000000000000048,1.0000000000000095e-06,1.774699471213639,-0.44194212817635281,0.00051804114524165064,trajectory reached the configured collision radius
46,148,0.78946710426643307,-0.22633333333333339,fraction,250,0,collision,nan,0,34.599931983330023,0.035001958,0.0010000000000000104,1.0000000000000209e-06,1.7747411863597005,-0.44194212816583617,0.00051805011676949808,trajectory reached the configured collision radius
46,149,0.78947428318726287,-0.22633333333333339,fraction,250,0,collision,nan,0,34.604397151946145,0.060046716999999999,0.0010000000000000037,1.0000000000000074e-06,1.7747829322281798,-0.44194212815532458,0.00051805908406545953,trajectory reached the configured collision radius
46,150,0.78948146210809278,-0.22633333333333339,fraction,250,0,collision,nan,0,34.60889449207653,0.036080719999999997,0.0010000000000000011,1.0000000000000023e-06,1.7748247088847247,-0.44194212814481765,0.00051806804713587767,trajectory reached the configured collision radius
46,151,0.78948864102892258,-0.22633333333333339,fraction,250,0,collision,nan,0,34.613424484259184,0.042998873,0.0010000000000000002,1.0000000000000004e-06,1.7748665164120285,-0.44194212813431555,0.00051807700599147612,trajectory reached the configured collision radius
47,133,0.78935942045398599,-0.21016666666666672,fraction,250,0,collision,nan,0,34.550758835509825,0.034418422999999997,0.0010000000000000026,1.0000000000000052e-06,1.7741695966793043,-0.44194212829738627,0.00051793788120809521,trajectory reached the configured collision radius
47,134,0.78936659937481579,-0.21016666666666672,fraction,250,0,collision,nan,0,34.554806105385339,0.041176167999999999,0.0010000000000000085,1.0000000000000169e-06,1.7742113661967109,-0.44194212828677842,0.00051794693236872902,trajectory reached the configured collision radius
47,135,0.78937377829564559,-0.21016666666666672,fraction,250,0,collision,nan,0,34.558879702684187,0.038990586000000001,0.0010000000000000011,1.0000000000000023e-06,1.7742531648812621,-0.44194212827617535,0.0005179559790539969,trajectory reached the configured collision radius
47,136,0.78938095721647539,-0.21016666666666672,fraction,250,0,collision,nan,0,34.562979982137584,0.036513282000000001,0.0010000000000000002,1.0000000000000004e-06,1.7742949926539537,-0.44194212826557794,0.00051796502123038367,trajectory reached the configured collision radius
47,137,0.78938813613730519,-0.21016666666666672,fraction,250,0,collision,nan,0,34.567107305808371,0.035173821000000001,0.001,9.9999999999999995e-07,1.7743368494438767,-0.44194212825498586,0.00051797405886660087,trajectory reached the configured collision radius
47,138,0.78939531505813509,-0.21016666666666672,fraction,250,0,collision,nan,0,34.571262043294162,0.034274747000000001,0.0010000000000000007,1.0000000000000014e-06,1.7743787351887237,-0.44194212824439866,0.00051798309193369575,trajectory reached the configured collision radius
47,139,0.78940249397896489,-0.21016666666666672,fraction,250,0,collision,nan,0,34.575444571941482,0.040823141,0.0010000000000000052,1.0000000000000105e-06,1.7744206498353257,-0.44194212823381634,0.0005179921204052152,trajectory reached the configured collision radius
47,140,0.78940967289979469,-0.21016666666666672,fraction,250,0,collision,nan,0,34.579655277064397,0.066543904000000001,0.0010000000000000063,1.0000000000000127e-06,1.7744625933402529,-0.44194212822323981,0.00051800114425732519,trajectory reached the configured collision radius
47,141,0.78941685182062449,-0.21016666666666672,fraction,250,0,collision,nan,0,34.583894552167969,0.035040947000000003,0.0010000000000000013,1.0000000000000027e-06,1.7745045656703256,-0.44194212821266832,0.00051801016346893951,trajectory reached the configured collision radius
47,142,0.78942403074145429,-0.21016666666666672,fraction,250,0,collision,nan,0,34.588162799189909,0.061161715999999998,0.001,9.9999999999999995e-07,1.7745465668033655,-0.44194212820210205,0.00051801917802192564,trajectory reached the configured collision radius
47,143,0.78943120966228408,-0.21016666666666672,fraction,250,0,collision,nan,0,34.592460428739166,0.034536814999999998,0.001,9.9999999999999995e-07,1.7745885967287434,-0.44194212819154099,0.00051802818790116546,trajectory reached the configured collision radius
47,144,0.78943838858311388,-0.21016666666666672,fraction,250,0,collision,nan,0,34.59678786035002,0.043159823,0.001,9.9999999999999995e-07,1.7746306554481166,-0.44194212818098544,0.00051803719309476896,trajectory reached the configured collision radius
47,145,0.78944556750394368,-0.21016666666666672,fraction,250,0,collision,nan,0,34.601145522746421,0.035320187000000003,0.0010000000000000009,1.0000000000000019e-06,1.7746727429761733,-0.44194212817043521,0.00051804619359428305,trajectory reached the configured collision radius
47,146,0.78945274642477348,-0.21016666666666672,fraction,250,0,collision,nan,0,34.605533854108849,0.045917266999999998,0.0010000000000000046,1.0000000000000091e-06,1.7747148593413449,-0.4419421281598902,0.00051805518939478318,trajectory reached the configured collision radius
47,147,0.78945992534560328,-0.21016666666666672,fraction,250,0,collision,nan,0,34.609953302359109,0.035731112000000002,0.0010000000000000106,1.0000000000000213e-06,1.7747570045866494,-0.44194212814935036,0.00051806418049511467,trajectory reached the configured collision radius
47,148,0.78946710426643307,-0.21016666666666672,fraction,250,0,collision,nan,0,34.614404325451623,0.051343338000000002,0.0010000000000000039,1.0000000000000078e-06,1.7747991787705122,-0.44194212813881628,0.00051807316689805839,trajectory reached the configured collision radius
47,149,0.78947428318726287,-0.21016666666666672,fraction,250,0,collision,nan,0,34.618887391677482,0.041883354999999997,0.0010000000000000011,1.0000000000000023e-06,1.7748413819676858,-0.44194212812828687,0.0005180821486105606,trajectory reached the configured collision radius
47,150,0.78948146210809278,-0.21016666666666672,fraction,250,0,collision,nan,0,34.623402979977058,0.039246751000000003,0.0010000000000000002,1.0000000000000004e-06,1.7748836142701299,-0.44194212811776351,0.00051809112564391838,trajectory reached the configured collision radius
47,151,0.78948864102892258,-0.21016666666666672,fraction,250,0,collision,nan,0,34.627951580269638,0.034553718999999997,0.001,9.9999999999999995e-07,1.7749258757879973,-0.44194212810724465,0.00051810009801402383,trajectory reached the configured collision radius
48,133,0.78935942045398599,-0.19399999999999995,fraction,250,0,collision,nan,0,34.565207324184051,0.041132412,0.0010000000000000083,1.0000000000000165e-06,1.7742272268411994,-0.44194212826926665,0.00051796187406131394,trajectory reached the configured collision radius
48,134,0.78936659937481579,-0.19399999999999995,fraction,250,0,collision,nan,0,34.569268657523573,0.038734520000000001,0.0010000000000000031,1.0000000000000061e-06,1.7742694462107667,-0.44194212825864349,0.00051797093817366221,trajectory reached the configured collision radius
48,135,0.78937377829564559,-0.19399999999999995,fraction,250,0,collision,nan,0,34.573356568364922,0.034955340000000001,0.0010000000000000002,1.0000000000000004e-06,1.7743116927811684,-0.44194212824802587,0.0005179799973098841,trajectory reached the configured collision radius
48,136,0.78938095721647539,-0.19399999999999995,fraction,250,0,collision,nan,0,34.577471417551422,0.035267052,0.001,9.9999999999999995e-07,1.7743539664869636,-0.44194212823741374,0.00051798905143920256,trajectory reached the configured collision radius
48,137,0.78938813613730519,-0.19399999999999995,fraction,250,0,collision,nan,0,34.581613573442482,0.033965036999999997,0.001,9.9999999999999995e-07,1.7743962672716223,-0.44194212822680734,0.00051799810053316836,trajectory reached the configured collision radius
48,138,0.78939531505813509,-0.19399999999999995,fraction,250,0,collision,nan,0,34.585783412131285,0.052923874000000003,0.0010000000000000026,1.0000000000000052e-06,1.7744385950880144,-0.44194212821620671,0.00051800714456586244,trajectory reached the configured collision radius
48,139,0.78940249397896489,-0.19399999999999995,fraction,250,0,collision,nan,0,34.589981317654178,0.035515339999999999,0.0010000000000000113,1.0000000000000226e-06,1.7744809498990499,-0.44194212820561191,0.00051801618351398943,trajectory reached the configured collision radius
48,140,0.78940967289979469,-0.19399999999999995,fraction,250,0,collision,nan,0,34.59420768222833,0.036549694000000001,0.0010000000000000026,1.0000000000000052e-06,1.7745233316782816,-0.44194212819502332,0.0005180252173570426,trajectory reached the configured collision radius
48,141,0.78941685182062449,-0.19399999999999995,fraction,250,0,collision,nan,0,34.598462906479192,0.034976029999999998,0.0010000000000000005,1.000000000000001e-06,1.7745657404104591,-0.44194212818443984,0.00051803424607744684,trajectory reached the configured collision radius
48,142,0.78942403074145429,-0.19399999999999995,fraction,250,0,collision,nan,0,34.602747399686656,0.034816535000000003,0.001,9.9999999999999995e-07,1.7746081760922947,-0.44194212817386264,0.00051804326966069215,trajectory reached the configured collision radius
48,143,0.78943120966228408,-0.19399999999999995,fraction,250,0,collision,nan,0,34.607061580037424,0.035370673999999998,0.001,9.9999999999999995e-07,1.7746506387330732,-0.44194212816329104,0.00051805228809551768,trajectory reached the configured collision radius
48,144,0.78943838858311388,-0.19399999999999995,fraction,250,0,collision,nan,0,34.611405874886351,0.034960080999999997,0.0010000000000000005,1.000000000000001e-06,1.7746931283554335,-0.44194212815272549,0.00051806130137405624,trajectory reached the configured collision radius
48,145,0.78944556750394368,-0.19399999999999995,fraction,250,0,collision,nan,0,34.615780721027193,0.035066975,0.0010000000000000026,1.0000000000000052e-06,1.7747356449961711,-0.44194212814216599,0.00051807030949205138,trajectory reached the configured collision radius
48,146,0.78945274642477348,-0.19399999999999995,fraction,250,0,collision,nan,0,34.620186564973871,0.048939418999999998,0.0010000000000000085,1.0000000000000169e-06,1.7747781887068952,-0.44194212813161166,0.0005180793124489754,trajectory reached the configured collision radius
48,147,0.78945992534560328,-0.19399999999999995,fraction,250,0,collision,nan,0,34.624623863253603,0.036638262999999997,0.0010000000000000061,1.0000000000000122e-06,1.7748207595550682,-0.44194212812106387,0.00051808831024827075,trajectory reached the configured collision radius
48,148,0.78946710426643307,-0.19399999999999995,fraction,250,0,collision,nan,0,34.629093082708522,0.035589155999999997,0.001000000000000002,1.000000000000004e-06,1.774863357624745,-0.44194212811052175,0.00051809730289754518,trajectory reached the configured collision radius
48,149,0.78947428318726287,-0.19399999999999995,fraction,250,0,collision,nan,0,34.633594700810811,0.037880706,0.0010000000000000005,1.000000000000001e-06,1.7749059830176162,-0.44194212809998523,0.00051810629040876513,trajectory reached the configured collision radius
48,150,0.78948146210809278,-0.19399999999999995,fraction,250,0,collision,nan,0,34.638129205988392,0.034993630999999997,0.001,9.9999999999999995e-07,1.7749486358539148,-0.44194212808945482,0.00051811527279848463,trajectory reached the configured collision radius
48,151,0.78948864102892258,-0.19399999999999995,fraction,250,0,collision,nan,0,34.642697097964444,0.035626449999999997,0.001,9.9999999999999995e-07,1.7749913162734643,-0.44194212807893007,0.00051812425008805781,trajectory reached the configured collision radius
49,133,0.78935942045398599,-0.17783333333333329,fraction,250,0,collision,nan,0,34.579871848552656,0.062454333000000001,0.0010000000000000096,1.0000000000000192e-06,1.7742915707928861,-0.44194212823973678,0.00051798706946144227,trajectory reached the configured collision radius
49,134,0.78936659937481579,-0.17783333333333329,fraction,250,0,collision,nan,0,34.583947752720917,0.035638655999999998,0.0010000000000000013,1.0000000000000027e-06,1.7743342043887811,-0.44194212822910806,0.0005179961377452918,trajectory reached the configured collision radius
49,135,0.78937377829564559,-0.17783333333333329,fraction,250,0,collision,nan,0,34.588050494651661,0.036065418000000002,0.001,9.9999999999999995e-07,1.774376863218764,-0.44194212821848539,0.00051800520056004978,trajectory reached the configured collision radius
49,136,0.78938095721647539,-0.17783333333333329,fraction,250,0,collision,nan,0,34.592180441567102,0.062162771999999998,0.001,9.9999999999999995e-07,1.7744195472324145,-0.44194212820786921,0.00051801425787789191,trajectory reached the configured collision radius
49,137,0.78938813613730519,-0.17783333333333329,fraction,250,0,collision,nan,0,34.596337968403191,0.041965106000000002,0.0010000000000000007,1.0000000000000014e-06,1.7744622563889814,-0.44194212819725898,0.00051802330967347843,trajectory reached the configured collision radius
49,138,0.78939531505813509,-0.17783333333333329,fraction,250,0,collision,nan,0,34.600523458030935,0.035493263999999997,0.0010000000000000046,1.0000000000000091e-06,1.7745049906581249,-0.44194212818665546,0.00051803235592417043,trajectory reached the configured collision radius
49,139,0.78940249397896489,-0.17783333333333329,fraction,250,0,collision,nan,0,34.6047373014786,0.035412182,0.0010000000000000074,1.0000000000000148e-06,1.774547750020397,-0.44194212817605805,0.0005180413966100907,trajectory reached the configured collision radius
49,140,0.78940967289979469,-0.17783333333333329,fraction,250,0,collision,nan,0,34.608979898170318,0.036086122999999998,0.0010000000000000015,1.0000000000000031e-06,1.7745905344678672,-0.44194212816546696,0.00051805043171430974,trajectory reached the configured collision radius
49,141,0.78941685182062449,-0.17783333333333329,fraction,250,0,collision,nan,0,34.613251656169609,0.034898241000000003,0.001,9.9999999999999995e-07,1.7746333440049165,-0.44194212815488276,0.00051805946122300756,trajectory reached the configured collision radius
49,142,0.78942403074145429,-0.17783333333333329,fraction,250,0,collision,nan,0,34.617552992426681,0.035056744000000001,0.001,9.9999999999999995e-07,1.7746761786488439,-0.44194212814430434,0.00051806848512560191,trajectory reached the configured collision radius
49,143,0.78943120966228408,-0.17783333333333329,fraction,250,0,collision,nan,0,34.621884333045365,0.035059348999999997,0.0010000000000000002,1.0000000000000004e-06,1.7747190384305649,-0.44194212813373235,0.00051807750341492805,trajectory reached the configured collision radius
49,144,0.78943838858311388,-0.17783333333333329,fraction,250,0,collision,nan,0,34.626246113552185,0.056893685999999999,0.0010000000000000009,1.0000000000000019e-06,1.7747619233955443,-0.44194212812316713,0.00051808651608743783,trajectory reached the configured collision radius
49,145,0.78944556750394368,-0.17783333333333329,fraction,250,0,collision,nan,0,34.63063877917557,0.035651121000000001,0.0010000000000000035,1.0000000000000069e-06,1.774804833604372,-0.44194212811260802,0.00051809552314331599,trajectory reached the configured collision radius
49,146,0.78945274642477348,-0.17783333333333329,fraction,250,0,collision,nan,0,34.635062785140583,0.035968730999999997,0.0010000000000000106,1.0000000000000213e-06,1.7748477691338678,-0.44194212810205541,0.00051810452458675741,trajectory reached the configured collision radius
49,147,0.78945992534560328,-0.17783333333333329,fraction,250,0,collision,nan,0,34.639518596968898,0.070390795000000006,0.001000000000000005,1.0000000000000101e-06,1.7748907300777625,-0.44194212809150923,0.00051811352042606537,trajectory reached the configured collision radius
49,148,0.78946710426643307,-0.17783333333333329,fraction,250,0,collision,nan,0,34.644006690793255,0.069671048999999999,0.0010000000000000015,1.0000000000000031e-06,1.7749337165477754,-0.44194212808096933,0.00051812251067396848,trajectory reached the configured collision radius
49,149,0.78947428318726287,-0.17783333333333329,fraction,250,0,collision,nan,0,34.648527553688382,0.036960721000000002,0.0010000000000000002,1.0000000000000004e-06,1.774976728674557,-0.44194212807043565,0.00051813149534775805,trajectory reached the configured collision radius
49,150,0.78948146210809278,-0.17783333333333329,fraction,250,0,collision,nan,0,34.653081684002764,0.035206423000000001,0.001,9.9999999999999995e-07,1.7750197666086829,-0.44194212805990879,0.00051814047446953066,trajectory reached the configured collision radius
49,151,0.78948864102892258,-0.17783333333333329,fraction,250,0,collision,nan,0,34.657669591714765,0.044733527000000002,0.001,9.9999999999999995e-07,1.7750628305218095,-0.44194212804938787,0.00051814944806644698,trajectory reached the configured collision radius
50,133,0.78935942045398599,-0.16166666666666663,fraction,250,0,collision,nan,0,34.594760705116656,0.067347325,0.0010000000000000078,1.0000000000000156e-06,1.7743626294179851,-0.44194212820881168,0.00051801345351991401,trajectory reached the configured collision radius
50,134,0.78936659937481579,-0.16166666666666663,fraction,250,0,collision,nan,0,34.598851717433689,0.035033285999999997,0.0010000000000000009,1.0000000000000019e-06,1.7744056411957938,-0.4419421281981884,0.00051802251716286281,trajectory reached the configured collision radius
50,135,0.78937377829564559,-0.16166666666666663,fraction,250,0,collision,nan,0,34.602969838582631,0.035131572,0.001,9.9999999999999995e-07,1.7744486762446654,-0.441942128187571,0.00051803157485219272,trajectory reached the configured collision radius
50,136,0.78938095721647539,-0.16166666666666663,fraction,250,0,collision,nan,0,34.607115442451509,0.035018763000000001,0.001,9.9999999999999995e-07,1.7744917345306397,-0.44194212817696071,0.00051804062656325494,trajectory reached the configured collision radius
50,137,0.78938813613730519,-0.16166666666666663,fraction,250,0,collision,nan,0,34.611288910847399,0.068936732000000001,0.0010000000000000007,1.0000000000000014e-06,1.7745348160304024,-0.44194212816635742,0.00051804967227408398,trajectory reached the configured collision radius
50,138,0.78939531505813509,-0.16166666666666663,fraction,250,0,collision,nan,0,34.615490633725571,0.035376143999999998,0.001000000000000005,1.0000000000000101e-06,1.7745779207318264,-0.44194212815576106,0.00051805871196554918,trajectory reached the configured collision radius
50,139,0.78940249397896489,-0.16166666666666663,fraction,250,0,collision,nan,0,34.619721009421788,0.035966853,0.0010000000000000074,1.0000000000000148e-06,1.774621048634752,-0.44194212814517136,0.00051806774562143372,trajectory reached the configured collision radius
50,140,0.78940967289979469,-0.16166666666666663,fraction,250,0,collision,nan,0,34.623980444895722,0.035589333000000001,0.0010000000000000015,1.0000000000000031e-06,1.7746641997515173,-0.44194212813458855,0.00051807677322866612,trajectory reached the configured collision radius
50,141,0.78941685182062449,-0.16166666666666663,fraction,250,0,collision,nan,0,34.628269355984891,0.034539704999999997,0.0010000000000000002,1.0000000000000004e-06,1.7747073741077255,-0.44194212812401257,0.00051808579477743207,trajectory reached the configured collision radius
50,142,0.78942403074145429,-0.16166666666666663,fraction,250,0,collision,nan,0,34.63258816766146,0.036132187000000003,0.001,9.9999999999999995e-07,1.7747505717429934,-0.44194212811344374,0.00051809481026133478,trajectory reached the configured collision radius
50,143,0.78943120966228408,-0.16166666666666663,fraction,250,0,collision,nan,0,34.636937314310217,0.035602014000000001,0.001,9.9999999999999995e-07,1.7747937927117294,-0.44194212810288169,0.00051810381967758873,trajectory reached the configured collision radius
50,144,0.78943838858311388,-0.16166666666666663,fraction,250,0,collision,nan,0,34.641317240001065,0.034904336000000001,0.0010000000000000005,1.000000000000001e-06,1.7748370370839137,-0.44194212809232708,0.00051811282302719993,trajectory reached the configured collision radius
50,145,0.78944556750394368,-0.16166666666666663,fraction,250,0,collision,nan,0,34.645728398788386,0.035415253000000001,0.0010000000000000031,1.0000000000000061e-06,1.7748803049459925,-0.44194212808177885,0.00051812182031512135,trajectory reached the configured collision radius
50,146,0.78945274642477348,-0.16166666666666663,fraction,250,0,collision,nan,0,34.650171255008004,0.044684421000000002,0.0010000000000000087,1.0000000000000173e-06,1.7749235964017442,-0.44194212807123734,0.00051813081155049911,trajectory reached the configured collision radius
50,147,0.78945992534560328,-0.16166666666666663,fraction,250,0,collision,nan,0,34.65464628359338,0.045405886999999999,0.0010000000000000063,1.0000000000000127e-06,1.7749669115732478,-0.44194212806070349,0.00051813979674683087,trajectory reached the configured collision radius
50,148,0.78946710426643307,-0.16166666666666663,fraction,250,0,collision,nan,0,34.659153970403594,0.035101011000000001,0.0010000000000000022,1.0000000000000044e-06,1.7750102506019054,-0.44194212805017563,0.00051814877592222574,trajectory reached the configured collision radius
50,149,0.78947428318726287,-0.16166666666666663,fraction,250,0,collision,nan,0,34.663694812559378,0.034068552000000002,0.0010000000000000007,1.0000000000000014e-06,1.7750536136493855,-0.44194212803965499,0.0005181577490995904,trajectory reached the configured collision radius
50,150,0.78948146210809278,-0.16166666666666663,fraction,250,0,collision,nan,0,34.668269318795168,0.042386080999999999,0.001,9.9999999999999995e-07,1.7750970008987625,-0.44194212802914146,0.0005181667163068666,trajectory reached the configured collision radius
50,151,0.78948864102892258,-0.16166666666666663,fraction,250,0,collision,nan,0,34.672878009826363,0.036909860000000003,0.001,9.9999999999999995e-07,1.77514041255573,-0.44194212801863453,0.00051817567757732449,trajectory reached the configured collision radius
51,133,0.78935942045398599,-0.14549999999999996,fraction,250,0,collision,nan,0,34.609882566608555,0.038086334999999999,0.0010000000000000096,1.0000000000000192e-06,1.7744404050539775,-0.44194212817650907,0.00051804101210400899,trajectory reached the configured collision radius
51,134,0.78936659937481579,-0.14549999999999996,fraction,250,0,collision,nan,0,34.613989256591871,0.038305286000000001,0.0010000000000000013,1.0000000000000027e-06,1.7744837585273456,-0.44194212816590017,0.00051805006225731133,trajectory reached the configured collision radius
51,135,0.78937377829564559,-0.14549999999999996,fraction,250,0,collision,nan,0,34.618123337961983,0.040299306,0.0010000000000000002,1.0000000000000004e-06,1.7745271333166972,-0.44194212815529893,0.00051805910598147519,trajectory reached the configured collision radius
51,136,0.78938095721647539,-0.14549999999999996,fraction,250,0,collision,nan,0,34.622285191577745,0.039788068000000003,0.001,9.9999999999999995e-07,1.7745705294061038,-0.44194212814470513,0.00051806814325535018,trajectory reached the configured collision radius
51,137,0.78938813613730519,-0.14549999999999996,fraction,250,0,collision,nan,0,34.626475206434392,0.069728016000000004,0.0010000000000000002,1.0000000000000004e-06,1.7746139467911979,-0.44194212813411871,0.00051807717406054769,trajectory reached the configured collision radius
51,138,0.78939531505813509,-0.14549999999999996,fraction,250,0,collision,nan,0,34.630693779898053,0.036857873999999999,0.0010000000000000031,1.0000000000000061e-06,1.7746573854797845,-0.44194212812353983,0.00051808619838167921,trajectory reached the configured collision radius
51,139,0.78940249397896489,-0.14549999999999996,fraction,250,0,collision,nan,0,34.634941317948417,0.049389875999999999,0.0010000000000000106,1.0000000000000213e-06,1.7747008454925934,-0.44194212811296807,0.00051809521620648869,trajectory reached the configured collision radius
51,140,0.78940967289979469,-0.14549999999999996,fraction,250,0,collision,nan,0,34.639218235430185,0.073387390999999996,0.0010000000000000026,1.0000000000000052e-06,1.7747443268638461,-0.44194212810240385,0.00051810422752596858,trajectory reached the configured collision radius
51,141,0.78941685182062449,-0.14549999999999996,fraction,250,0,collision,nan,0,34.643524956316512,0.045860374000000002,0.0010000000000000005,1.000000000000001e-06,1.7747878296421977,-0.44194212809184696,0.00051811323233457221,trajectory reached the configured collision radius
51,142,0.78942403074145429,-0.14549999999999996,fraction,250,0,collision,nan,0,34.647861913976996,0.052974865000000003,0.001,9.9999999999999995e-07,1.7748313538913667,-0.44194212808129751,0.00051812223063036299,trajectory reached the configured collision radius
51,143,0.78943120966228408,-0.14549999999999996,fraction,250,0,collision,nan,0,34.652229551459719,0.044669577000000002,0.001,9.9999999999999995e-07,1.7748748996910046,-0.441942128070756,0.00051813122241519446,trajectory reached the configured collision radius
51,144,0.78943838858311388,-0.14549999999999996,fraction,250,0,collision,nan,0,34.656628321783728,0.065460645999999997,0.001,9.9999999999999995e-07,1.7749184671375668,-0.44194212806022165,0.00051814020769489486,trajectory reached the configured collision radius
51,145,0.78944556750394368,-0.14549999999999996,fraction,250,0,collision,nan,0,34.661058688242051,0.077717640000000004,0.0010000000000000013,1.0000000000000027e-06,1.7749620563451953,-0.44194212804969463,0.00051814918647945035,trajectory reached the configured collision radius
51,146,0.78945274642477348,-0.14549999999999996,fraction,250,0,collision,nan,0,34.665521124711866,0.049159381000000002,0.0010000000000000046,1.0000000000000091e-06,1.7750056674467092,-0.4419421280391751,0.00051815815878324676,trajectory reached the configured collision radius
51,147,0.78945992534560328,-0.14549999999999996,fraction,250,0,collision,nan,0,34.670016115985256,0.034705998000000002,0.0010000000000000115,1.000000000000023e-06,1.7750493005944998,-0.44194212802866273,0.00051816712462525439,trajectory reached the configured collision radius
51,148,0.78946710426643307,-0.14549999999999996,fraction,250,0,collision,nan,0,34.674544158106293,0.057038011,0.0010000000000000052,1.0000000000000105e-06,1.7750929559616841,-0.44194212801815796,0.00051817608402922495,trajectory reached the configured collision radius
51,149,0.78947428318726287,-0.14549999999999996,fraction,250,0,collision,nan,0,34.679105758722336,0.035164223000000001,0.001000000000000002,1.000000000000004e-06,1.7751366337431607,-0.44194212800766064,0.00051818503702398913,trajectory reached the configured collision radius
51,150,0.78948146210809278,-0.14549999999999996,fraction,250,0,collision,nan,0,34.683701437451383,0.039226781000000002,0.0010000000000000007,1.0000000000000014e-06,1.7751803341567132,-0.44194212799717025,0.00051819398364363423,trajectory reached the configured collision radius
51,151,0.78948864102892258,-0.14549999999999996,fraction,250,0,collision,nan,0,34.688331726259527,0.036111184999999997,0.0010000000000000002,1.0000000000000004e-06,1.7752240574442508,-0.44194212798668736,0.00051820292392779977,trajectory reached the configured collision radius
52,133,0.78935942045398599,-0.1293333333333333,fraction,250,0,collision,nan,0,34.62524651149635,0.057993258999999998,0.0010000000000000076,1.0000000000000152e-06,1.7745249011542732,-0.44194212814284439,0.00051806973073396402,trajectory reached the configured collision radius
52,134,0.78936659937481579,-0.1293333333333333,fraction,250,0,collision,nan,0,34.629369483313184,0.035103527000000002,0.0010000000000000037,1.0000000000000074e-06,1.7745685593718732,-0.44194212813226119,0.00051807875850841617,trajectory reached the configured collision radius
52,135,0.78937377829564559,-0.1293333333333333,fraction,250,0,collision,nan,0,34.633520141289971,0.033855096000000001,0.0010000000000000002,1.0000000000000004e-06,1.7746122369627306,-0.4419421281216861,0.00051808777938795226,trajectory reached the configured collision radius
52,136,0.78938095721647539,-0.1293333333333333,fraction,250,0,collision,nan,0,34.637698873582508,0.067155066999999999,0.001,9.9999999999999995e-07,1.7746559339304908,-0.44194212811111905,0.00051809679335505494,trajectory reached the configured collision radius
52,137,0.78938813613730519,-0.1293333333333333,fraction,250,0,collision,nan,0,34.641906076711777,0.041046500999999999,0.001,9.9999999999999995e-07,1.7746996502913426,-0.44194212810055966,0.00051810580039522518,trajectory reached the configured collision radius
52,138,0.78939531505813509,-0.1293333333333333,fraction,250,0,collision,nan,0,34.646142155803268,0.033911727000000003,0.0010000000000000009,1.0000000000000019e-06,1.7747433860746531,-0.44194212809000849,0.00051811480049704188,trajectory reached the configured collision radius
52,139,0.78940249397896489,-0.1293333333333333,fraction,250,0,collision,nan,0,34.650407524840787,0.037413583,0.0010000000000000059,1.0000000000000118e-06,1.7747871413237155,-0.44194212807946515,0.00051812379365241885,trajectory reached the configured collision radius
52,140,0.78940967289979469,-0.1293333333333333,fraction,250,0,collision,nan,0,34.654702606928929,0.033873883,0.0010000000000000072,1.0000000000000144e-06,1.7748309160964815,-0.44194212806892996,0.00051813277985670952,trajectory reached the configured collision radius
52,141,0.78941685182062449,-0.1293333333333333,fraction,250,0,collision,nan,0,34.659027834562409,0.049800773999999999,0.0010000000000000015,1.0000000000000031e-06,1.7748747104663316,-0.44194212805840238,0.00051814175910886936,trajectory reached the configured collision radius
52,142,0.78942403074145429,-0.1293333333333333,fraction,250,0,collision,nan,0,34.663383649905754,0.035235882000000003,0.0010000000000000002,1.0000000000000004e-06,1.7749185245229191,-0.44194212804788313,0.00051815073141167221,trajectory reached the configured collision radius
52,143,0.78943120966228408,-0.1293333333333333,fraction,250,0,collision,nan,0,34.667770505089337,0.035009261,0.001,9.9999999999999995e-07,1.7749623583730858,-0.44194212803737176,0.00051815969677187427,trajectory reached the configured collision radius
52,144,0.78943838858311388,-0.1293333333333333,fraction,250,0,collision,nan,0,34.672188862506609,0.035421638999999998,0.001,9.9999999999999995e-07,1.7750062121416224,-0.44194212802686861,0.00051816865520038977,trajectory reached the configured collision radius
52,145,0.78944556750394368,-0.1293333333333333,fraction,250,0,collision,nan,0,34.676639195133369,0.034914892000000003,0.0010000000000000002,1.0000000000000004e-06,1.7750500859723792,-0.44194212801637256,0.00051817760671252395,trajectory reached the configured collision radius
52,146,0.78945274642477348,-0.1293333333333333,fraction,250,0,collision,nan,0,34.681121986849178,0.062576404000000002,0.0010000000000000011,1.0000000000000023e-06,1.7750939800291712,-0.441942128005885,0.00051818655132815155,trajectory reached the configured collision radius
52,147,0.78945992534560328,-0.1293333333333333,fraction,250,0,collision,nan,0,34.685637732782212,0.034158317000000001,0.0010000000000000035,1.0000000000000069e-06,1.7751378944968288,-0.44194212799540522,0.0005181954890719605,trajectory reached the configured collision radius
52,148,0.78946710426643307,-0.1293333333333333,fraction,250,0,collision,nan,0,34.690186939654751,0.037242325,0.0010000000000000085,1.0000000000000169e-06,1.7751818295823611,-0.44194212798493326,0.00051820441997369013,trajectory reached the configured collision radius
52,149,0.78947428318726287,-0.1293333333333333,fraction,250,0,collision,nan,0,34.694770126155362,0.033930042000000001,0.001000000000000008,1.000000000000016e-06,1.7752257855160214,-0.44194212797446913,0.00051821334406832158,trajectory reached the configured collision radius
52,150,0.78948146210809278,-0.1293333333333333,fraction,250,0,collision,nan,0,34.699387823314588,0.034071953000000002,0.0010000000000000037,1.0000000000000074e-06,1.775269762552536,-0.44194212796401272,0.00051822226139639264,trajectory reached the configured collision radius
52,151,0.78948864102892258,-0.1293333333333333,fraction,250,0,collision,nan,0,34.704040574904539,0.035176678000000003,0.0010000000000000015,1.0000000000000031e-06,1.7753137609724239,-0.44194212795356402,0.00051823117200421346,trajectory reached the configured collision radius
53,133,0.78935942045398599,-0.11316666666666664,fraction,250,0,collision,nan,0,34.640862055806004,0.033248,0.0010000000000000022,1.0000000000000044e-06,1.7746161219406784,-0.44194212810783512,0.00051809959447598585,trajectory reached the configured collision radius
53,134,0.78936659937481579,-0.11316666666666664,fraction,250,0,collision,nan,0,34.645001950965394,0.047758028000000001,0.0010000000000000117,1.0000000000000235e-06,1.7746600474637091,-0.44194212809728806,0.00051810859093818866,trajectory reached the configured collision radius
53,135,0.78937377829564559,-0.11316666666666664,fraction,250,0,collision,nan,0,34.649169840069206,0.035211467000000003,0.0010000000000000024,1.0000000000000048e-06,1.7747039904339867,-0.44194212808674949,0.00051811758004997855,trajectory reached the configured collision radius
53,136,0.78938095721647539,-0.11316666666666664,fraction,250,0,collision,nan,0,34.653366118919671,0.034390154999999999,0.0010000000000000002,1.0000000000000004e-06,1.7747479508763722,-0.4419421280762198,0.00051812656179777133,trajectory reached the configured collision radius
53,137,0.78938813613730519,-0.11316666666666664,fraction,250,0,collision,nan,0,34.657591191921064,0.035307891000000001,0.001,9.9999999999999995e-07,1.7747919288292664,-0.44194212806569827,0.00051813553617110326,trajectory reached the configured collision radius
53,138,0.78939531505813509,-0.11316666666666664,fraction,250,0,collision,nan,0,34.661845472336502,0.035074210000000001,0.001,9.9999999999999995e-07,1.7748359243453105,-0.44194212805518535,0.00051814450316284321,trajectory reached the configured collision radius
53,139,0.78940249397896489,-0.11316666666666664,fraction,250,0,collision,nan,0,34.666129382538863,0.043351918000000003,0.0010000000000000009,1.0000000000000019e-06,1.7748799374921054,-0.44194212804468069,0.00051815346276928918,trajectory reached the configured collision radius
53,140,0.78940967289979469,-0.11316666666666664,fraction,250,0,collision,nan,0,34.670443354290953,0.035171952999999999,0.0010000000000000052,1.0000000000000105e-06,1.7749239683530456,-0.4419421280341847,0.00051816241499037981,trajectory reached the configured collision radius
53,141,0.78941685182062449,-0.11316666666666664,fraction,250,0,collision,nan,0,34.674787829021973,0.034678253999999999,0.0010000000000000083,1.0000000000000165e-06,1.7749680170281141,-0.44194212802369698,0.0005181713598298546,trajectory reached the configured collision radius
53,142,0.78942403074145429,-0.11316666666666664,fraction,250,0,collision,nan,0,34.679163258122507,0.03473159,0.0010000000000000024,1.0000000000000048e-06,1.7750120836348262,-0.44194212801321792,0.00051818029729543797,trajectory reached the configured collision radius
53,143,0.78943120966228408,-0.11316666666666664,fraction,250,0,collision,nan,0,34.683570103244783,0.034680218999999998,0.0010000000000000005,1.000000000000001e-06,1.7750561683089729,-0.44194212800274718,0.00051818922739901927,trajectory reached the configured collision radius
53,144,0.78943838858311388,-0.11316666666666664,fraction,250,0,collision,nan,0,34.688008836618309,0.035883989999999998,0.001,9.9999999999999995e-07,1.7751002712057935,-0.44194212799228494,0.00051819815015688474,trajectory reached the configured collision radius
53,145,0.78944556750394368,-0.11316666666666664,fraction,250,0,collision,nan,0,34.692479941377492,0.035044717000000003,0.001,9.9999999999999995e-07,1.7751443925008168,-0.44194212798183086,0.00051820706558988814,trajectory reached the configured collision radius
53,146,0.78945274642477348,-0.11316666666666664,fraction,250,0,collision,nan,0,34.696983911898215,0.035391220000000001,0.001,9.9999999999999995e-07,1.7751885323909369,-0.44194212797138543,0.00051821597372368354,trajectory reached the configured collision radius
53,147,0.78945992534560328,-0.11316666666666664,fraction,250,0,collision,nan,0,34.701521254153263,0.035395652,0.0010000000000000002,1.0000000000000004e-06,1.7752326910955747,-0.44194212796094834,0.00051822487458895352,trajectory reached the configured collision radius
53,148,0.78946710426643307,-0.11316666666666664,fraction,250,0,collision,nan,0,34.706092486077146,0.067831919000000004,0.0010000000000000011,1.0000000000000023e-06,1.7752768688577765,-0.44194212795051957,0.00051823376822165827,trajectory reached the configured collision radius
53,149,0.78947428318726287,-0.11316666666666664,fraction,250,0,collision,nan,0,34.710698137946586,0.034376733,0.0010000000000000031,1.0000000000000061e-06,1.7753210659453988,-0.44194212794009918,0.0005182426546632453,trajectory reached the configured collision radius
53,150,0.78948146210809278,-0.11316666666666664,fraction,250,0,collision,nan,0,34.715338752777129,0.059576253000000003,0.0010000000000000065,1.0000000000000131e-06,1.7753652826524406,-0.44194212792968668,0.00051825153396094789,trajectory reached the configured collision radius
53,151,0.78948864102892258,-0.11316666666666664,fraction,250,0,collision,nan,0,34.720014886736919,0.064298426000000006,0.0010000000000000113,1.0000000000000226e-06,1.7754095193003934,-0.44194212791928245,0.00051826040616803951,trajectory reached the configured collision radius
54,133,0.78935942045398599,-0.096999999999999975,fraction,250,0,collision,nan,0,34.656739187554606,0.035340215000000001,0.0010000000000000002,1.0000000000000004e-06,1.7747140720426891,-0.44194212807149968,0.00051813058783053241,trajectory reached the configured collision radius
54,134,0.78936659937481579,-0.096999999999999975,fraction,250,0,collision,nan,0,34.660896687865502,0.040417690999999999,0.001000000000000002,1.000000000000004e-06,1.7747582269224591,-0.44194212806099958,0.00051813954399914665,trajectory reached the configured collision radius
54,135,0.78937377829564559,-0.096999999999999975,fraction,250,0,collision,nan,0,34.665082503774947,0.054134678999999998,0.0010000000000000102,1.0000000000000205e-06,1.7748023973447196,-0.44194212805050842,0.00051814849237278703,trajectory reached the configured collision radius
54,136,0.78938095721647539,-0.096999999999999975,fraction,250,0,collision,nan,0,34.669297039106489,0.05236064,0.0010000000000000033,1.0000000000000065e-06,1.774846583357246,-0.44194212804002592,0.0005181574329420044,trajectory reached the configured collision radius
54,137,0.78938813613730519,-0.096999999999999975,fraction,250,0,collision,nan,0,34.673540706539704,0.034297334999999998,0.0010000000000000005,1.000000000000001e-06,1.7748907850223179,-0.44194212802955268,0.00051816636570065143,trajectory reached the configured collision radius
54,138,0.78939531505813509,-0.096999999999999975,fraction,250,0,collision,nan,0,34.677813927866232,0.034399058000000003,0.001,9.9999999999999995e-07,1.7749350024175468,-0.44194212801908844,0.00051817529064605644,trajectory reached the configured collision radius
54,139,0.78940249397896489,-0.096999999999999975,fraction,250,0,collision,nan,0,34.682117134266576,0.043869367999999999,0.001,9.9999999999999995e-07,1.7749792356366529,-0.44194212800863281,0.0005181842077791695,trajectory reached the configured collision radius
54,140,0.78940967289979469,-0.096999999999999975,fraction,250,0,collision,nan,0,34.686450766590383,0.034635944000000002,0.0010000000000000002,1.0000000000000004e-06,1.775023484790343,-0.44194212799818627,0.00051819311710476113,trajectory reached the configured collision radius
54,141,0.78941685182062449,-0.096999999999999975,fraction,250,0,collision,nan,0,34.690815275645328,0.034768978999999998,0.0010000000000000024,1.0000000000000048e-06,1.7750677500070278,-0.44194212798774907,0.00051820201863157442,trajectory reached the configured collision radius
54,142,0.78942403074145429,-0.096999999999999975,fraction,250,0,collision,nan,0,34.695211122504354,0.034175188000000002,0.0010000000000000083,1.0000000000000165e-06,1.7751120314339421,-0.44194212797732035,0.00051821091237254412,trajectory reached the configured collision radius
54,143,0.78943120966228408,-0.096999999999999975,fraction,250,0,collision,nan,0,34.699638778820557,0.070286392000000003,0.0010000000000000063,1.0000000000000127e-06,1.7751563292379788,-0.44194212796690097,0.00051821979834494982,trajectory reached the configured collision radius
54,144,0.78943838858311388,-0.096999999999999975,fraction,250,0,collision,nan,0,34.704098727150665,0.034644807,0.001000000000000002,1.000000000000004e-06,1.7752006436066787,-0.44194212795649018,0.00051822867657067668,trajectory reached the configured collision radius
54,145,0.78944556750394368,-0.096999999999999975,fraction,250,0,collision,nan,0,34.708591461297097,0.034291324999999998,0.0010000000000000002,1.0000000000000004e-06,1.7752449747493562,-0.4419421279460885,0.00051823754707639195,trajectory reached the configured collision radius
54,146,0.78945274642477348,-0.096999999999999975,fraction,250,0,collision,nan,0,34.71311748666416,0.034788580999999999,0.0010000000000000002,1.0000000000000004e-06,1.7752893228981659,-0.44194212793569543,0.00051824640989378155,trajectory reached the configured collision radius
54,147,0.78945992534560328,-0.096999999999999975,fraction,250,0,collision,nan,0,34.717677320616076,0.034378512,0.001,9.9999999999999995e-07,1.775333688309193,-0.44194212792531135,0.00051825526505978967,trajectory reached the configured collision radius
54,148,0.78946710426643307,-0.096999999999999975,fraction,250,0,collision,nan,0,34.722271492868096,0.038762956000000001,0.001,9.9999999999999995e-07,1.7753780712638354,-0.44194212791493581,0.00051826411261684461,trajectory reached the configured collision radius
54,149,0.78947428318726287,-0.096999999999999975,fraction,250,0,collision,nan,0,34.726900545877662,0.033974800999999999,0.001,9.9999999999999995e-07,1.7754224720698588,-0.44194212790456899,0.00051827295261312615,trajectory reached the configured collision radius
54,150,0.78948146210809278,-0.096999999999999975,fraction,250,0,collision,nan,0,34.731565035257496,0.034460823000000002,0.0010000000000000002,1.0000000000000004e-06,1.7754668910628866,-0.44194212789421133,0.00051828178510283831,trajectory reached the configured collision radius
54,151,0.78948864102892258,-0.096999999999999975,fraction,250,0,collision,nan,0,34.736265530207092,0.034882836,0.0010000000000000007,1.0000000000000014e-06,1.7755113286076798,-0.44194212788386156,0.00051829061014647428,trajectory reached the configured collision radius
55,133,0.78935942045398599,-0.080833333333333313,fraction,250,0,collision,nan,0,34.672888404105443,0.034410958999999998,0.001,9.9999999999999995e-07,1.7748187561192226,-0.44194212803385702,0.0005181626946144833,trajectory reached the configured collision radius
55,134,0.78936659937481579,-0.080833333333333313,fraction,250,0,collision,nan,0,34.677064234927826,0.064433932999999999,0.001,9.9999999999999995e-07,1.7748631018750469,-0.44194212802341393,0.00051817160145674671,trajectory reached the configured collision radius
55,135,0.78937377829564559,-0.080833333333333313,fraction,250,0,collision,nan,0,34.681268717809559,0.048261416000000001,0.0010000000000000007,1.0000000000000014e-06,1.7749074612945013,-0.44194212801298033,0.00051818050007099257,trajectory reached the configured collision radius
55,136,0.78938095721647539,-0.080833333333333313,fraction,250,0,collision,nan,0,34.685502264996963,0.038302244999999999,0.0010000000000000048,1.0000000000000095e-06,1.7749518344498989,-0.44194212800255611,0.00051818939045213954,trajectory reached the configured collision radius
55,137,0.78938813613730519,-0.080833333333333313,fraction,250,0,collision,nan,0,34.689765297854201,0.041224928000000001,0.0010000000000000078,1.0000000000000156e-06,1.7749962214292061,-0.44194212799214122,0.00051819827259857575,trajectory reached the configured collision radius
55,138,0.78939531505813509,-0.080833333333333313,fraction,250,0,collision,nan,0,34.694058247139075,0.034614231000000002,0.001000000000000002,1.000000000000004e-06,1.7750406223367963,-0.4419421279817361,0.00051820714651233256,trajectory reached the configured collision radius
55,139,0.78940249397896489,-0.080833333333333313,fraction,250,0,collision,nan,0,34.698381553278516,0.068038257000000005,0.0010000000000000002,1.0000000000000004e-06,1.7750850372943214,-0.44194212797134075,0.00051821601219921966,trajectory reached the configured collision radius
55,140,0.78940967289979469,-0.080833333333333313,fraction,250,0,collision,nan,0,34.702735666668985,0.035005156000000003,0.001,9.9999999999999995e-07,1.7751294664415953,-0.44194212796095461,0.00051822486966909321,trajectory reached the configured collision radius
55,141,0.78941685182062449,-0.080833333333333313,fraction,250,0,collision,nan,0,34.707121047973644,0.034380579000000001,0.001,9.9999999999999995e-07,1.7751739099374748,-0.44194212795057736,0.0005182337189359069,trajectory reached the configured collision radius
55,142,0.78942403074145429,-0.080833333333333313,fraction,250,0,collision,nan,0,34.7115381684428,0.037279393000000001,0.0010000000000000005,1.000000000000001e-06,1.7752183679608762,-0.44194212794021026,0.00051824256001805312,trajectory reached the configured collision radius
55,143,0.78943120966228408,-0.080833333333333313,fraction,250,0,collision,nan,0,34.715987510237525,0.034949408000000001,0.0010000000000000015,1.0000000000000031e-06,1.7752628407116933,-0.44194212792985199,0.00051825139293844779,trajectory reached the configured collision radius
55,144,0.78943838858311388,-0.080833333333333313,fraction,250,0,collision,nan,0,34.720469566772586,0.034544162000000003,0.001000000000000005,1.0000000000000101e-06,1.7753073284119267,-0.44194212791950316,0.00051826021772482449,trajectory reached the configured collision radius
55,145,0.78944556750394368,-0.080833333333333313,fraction,250,0,collision,nan,0,34.724984843070537,0.054452791,0.0010000000000000113,1.0000000000000226e-06,1.7753518313068,-0.44194212790916415,0.00051826903440990192,trajectory reached the configured collision radius
55,146,0.78945274642477348,-0.080833333333333313,fraction,250,0,collision,nan,0,34.729533856125713,0.034843330999999998,0.0010000000000000052,1.0000000000000105e-06,1.7753963496658378,-0.44194212789883408,0.00051827784303164312,trajectory reached the configured collision radius
55,147,0.78945992534560328,-0.080833333333333313,fraction,250,0,collision,nan,0,34.734117135290781,0.034781278999999998,0.001000000000000002,1.000000000000004e-06,1.7754408837841276,-0.4419421278885135,0.00051828664363347894,trajectory reached the configured collision radius
55,148,0.78946710426643307,-0.080833333333333313,fraction,250,0,collision,nan,0,34.738735222670421,0.035269340000000003,0.0010000000000000007,1.0000000000000014e-06,1.7754854339835708,-0.44194212787820181,0.00051829543626457514,trajectory reached the configured collision radius
55,149,0.78947428318726287,-0.080833333333333313,fraction,250,0,collision,nan,0,34.743388673538163,0.062138591999999999,0.0010000000000000002,1.0000000000000004e-06,1.7755300006142583,-0.44194212786789927,0.00051830422098010924,trajectory reached the configured collision radius
55,150,0.78948146210809278,-0.080833333333333313,fraction,250,0,collision,nan,0,34.748078056763468,0.034565734000000001,0.001,9.9999999999999995e-07,1.7755745840558137,-0.44194212785760573,0.00051831299784148776,trajectory reached the configured collision radius
55,151,0.78948864102892258,-0.080833333333333313,fraction,250,0,collision,nan,0,34.752803955263069,0.034521137,0.001,9.9999999999999995e-07,1.7756191847189073,-0.44194212784732084,0.00051832176691670134,trajectory reached the configured collision radius
56,133,0.78935942045398599,-0.06466666666666665,fraction,250,0,collision,nan,0,34.689320752797549,0.035097442999999999,0.0010000000000000033,1.0000000000000065e-06,1.7749301784585585,-0.44194212799492583,0.00051819589783638049,trajectory reached the configured collision radius
56,134,0.78936659937481579,-0.06466666666666665,fraction,250,0,collision,nan,0,34.693515686630008,0.033987117999999997,0.0010000000000000005,1.000000000000001e-06,1.7749746760557474,-0.44194212798455074,0.00051820474626468999,trajectory reached the configured collision radius
56,135,0.78937377829564559,-0.06466666666666665,fraction,250,0,collision,nan,0,34.697739624804967,0.034082382000000001,0.001,9.9999999999999995e-07,1.7750191854683024,-0.44194212797418564,0.00051821358604405628,trajectory reached the configured collision radius
56,136,0.78938095721647539,-0.06466666666666665,fraction,250,0,collision,nan,0,34.701992988422177,0.065899198000000006,0.001,9.9999999999999995e-07,1.77506370679484,-0.4419421279638302,0.00051822241717397769,trajectory reached the configured collision radius
56,137,0.78938813613730519,-0.06466666666666665,fraction,250,0,collision,nan,0,34.706276207979407,0.035345625999999998,0.0010000000000000007,1.0000000000000014e-06,1.7751082401507345,-0.44194212795348498,0.00051823123965758573,trajectory reached the configured collision radius
56,138,0.78939531505813509,-0.06466666666666665,fraction,250,0,collision,nan,0,34.71058972365509,0.034850368999999999,0.0010000000000000039,1.0000000000000078e-06,1.7751527856689377,-0.44194212794314919,0.00051824005350181691,trajectory reached the configured collision radius
56,139,0.78940249397896489,-0.06466666666666665,fraction,250,0,collision,nan,0,34.714933985605704,0.034615012000000001,0.0010000000000000104,1.0000000000000209e-06,1.7751973435009276,-0.44194212793282389,0.00051824885871761765,trajectory reached the configured collision radius
56,140,0.78940967289979469,-0.06466666666666665,fraction,250,0,collision,nan,0,34.719309454265783,0.035510334999999997,0.0010000000000000033,1.0000000000000065e-06,1.7752419138175441,-0.4419421279225082,0.00051825765532007343,trajectory reached the configured collision radius
56,141,0.78941685182062449,-0.06466666666666665,fraction,250,0,collision,nan,0,34.723716600668624,0.056357954000000002,0.0010000000000000007,1.0000000000000014e-06,1.7752864968100486,-0.44194212791220266,0.00051826644332865447,trajectory reached the configured collision radius
56,142,0.78942403074145429,-0.06466666666666665,fraction,250,0,collision,nan,0,34.728155906769572,0.066674415000000001,0.0010000000000000002,1.0000000000000004e-06,1.7753310926909913,-0.44194212790190712,0.00051827522276739568,trajectory reached the configured collision radius
56,143,0.78943120966228408,-0.06466666666666665,fraction,250,0,collision,nan,0,34.732627865788388,0.035920408000000001,0.001,9.9999999999999995e-07,1.7753757016954046,-0.44194212789162124,0.00051828399366510031,trajectory reached the configured collision radius
56,144,0.78943838858311388,-0.06466666666666665,fraction,250,0,collision,nan,0,34.737132982568021,0.059932154000000001,0.001,9.9999999999999995e-07,1.7754203240818587,-0.44194212788134485,0.00051829275605554397,trajectory reached the configured collision radius
56,145,0.78944556750394368,-0.06466666666666665,fraction,250,0,collision,nan,0,34.741671773937952,0.057085470999999999,0.001,9.9999999999999995e-07,1.7754649601335657,-0.44194212787107878,0.00051830150997775565,trajectory reached the configured collision radius
56,146,0.78945274642477348,-0.06466666666666665,fraction,250,0,collision,nan,0,34.746244769100578,0.066428137999999998,0.0010000000000000007,1.0000000000000014e-06,1.7755096101597145,-0.44194212786082204,0.00051831025547619978,trajectory reached the configured collision radius
56,147,0.78945992534560328,-0.06466666666666665,fraction,250,0,collision,nan,0,34.750852510027372,0.065559647999999998,0.0010000000000000024,1.0000000000000048e-06,1.775554274496626,-0.44194212785057507,0.00051831899260105434,trajectory reached the configured collision radius
56,148,0.78946710426643307,-0.06466666666666665,fraction,250,0,collision,nan,0,34.755495551874716,0.035023028999999997,0.0010000000000000048,1.0000000000000095e-06,1.7755989535091463,-0.44194212784033754,0.00051832772140845247,trajectory reached the configured collision radius
56,149,0.78947428318726287,-0.06466666666666665,fraction,250,0,collision,nan,0,34.760174463415602,0.035255307,0.0010000000000000087,1.0000000000000173e-06,1.7756436475919997,-0.44194212783010955,0.00051833644196078025,trajectory reached the configured collision radius
56,150,0.78948146210809278,-0.06466666666666665,fraction,250,0,collision,nan,0,34.764889827486982,0.035218143,0.0010000000000000096,1.0000000000000192e-06,1.7756883571713007,-0.44194212781989101,0.0005183451543269035,trajectory reached the configured collision radius
56,151,0.78948864102892258,-0.06466666666666665,fraction,250,0,collision,nan,0,34.769642241459358,0.034822087000000002,0.0010000000000000063,1.0000000000000127e-06,1.7757330827061144,-0.4419421278096819,0.00051835385858255427,trajectory reached the configured collision radius
57,133,0.78935942045398599,-0.048499999999999988,fraction,250,0,collision,nan,0,34.70604787524276,0.035525534999999997,0.0010000000000000015,1.0000000000000031e-06,1.7750483425516261,-0.44194212795472759,0.00051823017956336033,trajectory reached the configured collision radius
57,134,0.78936659937481579,-0.048499999999999988,fraction,250,0,collision,nan,0,34.710262735679834,0.061678542000000003,0.0010000000000000076,1.0000000000000152e-06,1.7750929523797105,-0.44194212794443122,0.00051823896043201665,trajectory reached the configured collision radius
57,135,0.78937377829564559,-0.048499999999999988,fraction,250,0,collision,nan,0,34.714506969675035,0.034884335000000002,0.0010000000000000048,1.0000000000000095e-06,1.7751375722102563,-0.44194212793414478,0.00051824773224346562,trajectory reached the configured collision radius
57,136,0.78938095721647539,-0.048499999999999988,fraction,250,0,collision,nan,0,34.718781007642932,0.038525052999999997,0.0010000000000000007,1.0000000000000014e-06,1.7751822021699333,-0.44194212792386917,0.00051825649500198009,trajectory reached the configured collision radius
57,137,0.78938813613730519,-0.048499999999999988,fraction,250,0,collision,nan,0,34.72308528969284,0.03530374,0.0010000000000000002,1.0000000000000004e-06,1.7752268424033986,-0.44194212791360349,0.00051826524871566792,trajectory reached the configured collision radius
57,138,0.78939531505813509,-0.048499999999999988,fraction,250,0,collision,nan,0,34.727420265926,0.033920600000000002,0.001,9.9999999999999995e-07,1.7752714930740761,-0.44194212790334886,0.00051827399339659836,trajectory reached the configured collision radius
57,139,0.78940249397896489,-0.048499999999999988,fraction,250,0,collision,nan,0,34.731786396738165,0.033989974999999999,0.0010000000000000002,1.0000000000000004e-06,1.775316154365109,-0.44194212789310411,0.00051828272906102261,trajectory reached the configured collision radius
57,140,0.78940967289979469,-0.048499999999999988,fraction,250,0,collision,nan,0,34.73618415313576,0.068519495,0.0010000000000000009,1.0000000000000019e-06,1.7753608264803717,-0.4419421278828698,0.00051829145572951374,trajectory reached the configured collision radius
57,141,0.78941685182062449,-0.048499999999999988,fraction,250,0,collision,nan,0,34.740614017069774,0.058541359000000001,0.0010000000000000037,1.0000000000000074e-06,1.7754055096454586,-0.44194212787264603,0.00051830017342724313,trajectory reached the configured collision radius
57,142,0.78942403074145429,-0.048499999999999988,fraction,250,0,collision,nan,0,34.74507648177336,0.035025906000000002,0.0010000000000000102,1.0000000000000205e-06,1.7754502041087001,-0.44194212786243242,0.00051830888218411969,trajectory reached the configured collision radius
57,143,0.78943120966228408,-0.048499999999999988,fraction,250,0,collision,nan,0,34.74957205212025,0.063823924000000004,0.0010000000000000054,1.000000000000011e-06,1.7754949101423336,-0.44194212785222931,0.0005183175820350146,trajectory reached the configured collision radius
57,144,0.78943838858311388,-0.048499999999999988,fraction,250,0,collision,nan,0,34.754101244991475,0.036963732999999999,0.001000000000000002,1.000000000000004e-06,1.7755396280435949,-0.44194212784203601,0.00051832627302002125,trajectory reached the configured collision radius
57,145,0.78944556750394368,-0.048499999999999988,fraction,250,0,collision,nan,0,34.758664589664221,0.035313895999999997,0.0010000000000000007,1.0000000000000014e-06,1.7755843581360466,-0.44194212783185344,0.00051833495518466505,trajectory reached the configured collision radius
57,146,0.78945274642477348,-0.048499999999999988,fraction,250,0,collision,nan,0,34.763262628205233,0.035009742000000003,0.001,9.9999999999999995e-07,1.7756291007706895,-0.44194212782168057,0.00051834362858013358,trajectory reached the configured collision radius
57,147,0.78945992534560328,-0.048499999999999988,fraction,250,0,collision,nan,0,34.767895915890229,0.034570525999999997,0.001,9.9999999999999995e-07,1.7756738563273884,-0.44194212781151798,0.00051835229326355778,trajectory reached the configured collision radius
57,148,0.78946710426643307,-0.048499999999999988,fraction,250,0,collision,nan,0,34.772565021640744,0.048593262999999998,0.001,9.9999999999999995e-07,1.7757186252163819,-0.4419421278013651,0.00051836094929829204,trajectory reached the configured collision radius
57,149,0.78947428318726287,-0.048499999999999988,fraction,250,0,collision,nan,0,34.777270528464996,0.035047668999999997,0.001,9.9999999999999995e-07,1.7757634078794686,-0.44194212779122244,0.00051836959675412742,trajectory reached the configured collision radius
57,150,0.78948146210809278,-0.048499999999999988,fraction,250,0,collision,nan,0,34.782013033934284,0.034988116999999999,0.001,9.9999999999999995e-07,1.7758082047917672,-0.44194212778108954,0.00051837823570764427,trajectory reached the configured collision radius
57,151,0.78948864102892258,-0.048499999999999988,fraction,250,0,collision,nan,0,34.786793150670988,0.051290639999999998,0.001,9.9999999999999995e-07,1.7758530164632631,-0.44194212777096631,0.00051838686624249095,trajectory reached the configured collision radius
58,133,0.78935942045398599,-0.032333333333333325,fraction,250,0,collision,nan,0,34.72308205574636,0.035095049000000003,0.001,9.9999999999999995e-07,1.7751732506337616,-0.44194212791328452,0.00051826552077858352,trajectory reached the configured collision radius
58,134,0.78936659937481579,-0.032333333333333325,fraction,250,0,collision,nan,0,34.727317721856025,0.065728423999999994,0.001,9.9999999999999995e-07,1.7752179324845243,-0.44194212790307735,0.00051827422488055232,trajectory reached the configured collision radius
58,135,0.78937377829564559,-0.032333333333333325,fraction,250,0,collision,nan,0,34.731583148881818,0.034510552999999999,0.0010000000000000002,1.0000000000000004e-06,1.7752626225651238,-0.44194212789288073,0.00051828291953025089,trajectory reached the configured collision radius
58,136,0.78938095721647539,-0.032333333333333325,fraction,250,0,collision,nan,0,34.735878777051695,0.034597229,0.001000000000000002,1.000000000000004e-06,1.7753073210321253,-0.44194212788269521,0.00051829160473695934,trajectory reached the configured collision radius
58,137,0.78938813613730519,-0.032333333333333325,fraction,250,0,collision,nan,0,34.740205056605909,0.043789966999999999,0.0010000000000000083,1.0000000000000165e-06,1.7753520280612554,-0.44194212787252057,0.00051830028051391209,trajectory reached the configured collision radius
58,138,0.78939531505813509,-0.032333333333333325,fraction,250,0,collision,nan,0,34.744562448098122,0.034518649999999998,0.0010000000000000054,1.000000000000011e-06,1.7753967438482974,-0.44194212786235654,0.00051830894687851287,trajectory reached the configured collision radius
58,139,0.78940249397896489,-0.032333333333333325,fraction,250,0,collision,nan,0,34.748951422719429,0.034758305000000003,0.0010000000000000013,1.0000000000000027e-06,1.7754414686100646,-0.44194212785220371,0.00051831760385250881,trajectory reached the configured collision radius
58,140,0.78940967289979469,-0.032333333333333325,fraction,250,0,collision,nan,0,34.753372462623901,0.034940156999999999,0.001,9.9999999999999995e-07,1.7754862025854479,-0.44194212784206149,0.00051832625146221579,trajectory reached the configured collision radius
58,141,0.78941685182062449,-0.032333333333333325,fraction,250,0,collision,nan,0,34.757826061273541,0.037781281,0.001,9.9999999999999995e-07,1.7755309460364372,-0.44194212783193043,0.00051833488973865695,trajectory reached the configured collision radius
58,142,0.78942403074145429,-0.032333333333333325,fraction,250,0,collision,nan,0,34.762312723797798,0.035071049,0.001,9.9999999999999995e-07,1.7755756992492162,-0.44194212782180953,0.00051834351871782498,trajectory reached the configured collision radius
58,143,0.78943120966228408,-0.032333333333333325,fraction,250,0,collision,nan,0,34.766832967359569,0.043868750999999997,0.001,9.9999999999999995e-07,1.7756204625353571,-0.44194212781169978,0.0005183521384408943,trajectory reached the configured collision radius
58,144,0.78943838858311388,-0.032333333333333325,fraction,250,0,collision,nan,0,34.771387321543173,0.060415229000000001,0.0010000000000000005,1.000000000000001e-06,1.7756652362330307,-0.44194212780160014,0.00051836074895444245,trajectory reached the configured collision radius
58,145,0.78944556750394368,-0.032333333333333325,fraction,250,0,collision,nan,0,34.77597632875672,0.051281134999999999,0.0010000000000000018,1.0000000000000036e-06,1.7757100207082741,-0.44194212779151154,0.00051836935031070186,trajectory reached the configured collision radius
58,146,0.78945274642477348,-0.032333333333333325,fraction,250,0,collision,nan,0,34.780600544648706,0.049511675999999998,0.0010000000000000039,1.0000000000000078e-06,1.7757548163563326,-0.44194212778143321,0.00051837794256781426,trajectory reached the configured collision radius
58,147,0.78945992534560328,-0.032333333333333325,fraction,250,0,collision,nan,0,34.785260538540051,0.034408117000000002,0.0010000000000000076,1.0000000000000152e-06,1.7757996236030249,-0.44194212777136543,0.00051838652579005507,trajectory reached the configured collision radius
58,148,0.78946710426643307,-0.032333333333333325,fraction,250,0,collision,nan,0,34.78995689388001,0.036897740999999998,0.0010000000000000109,1.0000000000000218e-06,1.7758444429062508,-0.44194212776130798,0.00051839510004816956,trajectory reached the configured collision radius
58,149,0.78947428318726287,-0.032333333333333325,fraction,250,0,collision,nan,0,34.794690208713376,0.034496591,0.0010000000000000067,1.0000000000000135e-06,1.7758892747574748,-0.44194212775126068,0.00051840366541958105,trajectory reached the configured collision radius
58,150,0.78948146210809278,-0.032333333333333325,fraction,250,0,collision,nan,0,34.799461096175961,0.034869168999999998,0.0010000000000000044,1.0000000000000086e-06,1.7759341196833818,-0.44194212774122382,0.00051841222198877371,trajectory reached the configured collision radius
58,151,0.78948864102892258,-0.032333333333333325,fraction,250,0,collision,nan,0,34.804270185000547,0.056187793999999999,0.0010000000000000028,1.0000000000000057e-06,1.7759789782475139,-0.44194212773119668,0.00051842076984754922,trajectory reached the configured collision radius
59,133,0.78935942045398599,-0.016166666666666663,fraction,250,0,collision,nan,0,34.740436274351751,0.048705454000000002,0.0010000000000000054,1.000000000000011e-06,1.7753049031887524,-0.44194212787061965,0.00051830190122759384,trajectory reached the configured collision radius
59,134,0.78936659937481579,-0.016166666666666663,fraction,250,0,collision,nan,0,34.744693685527686,0.05304888,0.001000000000000007,1.0000000000000139e-06,1.7753496162344868,-0.44194212786051285,0.00051831051929142574,trajectory reached the configured collision radius
59,135,0.78937377829564559,-0.016166666666666663,fraction,250,0,collision,nan,0,34.748981264441262,0.038891815000000003,0.0010000000000000013,1.0000000000000027e-06,1.7753943357826079,-0.44194212785041692,0.00051831912752161051,trajectory reached the configured collision radius
59,136,0.78938095721647539,-0.016166666666666663,fraction,250,0,collision,nan,0,34.753299461677592,0.076540316999999997,0.001,9.9999999999999995e-07,1.7754390620214431,-0.44194212784033221,0.00051832772593260771,trajectory reached the configured collision radius
59,137,0.78938813613730519,-0.016166666666666663,fraction,250,0,collision,nan,0,34.75764873816091,0.065364675999999997,0.001,9.9999999999999995e-07,1.775483795159744,-0.44194212783025899,0.00051833631454300448,trajectory reached the configured collision radius
59,138,0.78939531505813509,-0.016166666666666663,fraction,250,0,collision,nan,0,34.76202956548034,0.042566608999999998,0.001,9.9999999999999995e-07,1.7755285354275931,-0.44194212782019709,0.00051834489337572909,trajectory reached the configured collision radius
59,139,0.78940249397896489,-0.016166666666666663,fraction,250,0,collision,nan,0,34.766442426216884,0.040004878000000001,0.0010000000000000005,1.000000000000001e-06,1.7755732830774427,-0.44194212781014663,0.00051835346245821868,trajectory reached the configured collision radius
59,140,0.78940967289979469,-0.016166666666666663,fraction,250,0,collision,nan,0,34.770887814292834,0.037794348999999998,0.001000000000000002,1.000000000000004e-06,1.7756180383852176,-0.44194212780010739,0.00051836202182265498,trajectory reached the configured collision radius
59,141,0.78941685182062449,-0.016166666666666663,fraction,250,0,collision,nan,0,34.775366235325549,0.039169216,0.0010000000000000061,1.0000000000000122e-06,1.775662801651364,-0.44194212779007913,0.00051837057150614459,trajectory reached the configured collision radius
59,142,0.78942403074145429,-0.016166666666666663,fraction,250,0,collision,nan,0,34.779878207002454,0.034784501000000002,0.0010000000000000096,1.0000000000000192e-06,1.7757075732021022,-0.44194212778006209,0.00051837911155095458,trajectory reached the configured collision radius
59,143,0.78943120966228408,-0.016166666666666663,fraction,250,0,collision,nan,0,34.784424259469347,0.034728566000000002,0.0010000000000000041,1.0000000000000082e-06,1.7757523533905173,-0.44194212777005593,0.00051838764200471917,trajectory reached the configured collision radius
59,144,0.78943838858311388,-0.016166666666666663,fraction,250,0,collision,nan,0,34.789004935730958,0.048870077999999997,0.0010000000000000018,1.0000000000000036e-06,1.7757971425979462,-0.44194212776006131,0.0005183961629207115,trajectory reached the configured collision radius
59,145,0.78944556750394368,-0.016166666666666663,fraction,250,0,collision,nan,0,34.793620792068289,0.035176618,0.0010000000000000005,1.000000000000001e-06,1.7758419412352158,-0.44194212775007718,0.00051840467435805614,trajectory reached the configured collision radius
59,146,0.78945274642477348,-0.016166666666666663,fraction,250,0,collision,nan,0,34.798272398481025,0.034709133000000003,0.001,9.9999999999999995e-07,1.7758867497441384,-0.44194212774010411,0.00051841317638198325,trajectory reached the configured collision radius
59,147,0.78945992534560328,-0.016166666666666663,fraction,250,0,collision,nan,0,34.802960339137613,0.062609647000000004,0.001,9.9999999999999995e-07,1.7759315685988895,-0.44194212773014208,0.00051842166906414732,trajectory reached the configured collision radius
59,148,0.78946710426643307,-0.016166666666666663,fraction,250,0,collision,nan,0,34.807685212848213,0.035210509000000001,0.001,9.9999999999999995e-07,1.7759763983075527,-0.44194212772019026,0.00051843015248285724,trajectory reached the configured collision radius
59,149,0.78947428318726287,-0.016166666666666663,fraction,250,0,collision,nan,0,34.812447633557682,0.035782027000000001,0.001,9.9999999999999995e-07,1.7760212394137933,-0.44194212771024938,0.00051843862672335689,trajectory reached the configured collision radius
59,150,0.78948146210809278,-0.016166666666666663,fraction,250,0,collision,nan,0,34.81724823086126,0.035180363999999999,0.001,9.9999999999999995e-07,1.77606609249842,-0.44194212770031893,0.00051844709187819765,trajectory reached the configured collision radius
59,151,0.78948864102892258,-0.016166666666666663,fraction,250,0,collision,nan,0,34.822087650537455,0.035191129000000002,0.001,9.9999999999999995e-07,1.7761109581812506,-0.44194212769039881,0.00051845554804748914,trajectory reached the configured collision radius
60,133,0.78935942045398599,0,fraction,250,0,collision,nan,0,34.758124265097429,0.045281383000000001,0.001,9.9999999999999995e-07,1.7754432984093089,-0.44194212782675851,0.00051833929925213028,trajectory reached the configured collision radius
60,134,0.78936659937481579,0,fraction,250,0,collision,nan,0,34.762404426437762,0.057514848,0.001,9.9999999999999995e-07,1.7754880011807113,-0.44194212781676206,0.00051834782193882001,trajectory reached the configured collision radius
60,135,0.78937377829564559,0,fraction,250,0,collision,nan,0,34.766715183258924,0.036783362,0.0010000000000000002,1.0000000000000004e-06,1.7755327087773278,-0.44194212780677816,0.00051835633442467012,trajectory reached the configured collision radius
60,136,0.78938095721647539,0,fraction,250,0,collision,nan,0,34.771056997080038,0.049952063999999997,0.0010000000000000013,1.0000000000000027e-06,1.7755774214211444,-0.44194212779680547,0.00051836483672945558,trajectory reached the configured collision radius
60,137,0.78938813613730519,0,fraction,250,0,collision,nan,0,34.775430340115797,0.035710529999999997,0.0010000000000000054,1.000000000000011e-06,1.7756221393557967,-0.44194212778684483,0.00051837332887729425,trajectory reached the configured collision radius
60,138,0.78939531505813509,0,fraction,250,0,collision,nan,0,34.779835695612825,0.036057451999999997,0.0010000000000000089,1.0000000000000177e-06,1.7756668628476455,-0.44194212777689562,0.00051838181089678868,trajectory reached the configured collision radius
60,139,0.78940249397896489,0,fraction,250,0,collision,nan,0,34.78427355819251,0.035849135999999997,0.0010000000000000028,1.0000000000000057e-06,1.7757115921868631,-0.44194212776695851,0.00051839028282125359,trajectory reached the configured collision radius
60,140,0.78940967289979469,0,fraction,250,0,collision,nan,0,34.788744434214109,0.034120206,0.0010000000000000009,1.0000000000000019e-06,1.7757563276884616,-0.44194212775703323,0.00051839874468890895,trajectory reached the configured collision radius
60,141,0.78941685182062449,0,fraction,250,0,collision,nan,0,34.793248842144671,0.034692411999999999,0.001,9.9999999999999995e-07,1.7758010696935058,-0.44194212774711866,0.00051840719654311178,trajectory reached the configured collision radius
60,142,0.78942403074145429,0,fraction,250,0,collision,nan,0,34.797787312954057,0.035041797,0.001,9.9999999999999995e-07,1.7758458185703159,-0.44194212773721625,0.00051841563843256142,trajectory reached the configured collision radius
60,143,0.78943120966228408,0,fraction,250,0,collision,nan,0,34.802360390515709,0.058766148999999997,0.001,9.9999999999999995e-07,1.7758905747157752,-0.44194212772732522,0.00051842407041153941,trajectory reached the configured collision radius
60,144,0.78943838858311388,0,fraction,250,0,collision,nan,0,34.80696863203007,0.044620976999999999,0.0010000000000000002,1.0000000000000004e-06,1.7759353385566492,-0.44194212771744551,0.00051843249254014895,trajectory reached the configured collision radius
60,145,0.78944556750394368,0,fraction,250,0,collision,nan,0,34.811612608460116,0.034703716000000003,0.0010000000000000002,1.0000000000000004e-06,1.7759801105509279,-0.4419421277075769,0.00051844090488456908,trajectory reached the configured collision radius
60,146,0.78945274642477348,0,fraction,250,0,collision,nan,0,34.816292904992302,0.034753408,0.0010000000000000005,1.000000000000001e-06,1.7760248911893441,-0.4419421276977194,0.00051844930751732436,trajectory reached the configured collision radius
60,147,0.78945992534560328,0,fraction,250,0,collision,nan,0,34.821010121506248,0.035147563999999999,0.0010000000000000015,1.0000000000000031e-06,1.7760696809968768,-0.44194212768787389,0.00051845770051754583,trajectory reached the configured collision radius
60,148,0.78946710426643307,0,fraction,250,0,collision,nan,0,34.825764873078455,0.034716308000000001,0.0010000000000000026,1.0000000000000052e-06,1.7761144805343534,-0.44194212767803859,0.00051846608397128206,trajectory reached the configured collision radius
60,149,0.78947428318726287,0,fraction,250,0,collision,nan,0,34.830557790489543,0.035043473999999998,0.0010000000000000041,1.0000000000000082e-06,1.7761592904001458,-0.44194212766821472,0.00051847445797175687,trajectory reached the configured collision radius
60,150,0.78948146210809278,0,fraction,250,0,collision,nan,0,34.835389520770399,0.036209864000000001,0.0010000000000000061,1.0000000000000122e-06,1.7762041112319027,-0.44194212765840124,0.00051848282261973385,trajectory reached the configured collision radius
60,151,0.78948864102892258,0,fraction,250,0,collision,nan,0,34.84026072775513,0.042696225999999997,0.0010000000000000074,1.0000000000000148e-06,1.7762489437083537,-0.44194212764859864,0.00051849117802378099,trajectory reached the configured collision radius
61,133,0.78935942045398599,0.016166666666666663,fraction,250,0,collision,nan,0,34.776160580135446,0.035315812000000002,0.0010000000000000011,1.0000000000000023e-06,1.7755884316062889,-0.44194212778172776,0.00051837769160953363,trajectory reached the configured collision radius
61,134,0.78936659937481579,0.016166666666666663,fraction,250,0,collision,nan,0,34.780464568436329,0.036813197999999998,0.001000000000000005,1.0000000000000101e-06,1.775633081970406,-0.4419421277718536,0.00051838610950950305,trajectory reached the configured collision radius
61,135,0.78937377829564559,0.016166666666666663,fraction,250,0,collision,nan,0,34.784799602474969,0.038564702999999999,0.0010000000000000083,1.0000000000000165e-06,1.7756777355379121,-0.44194212776199182,0.00051839451685598426,trajectory reached the configured collision radius
61,136,0.78938095721647539,0.016166666666666663,fraction,250,0,collision,nan,0,34.789166155333845,0.034539467999999997,0.0010000000000000022,1.0000000000000044e-06,1.7757223925663013,-0.44194212775214253,0.00051840291367424157,trajectory reached the configured collision radius
61,137,0.78938813613730519,0.016166666666666663,fraction,250,0,collision,nan,0,34.793564711173744,0.035611882999999997,0.0010000000000000005,1.000000000000001e-06,1.7757670533361454,-0.44194212774230529,0.00051841129999405475,trajectory reached the configured collision radius
61,138,0.78939531505813509,0.016166666666666663,fraction,250,0,collision,nan,0,34.797995765573418,0.034995261999999999,0.001,9.9999999999999995e-07,1.77581171815209,-0.44194212773247993,0.00051841967584986706,trajectory reached the configured collision radius
61,139,0.78940249397896489,0.016166666666666663,fraction,250,0,collision,nan,0,34.802459825897095,0.034733400999999997,0.001,9.9999999999999995e-07,1.7758563873440301,-0.44194212772266689,0.00051842804128102507,trajectory reached the configured collision radius
61,140,0.78940967289979469,0.016166666666666663,fraction,250,0,collision,nan,0,34.806957411667106,0.048783292999999998,0.001,9.9999999999999995e-07,1.7759010612681714,-0.44194212771286567,0.00051843639633192685,trajectory reached the configured collision radius
61,141,0.78941685182062449,0.016166666666666663,fraction,250,0,collision,nan,0,34.811489054956667,0.050381824999999998,0.0010000000000000002,1.0000000000000004e-06,1.7759457403083283,-0.44194212770307684,0.00051844474105232981,trajectory reached the configured collision radius
61,142,0.78942403074145429,0.016166666666666663,fraction,250,0,collision,nan,0,34.816055300798347,0.063082992000000004,0.0010000000000000013,1.0000000000000027e-06,1.7759904248772478,-0.44194212769329927,0.00051845307549751069,trajectory reached the configured collision radius
61,143,0.78943120966228408,0.016166666666666663,fraction,250,0,collision,nan,0,34.820656707605032,0.035466663000000002,0.0010000000000000035,1.0000000000000069e-06,1.7760351154177776,-0.44194212768353391,0.00051846139972851213,trajectory reached the configured collision radius
61,144,0.78943838858311388,0.016166666666666663,fraction,250,0,collision,nan,0,34.825293847614731,0.043102524000000003,0.0010000000000000072,1.0000000000000144e-06,1.7760798124043899,-0.44194212767378022,0.00051846971381243584,trajectory reached the configured collision radius
61,145,0.78944556750394368,0.016166666666666663,fraction,250,0,collision,nan,0,34.829967307346536,0.049884495000000001,0.0010000000000000111,1.0000000000000222e-06,1.7761245163446331,-0.44194212766403823,0.00051847801782265173,trajectory reached the configured collision radius
61,146,0.78945274642477348,0.016166666666666663,fraction,250,0,collision,nan,0,34.834677688079559,0.034250922000000003,0.0010000000000000067,1.0000000000000135e-06,1.7761692277806047,-0.44194212765430763,0.00051848631183908371,trajectory reached the configured collision radius
61,147,0.78945992534560328,0.016166666666666663,fraction,250,0,collision,nan,0,34.839425606353302,0.045433942999999997,0.0010000000000000041,1.0000000000000082e-06,1.7762139472905432,-0.44194212764458879,0.00051849459594849746,trajectory reached the configured collision radius
61,148,0.78946710426643307,0.016166666666666663,fraction,250,0,collision,nan,0,34.844211694486326,0.043774424999999999,0.0010000000000000026,1.0000000000000052e-06,1.7762586754906136,-0.44194212763488117,0.00051850287024479615,trajectory reached the configured collision radius
61,149,0.78947428318726287,0.016166666666666663,fraction,250,0,collision,nan,0,34.84903660111312,0.041335601999999999,0.0010000000000000018,1.0000000000000036e-06,1.7763034130364153,-0.44194212762518481,0.00051851113482928915,trajectory reached the configured collision radius
61,150,0.78948146210809278,0.016166666666666663,fraction,250,0,collision,nan,0,34.853900991759964,0.035656431000000002,0.0010000000000000011,1.0000000000000023e-06,1.7763481606251941,-0.44194212761549961,0.00051851938981106608,trajectory reached the configured collision radius
61,151,0.78948864102892258,0.016166666666666663,fraction,250,0,collision,nan,0,34.85880554941874,0.034469801000000001,0.0010000000000000009,1.0000000000000019e-06,1.7763929189972887,-0.4419421276058253,0.00051852763530728309,trajectory reached the configured collision radius
62,133,0.78935942045398599,0.032333333333333325,fraction,250,0,collision,nan,0,34.794560660486866,0.034919085000000002,0.0010000000000000054,1.000000000000011e-06,1.775740294559309,-0.44194212773555641,0.00051841705327580398,trajectory reached the configured collision radius
62,134,0.78936659937481579,0.032333333333333325,fraction,250,0,collision,nan,0,34.798889630919028,0.035286110000000002,0.0010000000000000011,1.0000000000000023e-06,1.7757848496969881,-0.44194212772581593,0.00051842535690575624,trajectory reached the configured collision radius
62,135,0.78937377829564559,0.032333333333333325,fraction,250,0,collision,nan,0,34.803250121609764,0.035357146999999998,0.0010000000000000002,1.0000000000000004e-06,1.775829406476658,-0.4419421277160881,0.00051843364964446106,trajectory reached the configured collision radius
62,136,0.78938095721647539,0.032333333333333325,fraction,250,0,collision,nan,0,34.807642617898779,0.036403539999999998,0.001,9.9999999999999995e-07,1.7758739651933735,-0.44194212770637248,0.00051844193152282081,trajectory reached the configured collision radius
62,137,0.78938813613730519,0.032333333333333325,fraction,250,0,collision,nan,0,34.812067616593879,0.035262599999999998,0.001,9.9999999999999995e-07,1.7759185261665584,-0.4419421276966698,0.00051845020257640102,trajectory reached the configured collision radius
62,138,0.78939531505813509,0.032333333333333325,fraction,250,0,collision,nan,0,34.816525626347925,0.038610202000000003,0.0010000000000000002,1.0000000000000004e-06,1.7759630897411842,-0.44194212768697927,0.0005184584628456216,trajectory reached the configured collision radius
62,139,0.78940249397896489,0.032333333333333325,fraction,250,0,collision,nan,0,34.82101716802417,0.040754519000000003,0.0010000000000000015,1.0000000000000031e-06,1.7760076562889189,-0.44194212767730151,0.00051846671237593394,trajectory reached the configured collision radius
62,140,0.78940967289979469,0.032333333333333325,fraction,250,0,collision,nan,0,34.825542775099365,0.073139751000000003,0.0010000000000000044,1.0000000000000086e-06,1.7760522262093186,-0.44194212766763596,0.00051847495121811393,trajectory reached the configured collision radius
62,141,0.78941685182062449,0.032333333333333325,fraction,250,0,collision,nan,0,34.830102994072362,0.034760075000000001,0.00100000000000001,1.0000000000000201e-06,1.7760967999311812,-0.44194212765798263,0.00051848317942838798,trajectory reached the configured collision radius
62,142,0.78942403074145429,0.032333333333333325,fraction,250,0,collision,nan,0,34.834698384889414,0.060136557,0.001000000000000007,1.0000000000000139e-06,1.7761413779137714,-0.44194212764834184,0.00051849139706872441,trajectory reached the configured collision radius
62,143,0.78943120966228408,0.032333333333333325,fraction,250,0,collision,nan,0,34.839329521383661,0.035171727999999999,0.0010000000000000033,1.0000000000000065e-06,1.7761859606482651,-0.44194212763871299,0.00051849960420707387,trajectory reached the configured collision radius
62,144,0.78943838858311388,0.032333333333333325,fraction,250,0,collision,nan,0,34.843996991748021,0.052274208000000003,0.0010000000000000015,1.0000000000000031e-06,1.7762305486592564,-0.44194212762909652,0.0005185078009176269,trajectory reached the configured collision radius
62,145,0.78944556750394368,0.032333333333333325,fraction,250,0,collision,nan,0,34.848701399006821,0.035216943000000001,0.0010000000000000007,1.0000000000000014e-06,1.7762751425061041,-0.44194212761949148,0.00051851598728103079,trajectory reached the configured collision radius
62,146,0.78945274642477348,0.032333333333333325,fraction,250,0,collision,nan,0,34.853443361521769,0.035165951000000001,0.0010000000000000002,1.0000000000000004e-06,1.776319742784789,-0.44194212760989854,0.00051852416338473112,trajectory reached the configured collision radius
62,147,0.78945992534560328,0.032333333333333325,fraction,250,0,collision,nan,0,34.858223513514858,0.035269041000000001,0.001,9.9999999999999995e-07,1.7763643501293114,-0.4419421276003177,0.0005185323293232188,trajectory reached the configured collision radius
62,148,0.78946710426643307,0.032333333333333325,fraction,250,0,collision,nan,0,34.863042505615169,0.057415230999999997,0.001,9.9999999999999995e-07,1.7764089652136597,-0.44194212759074858,0.00051854048519831735,trajectory reached the configured collision radius
62,149,0.78947428318726287,0.032333333333333325,fraction,250,0,collision,nan,0,34.867901005423263,0.034720295999999998,0.001,9.9999999999999995e-07,1.7764535887534858,-0.44194212758119039,0.00051854863111953095,trajectory reached the configured collision radius
62,150,0.78948146210809278,0.032333333333333325,fraction,250,0,collision,nan,0,34.872799698108878,0.036381047,0.001,9.9999999999999995e-07,1.7764982215080825,-0.44194212757164403,0.00051855676720434225,trajectory reached the configured collision radius
62,151,0.78948864102892258,0.032333333333333325,fraction,250,0,collision,nan,0,34.877739287027936,0.053924617000000001,0.001,9.9999999999999995e-07,1.7765428642823966,-0.44194212756210871,0.00051856489357854851,trajectory reached the configured collision radius
63,133,0.78935942045398599,0.048499999999999988,fraction,250,0,collision,nan,0,34.813340914291757,0.035232089000000001,0.0010000000000000002,1.0000000000000004e-06,1.775898874798721,-0.44194212768827634,0.00051845735722987085,trajectory reached the configured collision radius
63,134,0.78936659937481579,0.048499999999999988,fraction,250,0,collision,nan,0,34.817696107853031,0.035131913000000001,0.001,9.9999999999999995e-07,1.7759432911817816,-0.44194212767868035,0.00051846553702967211,trajectory reached the configured collision radius
63,135,0.78937377829564559,0.048499999999999988,fraction,250,0,collision,nan,0,34.822083322403131,0.034684927999999997,0.001,9.9999999999999995e-07,1.7759877077111044,-0.44194212766909702,0.00051847370561560586,trajectory reached the configured collision radius
63,136,0.78938095721647539,0.048499999999999988,fraction,250,0,collision,nan,0,34.826503056274703,0.034779485999999998,0.0010000000000000002,1.0000000000000004e-06,1.7760321247211261,-0.44194212765952717,0.00051848186302432648,trajectory reached the configured collision radius
63,137,0.78938813613730519,0.048499999999999988,fraction,250,0,collision,nan,0,34.830955819700748,0.057915737000000002,0.0010000000000000018,1.0000000000000036e-06,1.7760765425722211,-0.44194212764996987,0.00051849000929730395,trajectory reached the configured collision radius
63,138,0.78939531505813509,0.048499999999999988,fraction,250,0,collision,nan,0,34.83544213520225,0.034490734000000002,0.0010000000000000052,1.0000000000000105e-06,1.7761209616517439,-0.44194212764042545,0.00051849814448100598,trajectory reached the configured collision radius
63,139,0.78940249397896489,0.048499999999999988,fraction,250,0,collision,nan,0,34.839962537972987,0.035682578,0.0010000000000000111,1.0000000000000222e-06,1.7761653823752226,-0.44194212763089397,0.00051850626862714631,trajectory reached the configured collision radius
63,140,0.78940967289979469,0.048499999999999988,fraction,250,0,collision,nan,0,34.844517576306743,0.034277203999999999,0.001000000000000005,1.0000000000000101e-06,1.7762098051877484,-0.44194212762137514,0.00051851438179289523,trajectory reached the configured collision radius
63,141,0.78941685182062449,0.048499999999999988,fraction,250,0,collision,nan,0,34.84910781201615,0.035768649999999999,0.0010000000000000022,1.0000000000000044e-06,1.776254230565218,-0.44194212761186891,0.00051852248404108217,trajectory reached the configured collision radius
63,142,0.78942403074145429,0.048499999999999988,fraction,250,0,collision,nan,0,34.85373382088401,0.046594002000000002,0.0010000000000000007,1.0000000000000014e-06,1.7762986590157581,-0.44194212760237567,0.00051853057544045398,trajectory reached the configured collision radius
63,143,0.78943120966228408,0.048499999999999988,fraction,250,0,collision,nan,0,34.858396193132421,0.048302388000000002,0.0010000000000000002,1.0000000000000004e-06,1.7763430910811175,-0.44194212759289442,0.00051853865606593956,trajectory reached the configured collision radius
63,144,0.78943838858311388,0.048499999999999988,fraction,250,0,collision,nan,0,34.863095533900001,0.035736504000000002,0.001,9.9999999999999995e-07,1.7763875273382996,-0.44194212758342571,0.00051854672599887738,trajectory reached the configured collision radius
63,145,0.78944556750394368,0.048499999999999988,fraction,250,0,collision,nan,0,34.867832463756123,0.034970058999999998,0.001,9.9999999999999995e-07,1.776431968401041,-0.4419421275739695,0.00051855478532728623,trajectory reached the configured collision radius
63,146,0.78945274642477348,0.048499999999999988,fraction,250,0,collision,nan,0,34.872607619221256,0.041518217000000003,0.001,9.9999999999999995e-07,1.7764764149215286,-0.44194212756452494,0.00051856283414617409,trajectory reached the configured collision radius
63,147,0.78945992534560328,0.048499999999999988,fraction,250,0,collision,nan,0,34.87742165332061,0.035048872000000002,0.001,9.9999999999999995e-07,1.7765208675921098,-0.44194212755509321,0.00051857087255778849,trajectory reached the configured collision radius
63,148,0.78946710426643307,0.048499999999999988,fraction,250,0,collision,nan,0,34.882275236155728,0.048098220999999997,0.001,9.9999999999999995e-07,1.7765653271471802,-0.4419421275456728,0.00051857890067195911,trajectory reached the configured collision radius
63,149,0.78947428318726287,0.048499999999999988,fraction,250,0,collision,nan,0,34.887169055505858,0.045290188000000002,0.001,9.9999999999999995e-07,1.7766097943650125,-0.44194212753626455,0.00051858691860639974,trajectory reached the configured collision radius
63,150,0.78948146210809278,0.048499999999999988,fraction,250,0,collision,nan,0,34.89210381744288,0.046275333000000002,0.001,9.9999999999999995e-07,1.7766542700697818,-0.44194212752686779,0.0005185949264870012,trajectory reached the configured collision radius
63,151,0.78948864102892258,0.048499999999999988,fraction,250,0,collision,nan,0,34.897080246996893,0.047978738999999999,0.001,9.9999999999999995e-07,1.7766987551336679,-0.44194212751748263,0.00051860292444825022,trajectory reached the configured collision radius
64,133,0.78935942045398599,0.06466666666666665,fraction,250,0,collision,nan,0,34.832518803565051,0.035900316000000002,0.001,9.9999999999999995e-07,1.7760641548093894,-0.44194212763992108,0.00051849857421685998,trajectory reached the configured collision radius
64,134,0.78936659937481579,0.06466666666666665,fraction,250,0,collision,nan,0,34.836901555438274,0.034401845,0.001,9.9999999999999995e-07,1.7761083881772244,-0.44194212763048085,0.00051850662054621669,trajectory reached the configured collision radius
64,135,0.78937377829564559,0.06466666666666665,fraction,250,0,collision,nan,0,34.841316857375745,0.033798040000000001,0.0010000000000000007,1.0000000000000014e-06,1.7761526202662317,-0.44194212762105423,0.00051851465535440223,trajectory reached the configured collision radius
64,136,0.78938095721647539,0.06466666666666665,fraction,250,0,collision,nan,0,34.84576522151589,0.035072857999999998,0.0010000000000000028,1.0000000000000057e-06,1.7761968514523909,-0.44194212761164048,0.00051852267868389521,trajectory reached the configured collision radius
64,137,0.78938813613730519,0.06466666666666665,fraction,250,0,collision,nan,0,34.850247172356525,0.039202668000000003,0.0010000000000000076,1.0000000000000152e-06,1.7762410821389385,-0.4419421276022405,0.00051853069058213706,trajectory reached the configured collision radius
64,138,0.78939531505813509,0.06466666666666665,fraction,250,0,collision,nan,0,34.854763247156114,0.035964176,0.0010000000000000078,1.0000000000000156e-06,1.7762853127576521,-0.4419421275928534,0.00051853869110173273,trajectory reached the configured collision radius
64,139,0.78940249397896489,0.06466666666666665,fraction,250,0,collision,nan,0,34.859313996347211,0.034328875000000002,0.0010000000000000033,1.0000000000000065e-06,1.7763295437701467,-0.44194212758347928,0.00051854668030070145,trajectory reached the configured collision radius
64,140,0.78940967289979469,0.06466666666666665,fraction,250,0,collision,nan,0,34.863899983972999,0.034532048000000003,0.0010000000000000013,1.0000000000000027e-06,1.7763737756691116,-0.44194212757411855,0.00051855465824268644,trajectory reached the configured collision radius
64,141,0.78941685182062449,0.06466666666666665,fraction,250,0,collision,nan,0,34.868521788135148,0.035963404999999997,0.0010000000000000002,1.0000000000000004e-06,1.7764180089797856,-0.44194212756477064,0.00051856262499715307,trajectory reached the configured collision radius
64,142,0.78942403074145429,0.06466666666666665,fraction,250,0,collision,nan,0,34.873180001467219,0.034376425000000002,0.0010000000000000002,1.0000000000000004e-06,1.7764622442613658,-0.44194212755543566,0.00051857058063968953,trajectory reached the configured collision radius
64,143,0.78943120966228408,0.06466666666666665,fraction,250,0,collision,nan,0,34.87787523162271,0.035218576000000001,0.001,9.9999999999999995e-07,1.776506482108583,-0.44194212754611362,0.00051857852525222573,trajectory reached the configured collision radius
64,144,0.78943838858311388,0.06466666666666665,fraction,250,0,collision,nan,0,34.8826081017801,0.035669142000000001,0.001,9.9999999999999995e-07,1.7765507231531206,-0.44194212753680379,0.00051858645892327603,trajectory reached the configured collision radius
64,145,0.78944556750394368,0.06466666666666665,fraction,250,0,collision,nan,0,34.887379251185216,0.034649283000000003,0.001,9.9999999999999995e-07,1.7765949680655042,-0.441942127527507,0.00051859438174826477,trajectory reached the configured collision radius
64,146,0.78945274642477348,0.06466666666666665,fraction,250,0,collision,nan,0,34.89218933569277,0.034441831999999999,0.001,9.9999999999999995e-07,1.7766392175566093,-0.44194212751822254,0.00051860229382976223,trajectory reached the configured collision radius
64,147,0.78945992534560328,0.06466666666666665,fraction,250,0,collision,nan,0,34.897039028356311,0.059432342999999999,0.001,9.9999999999999995e-07,1.7766834723797027,-0.44194212750895034,0.00051861019527781353,trajectory reached the configured collision radius
64,148,0.78946710426643307,0.06466666666666665,fraction,250,0,collision,nan,0,34.901929020024419,0.034602154000000003,0.001,9.9999999999999995e-07,1.7767277333321261,-0.44194212749969053,0.00051861808621020812,trajectory reached the configured collision radius
64,149,0.78947428318726287,0.06466666666666665,fraction,250,0,collision,nan,0,34.906860019973003,0.037695870999999999,0.001,9.9999999999999995e-07,1.7767720012574215,-0.44194212749044248,0.00051862596675285614,trajectory reached the configured collision radius
64,150,0.78948146210809278,0.06466666666666665,fraction,250,0,collision,nan,0,34.911832756562703,0.050329817999999998,0.001,9.9999999999999995e-07,1.7768162770473412,-0.44194212748120665,0.00051863383704005837,trajectory reached the configured collision radius
64,151,0.78948864102892258,0.06466666666666665,fraction,250,0,collision,nan,0,34.916847977925208,0.035550950999999997,0.001,9.9999999999999995e-07,1.7768605616441124,-0.44194212747198219,0.00051864169721491289,trajectory reached the configured collision radius
65,133,0.78935942045398599,0.080833333333333313,fraction,250,0,collision,nan,0,34.852112940631251,0.035981099000000002,0.001,9.9999999999999995e-07,1.7762361111436908,-0.44194212759052848,0.00051854067248702576,trajectory reached the configured collision radius
65,134,0.78936659937481579,0.080833333333333313,fraction,250,0,collision,nan,0,34.856524689556025,0.035554932999999997,0.0010000000000000002,1.0000000000000004e-06,1.7762801164790112,-0.44194212758125551,0.00051854857562203059,trajectory reached the configured collision radius
65,135,0.78937377829564559,0.080833333333333313,fraction,250,0,collision,nan,0,34.860969548339121,0.035544831999999998,0.0010000000000000018,1.0000000000000036e-06,1.7763241191862627,-0.44194212757199658,0.00051855646694393403,trajectory reached the configured collision radius
65,136,0.78938095721647539,0.080833333333333313,fraction,250,0,collision,nan,0,34.865448043811575,0.039539416000000001,0.0010000000000000054,1.000000000000011e-06,1.7763681196848458,-0.44194212756275064,0.00051856434650106125,trajectory reached the configured collision radius
65,137,0.78938813613730519,0.080833333333333313,fraction,250,0,collision,nan,0,34.869960715651452,0.055308715000000001,0.0010000000000000109,1.0000000000000218e-06,1.7764121184229431,-0.44194212755351886,0.00051857221434685658,trajectory reached the configured collision radius
65,138,0.78939531505813509,0.080833333333333313,fraction,250,0,collision,nan,0,34.874508116809984,0.036675566999999999,0.0010000000000000048,1.0000000000000095e-06,1.7764561158788525,-0.44194212754430023,0.00051858007054010082,trajectory reached the configured collision radius
65,139,0.78940249397896489,0.080833333333333313,fraction,250,0,collision,nan,0,34.879090813942739,0.035432255000000003,0.001000000000000002,1.000000000000004e-06,1.7765001125622997,-0.4419421275350951,0.00051858791514515664,trajectory reached the configured collision radius
65,140,0.78940967289979469,0.080833333333333313,fraction,250,0,collision,nan,0,34.883709387868265,0.035618672999999997,0.0010000000000000007,1.0000000000000014e-06,1.7765441090158165,-0.44194212752590345,0.00051859574823212909,trajectory reached the configured collision radius
65,141,0.78941685182062449,0.080833333333333313,fraction,250,0,collision,nan,0,34.888364434044362,0.034506686000000002,0.0010000000000000002,1.0000000000000004e-06,1.7765881058161566,-0.44194212751672501,0.00051860356987716908,trajectory reached the configured collision radius
65,142,0.78942403074145429,0.080833333333333313,fraction,250,0,collision,nan,0,34.893056563057009,0.035249337999999998,0.001,9.9999999999999995e-07,1.7766321035758823,-0.4419421275075599,0.0005186113801626739,trajectory reached the configured collision radius
65,143,0.78943120966228408,0.080833333333333313,fraction,250,0,collision,nan,0,34.897786401139378,0.038815505,0.001,9.9999999999999995e-07,1.7766761029448779,-0.44194212749840805,0.0005186191791775658,trajectory reached the configured collision radius
65,144,0.78943838858311388,0.080833333333333313,fraction,250,0,collision,nan,0,34.902554590703353,0.035922315000000003,0.001,9.9999999999999995e-07,1.7767201046120167,-0.4419421274892687,0.00051862696701754374,trajectory reached the configured collision radius
65,145,0.78944556750394368,0.080833333333333313,fraction,250,0,collision,nan,0,34.907361790909263,0.035744532000000002,0.001,9.9999999999999995e-07,1.7767641093069113,-0.4419421274801425,0.00051863474378537717,trajectory reached the configured collision radius
65,146,0.78945274642477348,0.080833333333333313,fraction,250,0,collision,nan,0,34.912208678240077,0.035972233999999999,0.001,9.9999999999999995e-07,1.776808117801699,-0.44194212747102912,0.00051864250959116846,trajectory reached the configured collision radius
65,147,0.78945992534560328,0.080833333333333313,fraction,250,0,collision,nan,0,34.917095947114305,0.035702917000000001,0.001,9.9999999999999995e-07,1.776852130912902,-0.44194212746192807,0.00051865026455269198,trajectory reached the configured collision radius
65,148,0.78946710426643307,0.080833333333333313,fraction,250,0,collision,nan,0,34.922024310522076,0.035081014000000001,0.001,9.9999999999999995e-07,1.7768961495035007,-0.44194212745283978,0.00051865800879566891,trajectory reached the configured collision radius
65,149,0.78947428318726287,0.080833333333333313,fraction,250,0,collision,nan,0,34.926994500692381,0.034824399999999998,0.0010000000000000002,1.0000000000000004e-06,1.7769401744849074,-0.44194212744376332,0.00051866574245408494,trajectory reached the configured collision radius
65,150,0.78948146210809278,0.080833333333333313,fraction,250,0,collision,nan,0,34.93200726978219,0.039848142000000003,0.001,9.9999999999999995e-07,1.7769842068191333,-0.44194212743469929,0.00051867346567057468,trajectory reached the configured collision radius
65,151,0.78948864102892258,0.080833333333333313,fraction,250,0,collision,nan,0,34.937063390603051,0.045043037000000001,0.001,9.9999999999999995e-07,1.7770282475211547,-0.4419421274256472,0.00051868117859672411,trajectory reached the configured collision radius
66,133,0.78935942045398599,0.096999999999999975,fraction,250,0,collision,nan,0,34.872143195578957,0.038167604000000001,0.001,9.9999999999999995e-07,1.7764147134302215,-0.44194212754013801,0.00051858361750728335,trajectory reached the configured collision radius
66,134,0.78936659937481579,0.096999999999999975,fraction,250,0,collision,nan,0,34.876585494399968,0.045985210999999998,0.0010000000000000002,1.0000000000000004e-06,1.7764584449339651,-0.441942127531044,0.00051859136763672976,trajectory reached the configured collision radius
66,135,0.78937377829564559,0.096999999999999975,fraction,250,0,collision,nan,0,34.881061496231069,0.055260768000000002,0.0010000000000000013,1.0000000000000027e-06,1.7765021725411594,-0.44194212752196366,0.00051859910567637999,trajectory reached the configured collision radius
66,136,0.78938095721647539,0.096999999999999975,fraction,250,0,collision,nan,0,34.885571743560995,0.062239016000000001,0.0010000000000000041,1.0000000000000082e-06,1.7765458967165768,-0.44194212751289774,0.00051860683168041325,trajectory reached the configured collision radius
66,137,0.78938813613730519,0.096999999999999975,fraction,250,0,collision,nan,0,34.89011679225694,0.058877209,0.0010000000000000096,1.0000000000000192e-06,1.7765896179554186,-0.44194212750384493,0.00051861454570832188,trajectory reached the configured collision radius
66,138,0.78939531505813509,0.096999999999999975,fraction,250,0,collision,nan,0,34.894697212001368,0.036249707999999999,0.001000000000000007,1.0000000000000139e-06,1.776633336784492,-0.44194212749480666,0.00051862224782501317,trajectory reached the configured collision radius
66,139,0.78940249397896489,0.096999999999999975,fraction,250,0,collision,nan,0,34.899313586755817,0.036943142999999998,0.0010000000000000033,1.0000000000000065e-06,1.7766770537637926,-0.44194212748578215,0.00051862993810115529,trajectory reached the configured collision radius
66,140,0.78940967289979469,0.096999999999999975,fraction,250,0,collision,nan,0,34.903966515241173,0.036333823000000001,0.0010000000000000013,1.0000000000000027e-06,1.7767207694877747,-0.44194212747677103,0.00051863761661331961,trajectory reached the configured collision radius
66,141,0.78941685182062449,0.096999999999999975,fraction,250,0,collision,nan,0,34.908656611430651,0.053398294999999998,0.0010000000000000007,1.0000000000000014e-06,1.7767644845869572,-0.44194212746777362,0.00051864528344426825,trajectory reached the configured collision radius
66,142,0.78942403074145429,0.096999999999999975,fraction,250,0,collision,nan,0,34.913384505078888,0.035796786999999997,0.0010000000000000002,1.0000000000000004e-06,1.7768081997294629,-0.44194212745878975,0.00051865293868316861,trajectory reached the configured collision radius
66,143,0.78943120966228408,0.096999999999999975,fraction,250,0,collision,nan,0,34.918150842257681,0.036663354000000002,0.0010000000000000002,1.0000000000000004e-06,1.7768519156226577,-0.4419421274498192,0.00051866058242587413,trajectory reached the configured collision radius
66,144,0.78943838858311388,0.096999999999999975,fraction,250,0,collision,nan,0,34.922956285922865,0.053824789999999997,0.001,9.9999999999999995e-07,1.7768956330148695,-0.44194212744086198,0.00051866821477518235,trajectory reached the configured collision radius
66,145,0.78944556750394368,0.096999999999999975,fraction,250,0,collision,nan,0,34.927801516506875,0.034770309999999999,0.001,9.9999999999999995e-07,1.7769393526971995,-0.44194212743191763,0.00051867583584111509,trajectory reached the configured collision radius
66,146,0.78945274642477348,0.096999999999999975,fraction,250,0,collision,nan,0,34.932687232536097,0.068633089999999994,0.001,9.9999999999999995e-07,1.7769830755054681,-0.44194212742298655,0.0005186834457412302,trajectory reached the configured collision radius
66,147,0.78945992534560328,0.096999999999999975,fraction,250,0,collision,nan,0,34.93761415126778,0.035234385999999999,0.001,9.9999999999999995e-07,1.7770268023219702,-0.44194212741406808,0.0005186910446008735,trajectory reached the configured collision radius
66,148,0.78946710426643307,0.096999999999999975,fraction,250,0,collision,nan,0,34.942583009367908,0.035425799000000001,0.001,9.9999999999999995e-07,1.7770705340778059,-0.44194212740516214,0.00051869863255355072,trajectory reached the configured collision radius
66,149,0.78947428318726287,0.096999999999999975,fraction,250,0,collision,nan,0,34.947594563613222,0.035125497999999998,0.001,9.9999999999999995e-07,1.7771142717548487,-0.44194212739626898,0.00051870620974121882,trajectory reached the configured collision radius
66,150,0.78948146210809278,0.096999999999999975,fraction,250,0,collision,nan,0,34.952649591621061,0.035339151999999999,0.001,9.9999999999999995e-07,1.777158016388064,-0.44194212738738842,0.00051871377631463168,trajectory reached the configured collision radius
66,151,0.78948864102892258,0.096999999999999975,fraction,250,0,collision,nan,0,34.95774889261584,0.036542407999999998,0.001,9.9999999999999995e-07,1.7772017690678004,-0.44194212737851912,0.00051872133243370457,trajectory reached the configured collision radius
67,133,0.78935942045398599,0.11316666666666664,fraction,250,0,collision,nan,0,34.89263081632069,0.065848001000000003,0.001,9.9999999999999995e-07,1.7765999232621084,-0.44194212748879397,0.00051862737164144962,trajectory reached the configured collision radius
67,134,0.78936659937481579,0.11316666666666664,fraction,250,0,collision,nan,0,34.897105343893827,0.056170465000000003,0.001,9.9999999999999995e-07,1.7766433343271049,-0.4419421274798902,0.0005186349588627157,trajectory reached the configured collision radius
67,135,0.78937377829564559,0.11316666666666664,fraction,250,0,collision,nan,0,34.901614203920772,0.053421771,0.0010000000000000002,1.0000000000000004e-06,1.776686740312555,-0.44194212747100042,0.00051864253373246441,trajectory reached the configured collision radius
67,136,0.78938095721647539,0.11316666666666664,fraction,250,0,collision,nan,0,34.906157955612251,0.034975582999999998,0.0010000000000000011,1.0000000000000023e-06,1.7767301417306469,-0.44194212746212563,0.00051865009631072269,trajectory reached the configured collision radius
67,137,0.78938813613730519,0.11316666666666664,fraction,250,0,collision,nan,0,34.910737172124549,0.058702942000000001,0.0010000000000000031,1.0000000000000061e-06,1.7767735391254669,-0.44194212745326478,0.0005186576466629111,trajectory reached the configured collision radius
67,138,0.78939531505813509,0.11316666666666664,fraction,250,0,collision,nan,0,34.915352441019401,0.050859144000000002,0.0010000000000000063,1.0000000000000127e-06,1.7768169330745223,-0.44194212744441769,0.00051866518486005041,trajectory reached the configured collision radius
67,139,0.78940249397896489,0.11316666666666664,fraction,250,0,collision,nan,0,34.920004364751897,0.035411434999999998,0.0010000000000000117,1.0000000000000235e-06,1.7768603241900458,-0.44194212743558509,0.00051867271097903343,trajectory reached the configured collision radius
67,140,0.78940967289979469,0.11316666666666664,fraction,250,0,collision,nan,0,34.924693561174969,0.034868353999999997,0.001000000000000007,1.0000000000000139e-06,1.7769037131205934,-0.44194212742676642,0.00051868022510277766,trajectory reached the configured collision radius
67,141,0.78941685182062449,0.11316666666666664,fraction,250,0,collision,nan,0,34.929420664065589,0.036636651999999999,0.0010000000000000039,1.0000000000000078e-06,1.7769471005525561,-0.44194212741796124,0.00051868772732058461,trajectory reached the configured collision radius
67,142,0.78942403074145429,0.11316666666666664,fraction,250,0,collision,nan,0,34.934186323673217,0.034289590000000002,0.0010000000000000024,1.0000000000000048e-06,1.7769904872117921,-0.44194212740916994,0.00051869521772825926,trajectory reached the configured collision radius
67,143,0.78943120966228408,0.11316666666666664,fraction,250,0,collision,nan,0,34.938991207293057,0.037288882000000002,0.0010000000000000015,1.0000000000000031e-06,1.7770338738654381,-0.44194212740039268,0.00051870269642845625,trajectory reached the configured collision radius
67,144,0.78943838858311388,0.11316666666666664,fraction,250,0,collision,nan,0,34.94383599986579,0.039865415000000001,0.0010000000000000009,1.0000000000000019e-06,1.7770772613235515,-0.4419421273916283,0.00051871016353093101,trajectory reached the configured collision radius
67,145,0.78944556750394368,0.11316666666666664,fraction,250,0,collision,nan,0,34.948721404595986,0.035336698999999999,0.0010000000000000007,1.0000000000000014e-06,1.7771206504410999,-0.44194212738287758,0.00051871761915280035,trajectory reached the configured collision radius
67,146,0.78945274642477348,0.11316666666666664,fraction,250,0,collision,nan,0,34.953648143607971,0.052766572999999997,0.0010000000000000007,1.0000000000000014e-06,1.7771640421197941,-0.44194212737414013,0.0005187250634188555,trajectory reached the configured collision radius
67,147,0.78945992534560328,0.11316666666666664,fraction,250,0,collision,nan,0,34.958616958622365,0.036683605000000001,0.0010000000000000005,1.000000000000001e-06,1.7772074373102993,-0.44194212736541538,0.00051873249646186104,trajectory reached the configured collision radius
67,148,0.78946710426643307,0.11316666666666664,fraction,250,0,collision,nan,0,34.963628611671005,0.035819511999999998,0.0010000000000000005,1.000000000000001e-06,1.7772508370142344,-0.4419421273567038,0.00051873991842287654,trajectory reached the configured collision radius
67,149,0.78947428318726287,0.11316666666666664,fraction,250,0,collision,nan,0,34.968683885833357,0.035869427000000002,0.0010000000000000007,1.0000000000000014e-06,1.7772942422864302,-0.44194212734800503,0.00051874732945155302,trajectory reached the configured collision radius
67,150,0.78948146210809278,0.11316666666666664,fraction,250,0,collision,nan,0,34.973783586023515,0.074399622999999998,0.0010000000000000009,1.0000000000000019e-06,1.7773376542374015,-0.44194212733931854,0.00051875472970655111,trajectory reached the configured collision radius
67,151,0.78948864102892258,0.11316666666666664,fraction,250,0,collision,nan,0,34.978928539788399,0.037589912000000003,0.0010000000000000013,1.0000000000000027e-06,1.7773810740355438,-0.44194212733064431,0.0005187621193557709,trajectory reached the configured collision radius
68,133,0.78935942045398599,0.1293333333333333,fraction,250,0,collision,nan,0,34.913598563108373,0.036134787000000002,0.0010000000000000005,1.000000000000001e-06,1.7767916929467129,-0.44194212743654382,0.00051867189379471896,trajectory reached the configured collision radius
68,134,0.78936659937481579,0.1293333333333333,fraction,250,0,collision,nan,0,34.918107137764054,0.041489879,0.001,9.9999999999999995e-07,1.7768347361295711,-0.44194212742784239,0.00051867930810920457,trajectory reached the configured collision radius
68,135,0.78937377829564559,0.1293333333333333,fraction,250,0,collision,nan,0,34.922650713891059,0.040608784000000002,0.001,9.9999999999999995e-07,1.7768777731399659,-0.44194212741915562,0.00051868670982498099,trajectory reached the configured collision radius
68,136,0.78938095721647539,0.1293333333333333,fraction,250,0,collision,nan,0,34.927229868592818,0.056156070000000002,0.001,9.9999999999999995e-07,1.7769208045393436,-0.441942127410483,0.00051869409900777365,trajectory reached the configured collision radius
68,137,0.78938813613730519,0.1293333333333333,fraction,250,0,collision,nan,0,34.931845193526364,0.038647968999999997,0.001,9.9999999999999995e-07,1.77696383092276,-0.44194212740182504,0.00051870147572886059,trajectory reached the configured collision radius
68,138,0.78939531505813509,0.1293333333333333,fraction,250,0,collision,nan,0,34.93649729539154,0.035439903000000002,0.0010000000000000005,1.000000000000001e-06,1.777006852920245,-0.44194212739318184,0.00051870884006521606,trajectory reached the configured collision radius
68,139,0.78940249397896489,0.1293333333333333,fraction,250,0,collision,nan,0,34.941186796442601,0.036239018999999997,0.0010000000000000009,1.0000000000000019e-06,1.77704987119841,-0.44194212738455285,0.00051871619209981968,trajectory reached the configured collision radius
68,140,0.78940967289979469,0.1293333333333333,fraction,250,0,collision,nan,0,34.945914335027588,0.040081334000000003,0.0010000000000000018,1.0000000000000036e-06,1.7770928864618898,-0.4419421273759373,0.00051872353192182604,trajectory reached the configured collision radius
68,141,0.78941685182062449,0.1293333333333333,fraction,250,0,collision,nan,0,34.950680566135617,0.041663813000000001,0.0010000000000000033,1.0000000000000065e-06,1.777135899455073,-0.44194212736733701,0.00051873085962682709,trajectory reached the configured collision radius
68,142,0.78942403074145429,0.1293333333333333,fraction,250,0,collision,nan,0,34.955486161981042,0.038120894000000002,0.0010000000000000048,1.0000000000000095e-06,1.7771789109637597,-0.44194212735874966,0.00051873817531711806,trajectory reached the configured collision radius
68,143,0.78943120966228408,0.1293333333333333,fraction,250,0,collision,nan,0,34.960331812612125,0.036240482999999997,0.0010000000000000067,1.0000000000000135e-06,1.7772219218169458,-0.44194212735017674,0.00051874547910194825,trajectory reached the configured collision radius
68,144,0.78943838858311388,0.1293333333333333,fraction,250,0,collision,nan,0,34.96521822653677,0.045600552000000003,0.0010000000000000083,1.0000000000000165e-06,1.7772649328886472,-0.44194212734161742,0.00051875277109777193,trajectory reached the configured collision radius
68,145,0.78944556750394368,0.1293333333333333,fraction,250,0,collision,nan,0,34.970146131385015,0.034572709,0.0010000000000000091,1.0000000000000182e-06,1.7773079450998746,-0.44194212733307198,0.00051876005142856079,trajectory reached the configured collision radius
68,146,0.78945274642477348,0.1293333333333333,fraction,250,0,collision,nan,0,34.975116274599706,0.034489957000000002,0.0010000000000000096,1.0000000000000192e-06,1.7773509594207006,-0.44194212732453947,0.00051876732022609114,trajectory reached the configured collision radius
68,147,0.78945992534560328,0.1293333333333333,fraction,250,0,collision,nan,0,34.980129424158811,0.042901835999999999,0.0010000000000000093,1.0000000000000186e-06,1.7773939768723552,-0.44194212731602056,0.00051877457763022106,trajectory reached the configured collision radius
68,148,0.78946710426643307,0.1293333333333333,fraction,250,0,collision,nan,0,34.985186369321724,0.038596045000000002,0.0010000000000000085,1.0000000000000169e-06,1.7774369985293748,-0.4419421273075142,0.00051878182378924998,trajectory reached the configured collision radius
68,149,0.78947428318726287,0.1293333333333333,fraction,250,0,collision,nan,0,34.990287921421015,0.035848562,0.0010000000000000072,1.0000000000000144e-06,1.7774800255220322,-0.44194212729902138,0.00051878905886020661,trajectory reached the configured collision radius
68,150,0.78948146210809278,0.1293333333333333,fraction,250,0,collision,nan,0,34.995434914686577,0.036163935000000001,0.0010000000000000054,1.000000000000011e-06,1.7775230590387217,-0.44194212729054111,0.00051879628300919992,trajectory reached the configured collision radius
68,151,0.78948864102892258,0.1293333333333333,fraction,250,0,collision,nan,0,35.00062820710918,0.040294082000000002,0.0010000000000000037,1.0000000000000074e-06,1.7775661003284731,-0.44194212728207316,0.00051880349641180541,trajectory reached the configured collision radius
69,133,0.78935942045398599,0.14549999999999996,fraction,250,0,collision,nan,0,34.935070859660783,0.038537903999999998,0.0010000000000000104,1.0000000000000209e-06,1.7769899640946274,-0.44194212738344124,0.00051871713901728534,trajectory reached the configured collision radius
69,134,0.78936659937481579,0.14549999999999996,fraction,250,0,collision,nan,0,34.939615454488234,0.057652925000000001,0.0010000000000000061,1.0000000000000122e-06,1.777032591085757,-0.44194212737495359,0.0005187243703252502,trajectory reached the configured collision radius
69,135,0.78937377829564559,0.14549999999999996,fraction,250,0,collision,nan,0,34.944195763056499,0.047091096999999998,0.0010000000000000024,1.0000000000000048e-06,1.7770752109057322,-0.44194212736648097,0.00051873158880108366,trajectory reached the configured collision radius
69,136,0.78938095721647539,0.14549999999999996,fraction,250,0,collision,nan,0,34.948812381645297,0.047903531999999999,0.0010000000000000009,1.0000000000000019e-06,1.7771178241670815,-0.44194212735802313,0.00051873879451606593,trajectory reached the configured collision radius
69,137,0.78938813613730519,0.14549999999999996,fraction,250,0,collision,nan,0,34.953465921753839,0.035006491000000001,0.0010000000000000002,1.0000000000000004e-06,1.7771604315176903,-0.44194212734958016,0.00051874598754711454,trajectory reached the configured collision radius
69,138,0.78939531505813509,0.14549999999999996,fraction,250,0,collision,nan,0,34.958157010608808,0.058183184999999998,0.001,9.9999999999999995e-07,1.7772030336420912,-0.44194212734115168,0.000518753167976986,trajectory reached the configured collision radius
69,139,0.78940249397896489,0.14549999999999996,fraction,250,0,collision,nan,0,34.962886291711243,0.045574260999999998,0.001,9.9999999999999995e-07,1.7772456312631775,-0.44194212733273774,0.00051876033589451582,trajectory reached the configured collision radius
69,140,0.78940967289979469,0.14549999999999996,fraction,250,0,collision,nan,0,34.967654425400333,0.034274358999999997,0.001,9.9999999999999995e-07,1.7772882251437019,-0.44194212732433835,0.00051876749139482918,trajectory reached the configured collision radius
69,141,0.78941685182062449,0.14549999999999996,fraction,250,0,collision,nan,0,34.972462089437968,0.035849056999999997,0.001,9.9999999999999995e-07,1.7773308160880208,-0.44194212731595373,0.0005187746345796106,trajectory reached the configured collision radius
69,142,0.78942403074145429,0.14549999999999996,fraction,250,0,collision,nan,0,34.977309979627833,0.060202548000000002,0.001,9.9999999999999995e-07,1.7773734049438774,-0.44194212730758275,0.00051878176555731226,trajectory reached the configured collision radius
69,143,0.78943120966228408,0.14549999999999996,fraction,250,0,collision,nan,0,34.982198810454797,0.047982865,0.001,9.9999999999999995e-07,1.7774159926042103,-0.441942127299226,0.00051878888444347653,trajectory reached the configured collision radius
69,144,0.78943838858311388,0.14549999999999996,fraction,250,0,collision,nan,0,34.987129315753378,0.034734203999999998,0.001,9.9999999999999995e-07,1.7774585800091298,-0.44194212729088322,0.00051879599136095487,trajectory reached the configured collision radius
69,145,0.78944556750394368,0.14549999999999996,fraction,250,0,collision,nan,0,34.992102249410017,0.034942027000000001,0.001,9.9999999999999995e-07,1.7775011681478894,-0.44194212728255439,0.00051880308644021954,trajectory reached the configured collision radius
69,146,0.78945274642477348,0.14549999999999996,fraction,250,0,collision,nan,0,34.997118386088864,0.034305711000000003,0.001,9.9999999999999995e-07,1.7775437580609956,-0.44194212727423893,0.00051881016981962231,trajectory reached the configured collision radius
69,147,0.78945992534560328,0.14549999999999996,fraction,250,0,collision,nan,0,35.002178522005202,0.034422411999999999,0.001,9.9999999999999995e-07,1.7775863508424561,-0.44194212726593701,0.00051881724164573942,trajectory reached the configured collision radius
69,148,0.78946710426643307,0.14549999999999996,fraction,250,0,collision,nan,0,35.007283475717131,0.03518777,0.001,9.9999999999999995e-07,1.7776289476420251,-0.44194212725764859,0.00051882430207365686,trajectory reached the configured collision radius
69,149,0.78947428318726287,0.14549999999999996,fraction,250,0,collision,nan,0,35.012434088962685,0.034897338,0.001,9.9999999999999995e-07,1.7776715496676245,-0.44194212724937304,0.00051883135126728694,trajectory reached the configured collision radius
69,150,0.78948146210809278,0.14549999999999996,fraction,250,0,collision,nan,0,35.017631227543092,0.049050733999999999,0.001,9.9999999999999995e-07,1.7777141581879214,-0.44194212724111026,0.0005188383893997558,trajectory reached the configured collision radius
69,151,0.78948864102892258,0.14549999999999996,fraction,250,0,collision,nan,0,35.022875782229683,0.034801679000000002,0.001,9.9999999999999995e-07,1.7777567745348504,-0.4419421272328603,0.00051884541665367227,trajectory reached the configured collision radius
70,133,0.78935942045398599,0.16166666666666663,fraction,250,0,collision,nan,0,34.95707396348007,0.04171366,0.0010000000000000002,1.0000000000000004e-06,1.777194666023264,-0.44194212732954286,0.00051876305806121252,trajectory reached the configured collision radius
70,134,0.78936659937481579,0.16166666666666663,fraction,250,0,collision,nan,0,34.96165672372198,0.044914479,0.0010000000000000002,1.0000000000000004e-06,1.7772368276141819,-0.44194212732128113,0.00051877009615575685,trajectory reached the configured collision radius
70,135,0.78937377829564559,0.16166666666666663,fraction,250,0,collision,nan,0,34.966275957351478,0.034418254000000002,0.0010000000000000007,1.0000000000000014e-06,1.7772789811330525,-0.44194212731303478,0.00051877712119750017,trajectory reached the configured collision radius
70,136,0.78938095721647539,0.16166666666666663,fraction,250,0,collision,nan,0,34.970932281256395,0.047441218,0.001000000000000002,1.000000000000004e-06,1.7773211272453857,-0.44194212730480348,0.00051878413326301542,trajectory reached the configured collision radius
70,137,0.78938813613730519,0.16166666666666663,fraction,250,0,collision,nan,0,34.975626328252567,0.036632555999999997,0.0010000000000000037,1.0000000000000074e-06,1.7773632666535739,-0.44194212729658738,0.00051879113243461547,trajectory reached the configured collision radius
70,138,0.78939531505813509,0.16166666666666663,fraction,250,0,collision,nan,0,34.980358747633701,0.035008177000000001,0.0010000000000000061,1.0000000000000122e-06,1.7774054000985506,-0.44194212728838583,0.00051879811880052172,trajectory reached the configured collision radius
70,139,0.78940249397896489,0.16166666666666663,fraction,250,0,collision,nan,0,34.985130205746408,0.034434065,0.0010000000000000096,1.0000000000000192e-06,1.7774475283612654,-0.44194212728019971,0.00051880509245512906,trajectory reached the configured collision radius
70,140,0.78940967289979469,0.16166666666666663,fraction,250,0,collision,nan,0,34.989941386580156,0.042318936000000001,0.0010000000000000106,1.0000000000000213e-06,1.7774896522644659,-0.44194212727202775,0.00051881205349920735,trajectory reached the configured collision radius
70,141,0.78941685182062449,0.16166666666666663,fraction,250,0,collision,nan,0,34.994792992401159,0.051844595,0.0010000000000000083,1.0000000000000165e-06,1.7775317726743474,-0.44194212726387028,0.0005188190020401273,trajectory reached the configured collision radius
70,142,0.78942403074145429,0.16166666666666663,fraction,250,0,collision,nan,0,34.999685744401454,0.034827051999999997,0.0010000000000000067,1.0000000000000135e-06,1.7775738905025711,-0.44194212725572779,0.00051882593819217141,trajectory reached the configured collision radius
70,143,0.78943120966228408,0.16166666666666663,fraction,250,0,collision,nan,0,35.00462038337303,0.034103015,0.0010000000000000061,1.0000000000000122e-06,1.7776160067079343,-0.44194212724759907,0.00051883286207673378,trajectory reached the configured collision radius
70,144,0.78943838858311388,0.16166666666666663,fraction,250,0,collision,nan,0,35.009597670426558,0.034173238000000002,0.0010000000000000059,1.0000000000000118e-06,1.7776581222985857,-0.44194212723948495,0.00051883977382262707,trajectory reached the configured collision radius
70,145,0.78944556750394368,0.16166666666666663,fraction,250,0,collision,nan,0,35.014618387729648,0.033889071999999999,0.0010000000000000061,1.0000000000000122e-06,1.7777002383339868,-0.44194212723138465,0.00051884667356632283,trajectory reached the configured collision radius
70,146,0.78945274642477348,0.16166666666666663,fraction,250,0,collision,nan,0,35.019683339289003,0.034782426999999998,0.0010000000000000067,1.0000000000000135e-06,1.7777423559271095,-0.44194212722329801,0.00051885356145228993,trajectory reached the configured collision radius
70,147,0.78945992534560328,0.16166666666666663,fraction,250,0,collision,nan,0,35.024793351758071,0.034931532000000001,0.0010000000000000083,1.0000000000000165e-06,1.7777844762467923,-0.44194212721522508,0.00051886043763323488,trajectory reached the configured collision radius
70,148,0.78946710426643307,0.16166666666666663,fraction,250,0,collision,nan,0,35.029949275291806,0.034890263999999997,0.0010000000000000106,1.0000000000000213e-06,1.777826600520001,-0.44194212720716558,0.00051886730227047515,trajectory reached the configured collision radius
70,149,0.78947428318726287,0.16166666666666663,fraction,250,0,collision,nan,0,35.035151984431721,0.035448300000000002,0.0010000000000000091,1.0000000000000182e-06,1.777868730034446,-0.44194212719911957,0.00051887415553418601,trajectory reached the configured collision radius
70,150,0.78948146210809278,0.16166666666666663,fraction,250,0,collision,nan,0,35.040402379047634,0.034258207999999998,0.0010000000000000059,1.0000000000000118e-06,1.7779108661410823,-0.44194212719108633,0.00051888099760381444,trajectory reached the configured collision radius
70,151,0.78948864102892258,0.16166666666666663,fraction,250,0,collision,nan,0,35.045701385306963,0.035118399000000002,0.0010000000000000031,1.0000000000000061e-06,1.7779530102569512,-0.44194212718306591,0.0005188878286683632,trajectory reached the configured collision radius
71,133,0.78935942045398599,0.17783333333333329,fraction,250,0,collision,nan,0,34.979636158371655,0.036441289000000002,0.0010000000000000061,1.0000000000000122e-06,1.777405713945061,-0.44194212727491167,0.00051880959688365639,trajectory reached the configured collision radius
71,134,0.78936659937481579,0.17783333333333329,fraction,250,0,collision,nan,0,34.984259421283646,0.039202226999999999,0.0010000000000000031,1.0000000000000061e-06,1.777447359992183,-0.44194212726688831,0.00051881643144364596,trajectory reached the configured collision radius
71,135,0.78937377829564559,0.17783333333333329,fraction,250,0,collision,nan,0,34.988919969267947,0.034864361000000003,0.0010000000000000011,1.0000000000000023e-06,1.7774889971672865,-0.4419421272588801,0.00051882325274151095,trajectory reached the configured collision radius
71,136,0.78938095721647539,0.17783333333333329,fraction,250,0,collision,nan,0,34.993618441397636,0.034565141000000001,0.0010000000000000005,1.000000000000001e-06,1.7775306261903827,-0.44194212725088794,0.00051883006085879572,trajectory reached the configured collision radius
71,137,0.78938813613730519,0.17783333333333329,fraction,250,0,collision,nan,0,34.998355493448393,0.034540122999999999,0.0010000000000000002,1.0000000000000004e-06,1.7775722478201501,-0.44194212724291071,0.0005188368558828113,trajectory reached the configured collision radius
71,138,0.78939531505813509,0.17783333333333329,fraction,250,0,collision,nan,0,35.00313179849244,0.036183341000000001,0.001,9.9999999999999995e-07,1.7776138628555234,-0.44194212723494808,0.00051884363790689729,trajectory reached the configured collision radius
71,139,0.78940249397896489,0.17783333333333329,fraction,250,0,collision,nan,0,35.007948047488163,0.035369952000000003,0.001,9.9999999999999995e-07,1.7776554721371847,-0.44194212722700144,0.00051885040703052697,trajectory reached the configured collision radius
71,140,0.78940967289979469,0.17783333333333329,fraction,250,0,collision,nan,0,35.012804949933631,0.034152519999999999,0.001,9.9999999999999995e-07,1.7776970765495896,-0.44194212721906928,0.0005188571633596837,trajectory reached the configured collision radius
71,141,0.78941685182062449,0.17783333333333329,fraction,250,0,collision,nan,0,35.01770323451349,0.035198423999999999,0.001,9.9999999999999995e-07,1.777738677022572,-0.44194212721115211,0.00051886390700697956,trajectory reached the configured collision radius
71,142,0.78942403074145429,0.17783333333333329,fraction,250,0,collision,nan,0,35.022643649806753,0.03556745,0.001,9.9999999999999995e-07,1.7777802745333264,-0.44194212720324932,0.00051887063809196777,trajectory reached the configured collision radius
71,143,0.78943120966228408,0.17783333333333329,fraction,250,0,collision,nan,0,35.027626964998234,0.035036851000000001,0.001,9.9999999999999995e-07,1.7778218701083475,-0.44194212719536113,0.0005188773567413867,trajectory reached the configured collision radius
71,144,0.78943838858311388,0.17783333333333329,fraction,250,0,collision,nan,0,35.032653970641135,0.050123349999999997,0.001,9.9999999999999995e-07,1.7778634648255196,-0.44194212718748743,0.00051888406308938913,trajectory reached the configured collision radius
71,145,0.78944556750394368,0.17783333333333329,fraction,250,0,collision,nan,0,35.037725479448191,0.035174485999999998,0.001,9.9999999999999995e-07,1.7779050598163113,-0.44194212717962733,0.00051889075727786925,trajectory reached the configured collision radius
71,146,0.78945274642477348,0.17783333333333329,fraction,250,0,collision,nan,0,35.042842327119722,0.035307102,0.001,9.9999999999999995e-07,1.7779466562679687,-0.44194212717178183,0.00051889743945670273,trajectory reached the configured collision radius
71,147,0.78945992534560328,0.17783333333333329,fraction,250,0,collision,nan,0,35.048005373203992,0.034583570000000001,0.001,9.9999999999999995e-07,1.7779882554259077,-0.44194212716394998,0.00051890410978407196,trajectory reached the configured collision radius
71,148,0.78946710426643307,0.17783333333333329,fraction,250,0,collision,nan,0,35.053215502016407,0.033704931,0.0010000000000000002,1.0000000000000004e-06,1.778029858596164,-0.44194212715613157,0.00051891076842674512,trajectory reached the configured collision radius
71,149,0.78947428318726287,0.17783333333333329,fraction,250,0,collision,nan,0,35.058473623578266,0.049686636999999999,0.0010000000000000002,1.0000000000000004e-06,1.7780714671480058,-0.44194212714832692,0.00051891741556039342,trajectory reached the configured collision radius
71,150,0.78948146210809278,0.17783333333333329,fraction,250,0,collision,nan,0,35.063780674617405,0.036639079999999997,0.0010000000000000009,1.0000000000000019e-06,1.7781130825165741,-0.44194212714053505,0.00051892405136993362,trajectory reached the configured collision radius
71,151,0.78948864102892258,0.17783333333333329,fraction,250,0,collision,nan,0,35.069137619611794,0.041742678999999998,0.0010000000000000022,1.0000000000000044e-06,1.7781547062056904,-0.44194212713275632,0.00051893067604984796,trajectory reached the configured collision radius
72,133,0.78935942045398599,0.19399999999999995,fraction,250,0,collision,nan,0,35.002787972780737,0.037901829999999997,0.001,9.9999999999999995e-07,1.7776230069050618,-0.44194212721961784,0.00051885669608819874,trajectory reached the configured collision radius
72,134,0.78936659937481579,0.19399999999999995,fraction,250,0,collision,nan,0,35.007454290389155,0.036130414999999999,0.001,9.9999999999999995e-07,1.7776640862893884,-0.44194212721184495,0.00051886331666984187,trajectory reached the configured collision radius
72,135,0.78937377829564559,0.19399999999999995,fraction,250,0,collision,nan,0,35.012158762054995,0.054693984000000001,0.001,9.9999999999999995e-07,1.7777051561046633,-0.44194212720408815,0.00051886992378956582,trajectory reached the configured collision radius
72,136,0.78938095721647539,0.19399999999999995,fraction,250,0,collision,nan,0,35.016902050797789,0.035893026000000001,0.001,9.9999999999999995e-07,1.777746217126958,-0.44194212719634651,0.00051887651753340473,trajectory reached the configured collision radius
72,137,0.78938813613730519,0.19399999999999995,fraction,250,0,collision,nan,0,35.02168483718529,0.035301973,0.0010000000000000002,1.0000000000000004e-06,1.7777872701726563,-0.44194212718862042,0.00051888309799322512,trajectory reached the configured collision radius
72,138,0.78939531505813509,0.19399999999999995,fraction,250,0,collision,nan,0,35.026507819960401,0.035374612,0.0010000000000000002,1.0000000000000004e-06,1.7778283161001436,-0.44194212718090969,0.0005188896652668759,trajectory reached the configured collision radius
72,139,0.78940249397896489,0.19399999999999995,fraction,250,0,collision,nan,0,35.031371716681107,0.035614680000000003,0.0010000000000000005,1.000000000000001e-06,1.7778693558114507,-0.44194212717321407,0.00051889621945846889,trajectory reached the configured collision radius
72,140,0.78940967289979469,0.19399999999999995,fraction,250,0,collision,nan,0,35.036277264402976,0.036775053000000002,0.0010000000000000007,1.0000000000000014e-06,1.7779103902541653,-0.44194212716553399,0.00051890276067854469,trajectory reached the configured collision radius
72,141,0.78941685182062449,0.19399999999999995,fraction,250,0,collision,nan,0,35.041225220379104,0.037356293999999998,0.0010000000000000009,1.0000000000000019e-06,1.7779514204231937,-0.44194212715786874,0.00051890928904433644,trajectory reached the configured collision radius
72,142,0.78942403074145429,0.19399999999999995,fraction,250,0,collision,nan,0,35.046216362801495,0.071611912,0.0010000000000000009,1.0000000000000019e-06,1.7779924473628463,-0.4419421271502183,0.00051891580468003214,trajectory reached the configured collision radius
72,143,0.78943120966228408,0.19399999999999995,fraction,250,0,collision,nan,0,35.051251491573744,0.037751392000000002,0.0010000000000000009,1.0000000000000019e-06,1.7780334721687636,-0.44194212714258257,0.00051892230771697636,trajectory reached the configured collision radius
72,144,0.78943838858311388,0.19399999999999995,fraction,250,0,collision,nan,0,35.056331429113733,0.035218692000000003,0.0010000000000000005,1.000000000000001e-06,1.778074495990126,-0.44194212713496117,0.00051892879829396402,trajectory reached the configured collision radius
72,145,0.78944556750394368,0.19399999999999995,fraction,250,0,collision,nan,0,35.061457021204973,0.036020521,0.0010000000000000005,1.000000000000001e-06,1.7781155200318564,-0.44194212712735459,0.00051893527655747711,trajectory reached the configured collision radius
72,146,0.78945274642477348,0.19399999999999995,fraction,250,0,collision,nan,0,35.066629137869519,0.055588324000000001,0.0010000000000000002,1.0000000000000004e-06,1.7781565455569448,-0.44194212711976172,0.00051894174266198961,trajectory reached the configured collision radius
72,147,0.78945992534560328,0.19399999999999995,fraction,250,0,collision,nan,0,35.071848674305386,0.041469260000000001,0.001,9.9999999999999995e-07,1.7781975738888771,-0.44194212711218306,0.00051894819677023312,trajectory reached the configured collision radius
72,148,0.78946710426643307,0.19399999999999995,fraction,250,0,collision,nan,0,35.077116551850231,0.035076560999999999,0.0010000000000000002,1.0000000000000004e-06,1.7782386064142615,-0.44194212710461811,0.00051895463905350268,trajectory reached the configured collision radius
72,149,0.78947428318726287,0.19399999999999995,fraction,250,0,collision,nan,0,35.08243371899794,0.036842185,0.001,9.9999999999999995e-07,1.7782796445853619,-0.44194212709706704,0.00051896106969194218,trajectory reached the configured collision radius
72,150,0.78948146210809278,0.19399999999999995,fraction,250,0,collision,nan,0,35.087801152464223,0.034758331000000003,0.001,9.9999999999999995e-07,1.7783206899228883,-0.44194212708952935,0.00051896748887487977,trajectory reached the configured collision radius
72,151,0.78948864102892258,0.19399999999999995,fraction,250,0,collision,nan,0,35.093219858307748,0.038629689000000002,0.001,9.9999999999999995e-07,1.7783617440190493,-0.44194212708200437,0.00051897389680114554,trajectory reached the configured collision radius
73,133,0.78935942045398599,0.21016666666666661,fraction,250,0,collision,nan,0,35.026562428251189,0.035473418,0.0010000000000000002,1.0000000000000004e-06,1.7778464254271453,-0.4419421271637381,0.00051890429029504944,trajectory reached the configured collision radius
73,134,0.78936659937481579,0.21016666666666661,fraction,250,0,collision,nan,0,35.031274593517061,0.034036648000000003,0.0010000000000000007,1.0000000000000014e-06,1.7778868860081232,-0.44194212715622805,0.0005189106863217255,trajectory reached the configured collision radius
73,135,0.78937377829564559,0.21016666666666661,fraction,250,0,collision,nan,0,35.036025845107702,0.034313618999999997,0.0010000000000000015,1.0000000000000031e-06,1.7779273364270316,-0.44194212714873438,0.0005189170686938293,trajectory reached the configured collision radius
73,136,0.78938095721647539,0.21016666666666661,fraction,250,0,collision,nan,0,35.040816871948692,0.034761584999999998,0.0010000000000000024,1.0000000000000048e-06,1.7779677775171538,-0.44194212714125591,0.00051892343750129986,trajectory reached the configured collision radius
73,137,0.78938813613730519,0.21016666666666661,fraction,250,0,collision,nan,0,35.045648381444344,0.035473152000000001,0.0010000000000000035,1.0000000000000069e-06,1.7780082101538963,-0.44194212713379355,0.00051892979283991233,trajectory reached the configured collision radius
73,138,0.78939531505813509,0.21016666666666661,fraction,250,0,collision,nan,0,35.050521100133906,0.034038807999999997,0.0010000000000000046,1.0000000000000091e-06,1.7780486352563165,-0.44194212712634673,0.00051893613481140846,trajectory reached the configured collision radius
73,139,0.78940249397896489,0.21016666666666661,fraction,250,0,collision,nan,0,35.055435774384662,0.034401046999999997,0.0010000000000000054,1.000000000000011e-06,1.7780890537889786,-0.44194212711891556,0.0005189424635237554,trajectory reached the configured collision radius
73,140,0.78940967289979469,0.21016666666666661,fraction,250,0,collision,nan,0,35.060393171113596,0.063594606999999997,0.0010000000000000059,1.0000000000000118e-06,1.7781294667638468,-0.44194212711149944,0.00051894877909135413,trajectory reached the configured collision radius
73,141,0.78941685182062449,0.21016666666666661,fraction,250,0,collision,nan,0,35.065394078535014,0.047003413000000001,0.0010000000000000059,1.0000000000000118e-06,1.7781698752421111,-0.44194212710409864,0.00051895508163525453,trajectory reached the configured collision radius
73,142,0.78942403074145429,0.21016666666666661,fraction,250,0,collision,nan,0,35.070439306959003,0.036240623999999999,0.0010000000000000054,1.000000000000011e-06,1.7782102803363795,-0.44194212709671282,0.00051896137128343571,trajectory reached the configured collision radius
73,143,0.78943120966228408,0.21016666666666661,fraction,250,0,collision,nan,0,35.075529689607308,0.035198132,0.0010000000000000046,1.0000000000000091e-06,1.7782506832125977,-0.44194212708934205,0.00051896764817095306,trajectory reached the configured collision radius
73,144,0.78943838858311388,0.21016666666666661,fraction,250,0,collision,nan,0,35.08066608347491,0.038515336999999997,0.0010000000000000035,1.0000000000000069e-06,1.7782910850923439,-0.44194212708198588,0.0005189739124402702,trajectory reached the configured collision radius
73,145,0.78944556750394368,0.21016666666666661,fraction,250,0,collision,nan,0,35.08584937024667,0.034570146000000003,0.0010000000000000022,1.0000000000000044e-06,1.7783314872551912,-0.44194212707464442,0.00051898016424150619,trajectory reached the configured collision radius
73,146,0.78945274642477348,0.21016666666666661,fraction,250,0,collision,nan,0,35.091080457226219,0.047642770000000001,0.0010000000000000011,1.0000000000000023e-06,1.7783718910409338,-0.44194212706731728,0.00051898640373264175,trajectory reached the configured collision radius
73,147,0.78945992534560328,0.21016666666666661,fraction,250,0,collision,nan,0,35.096360278341336,0.065411405000000006,0.0010000000000000007,1.0000000000000014e-06,1.7784122978522863,-0.44194212706000424,0.00051899263107985333,trajectory reached the configured collision radius
73,148,0.78946710426643307,0.21016666666666661,fraction,250,0,collision,nan,0,35.101689795171062,0.051498554000000002,0.001,9.9999999999999995e-07,1.7784527091573703,-0.4419421270527053,0.0005189988464577637,trajectory reached the configured collision radius
73,149,0.78947428318726287,0.21016666666666661,fraction,250,0,collision,nan,0,35.107069998048125,0.042794709,0.0010000000000000002,1.0000000000000004e-06,1.7784931264924588,-0.44194212704541963,0.00051900505004974604,trajectory reached the configured collision radius
73,150,0.78948146210809278,0.21016666666666661,fraction,250,0,collision,nan,0,35.112501907192495,0.042302533000000003,0.0010000000000000889,1.0000000000001778e-06,1.7785335514648619,-0.44194212703814828,0.00051901124204824418,trajectory reached the configured collision radius
73,151,0.78948864102892258,0.21016666666666661,fraction,250,0,collision,nan,0,35.117986573914543,0.040760963999999997,0.001,9.9999999999999995e-07,1.7785739857558951,-0.44194212703088953,0.00051901742265485142,trajectory reached the configured collision radius
74,133,0.78935942045398599,0.22633333333333328,fraction,250,0,collision,nan,0,35.050995323176501,0.036015942000000002,0.0010000000000000015,1.0000000000000031e-06,1.7780758288185785,-0.4419421271073562,0.0005189523074286131,trajectory reached the configured collision radius
74,134,0.78936659937481579,0.22633333333333328,fraction,250,0,collision,nan,0,35.055756400191974,0.035342187999999997,0.0010000000000000028,1.0000000000000057e-06,1.7781156173809258,-0.44194212710012187,0.00051895846817844472,trajectory reached the configured collision radius
74,135,0.78937377829564559,0.22633333333333328,fraction,250,0,collision,nan,0,35.060557565893788,0.035006232999999998,0.0010000000000000044,1.0000000000000086e-06,1.7781553952916944,-0.44194212709290365,0.0005189646150851985,trajectory reached the configured collision radius
74,136,0.78938095721647539,0.22633333333333328,fraction,250,0,collision,nan,0,35.06539953731415,0.035203828,0.0010000000000000059,1.0000000000000118e-06,1.7781951634424125,-0.4419421270857018,0.00051897074824196264,trajectory reached the configured collision radius
74,137,0.78938813613730519,0.22633333333333328,fraction,250,0,collision,nan,0,35.07028305098008,0.034381217999999998,0.0010000000000000074,1.0000000000000148e-06,1.7782349227682814,-0.44194212707851543,0.0005189768677475807,trajectory reached the configured collision radius
74,138,0.78939531505813509,0.22633333333333328,fraction,250,0,collision,nan,0,35.075208863609582,0.034306006,0.0010000000000000083,1.0000000000000165e-06,1.7782746742499702,-0.44194212707134511,0.00051898297370684603,trajectory reached the configured collision radius
74,139,0.78940249397896489,0.22633333333333328,fraction,250,0,collision,nan,0,35.080177752862106,0.046885805000000003,0.0010000000000000087,1.0000000000000173e-06,1.7783144189155142,-0.4419421270641905,0.00051898906623070958,trajectory reached the configured collision radius
74,140,0.78940967289979469,0.22633333333333328,fraction,250,0,collision,nan,0,35.085190518096951,0.035493024999999997,0.0010000000000000085,1.0000000000000169e-06,1.7783541578420279,-0.44194212705705155,0.0005189951454364776,trajectory reached the configured collision radius
74,141,0.78941685182062449,0.22633333333333328,fraction,250,0,collision,nan,0,35.090247981187893,0.033953492000000002,0.0010000000000000078,1.0000000000000156e-06,1.7783938921578633,-0.4419421270499278,0.00051900121144800272,trajectory reached the configured collision radius
74,142,0.78942403074145429,0.22633333333333328,fraction,250,0,collision,nan,0,35.095350987364064,0.034248991999999999,0.0010000000000000063,1.0000000000000127e-06,1.7784336230446589,-0.44194212704281938,0.00051900726439599808,trajectory reached the configured collision radius
74,143,0.78943120966228408,0.22633333333333328,fraction,250,0,collision,nan,0,35.100500406095165,0.037166209999999998,0.0010000000000000048,1.0000000000000095e-06,1.7784733517394333,-0.441942127035726,0.00051901330441812355,trajectory reached the configured collision radius
74,144,0.78943838858311388,0.22633333333333328,fraction,250,0,collision,nan,0,35.105697132008991,0.033921893000000002,0.0010000000000000033,1.0000000000000065e-06,1.7785130795368702,-0.44194212702864777,0.00051901933165935071,trajectory reached the configured collision radius
74,145,0.78944556750394368,0.22633333333333328,fraction,250,0,collision,nan,0,35.110942085876992,0.035241479999999999,0.0010000000000000018,1.0000000000000036e-06,1.7785528077918091,-0.44194212702158425,0.0005190253462721287,trajectory reached the configured collision radius
74,146,0.78945274642477348,0.22633333333333328,fraction,250,0,collision,nan,0,35.116236215609348,0.034550439000000002,0.0010000000000000007,1.0000000000000014e-06,1.7785925379215046,-0.44194212701453489,0.00051903134841668297,trajectory reached the configured collision radius
74,147,0.78945992534560328,0.22633333333333328,fraction,250,0,collision,nan,0,35.121580497336822,0.037394829999999997,0.0010000000000000002,1.0000000000000004e-06,1.7786322714083571,-0.44194212700750035,0.00051903733826119268,trajectory reached the configured collision radius
74,148,0.78946710426643307,0.22633333333333328,fraction,250,0,collision,nan,0,35.126975936517844,0.050286837000000001,0.001,9.9999999999999995e-07,1.7786720098024957,-0.44194212700047975,0.00051904331598215858,trajectory reached the configured collision radius
74,149,0.78947428318726287,0.22633333333333328,fraction,250,0,collision,nan,0,35.13242356911028,0.052282856000000003,0.001,9.9999999999999995e-07,1.7787117547246385,-0.44194212699347285,0.00051904928176459554,trajectory reached the configured collision radius
74,150,0.78948146210809278,0.22633333333333328,fraction,250,0,collision,nan,0,35.137924462815789,0.034908437,0.001,9.9999999999999995e-07,1.778751507869013,-0.44194212698648005,0.0005190552358023164,trajectory reached the configured collision radius
74,151,0.78948864102892258,0.22633333333333328,fraction,250,0,collision,nan,0,35.143479718346072,0.035137023000000003,0.0010000000000000002,1.0000000000000004e-06,1.7787912710063591,-0.44194212697950103,0.0005190611782982423,trajectory reached the configured collision radius
75,133,0.78935942045398599,0.24249999999999994,fraction,250,0,collision,nan,0,35.076125558086623,0.038295735999999997,0.0010000000000000011,1.0000000000000023e-06,1.7783110520747225,-0.44194212705056629,0.00051900066790934527,trajectory reached the configured collision radius
75,134,0.78936659937481579,0.24249999999999994,fraction,250,0,collision,nan,0,35.08093891707518,0.035531868000000001,0.0010000000000000018,1.0000000000000036e-06,1.7783501142661529,-0.44194212704362018,0.00051900658250002155,trajectory reached the configured collision radius
75,135,0.78937377829564559,0.24249999999999994,fraction,250,0,collision,nan,0,35.085793444994451,0.050827192,0.0010000000000000026,1.0000000000000052e-06,1.778389165417581,-0.44194212703669072,0.00051901248305941355,trajectory reached the configured collision radius
75,136,0.78938095721647539,0.24249999999999994,fraction,250,0,collision,nan,0,35.090689889460428,0.042410852999999998,0.0010000000000000031,1.0000000000000061e-06,1.7784282064793329,-0.44194212702977737,0.00051901836968280466,trajectory reached the configured collision radius
75,137,0.78938813613730519,0.24249999999999994,fraction,250,0,collision,nan,0,35.095629018693124,0.051150666999999997,0.0010000000000000037,1.0000000000000074e-06,1.7784672384470024,-0.44194212702288038,0.00051902424247113007,trajectory reached the configured collision radius
75,138,0.78939531505813509,0.24249999999999994,fraction,250,0,collision,nan,0,35.100611622281157,0.034172540000000001,0.0010000000000000039,1.0000000000000078e-06,1.7785062623633845,-0.44194212701599939,0.00051903010153116181,trajectory reached the configured collision radius
75,139,0.78940249397896489,0.24249999999999994,fraction,250,0,collision,nan,0,35.105638511964585,0.035204367,0.0010000000000000037,1.0000000000000074e-06,1.7785452793202932,-0.44194212700913399,0.00051903594697571588,trajectory reached the configured collision radius
75,140,0.78940967289979469,0.24249999999999994,fraction,250,0,collision,nan,0,35.110710522459584,0.036567467999999999,0.0010000000000000031,1.0000000000000061e-06,1.7785842904604325,-0.44194212700228469,0.00051904177892378748,trajectory reached the configured collision radius
75,141,0.78941685182062449,0.24249999999999994,fraction,250,0,collision,nan,0,35.115828512335142,0.034257768000000001,0.0010000000000000024,1.0000000000000048e-06,1.7786232969796385,-0.44194212699545127,0.00051904759750083843,trajectory reached the configured collision radius
75,142,0.78942403074145429,0.24249999999999994,fraction,250,0,collision,nan,0,35.120993364908152,0.035899516999999999,0.0010000000000000015,1.0000000000000031e-06,1.7786623001288004,-0.441942126988633,0.00051905340283894103,trajectory reached the configured collision radius
75,143,0.78943120966228408,0.24249999999999994,fraction,250,0,collision,nan,0,35.126205989196478,0.051138214000000001,0.0010000000000000009,1.0000000000000019e-06,1.7787013012162218,-0.44194212698183005,0.00051905919507702007,trajectory reached the configured collision radius
75,144,0.78943838858311388,0.24249999999999994,fraction,250,0,collision,nan,0,35.13146732091397,0.038152773000000001,0.0010000000000000005,1.000000000000001e-06,1.7787403016098009,-0.44194212697504243,0.00051906497436103041,trajectory reached the configured collision radius
75,145,0.78944556750394368,0.24249999999999994,fraction,250,0,collision,nan,0,35.136778323515571,0.034378652000000003,0.001,9.9999999999999995e-07,1.7787793027396823,-0.44194212696826962,0.00051907074084427747,trajectory reached the configured collision radius
75,146,0.78945274642477348,0.24249999999999994,fraction,250,0,collision,nan,0,35.1421399892848,0.034516854,0.001,9.9999999999999995e-07,1.7788183061005243,-0.44194212696151108,0.00051907649468750411,trajectory reached the configured collision radius
75,147,0.78945992534560328,0.24249999999999994,fraction,250,0,collision,nan,0,35.147553340487455,0.036350502,0.001,9.9999999999999995e-07,1.7788573132542445,-0.44194212695476781,0.00051908223605923577,trajectory reached the configured collision radius
75,148,0.78946710426643307,0.24249999999999994,fraction,250,0,collision,nan,0,35.153019430566324,0.034504535000000003,0.001,9.9999999999999995e-07,1.7788963258327593,-0.44194212694803908,0.0005190879651359861,trajectory reached the configured collision radius
75,149,0.78947428318726287,0.24249999999999994,fraction,250,0,collision,nan,0,35.158539345415953,0.044862847999999997,0.0010000000000000002,1.0000000000000004e-06,1.7789353455408672,-0.44194212694132418,0.00051909368210246781,trajectory reached the configured collision radius
75,150,0.78948146210809278,0.24249999999999994,fraction,250,0,collision,nan,0,35.164114204704191,0.033987232999999999,0.001000000000000002,1.000000000000004e-06,1.778974374159157,-0.44194212693462315,0.0005190993871518971,trajectory reached the configured collision radius
75,151,0.78948864102892258,0.24249999999999994,fraction,250,0,collision,nan,0,35.169745163267464,0.03468914,0.0010000000000000076,1.0000000000000152e-06,1.7790134135472291,-0.44194212692793555,0.00051910508048620479,trajectory reached the configured collision radius
76,133,0.78935942045398599,0.2586666666666666,fraction,250,0,collision,nan,0,35.101995510054515,0.042468345999999997,0.001,9.9999999999999995e-07,1.778551902312818,-0.44194212699347069,0.00051904928373399544,trajectory reached the configured collision radius
76,134,0.78936659937481579,0.2586666666666666,fraction,250,0,collision,nan,0,35.106864868084742,0.036217330999999998,0.001,9.9999999999999995e-07,1.7785901825696573,-0.44194212698682661,0.00051905494110387096,trajectory reached the configured collision radius
76,135,0.78937377829564559,0.2586666666666666,fraction,250,0,collision,nan,0,35.111776562122174,0.034692901999999998,0.001,9.9999999999999995e-07,1.7786284514943655,-0.44194212698019841,0.00051906058424977552,trajectory reached the configured collision radius
76,136,0.78938095721647539,0.2586666666666666,fraction,250,0,collision,nan,0,35.116731373166225,0.034714456999999997,0.0010000000000000002,1.0000000000000004e-06,1.7786667100961724,-0.44194212697358709,0.0005190662132680188,trajectory reached the configured collision radius
76,137,0.78938813613730519,0.2586666666666666,fraction,250,0,collision,nan,0,35.121730104043387,0.034226366000000001,0.001,9.9999999999999995e-07,1.7787049594310622,-0.4419421269669922,0.00051907182826035935,trajectory reached the configured collision radius
76,138,0.78939531505813509,0.2586666666666666,fraction,250,0,collision,nan,0,35.126773580237362,0.034608117000000001,0.001,9.9999999999999995e-07,1.7787432006038308,-0.44194212696041363,0.00051907742933422654,trajectory reached the configured collision radius
76,139,0.78940249397896489,0.2586666666666666,fraction,250,0,collision,nan,0,35.131862650733332,0.033774120999999997,0.001,9.9999999999999995e-07,1.7787814347699618,-0.44194212695385127,0.00051908301660288361,trajectory reached the configured collision radius
76,140,0.78940967289979469,0.2586666666666666,fraction,250,0,collision,nan,0,35.136998188905693,0.034717364000000001,0.001,9.9999999999999995e-07,1.778819663137543,-0.44194212694730461,0.0005190885901855967,trajectory reached the configured collision radius
76,141,0.78941685182062449,0.2586666666666666,fraction,250,0,collision,nan,0,35.142181093448485,0.033995274999999998,0.001,9.9999999999999995e-07,1.7788578869694673,-0.44194212694077417,0.00051909415020784334,trajectory reached the configured collision radius
76,142,0.78942403074145429,0.2586666666666666,fraction,250,0,collision,nan,0,35.147412289358719,0.035306153999999999,0.001,9.9999999999999995e-07,1.7788961075855851,-0.44194212693425922,0.0005190996968014686,trajectory reached the configured collision radius
76,143,0.78943120966228408,0.2586666666666666,fraction,250,0,collision,nan,0,35.1526927289501,0.039850602999999998,0.001,9.9999999999999995e-07,1.7789343263648312,-0.44194212692775986,0.00051910523010488346,trajectory reached the configured collision radius
76,144,0.78943838858311388,0.2586666666666666,fraction,250,0,collision,nan,0,35.158023392932243,0.034295497000000001,0.001,9.9999999999999995e-07,1.7789725447478117,-0.44194212692127571,0.00051911075026328166,trajectory reached the configured collision radius
76,145,0.78944556750394368,0.2586666666666666,fraction,250,0,collision,nan,0,35.163405291535916,0.033402501000000001,0.0010000000000000002,1.0000000000000004e-06,1.7790107642391222,-0.44194212691480689,0.00051911625742882231,trajectory reached the configured collision radius
76,146,0.78945274642477348,0.2586666666666666,fraction,250,0,collision,nan,0,35.168839465687029,0.041581604000000001,0.0010000000000000011,1.0000000000000023e-06,1.7790489864099066,-0.44194212690835311,0.00051912175176082177,trajectory reached the configured collision radius
76,147,0.78945992534560328,0.2586666666666666,fraction,250,0,collision,nan,0,35.174326988252282,0.034523518000000003,0.0010000000000000033,1.0000000000000065e-06,1.7790872129006015,-0.44194212690191376,0.00051912723342595573,trajectory reached the configured collision radius
76,148,0.78946710426643307,0.2586666666666666,fraction,250,0,collision,nan,0,35.179868965341612,0.035763949000000003,0.0010000000000000093,1.0000000000000186e-06,1.7791254454237329,-0.44194212689548962,0.00051913270259852369,trajectory reached the configured collision radius
76,149,0.78947428318726287,0.2586666666666666,fraction,250,0,collision,nan,0,35.185466537676461,0.037220808000000001,0.0010000000000000052,1.0000000000000105e-06,1.7791636857668136,-0.44194212688907958,0.00051913815946057749,trajectory reached the configured collision radius
76,150,0.78948146210809278,0.2586666666666666,fraction,250,0,collision,nan,0,35.191120882019696,0.036781009000000003,0.0010000000000000011,1.0000000000000023e-06,1.7792019357952722,-0.44194212688268386,0.00051914360420217073,trajectory reached the configured collision radius
76,151,0.78948864102892258,0.2586666666666666,fraction,250,0,collision,nan,0,35.196833212697911,0.035901800999999997,0.001,9.9999999999999995e-07,1.7792401974557921,-0.4419421268763023,0.00051914903702159467,trajectory reached the configured collision radius
77,133,0.78935942045398599,0.27483333333333326,fraction,250,0,collision,nan,0,35.128651465449927,0.034277498000000003,0.0010000000000000007,1.0000000000000014e-06,1.778798154649275,-0.44194212693618473,0.0005190980574253098,trajectory reached the configured collision radius
77,134,0.78936659937481579,0.27483333333333326,fraction,250,0,collision,nan,0,35.133580934023414,0.035241703999999999,0.0010000000000000005,1.000000000000001e-06,1.778835596106874,-0.44194212692985496,0.00051910344630991256,trajectory reached the configured collision radius
77,135,0.78937377829564559,0.27483333333333326,fraction,250,0,collision,nan,0,35.138554002853617,0.034855334000000002,0.0010000000000000005,1.000000000000001e-06,1.7788730260286811,-0.44194212692354218,0.00051910882076745184,trajectory reached the configured collision radius
77,136,0.78938095721647539,0.27483333333333326,fraction,250,0,collision,nan,0,35.143571489480429,0.0345484,0.0010000000000000002,1.0000000000000004e-06,1.7789104454821032,-0.44194212691724621,0.00051911418089371428,trajectory reached the configured collision radius
77,137,0.78938813613730519,0.27483333333333326,fraction,250,0,collision,nan,0,35.148634234648398,0.034878359999999997,0.0010000000000000005,1.000000000000001e-06,1.7789478555829379,-0.44194212691096663,0.00051911952678976552,trajectory reached the configured collision radius
77,138,0.78939531505813509,0.27483333333333326,fraction,250,0,collision,nan,0,35.153743103176787,0.034259527999999997,0.0010000000000000007,1.0000000000000014e-06,1.7789852574971829,-0.44194212690470375,0.00051912485856204344,trajectory reached the configured collision radius
77,139,0.78940249397896489,0.27483333333333326,fraction,250,0,collision,nan,0,35.158898984889554,0.034231087,0.0010000000000000011,1.0000000000000023e-06,1.7790226524430424,-0.44194212689845708,0.00051913017632254958,trajectory reached the configured collision radius
77,140,0.78940967289979469,0.27483333333333326,fraction,250,0,collision,nan,0,35.16410279556024,0.035132650000000001,0.001000000000000002,1.000000000000004e-06,1.77906004169306,-0.44194212689222701,0.00051913548018899869,trajectory reached the configured collision radius
77,141,0.78941685182062449,0.27483333333333326,fraction,250,0,collision,nan,0,35.169355477924768,0.034437167999999997,0.0010000000000000037,1.0000000000000074e-06,1.7790974265760173,-0.44194212688601281,0.00051914077028496631,trajectory reached the configured collision radius
77,142,0.78942403074145429,0.27483333333333326,fraction,250,0,collision,nan,0,35.174658002742909,0.034770028000000001,0.0010000000000000065,1.0000000000000131e-06,1.7791348084793399,-0.4419421268798146,0.00051914604674005275,trajectory reached the configured collision radius
77,143,0.78943120966228408,0.27483333333333326,fraction,250,0,collision,nan,0,35.180011369891893,0.041643744000000003,0.0010000000000000113,1.0000000000000226e-06,1.7791721888512908,-0.4419421268736321,0.00051915130969004577,trajectory reached the configured collision radius
77,144,0.78943838858311388,0.27483333333333326,fraction,250,0,collision,nan,0,35.185416609533782,0.037300245000000003,0.0010000000000000057,1.0000000000000114e-06,1.7792095692034238,-0.44194212686746559,0.00051915655927711648,trajectory reached the configured collision radius
77,145,0.78944556750394368,0.27483333333333326,fraction,250,0,collision,nan,0,35.190874783335943,0.033906370999999998,0.0010000000000000022,1.0000000000000044e-06,1.7792469511130682,-0.4419421268613144,0.00051916179564993848,trajectory reached the configured collision radius
77,146,0.78945274642477348,0.27483333333333326,fraction,250,0,collision,nan,0,35.19638698574721,0.034114247,0.0010000000000000005,1.000000000000001e-06,1.7792843362259174,-0.44194212685517853,0.0005191670189638914,trajectory reached the configured collision radius
77,147,0.78945992534560328,0.27483333333333326,fraction,250,0,collision,nan,0,35.201954345341754,0.035034912000000001,0.001,9.9999999999999995e-07,1.7793217262587357,-0.44194212684905737,0.00051917222938121295,trajectory reached the configured collision radius
77,148,0.78946710426643307,0.27483333333333326,fraction,250,0,collision,nan,0,35.207578026234508,0.034859771999999997,0.001,9.9999999999999995e-07,1.7793591230022252,-0.44194212684295137,0.00051917742707117108,trajectory reached the configured collision radius
77,149,0.78947428318726287,0.27483333333333326,fraction,250,0,collision,nan,0,35.213259229568685,0.034475277999999998,0.0010000000000000002,1.0000000000000004e-06,1.7793965283239177,-0.44194212683685996,0.00051918261221022477,trajectory reached the configured collision radius
77,150,0.78948146210809278,0.27483333333333326,fraction,250,0,collision,nan,0,35.218999195070388,0.034485085999999998,0.0010000000000000015,1.0000000000000031e-06,1.7794339441712781,-0.4419421268307831,0.00051918778498221047,trajectory reached the configured collision radius
77,151,0.78948864102892258,0.27483333333333326,fraction,250,0,collision,nan,0,35.224799202708645,0.070729133999999999,0.0010000000000000083,1.0000000000000165e-06,1.7794713725749043,-0.4419421268247205,0.00051919294557849151,trajectory reached the configured collision radius
78,133,0.78935942045398599,0.29099999999999993,fraction,250,0,collision,nan,0,35.156144122401599,0.035531288000000001,0.0010000000000000011,1.0000000000000023e-06,1.7790495474171106,-0.441942126878835,0.00051914688082841569,trajectory reached the configured collision radius
78,134,0.78936659937481579,0.29099999999999993,fraction,250,0,collision,nan,0,35.161138263349187,0.034747365000000002,0.0010000000000000011,1.0000000000000023e-06,1.7790860918004623,-0.44194212687283352,0.00051915198973109681,trajectory reached the configured collision radius
78,135,0.78937377829564559,0.29099999999999993,fraction,250,0,collision,nan,0,35.16617737794823,0.034615936999999999,0.0010000000000000009,1.0000000000000019e-06,1.7791226245207743,-0.44194212686684914,0.00051915708398569418,trajectory reached the configured collision radius
78,136,0.78938095721647539,0.29099999999999993,fraction,250,0,collision,nan,0,35.171262323895064,0.058746831999999999,0.0010000000000000009,1.0000000000000019e-06,1.7791591467023267,-0.44194212686088197,0.00051916216368572013,trajectory reached the configured collision radius
78,137,0.78938813613730519,0.29099999999999993,fraction,250,0,collision,nan,0,35.176393983611263,0.035803597,0.0010000000000000005,1.000000000000001e-06,1.779195659519113,-0.44194212685493173,0.00051916722892957675,trajectory reached the configured collision radius
78,138,0.78939531505813509,0.29099999999999993,fraction,250,0,collision,nan,0,35.18157326518422,0.034751725999999997,0.0010000000000000002,1.0000000000000004e-06,1.7792321641966515,-0.44194212684899836,0.00051917227982071839,trajectory reached the configured collision radius
78,139,0.78940249397896489,0.29099999999999993,fraction,250,0,collision,nan,0,35.186801103371174,0.035008978000000003,0.001,9.9999999999999995e-07,1.7792686620141298,-0.44194212684308121,0.00051917731646776205,trajectory reached the configured collision radius
78,140,0.78940967289979469,0.29099999999999993,fraction,250,0,collision,nan,0,35.192078460627556,0.037006663000000002,0.001,9.9999999999999995e-07,1.779305154306319,-0.44194212683718087,0.00051918233898459168,trajectory reached the configured collision radius
78,141,0.78941685182062449,0.29099999999999993,fraction,250,0,collision,nan,0,35.19740632820703,0.034564325999999999,0.001,9.9999999999999995e-07,1.7793416424658102,-0.44194212683129719,0.00051918734749055527,trajectory reached the configured collision radius
78,142,0.78942403074145429,0.29099999999999993,fraction,250,0,collision,nan,0,35.20278572729476,0.034062585999999999,0.001,9.9999999999999995e-07,1.7793781279451966,-0.44194212682542927,0.00051919234211052537,trajectory reached the configured collision radius
78,143,0.78943120966228408,0.29099999999999993,fraction,250,0,collision,nan,0,35.208217710214811,0.034841823000000001,0.0010000000000000002,1.0000000000000004e-06,1.7794146122593599,-0.44194212681957756,0.00051919732297506455,trajectory reached the configured collision radius
78,144,0.78943838858311388,0.29099999999999993,fraction,250,0,collision,nan,0,35.21370336169398,0.064260383000000004,0.0010000000000000007,1.0000000000000014e-06,1.7794510969880235,-0.44194212681374234,0.00051920229022053334,trajectory reached the configured collision radius
78,145,0.78944556750394368,0.29099999999999993,fraction,250,0,collision,nan,0,35.219243800180678,0.034629066999999999,0.0010000000000000028,1.0000000000000057e-06,1.779487583778145,-0.4419421268079225,0.00051920724398925398,trajectory reached the configured collision radius
78,146,0.78945274642477348,0.29099999999999993,fraction,250,0,collision,nan,0,35.224840179235997,0.035102550000000003,0.0010000000000000089,1.0000000000000177e-06,1.7795240743465346,-0.44194212680211836,0.00051921218442958349,trajectory reached the configured collision radius
78,147,0.78945992534560328,0.29099999999999993,fraction,250,0,collision,nan,0,35.230493688999893,0.034237192999999999,0.0010000000000000048,1.0000000000000095e-06,1.7795605704826705,-0.44194212679632922,0.00051921711169605452,trajectory reached the configured collision radius
78,148,0.78946710426643307,0.29099999999999993,fraction,250,0,collision,nan,0,35.236205557729711,0.050370871999999997,0.0010000000000000009,1.0000000000000019e-06,1.7795970740514251,-0.44194212679055617,0.0005192220259495362,trajectory reached the configured collision radius
78,149,0.78947428318726287,0.29099999999999993,fraction,250,0,collision,nan,0,35.241977053425217,0.036390890000000002,0.001,9.9999999999999995e-07,1.7796335869961499,-0.4419421267847975,0.00051922692735728538,trajectory reached the configured collision radius
78,150,0.78948146210809278,0.29099999999999993,fraction,250,0,collision,nan,0,35.247809485527959,0.034484468999999997,0.001,9.9999999999999995e-07,1.7796701113416284,-0.44194212677905387,0.00051923181609310454,trajectory reached the configured collision radius
78,151,0.78948864102892258,0.29099999999999993,fraction,250,0,collision,nan,0,35.253704206722006,0.035158525000000003,0.0010000000000000007,1.0000000000000014e-06,1.779706649197379,-0.44194212677332467,0.00051923669233739397,trajectory reached the configured collision radius
79,133,0.78935942045398599,0.30716666666666659,fraction,250,0,collision,nan,0,35.184529177000059,0.044541030000000002,0.0010000000000000052,1.0000000000000105e-06,1.7793057765971858,-0.44194212682156248,0.00051919563372643533,trajectory reached the configured collision radius
79,134,0.78936659937481579,0.30716666666666659,fraction,250,0,collision,nan,0,35.189593068445596,0.035812080000000003,0.0010000000000000057,1.0000000000000114e-06,1.7793413640855813,-0.44194212681590334,0.00051920045088131909,trajectory reached the configured collision radius
79,135,0.78937377829564559,0.30716666666666659,fraction,250,0,collision,nan,0,35.19470343004766,0.035681472999999998,0.001000000000000007,1.0000000000000139e-06,1.7793769398430843,-0.44194212681026129,0.00051920525313997861,trajectory reached the configured collision radius
79,136,0.78938095721647539,0.30716666666666659,fraction,250,0,collision,nan,0,35.199861163791347,0.033967820000000003,0.0010000000000000093,1.0000000000000186e-06,1.7794125050483631,-0.44194212680463696,0.00051921004059137194,trajectory reached the configured collision radius
79,137,0.78938813613730519,0.30716666666666659,fraction,250,0,collision,nan,0,35.20506719808786,0.064387954999999997,0.0010000000000000104,1.0000000000000209e-06,1.7794480609309611,-0.44194212679902972,0.00051921481332889831,trajectory reached the configured collision radius
79,138,0.78939531505813509,0.30716666666666659,fraction,250,0,collision,nan,0,35.210322488802525,0.067558468999999996,0.0010000000000000065,1.0000000000000131e-06,1.7794836087731196,-0.4419421267934398,0.00051921957145050629,trajectory reached the configured collision radius
79,139,0.78940249397896489,0.30716666666666659,fraction,250,0,collision,nan,0,35.215628020324381,0.035412999000000001,0.0010000000000000035,1.0000000000000069e-06,1.7795191499118119,-0.44194212678786676,0.00051922431505880802,trajectory reached the configured collision radius
79,140,0.78940967289979469,0.30716666666666659,fraction,250,0,collision,nan,0,35.220984806708564,0.034953966000000003,0.0010000000000000015,1.0000000000000031e-06,1.7795546857408804,-0.44194212678231032,0.00051922904426114039,trajectory reached the configured collision radius
79,141,0.78941685182062449,0.30716666666666659,fraction,250,0,collision,nan,0,35.226393892853444,0.034298086999999998,0.0010000000000000005,1.000000000000001e-06,1.7795902177130241,-0.44194212677677092,0.00051923375916970032,trajectory reached the configured collision radius
79,142,0.78942403074145429,0.30716666666666659,fraction,250,0,collision,nan,0,35.231856355747546,0.035303830000000001,0.001,9.9999999999999995e-07,1.7796257473421233,-0.441942126771248,0.00051923845990157222,trajectory reached the configured collision radius
79,143,0.78943120966228408,0.30716666666666659,fraction,250,0,collision,nan,0,35.237373305783663,0.035553510000000003,0.001,9.9999999999999995e-07,1.7796612762056481,-0.44194212676574157,0.0005192431465788573,trajectory reached the configured collision radius
79,144,0.78943838858311388,0.30716666666666659,fraction,250,0,collision,nan,0,35.242945888128631,0.035306405999999999,0.001,9.9999999999999995e-07,1.7796968059469389,-0.44194212676025157,0.00051924781932875959,trajectory reached the configured collision radius
79,145,0.78944556750394368,0.30716666666666659,fraction,250,0,collision,nan,0,35.248575284165348,0.034766199999999997,0.0010000000000000005,1.000000000000001e-06,1.7797323382777355,-0.4419421267547774,0.00051925247828362331,trajectory reached the configured collision radius
79,146,0.78945274642477348,0.30716666666666659,fraction,250,0,collision,nan,0,35.254262713023373,0.035448697000000001,0.0010000000000000028,1.0000000000000057e-06,1.7797678749809271,-0.44194212674931938,0.00051925712358104283,trajectory reached the configured collision radius
79,147,0.78945992534560328,0.30716666666666659,fraction,250,0,collision,nan,0,35.260009433166637,0.035020002000000001,0.0010000000000000115,1.000000000000023e-06,1.7798034179130395,-0.44194212674387745,0.00051926175536388898,trajectory reached the configured collision radius
79,148,0.78946710426643307,0.30716666666666659,fraction,250,0,collision,nan,0,35.265816744088845,0.036076298,0.0010000000000000024,1.0000000000000048e-06,1.7798389690072463,-0.44194212673845096,0.00051926637378038858,trajectory reached the configured collision radius
79,149,0.78947428318726287,0.30716666666666659,fraction,250,0,collision,nan,0,35.271685988080428,0.065537773999999993,0.0010000000000000002,1.0000000000000004e-06,1.7798745302762613,-0.44194212673304017,0.00051927097898420485,trajectory reached the configured collision radius
79,150,0.78948146210809278,0.30716666666666659,fraction,250,0,collision,nan,0,35.277618552104613,0.035413161999999998,0.001,9.9999999999999995e-07,1.7799101038152831,-0.44194212672764438,0.0005192755711343639,trajectory reached the configured collision radius
79,151,0.78948864102892258,0.30716666666666659,fraction,250,0,collision,nan,0,35.283615869762208,0.035170982000000003,0.0010000000000000005,1.000000000000001e-06,1.7799456918053049,-0.44194212672226363,0.0005192801503954036,trajectory reached the configured collision radius
80,133,0.78935942045398599,0.32333333333333325,fraction,250,0,collision,nan,0,35.213868010665394,0.034655923999999998,0.0010000000000000011,1.0000000000000023e-06,1.7795664893078653,-0.44194212676452455,0.0005192441822417012,trajectory reached the configured collision radius
80,134,0.78936659937481579,0.32333333333333325,fraction,250,0,collision,nan,0,35.21900732530748,0.034549104999999997,0.0010000000000000015,1.0000000000000031e-06,1.7796010583660034,-0.44194212675922184,0.00051924869556698567,trajectory reached the configured collision radius
80,135,0.78937377829564559,0.32333333333333325,fraction,250,0,collision,nan,0,35.224194746081984,0.034402009999999997,0.0010000000000000024,1.0000000000000048e-06,1.7796356156610416,-0.44194212675393701,0.00051925319370927942,trajectory reached the configured collision radius
80,136,0.78938095721647539,0.32333333333333325,fraction,250,0,collision,nan,0,35.229431224022761,0.033999560999999998,0.0010000000000000041,1.0000000000000082e-06,1.7796701624222679,-0.44194212674866956,0.0005192576767501871,trajectory reached the configured collision radius
80,137,0.78938813613730519,0.32333333333333325,fraction,250,0,collision,nan,0,35.234717738502944,0.034423702,0.0010000000000000072,1.0000000000000144e-06,1.779704699930702,-0.44194212674341987,0.00051926214477518472,trajectory reached the configured collision radius
80,138,0.78939531505813509,0.32333333333333325,fraction,250,0,collision,nan,0,35.240055298351763,0.035187001000000002,0.0010000000000000106,1.0000000000000213e-06,1.7797392295209369,-0.44194212673818761,0.00051926659787366323,trajectory reached the configured collision radius
80,139,0.78940249397896489,0.32333333333333325,fraction,250,0,collision,nan,0,35.245444943019734,0.040114354999999997,0.0010000000000000054,1.000000000000011e-06,1.779773752583127,-0.4419421267329729,0.00051927103613900365,trajectory reached the configured collision radius
80,140,0.78940967289979469,0.32333333333333325,fraction,250,0,collision,nan,0,35.250887743833466,0.034724895999999998,0.0010000000000000022,1.0000000000000044e-06,1.7798082705650451,-0.44194212672777522,0.00051927545966859315,trajectory reached the configured collision radius
80,141,0.78941685182062449,0.32333333333333325,fraction,250,0,collision,nan,0,35.256384805270002,0.035031126000000003,0.0010000000000000005,1.000000000000001e-06,1.7798427849742626,-0.44194212672259497,0.00051927986856388942,trajectory reached the configured collision radius
80,142,0.78942403074145429,0.32333333333333325,fraction,250,0,collision,nan,0,35.261937266334314,0.035465339999999998,0.001,9.9999999999999995e-07,1.7798772973803192,-0.44194212671743138,0.00051928426293045037,trajectory reached the configured collision radius
80,143,0.78943120966228408,0.32333333333333325,fraction,250,0,collision,nan,0,35.267546301983955,0.035492897000000002,0.001,9.9999999999999995e-07,1.779911809417013,-0.44194212671228511,0.00051928864287795456,trajectory reached the configured collision radius
80,144,0.78943838858311388,0.32333333333333325,fraction,250,0,collision,nan,0,35.273213124633536,0.033898154,0.0010000000000000002,1.0000000000000004e-06,1.7799463227847827,-0.44194212670715544,0.00051929300852023789,trajectory reached the configured collision radius
80,145,0.78944556750394368,0.32333333333333325,fraction,250,0,collision,nan,0,35.278938985744944,0.034528356000000003,0.0010000000000000013,1.0000000000000027e-06,1.7799808392532646,-0.44194212670204208,0.00051929735997528976,trajectory reached the configured collision radius
80,146,0.78945274642477348,0.32333333333333325,fraction,250,0,collision,nan,0,35.284725177491815,0.036357915999999997,0.0010000000000000072,1.0000000000000144e-06,1.7800153606637865,-0.44194212669694555,0.00051930169736529768,trajectory reached the configured collision radius
80,147,0.78945992534560328,0.32333333333333325,fraction,250,0,collision,nan,0,35.290573034515567,0.035742100999999998,0.0010000000000000041,1.0000000000000082e-06,1.7800498889320246,-0.44194212669186522,0.00051930602081653391,trajectory reached the configured collision radius
80,148,0.78946710426643307,0.32333333333333325,fraction,250,0,collision,nan,0,35.296483935778028,0.040224766000000002,0.0010000000000000002,1.0000000000000004e-06,1.7800844260508601,-0.44194212668680122,0.00051931033045947319,trajectory reached the configured collision radius
80,149,0.78947428318726287,0.32333333333333325,fraction,250,0,collision,nan,0,35.302459306512539,0.035695945999999999,0.001,9.9999999999999995e-07,1.7801189740931123,-0.44194212668175298,0.00051931462642862403,trajectory reached the configured collision radius
80,150,0.78948146210809278,0.32333333333333325,fraction,250,0,collision,nan,0,35.308500620293302,0.035504158000000001,0.0010000000000000002,1.0000000000000004e-06,1.78015353521468,-0.44194212667672106,0.00051931890886255201,trajectory reached the configured collision radius
80,151,0.78948864102892258,0.32333333333333325,fraction,250,0,collision,nan,0,35.314609401188747,0.038612379000000002,0.0010000000000000059,1.0000000000000118e-06,1.7801881116574481,-0.44194212667170479,0.00051932317790376412,trajectory reached the configured collision radius
81,133,0.78935942045398599,0.33949999999999991,fraction,250,0,collision,nan,0,35.244228500584221,0.035585723999999999,0.0010000000000000026,1.0000000000000052e-06,1.7798312761620785,-0.44194212670789723,0.00051929237698175254,trajectory reached the configured collision radius
81,134,0.78936659937481579,0.33949999999999991,fraction,250,0,collision,nan,0,35.249449599118478,0.035946190000000003,0.0010000000000000044,1.0000000000000086e-06,1.7798647633269655,-0.44194212670296568,0.00051929657402042119,trajectory reached the configured collision radius
81,135,0.78937377829564559,0.33949999999999991,fraction,250,0,collision,nan,0,35.254720598519036,0.034289963,0.0010000000000000074,1.0000000000000148e-06,1.7798982386999966,-0.44194212669805222,0.00051930075553635222,trajectory reached the configured collision radius
81,136,0.78938095721647539,0.33949999999999991,fraction,250,0,collision,nan,0,35.260042504381161,0.035405333999999997,0.0010000000000000109,1.0000000000000218e-06,1.7799317035554838,-0.44194212669315697,0.00051930492160038493,trajectory reached the configured collision radius
81,137,0.78938813613730519,0.33949999999999991,fraction,250,0,collision,nan,0,35.265416352800479,0.034435563000000002,0.0010000000000000057,1.0000000000000114e-06,1.7799651592200507,-0.44194212668827981,0.00051930907228648943,trajectory reached the configured collision radius
81,138,0.78939531505813509,0.33949999999999991,fraction,250,0,collision,nan,0,35.270843211584335,0.042410165,0.0010000000000000022,1.0000000000000044e-06,1.779998607074317,-0.44194212668342037,0.00051931320767170924,trajectory reached the configured collision radius
81,139,0.78940249397896489,0.33949999999999991,fraction,250,0,collision,nan,0,35.276324181546499,0.035662814000000001,0.0010000000000000007,1.0000000000000014e-06,1.7800320485548764,-0.44194212667857907,0.00051931732783620441,trajectory reached the configured collision radius
81,140,0.78940967289979469,0.33949999999999991,fraction,250,0,collision,nan,0,35.281860397868627,0.040495817000000003,0.001,9.9999999999999995e-07,1.7800654851564228,-0.44194212667375521,0.00051932143286323592,trajectory reached the configured collision radius
81,141,0.78941685182062449,0.33949999999999991,fraction,250,0,collision,nan,0,35.287453031506168,0.047771642000000003,0.001,9.9999999999999995e-07,1.7800989184336584,-0.44194212666894905,0.00051932552283910508,trajectory reached the configured collision radius
81,142,0.78942403074145429,0.33949999999999991,fraction,250,0,collision,nan,0,35.293103290699513,0.037086690999999998,0.0010000000000000002,1.0000000000000004e-06,1.7801323500036514,-0.44194212666416022,0.00051932959785321411,trajectory reached the configured collision radius
81,143,0.78943120966228408,0.33949999999999991,fraction,250,0,collision,nan,0,35.298812422541843,0.034930111,0.0010000000000000011,1.0000000000000023e-06,1.7801657815479286,-0.4419421266593892,0.0005193336579978993,trajectory reached the configured collision radius
81,144,0.78943838858311388,0.33949999999999991,fraction,250,0,collision,nan,0,35.304581714632242,0.034546018999999997,0.0010000000000000057,1.0000000000000114e-06,1.7801992148148069,-0.44194212665463539,0.00051933770336850301,trajectory reached the configured collision radius
81,145,0.78944556750394368,0.33949999999999991,fraction,250,0,collision,nan,0,35.310412496834175,0.048895771999999997,0.0010000000000000057,1.0000000000000114e-06,1.7802326516219626,-0.44194212664989896,0.0005193417340632171,trajectory reached the configured collision radius
81,146,0.78945274642477348,0.33949999999999991,fraction,250,0,collision,nan,0,35.316306143096895,0.034642534000000003,0.0010000000000000007,1.0000000000000014e-06,1.7802660938586712,-0.44194212664517951,0.00051934575018304312,trajectory reached the configured collision radius
81,147,0.78945992534560328,0.33949999999999991,fraction,250,0,collision,nan,0,35.322264073404995,0.034116622999999999,0.001,9.9999999999999995e-07,1.7802995434885303,-0.44194212664047683,0.00051934975183165954,trajectory reached the configured collision radius
81,148,0.78946710426643307,0.33949999999999991,fraction,250,0,collision,nan,0,35.328287755829528,0.035185353000000003,0.0010000000000000002,1.0000000000000004e-06,1.780333002552172,-0.44194212663579141,0.0005193537391153263,trajectory reached the configured collision radius
81,149,0.78947428318726287,0.33949999999999991,fraction,250,0,collision,nan,0,35.334378708673995,0.034676403000000001,0.0010000000000000037,1.0000000000000074e-06,1.7803664731698283,-0.4419421266311222,0.00051935771214270247,trajectory reached the configured collision radius
81,150,0.78948146210809278,0.33949999999999991,fraction,250,0,collision,nan,0,35.340538502758847,0.035101848999999997,0.0010000000000000044,1.0000000000000086e-06,1.7803999575443239,-0.4419421266264697,0.00051936167102468404,trajectory reached the configured collision radius
81,151,0.78948864102892258,0.33949999999999991,fraction,250,0,collision,nan,0,35.34676876384566,0.035571885999999997,0.0010000000000000002,1.0000000000000004e-06,1.7804334579640524,-0.44194212662183402,0.00051936561587424552,trajectory reached the configured collision radius
82,133,0.78935942045398599,0.35566666666666658,fraction,250,0,collision,nan,0,35.275685980816412,0.035413174999999998,0.0010000000000000033,1.0000000000000065e-06,1.7800996622532959,-0.44194212665187688,0.00051934005087943172,trajectory reached the configured collision radius
82,134,0.78936659937481579,0.35566666666666658,fraction,250,0,collision,nan,0,35.280996024111438,0.053542484000000001,0.0010000000000000015,1.0000000000000031e-06,1.7801320018632032,-0.44194212664733162,0.00051934391872362942,trajectory reached the configured collision radius
82,135,0.78937377829564559,0.35566666666666658,fraction,250,0,collision,nan,0,35.286357944654178,0.034755135,0.0010000000000000007,1.0000000000000014e-06,1.7801643296125684,-0.44194212664280502,0.00051934777063451874,trajectory reached the configured collision radius
82,136,0.78938095721647539,0.35566666666666658,fraction,250,0,collision,nan,0,35.291772809018539,0.03504782,0.001,9.9999999999999995e-07,1.7801966468130372,-0.44194212663829713,0.00051935160666796124,trajectory reached the configured collision radius
82,137,0.78938813613730519,0.35566666666666658,fraction,250,0,collision,nan,0,35.297241716729992,0.035722799999999999,0.001,9.9999999999999995e-07,1.7802289548284294,-0.44194212663380761,0.00051935542688194504,trajectory reached the configured collision radius
82,138,0.78939531505813509,0.35566666666666658,fraction,250,0,collision,nan,0,35.302765801602185,0.034098569000000002,0.001,9.9999999999999995e-07,1.7802612550766335,-0.44194212662933685,0.00051935923133650719,trajectory reached the configured collision radius
82,139,0.78940249397896489,0.35566666666666658,fraction,250,0,collision,nan,0,35.30834623316462,0.043915731999999999,0.001,9.9999999999999995e-07,1.7802935490313121,-0.44194212662488441,0.000519363020093666,trajectory reached the configured collision radius
82,140,0.78940967289979469,0.35566666666666658,fraction,250,0,collision,nan,0,35.31398421814864,0.034817306999999999,0.0010000000000000013,1.0000000000000027e-06,1.7803258382241083,-0.44194212662045035,0.00051936679321735861,trajectory reached the configured collision radius
82,141,0.78941685182062449,0.35566666666666658,fraction,250,0,collision,nan,0,35.319681002062346,0.035700752000000002,0.0010000000000000067,1.0000000000000135e-06,1.78035812424635,-0.44194212661603466,0.00051937055077332876,trajectory reached the configured collision radius
82,142,0.78942403074145429,0.35566666666666658,fraction,250,0,collision,nan,0,35.325437870837177,0.035184039,0.0010000000000000054,1.000000000000011e-06,1.7803904087513251,-0.4419421266116369,0.00051937429282900266,trajectory reached the configured collision radius
82,143,0.78943120966228408,0.35566666666666658,fraction,250,0,collision,nan,0,35.331256152567178,0.037016421000000001,0.0010000000000000007,1.0000000000000014e-06,1.7804226934563296,-0.44194212660725735,0.00051937801945339227,trajectory reached the configured collision radius
82,144,0.78943838858311388,0.35566666666666658,fraction,250,0,collision,nan,0,35.337137219352016,0.034957182000000003,0.001,9.9999999999999995e-07,1.7804549801449405,-0.44194212660289567,0.00051938173071691815,trajectory reached the configured collision radius
82,145,0.78944556750394368,0.35566666666666658,fraction,250,0,collision,nan,0,35.343082489216293,0.034450973000000003,0.001,9.9999999999999995e-07,1.7804872706691368,-0.44194212659855198,0.00051938542669125506,trajectory reached the configured collision radius
82,146,0.78945274642477348,0.35566666666666658,fraction,250,0,collision,nan,0,35.349093428159328,0.067965814999999999,0.001000000000000002,1.000000000000004e-06,1.7805195669518821,-0.44194212659422616,0.00051938910744911675,trajectory reached the configured collision radius
82,147,0.78945992534560328,0.35566666666666658,fraction,250,0,collision,nan,0,35.355171552300149,0.035022968000000002,0.0010000000000000089,1.0000000000000177e-06,1.780551870989316,-0.44194212658991838,0.0005193927730640618,trajectory reached the configured collision radius
82,148,0.78946710426643307,0.35566666666666658,fraction,250,0,collision,nan,0,35.361318430151144,0.034008941000000001,0.0010000000000000007,1.0000000000000014e-06,1.7805841848533341,-0.44194212658562781,0.00051939642361019031,trajectory reached the configured collision radius
82,149,0.78947428318726287,0.35566666666666658,fraction,250,0,collision,nan,0,35.367535685030198,0.065621083999999996,0.001,9.9999999999999995e-07,1.7806165106942184,-0.44194212658135507,0.00051940005916193094,trajectory reached the configured collision radius
82,150,0.78948146210809278,0.35566666666666658,fraction,250,0,collision,nan,0,35.373824997577877,0.036362919,0.0010000000000000009,1.0000000000000019e-06,1.78064885074312,-0.44194212657709969,0.00051940367979367024,trajectory reached the configured collision radius
82,151,0.78948864102892258,0.35566666666666658,fraction,250,0,collision,nan,0,35.380188108464239,0.048718707,0.0010000000000000087,1.0000000000000173e-06,1.7806812073148826,-0.44194212657286208,0.00051940728557937888,trajectory reached the configured collision radius
83,133,0.78935942045398599,0.37183333333333324,fraction,250,0,collision,nan,0,35.308324389249037,0.042066405000000001,0.0010000000000000002,1.0000000000000004e-06,1.7803710964721529,-0.44194212659668358,0.00051938701666441568,trajectory reached the configured collision radius
83,134,0.78936659937481579,0.37183333333333324,fraction,250,0,collision,nan,0,35.313731473960935,0.035631911000000002,0.0010000000000000007,1.0000000000000014e-06,1.7804022203188825,-0.44194212659254045,0.00051939054185873323,trajectory reached the configured collision radius
83,135,0.78937377829564559,0.37183333333333324,fraction,250,0,collision,nan,0,35.319192621275548,0.036140672999999998,0.0010000000000000026,1.0000000000000052e-06,1.7804333321387664,-0.44194212658841692,0.00051939405061598488,trajectory reached the configured collision radius
83,136,0.78938095721647539,0.37183333333333324,fraction,250,0,collision,nan,0,35.32470896627369,0.036278880999999999,0.001000000000000007,1.0000000000000139e-06,1.7804644332699633,-0.44194212658431248,0.00051939754297182646,trajectory reached the configured collision radius
83,137,0.78938813613730519,0.37183333333333324,fraction,250,0,collision,nan,0,35.330281679790446,0.034180308,0.0010000000000000072,1.0000000000000144e-06,1.7804955251022281,-0.44194212658022686,0.00051940101896276708,trajectory reached the configured collision radius
83,138,0.78939531505813509,0.37183333333333324,fraction,250,0,collision,nan,0,35.335911969898589,0.036011939999999999,0.0010000000000000018,1.0000000000000036e-06,1.7805266090785192,-0.44194212657616083,0.00051940447862603367,trajectory reached the configured collision radius
83,139,0.78940249397896489,0.37183333333333324,fraction,250,0,collision,nan,0,35.341601083484775,0.034402681999999997,0.0010000000000000002,1.0000000000000004e-06,1.7805576866969,-0.44194212657211418,0.00051940792199941664,trajectory reached the configured collision radius
83,140,0.78940967289979469,0.37183333333333324,fraction,250,0,collision,nan,0,35.347350307897912,0.034764073,0.001,9.9999999999999995e-07,1.7805887595122032,-0.4419421265680864,0.00051941134912110302,trajectory reached the configured collision radius
83,141,0.78941685182062449,0.37183333333333324,fraction,250,0,collision,nan,0,35.353160972697026,0.034818948000000002,0.001,9.9999999999999995e-07,1.7806198291380562,-0.44194212656407755,0.00051941476002948276,trajectory reached the configured collision radius
83,142,0.78942403074145429,0.37183333333333324,fraction,250,0,collision,nan,0,35.359034451478259,0.034525872999999999,0.0010000000000000018,1.0000000000000036e-06,1.7806508972486512,-0.44194212656008736,0.00051941815476292937,trajectory reached the configured collision radius
83,143,0.78943120966228408,0.37183333333333324,fraction,250,0,collision,nan,0,35.364972163815629,0.035344848999999998,0.0010000000000000113,1.0000000000000226e-06,1.7806819655807866,-0.4419421265561167,0.00051942153335956241,trajectory reached the configured collision radius
83,144,0.78943838858311388,0.37183333333333324,fraction,250,0,collision,nan,0,35.37097557729151,0.035483918000000003,0.0010000000000000015,1.0000000000000031e-06,1.7807130359358414,-0.44194212655216453,0.00051942489585694927,trajectory reached the configured collision radius
83,145,0.78944556750394368,0.37183333333333324,fraction,250,0,collision,nan,0,35.377046209663803,0.034808284000000002,0.001,9.9999999999999995e-07,1.7807441101819506,-0.44194212654823162,0.00051942824229188908,trajectory reached the configured collision radius
83,146,0.78945274642477348,0.37183333333333324,fraction,250,0,collision,nan,0,35.38318563112631,0.040485232000000003,0.0010000000000000002,1.0000000000000004e-06,1.7807751902559679,-0.44194212654431708,0.00051943157269994334,trajectory reached the configured collision radius
83,147,0.78945992534560328,0.37183333333333324,fraction,250,0,collision,nan,0,35.38939546671682,0.034289967999999997,0.0010000000000000039,1.0000000000000078e-06,1.7808062781657745,-0.44194212654042159,0.00051943488711517812,trajectory reached the configured collision radius
83,148,0.78946710426643307,0.37183333333333324,fraction,250,0,collision,nan,0,35.395677398867676,0.037957523999999999,0.0010000000000000033,1.0000000000000065e-06,1.7808373759925049,-0.44194212653654502,0.00051943818556970391,trajectory reached the configured collision radius
83,149,0.78947428318726287,0.37183333333333324,fraction,250,0,collision,nan,0,35.402033170070638,0.034939248999999999,0.001,9.9999999999999995e-07,1.7808684858926489,-0.44194212653268661,0.00051944146809320628,trajectory reached the configured collision radius
83,150,0.78948146210809278,0.37183333333333324,fraction,250,0,collision,nan,0,35.408464585738145,0.034152267,0.0010000000000000002,1.0000000000000004e-06,1.7808996101005645,-0.44194212652884723,0.00051944473471246283,trajectory reached the configured collision radius
83,151,0.78948864102892258,0.37183333333333324,fraction,250,0,collision,nan,0,35.414973517221512,0.054084219000000003,0.0010000000000000111,1.0000000000000222e-06,1.7809307509307377,-0.44194212652502629,0.00051944798545076833,trajectory reached the configured collision radius
84,133,0.78935942045398599,0.3879999999999999,fraction,250,0,collision,nan,0,35.342237645655743,0.046147316000000001,0.001,9.9999999999999995e-07,1.7806449387771746,-0.44194212654256465,0.00051943306388768911,trajectory reached the configured collision radius
84,134,0.78936659937481579,0.3879999999999999,fraction,250,0,collision,nan,0,35.347750969302048,0.068099456000000003,0.001,9.9999999999999995e-07,1.7806747756563523,-0.44194212653884074,0.00051943623230464337,trajectory reached the configured collision radius
84,135,0.78937377829564559,0.3879999999999999,fraction,250,0,collision,nan,0,35.353320782766872,0.034267820999999997,0.0010000000000000002,1.0000000000000004e-06,1.7807046001681219,-0.44194212653513676,0.00051943938365957385,trajectory reached the configured collision radius
84,136,0.78938095721647539,0.3879999999999999,fraction,250,0,collision,nan,0,35.35894829852694,0.041193589000000003,0.0010000000000000013,1.0000000000000027e-06,1.7807344136625574,-0.44194212653145248,0.00051944251796138868,trajectory reached the configured collision radius
84,137,0.78938813613730519,0.3879999999999999,fraction,250,0,collision,nan,0,35.364634768046741,0.035640226999999997,0.0010000000000000063,1.0000000000000127e-06,1.7807642175398686,-0.44194212652778897,0.00051944563521827598,trajectory reached the configured collision radius
84,138,0.78939531505813509,0.3879999999999999,fraction,250,0,collision,nan,0,35.370381483419436,0.051011808999999998,0.0010000000000000059,1.0000000000000118e-06,1.7807940132518438,-0.44194212652414505,0.0005194487354374265,trajectory reached the configured collision radius
84,139,0.78940249397896489,0.3879999999999999,fraction,250,0,collision,nan,0,35.376189779132652,0.035883511999999999,0.0010000000000000009,1.0000000000000019e-06,1.7808238023034286,-0.44194212652052101,0.00051945181862480215,trajectory reached the configured collision radius
84,140,0.78940967289979469,0.3879999999999999,fraction,250,0,collision,nan,0,35.382061033906936,0.035251275999999998,0.001,9.9999999999999995e-07,1.7808535862545802,-0.441942126516917,0.00051945488478486238,trajectory reached the configured collision radius
84,141,0.78941685182062449,0.3879999999999999,fraction,250,0,collision,nan,0,35.387996672627224,0.035217381999999998,0.001,9.9999999999999995e-07,1.7808833667214645,-0.44194212651333309,0.00051945793392019061,trajectory reached the configured collision radius
84,142,0.78942403074145429,0.3879999999999999,fraction,250,0,collision,nan,0,35.393998168405474,0.034298548999999998,0.0010000000000000015,1.0000000000000031e-06,1.7809131453785245,-0.44194212650976933,0.00051946096603120828,trajectory reached the configured collision radius
84,143,0.78943120966228408,0.3879999999999999,fraction,250,0,collision,nan,0,35.400067044747047,0.037670677,0.0010000000000000104,1.0000000000000209e-06,1.7809429239601215,-0.44194212650622511,0.00051946398111575164,trajectory reached the configured collision radius
84,144,0.78943838858311388,0.3879999999999999,fraction,250,0,collision,nan,0,35.406204877826767,0.040418425000000001,0.0010000000000000009,1.0000000000000019e-06,1.7809727042622037,-0.44194212650270109,0.00051946697916864472,trajectory reached the configured collision radius
84,145,0.78944556750394368,0.3879999999999999,fraction,250,0,collision,nan,0,35.412413298904525,0.035400871,0.001,9.9999999999999995e-07,1.7810024881440647,-0.44194212649919734,0.00051946996018128956,trajectory reached the configured collision radius
84,146,0.78945274642477348,0.3879999999999999,fraction,250,0,collision,nan,0,35.418693996877266,0.034659284999999998,0.0010000000000000007,1.0000000000000014e-06,1.7810322775302334,-0.44194212649571324,0.00051947292414106531,trajectory reached the configured collision radius
84,147,0.78945992534560328,0.3879999999999999,fraction,250,0,collision,nan,0,35.42504872099358,0.063722619999999994,0.0010000000000000106,1.0000000000000213e-06,1.7810620744122494,-0.44194212649224945,0.00051947587103083571,trajectory reached the configured collision radius
84,148,0.78946710426643307,0.3879999999999999,fraction,250,0,collision,nan,0,35.431479283685547,0.066081710000000002,0.0010000000000000005,1.000000000000001e-06,1.7810918808504517,-0.44194212648880576,0.00051947880082829439,trajectory reached the configured collision radius
84,149,0.78947428318726287,0.3879999999999999,fraction,250,0,collision,nan,0,35.437987563632142,0.064315918,0.001,9.9999999999999995e-07,1.7811216989759144,-0.441942126485382,0.00051948171350528515,trajectory reached the configured collision radius
84,150,0.78948146210809278,0.3879999999999999,fraction,250,0,collision,nan,0,35.444575508937504,0.035617915999999999,0.0010000000000000054,1.000000000000011e-06,1.781151530992175,-0.44194212648197823,0.0005194846090270861,trajectory reached the configured collision radius
84,151,0.78948864102892258,0.3879999999999999,fraction,250,0,collision,nan,0,35.451245140553176,0.035191329,0.0010000000000000009,1.0000000000000019e-06,1.7811813791771416,-0.44194212647859504,0.00051948748735152698,trajectory reached the configured collision radius
85,133,0.78935942045398599,0.40416666666666656,fraction,250,0,collision,nan,0,35.377531319501578,0.036923516000000003,0.001,9.9999999999999995e-07,1.7809204449392388,-0.44194212648979925,0.00051947795539965377,trajectory reached the configured collision radius
85,134,0.78936659937481579,0.40416666666666656,fraction,250,0,collision,nan,0,35.383161382973903,0.035470953,0.001,9.9999999999999995e-07,1.7809489200642508,-0.44194212648651188,0.0005194807520788829,trajectory reached the configured collision radius
85,135,0.78937377829564559,0.40416666666666656,fraction,250,0,collision,nan,0,35.38885064521785,0.035149041999999998,0.0010000000000000009,1.0000000000000019e-06,1.7809773822053971,-0.44194212648324571,0.00051948353091447151,trajectory reached the configured collision radius
85,136,0.78938095721647539,0.40416666666666656,fraction,250,0,collision,nan,0,35.394600406704583,0.035571851000000002,0.0010000000000000059,1.0000000000000118e-06,1.7810058327051463,-0.44194212647999997,0.00051948629188049069,trajectory reached the configured collision radius
85,137,0.78938813613730519,0.40416666666666656,fraction,250,0,collision,nan,0,35.400412010625431,0.036151697000000003,0.0010000000000000057,1.0000000000000114e-06,1.7810342729533615,-0.44194212647677555,0.00051948903494821559,trajectory reached the configured collision radius
85,138,0.78939531505813509,0.40416666666666656,fraction,250,0,collision,nan,0,35.406286844750078,0.033909346,0.0010000000000000007,1.0000000000000014e-06,1.7810627043886396,-0.44194212647357262,0.00051949176008579635,trajectory reached the configured collision radius
85,139,0.78940249397896489,0.40416666666666656,fraction,250,0,collision,nan,0,35.412226343396895,0.035841246,0.001,9.9999999999999995e-07,1.7810911284996276,-0.44194212647039038,0.0005194944672578675,trajectory reached the configured collision radius
85,140,0.78940967289979469,0.40416666666666656,fraction,250,0,collision,nan,0,35.418231989500889,0.036261390999999997,0.001,9.9999999999999995e-07,1.7811195468264247,-0.44194212646722936,0.00051949715642509863,trajectory reached the configured collision radius
85,141,0.78941685182062449,0.40416666666666656,fraction,250,0,collision,nan,0,35.42430531678567,0.037183793,0.0010000000000000031,1.0000000000000061e-06,1.7811479609618013,-0.44194212646408942,0.00051949982754374065,trajectory reached the configured collision radius
85,142,0.78942403074145429,0.40416666666666656,fraction,250,0,collision,nan,0,35.430447912086002,0.036314536000000001,0.0010000000000000052,1.0000000000000105e-06,1.7811763725526288,-0.44194212646097097,0.00051950248056505729,trajectory reached the configured collision radius
85,143,0.78943120966228408,0.40416666666666656,fraction,250,0,collision,nan,0,35.436661417779874,0.036437806000000003,0.0010000000000000002,1.0000000000000004e-06,1.7812047833012654,-0.44194212645787351,0.00051950511543482659,trajectory reached the configured collision radius
85,144,0.78943838858311388,0.40416666666666656,fraction,250,0,collision,nan,0,35.442947534358296,0.037905239,0.001,9.9999999999999995e-07,1.7812331949668345,-0.44194212645479775,0.00051950773209269744,trajectory reached the configured collision radius
85,145,0.78944556750394368,0.40416666666666656,fraction,250,0,collision,nan,0,35.449308023161684,0.059102035999999997,0.0010000000000000031,1.0000000000000061e-06,1.7812616093665632,-0.44194212645174324,0.00051951033047146599,trajectory reached the configured collision radius
85,146,0.78945274642477348,0.40416666666666656,fraction,250,0,collision,nan,0,35.455744709266945,0.034667075999999998,0.0010000000000000028,1.0000000000000057e-06,1.7812900283772057,-0.44194212644871017,0.00051951291049640231,trajectory reached the configured collision radius
85,147,0.78945992534560328,0.40416666666666656,fraction,250,0,collision,nan,0,35.462259484545029,0.034974669,0.001,9.9999999999999995e-07,1.7813184539361817,-0.4419421264456988,0.00051951547208440392,trajectory reached the configured collision radius
85,148,0.78946710426643307,0.40416666666666656,fraction,250,0,collision,nan,0,35.468854310892738,0.034314835000000002,0.0010000000000000011,1.0000000000000023e-06,1.7813468880430385,-0.44194212644270964,0.00051951801514313453,trajectory reached the configured collision radius
85,149,0.78947428318726287,0.40416666666666656,fraction,250,0,collision,nan,0,35.475531223691455,0.033860965999999999,0.0010000000000000046,1.0000000000000091e-06,1.7813753327604736,-0.44194212643974212,0.00051952053957002808,trajectory reached the configured collision radius
85,150,0.78948146210809278,0.40416666666666656,fraction,250,0,collision,nan,0,35.48229233543919,0.034093784000000002,0.001,9.9999999999999995e-07,1.7814037902156437,-0.44194212643679659,0.00051952304525123324,trajectory reached the configured collision radius
85,151,0.78948864102892258,0.40416666666666656,fraction,250,0,collision,nan,0,35.489139839650072,0.039829130999999997,0.0010000000000000022,1.0000000000000044e-06,1.7814322626012746,-0.44194212643387315,0.00051952553206050574,trajectory reached the configured collision radius
86,133,0.78935942045398599,0.42033333333333323,fraction,250,0,collision,nan,0,35.414324664485449,0.035726028999999999,0.0010000000000000033,1.0000000000000065e-06,1.7811967481425237,-0.44194212643870345,0.000519521423155827,trajectory reached the configured collision radius
86,134,0.78936659937481579,0.42033333333333323,fraction,250,0,collision,nan,0,35.42008352254031,0.035148773000000001,0.0010000000000000102,1.0000000000000205e-06,1.78122378237464,-0.44194212643587144,0.00051952383209488185,trajectory reached the configured collision radius
86,135,0.78937377829564559,0.42033333333333323,fraction,250,0,collision,nan,0,35.425904618866895,0.046273149999999999,0.001000000000000002,1.000000000000004e-06,1.7812508025959779,-0.44194212643306202,0.00051952622220713537,trajectory reached the configured collision radius
86,136,0.78938095721647539,0.42033333333333323,fraction,250,0,collision,nan,0,35.431789354627384,0.035172934000000003,0.001,9.9999999999999995e-07,1.7812778101149749,-0.44194212643027447,0.0005195285934215852,trajectory reached the configured collision radius
86,137,0.78938813613730519,0.42033333333333323,fraction,250,0,collision,nan,0,35.437739178092848,0.044643487000000003,0.001,9.9999999999999995e-07,1.781304806283329,-0.44194212642750913,0.00051953094566184888,trajectory reached the configured collision radius
86,138,0.78939531505813509,0.42033333333333323,fraction,250,0,collision,nan,0,35.443755586743485,0.037000290999999998,0.0010000000000000007,1.0000000000000014e-06,1.7813317924970193,-0.44194212642476638,0.00051953327884567461,trajectory reached the configured collision radius
86,139,0.78940249397896489,0.42033333333333323,fraction,250,0,collision,nan,0,35.449840129466217,0.038934492000000001,0.0010000000000000089,1.0000000000000177e-06,1.7813587701970626,-0.441942126422046,0.00051953559288437962,trajectory reached the configured collision radius
86,140,0.78940967289979469,0.42033333333333323,fraction,250,0,collision,nan,0,35.455994408910314,0.034461576000000001,0.0010000000000000015,1.0000000000000031e-06,1.7813857408706879,-0.44194212641934844,0.00051953788768222887,trajectory reached the configured collision radius
86,141,0.78941685182062449,0.42033333333333323,fraction,250,0,collision,nan,0,35.4622200839624,0.035721362,0.001,9.9999999999999995e-07,1.781412706052045,-0.44194212641667335,0.0005195401631357641,trajectory reached the configured collision radius
86,142,0.78942403074145429,0.42033333333333323,fraction,250,0,collision,nan,0,35.468518872348788,0.037562536000000001,0.0010000000000000002,1.0000000000000004e-06,1.7814396673231796,-0.4419421264140212,0.00051954241913303775,trajectory reached the configured collision radius
86,143,0.78943120966228408,0.42033333333333323,fraction,250,0,collision,nan,0,35.474892553418499,0.035913875999999997,0.0010000000000000098,1.0000000000000196e-06,1.7814666263148522,-0.4419421264113923,0.00051954465555286572,trajectory reached the configured collision radius
86,144,0.78943838858311388,0.42033333333333323,fraction,250,0,collision,nan,0,35.481342971066084,0.034680121000000001,0.0010000000000000007,1.0000000000000014e-06,1.781493584707305,-0.44194212640878622,0.00051954687226388793,trajectory reached the configured collision radius
86,145,0.78944556750394368,0.42033333333333323,fraction,250,0,collision,nan,0,35.487872036833508,0.034091847000000002,0.001,9.9999999999999995e-07,1.7815205442309361,-0.44194212640620356,0.00051954906912368443,trajectory reached the configured collision radius
86,146,0.78945274642477348,0.42033333333333323,fraction,250,0,collision,nan,0,35.494481733214208,0.034713263000000001,0.0010000000000000046,1.0000000000000091e-06,1.7815475066670723,-0.44194212640364439,0.00051955124597770786,trajectory reached the configured collision radius
86,147,0.78945992534560328,0.42033333333333323,fraction,250,0,collision,nan,0,35.501174117136628,0.035357015999999998,0.0010000000000000009,1.0000000000000019e-06,1.7815744738484574,-0.44194212640110903,0.00051955340265816979,trajectory reached the configured collision radius
86,148,0.78946710426643307,0.42033333333333323,fraction,250,0,collision,nan,0,35.507951323675435,0.0385251,0.001,9.9999999999999995e-07,1.7816014476597064,-0.44194212639859748,0.00051955553898281139,trajectory reached the configured collision radius
86,149,0.78947428318726287,0.42033333333333323,fraction,250,0,collision,nan,0,35.514815569992415,0.034519095999999999,0.0010000000000000087,1.0000000000000173e-06,1.781628430037659,-0.44194212639611008,0.00051955765475356639,trajectory reached the configured collision radius
86,150,0.78948146210809278,0.42033333333333323,fraction,250,0,collision,nan,0,35.521769159528482,0.038355952999999998,0.001,9.9999999999999995e-07,1.7816554229717154,-0.44194212639364727,0.00051955974975511038,trajectory reached the configured collision radius
86,151,0.78948864102892258,0.42033333333333323,fraction,250,0,collision,nan,0,35.528814486452738,0.036051175999999997,0.0010000000000000009,1.0000000000000019e-06,1.7816824285037183,-0.44194212639120889,0.00051956182375327998,trajectory reached the configured collision radius
87,133,0.78935942045398599,0.43649999999999989,fraction,250,0,collision,nan,0,35.452753121878118,0.034906662999999997,0.001,9.9999999999999995e-07,1.7814728366391293,-0.4419421263896342,0.0005195631631871371,trajectory reached the configured collision radius
87,134,0.78936659937481579,0.43649999999999989,fraction,250,0,collision,nan,0,35.458654695815,0.034579138000000002,0.0010000000000000007,1.0000000000000014e-06,1.781498345468385,-0.44194212638727859,0.00051956516706795001,trajectory reached the configured collision radius
87,135,0.78937377829564559,0.43649999999999989,fraction,250,0,collision,nan,0,35.464621938307019,0.033677805999999998,0.0010000000000000061,1.0000000000000122e-06,1.7815238386702361,-0.44194212638494601,0.00051956715087992972,trajectory reached the configured collision radius
87,136,0.78938095721647539,0.43649999999999989,fraction,250,0,collision,nan,0,35.47065636664189,0.034495049999999999,0.0010000000000000035,1.0000000000000069e-06,1.7815493174839598,-0.4419421263826378,0.00051956911449400239,trajectory reached the configured collision radius
87,137,0.78938813613730519,0.43649999999999989,fraction,250,0,collision,nan,0,35.476759550372073,0.034919314999999999,0.001,9.9999999999999995e-07,1.7815747831857625,-0.44194212638035307,0.0005195710577724777,trajectory reached the configured collision radius
87,138,0.78939531505813509,0.43649999999999989,fraction,250,0,collision,nan,0,35.482933113721245,0.034066701999999997,0.001,9.9999999999999995e-07,1.7816002370893518,-0.44194212637809266,0.00051957298056834857,trajectory reached the configured collision radius
87,139,0.78940249397896489,0.43649999999999989,fraction,250,0,collision,nan,0,35.489178738091567,0.034515447999999997,0.0010000000000000024,1.0000000000000048e-06,1.7816256805463244,-0.44194212637585617,0.00051957488272442543,trajectory reached the configured collision radius
87,140,0.78940967289979469,0.43649999999999989,fraction,250,0,collision,nan,0,35.495498164747637,0.047485049000000001,0.0010000000000000048,1.0000000000000095e-06,1.7816511149465251,-0.44194212637364427,0.00051957676407251316,trajectory reached the configured collision radius
87,141,0.78941685182062449,0.43649999999999989,fraction,250,0,collision,nan,0,35.501893197633954,0.035326607000000003,0.001,9.9999999999999995e-07,1.7816765417183504,-0.44194212637145741,0.00051957862443247917,trajectory reached the configured collision radius
87,142,0.78942403074145429,0.43649999999999989,fraction,250,0,collision,nan,0,35.508365706369226,0.034495247999999999,0.001,9.9999999999999995e-07,1.7817019623289023,-0.44194212636929497,0.00051958046361122337,trajectory reached the configured collision radius
87,143,0.78943120966228408,0.43649999999999989,fraction,250,0,collision,nan,0,35.514917629412132,0.034926296000000003,0.0010000000000000102,1.0000000000000205e-06,1.7817273782841201,-0.44194212636715774,0.00051958228140158713,trajectory reached the configured collision radius
87,144,0.78943838858311388,0.43649999999999989,fraction,250,0,collision,nan,0,35.521550977433812,0.034908116000000003,0.0010000000000000002,1.0000000000000004e-06,1.7817527911287174,-0.44194212636504604,0.00051958407758112991,trajectory reached the configured collision radius
87,145,0.78944556750394368,0.43649999999999989,fraction,250,0,collision,nan,0,35.528267836879039,0.035395135000000001,0.0010000000000000002,1.0000000000000004e-06,1.7817782024461311,-0.4419421263629601,0.00051958585191088443,trajectory reached the configured collision radius
87,146,0.78945274642477348,0.43649999999999989,fraction,250,0,collision,nan,0,35.535070373765109,0.035221698000000003,0.0010000000000000104,1.0000000000000209e-06,1.7818036138581026,-0.44194212636089986,0.00051958760413388502,trajectory reached the configured collision radius
87,147,0.78945992534560328,0.43649999999999989,fraction,250,0,collision,nan,0,35.54196083769385,0.034178680000000003,0.0010000000000000002,1.0000000000000004e-06,1.7818290270243231,-0.44194212635886621,0.00051958933397365579,trajectory reached the configured collision radius
87,148,0.78946710426643307,0.43649999999999989,fraction,250,0,collision,nan,0,35.548941566142759,0.042944502000000002,0.0010000000000000013,1.0000000000000027e-06,1.7818544436416801,-0.44194212635685887,0.00051959104113257133,trajectory reached the configured collision radius
87,149,0.78947428318726287,0.43649999999999989,fraction,250,0,collision,nan,0,35.556014989029912,0.034203074999999999,0.0010000000000000015,1.0000000000000031e-06,1.7818798654434103,-0.44194212635487895,0.00051959272528997015,trajectory reached the configured collision radius
87,150,0.78948146210809278,0.43649999999999989,fraction,250,0,collision,nan,0,35.563183633557493,0.041005773000000002,0.001,9.9999999999999995e-07,1.7819052941980495,-0.44194212635292629,0.00051959438610025817,trajectory reached the configured collision radius
87,151,0.78948864102892258,0.43649999999999989,fraction,250,0,collision,nan,0,35.570450129389258,0.034344605,0.0010000000000000054,1.000000000000011e-06,1.7819307317078776,-0.44194212635100161,0.00051959602319067539,trajectory reached the configured collision radius
88,133,0.78935942045398599,0.45266666666666655,fraction,250,0,collision,nan,0,35.492971429720789,0.034653023999999998,0.001,9.9999999999999995e-07,1.7817475264020968,-0.44194212634299934,0.00051960282952325161,trajectory reached the configured collision radius
88,134,0.78936659937481579,0.45266666666666655,fraction,250,0,collision,nan,0,35.499031901497759,0.035814906000000001,0.0010000000000000018,1.0000000000000036e-06,1.7817714185864164,-0.44194212634114166,0.00051960440935203112,trajectory reached the configured collision radius
88,135,0.78937377829564559,0.45266666666666655,fraction,250,0,collision,nan,0,35.505161938105005,0.042606331999999997,0.0010000000000000089,1.0000000000000177e-06,1.7817952926978471,-0.44194212633930974,0.00051960596753712553,trajectory reached the configured collision radius
88,136,0.78938095721647539,0.45266666666666655,fraction,250,0,collision,nan,0,35.511363191825929,0.034700745999999998,0.0010000000000000005,1.000000000000001e-06,1.7818191498591145,-0.44194212633750363,0.00051960750387495787,trajectory reached the configured collision radius
88,137,0.78938813613730519,0.45266666666666655,fraction,250,0,collision,nan,0,35.517637373380133,0.035574671000000002,0.001,9.9999999999999995e-07,1.7818429912207592,-0.44194212633572294,0.00051960901814912845,trajectory reached the configured collision radius
88,138,0.78939531505813509,0.45266666666666655,fraction,250,0,collision,nan,0,35.523986254682384,0.065059649999999997,0.0010000000000000015,1.0000000000000031e-06,1.7818668179611445,-0.44194212633396907,0.00051961051012945289,trajectory reached the configured collision radius
88,139,0.78940249397896489,0.45266666666666655,fraction,250,0,collision,nan,0,35.530411671714468,0.033872813000000002,0.0010000000000000057,1.0000000000000114e-06,1.7818906312859317,-0.44194212633224128,0.00051961197957079428,trajectory reached the configured collision radius
88,140,0.78940967289979469,0.45266666666666655,fraction,250,0,collision,nan,0,35.536915527629766,0.035099995000000002,0.001,9.9999999999999995e-07,1.7819144324278464,-0.44194212633054014,0.00051961342621195965,trajectory reached the configured collision radius
88,141,0.78941685182062449,0.45266666666666655,fraction,250,0,collision,nan,0,35.54349979599445,0.034975499,0.0010000000000000005,1.000000000000001e-06,1.7819382226458882,-0.44194212632886665,0.00051961484977439652,trajectory reached the configured collision radius
88,142,0.78942403074145429,0.45266666666666655,fraction,250,0,collision,nan,0,35.550166524251857,0.035756462000000003,0.0010000000000000087,1.0000000000000173e-06,1.7819620032246779,-0.4419421263272203,0.0005196162499608029,trajectory reached the configured collision radius
88,143,0.78943120966228408,0.45266666666666655,fraction,250,0,collision,nan,0,35.556917837379281,0.035879666999999997,0.001,9.9999999999999995e-07,1.7819857754734394,-0.44194212632560226,0.00051961762645361088,trajectory reached the configured collision radius
88,144,0.78943838858311388,0.45266666666666655,fraction,250,0,collision,nan,0,35.563755941805837,0.034409061999999997,0.0010000000000000009,1.0000000000000019e-06,1.7820095407249548,-0.44194212632401164,0.00051961897891344391,trajectory reached the configured collision radius
88,145,0.78944556750394368,0.45266666666666655,fraction,250,0,collision,nan,0,35.570683129536057,0.034883532000000002,0.0010000000000000033,1.0000000000000065e-06,1.7820333003341398,-0.44194212632245011,0.00051962030697727665,trajectory reached the configured collision radius
88,146,0.78945274642477348,0.45266666666666655,fraction,250,0,collision,nan,0,35.577701782572859,0.034691411999999998,0.001,9.9999999999999995e-07,1.7820570556764055,-0.44194212632091789,0.00051962161025653753,trajectory reached the configured collision radius
88,147,0.78945992534560328,0.45266666666666655,fraction,250,0,collision,nan,0,35.58481437759918,0.043430503000000002,0.0010000000000000087,1.0000000000000173e-06,1.7820808081457475,-0.44194212631941499,0.0005196228883350807,trajectory reached the configured collision radius
88,148,0.78946710426643307,0.45266666666666655,fraction,250,0,collision,nan,0,35.592023490976501,0.036703570999999997,0.001,9.9999999999999995e-07,1.7821045591524056,-0.44194212631794288,0.00051962414076686247,trajectory reached the configured collision radius
88,149,0.78947428318726287,0.45266666666666655,fraction,250,0,collision,nan,0,35.59933180408737,0.035268464999999999,0.0010000000000000035,1.0000000000000069e-06,1.7821283101204248,-0.44194212631650065,0.00051962536707356958,trajectory reached the configured collision radius
88,150,0.78948146210809278,0.45266666666666655,fraction,250,0,collision,nan,0,35.606742109013432,0.057907245000000003,0.0010000000000000002,1.0000000000000004e-06,1.7821520624844782,-0.44194212631509033,0.00051962656674185345,trajectory reached the configured collision radius
88,151,0.78948864102892258,0.45266666666666655,fraction,250,0,collision,nan,0,35.614257314621156,0.035072667000000002,0.0010000000000000028,1.0000000000000057e-06,1.7821758176864362,-0.44194212631371166,0.00051962773922055732,trajectory reached the configured collision radius
89,133,0.78935942045398599,0.46883333333333321,fraction,250,0,collision,nan,0,35.535157524462683,0.039831938999999997,0.0010000000000000089,1.0000000000000177e-06,1.7820194273717571,-0.44194212629926422,0.000519640026789514,trajectory reached the configured collision radius
89,134,0.78936659937481579,0.46883333333333321,fraction,250,0,collision,nan,0,35.5413958388921,0.043876153000000001,0.0010000000000000005,1.000000000000001e-06,1.7820416031040325,-0.44194212629792978,0.00051964116141885435,trajectory reached the configured collision radius
89,135,0.78937377829564559,0.46883333333333321,fraction,250,0,collision,nan,0,35.547708175309346,0.069658771999999994,0.001,9.9999999999999995e-07,1.7820637571673843,-0.44194212629662349,0.00051964227240095234,trajectory reached the configured collision radius
89,136,0.78938095721647539,0.46883333333333321,fraction,250,0,collision,nan,0,35.554096344399433,0.036619905000000001,0.001000000000000002,1.000000000000004e-06,1.7820858905040957,-0.44194212629534557,0.00051964335943652305,trajectory reached the configured collision radius
89,137,0.78938813613730519,0.46883333333333321,fraction,250,0,collision,nan,0,35.560562222726929,0.048833568000000001,0.0010000000000000041,1.0000000000000082e-06,1.7821080040713415,-0.44194212629409574,0.00051964442220802374,trajectory reached the configured collision radius
89,138,0.78939531505813509,0.46883333333333321,fraction,250,0,collision,nan,0,35.567107755913014,0.054512082000000003,0.0010000000000000002,1.0000000000000004e-06,1.7821300988402844,-0.44194212629287505,0.00051964546037836488,trajectory reached the configured collision radius
89,139,0.78940249397896489,0.46883333333333321,fraction,250,0,collision,nan,0,35.57373496200951,0.034873467999999998,0.0010000000000000007,1.0000000000000014e-06,1.7821521757944463,-0.44194212629168372,0.00051964647358938572,trajectory reached the configured collision radius
89,140,0.78940967289979469,0.46883333333333321,fraction,250,0,collision,nan,0,35.58044593507784,0.035749739000000003,0.0010000000000000052,1.0000000000000105e-06,1.7821742359282504,-0.4419421262905221,0.00051964746146028679,trajectory reached the configured collision radius
89,141,0.78941685182062449,0.46883333333333321,fraction,250,0,collision,nan,0,35.587242848986854,0.046769705000000002,0.001,9.9999999999999995e-07,1.7821962802451703,-0.44194212628939061,0.00051964842358590111,trajectory reached the configured collision radius
89,142,0.78942403074145429,0.46883333333333321,fraction,250,0,collision,nan,0,35.594127961444883,0.034617008999999997,0.0010000000000000022,1.0000000000000044e-06,1.7822183097556061,-0.44194212628829038,0.00051964935953483285,trajectory reached the configured collision radius
89,143,0.78943120966228408,0.46883333333333321,fraction,250,0,collision,nan,0,35.60110361830818,0.035864693000000003,0.0010000000000000011,1.0000000000000023e-06,1.7822403254745109,-0.44194212628722113,0.00051965026884743734,trajectory reached the configured collision radius
89,144,0.78943838858311388,0.46883333333333321,fraction,250,0,collision,nan,0,35.608172258137252,0.041193470000000003,0.0010000000000000002,1.0000000000000004e-06,1.7822623284186441,-0.44194212628618385,0.00051965115103364261,trajectory reached the configured collision radius
89,145,0.78944556750394368,0.46883333333333321,fraction,250,0,collision,nan,0,35.615336417068036,0.035410456999999999,0.0010000000000000067,1.0000000000000135e-06,1.7822843196033993,-0.44194212628517882,0.0005196520055705732,trajectory reached the configured collision radius
89,146,0.78945274642477348,0.46883333333333321,fraction,250,0,collision,nan,0,35.622598733992895,0.043463814000000003,0.001,9.9999999999999995e-07,1.7823063000394057,-0.4419421262842072,0.00051965283189996634,trajectory reached the configured collision radius
89,147,0.78945992534560328,0.46883333333333321,fraction,250,0,collision,nan,0,35.629961956102342,0.034748743999999998,0.0010000000000000109,1.0000000000000218e-06,1.7823282707283863,-0.44194212628326984,0.00051965362942540938,trajectory reached the configured collision radius
89,148,0.78946710426643307,0.46883333333333321,fraction,250,0,collision,nan,0,35.637428944799964,0.034118619000000003,0.001,9.9999999999999995e-07,1.7823502326588356,-0.44194212628236651,0.00051965439750925743,trajectory reached the configured collision radius
89,149,0.78947428318726287,0.46883333333333321,fraction,250,0,collision,nan,0,35.645002681994676,0.034427876000000003,0.0010000000000000117,1.0000000000000235e-06,1.782372186800697,-0.44194212628149837,0.00051965513546942555,trajectory reached the configured collision radius
89,150,0.78948146210809278,0.46883333333333321,fraction,250,0,collision,nan,0,35.652686276874377,0.034289750000000001,0.001,9.9999999999999995e-07,1.782394134099851,-0.44194212628066748,0.00051965584257566738,trajectory reached the configured collision radius
89,151,0.78948864102892258,0.46883333333333321,fraction,250,0,collision,nan,0,35.660482973123656,0.034937480999999999,0.0010000000000000048,1.0000000000000095e-06,1.7824160754714744,-0.441942126279873,0.00051965651804577377,trajectory reached the configured collision radius
90,133,0.78935942045398599,0.48499999999999988,fraction,250,0,collision,nan,0,35.579517492696326,0.035292074999999999,0.001000000000000005,1.0000000000000101e-06,1.782286901398116,-0.44194212625896256,0.00051967430110442592,trajectory reached the configured collision radius
90,134,0.78936659937481579,0.48499999999999988,fraction,250,0,collision,nan,0,35.585956004975706,0.062910223000000001,0.0010000000000000018,1.0000000000000036e-06,1.7823072498131227,-0.44194212625818008,0.00051967496659390954,trajectory reached the configured collision radius
90,135,0.78937377829564559,0.48499999999999988,fraction,250,0,collision,nan,0,35.592473678570848,0.035355881999999998,0.001,9.9999999999999995e-07,1.7823275713766544,-0.4419421262574284,0.00051967560587809622,trajectory reached the configured collision radius
90,136,0.78938095721647539,0.48499999999999988,fraction,250,0,collision,nan,0,35.599072511942659,0.046136622000000002,0.0010000000000000018,1.0000000000000036e-06,1.7823478667637824,-0.4419421262567077,0.00051967621853436384,trajectory reached the configured collision radius
90,137,0.78938813613730519,0.48499999999999988,fraction,250,0,collision,nan,0,35.605754578523822,0.034528088999999998,0.0010000000000000026,1.0000000000000052e-06,1.782368136646346,-0.44194212625601909,0.00051967680411486676,trajectory reached the configured collision radius
90,138,0.78939531505813509,0.48499999999999988,fraction,250,0,collision,nan,0,35.612522030437511,0.035336935,0.001,9.9999999999999995e-07,1.7823883816903978,-0.441942126255363,0.00051967736214465873,trajectory reached the configured collision radius
90,139,0.78940249397896489,0.48499999999999988,fraction,250,0,collision,nan,0,35.619377102461662,0.043415233999999997,0.0010000000000000037,1.0000000000000074e-06,1.7824086025533046,-0.44194212625473989,0.00051967789211975835,trajectory reached the configured collision radius
90,140,0.78940967289979469,0.48499999999999988,fraction,250,0,collision,nan,0,35.626322116254478,0.035298427,0.0010000000000000007,1.0000000000000014e-06,1.7824287998806125,-0.44194212625415036,0.00051967839350496731,trajectory reached the configured collision radius
90,141,0.78941685182062449,0.48499999999999988,fraction,250,0,collision,nan,0,35.633359484834884,0.034021754000000001,0.001,9.9999999999999995e-07,1.7824489743024536,-0.44194212625359491,0.00051967886573161637,trajectory reached the configured collision radius
90,142,0.78942403074145429,0.48499999999999988,fraction,250,0,collision,nan,0,35.640491717351225,0.033680425,0.0010000000000000048,1.0000000000000095e-06,1.7824691264294699,-0.44194212625307466,0.00051967930819495924,trajectory reached the configured collision radius
90,143,0.78943120966228408,0.48499999999999988,fraction,250,0,collision,nan,0,35.647721424180766,0.034433303999999998,0.001,9.9999999999999995e-07,1.7824892568483846,-0.44194212625259038,0.00051967972025153473,trajectory reached the configured collision radius
90,144,0.78943838858311388,0.48499999999999988,fraction,250,0,collision,nan,0,35.655051322359917,0.035107731000000003,0.0010000000000000106,1.0000000000000213e-06,1.7825093661170948,-0.44194212625214219,0.00051968010121623929,trajectory reached the configured collision radius
90,145,0.78944556750394368,0.48499999999999988,fraction,250,0,collision,nan,0,35.662484241360886,0.034586409999999998,0.001,9.9999999999999995e-07,1.7825294547589166,-0.44194212625173174,0.00051968045035906223,trajectory reached the configured collision radius
90,146,0.78945274642477348,0.48499999999999988,fraction,250,0,collision,nan,0,35.67002312929143,0.036058959000000002,0.0010000000000000111,1.0000000000000222e-06,1.7825495232564974,-0.44194212625135948,0.00051968076690170621,trajectory reached the configured collision radius
90,147,0.78945992534560328,0.48499999999999988,fraction,250,0,collision,nan,0,35.677671059514736,0.034951966000000001,0.001,9.9999999999999995e-07,1.7825695720448038,-0.44194212625102658,0.0005196810500137358,trajectory reached the configured collision radius
90,148,0.78946710426643307,0.48499999999999988,fraction,250,0,collision,nan,0,35.685431237726881,0.036626051,0.0010000000000000054,1.000000000000011e-06,1.7825896015034464,-0.44194212625073415,0.00051968129880860332,trajectory reached the configured collision radius
90,149,0.78947428318726287,0.48499999999999988,fraction,250,0,collision,nan,0,35.693307009536888,0.056803469000000002,0.0010000000000000002,1.0000000000000004e-06,1.7826096119479213,-0.44194212625048296,0.00051968151233906963,trajectory reached the configured collision radius
90,150,0.78948146210809278,0.48499999999999988,fraction,250,0,collision,nan,0,35.701301868597461,0.035047877999999998,0.0010000000000000007,1.0000000000000014e-06,1.7826296036201377,-0.44194212625027479,0.00051968168959248297,trajectory reached the configured collision radius
90,151,0.78948864102892258,0.48499999999999988,fraction,250,0,collision,nan,0,35.709419465355161,0.035399550000000002,0.0010000000000000041,1.0000000000000082e-06,1.7826495766776458,-0.44194212625011009,0.0005196818294854284,trajectory reached the configured collision radius
91,133,0.78935942045398599,0.50116666666666654,fraction,250,0,collision,nan,0,35.626291934738646,0.048074376000000002,0.0010000000000000007,1.0000000000000014e-06,1.7825480092775041,-0.44194212622271173,0.00051970512877104198,trajectory reached the configured collision radius
91,134,0.78936659937481579,0.50116666666666654,fraction,250,0,collision,nan,0,35.632957256419303,0.034746707000000002,0.001,9.9999999999999995e-07,1.7825664050248735,-0.44194212622251305,0.00051970529752352337,trajectory reached the configured collision radius
91,135,0.78937377829564559,0.50116666666666654,fraction,250,0,collision,nan,0,35.639707718098592,0.035667925000000003,0.001000000000000007,1.0000000000000139e-06,1.7825847665550312,-0.44194212622234924,0.00051970543679119899,trajectory reached the configured collision radius
91,136,0.78938095721647539,0.50116666666666654,fraction,250,0,collision,nan,0,35.646545543433838,0.065761484999999995,0.0010000000000000002,1.0000000000000004e-06,1.7826030941569999,-0.4419421262222209,0.0005197055459918177,trajectory reached the configured collision radius
91,137,0.78938813613730519,0.50116666666666654,fraction,250,0,collision,nan,0,35.653473042292617,0.034458751000000003,0.0010000000000000002,1.0000000000000004e-06,1.7826213880907535,-0.44194212622212858,0.00051970562450871479,trajectory reached the configured collision radius
91,138,0.78939531505813509,0.50116666666666654,fraction,250,0,collision,nan,0,35.660492615198301,0.054102654,0.0010000000000000048,1.0000000000000095e-06,1.7826396485827998,-0.44194212622207341,0.00051970567168826921,trajectory reached the configured collision radius
91,139,0.78940249397896489,0.50116666666666654,fraction,250,0,collision,nan,0,35.667606758069859,0.035106487999999998,0.001,9.9999999999999995e-07,1.7826578758211697,-0.44194212622205531,0.00051970568683727442,trajectory reached the configured collision radius
91,140,0.78940967289979469,0.50116666666666654,fraction,250,0,collision,nan,0,35.674818067230859,0.034626406999999998,0.0010000000000000087,1.0000000000000173e-06,1.7826760699499269,-0.44194212622207635,0.00051970566922008817,trajectory reached the configured collision radius
91,141,0.78941685182062449,0.50116666666666654,fraction,250,0,collision,nan,0,35.682129244794247,0.033625255,0.001,9.9999999999999995e-07,1.7826942310630163,-0.44194212622213641,0.00051970561805543254,trajectory reached the configured collision radius
91,142,0.78942403074145429,0.50116666666666654,fraction,250,0,collision,nan,0,35.689543104407207,0.035418045000000002,0.0010000000000000052,1.0000000000000105e-06,1.7827123591977156,-0.44194212622223689,0.00051970553251309609,trajectory reached the configured collision radius
91,143,0.78943120966228408,0.50116666666666654,fraction,250,0,collision,nan,0,35.697062577343594,0.034722634000000002,0.001,9.9999999999999995e-07,1.7827304543270004,-0.44194212622237877,0.00051970541171023348,trajectory reached the configured collision radius
91,144,0.78943838858311388,0.50116666666666654,fraction,250,0,collision,nan,0,35.704690719073561,0.034406434999999999,0.0010000000000000067,1.0000000000000135e-06,1.7827485163513135,-0.44194212622256346,0.00051970525470738601,trajectory reached the configured collision radius
91,145,0.78944556750394368,0.50116666666666654,fraction,250,0,collision,nan,0,35.712430716255298,0.033670551999999999,0.001,9.9999999999999995e-07,1.7827665450896442,-0.44194212622279194,0.00051970506050421988,trajectory reached the configured collision radius
91,146,0.78945274642477348,0.50116666666666654,fraction,250,0,collision,nan,0,35.720285894230919,0.034156666000000002,0.0010000000000000072,1.0000000000000144e-06,1.7827845402691407,-0.44194212622306517,0.00051970482803481645,trajectory reached the configured collision radius
91,147,0.78945992534560328,0.50116666666666654,fraction,250,0,collision,nan,0,35.72825972507048,0.033695381000000003,0.0010000000000000002,1.0000000000000004e-06,1.7828025015140612,-0.44194212622338502,0.00051970455616254772,trajectory reached the configured collision radius
91,148,0.78946710426643307,0.50116666666666654,fraction,250,0,collision,nan,0,35.736355836192317,0.034290275000000002,0.0010000000000000007,1.0000000000000014e-06,1.7828204283333633,-0.44194212622375245,0.00051970424367462948,trajectory reached the configured collision radius
91,149,0.78947428318726287,0.50116666666666654,fraction,250,0,collision,nan,0,35.744578019638418,0.033260566999999998,0.0010000000000000057,1.0000000000000114e-06,1.7828383201069131,-0.44194212622416923,0.00051970388927602136,trajectory reached the configured collision radius
91,150,0.78948146210809278,0.50116666666666654,fraction,250,0,collision,nan,0,35.75293024200856,0.033345789000000001,0.001,9.9999999999999995e-07,1.7828561760700834,-0.44194212622463686,0.00051970349158283579,trajectory reached the configured collision radius
91,151,0.78948864102892258,0.50116666666666654,fraction,250,0,collision,nan,0,35.761416655211136,0.034657693000000003,0.0010000000000000005,1.000000000000001e-06,1.7828739952971124,-0.44194212622515716,0.00051970304911524686,trajectory reached the configured collision radius
92,133,0.78935942045398599,0.5173333333333332,fraction,250,0,collision,nan,0,35.675764257175977,0.035086121999999997,0.0010000000000000028,1.0000000000000057e-06,1.7828004432543094,-0.44194212619122669,0.00051973190206360714,trajectory reached the configured collision radius
92,134,0.78936659937481579,0.5173333333333332,fraction,250,0,collision,nan,0,35.682688377630342,0.034647354999999998,0.001,9.9999999999999995e-07,1.7828167417320251,-0.4419421261916503,0.00051973154164569179,trajectory reached the configured collision radius
92,135,0.78937377829564559,0.5173333333333332,fraction,250,0,collision,nan,0,35.689704663046307,0.034576558,0.0010000000000000072,1.0000000000000144e-06,1.7828329956171023,-0.44194212619211393,0.00051973114751761547,trajectory reached the configured collision radius
92,136,0.78938095721647539,0.5173333333333332,fraction,250,0,collision,nan,0,35.696815610670889,0.034365856,0.0010000000000000002,1.0000000000000004e-06,1.7828492046475803,-0.44194212619261786,0.00051973071888906399,trajectory reached the configured collision radius
92,137,0.78938813613730519,0.5173333333333332,fraction,250,0,collision,nan,0,35.704023818147405,0.040384582000000002,0.0010000000000000015,1.0000000000000031e-06,1.7828653684961033,-0.44194212619316348,0.00051973025492309103,trajectory reached the configured collision radius
92,138,0.78939531505813509,0.5173333333333332,fraction,250,0,collision,nan,0,35.711331988863392,0.035455131000000001,0.0010000000000000005,1.000000000000001e-06,1.78288148676254,-0.44194212619375167,0.00051972975473271179,trajectory reached the configured collision radius
92,139,0.78940249397896489,0.5173333333333332,fraction,250,0,collision,nan,0,35.718742937670669,0.050991054000000001,0.0010000000000000007,1.0000000000000014e-06,1.7828975589658396,-0.44194212619438356,0.00051972921737731984,trajectory reached the configured collision radius
92,140,0.78940967289979469,0.5173333333333332,fraction,250,0,collision,nan,0,35.726259597024104,0.036321922,0.0010000000000000007,1.0000000000000014e-06,1.782913584535484,-0.44194212619506051,0.00051972864185878456,trajectory reached the configured collision radius
92,141,0.78941685182062449,0.5173333333333332,fraction,250,0,collision,nan,0,35.733885023493805,0.041971208000000003,0.0010000000000000011,1.0000000000000023e-06,1.7829295628015611,-0.44194212619578355,0.00051972802711722915,trajectory reached the configured collision radius
92,142,0.78942403074145429,0.5173333333333332,fraction,250,0,collision,nan,0,35.74162240478212,0.034360587999999997,0.0010000000000000002,1.0000000000000004e-06,1.7829454929842385,-0.44194212619655365,0.00051972737202647635,trajectory reached the configured collision radius
92,143,0.78943120966228408,0.5173333333333332,fraction,250,0,collision,nan,0,35.749475067180242,0.034536922999999997,0.0010000000000000046,1.0000000000000091e-06,1.7829613741819463,-0.44194212619737339,0.00051972667538905011,trajectory reached the configured collision radius
92,144,0.78943838858311388,0.5173333333333332,fraction,250,0,collision,nan,0,35.757446483631043,0.037166596000000003,0.001,9.9999999999999995e-07,1.7829772053583366,-0.44194212619824291,0.00051972593593078086,trajectory reached the configured collision radius
92,145,0.78944556750394368,0.5173333333333332,fraction,250,0,collision,nan,0,35.765540282330157,0.033623463999999999,0.0010000000000000046,1.0000000000000091e-06,1.782992985328143,-0.44194212619916418,0.00051972515229498019,trajectory reached the configured collision radius
92,146,0.78945274642477348,0.5173333333333332,fraction,250,0,collision,nan,0,35.773760255965513,0.036320291999999997,0.0010000000000000007,1.0000000000000014e-06,1.7830087127412062,-0.44194212620013967,0.00051972432303602658,trajectory reached the configured collision radius
92,147,0.78945992534560328,0.5173333333333332,fraction,250,0,collision,nan,0,35.782110371675927,0.034686053000000001,0.001,9.9999999999999995e-07,1.7830243860651123,-0.44194212620117013,0.00051972344661246591,trajectory reached the configured collision radius
92,148,0.78946710426643307,0.5173333333333332,fraction,250,0,collision,nan,0,35.790594781769151,0.035096888,0.0010000000000000039,1.0000000000000078e-06,1.783040003565979,-0.44194212620225837,0.00051972252137939172,trajectory reached the configured collision radius
92,149,0.78947428318726287,0.5173333333333332,fraction,250,0,collision,nan,0,35.799217835230017,0.035771553999999997,0.0010000000000000026,1.0000000000000052e-06,1.7830555632869427,-0.44194212620340584,0.00051972154558020613,trajectory reached the configured collision radius
92,150,0.78948146210809278,0.5173333333333332,fraction,250,0,collision,nan,0,35.807984090166137,0.058099854999999999,0.001,9.9999999999999995e-07,1.7830710630247091,-0.4419421262046152,0.00051972051733764168,trajectory reached the configured collision radius
92,151,0.78948864102892258,0.5173333333333332,fraction,250,0,collision,nan,0,35.816898327255402,0.035145350999999998,0.001,9.9999999999999995e-07,1.7830865003032137,-0.44194212620588846,0.00051971943464383728,trajectory reached the configured collision radius
93,133,0.78935942045398599,0.53349999999999986,fraction,250,0,collision,nan,0,35.728271648314205,0.035928691999999998,0.001,9.9999999999999995e-07,1.7830414398255974,-0.44194212616534267,0.00051975391112666757,trajectory reached the configured collision radius
93,134,0.78936659937481579,0.53349999999999986,fraction,250,0,collision,nan,0,35.73549344591293,0.034556119000000003,0.0010000000000000048,1.0000000000000095e-06,1.7830554704615915,-0.44194212616643491,0.00051975298263807698,trajectory reached the configured collision radius
93,135,0.78937377829564559,0.53349999999999986,fraction,250,0,collision,nan,0,35.742815756906481,0.034219608999999998,0.001,9.9999999999999995e-07,1.7830694419587358,-0.44194212616757317,0.00051975201496195589,trajectory reached the configured collision radius
93,136,0.78938095721647539,0.53349999999999986,fraction,250,0,collision,nan,0,35.750241415931242,0.034605996,0.0010000000000000078,1.0000000000000156e-06,1.7830833532724906,-0.44194212616875833,0.00051975100703435557,trajectory reached the configured collision radius
93,137,0.78938813613730519,0.53349999999999986,fraction,250,0,collision,nan,0,35.757773376197349,0.042973101999999999,0.001,9.9999999999999995e-07,1.7830972032407588,-0.44194212616999246,0.00051974995772814442,trajectory reached the configured collision radius
93,138,0.78939531505813509,0.53349999999999986,fraction,250,0,collision,nan,0,35.765414716046365,0.035542813999999999,0.0010000000000000057,1.0000000000000114e-06,1.7831109905724463,-0.44194212617127637,0.00051974886584854672,trajectory reached the configured collision radius
93,139,0.78940249397896489,0.53349999999999986,fraction,250,0,collision,nan,0,35.77316864605875,0.034144853000000003,0.001,9.9999999999999995e-07,1.7831247138351096,-0.44194212617261214,0.00051974773012812201,trajectory reached the configured collision radius
93,140,0.78940967289979469,0.53349999999999986,fraction,250,0,collision,nan,0,35.781038516580189,0.034244731,0.0010000000000000013,1.0000000000000027e-06,1.7831383714412932,-0.44194212617400103,0.0005197465492215508,trajectory reached the configured collision radius
93,141,0.78941685182062449,0.53349999999999986,fraction,250,0,collision,nan,0,35.789027825847526,0.034179600999999997,0.0010000000000000015,1.0000000000000031e-06,1.7831519616334031,-0.44194212617544454,0.00051974532169979262,trajectory reached the configured collision radius
93,142,0.78942403074145429,0.53349999999999986,fraction,250,0,collision,nan,0,35.797140228690992,0.034265681999999999,0.001,9.9999999999999995e-07,1.7831654824673833,-0.44194212617694489,0.00051974404604386928,trajectory reached the configured collision radius
93,143,0.78943120966228408,0.53349999999999986,fraction,250,0,collision,nan,0,35.80537954588452,0.034411543000000003,0.0010000000000000061,1.0000000000000122e-06,1.7831789317944904,-0.44194212617850342,0.00051974272063802323,trajectory reached the configured collision radius
93,144,0.78943838858311388,0.53349999999999986,fraction,250,0,collision,nan,0,35.813749774174347,0.036499900000000002,0.0010000000000000009,1.0000000000000019e-06,1.7831923072413269,-0.4419421261801228,0.00051974134376231787,trajectory reached the configured collision radius
93,145,0.78944556750394368,0.53349999999999986,fraction,250,0,collision,nan,0,35.822255097131894,0.033671623999999997,0.001,9.9999999999999995e-07,1.783205606187803,-0.44194212618180495,0.00051973991358459878,trajectory reached the configured collision radius
93,146,0.78945274642477348,0.53349999999999986,fraction,250,0,collision,nan,0,35.830899896781574,0.034845670000000002,0.001000000000000002,1.000000000000004e-06,1.7832188257429966,-0.44194212618355183,0.00051973842815166479,trajectory reached the configured collision radius
93,147,0.78945992534560328,0.53349999999999986,fraction,250,0,collision,nan,0,35.839688766180608,0.034582843000000002,0.0010000000000000067,1.0000000000000135e-06,1.7832319627181905,-0.44194212618536582,0.00051973688537971282,trajectory reached the configured collision radius
93,148,0.78946710426643307,0.53349999999999986,fraction,250,0,collision,nan,0,35.848626523023079,0.035420111999999997,0.0010000000000000005,1.000000000000001e-06,1.7832450135974458,-0.44194212618725048,0.00051973528304381799,trajectory reached the configured collision radius
93,149,0.78947428318726287,0.53349999999999986,fraction,250,0,collision,nan,0,35.857718224292107,0.048998511000000002,0.001,9.9999999999999995e-07,1.7832579745047898,-0.44194212618920747,0.00051973361876652021,trajectory reached the configured collision radius
93,150,0.78948146210809278,0.53349999999999986,fraction,250,0,collision,nan,0,35.866969182193429,0.045891856000000002,0.001,9.9999999999999995e-07,1.7832708411680065,-0.44194212619124068,0.00051973189000525672,trajectory reached the configured collision radius
93,151,0.78948864102892258,0.53349999999999986,fraction,250,0,collision,nan,0,35.876384981359529,0.034910997999999999,0.0010000000000000005,1.000000000000001e-06,1.7832836088785273,-0.44194212619335299,0.00051973009403859206,trajectory reached the configured collision radius
94,133,0.78935942045398599,0.54966666666666653,fraction,250,0,collision,nan,0,35.784219860802949,0.034026948000000001,0.0010000000000000026,1.0000000000000052e-06,1.7832676653458077,-0.44194212614604417,0.00051977032057575671,trajectory reached the configured collision radius
94,134,0.78936659937481579,0.54966666666666653,fraction,250,0,collision,nan,0,35.791787177064307,0.034662910999999998,0.001,9.9999999999999995e-07,1.7832792219849967,-0.44194212614785999,0.00051976877636307635,trajectory reached the configured collision radius
94,135,0.78937377829564559,0.54966666666666653,fraction,250,0,collision,nan,0,35.799465057410309,0.034158643000000002,0.0010000000000000044,1.0000000000000086e-06,1.7832906991106365,-0.44194212614973072,0.0005197671858087683,trajectory reached the configured collision radius
94,136,0.78938095721647539,0.54966666666666653,fraction,250,0,collision,nan,0,35.807256759700742,0.034203859000000003,0.001,9.9999999999999995e-07,1.7833020945641518,-0.44194212615165712,0.00051976554748466312,trajectory reached the configured collision radius
94,137,0.78938813613730519,0.54966666666666653,fraction,250,0,collision,nan,0,35.815165684157414,0.034089151999999998,0.0010000000000000089,1.0000000000000177e-06,1.783313405994174,-0.44194212615364242,0.00051976385987689898,trajectory reached the configured collision radius
94,138,0.78939531505813509,0.54966666666666653,fraction,250,0,collision,nan,0,35.82319538165261,0.034552251999999999,0.001,9.9999999999999995e-07,1.7833246308391222,-0.44194212615568695,0.000519762121379616,trajectory reached the configured collision radius
94,139,0.78940249397896489,0.54966666666666653,fraction,250,0,collision,nan,0,35.831349562606128,0.035586812000000002,0.0010000000000000005,1.000000000000001e-06,1.7833357663081426,-0.44194212615779377,0.0005197603302882299,trajectory reached the configured collision radius
94,140,0.78940967289979469,0.54966666666666653,fraction,250,0,collision,nan,0,35.839632106544713,0.033784069,0.0010000000000000061,1.0000000000000122e-06,1.7833468093601823,-0.44194212615996403,0.00051975848479205897,trajectory reached the configured collision radius
94,141,0.78941685182062449,0.54966666666666653,fraction,250,0,collision,nan,0,35.848047072403617,0.034621783000000003,0.001,9.9999999999999995e-07,1.7833577566810297,-0.44194212616220091,0.00051975658296631781,trajectory reached the configured collision radius
94,142,0.78942403074145429,0.54966666666666653,fraction,250,0,collision,nan,0,35.856598709595765,0.038179097000000002,0.0010000000000000002,1.0000000000000004e-06,1.7833686046581736,-0.44194212616450607,0.00051975462276349462,trajectory reached the configured collision radius
94,143,0.78943120966228408,0.54966666666666653,fraction,250,0,collision,nan,0,35.865291469934014,0.034928161999999999,0.0010000000000000072,1.0000000000000144e-06,1.7833793493527896,-0.4419421261668825,0.00051975260200380158,trajectory reached the configured collision radius
94,144,0.78943838858311388,0.54966666666666653,fraction,250,0,collision,nan,0,35.874130020544698,0.034409081000000001,0.001000000000000002,1.000000000000004e-06,1.7833899864694929,-0.44194212616933315,0.00051975051836489834,trajectory reached the configured collision radius
94,145,0.78944556750394368,0.54966666666666653,fraction,250,0,collision,nan,0,35.883119257759155,0.03404066,0.001,9.9999999999999995e-07,1.7834005113223557,-0.44194212617186024,0.0005197483693706055,trajectory reached the configured collision radius
94,146,0.78945274642477348,0.54966666666666653,fraction,250,0,collision,nan,0,35.892264322191302,0.034139021999999998,0.001,9.9999999999999995e-07,1.7834109187979201,-0.44194212617446743,0.00051974615237861826,trajectory reached the configured collision radius
94,147,0.78945992534560328,0.54966666666666653,fraction,250,0,collision,nan,0,35.901570615045976,0.034009322000000002,0.0010000000000000002,1.0000000000000004e-06,1.7834212033140571,-0.44194212617715845,0.00051974386456699897,trajectory reached the configured collision radius
94,148,0.78946710426643307,0.54966666666666653,fraction,250,0,collision,nan,0,35.911043815786492,0.036374656999999998,0.0010000000000000013,1.0000000000000027e-06,1.7834313587745116,-0.44194212617993578,0.00051974150291940599,trajectory reached the configured collision radius
94,149,0.78947428318726287,0.54966666666666653,fraction,250,0,collision,nan,0,35.920689901358536,0.034042770999999999,0.0010000000000000033,1.0000000000000065e-06,1.7834413785186567,-0.44194212618280382,0.00051973906420896613,trajectory reached the configured collision radius
94,150,0.78948146210809278,0.54966666666666653,fraction,250,0,collision,nan,0,35.930515167053585,0.034000981,0.0010000000000000048,1.0000000000000095e-06,1.7834512552656094,-0.44194212618576639,0.00051973654498040122,trajectory reached the configured collision radius
94,151,0.78948864102892258,0.54966666666666653,fraction,250,0,collision,nan,0,35.940526249274825,0.041696446999999998,0.0010000000000000046,1.0000000000000091e-06,1.7834609810525486,-0.44194212618882817,0.00051973394153055901,trajectory reached the configured collision radius
95,133,0.78935942045398599,0.56583333333333319,fraction,250,0,collision,nan,0,35.844103520603277,0.034953488999999997,0.001000000000000002,1.000000000000004e-06,1.7834750632563501,-0.44194212613449679,0.00051978013872501039,trajectory reached the configured collision radius
95,134,0.78936659937481579,0.56583333333333319,fraction,250,0,collision,nan,0,35.852076067255339,0.034754943000000003,0.001,9.9999999999999995e-07,1.7834838901675174,-0.44194212613710693,0.0005197779191241556,trajectory reached the configured collision radius
95,135,0.78937377829564559,0.56583333333333319,fraction,250,0,collision,nan,0,35.860171460373657,0.034606030000000003,0.0010000000000000089,1.0000000000000177e-06,1.7834926089482726,-0.44194212613978323,0.00051977564374994115,trajectory reached the configured collision radius
95,136,0.78938095721647539,0.56583333333333319,fraction,250,0,collision,nan,0,35.868393499300424,0.03431874,0.0010000000000000002,1.0000000000000004e-06,1.7835012158427777,-0.44194212614252726,0.0005197733106825544,trajectory reached the configured collision radius
95,137,0.78938813613730519,0.56583333333333319,fraction,250,0,collision,nan,0,35.876746157715807,0.035039182000000002,0.0010000000000000002,1.0000000000000004e-06,1.7835097067919532,-0.44194212614534129,0.0005197709178849045,trajectory reached the configured collision radius
95,138,0.78939531505813509,0.56583333333333319,fraction,250,0,collision,nan,0,35.885233594268911,0.035294673999999998,0.0010000000000000078,1.0000000000000156e-06,1.7835180774066988,-0.44194212614822831,0.00051976846319388872,trajectory reached the configured collision radius
95,139,0.78940249397896489,0.56583333333333319,fraction,250,0,collision,nan,0,35.893860164119999,0.035409363999999999,0.0010000000000000011,1.0000000000000023e-06,1.7835263229389662,-0.44194212615119077,0.00051976594431089667,trajectory reached the configured collision radius
95,140,0.78940967289979469,0.56583333333333319,fraction,250,0,collision,nan,0,35.902630431345074,0.034266638000000002,0.001,9.9999999999999995e-07,1.7835344382495555,-0.44194212615423184,0.00051976335879150011,trajectory reached the configured collision radius
95,141,0.78941685182062449,0.56583333333333319,fraction,250,0,collision,nan,0,35.911549182321977,0.036001696999999999,0.0010000000000000002,1.0000000000000004e-06,1.7835424177730523,-0.44194212615735406,0.00051976070403419853,trajectory reached the configured collision radius
95,142,0.78942403074145429,0.56583333333333319,fraction,250,0,collision,nan,0,35.92062144022259,0.045833257000000002,0.0010000000000000037,1.0000000000000074e-06,1.7835502554789489,-0.44194212616056078,0.00051975797726813786,trajectory reached the configured collision radius
95,143,0.78943120966228408,0.56583333333333319,fraction,250,0,collision,nan,0,35.92985248067712,0.034730059000000001,0.0010000000000000091,1.0000000000000182e-06,1.7835579448290988,-0.44194212616385609,0.00051975517553967481,trajectory reached the configured collision radius
95,144,0.78943838858311388,0.56583333333333319,fraction,250,0,collision,nan,0,35.939247848790338,0.035524515,0.0010000000000000028,1.0000000000000057e-06,1.7835654787305857,-0.44194212616724277,0.00051975229569771496,trajectory reached the configured collision radius
95,145,0.78944556750394368,0.56583333333333319,fraction,250,0,collision,nan,0,35.948813377557464,0.033683143999999998,0.0010000000000000011,1.0000000000000023e-06,1.783572849483811,-0.44194212617072565,0.00051974933437767704,trajectory reached the configured collision radius
95,146,0.78945274642477348,0.56583333333333319,fraction,250,0,collision,nan,0,35.958555207903743,0.033936880000000003,0.0010000000000000002,1.0000000000000004e-06,1.7835800487249363,-0.44194212617430811,0.00051974628798384344,trajectory reached the configured collision radius
95,147,0.78945992534560328,0.56583333333333319,fraction,250,0,collision,nan,0,35.968479810494046,0.039535199,0.0010000000000000002,1.0000000000000004e-06,1.7835870673623804,-0.44194212617799528,0.00051974315267001186,trajectory reached the configured collision radius
95,148,0.78946710426643307,0.56583333333333319,fraction,250,0,collision,nan,0,35.978594009470029,0.034278240000000001,0.0010000000000000005,1.000000000000001e-06,1.7835938955062247,-0.44194212618179213,0.00051973992431823964,trajectory reached the configured collision radius
95,149,0.78947428318726287,0.56583333333333319,fraction,250,0,collision,nan,0,35.988905008400302,0.054856355000000002,0.0010000000000000011,1.0000000000000023e-06,1.7836005223899711,-0.44194212618570333,0.00051973659851545641,trajectory reached the configured collision radius
95,150,0.78948146210809278,0.56583333333333319,fraction,250,0,collision,nan,0,35.999420418586787,0.035696996000000002,0.0010000000000000041,1.0000000000000082e-06,1.7836069362834681,-0.44194212618973483,0.00051973317052760135,trajectory reached the configured collision radius
95,151,0.78948864102892258,0.56583333333333319,fraction,250,0,collision,nan,0,36.010148290138282,0.034503873999999997,0.0010000000000000091,1.0000000000000182e-06,1.7836131243961451,-0.44194212619389234,0.00051972963527115873,trajectory reached the configured collision radius
96,133,0.78935942045398599,0.58200000000000007,fraction,250,0,collision,nan,0,35.908534667173548,0.033956159,0.0010000000000000002,1.0000000000000004e-06,1.7836586458247212,-0.44194212613210004,0.00051978217630878679,trajectory reached the configured collision radius
96,134,0.78936659937481579,0.58200000000000007,fraction,250,0,collision,nan,0,35.916988199420061,0.034012684000000001,0.001,9.9999999999999995e-07,1.7836644169207438,-0.44194212613559497,0.00051977920491588911,trajectory reached the configured collision radius
96,135,0.78937377829564559,0.58200000000000007,fraction,250,0,collision,nan,0,35.925579851777847,0.033415529999999999,0.0010000000000000041,1.0000000000000082e-06,1.7836700394335838,-0.44194212613917017,0.00051977616517120083,trajectory reached the configured collision radius
96,136,0.78938095721647539,0.58200000000000007,fraction,250,0,collision,nan,0,35.934314132607327,0.034193899,0.0010000000000000033,1.0000000000000065e-06,1.7836755072883546,-0.44194212614282841,0.0005197730544793806,trajectory reached the configured collision radius
96,137,0.78938813613730519,0.58200000000000007,fraction,250,0,collision,nan,0,35.943195768780171,0.033900298000000002,0.001,9.9999999999999995e-07,1.7836808139411826,-0.44194212614657363,0.00051976987008266239,trajectory reached the configured collision radius
96,138,0.78939531505813509,0.58200000000000007,fraction,250,0,collision,nan,0,35.952229719797565,0.064746725000000005,0.001,9.9999999999999995e-07,1.78368595233802,-0.44194212615040912,0.00051976660904836823,trajectory reached the configured collision radius
96,139,0.78940249397896489,0.58200000000000007,fraction,250,0,collision,nan,0,35.961421193151395,0.035041332000000001,0.0010000000000000005,1.000000000000001e-06,1.7836909148697251,-0.44194212615433826,0.00051976326825531154,trajectory reached the configured collision radius
96,140,0.78940967289979469,0.58200000000000007,fraction,250,0,collision,nan,0,35.970775660941896,0.034164980999999997,0.0010000000000000028,1.0000000000000057e-06,1.7836956933225245,-0.4419421261583647,0.00051975984437902824,trajectory reached the configured collision radius
96,141,0.78941685182062449,0.58200000000000007,fraction,250,0,collision,nan,0,35.980298877850657,0.035181996,0.0010000000000000072,1.0000000000000144e-06,1.7837002788233129,-0.44194212616249373,0.00051975633387545887,trajectory reached the configured collision radius
96,142,0.78942403074145429,0.58200000000000007,fraction,250,0,collision,nan,0,35.989996900728734,0.035255068000000001,0.0010000000000000115,1.000000000000023e-06,1.7837046617795167,-0.44194212616672873,0.00051975273296332497,trajectory reached the configured collision radius
96,143,0.78943120966228408,0.58200000000000007,fraction,250,0,collision,nan,0,35.999876109887246,0.034278794000000001,0.0010000000000000096,1.0000000000000192e-06,1.7837088318125183,-0.44194212617107465,0.00051974903760452259,trajectory reached the configured collision radius
96,144,0.78943838858311388,0.58200000000000007,fraction,250,0,collision,nan,0,36.009943232265677,0.034141214000000003,0.0010000000000000106,1.0000000000000213e-06,1.7837127776840516,-0.44194212617553646,0.00051974524348283758,trajectory reached the configured collision radius
96,145,0.78944556750394368,0.58200000000000007,fraction,250,0,collision,nan,0,36.020205366716468,0.035556011999999998,0.0010000000000000085,1.0000000000000169e-06,1.7837164872146991,-0.44194212618012052,0.00051974134598038756,trajectory reached the configured collision radius
96,146,0.78945274642477348,0.58200000000000007,fraction,250,0,collision,nan,0,36.030670011659581,0.034323399999999997,0.0010000000000000035,1.0000000000000069e-06,1.7837199471935057,-0.44194212618483103,0.00051973734015178818,trajectory reached the configured collision radius
96,147,0.78945992534560328,0.58200000000000007,fraction,250,0,collision,nan,0,36.041345095263829,0.034831603000000003,0.0010000000000000007,1.0000000000000014e-06,1.7837231432774192,-0.44194212618967588,0.00051973322069556944,trajectory reached the configured collision radius
96,148,0.78946710426643307,0.58200000000000007,fraction,250,0,collision,nan,0,36.052239008636363,0.034539881000000001,0.001,9.9999999999999995e-07,1.7837260598796492,-0.44194212619466072,0.00051972898192269128,trajectory reached the configured collision radius
96,149,0.78947428318726287,0.58200000000000007,fraction,250,0,collision,nan,0,36.063360642189075,0.053452714999999998,0.0010000000000000002,1.0000000000000004e-06,1.7837286800450676,-0.44194212619979284,0.00051972461772167801,trajectory reached the configured collision radius
96,150,0.78948146210809278,0.58200000000000007,fraction,250,0,collision,nan,0,36.074719425621645,0.040877138,0.0010000000000000074,1.0000000000000148e-06,1.7837309853110397,-0.44194212620508039,0.00051972012151998168,trajectory reached the configured collision radius
96,151,0.78948864102892258,0.58200000000000007,fraction,250,0,collision,nan,0,36.086325372068949,0.035384481000000002,0.0010000000000000007,1.0000000000000014e-06,1.7837329555521471,-0.44194212621053153,0.00051971548624109255,trajectory reached the configured collision radius
97,133,0.78935942045398599,0.59816666666666674,fraction,250,0,collision,nan,0,35.97828392222911,0.034156656000000001,0.001,9.9999999999999995e-07,1.7838122033319268,-0.44194212614055228,0.00051977498982022521,trajectory reached the configured collision radius
97,134,0.78936659937481579,0.59816666666666674,fraction,250,0,collision,nan,0,35.987316398547982,0.034781330999999999,0.001,9.9999999999999995e-07,1.7838144905865727,-0.44194212614504919,0.00051977116647507681,trajectory reached the configured collision radius
97,135,0.78937377829564559,0.59816666666666674,fraction,250,0,collision,nan,0,35.996506383174136,0.063200250999999999,0.0010000000000000002,1.0000000000000004e-06,1.7838165714735079,-0.44194212614964595,0.00051976725776289607,trajectory reached the configured collision radius
97,136,0.78938095721647539,0.59816666666666674,fraction,250,0,collision,nan,0,36.005859338678079,0.034001772999999999,0.0010000000000000022,1.0000000000000044e-06,1.7838184364902128,-0.44194212615434764,0.00051976326014019825,trajectory reached the configured collision radius
97,137,0.78938813613730519,0.59816666666666674,fraction,250,0,collision,nan,0,36.015381009316187,0.034315643999999999,0.0010000000000000059,1.0000000000000118e-06,1.7838200754093749,-0.44194212615915823,0.00051975916983452292,trajectory reached the configured collision radius
97,138,0.78939531505813509,0.59816666666666674,fraction,250,0,collision,nan,0,36.025077440473765,0.033695123,0.0010000000000000102,1.0000000000000205e-06,1.7838214772146497,-0.44194212616408257,0.0005197549828261579,trajectory reached the configured collision radius
97,139,0.78940249397896489,0.59816666666666674,fraction,250,0,collision,nan,0,36.03495499990872,0.034171435,0.0010000000000000109,1.0000000000000218e-06,1.7838226300298778,-0.44194212616912554,0.00051975069482821691,trajectory reached the configured collision radius
97,140,0.78940967289979469,0.59816666666666674,fraction,250,0,collision,nan,0,36.04502040074086,0.037553894999999997,0.0010000000000000113,1.0000000000000226e-06,1.7838235210406417,-0.44194212617429246,0.00051974630126470813,trajectory reached the configured collision radius
97,141,0.78941685182062449,0.59816666666666674,fraction,250,0,collision,nan,0,36.055280726720248,0.034560631000000001,0.0010000000000000074,1.0000000000000148e-06,1.7838241364079139,-0.44194212617958956,0.00051974179724647359,trajectory reached the configured collision radius
97,142,0.78942403074145429,0.59816666666666674,fraction,250,0,collision,nan,0,36.065743459635478,0.034934135999999998,0.0010000000000000028,1.0000000000000057e-06,1.7838244611720284,-0.44194212618502265,0.00051973717754481353,trajectory reached the configured collision radius
97,143,0.78943120966228408,0.59816666666666674,fraction,250,0,collision,nan,0,36.076416509433223,0.042008691000000001,0.0010000000000000002,1.0000000000000004e-06,1.7838244791466149,-0.44194212619059769,0.00051973243656223869,trajectory reached the configured collision radius
97,144,0.78943838858311388,0.59816666666666674,fraction,250,0,collision,nan,0,36.087308247195871,0.035585771000000002,0.001,9.9999999999999995e-07,1.7838241728003716,-0.44194212619632317,0.00051972756830041486,trajectory reached the configured collision radius
97,145,0.78944556750394368,0.59816666666666674,fraction,250,0,collision,nan,0,36.098427541328064,0.035733538000000002,0.0010000000000000002,1.0000000000000004e-06,1.7838235231258757,-0.44194212620220502,0.00051972256632459434,trajectory reached the configured collision radius
97,146,0.78945274642477348,0.59816666666666674,fraction,250,0,collision,nan,0,36.109783797364173,0.033993698000000003,0.0010000000000000083,1.0000000000000165e-06,1.7838225094930618,-0.44194212620825313,0.00051971742372432239,trajectory reached the configured collision radius
97,147,0.78945992534560328,0.59816666666666674,fraction,250,0,collision,nan,0,36.121387001819556,0.033553782999999997,0.0010000000000000005,1.000000000000001e-06,1.7838211094859806,-0.44194212621447515,0.00051971213306984288,trajectory reached the configured collision radius
97,148,0.78946710426643307,0.59816666666666674,fraction,250,0,collision,nan,0,36.133247770633055,0.034379063000000001,0.001,9.9999999999999995e-07,1.7838192987198929,-0.44194212622087986,0.00051970668636369026,trajectory reached the configured collision radius
97,149,0.78947428318726287,0.59816666666666674,fraction,250,0,collision,nan,0,36.145377402717692,0.035174891,0.0010000000000000061,1.0000000000000122e-06,1.783817050636606,-0.4419421262274788,0.0005197010749868117,trajectory reached the configured collision radius
97,150,0.78948146210809278,0.59816666666666674,fraction,250,0,collision,nan,0,36.157787939301265,0.035395810999999999,0.001,9.9999999999999995e-07,1.7838143362744043,-0.44194212623428197,0.00051969528963851101,trajectory reached the configured collision radius
97,151,0.78948864102892258,0.59816666666666674,fraction,250,0,collision,nan,0,36.170492229902003,0.038836495999999998,0.001000000000000005,1.0000000000000101e-06,1.7838111240094732,-0.44194212624130136,0.00051968932026935817,trajectory reached the configured collision radius
98,133,0.78935942045398599,0.6143333333333334,fraction,250,0,collision,nan,0,36.054341711613645,0.038479377000000002,0.0010000000000000035,1.0000000000000069e-06,1.7839278863210486,-0.44194212616194339,0.00051975680160590331,trajectory reached the configured collision radius
98,134,0.78936659937481579,0.6143333333333334,fraction,250,0,collision,nan,0,36.064082686653698,0.035174957999999999,0.0010000000000000018,1.0000000000000036e-06,1.7839261104276367,-0.44194212616760009,0.00051975199171086994,trajectory reached the configured collision radius
98,135,0.78937377829564559,0.6143333333333334,fraction,250,0,collision,nan,0,36.074006394494326,0.035803400999999999,0.0010000000000000015,1.0000000000000031e-06,1.7839240443766569,-0.44194212617338507,0.00051974707302295008,trajectory reached the configured collision radius
98,136,0.78938095721647539,0.6143333333333334,fraction,250,0,collision,nan,0,36.08411962490586,0.039692323000000002,0.0010000000000000022,1.0000000000000044e-06,1.783921673475922,-0.44194212617930312,0.00051974204063266478,trajectory reached the configured collision radius
98,137,0.78938813613730519,0.6143333333333334,fraction,250,0,collision,nan,0,36.094429543548898,0.034944965000000001,0.0010000000000000041,1.0000000000000082e-06,1.783918981900708,-0.44194212618536138,0.00051973688930008954,trajectory reached the configured collision radius
98,138,0.78939531505813509,0.6143333333333334,fraction,250,0,collision,nan,0,36.104943719941744,0.034445783000000001,0.0010000000000000106,1.0000000000000213e-06,1.7839159525901629,-0.44194212619156592,0.00051973161342729263,trajectory reached the configured collision radius
98,139,0.78940249397896489,0.6143333333333334,fraction,250,0,collision,nan,0,36.115670158104876,0.033940657999999999,0.0010000000000000033,1.0000000000000065e-06,1.7839125671324663,-0.441942126197924,0.00051972620702792841,trajectory reached the configured collision radius
98,140,0.78940967289979469,0.6143333333333334,fraction,250,0,collision,nan,0,36.126617330110108,0.036508633999999998,0.0010000000000000002,1.0000000000000004e-06,1.7839088056372572,-0.44194212620444301,0.00051972066369377257,trajectory reached the configured collision radius
98,141,0.78941685182062449,0.6143333333333334,fraction,250,0,collision,nan,0,36.137794212993249,0.033797675999999999,0.001,9.9999999999999995e-07,1.7839046465941792,-0.44194212621113127,0.00051971497655772683,trajectory reached the configured collision radius
98,142,0.78942403074145429,0.6143333333333334,fraction,250,0,collision,nan,0,36.149210329278645,0.036447862999999997,0.0010000000000000024,1.0000000000000048e-06,1.7839000667150775,-0.44194212621799656,0.00051970913825290373,trajectory reached the configured collision radius
98,143,0.78943120966228408,0.6143333333333334,fraction,250,0,collision,nan,0,36.160875791735478,0.034620651000000002,0.0010000000000000022,1.0000000000000044e-06,1.7838950407584009,-0.44194212622504953,0.00051970314086733564,trajectory reached the configured collision radius
98,144,0.78943838858311388,0.6143333333333334,fraction,250,0,collision,nan,0,36.172801352723056,0.034066800000000001,0.001,9.9999999999999995e-07,1.7838895413326294,-0.44194212623229878,0.00051969697589365304,trajectory reached the configured collision radius
98,145,0.78944556750394368,0.6143333333333334,fraction,250,0,collision,nan,0,36.184998458885303,0.034279437000000003,0.0010000000000000117,1.0000000000000235e-06,1.7838835386766156,-0.44194212623975654,0.0005196906341731805,trajectory reached the configured collision radius
98,146,0.78945274642477348,0.6143333333333334,fraction,250,0,collision,nan,0,36.19747931163711,0.036108609,0.001,9.9999999999999995e-07,1.7838770004129043,-0.44194212624743306,0.00051968410583356302,trajectory reached the configured collision radius
98,147,0.78945992534560328,0.6143333333333334,fraction,250,0,collision,nan,0,36.210256934630351,0.034136089000000001,0.0010000000000000076,1.0000000000000152e-06,1.7838698912707183,-0.44194212625534174,0.00051967738021924895,trajectory reached the configured collision radius
98,148,0.78946710426643307,0.6143333333333334,fraction,250,0,collision,nan,0,36.223345248671968,0.034190946,0.001,9.9999999999999995e-07,1.7838621727739061,-0.44194212626349583,0.0005196704458136055,trajectory reached the configured collision radius
98,149,0.78947428318726287,0.6143333333333334,fraction,250,0,collision,nan,0,36.236759155477102,0.034245892999999999,0.0010000000000000002,1.0000000000000004e-06,1.7838538028885853,-0.4419421262719101,0.00051966329015167533,trajectory reached the configured collision radius
98,150,0.78948146210809278,0.6143333333333334,fraction,250,0,collision,nan,0,36.250514631368674,0.034460168999999999,0.0010000000000000046,1.0000000000000091e-06,1.7838447356244678,-0.44194212628060037,0.00051965589972211262,trajectory reached the configured collision radius
98,151,0.78948864102892258,0.6143333333333334,fraction,250,0,collision,nan,0,36.264628832487432,0.035010845999999998,0.0010000000000000061,1.0000000000000122e-06,1.7838349205827875,-0.44194212628958329,0.0005196482598567037,trajectory reached the configured collision radius
99,133,0.78935942045398599,0.63050000000000006,fraction,250,0,collision,nan,0,36.138012643915431,0.034221390999999997,0.001,9.9999999999999995e-07,1.7839955849254838,-0.44194212619889245,0.00051972538352870225,trajectory reached the configured collision radius
99,134,0.78936659937481579,0.63050000000000006,fraction,250,0,collision,nan,0,36.148638157370854,0.035219225999999999,0.0010000000000000007,1.0000000000000014e-06,1.7839889356357499,-0.44194212620592765,0.000519719401285228,trajectory reached the configured collision radius
99,135,0.78937377829564559,0.63050000000000006,fraction,250,0,collision,nan,0,36.159480219024623,0.033372408999999999,0.0010000000000000046,1.0000000000000091e-06,1.7839818721759826,-0.44194212621312939,0.00051971327728220793,trajectory reached the configured collision radius
99,136,0.78938095721647539,0.63050000000000006,fraction,250,0,collision,nan,0,36.170547540517497,0.035297666999999998,0.0010000000000000044,1.0000000000000086e-06,1.7839743717467278,-0.44194212622050583,0.00051970700457805614,trajectory reached the configured collision radius
99,137,0.78938813613730519,0.63050000000000006,fraction,250,0,collision,nan,0,36.181849357131135,0.033439102999999998,0.001,9.9999999999999995e-07,1.7839664097376859,-0.44194212622806583,0.00051970057573959153,trajectory reached the configured collision radius
99,138,0.78939531505813509,0.63050000000000006,fraction,250,0,collision,nan,0,36.193395470305695,0.033935722000000001,0.0010000000000000002,1.0000000000000004e-06,1.7839579595534565,-0.44194212623581858,0.00051969398279841361,trajectory reached the configured collision radius
99,139,0.78940249397896489,0.63050000000000006,fraction,250,0,collision,nan,0,36.205196294444647,0.041902755999999999,0.0010000000000000085,1.0000000000000169e-06,1.7839489924198111,-0.44194212624377477,0.00051968721720270538,trajectory reached the configured collision radius
99,140,0.78940967289979469,0.63050000000000006,fraction,250,0,collision,nan,0,36.217262908715888,0.035331226,0.001,9.9999999999999995e-07,1.7839394771670833,-0.44194212625194401,0.00051968026976365565,trajectory reached the configured collision radius
99,141,0.78941685182062449,0.63050000000000006,fraction,250,0,collision,nan,0,36.229607114398789,0.035611953000000002,0.0010000000000000059,1.0000000000000118e-06,1.7839293799879505,-0.4419421262603388,0.00051967313059589424,trajectory reached the configured collision radius
99,142,0.78942403074145429,0.63050000000000006,fraction,250,0,collision,nan,0,36.242241498528593,0.040276855,0.001,9.9999999999999995e-07,1.7839186641659515,-0.44194212626897145,0.00051966578905120002,trajectory reached the configured collision radius
99,143,0.78943120966228408,0.63050000000000006,fraction,250,0,collision,nan,0,36.255179504787698,0.037019633000000003,0.0010000000000000087,1.0000000000000173e-06,1.7839072897702681,-0.44194212627785578,0.00051965823364443701,trajectory reached the configured collision radius
99,144,0.78943838858311388,0.63050000000000006,fraction,250,0,collision,nan,0,36.268435512376882,0.034123413999999998,0.0010000000000000002,1.0000000000000004e-06,1.7838952133124573,-0.44194212628700585,0.00051965045197072406,trajectory reached the configured collision radius
99,145,0.78944556750394368,0.63050000000000006,fraction,250,0,collision,nan,0,36.282024924367498,0.034287930000000001,0.001,9.9999999999999995e-07,1.7838823873587408,-0.44194212629643748,0.00051964243061262147,trajectory reached the configured collision radius
99,146,0.78945274642477348,0.63050000000000006,fraction,250,0,collision,nan,0,36.295964266559984,0.03412515,0.0010000000000000018,1.0000000000000036e-06,1.7838687600915215,-0.44194212630616792,0.00051963415503573213,trajectory reached the configured collision radius
99,147,0.78945992534560328,0.63050000000000006,fraction,250,0,collision,nan,0,36.310271298694289,0.035364397999999998,0.0010000000000000074,1.0000000000000148e-06,1.7838542748123865,-0.44194212631621566,0.00051962560947123337,trajectory reached the configured collision radius
99,148,0.78946710426643307,0.63050000000000006,fraction,250,0,collision,nan,0,36.32496513956913,0.035394707999999997,0.0010000000000000111,1.0000000000000222e-06,1.7838388693766205,-0.44194212632660113,0.00051961677678316295,trajectory reached the configured collision radius
99,149,0.78947428318726287,0.63050000000000006,fraction,250,0,collision,nan,0,36.340066408635337,0.034555956999999998,0.0010000000000000104,1.0000000000000209e-06,1.7838224755487175,-0.44194212633734553,0.00051960763831812216,trajectory reached the configured collision radius
99,150,0.78948146210809278,0.63050000000000006,fraction,250,0,collision,nan,0,36.355597386326721,0.033963816000000001,0.0010000000000000039,1.0000000000000078e-06,1.7838050182654102,-0.44194212634847319,0.00051959817373477019,trajectory reached the configured collision radius
99,151,0.78948864102892258,0.63050000000000006,fraction,250,0,collision,nan,0,36.371582196422679,0.036037940999999997,0.0010000000000000002,1.0000000000000004e-06,1.7837864147904647,-0.44194212636001046,0.00051958836080959029,trajectory reached the configured collision radius
100,133,0.78935942045398599,0.64666666666666672,fraction,250,0,collision,nan,0,36.231067424661553,0.035098798,0.0010000000000000013,1.0000000000000027e-06,1.7840019685058497,-0.44194212625475304,0.00051967788101908415,trajectory reached the configured collision radius
100,134,0.78936659937481579,0.64666666666666672,fraction,250,0,collision,nan,0,36.242824735460573,0.034806209999999997,0.001,9.9999999999999995e-07,1.783989270774299,-0.4419421262634769,0.0005196704621313941,trajectory reached the configured collision radius
100,135,0.78937377829564559,0.64666666666666672,fraction,250,0,collision,nan,0,36.254845644487681,0.033477406000000001,0.0010000000000000089,1.0000000000000177e-06,1.783975970235623,-0.44194212627242324,0.00051966285379424738,trajectory reached the configured collision radius
100,136,0.78938095721647539,0.64666666666666672,fraction,250,0,collision,nan,0,36.267141789681098,0.033745692000000001,0.001,9.9999999999999995e-07,1.7839620309018096,-0.44194212628160401,0.00051965504592043222,trajectory reached the configured collision radius
100,137,0.78938813613730519,0.64666666666666672,fraction,250,0,collision,nan,0,36.279725579768346,0.034428374999999997,0.0010000000000000074,1.0000000000000148e-06,1.7839474137823048,-0.4419421262910323,0.00051964702766144402,trajectory reached the configured collision radius
100,138,0.78939531505813509,0.64666666666666672,fraction,250,0,collision,nan,0,36.292610263266063,0.034912036,0.001,9.9999999999999995e-07,1.7839320765760285,-0.44194212630072133,0.00051963878733490029,trajectory reached the configured collision radius
100,139,0.78940249397896489,0.64666666666666672,fraction,250,0,collision,nan,0,36.305810005603355,0.034990999000000002,0.0010000000000000024,1.0000000000000048e-06,1.7839159733251673,-0.44194212631068641,0.00051963031234352115,trajectory reached the configured collision radius
100,140,0.78940967289979469,0.64666666666666672,fraction,250,0,collision,nan,0,36.319339975068921,0.034797988000000002,0.0010000000000000033,1.0000000000000065e-06,1.7838990540255724,-0.44194212632094276,0.00051962158908446052,trajectory reached the configured collision radius
100,141,0.78941685182062449,0.64666666666666672,fraction,250,0,collision,nan,0,36.333216439217942,0.033668863,0.001,9.9999999999999995e-07,1.7838812641866295,-0.44194212633150859,0.00051961260284752605,trajectory reached the configured collision radius
100,142,0.78942403074145429,0.64666666666666672,fraction,250,0,collision,nan,0,36.347456873034567,0.034427712999999999,0.001,9.9999999999999995e-07,1.7838625443332363,-0.44194212634240165,0.00051960333770088385,trajectory reached the configured collision radius
100,143,0.78943120966228408,0.64666666666666672,fraction,250,0,collision,nan,0,36.362080080820121,0.033784429999999997,0.001,9.9999999999999995e-07,1.7838428294409063,-0.44194212635364322,0.00051959377636205857,trajectory reached the configured collision radius
100,144,0.78943838858311388,0.64666666666666672,fraction,250,0,collision,nan,0,36.377106333657586,0.034451874,0.001,9.9999999999999995e-07,1.7838220482926854,-0.44194212636525476,0.00051958390005232944,trajectory reached the configured collision radius
100,145,0.78944556750394368,0.64666666666666672,fraction,250,0,collision,nan,0,36.392557525321102,0.033592333000000002,0.001,9.9999999999999995e-07,1.7838001227458742,-0.44194212637726027,0.00051957368833163665,trajectory reached the configured collision radius
100,146,0.78945274642477348,0.64666666666666672,fraction,250,0,collision,nan,0,36.408457349268694,0.034670032000000003,0.0010000000000000002,1.0000000000000004e-06,1.7837769668924206,-0.44194212638968616,0.00051956311891102893,trajectory reached the configured collision radius
100,147,0.78945992534560328,0.64666666666666672,fraction,250,0,collision,nan,0,36.424831500526572,0.034850921999999999,0.0010000000000000087,1.0000000000000173e-06,1.7837524860955478,-0.44194212640256109,0.00051955216743892975,trajectory reached the configured collision radius
100,148,0.78946710426643307,0.64666666666666672,fraction,250,0,collision,nan,0,36.441707906613523,0.034983846999999998,0.0010000000000000002,1.0000000000000004e-06,1.7837265758798124,-0.44194212641591607,0.00051954080725679622,trajectory reached the configured collision radius
100,149,0.78947428318726287,0.64666666666666672,fraction,250,0,collision,nan,0,36.459116992742665,0.034392242000000003,0.0010000000000000022,1.0000000000000044e-06,1.7836991206485562,-0.44194212642978592,0.00051952900911892005,trajectory reached the configured collision radius
100,150,0.78948146210809278,0.64666666666666672,fraction,250,0,collision,nan,0,36.477091987591898,0.033987834000000001,0.001,9.9999999999999995e-07,1.783669992196081,-0.44194212644420766,0.00051951674086987004,trajectory reached the configured collision radius
100,151,0.78948864102892258,0.64666666666666672,fraction,250,0,collision,nan,0,36.495669277340134,0.036701821000000003,0.0010000000000000035,1.0000000000000069e-06,1.7836390479751303,-0.44194212645922337,0.00051950396707201398,trajectory reached the configured collision radius
101,133,0.78935942045398599,0.66283333333333339,fraction,250,0,collision,nan,0,36.336000651022019,0.034343783000000003,0.0010000000000000015,1.0000000000000031e-06,1.7839289241777785,-0.44194212633394031,0.00051961053447911526,trajectory reached the configured collision radius
101,134,0.78936659937481579,0.66283333333333339,fraction,250,0,collision,nan,0,36.349251782032297,0.034082070999999999,0.0010000000000000028,1.0000000000000057e-06,1.7839084018376044,-0.44194212634480962,0.00051960128965841559,trajectory reached the configured collision radius
101,135,0.78937377829564559,0.66283333333333339,fraction,250,0,collision,nan,0,36.36283515232202,0.036726979999999999,0.001,9.9999999999999995e-07,1.783886979087582,-0.44194212635598534,0.00051959178393201199,trajectory reached the configured collision radius
101,136,0.78938095721647539,0.66283333333333339,fraction,250,0,collision,nan,0,36.376767151725183,0.034285769000000001,0.001,9.9999999999999995e-07,1.783864597320864,-0.4419421263674862,0.00051958200209289561,trajectory reached the configured collision radius
101,137,0.78938813613730519,0.66283333333333339,fraction,250,0,collision,nan,0,36.391065389075294,0.034080762000000001,0.0010000000000000013,1.0000000000000027e-06,1.7838411926855855,-0.4419421263793305,0.00051957192769138132,trajectory reached the configured collision radius
101,138,0.78939531505813509,0.66283333333333339,fraction,250,0,collision,nan,0,36.405748815522522,0.033619647000000003,0.0010000000000000028,1.0000000000000057e-06,1.7838166954985588,-0.44194212639153918,0.00051956154290552716,trajectory reached the configured collision radius
101,139,0.78940249397896489,0.66283333333333339,fraction,250,0,collision,nan,0,36.420837863717175,0.033747723,0.0010000000000000024,1.0000000000000048e-06,1.7837910295792694,-0.44194212640413533,0.00051955082839499705,trajectory reached the configured collision radius
101,140,0.78940967289979469,0.66283333333333339,fraction,250,0,collision,nan,0,36.436354605683498,0.034025920000000001,0.0010000000000000005,1.000000000000001e-06,1.7837641114907257,-0.44194212641714348,0.00051953976313549356,trajectory reached the configured collision radius
101,141,0.78941685182062449,0.66283333333333339,fraction,250,0,collision,nan,0,36.452322932100444,0.035392354000000001,0.001,9.9999999999999995e-07,1.783735849671882,-0.4419421264305905,0.00051952832423101227,trajectory reached the configured collision radius
101,142,0.78942403074145429,0.66283333333333339,fraction,250,0,collision,nan,0,36.468768756832006,0.034711720000000001,0.0010000000000000007,1.0000000000000014e-06,1.7837061434428829,-0.44194212644450637,0.00051951648670001355,trajectory reached the configured collision radius
101,143,0.78943120966228408,0.66283333333333339,fraction,250,0,collision,nan,0,36.485720251113356,0.034525943000000003,0.0010000000000000031,1.0000000000000061e-06,1.7836748818608505,-0.44194212645892217,0.00051950422323136498,trajectory reached the configured collision radius
101,144,0.78943838858311388,0.66283333333333339,fraction,250,0,collision,nan,0,36.503208112394184,0.034260840000000001,0.001,9.9999999999999995e-07,1.783641942398986,-0.44194212647387365,0.00051949150390478516,trajectory reached the configured collision radius
101,145,0.78944556750394368,0.66283333333333339,fraction,250,0,collision,nan,0,36.521265874572322,0.034496550000000001,0.0010000000000000009,1.0000000000000019e-06,1.7836071894166106,-0.44194212648939946,0.00051947829586951018,trajectory reached the configured collision radius
101,146,0.78945274642477348,0.66283333333333339,fraction,250,0,collision,nan,0,36.53993026730879,0.066256209999999996,0.0010000000000000104,1.0000000000000209e-06,1.7835704723795249,-0.44194212650554127,0.00051946456297367297,trajectory reached the configured collision radius
101,147,0.78945992534560328,0.66283333333333339,fraction,250,0,collision,nan,0,36.559241634029938,0.034955117000000001,0.0010000000000000028,1.0000000000000057e-06,1.7835316237821037,-0.44194212652234677,0.00051945026533512038,trajectory reached the configured collision radius
101,148,0.78946710426643307,0.66283333333333339,fraction,250,0,collision,nan,0,36.579244420572607,0.034878968000000003,0.0010000000000000028,1.0000000000000057e-06,1.7834904567104692,-0.44194212653986725,0.00051943535884269086,trajectory reached the configured collision radius
101,149,0.78947428318726287,0.66283333333333339,fraction,250,0,collision,nan,0,36.599987749242437,0.035405089000000001,0.0010000000000000115,1.000000000000023e-06,1.7834467619714838,-0.44194212655816012,0.0005194197945738372,trajectory reached the configured collision radius
101,150,0.78948146210809278,0.66283333333333339,fraction,250,0,collision,nan,0,36.621526097019405,0.035728285999999998,0.0010000000000000005,1.000000000000001e-06,1.7834003046938098,-0.44194212657728976,0.00051940351811179239,trajectory reached the configured collision radius
101,151,0.78948864102892258,0.66283333333333339,fraction,250,0,collision,nan,0,36.643920101131229,0.035171374999999998,0.0010000000000000013,1.0000000000000027e-06,1.7833508202831678,-0.44194212659732746,0.00051938646874114989,trajectory reached the configured collision radius
102,133,0.78935942045398599,0.67900000000000005,fraction,250,0,collision,nan,0,36.456498253637072,0.034853926,0.0010000000000000002,1.0000000000000004e-06,1.7837508567495752,-0.44194212644247755,0.00051951821276135038,trajectory reached the configured collision radius
102,134,0.78936659937481579,0.67900000000000005,fraction,250,0,collision,nan,0,36.471802520940372,0.034091040000000003,0.001,9.9999999999999995e-07,1.7837196883076554,-0.44194212645619413,0.00051950654395203086,trajectory reached the configured collision radius
102,135,0.78937377829564559,0.67900000000000005,fraction,250,0,collision,nan,0,36.487545614310164,0.035170710000000001,0.001,9.9999999999999995e-07,1.7836871262630685,-0.44194212647034914,0.00051949450216812838,trajectory reached the configured collision radius
102,136,0.78938095721647539,0.67900000000000005,fraction,250,0,collision,nan,0,36.503752325876043,0.033811148999999999,0.0010000000000000007,1.0000000000000014e-06,1.7836530703982376,-0.44194212648497078,0.00051948206331371477,trajectory reached the configured collision radius
102,137,0.78938813613730519,0.67900000000000005,fraction,250,0,collision,nan,0,36.520449573671229,0.034429245999999997,0.0010000000000000052,1.0000000000000105e-06,1.7836174106269231,-0.44194212650008952,0.00051946920111651954,trajectory reached the configured collision radius
102,138,0.78939531505813509,0.67900000000000005,fraction,250,0,collision,nan,0,36.537666650788339,0.035029012999999998,0.001,9.9999999999999995e-07,1.7835800257615806,-0.44194212651573928,0.00051945588687439591,trajectory reached the configured collision radius
102,139,0.78940249397896489,0.67900000000000005,fraction,250,0,collision,nan,0,36.555435512301784,0.046591032999999997,0.0010000000000000054,1.000000000000011e-06,1.7835407820900739,-0.44194212653195669,0.00051944208916498296,trajectory reached the configured collision radius
102,140,0.78940967289979469,0.67900000000000005,fraction,250,0,collision,nan,0,36.573791106762265,0.061466338000000002,0.0010000000000000009,1.0000000000000019e-06,1.7834995317270754,-0.44194212654878245,0.00051942777351199061,trajectory reached the configured collision radius
102,141,0.78941685182062449,0.67900000000000005,fraction,250,0,collision,nan,0,36.592771760841465,0.034720908000000002,0.001,9.9999999999999995e-07,1.7834561106968692,-0.44194212656626092,0.00051941290200063436,trajectory reached the configured collision radius
102,142,0.78942403074145429,0.67900000000000005,fraction,250,0,collision,nan,0,36.612419627866991,0.035044819999999997,0.001,9.9999999999999995e-07,1.7834103366941596,-0.4419421265844416,0.00051939743283226287,trajectory reached the configured collision radius
102,143,0.78943120966228408,0.67900000000000005,fraction,250,0,collision,nan,0,36.632781213433432,0.035021772999999999,0.001,9.9999999999999995e-07,1.7833620064574385,-0.44194212660337834,0.00051938131980686845,trajectory reached the configured collision radius
102,144,0.78943838858311388,0.67900000000000005,fraction,250,0,collision,nan,0,36.653907994196743,0.034898639000000002,0.0010000000000000011,1.0000000000000023e-06,1.7833108926742065,-0.44194212662313154,0.00051936451171922019,trajectory reached the configured collision radius
102,145,0.78944556750394368,0.67900000000000005,fraction,250,0,collision,nan,0,36.675857150851797,0.039213448999999997,0.0010000000000000022,1.0000000000000044e-06,1.783256740315593,-0.44194212664376747,0.00051934695165086235,trajectory reached the configured collision radius
102,146,0.78945274642477348,0.67900000000000005,fraction,250,0,collision,nan,0,36.698692441292756,0.033989391000000001,0.0010000000000000007,1.0000000000000014e-06,1.7831992622727817,-0.44194212666536103,0.00051932857613624516,trajectory reached the configured collision radius
102,147,0.78945992534560328,0.67900000000000005,fraction,250,0,collision,nan,0,36.722485247511763,0.041716201000000001,0.001,9.9999999999999995e-07,1.7831381341329953,-0.44194212668799543,0.00051930931417563703,trajectory reached the configured collision radius
102,148,0.78946710426643307,0.67900000000000005,fraction,250,0,collision,nan,0,36.747315839397331,0.035723586000000002,0.001,9.9999999999999995e-07,1.7830729878872225,-0.44194212671176414,0.0005192890860602526,trajectory reached the configured collision radius
102,149,0.78947428318726287,0.67900000000000005,fraction,250,0,collision,nan,0,36.773274911544625,0.034794101000000001,0.0010000000000000002,1.0000000000000004e-06,1.7830034043029335,-0.44194212673677297,0.00051926780196614346,trajectory reached the configured collision radius
102,150,0.78948146210809278,0.67900000000000005,fraction,250,0,collision,nan,0,36.800465467659123,0.034369721999999998,0.0010000000000000052,1.0000000000000105e-06,1.7829289036125726,-0.44194212676314071,0.00051924536026057158,trajectory reached the configured collision radius
102,151,0.78948864102892258,0.67900000000000005,fraction,250,0,collision,nan,0,36.829005150410865,0.034334626,0.0010000000000000015,1.0000000000000031e-06,1.7828489340627365,-0.44194212679100309,0.00051922164544949284,trajectory reached the configured collision radius
103,133,0.78935942045398599,0.69516666666666671,fraction,250,0,collision,nan,0,36.598361006095693,0.037911558999999997,0.0010000000000000002,1.0000000000000004e-06,1.783429639824307,-0.44194212658897475,0.00051939357594333181,trajectory reached the configured collision radius
103,134,0.78936659937481579,0.69516666666666671,fraction,250,0,collision,nan,0,36.616647402660114,0.034265521,0.0010000000000000002,1.0000000000000004e-06,1.7833830524615366,-0.44194212660667559,0.00051937851422232057,trajectory reached the configured collision radius
103,135,0.78937377829564559,0.69516666666666671,fraction,250,0,collision,nan,0,36.635552972365623,0.036453843,0.0010000000000000041,1.0000000000000082e-06,1.7833341966215497,-0.44194212662503385,0.00051936289273653551,trajectory reached the configured collision radius
103,136,0.78938095721647539,0.69516666666666671,fraction,250,0,collision,nan,0,36.655119225336044,0.048682767000000002,0.0010000000000000096,1.0000000000000192e-06,1.783282887819075,-0.44194212664409777,0.00051934667058292378,trajectory reached the configured collision radius
103,137,0.78938813613730519,0.69516666666666671,fraction,250,0,collision,nan,0,36.675391933268244,0.035236190000000001,0.0010000000000000059,1.0000000000000118e-06,1.7832289209009571,-0.44194212666391947,0.00051932980266186104,trajectory reached the configured collision radius
103,138,0.78939531505813509,0.69516666666666671,fraction,250,0,collision,nan,0,36.696421732065559,0.03468475,0.0010000000000000005,1.000000000000001e-06,1.7831720670578168,-0.44194212668455846,0.0005193122391150411,trajectory reached the configured collision radius
103,139,0.78940249397896489,0.69516666666666671,fraction,250,0,collision,nan,0,36.718264834744787,0.062377755999999999,0.001,9.9999999999999995e-07,1.7831120702959489,-0.44194212670607891,0.00051929392466877969,trajectory reached the configured collision radius
103,140,0.78940967289979469,0.69516666666666671,fraction,250,0,collision,nan,0,36.74098387993174,0.035008959999999999,0.0010000000000000015,1.0000000000000031e-06,1.7830486432498467,-0.44194212672855271,0.00051927479786354825,trajectory reached the configured collision radius
103,141,0.78941685182062449,0.69516666666666671,fraction,250,0,collision,nan,0,36.764648948213285,0.044387232999999998,0.0010000000000000063,1.0000000000000127e-06,1.7829814621850948,-0.44194212675206129,0.00051925479014526066,trajectory reached the configured collision radius
103,142,0.78942403074145429,0.69516666666666671,fraction,250,0,collision,nan,0,36.789338787442297,0.035777145000000003,0.0010000000000000035,1.0000000000000069e-06,1.7829101610007967,-0.4419421267766937,0.0005192338247886172,trajectory reached the configured collision radius
103,143,0.78943120966228408,0.69516666666666671,fraction,250,0,collision,nan,0,36.81514230127641,0.037114638999999998,0.0010000000000000093,1.0000000000000186e-06,1.7828343239848363,-0.44194212680255157,0.0005192118156140933,trajectory reached the configured collision radius
103,144,0.78943838858311388,0.69516666666666671,fraction,250,0,collision,nan,0,36.842160371438752,0.034442072999999997,0.001,9.9999999999999995e-07,1.7827534770047526,-0.44194212682974882,0.00051918866545053275,trajectory reached the configured collision radius
103,145,0.78944556750394368,0.69516666666666671,fraction,250,0,collision,nan,0,36.870508108152229,0.034672880000000003,0.0010000000000000048,1.0000000000000095e-06,1.7826670767173465,-0.44194212685841411,0.00051916426428139583,trajectory reached the configured collision radius
103,146,0.78945274642477348,0.69516666666666671,fraction,250,0,collision,nan,0,36.900317654888248,0.034199693000000003,0.0010000000000000067,1.0000000000000135e-06,1.7825744972494424,-0.441942126888695,0.00051913848699548554,trajectory reached the configured collision radius
103,147,0.78945992534560328,0.69516666666666671,fraction,250,0,collision,nan,0,36.931741720377047,0.035737625000000002,0.001,9.9999999999999995e-07,1.7824750136154459,-0.44194212692075835,0.0005191111906385561,trajectory reached the configured collision radius
103,148,0.78946710426643307,0.69516666666666671,fraction,250,0,collision,nan,0,36.964958076419009,0.034799716000000001,0.0010000000000000109,1.0000000000000218e-06,1.782367780882524,-0.44194212695479757,0.00051908221103052371,trajectory reached the configured collision radius
103,149,0.78947428318726287,0.69516666666666671,fraction,250,0,collision,nan,0,37.000175356419767,0.034390067000000003,0.0010000000000000089,1.0000000000000177e-06,1.7822518077301126,-0.44194212699103402,0.00051905135856988849,trajectory reached the configured collision radius
103,150,0.78948146210809278,0.69516666666666671,fraction,250,0,collision,nan,0,37.037640634829081,0.034555466,0.001,9.9999999999999995e-07,1.7821259225238668,-0.44194212702972674,0.00051901841298705861,trajectory reached the configured collision radius
103,151,0.78948864102892258,0.69516666666666671,fraction,250,1,collision,2.9262994632522017,2.9262994632522017,37.077649485986733,0.037079975000000001,0.0010000000000000007,1.0000000000000014e-06,1.7819887292613525,-0.4419421270711773,0.00051898311672785458,trajectory reached the configured collision radius
104,133,0.78935942045398599,0.71133333333333337,fraction,250,0,collision,nan,0,36.771553734602783,0.035704646999999999,0.0010000000000000002,1.0000000000000004e-06,1.7829041547035573,-0.44194212678654887,0.0005192254365543852,trajectory reached the configured collision radius
104,134,0.78936659937481579,0.71133333333333337,fraction,250,0,collision,nan,0,36.794532907309261,0.034996045000000003,0.001000000000000005,1.0000000000000101e-06,1.7828333601591424,-0.44194212681020834,0.00051920529814794439,trajectory reached the configured collision radius
104,135,0.78937377829564559,0.71133333333333337,fraction,250,0,collision,nan,0,36.818477309304342,0.03553717,0.0010000000000000002,1.0000000000000004e-06,1.7827585852427246,-0.44194212683492251,0.00051918426151344795,trajectory reached the configured collision radius
104,136,0.78938095721647539,0.71133333333333337,fraction,250,0,collision,nan,0,36.843468057415059,0.039775265999999997,0.0010000000000000005,1.000000000000001e-06,1.7826794495927754,-0.44194212686078055,0.00051916225007388097,trajectory reached the configured collision radius
104,137,0.78938813613730519,0.71133333333333337,fraction,250,0,collision,nan,0,36.869596840778357,0.033831812000000003,0.0010000000000000059,1.0000000000000118e-06,1.7825955219978931,-0.44194212688788348,0.00051913917799520815,trajectory reached the configured collision radius
104,138,0.78939531505813509,0.71133333333333337,fraction,250,0,collision,nan,0,36.896967839429422,0.034415362999999997,0.001,9.9999999999999995e-07,1.7825063114520197,-0.4419421269163441,0.00051911494870968589,trajectory reached the configured collision radius
104,139,0.78940249397896489,0.71133333333333337,fraction,250,0,collision,nan,0,36.925700098397449,0.034688732999999999,0.0010000000000000033,1.0000000000000065e-06,1.782411256214613,-0.44194212694629126,0.00051908945314272411,trajectory reached the configured collision radius
104,140,0.78940967289979469,0.71133333333333337,fraction,250,0,collision,nan,0,36.955930494522143,0.033879432000000001,0.001000000000000002,1.000000000000004e-06,1.7823097103249481,-0.44194212697786911,0.00051906256757028584,trajectory reached the configured collision radius
104,141,0.78941685182062449,0.71133333333333337,fraction,250,0,collision,nan,0,36.987817482072153,0.033271288000000003,0.001,9.9999999999999995e-07,1.7822009268408798,-0.44194212701124352,0.0005190341510142774,trajectory reached the configured collision radius
104,142,0.78942403074145429,0.71133333333333337,fraction,250,0,collision,nan,0,37.021545876829784,0.033435341,0.0010000000000000002,1.0000000000000004e-06,1.7820840368142949,-0.44194212704660346,0.00051900404205530736,trajectory reached the configured collision radius
104,143,0.78943120966228408,0.71133333333333337,fraction,250,1,collision,2.9888605037208005,2.9888605037208005,37.057333043989637,0.034361678999999999,0.0010000000000000002,1.0000000000000004e-06,1.7819580226596916,-0.44194212708416702,0.00051897205490650873,trajectory reached the configured collision radius
104,144,0.78943838858311388,0.71133333333333337,fraction,250,1,collision,3.0861817956636481,3.0861817956636481,37.095437015822291,0.036256048999999999,0.0010000000000000028,1.0000000000000057e-06,1.7818216840544003,-0.4419421271241864,0.00051893797454389547,trajectory reached the configured collision radius
104,145,0.78944556750394368,0.71133333333333337,fraction,250,1,collision,3.1653815339829965,3.1653815339829965,37.136167308680825,0.034705307999999997,0.0010000000000000026,1.0000000000000052e-06,1.7816735937622996,-0.4419421271669548,0.00051890155062673702,trajectory reached the configured collision radius
104,146,0.78945274642477348,0.71133333333333337,fraction,250,1,collision,3.2377638429157467,3.2377638429157467,37.179899594930042,0.034634831999999997,0.001,9.9999999999999995e-07,1.7815120396602124,-0.44194212721281606,0.00051886248985941186,trajectory reached the configured collision radius
104,147,0.78945992534560328,0.71133333333333337,fraction,250,1,collision,3.3072863108731596,3.3072863108731596,37.227096004596063,0.035190020000000002,0.0010000000000000085,1.0000000000000169e-06,1.7813349475783733,-0.44194212726217474,0.00051882044634718016,trajectory reached the configured collision radius
104,148,0.78946710426643307,0.71133333333333337,fraction,250,1,collision,3.3760651214541273,3.3760651214541273,37.278333866819104,0.035293171999999998,0.001,9.9999999999999995e-07,1.7811397770005946,-0.44194212731551336,0.00051877500938541093,trajectory reached the configured collision radius
104,149,0.78947428318726287,0.71133333333333337,fraction,250,1,collision,3.445556587627753,3.445556587627753,37.334347486142505,0.034702449000000003,0.0010000000000000009,1.0000000000000019e-06,1.7809233776646445,-0.44194212737340699,0.0005187256880311899,trajectory reached the configured collision radius
104,150,0.78948146210809278,0.71133333333333337,fraction,250,1,collision,3.5169791185378485,3.5169791185378485,37.396090760697547,0.040871466000000002,0.001000000000000002,1.000000000000004e-06,1.7806817887375406,-0.44194212743654643,0.00051867189184218122,trajectory reached the configured collision radius
104,151,0.78948864102892258,0.71133333333333337,fraction,250,1,collision,3.5915285191455495,3.5915285191455495,37.464834519052019,0.037006325,0.001,9.9999999999999995e-07,1.7804099519673118,-0.44194212750576733,0.00051861290764321092,trajectory reached the configured collision radius
105,133,0.78935942045398599,0.72750000000000004,fraction,250,1,collision,2.8965254697755309,2.8965254697755309,36.995583734798274,0.033641814999999999,0.0010000000000000018,1.0000000000000036e-06,1.7820653416946421,-0.44194212705700614,0.00051899518410202568,trajectory reached the configured collision radius
105,134,0.78936659937481579,0.72750000000000004,fraction,250,1,collision,2.9964740439239339,2.9964740439239339,37.026952139017695,0.033896675000000001,0.001000000000000005,1.0000000000000101e-06,1.7819520285394645,-0.44194212709039854,0.00051896674856103666,trajectory reached the configured collision radius
105,135,0.78937377829564559,0.72750000000000004,fraction,250,1,collision,3.0701028840208027,3.0701028840208027,37.060099316332035,0.037871362999999998,0.0010000000000000117,1.0000000000000235e-06,1.7818308397309346,-0.44194212712565306,0.00051893672532047957,trajectory reached the configured collision radius
105,136,0.78938095721647539,0.72750000000000004,fraction,250,1,collision,3.1349510007155201,3.1349510007155201,37.095231284611522,0.034578907999999998,0.0010000000000000074,1.0000000000000148e-06,1.7817008322817842,-0.44194212716296394,0.00051890494942757014,trajectory reached the configured collision radius
105,137,0.78938813613730519,0.72750000000000004,fraction,250,1,collision,3.1956931985039474,3.1956931985039474,37.132591840803187,0.045393818000000002,0.0010000000000000002,1.0000000000000004e-06,1.7815609012318536,-0.4419421272025526,0.00051887123151147857,trajectory reached the configured collision radius
105,138,0.78939531505813509,0.72750000000000004,fraction,250,1,collision,3.2545019833998294,3.2545019833998294,37.172472397490679,0.034913261000000001,0.0010000000000000002,1.0000000000000004e-06,1.7814097422394417,-0.44194212724467491,0.00051883535308331393,trajectory reached the configured collision radius
105,139,0.78940249397896489,0.72750000000000004,fraction,250,1,collision,3.3126822593342964,3.3126822593342964,37.215225245105209,0.034527954,0.001,9.9999999999999995e-07,1.7812458030595582,-0.44194212728962773,0.00051879706076388393,trajectory reached the configured collision radius
105,140,0.78940967289979469,0.72750000000000004,fraction,250,1,collision,3.3711707872953407,3.3711707872953407,37.261281779425623,0.035512217999999998,0.0010000000000000098,1.0000000000000196e-06,1.7810672198108926,-0.44194212733775778,0.00051875605919651519,trajectory reached the configured collision radius
105,141,0.78941685182062449,0.72750000000000004,fraction,250,1,collision,3.4307447099626662,3.4307447099626662,37.311178106755861,0.034437395000000003,0.0010000000000000054,1.000000000000011e-06,1.7808717321213816,-0.4419421273894702,0.00051871200239244383,trajectory reached the configured collision radius
105,142,0.78942403074145429,0.72750000000000004,fraction,250,1,collision,3.4921326912739041,3.4921326912739041,37.365591928557386,0.036173123000000001,0.0010000000000000002,1.0000000000000004e-06,1.7806565685023932,-0.44194212744524131,0.00051866448332138948,trajectory reached the configured collision radius
105,143,0.78943120966228408,0.72750000000000004,fraction,250,1,collision,3.5560916380002241,3.5560916380002241,37.425397248595189,0.035047744999999998,0.0010000000000000033,1.0000000000000065e-06,1.7804182891406823,-0.44194212750563355,0.00051861302183659516,trajectory reached the configured collision radius
105,144,0.78943838858311388,0.72750000000000004,fraction,250,1,collision,3.6234770044511384,3.6234770044511384,37.491748352994108,0.037927381000000003,0.0010000000000000002,1.0000000000000004e-06,1.7801525669874854,-0.44194212757131002,0.00051855705185738492,trajectory reached the configured collision radius
105,145,0.78944556750394368,0.72750000000000004,fraction,250,1,collision,3.6953259617769945,3.6953259617769945,37.566214135946048,0.034955944000000003,0.001000000000000002,1.000000000000004e-06,1.7798538787638774,-0.44194212764304575,0.00051849591105000952,trajectory reached the configured collision radius
105,146,0.78945274642477348,0.72750000000000004,fraction,250,1,collision,3.77297589993533,3.77297589993533,37.651003983908964,0.034767994000000003,0.001,9.9999999999999995e-07,1.7795150654061296,-0.44194212772172664,0.00051842884265718419,trajectory reached the configured collision radius
105,147,0.78945992534560328,0.72750000000000004,fraction,250,1,collision,3.8582564618156781,3.8582564618156781,37.749372097428086,0.035002121999999997,0.0010000000000000011,1.0000000000000023e-06,1.7791267127356609,-0.44194212780829911,0.00051835503753627473,trajectory reached the configured collision radius
105,148,0.78946710426643307,0.72750000000000004,fraction,250,1,collision,3.9538349567463551,3.9538349567463551,37.866401689402736,0.035201990000000002,0.001,9.9999999999999995e-07,1.7786763348187025,-0.44194212790357373,0.00051827380139007147,trajectory reached the configured collision radius
105,149,0.78947428318726287,0.72750000000000004,fraction,250,1,collision,4.0639087059533905,4.0639087059533905,38.010698652365463,0.034712400999999997,0.0010000000000000002,1.0000000000000004e-06,1.778147611699711,-0.44194212800755239,0.00051818512952141898,trajectory reached the configured collision radius
105,150,0.78948146210809278,0.72750000000000004,fraction,250,1,collision,4.1957966846698902,4.1957966846698902,38.198654195203503,0.035879908000000002,0.001,9.9999999999999995e-07,1.7775215923868937,-0.44194212811699118,0.00051809178422593369,trajectory reached the configured collision radius
105,151,0.78948864102892258,0.72750000000000004,fraction,250,1,collision,4.3644156762956445,4.3644156762956445,38.468085012940463,0.036149484000000003,0.0010000000000000007,1.0000000000000014e-06,1.776793478568701,-0.44194212821477014,0.00051800837039645204,trajectory reached the configured collision radius
106,133,0.78935942045398599,0.7436666666666667,fraction,250,1,collision,3.4498199582956959,3.4498199582956959,37.318022711457466,0.033685314000000001,0.0010000000000000002,1.0000000000000004e-06,1.7806831400365837,-0.44194212744109201,0.0005186680187920505,trajectory reached the configured collision radius
106,134,0.78936659937481579,0.7436666666666667,fraction,250,1,collision,3.5034657493513124,3.5034657493513124,37.368426661677709,0.034507396000000003,0.0010000000000000109,1.0000000000000218e-06,1.7804807659968556,-0.44194212749236977,0.00051862432464136671,trajectory reached the configured collision radius
106,135,0.78937377829564559,0.7436666666666667,fraction,250,1,collision,3.5595610838367064,3.5595610838367064,37.423434646850737,0.033557249999999997,0.0010000000000000011,1.0000000000000023e-06,1.7802590914191383,-0.44194212754739376,0.00051857743411767778,trajectory reached the configured collision radius
106,136,0.78938095721647539,0.7436666666666667,fraction,250,1,collision,3.6187103727723002,3.6187103727723002,37.483946891988467,0.034704831999999998,0.0010000000000000078,1.0000000000000156e-06,1.7800148850564177,-0.44194212760663287,0.00051852694690543574,trajectory reached the configured collision radius
106,137,0.78938813613730519,0.7436666666666667,fraction,250,1,collision,3.681656074830554,3.681656074830554,37.551155776150971,0.033880669000000002,0.0010000000000000048,1.0000000000000095e-06,1.7797441268169143,-0.44194212767061875,0.00051847240846359256,trajectory reached the configured collision radius
106,138,0.78939531505813509,0.7436666666666667,fraction,250,1,collision,3.7493484423213026,3.7493484423213026,37.626687733546461,0.034475219000000001,0.001,9.9999999999999995e-07,1.7794417579231423,-0.44194212773993863,0.00051841331722053544,trajectory reached the configured collision radius
106,139,0.78940249397896489,0.7436666666666667,fraction,250,1,collision,3.8230561174948936,3.8230561174948936,37.712843361252496,0.034268696000000001,0.0010000000000000083,1.0000000000000165e-06,1.7791013483815503,-0.44194212781519615,0.00051834915737292901,trajectory reached the configured collision radius
106,140,0.78940967289979469,0.7436666666666667,fraction,250,1,collision,3.9045542961041608,3.9045542961041608,37.813030587588052,0.033761725999999999,0.0010000000000000002,1.0000000000000004e-06,1.7787146855928244,-0.44194212789689147,0.00051827949972092584,trajectory reached the configured collision radius
106,141,0.78941685182062449,0.7436666666666667,fraction,250,1,collision,3.9964711856163233,3.9964711856163233,37.93261350560168,0.034564958,0.0010000000000000009,1.0000000000000019e-06,1.778271401611428,-0.44194212798508392,0.00051820429146442169,trajectory reached the configured collision radius
106,142,0.78942403074145429,0.7436666666666667,fraction,250,1,collision,4.1029924746439672,4.1029924746439672,38.080771780894025,0.034145162999999999,0.001,9.9999999999999995e-07,1.7777592902133688,-0.44194212807837757,0.00051812472148137444,trajectory reached the configured collision radius
106,143,0.78943120966228408,0.7436666666666667,fraction,250,1,collision,4.2315027842915294,4.2315027842915294,38.275279791425241,0.034206445000000002,0.0010000000000000009,1.0000000000000019e-06,1.77716869141947,-0.44194212817051004,0.00051804612940311949,trajectory reached the configured collision radius
106,144,0.78943838858311388,0.7436666666666667,fraction,250,1,collision,4.3972897536242614,4.3972897536242614,38.558352718736906,0.034704497000000001,0.0010000000000000011,1.0000000000000023e-06,1.7765221677500971,-0.4419421282359226,0.00051799032363147087,trajectory reached the configured collision radius
106,145,0.78944556750394368,0.7436666666666667,fraction,250,1,collision,4.6431505562445743,4.6431505562445743,39.083973560014527,0.036097057000000002,0.0010000000000000024,1.0000000000000048e-06,1.7761551293152888,-0.44194212812972977,0.00051808091764637455,trajectory reached the configured collision radius
106,146,0.78945274642477348,0.7436666666666667,fraction,250,1,outer_limit,5.3918959043400685,5.3918959043400685,9.3466806236481297,0.0090013160000000005,2.2360679774997898,5.0000000000000009,-0.80384411447319759,59.202323387286135,34.334453404435862,trajectory reached the configured outer_limit radius
106,147,0.78945992534560328,0.7436666666666667,fraction,250,0,outer_limit,nan,0,8.2462750724613336,0.0075734579999999999,2.2360679774997898,5.0000000000000009,-0.80406849439304928,59.186832579154753,34.339785621717169,trajectory reached the configured outer_limit radius
106,148,0.78946710426643307,0.7436666666666667,fraction,250,0,outer_limit,nan,0,7.8610928648823917,0.0071229559999999997,2.2360679774997898,5.0000000000000009,-0.80403846694228309,59.187597705913497,34.335481503292257,trajectory reached the configured outer_limit radius
106,149,0.78947428318726287,0.7436666666666667,fraction,250,0,outer_limit,nan,0,7.6211655462205128,0.0072898640000000001,2.2360679774997898,5.0000000000000009,-0.80399079212589353,59.189868297330733,34.33154655607543,trajectory reached the configured outer_limit radius
106,150,0.78948146210809278,0.7436666666666667,fraction,250,0,outer_limit,nan,0,7.4461645451609106,0.006742634,2.2360679774997898,5.0000000000000009,-0.80394427034144045,59.192288473992434,34.328268755586947,trajectory reached the configured outer_limit radius
106,151,0.78948864102892258,0.7436666666666667,fraction,250,0,outer_limit,nan,0,7.3081464097684501,0.0070039250000000003,2.2360679774997898,5.0000000000000009,-0.80390197901400351,59.19458019279908,34.325541021471679,trajectory reached the configured outer_limit radius
107,133,0.78935942045398599,0.75983333333333336,fraction,250,1,collision,3.9814497247084177,3.9814497247084177,37.926890156169065,0.034359325000000003,0.0010000000000000054,1.000000000000011e-06,1.7781183781819414,-0.44194212801522625,0.00051817858439001446,trajectory reached the configured collision radius
107,134,0.78936659937481579,0.75983333333333336,fraction,250,1,collision,4.0753597776678756,4.0753597776678756,38.06024827505626,0.034484301000000002,0.0010000000000000098,1.0000000000000196e-06,1.7776672554796931,-0.44194212809504674,0.000518110503038727,trajectory reached the configured collision radius
107,135,0.78937377829564559,0.75983333333333336,fraction,250,1,collision,4.1864086182859959,4.1864086182859959,38.230039397811339,0.034527048999999997,0.0010000000000000005,1.000000000000001e-06,1.7771585996155679,-0.44194212817283984,0.00051804414237926805,trajectory reached the configured collision radius
107,136,0.78938095721647539,0.75983333333333336,fraction,250,1,collision,4.3244688929865251,4.3244688929865251,38.463515027168974,0.034962760000000002,0.0010000000000000018,1.0000000000000036e-06,1.7766071127812095,-0.4419421282320643,0.0005179936153553176,trajectory reached the configured collision radius
107,137,0.78938813613730519,0.75983333333333336,fraction,250,1,collision,4.5125401750404945,4.5125401750404945,38.838114420755353,0.035044495000000002,0.0010000000000000041,1.0000000000000082e-06,1.7761546230142695,-0.44194212820473733,0.00051801692970276003,trajectory reached the configured collision radius
107,138,0.78939531505813509,0.75983333333333336,fraction,250,1,collision,4.8369751976260416,4.8369751976260416,39.871130836317086,0.037304398000000002,0.0010000000000000022,1.0000000000000044e-06,1.7778334573710368,-0.44194212747964207,0.00051863517016714062,trajectory reached the configured collision radius
107,139,0.78940249397896489,0.75983333333333336,fraction,250,0,outer_limit,nan,0,8.610127954591503,0.0083307160000000002,2.2360679774997902,5.0000000000000027,-0.80403292059193576,59.189997855228853,34.340886631127134,trajectory reached the configured outer_limit radius
107,140,0.78940967289979469,0.75983333333333336,fraction,250,0,outer_limit,nan,0,8.0669490671408912,0.0071670090000000002,2.2360679774997898,5.0000000000000009,-0.80406469491427379,59.186701008087013,34.338614072532252,trajectory reached the configured outer_limit radius
107,141,0.78941685182062449,0.75983333333333336,fraction,250,0,outer_limit,nan,0,7.7761431740916427,0.0072895649999999996,2.2360679774997898,5.0000000000000009,-0.80403176912818453,59.187902113129269,34.33488859561983,trajectory reached the configured outer_limit radius
107,142,0.78942403074145429,0.75983333333333336,fraction,250,0,outer_limit,nan,0,7.5759644660070524,0.0070417689999999998,2.2360679774997898,5.0000000000000009,-0.80399056328418128,59.189888134416094,34.33155219711076,trajectory reached the configured outer_limit radius
107,143,0.78943120966228408,0.75983333333333336,fraction,250,0,outer_limit,nan,0,7.4229308229621047,0.0066991710000000003,2.2360679774997898,5.0000000000000009,-0.80395035550290872,59.191973746157949,34.328702498629518,trajectory reached the configured outer_limit radius
107,144,0.78943838858311388,0.75983333333333336,fraction,250,0,outer_limit,nan,0,7.2988702947670001,0.0071263630000000001,2.2360679774997898,5.0000000000000009,-0.80391318238366061,59.193975931093014,34.326271350446689,trajectory reached the configured outer_limit radius
107,145,0.78944556750394368,0.75983333333333336,fraction,250,0,outer_limit,nan,0,7.1944359499542303,0.0076126479999999996,2.2360679774997898,5.0000000000000009,-0.80387934253947946,59.195843771191207,34.324182552844924,trajectory reached the configured outer_limit radius
107,146,0.78945274642477348,0.75983333333333336,fraction,250,0,outer_limit,nan,0,7.1041799923661095,0.0067264339999999999,2.2360679774997898,5.0000000000000009,-0.80384865243178039,59.197568612362595,34.322373118913283,trajectory reached the configured outer_limit radius
107,147,0.78945992534560328,0.75983333333333336,fraction,250,0,outer_limit,nan,0,7.0246474399588807,0.0063394499999999999,2.2360679774997898,5.0000000000000009,-0.80382080541583301,59.199156316305306,34.320793677559045,trajectory reached the configured outer_limit radius
107,148,0.78946710426643307,0.75983333333333336,fraction,250,0,outer_limit,nan,0,6.9535089246347406,0.0061614670000000003,2.2360679774997898,5.0000000000000009,-0.80379548525958688,59.200617448842692,34.319405744539829,trajectory reached the configured outer_limit radius
107,149,0.78947428318726287,0.75983333333333336,fraction,250,0,outer_limit,nan,0,6.8891192572574198,0.0062159880000000004,2.2360679774997898,5.0000000000000009,-0.80377240171158237,59.201963558427479,34.318179087206573,trajectory reached the configured outer_limit radius
107,150,0.78948146210809278,0.75983333333333336,fraction,250,0,outer_limit,nan,0,6.8302731976502056,0.0069073449999999996,2.2360679774997898,5.0000000000000009,-0.80375129928119693,59.203205749205786,34.317089676198037,trajectory reached the configured outer_limit radius
107,151,0.78948864102892258,0.75983333333333336,fraction,250,0,outer_limit,nan,0,6.7760613282545963,0.006921661,2.2360679774997898,5.0000000000000009,-0.80373195666347752,59.204354176204895,34.316118174294836,trajectory reached the configured outer_limit radius
108,133,0.78935942045398599,0.77600000000000002,fraction,250,0,outer_limit,nan,0,7.8521653188322711,0.008450628,2.2360679774997898,5.0000000000000009,-0.80404993932026314,59.187148508798444,34.336695294344693,trajectory reached the configured outer_limit radius
108,134,0.78936659937481579,0.77600000000000002,fraction,250,0,outer_limit,nan,0,7.6462643416508316,0.0069748099999999997,2.2360679774997898,5.0000000000000009,-0.80401681749390219,59.188606338435548,34.333632872743529,trajectory reached the configured outer_limit radius
108,135,0.78937377829564559,0.77600000000000002,fraction,250,0,outer_limit,nan,0,7.4899714692886219,0.0066564079999999999,2.2360679774997898,5.0000000000000009,-0.80398156563966694,59.190355793990278,34.330917038000734,trajectory reached the configured outer_limit radius
108,136,0.78938095721647539,0.77600000000000002,fraction,250,0,outer_limit,nan,0,7.3638201681880879,0.0070292840000000002,2.2360679774997898,5.0000000000000009,-0.80394760857927805,59.192130329799667,34.328546515404355,trajectory reached the configured outer_limit radius
108,137,0.78938813613730519,0.77600000000000002,fraction,250,0,outer_limit,nan,0,7.2579411929583095,0.0066045000000000001,2.2360679774997898,5.0000000000000009,-0.80391590061372931,59.193839131882228,34.326475469292895,trajectory reached the configured outer_limit radius
108,138,0.78939531505813509,0.77600000000000002,fraction,250,0,outer_limit,nan,0,7.1666355852994137,0.0071048630000000003,2.2360679774997898,5.0000000000000009,-0.80388661690962659,59.195451500799948,34.324656915954272,trajectory reached the configured outer_limit radius
108,139,0.78940249397896489,0.77600000000000002,fraction,250,0,outer_limit,nan,0,7.0863126193369066,0.0063824490000000001,2.2360679774997898,5.0000000000000009,-0.80385966661783859,59.196959911486381,34.323050766434989,trajectory reached the configured outer_limit radius
108,140,0.78940967289979469,0.77600000000000002,fraction,250,0,outer_limit,nan,0,7.0145631409103437,0.0063025650000000004,2.2360679774997898,5.0000000000000009,-0.8038348722848383,59.198366243699418,34.321624291674041,trajectory reached the configured outer_limit radius
108,141,0.78941685182062449,0.77600000000000002,fraction,250,0,outer_limit,nan,0,6.9496919977100591,0.0061616559999999997,2.2360679774997898,5.0000000000000009,-0.80381203743894325,59.199676125393239,34.320351006475292,trajectory reached the configured outer_limit radius
108,142,0.78942403074145429,0.77600000000000002,fraction,250,0,outer_limit,nan,0,6.8904610700919715,0.0071605790000000002,2.2360679774997898,5.0000000000000009,-0.80379097243239328,59.200896468598529,34.319209414194823,trajectory reached the configured outer_limit radius
108,143,0.78943120966228408,0.77600000000000002,fraction,250,0,outer_limit,nan,0,6.8359384215354684,0.006634816,2.2360679774997898,5.0000000000000009,-0.80377150361761618,59.202034368542435,34.318181939721413,trajectory reached the configured outer_limit radius
108,144,0.78943838858311388,0.77600000000000002,fraction,250,0,outer_limit,nan,0,6.7854049699284715,0.0061906720000000004,2.2360679774997898,5.0000000000000009,-0.8037534756529594,59.203096618780457,34.317254088647353,trajectory reached the configured outer_limit radius
108,145,0.78944556750394368,0.77600000000000002,fraction,250,0,outer_limit,nan,0,6.7382942139534432,0.0060853620000000004,2.2360679774997898,5.0000000000000009,-0.8037367510007204,59.20408951488978,34.316413800159332,trajectory reached the configured outer_limit radius
108,146,0.78945274642477348,0.77600000000000002,fraction,250,0,outer_limit,nan,0,6.6941518907081097,0.005946219,2.2360679774997898,5.0000000000000009,-0.80372120836693584,59.20501879543913,34.315650951375623,trajectory reached the configured outer_limit radius
108,147,0.78945992534560328,0.77600000000000002,fraction,250,0,outer_limit,nan,0,6.6526081433334614,0.0061361519999999998,2.2360679774997898,5.0000000000000009,-0.80370674084554417,59.20588964764007,34.314956976413796,trajectory reached the configured outer_limit radius
108,148,0.78946710426643307,0.77600000000000002,fraction,250,0,outer_limit,nan,0,6.613357814358455,0.0068053100000000002,2.2360679774997898,5.0000000000000009,-0.80369325409336978,59.206706741939485,34.314324571645137,trajectory reached the configured outer_limit radius
108,149,0.78947428318726287,0.77600000000000002,fraction,250,0,outer_limit,nan,0,6.5761461745984171,0.0061020700000000002,2.2360679774997898,5.0000000000000009,-0.80368066466465327,59.207474277770949,34.313747465727303,trajectory reached the configured outer_limit radius
108,150,0.78948146210809278,0.77600000000000002,fraction,250,0,outer_limit,nan,0,6.5407583815897006,0.0058931130000000002,2.2360679774997898,5.0000000000000009,-0.80366889854403245,59.208196031684736,34.31322023857858,trajectory reached the configured outer_limit radius
108,151,0.78948864102892258,0.77600000000000002,fraction,250,0,outer_limit,nan,0,6.5070115561558382,0.0058806290000000001,2.2360679774997902,5.0000000000000027,-0.8036578898775838,59.208875403641585,34.312738177619664,trajectory reached the configured outer_limit radius
109,133,0.78935942045398599,0.79216666666666669,fraction,250,0,outer_limit,nan,0,6.9930323591700043,0.0071989619999999997,2.2360679774997898,5.0000000000000009,-0.80384679548617355,59.197704905820359,34.322351236600696,trajectory reached the configured outer_limit radius
109,134,0.78936659937481579,0.79216666666666669,fraction,250,0,outer_limit,nan,0,6.9348225157738881,0.0072787040000000004,2.2360679774997898,5.0000000000000009,-0.8038265537498317,59.198860049492879,34.321206039489894,trajectory reached the configured outer_limit radius
109,135,0.78937377829564559,0.79216666666666669,fraction,250,0,outer_limit,nan,0,6.8811731630652879,0.0061234540000000004,2.2360679774997898,5.0000000000000009,-0.80380766893586741,59.199947686855815,34.320164954511988,trajectory reached the configured outer_limit radius
109,136,0.78938095721647539,0.79216666666666669,fraction,250,0,outer_limit,nan,0,6.8313977022874983,0.0060537339999999999,2.2360679774997898,5.0000000000000009,-0.80379002959552925,59.20097202292078,34.31921574232728,trajectory reached the configured outer_limit radius
109,137,0.78938813613730519,0.79216666666666669,fraction,250,0,outer_limit,nan,0,6.7849533152957235,0.0066679180000000001,2.2360679774997898,5.0000000000000009,-0.80377353266174456,59.201937298913258,34.318348053604154,trajectory reached the configured outer_limit radius
109,138,0.78939531505813509,0.79216666666666669,fraction,250,0,outer_limit,nan,0,6.7414034152893896,0.0060062290000000001,2.2360679774997898,5.0000000000000009,-0.80375808425149398,59.202847604109976,34.31755308296875,trajectory reached the configured outer_limit radius
109,139,0.78940249397896489,0.79216666666666669,fraction,250,0,outer_limit,nan,0,6.7003916073519791,0.0069150080000000003,2.2360679774997898,5.0000000000000009,-0.80374359950233254,59.203706787589297,34.316823291374867,trajectory reached the configured outer_limit radius
109,140,0.78940967289979469,0.79216666666666669,fraction,250,0,outer_limit,nan,0,6.6616231685389957,0.0062396709999999996,2.2360679774997898,5.0000000000000009,-0.80373000197870603,59.204518423643066,34.316152184143981,trajectory reached the configured outer_limit radius
109,141,0.78941685182062449,0.79216666666666669,fraction,250,0,outer_limit,nan,0,6.6248515839545998,0.0059601080000000004,2.2360679774997898,5.0000000000000009,-0.80371722291587944,59.205285805890725,34.315534133249542,trajectory reached the configured outer_limit radius
109,142,0.78942403074145429,0.79216666666666669,fraction,250,0,outer_limit,nan,0,6.5898685672137978,0.0067738850000000003,2.2360679774997902,5.0000000000000027,-0.80370520043387694,59.206011956380323,34.314964234413424,trajectory reached the configured outer_limit radius
109,143,0.78943120966228408,0.79216666666666669,fraction,250,0,outer_limit,nan,0,6.5564965365902905,0.0067383800000000004,2.2360679774997898,5.0000000000000009,-0.80369387878506182,59.20669964203136,34.314438191586312,trajectory reached the configured outer_limit radius
109,144,0.78943838858311388,0.79216666666666669,fraction,250,0,outer_limit,nan,0,6.5245828556751384,0.0058558070000000002,2.2360679774997898,5.0000000000000009,-0.80368320766296586,59.207351394162316,34.313952222994658,trajectory reached the configured outer_limit radius
109,145,0.78944556750394368,0.79216666666666669,fraction,250,0,outer_limit,nan,0,6.4939953637055261,0.0061951030000000004,2.2360679774997898,5.0000000000000009,-0.80367314158144298,59.207969528754738,34.313502984242866,trajectory reached the configured outer_limit radius
109,146,0.78945274642477348,0.79216666666666669,fraction,250,0,outer_limit,nan,0,6.4646188645503777,0.0064394329999999996,2.2360679774997898,5.0000000000000009,-0.80366363932438001,59.208556166174553,34.313087504995941,trajectory reached the configured outer_limit radius
109,147,0.78945992534560328,0.79216666666666669,fraction,250,0,outer_limit,nan,0,6.4363523368215514,0.0060493209999999999,2.2360679774997898,5.0000000000000009,-0.80365466346118952,59.209113249727253,34.312703136508681,trajectory reached the configured outer_limit radius
109,148,0.78946710426643307,0.79216666666666669,fraction,250,0,outer_limit,nan,0,6.4091066951198128,0.0062599750000000001,2.2360679774997898,5.0000000000000009,-0.80364617992215592,59.209642562741834,34.312347507898366,trajectory reached the configured outer_limit radius
109,149,0.78947428318726287,0.79216666666666669,fraction,250,0,outer_limit,nan,0,6.3828029763023402,0.0072500289999999998,2.2360679774997898,5.0000000000000009,-0.80363815762675339,59.210145744113625,34.312018489492857,trajectory reached the configured outer_limit radius
109,150,0.78948146210809278,0.79216666666666669,fraction,250,0,outer_limit,nan,0,6.3573708576661483,0.0058424519999999997,2.2360679774997898,5.0000000000000009,-0.80363056815851452,59.210624302325755,34.31171416194266,trajectory reached the configured outer_limit radius
109,151,0.78948864102892258,0.79216666666666669,fraction,250,0,outer_limit,nan,0,6.3327474365312639,0.0057008170000000004,2.2360679774997911,5.0000000000000062,-0.80362338548040868,59.211079628042867,34.311432790058142,trajectory reached the configured outer_limit radius
110,133,0.78935942045398599,0.80833333333333335,fraction,250,0,outer_limit,nan,0,6.6686810537543479,0.0067880409999999999,2.2360679774997898,5.0000000000000009,-0.80375494664153901,59.203062166790318,34.317473032013837,trajectory reached the configured outer_limit radius
110,134,0.78936659937481579,0.80833333333333335,fraction,250,0,outer_limit,nan,0,6.6342602685921488,0.006027241,2.2360679774997898,5.0000000000000009,-0.80374290780698987,59.20377831838627,34.316872104502181,trajectory reached the configured outer_limit radius
110,135,0.78937377829564559,0.80833333333333335,fraction,250,0,outer_limit,nan,0,6.601405159422006,0.0068194329999999997,2.2360679774997898,5.0000000000000009,-0.80373149781742681,59.204460746047587,34.316312706117742,trajectory reached the configured outer_limit radius
110,136,0.78938095721647539,0.80833333333333335,fraction,250,0,outer_limit,nan,0,6.5699694425605015,0.0065910099999999996,2.2360679774997898,5.0000000000000009,-0.80372067589969043,59.205111397861195,34.315791486515536,trajectory reached the configured outer_limit radius
110,137,0.78938813613730519,0.80833333333333335,fraction,250,0,outer_limit,nan,0,6.5398262088238432,0.006264833,2.2360679774997898,5.0000000000000009,-0.80371040470005561,59.205732088988412,34.315305460197216,trajectory reached the configured outer_limit radius
110,138,0.78939531505813509,0.80833333333333335,fraction,250,0,outer_limit,nan,0,6.5108646417551634,0.0063928969999999998,2.2360679774997898,5.0000000000000009,-0.80370064997603019,59.206324507580604,34.31485195693665,trajectory reached the configured outer_limit radius
110,139,0.78940249397896489,0.80833333333333335,fraction,250,0,outer_limit,nan,0,6.4829874026729213,0.0062835800000000004,2.2360679774997898,5.0000000000000009,-0.80369138030601928,59.206890222179368,34.314428580106707,trajectory reached the configured outer_limit radius
110,140,0.78940967289979469,0.80833333333333335,fraction,250,0,outer_limit,nan,0,6.456108525678725,0.0058458649999999996,2.2360679774997898,5.0000000000000009,-0.80368256682115335,59.207430689756634,34.314033171499915,trajectory reached the configured outer_limit radius
110,141,0.78941685182062449,0.80833333333333335,fraction,250,0,outer_limit,nan,0,6.430151708486445,0.0057174369999999997,2.2360679774997898,5.0000000000000009,-0.8036741829609958,59.207947263845689,34.313663781502434,trajectory reached the configured outer_limit radius
110,142,0.78942403074145429,0.80833333333333335,fraction,250,0,outer_limit,nan,0,6.4050489125847108,0.0056263229999999999,2.2360679774997898,5.0000000000000009,-0.80366620425259438,59.20844120246948,34.313318643700242,trajectory reached the configured outer_limit radius
110,143,0.78943120966228408,0.80833333333333335,fraction,250,0,outer_limit,nan,0,6.3807392078008816,0.0063593729999999998,2.2360679774997898,5.0000000000000009,-0.80365860811165424,59.208913675689388,34.312996153162636,trajectory reached the configured outer_limit radius
110,144,0.78943838858311388,0.80833333333333335,fraction,250,0,outer_limit,nan,0,6.3571678120859882,0.0058671890000000001,2.2360679774997907,5.0000000000000044,-0.80365137366423522,59.209365772675213,34.312694847799776,trajectory reached the configured outer_limit radius
110,145,0.78944556750394368,0.80833333333333335,fraction,250,0,outer_limit,nan,0,6.3342852879936427,0.0054738629999999998,2.2360679774997898,5.0000000000000009,-0.80364448158703583,59.209798508266843,34.31241339229009,trajectory reached the configured outer_limit radius
110,146,0.78945274642477348,0.80833333333333335,fraction,250,0,outer_limit,nan,0,6.3120468663386378,0.0061527220000000002,2.2360679774997898,5.0000000000000009,-0.80363791396448647,59.210212829020314,34.312150564179859,trajectory reached the configured outer_limit radius
110,147,0.78945992534560328,0.80833333333333335,fraction,250,0,outer_limit,nan,0,6.2904118732673231,0.0063063529999999998,2.2360679774997898,5.0000000000000009,-0.80363165416079585,59.210609618751832,34.311905241800197,trajectory reached the configured outer_limit radius
110,148,0.78946710426643307,0.80833333333333335,fraction,250,0,outer_limit,nan,0,6.2693432427786471,0.0068865059999999997,2.2360679774997898,5.0000000000000009,-0.80362568670543744,59.21098970360768,34.311676393748598,trajectory reached the configured outer_limit radius
110,149,0.78947428318726287,0.80833333333333335,fraction,250,0,outer_limit,nan,0,6.2488070995105378,0.005502013,2.2360679774997898,5.0000000000000009,-0.80361999719051647,59.211353856688,34.311463069681835,trajectory reached the configured outer_limit radius
110,150,0.78948146210809278,0.80833333333333335,fraction,250,0,outer_limit,nan,0,6.2287724000849689,0.0055654069999999996,2.2360679774997898,5.0000000000000009,-0.8036145721786897,59.211702802262842,34.31126439224343,trajectory reached the configured outer_limit radius
110,151,0.78948864102892258,0.80833333333333335,fraction,250,0,outer_limit,nan,0,6.2092106234228925,0.0055928749999999998,2.2360679774997898,5.0000000000000009,-0.80360939912046669,59.212037219611474,34.311079549957334,trajectory reached the configured outer_limit radius
111,133,0.78935942045398599,0.82450000000000001,fraction,250,0,outer_limit,nan,0,6.4791595313660633,0.0064819480000000004,2.2360679774997898,5.0000000000000009,-0.80371458776091276,59.205521047374965,34.315617884083025,trajectory reached the configured outer_limit radius
111,134,0.78936659937481579,0.82450000000000001,fraction,250,0,outer_limit,nan,0,6.4542223440789472,0.0058670900000000002,2.2360679774997898,5.0000000000000009,-0.80370627699572816,59.206026185404653,34.315232633052084,trajectory reached the configured outer_limit radius
111,135,0.78937377829564559,0.82450000000000001,fraction,250,0,outer_limit,nan,0,6.4300735115838608,0.0055860190000000002,2.2360679774997898,5.0000000000000009,-0.80369832183356449,59.206511801774305,34.314869621339476,trajectory reached the configured outer_limit radius
111,136,0.78938095721647539,0.82450000000000001,fraction,250,0,outer_limit,nan,0,6.4066588585227802,0.0067835589999999998,2.2360679774997898,5.0000000000000009,-0.80369070447915369,59.206978786890033,34.314527497383281,trajectory reached the configured outer_limit radius
111,137,0.78938813613730519,0.82450000000000001,fraction,250,0,outer_limit,nan,0,6.383929479226043,0.0055942400000000003,2.2360679774997898,5.0000000000000009,-0.80368340833366736,59.207427978795394,34.314205021172803,trajectory reached the configured outer_limit radius
111,138,0.78939531505813509,0.82450000000000001,fraction,250,0,outer_limit,nan,0,6.3618410731463886,0.0055387509999999997,2.2360679774997898,5.0000000000000009,-0.8036764178997492,59.207860166315413,34.313901052608564,trajectory reached the configured outer_limit radius
111,139,0.78940249397896489,0.82450000000000001,fraction,250,0,outer_limit,nan,0,6.3403533814987458,0.006750242,2.2360679774997898,5.0000000000000009,-0.80366971869392845,59.208276092152296,34.313614541304382,trajectory reached the configured outer_limit radius
111,140,0.78940967289979469,0.82450000000000001,fraction,250,0,outer_limit,nan,0,6.3194297076588635,0.0055360699999999997,2.2360679774997898,5.0000000000000009,-0.8036632971662927,59.208676455871888,34.313344517639749,trajectory reached the configured outer_limit radius
111,141,0.78941685182062449,0.82450000000000001,fraction,250,0,outer_limit,nan,0,6.2990365064404532,0.0064751799999999997,2.2360679774997898,5.0000000000000009,-0.80365714062692217,59.209061916751324,34.313090084877814,trajectory reached the configured outer_limit radius
111,142,0.78942403074145429,0.82450000000000001,fraction,250,0,outer_limit,nan,0,6.2791430309897756,0.0054599339999999996,2.2360679774997898,5.0000000000000009,-0.80365123717867992,59.209433096469752,34.312850412206927,trajectory reached the configured outer_limit radius
111,143,0.78943120966228408,0.82450000000000001,fraction,250,0,outer_limit,nan,0,6.2597210276683732,0.0058534190000000003,2.2360679774997898,5.0000000000000009,-0.80364557565583383,59.209790581636696,34.312624728583152,trajectory reached the configured outer_limit radius
111,144,0.78943838858311388,0.82450000000000001,fraction,250,0,outer_limit,nan,0,6.2407444713606006,0.0066039660000000002,2.2360679774997898,5.0000000000000009,-0.80364014556801255,59.210134926156826,34.312412317261199,trajectory reached the configured outer_limit radius
111,145,0.78944556750394368,0.82450000000000001,fraction,250,0,outer_limit,nan,0,6.2221893349391681,0.0055058570000000003,2.2360679774997898,5.0000000000000009,-0.80363493704908406,59.210466653431652,34.312212510930607,trajectory reached the configured outer_limit radius
111,146,0.78945274642477348,0.82450000000000001,fraction,250,0,outer_limit,nan,0,6.2040333878077583,0.0064947329999999999,2.2360679774997902,5.0000000000000027,-0.80362994081047712,59.210786258408028,34.312024687377246,trajectory reached the configured outer_limit radius
111,147,0.78945992534560328,0.82450000000000001,fraction,250,0,outer_limit,nan,0,6.1862560191812133,0.0061385650000000003,2.2360679774997898,5.0000000000000009,-0.8036251480985741,59.211094209477046,34.311848265605747,trajectory reached the configured outer_limit radius
111,148,0.78946710426643307,0.82450000000000001,fraction,250,0,outer_limit,nan,0,6.1688380823387181,0.0064917500000000001,2.2360679774997898,5.0000000000000009,-0.80362055065571281,59.211390950239064,34.311682702361345,trajectory reached the configured outer_limit radius
111,149,0.78947428318726287,0.82450000000000001,fraction,250,0,outer_limit,nan,0,6.151761757344862,0.0053725609999999997,2.2360679774997898,5.0000000000000009,-0.80361614068459042,59.211676901132819,34.311527489009727,trajectory reached the configured outer_limit radius
111,150,0.78948146210809278,0.82450000000000001,fraction,250,0,outer_limit,nan,0,6.1350104293751224,0.0061416070000000003,2.2360679774997911,5.0000000000000062,-0.80361191081565508,59.211952460948609,34.31138214873048,trajectory reached the configured outer_limit radius
111,151,0.78948864102892258,0.82450000000000001,fraction,250,0,outer_limit,nan,0,6.1185685804888621,0.005511714,2.2360679774997898,5.0000000000000009,-0.8036078540771997,59.212218008227225,34.311246233979837,trajectory reached the configured outer_limit radius
112,133,0.78935942045398599,0.84066666666666667,fraction,250,0,outer_limit,nan,0,6.356140824254787,0.0062766310000000004,2.2360679774997898,5.0000000000000009,-0.80370110632469638,59.206396516259773,34.315146686159366,trajectory reached the configured outer_limit radius
112,134,0.78936659937481579,0.84066666666666667,fraction,250,0,outer_limit,nan,0,6.3360707533082739,0.0074926810000000002,2.2360679774997898,5.0000000000000009,-0.80369469140283567,59.206790810321976,34.314861371608878,trajectory reached the configured outer_limit radius
112,135,0.78937377829564559,0.84066666666666667,fraction,250,0,outer_limit,nan,0,6.3164875577712509,0.0054987940000000004,2.2360679774997898,5.0000000000000009,-0.80368850941422032,59.207172224762189,34.314590369997632,trajectory reached the configured outer_limit radius
112,136,0.78938095721647539,0.84066666666666667,fraction,250,0,outer_limit,nan,0,6.2973641124116231,0.0055856380000000004,2.2360679774997898,5.0000000000000009,-0.80368255100517771,59.207541232542987,34.314332984535689,trajectory reached the configured outer_limit radius
112,137,0.78938813613730519,0.84066666666666667,fraction,250,0,outer_limit,nan,0,6.2786754054559717,0.0054288110000000004,2.2360679774997898,5.0000000000000009,-0.80367680733247293,59.207898283829003,34.314088564763253,trajectory reached the configured outer_limit radius
112,138,0.78939531505813509,0.84066666666666667,fraction,250,0,outer_limit,nan,0,6.2603983225641127,0.0055526810000000003,2.2360679774997902,5.0000000000000027,-0.80367127002984218,59.208243807160258,34.313856502627118,trajectory reached the configured outer_limit radius
112,139,0.78940249397896489,0.84066666666666667,fraction,250,0,outer_limit,nan,0,6.2425114578542793,0.0054771380000000003,2.2360679774997898,5.0000000000000009,-0.80366593117684182,59.208578210591106,34.31363622895973,trajectory reached the configured outer_limit radius
112,140,0.78940967289979469,0.84066666666666667,fraction,250,0,outer_limit,nan,0,6.2249949477593614,0.0065318420000000004,2.2360679774997898,5.0000000000000009,-0.80366078326981072,59.208901882794258,34.31342721031038,trajectory reached the configured outer_limit radius
112,141,0.78941685182062449,0.84066666666666667,fraction,250,0,outer_limit,nan,0,6.2078303246094446,0.0056782439999999998,2.2360679774997898,5.0000000000000009,-0.80365581919489804,59.209215194116403,34.313228946088095,trajectory reached the configured outer_limit radius
112,142,0.78942403074145429,0.84066666666666667,fraction,250,0,outer_limit,nan,0,6.1910003871159018,0.0068107360000000004,2.2360679774997902,5.0000000000000027,-0.80365103220298806,59.209518497586728,34.313040965976967,trajectory reached the configured outer_limit radius
112,143,0.78943120966228408,0.84066666666666667,fraction,250,0,outer_limit,nan,0,6.1744890854755825,0.0059859580000000004,2.2360679774997898,5.0000000000000009,-0.80364641588642272,59.209812129874393,34.312862827599076,trajectory reached the configured outer_limit radius
112,144,0.78943838858311388,0.84066666666666667,fraction,250,0,outer_limit,nan,0,6.1582814192444193,0.0059122599999999999,2.2360679774997898,5.0000000000000009,-0.80364196415742661,59.210096412195547,34.312694114397218,trajectory reached the configured outer_limit radius
112,145,0.78944556750394368,0.84066666666666667,fraction,250,0,outer_limit,nan,0,6.1423633462470395,0.0065692559999999999,2.2360679774997898,5.0000000000000009,-0.80363767122806151,59.210371651169361,34.31253443371024,trajectory reached the configured outer_limit radius
112,146,0.78945274642477348,0.84066666666666667,fraction,250,0,outer_limit,nan,0,6.126721700997809,0.0063188289999999998,2.2360679774997898,5.0000000000000009,-0.80363353159161888,59.210638139627093,34.312383415020754,trajectory reached the configured outer_limit radius
112,147,0.78945992534560328,0.84066666666666667,fraction,250,0,outer_limit,nan,0,6.1113441217897106,0.0057197560000000003,2.2360679774997898,5.0000000000000009,-0.80362954000537989,59.210896157371053,34.312240708361102,trajectory reached the configured outer_limit radius
112,148,0.78946710426643307,0.84066666666666667,fraction,250,0,outer_limit,nan,0,6.0962189849314328,0.0065905119999999998,2.2360679774997898,5.0000000000000009,-0.80362569147455787,59.211145971892378,34.312105982857183,trajectory reached the configured outer_limit radius
112,149,0.78947428318726287,0.84066666666666667,fraction,250,0,outer_limit,nan,0,6.0813353458013903,0.005356207,2.2360679774997898,5.0000000000000009,-0.80362198123743933,59.211387839042047,34.31197892539997,trajectory reached the configured outer_limit radius
112,150,0.78948146210809278,0.84066666666666667,fraction,250,0,outer_limit,nan,0,6.0666828854705654,0.0053791689999999996,2.2360679774997898,5.0000000000000009,-0.80361840475154456,59.211622003662825,34.311859239426262,trajectory reached the configured outer_limit radius
112,151,0.78948864102892258,0.84066666666666667,fraction,250,0,outer_limit,nan,0,6.0522518623990171,0.0056592370000000001,2.2360679774997898,5.0000000000000009,-0.80361495768073565,59.211848700183523,34.311746643801392,trajectory reached the configured outer_limit radius
113,133,0.78935942045398599,0.85683333333333334,fraction,250,0,outer_limit,nan,0,6.2761844944620169,0.0061101389999999997,2.2360679774997898,5.0000000000000009,-0.8037047502689243,59.206238624790522,34.31549001461714,trajectory reached the configured outer_limit radius
113,134,0.78936659937481579,0.85683333333333334,fraction,250,0,outer_limit,nan,0,6.2588283267621563,0.0067259590000000001,2.2360679774997902,5.0000000000000027,-0.80369930939672918,59.20657400082213,34.315250627227158,trajectory reached the configured outer_limit radius
113,135,0.78937377829564559,0.85683333333333334,fraction,250,0,outer_limit,nan,0,6.2418203675873576,0.0061930199999999996,2.2360679774997898,5.0000000000000009,-0.80369403942185569,59.206899950801343,34.315021805219331,trajectory reached the configured outer_limit radius
113,136,0.78938095721647539,0.85683333333333334,fraction,250,0,outer_limit,nan,0,6.2251437437310999,0.0056147480000000001,2.2360679774997898,5.0000000000000009,-0.80368893464461633,59.207216760483732,34.314803117264816,trajectory reached the configured outer_limit radius
113,137,0.78938813613730519,0.85683333333333334,fraction,250,0,outer_limit,nan,0,6.2087827059752918,0.0061371009999999998,2.2360679774997898,5.0000000000000009,-0.80368398962404675,59.207524704349069,34.314594156288535,trajectory reached the configured outer_limit radius
113,138,0.78939531505813509,0.85683333333333334,fraction,250,0,outer_limit,nan,0,6.1927225296617001,0.0056866440000000002,2.2360679774997898,5.0000000000000009,-0.80367919916397923,59.207824046049836,34.314394537726962,trajectory reached the configured outer_limit radius
113,139,0.78940249397896489,0.85683333333333334,fraction,250,0,outer_limit,nan,0,6.1769494265958835,0.0056270649999999997,2.2360679774997898,5.0000000000000009,-0.80367455829999823,59.208115038847225,34.314203897940921,trajectory reached the configured outer_limit radius
113,140,0.78940967289979469,0.85683333333333334,fraction,250,0,outer_limit,nan,0,6.1614504655594278,0.0055680929999999997,2.2360679774997898,5.0000000000000009,-0.80367006228689442,59.208397926056868,34.314021892760465,trajectory reached the configured outer_limit radius
113,141,0.78941685182062449,0.85683333333333334,fraction,250,0,outer_limit,nan,0,6.1462135015757937,0.0066791230000000004,2.2360679774997898,5.0000000000000009,-0.80366570658698955,59.2086729414711,34.313848196152932,trajectory reached the configured outer_limit radius
113,142,0.78942403074145429,0.85683333333333334,fraction,250,0,outer_limit,nan,0,6.1312271118982107,0.006290243,2.2360679774997902,5.0000000000000027,-0.80366148685898509,59.208940309781362,34.313682499000997,trajectory reached the configured outer_limit radius
113,143,0.78943120966228408,0.85683333333333334,fraction,250,0,outer_limit,nan,0,6.1164805386441277,0.0063244520000000004,2.2360679774997898,5.0000000000000009,-0.8036573989475374,59.209200246979364,34.313524507981001,trajectory reached the configured outer_limit radius
113,144,0.78943838858311388,0.85683333333333334,fraction,250,0,outer_limit,nan,0,6.1019636367972616,0.0059462229999999996,2.2360679774997898,5.0000000000000009,-0.80365343887338947,59.209452960748727,34.313373944529303,trajectory reached the configured outer_limit radius
113,145,0.78944556750394368,0.85683333333333334,fraction,250,0,outer_limit,nan,0,6.0876668271855863,0.005359651,2.2360679774997898,5.0000000000000009,-0.80364960282408626,59.209698650840636,34.313230543893745,trajectory reached the configured outer_limit radius
113,146,0.78945274642477348,0.85683333333333334,fraction,250,0,outer_limit,nan,0,6.0735810539782236,0.0053974210000000003,2.2360679774997898,5.0000000000000009,-0.80364588714527341,59.209937509430773,34.313094054255863,trajectory reached the configured outer_limit radius
113,147,0.78945992534560328,0.85683333333333334,fraction,250,0,outer_limit,nan,0,6.0596977459936596,0.0059929720000000001,2.2360679774997898,5.0000000000000009,-0.80364228833247597,59.210169721464688,34.312964235924795,trajectory reached the configured outer_limit radius
113,148,0.78946710426643307,0.85683333333333334,fraction,250,0,outer_limit,nan,0,6.0460087813300998,0.0053756680000000001,2.2360679774997898,5.0000000000000009,-0.80363880302334623,59.210395464988039,34.312840860588793,trajectory reached the configured outer_limit radius
113,149,0.78947428318726287,0.85683333333333334,fraction,250,0,outer_limit,nan,0,6.0325064554920047,0.0053741140000000001,2.2360679774997898,5.0000000000000009,-0.8036354279904403,59.210614911455835,34.312723710624091,trajectory reached the configured outer_limit radius
113,150,0.78948146210809278,0.85683333333333334,fraction,250,0,outer_limit,nan,0,6.0191834519102994,0.0053782989999999996,2.2360679774997898,5.0000000000000009,-0.80363216013434435,59.210828226035161,34.312612578456843,trajectory reached the configured outer_limit radius
113,151,0.78948864102892258,0.85683333333333334,fraction,250,0,outer_limit,nan,0,6.0060328151979423,0.0068119039999999997,2.2360679774997898,5.0000000000000009,-0.80362899647725616,59.211035567886853,34.312507265969096,trajectory reached the configured outer_limit radius
114,133,0.78935942045398599,0.873,fraction,250,0,outer_limit,nan,0,6.2301018557547945,0.0063573609999999997,2.2360679774997898,5.0000000000000009,-0.80372158453870823,59.20527988000471,34.316447205095997,trajectory reached the configured outer_limit radius
114,134,0.78936659937481579,0.873,fraction,250,0,outer_limit,nan,0,6.2141680495660498,0.0055727140000000003,2.2360679774997898,5.0000000000000009,-0.80371656270115333,59.205587925221515,34.316222113601832,trajectory reached the configured outer_limit radius
114,135,0.78937377829564559,0.873,fraction,250,0,outer_limit,nan,0,6.19851830277796,0.0054678000000000001,2.2360679774997907,5.0000000000000044,-0.80371167890575135,59.205888439107817,34.316005783795845,trajectory reached the configured outer_limit radius
114,136,0.78938095721647539,0.873,fraction,250,0,outer_limit,nan,0,6.1831399190428833,0.0055634739999999997,2.2360679774997898,5.0000000000000009,-0.80370692921903686,59.206181613470918,34.315797903132832,trajectory reached the configured outer_limit radius
114,137,0.78938813613730519,0.873,fraction,250,0,outer_limit,nan,0,6.1680209700176913,0.0065637860000000003,2.2360679774997898,5.0000000000000009,-0.80370230985801527,59.206467634072851,34.31559817458399,trajectory reached the configured outer_limit radius
114,138,0.78939531505813509,0.873,fraction,250,0,outer_limit,nan,0,6.1531502333645367,0.0054947959999999997,2.2360679774997898,5.0000000000000009,-0.80369781718386146,59.206746680762926,34.315406315656723,trajectory reached the configured outer_limit radius
114,139,0.78940249397896489,0.873,fraction,250,0,outer_limit,nan,0,6.138517136863217,0.0054982599999999996,2.2360679774997898,5.0000000000000009,-0.80369344769579254,59.20701892762478,34.315222057488675,trajectory reached the configured outer_limit radius
114,140,0.78940967289979469,0.873,fraction,250,0,outer_limit,nan,0,6.1241117078985159,0.0065138549999999998,2.2360679774997902,5.0000000000000027,-0.80368919802510852,59.207284543133937,34.315045144008813,trajectory reached the configured outer_limit radius
114,141,0.78941685182062449,0.873,fraction,250,0,outer_limit,nan,0,6.1099245277652656,0.0053520429999999999,2.2360679774997898,5.0000000000000009,-0.80368506492945979,59.20754369032143,34.314875331161815,trajectory reached the configured outer_limit radius
114,142,0.78942403074145429,0.873,fraction,250,0,outer_limit,nan,0,6.0959466901796642,0.0056856110000000001,2.2360679774997898,5.0000000000000009,-0.80368104528730766,59.207796526942182,34.31471238618753,trajectory reached the configured outer_limit radius
114,143,0.78943120966228408,0.873,fraction,250,0,outer_limit,nan,0,6.0821697636021641,0.0053531910000000002,2.2360679774997898,5.0000000000000009,-0.80367713609261304,59.208043205644579,34.314556086953985,trajectory reached the configured outer_limit radius
114,144,0.78943838858311388,0.873,fraction,250,0,outer_limit,nan,0,6.0685857569134987,0.0060133519999999996,2.2360679774997898,5.0000000000000009,-0.80367333444975164,59.208283874140292,34.314406221336512,trajectory reached the configured outer_limit radius
114,145,0.78944556750394368,0.873,fraction,250,0,outer_limit,nan,0,6.0551870881503325,0.0063596709999999999,2.2360679774997898,5.0000000000000009,-0.80366963756864285,59.208518675373561,34.314262586643061,trajectory reached the configured outer_limit radius
114,146,0.78945274642477348,0.873,fraction,250,0,outer_limit,nan,0,6.0419665558724942,0.0052450709999999996,2.2360679774997898,5.0000000000000009,-0.80366604276009745,59.208747747687198,34.314124989077676,trajectory reached the configured outer_limit radius
114,147,0.78945992534560328,0.873,fraction,250,0,outer_limit,nan,0,6.0289173130447651,0.0052491869999999998,2.2360679774997898,5.0000000000000009,-0.80366254743137844,59.208971224986229,34.313993243240589,trajectory reached the configured outer_limit radius
114,148,0.78946710426643307,0.873,fraction,250,0,outer_limit,nan,0,6.0160328430465393,0.0058973769999999997,2.2360679774997898,5.0000000000000009,-0.80365914908197456,59.209189236897387,34.313867171665422,trajectory reached the configured outer_limit radius
114,149,0.78947428318726287,0.873,fraction,250,0,outer_limit,nan,0,6.0033069376270509,0.0052955939999999998,2.2360679774997898,5.0000000000000009,-0.80365584529955258,59.209401908925614,34.313746604383951,trajectory reached the configured outer_limit radius
114,150,0.78948146210809278,0.873,fraction,250,0,outer_limit,nan,0,5.9907336767152133,0.0063285620000000002,2.2360679774997898,5.0000000000000009,-0.80365263375613172,59.209609362604411,34.313631378522643,trajectory reached the configured outer_limit radius
114,151,0.78948864102892258,0.873,fraction,250,0,outer_limit,nan,0,5.9783074097774866,0.0053892009999999997,2.2360679774997898,5.0000000000000009,-0.80364951220442016,59.209811715642715,34.31352133792393,trajectory reached the configured outer_limit radius
115,133,0.78935942045398599,0.88916666666666666,fraction,250,0,outer_limit,nan,0,6.2159291064177564,0.0062254939999999998,2.2360679774997898,5.0000000000000009,-0.8037507337573544,59.203583441338822,34.318005148020575,trajectory reached the configured outer_limit radius
115,134,0.78936659937481579,0.88916666666666666,fraction,250,0,outer_limit,nan,0,6.2004147087553205,0.0061238739999999996,2.2360679774997902,5.0000000000000027,-0.80374572767941332,59.203886783359735,34.317770475819195,trajectory reached the configured outer_limit radius
115,135,0.78937377829564559,0.88916666666666666,fraction,250,0,outer_limit,nan,0,6.1851665709853574,0.0063377729999999997,2.2360679774997898,5.0000000000000009,-0.80374084326375594,59.20418362622636,34.317543907456816,trajectory reached the configured outer_limit radius
115,136,0.78938095721647539,0.88916666666666666,fraction,250,0,outer_limit,nan,0,6.1701730846596687,0.0056994309999999996,2.2360679774997898,5.0000000000000009,-0.80373607749409648,59.2044741083593,34.317325179400974,trajectory reached the configured outer_limit radius
115,137,0.78938813613730519,0.88916666666666666,fraction,250,0,outer_limit,nan,0,6.155423322177298,0.0061876780000000003,2.2360679774997898,5.0000000000000009,-0.80373142744835602,59.204758365231378,34.317114040138563,trajectory reached the configured outer_limit radius
115,138,0.78939531505813509,0.88916666666666666,fraction,250,0,outer_limit,nan,0,6.1409069834050571,0.0064248170000000002,2.2360679774997898,5.0000000000000009,-0.80372689029647559,59.205036529287767,34.31691024948848,trajectory reached the configured outer_limit radius
115,139,0.78940249397896489,0.88916666666666666,fraction,250,0,outer_limit,nan,0,6.1266143473274601,0.0052365340000000002,2.2360679774997898,5.0000000000000009,-0.80372246329804564,59.205308729895691,34.316713577956492,trajectory reached the configured outer_limit radius
115,140,0.78940967289979469,0.88916666666666666,fraction,250,0,outer_limit,nan,0,6.1125362282627815,0.0052738400000000001,2.2360679774997898,5.0000000000000009,-0.803718143799804,59.205575093321244,34.316523806137553,trajectory reached the configured outer_limit radius
115,141,0.78941685182062449,0.88916666666666666,fraction,250,0,outer_limit,nan,0,6.0986639360648311,0.0059005539999999997,2.2360679774997898,5.0000000000000009,-0.80371392923304885,59.205835742726975,34.316340724154756,trajectory reached the configured outer_limit radius
115,142,0.78942403074145429,0.88916666666666666,fraction,250,0,outer_limit,nan,0,6.0849892399889791,0.0052298659999999997,2.2360679774997898,5.0000000000000009,-0.80370981711102751,59.206090798183268,34.316164131134393,trajectory reached the configured outer_limit radius
115,143,0.78943120966228408,0.88916666666666666,fraction,250,0,outer_limit,nan,0,6.07150433574279,0.0059402099999999996,2.2360679774997898,5.0000000000000009,-0.80370580502630518,59.206340376696055,34.315993834718206,trajectory reached the configured outer_limit radius
115,144,0.78943838858311388,0.88916666666666666,fraction,250,0,outer_limit,nan,0,6.0582018153870525,0.0063893980000000001,2.2360679774997898,5.0000000000000009,-0.80370189064813147,59.206584592244262,34.315829650605622,trajectory reached the configured outer_limit radius
115,145,0.78944556750394368,0.88916666666666666,fraction,250,0,outer_limit,nan,0,6.0450746398912356,0.005431572,2.2360679774997898,5.0000000000000009,-0.80369807171985752,59.206823555825238,34.315671402124707,trajectory reached the configured outer_limit radius
115,146,0.78945274642477348,0.88916666666666666,fraction,250,0,outer_limit,nan,0,6.0321161139524611,0.0057955000000000003,2.2360679774997898,5.0000000000000009,-0.80369434605638035,59.207057375506871,34.315518919831433,trajectory reached the configured outer_limit radius
115,147,0.78945992534560328,0.88916666666666666,fraction,250,0,outer_limit,nan,0,6.0193198628202422,0.0054304840000000002,2.2360679774997898,5.0000000000000009,-0.80369071154161231,59.207286156488649,34.315372041134779,trajectory reached the configured outer_limit radius
115,148,0.78946710426643307,0.88916666666666666,fraction,250,0,outer_limit,nan,0,6.0066798111906863,0.0052914889999999999,2.2360679774997898,5.0000000000000009,-0.80368716612606439,59.207510001160323,34.315230609943463,trajectory reached the configured outer_limit radius
115,149,0.78947428318726287,0.88916666666666666,fraction,250,0,outer_limit,nan,0,5.9941901636390034,0.0052309840000000002,2.2360679774997898,5.0000000000000009,-0.80368370782444698,59.207729009169164,34.315094476337535,trajectory reached the configured outer_limit radius
115,150,0.78948146210809278,0.88916666666666666,fraction,250,0,outer_limit,nan,0,5.9818453866938031,0.0052086759999999998,2.2360679774997898,5.0000000000000009,-0.80368033471337463,59.207943277484851,34.314963496256546,trajectory reached the configured outer_limit radius
115,151,0.78948864102892258,0.88916666666666666,fraction,250,0,outer_limit,nan,0,5.9696401921992139,0.0061772559999999999,2.2360679774997898,5.0000000000000009,-0.80367704492910408,59.208152900469898,34.314837531209868,trajectory reached the configured outer_limit radius
116,133,0.78935942045398599,0.90533333333333332,fraction,250,0,outer_limit,nan,0,6.2380277967654649,0.0064826399999999996,2.2360679774997898,5.0000000000000009,-0.80379363872215959,59.201088942486869,34.320305584506052,trajectory reached the configured outer_limit radius
116,134,0.78936659937481579,0.90533333333333332,fraction,250,0,outer_limit,nan,0,6.221861446592003,0.0059711039999999996,2.2360679774997898,5.0000000000000009,-0.80378828814466829,59.201406729534277,34.320037064750181,trajectory reached the configured outer_limit radius
116,135,0.78937377829564559,0.90533333333333332,fraction,250,0,outer_limit,nan,0,6.2059892029924351,0.0067369400000000003,2.2360679774997898,5.0000000000000009,-0.80378305355779345,59.20171855594328,34.31977692003175,trajectory reached the configured outer_limit radius
116,136,0.78938095721647539,0.90533333333333332,fraction,250,0,outer_limit,nan,0,6.1903977406668513,0.0054171469999999998,2.2360679774997898,5.0000000000000009,-0.80377793251073626,59.202024517659439,34.319524890734705,trajectory reached the configured outer_limit radius
116,137,0.78938813613730519,0.90533333333333332,fraction,250,0,outer_limit,nan,0,6.1750745538618919,0.005350095,2.2360679774997902,5.0000000000000027,-0.80377292259813804,59.202324711167776,34.319280728435878,trajectory reached the configured outer_limit radius
116,138,0.78939531505813509,0.90533333333333332,fraction,250,0,outer_limit,nan,0,6.160007889159397,0.0063973930000000004,2.2360679774997898,5.0000000000000009,-0.80376802146291437,59.202619233061014,34.319044195324075,trajectory reached the configured outer_limit radius
116,139,0.78940249397896489,0.90533333333333332,fraction,250,0,outer_limit,nan,0,6.1451866850225079,0.0060141229999999997,2.2360679774997898,5.0000000000000009,-0.80376322679828849,59.202908179684897,34.318815063657858,trajectory reached the configured outer_limit radius
116,140,0.78940967289979469,0.90533333333333332,fraction,250,0,outer_limit,nan,0,6.1306005173324687,0.0053330590000000002,2.2360679774997898,5.0000000000000009,-0.80375853634921357,59.203191646838633,34.318593115245207,trajectory reached the configured outer_limit radius
116,141,0.78941685182062449,0.90533333333333332,fraction,250,0,outer_limit,nan,0,6.1162395500166218,0.0053039350000000001,2.2360679774997898,5.0000000000000009,-0.80375394791322585,59.203469729531776,34.318378140958345,trajectory reached the configured outer_limit radius
116,142,0.78942403074145429,0.90533333333333332,fraction,250,0,outer_limit,nan,0,6.102094490432437,0.0062359249999999998,2.2360679774997898,5.0000000000000009,-0.80374945934088093,59.203742521781543,34.318169940267907,trajectory reached the configured outer_limit radius
116,143,0.78943120966228408,0.90533333333333332,fraction,250,0,outer_limit,nan,0,6.0881565489316323,0.0054758869999999996,2.2360679774997898,5.0000000000000009,-0.80374506853586225,59.204010116448032,34.317968320813229,trajectory reached the configured outer_limit radius
116,144,0.78943838858311388,0.90533333333333332,fraction,250,0,outer_limit,nan,0,6.0744174019269011,0.0061481560000000001,2.2360679774997898,5.0000000000000009,-0.8037407734547406,59.204272605101188,34.317773097985253,trajectory reached the configured outer_limit radius
116,145,0.78944556750394368,0.90533333333333332,fraction,250,0,outer_limit,nan,0,6.060869158340787,0.0053345429999999998,2.2360679774997898,5.0000000000000009,-0.80373657210653959,59.204530077915777,34.3175840945445,trajectory reached the configured outer_limit radius
116,146,0.78945274642477348,0.90533333333333332,fraction,250,0,outer_limit,nan,0,6.0475043291232078,0.0059375360000000002,2.2360679774997898,5.0000000000000009,-0.80373246255213826,59.204782623583867,34.317401140252485,trajectory reached the configured outer_limit radius
116,147,0.78945992534560328,0.90533333333333332,fraction,250,0,outer_limit,nan,0,6.0343157991050118,0.0060486639999999996,2.2360679774997898,5.0000000000000009,-0.80372844290344869,59.205030329254242,34.317224071528798,trajectory reached the configured outer_limit radius
116,148,0.78946710426643307,0.90533333333333332,fraction,250,0,outer_limit,nan,0,6.0212968014779458,0.0052339999999999999,2.2360679774997898,5.0000000000000009,-0.80372451132254563,59.205273280480647,34.317052731124548,trajectory reached the configured outer_limit radius
116,149,0.78947428318726287,0.90533333333333332,fraction,250,0,outer_limit,nan,0,6.0084408943132521,0.0052553110000000004,2.2360679774997898,5.0000000000000009,-0.80372066602068215,59.205511561188857,34.316886967818952,trajectory reached the configured outer_limit radius
116,150,0.78948146210809278,0.90533333333333332,fraction,250,0,outer_limit,nan,0,5.9957419389387763,0.0058314359999999997,2.2360679774997898,5.0000000000000009,-0.80371690525721584,59.205745253652857,34.316726636125949,trajectory reached the configured outer_limit radius
116,151,0.78948864102892258,0.90533333333333332,fraction,250,0,outer_limit,nan,0,5.9831940801997545,0.0052797449999999998,2.2360679774997898,5.0000000000000009,-0.80371322733853423,59.205974438481327,34.316571596026613,trajectory reached the configured outer_limit radius
117,133,0.78935942045398599,0.92149999999999999,fraction,250,0,outer_limit,nan,0,6.3108817663220762,0.006377583,2.2360679774997898,5.0000000000000009,-0.80385428248900404,59.197616024800141,34.323703156492847,trajectory reached the configured outer_limit radius
117,134,0.78936659937481579,0.92149999999999999,fraction,250,0,outer_limit,nan,0,6.2923992991694542,0.0059346980000000004,2.2360679774997902,5.0000000000000027,-0.80384820757858466,59.1979657944349,34.323367905288862,trajectory reached the configured outer_limit radius
117,135,0.78937377829564559,0.92149999999999999,fraction,250,0,outer_limit,nan,0,6.2743199358728132,0.0055001549999999996,2.2360679774997898,5.0000000000000009,-0.8038422484436758,59.198310117172724,34.323042397485999,trajectory reached the configured outer_limit radius
117,136,0.78938095721647539,0.92149999999999999,fraction,250,0,outer_limit,nan,0,6.2566229314652242,0.0059728289999999998,2.2360679774997898,5.0000000000000009,-0.80383640355473651,59.19864900391552,34.322726336325715,trajectory reached the configured outer_limit radius
117,137,0.78938813613730519,0.92149999999999999,fraction,250,0,outer_limit,nan,0,6.2392890211237706,0.0067862369999999997,2.2360679774997898,5.0000000000000009,-0.80383067129741226,59.198982476320467,34.322419436514281,trajectory reached the configured outer_limit radius
117,138,0.78939531505813509,0.92149999999999999,fraction,250,0,outer_limit,nan,0,6.2223002809616874,0.0054461350000000004,2.2360679774997902,5.0000000000000027,-0.80382504999356785,59.199310565039738,34.32212142387101,trajectory reached the configured outer_limit radius
117,139,0.78940249397896489,0.92149999999999999,fraction,250,0,outer_limit,nan,0,6.2056400049492328,0.0066334300000000001,2.2360679774997898,5.0000000000000009,-0.80381953791881144,59.19963330822241,34.321832034954895,trajectory reached the configured outer_limit radius
117,140,0.78940967289979469,0.92149999999999999,fraction,250,0,outer_limit,nan,0,6.1892925953130824,0.0055552370000000002,2.2360679774997898,5.0000000000000009,-0.80381413331702711,59.19995075024196,34.321551016668323,trajectory reached the configured outer_limit radius
117,141,0.78941685182062449,0.92149999999999999,fraction,250,0,outer_limit,nan,0,6.1732434652039991,0.0053840570000000003,2.2360679774997898,5.0000000000000009,-0.80380883441251283,59.200262940609328,34.321278125861653,trajectory reached the configured outer_limit radius
117,142,0.78942403074145429,0.92149999999999999,fraction,250,0,outer_limit,nan,0,6.1574789515703392,0.0054286430000000004,2.2360679774997898,5.0000000000000009,-0.80380363942000388,59.200569933048861,34.321013128932321,trajectory reached the configured outer_limit radius
117,143,0.78943120966228408,0.92149999999999999,fraction,250,0,outer_limit,nan,0,6.1419862373715306,0.0054456000000000001,2.2360679774997898,5.0000000000000009,-0.80379854655305039,59.200871784703338,34.320755801429264,trajectory reached the configured outer_limit radius
117,144,0.78943838858311388,0.92149999999999999,fraction,250,0,outer_limit,nan,0,6.1267532816906511,0.006046877,2.2360679774997898,5.0000000000000009,-0.80379355403092323,59.20116855545794,34.320505927668215,trajectory reached the configured outer_limit radius
117,145,0.78944556750394368,0.92149999999999999,fraction,250,0,outer_limit,nan,0,6.1117687568249028,0.0060403729999999999,2.2360679774997898,5.0000000000000009,-0.80378866008427274,59.201460307361877,34.320263300349602,trajectory reached the configured outer_limit radius
117,146,0.78945274642477348,0.92149999999999999,fraction,250,0,outer_limit,nan,0,6.0970219917543584,0.0062950159999999996,2.2360679774997898,5.0000000000000009,-0.80378386295984594,59.20174710413005,34.320027720196201,trajectory reached the configured outer_limit radius
117,147,0.78945992534560328,0.92149999999999999,fraction,250,0,outer_limit,nan,0,6.0825029209443802,0.0054530940000000003,2.2360679774997898,5.0000000000000009,-0.80377916092428137,59.202029010718825,34.319798995597154,trajectory reached the configured outer_limit radius
117,148,0.78946710426643307,0.92149999999999999,fraction,250,0,outer_limit,nan,0,6.0682020379731414,0.0057025130000000002,2.2360679774997898,5.0000000000000009,-0.80377455226717809,59.202306092963909,34.319576942267247,trajectory reached the configured outer_limit radius
117,149,0.78947428318726287,0.92149999999999999,fraction,250,0,outer_limit,nan,0,6.0541103536222574,0.0057211559999999998,2.2360679774997898,5.0000000000000009,-0.80377003530359548,59.202578417268036,34.319361382921258,trajectory reached the configured outer_limit radius
117,150,0.78948146210809278,0.92149999999999999,fraction,250,0,outer_limit,nan,0,6.0402193576938146,0.0064848060000000001,2.2360679774997898,5.0000000000000009,-0.80376560837600719,59.202846050334678,34.319152146960541,trajectory reached the configured outer_limit radius
117,151,0.78948864102892258,0.92149999999999999,fraction,250,0,outer_limit,nan,0,6.0265209843002276,0.0056520590000000001,2.2360679774997907,5.0000000000000044,-0.80376126985582519,59.203109058941976,34.318949070174696,trajectory reached the configured outer_limit radius
118,133,0.78935942045398599,0.93766666666666665,fraction,250,0,outer_limit,nan,0,6.4758095704342402,0.006946074,2.2360679774997898,5.0000000000000009,-0.8039395615014906,59.192907121522751,34.328962334152735,trajectory reached the configured outer_limit radius
118,134,0.78936659937481579,0.93766666666666665,fraction,250,0,outer_limit,nan,0,6.4510384384830477,0.0059696990000000002,2.2360679774997898,5.0000000000000009,-0.80393246092081028,59.193292521693394,34.328506035425612,trajectory reached the configured outer_limit radius
118,135,0.78937377829564559,0.93766666666666665,fraction,250,0,outer_limit,nan,0,6.427044208584789,0.0055701609999999997,2.2360679774997898,5.0000000000000009,-0.80392544991290693,59.193675517848341,34.328062251848536,trajectory reached the configured outer_limit radius
118,136,0.78938095721647539,0.93766666666666665,fraction,250,0,outer_limit,nan,0,6.4037738291453152,0.0060494750000000003,2.2360679774997898,5.0000000000000009,-0.80391853315892969,59.194055635188626,34.327630677747166,trajectory reached the configured outer_limit radius
118,137,0.78938813613730519,0.93766666666666665,fraction,250,0,outer_limit,nan,0,6.3811793753784372,0.0055454989999999997,2.2360679774997898,5.0000000000000009,-0.80391171426221064,59.194432480575529,34.327211001749582,trajectory reached the configured outer_limit radius
118,138,0.78939531505813509,0.93766666666666665,fraction,250,0,outer_limit,nan,0,6.3592174063774749,0.0070483739999999996,2.2360679774997898,5.0000000000000009,-0.80390499593572406,59.194805729401651,34.326802910731359,trajectory reached the configured outer_limit radius
118,139,0.78940249397896489,0.93766666666666665,fraction,250,0,outer_limit,nan,0,6.3378484203750309,0.0066376209999999998,2.2360679774997898,5.0000000000000009,-0.80389838015553838,59.195175114753482,34.326406092798372,trajectory reached the configured outer_limit radius
118,140,0.78940967289979469,0.93766666666666665,fraction,250,0,outer_limit,nan,0,6.317036389650001,0.006665944,2.2360679774997898,5.0000000000000009,-0.80389186828677484,59.195540418433687,34.326020239507557,trajectory reached the configured outer_limit radius
118,141,0.78941685182062449,0.93766666666666665,fraction,250,0,outer_limit,nan,0,6.2967483625609439,0.005513268,2.2360679774997898,5.0000000000000009,-0.80388546118765158,59.195901463479679,34.325645047521093,trajectory reached the configured outer_limit radius
118,142,0.78942403074145429,0.93766666666666665,fraction,250,0,outer_limit,nan,0,6.2769541206737136,0.005521626,2.2360679774997898,5.0000000000000009,-0.80387915929556641,59.196258107912257,34.325280219807148,trajectory reached the configured outer_limit radius
118,143,0.78943120966228408,0.93766666666666665,fraction,250,0,outer_limit,nan,0,6.2576258822930839,0.0055269789999999996,2.2360679774997902,5.0000000000000027,-0.80387296269865394,59.196610239486937,34.32492546649312,trajectory reached the configured outer_limit radius
118,144,0.78943838858311388,0.93766666666666665,fraction,250,0,outer_limit,nan,0,6.2387380453048751,0.0071845540000000001,2.2360679774997898,5.0000000000000009,-0.80386687119545663,59.196957771272402,34.324580505454456,trajectory reached the configured outer_limit radius
118,145,0.78944556750394368,0.93766666666666665,fraction,250,0,outer_limit,nan,0,6.2202669627363623,0.0054234210000000003,2.2360679774997898,5.0000000000000009,-0.80386088434476977,59.197300637914708,34.324245062690828,trajectory reached the configured outer_limit radius
118,146,0.78945274642477348,0.93766666666666665,fraction,250,0,outer_limit,nan,0,6.202190746561179,0.0059354739999999996,2.2360679774997898,5.0000000000000009,-0.80385500150742673,59.197638792470343,34.323918872543281,trajectory reached the configured outer_limit radius
118,147,0.78945992534560328,0.93766666666666665,fraction,250,0,outer_limit,nan,0,6.1844890956221432,0.0062648180000000001,2.2360679774997898,5.0000000000000009,-0.80384922188143948,59.197972203710918,34.323601677789654,trajectory reached the configured outer_limit radius
118,148,0.78946710426643307,0.93766666666666665,fraction,250,0,outer_limit,nan,0,6.1671431437156246,0.0054061869999999998,2.2360679774997898,5.0000000000000009,-0.80384354453149398,59.198300853829757,34.32329322963907,trajectory reached the configured outer_limit radius
118,149,0.78947428318726287,0.93766666666666665,fraction,250,0,outer_limit,nan,0,6.1501353257000462,0.0073027049999999996,2.2360679774997898,5.0000000000000009,-0.80383796841390442,59.19862473647725,34.32299328765972,trajectory reached the configured outer_limit radius
118,150,0.78948146210809278,0.93766666666666665,fraction,250,0,outer_limit,nan,0,6.1334492585742817,0.0064525449999999996,2.2360679774997898,5.0000000000000009,-0.80383249239760568,59.198943855082355,34.322701619648925,trajectory reached the configured outer_limit radius
118,151,0.78948864102892258,0.93766666666666665,fraction,250,0,outer_limit,nan,0,6.1170696360380283,0.0054856460000000003,2.2360679774997898,5.0000000000000009,-0.80382711528197182,59.199258221407725,34.322418001464399,trajectory reached the configured outer_limit radius
119,133,0.78935942045398599,0.95383333333333331,fraction,250,0,outer_limit,nan,0,6.9042436046355267,0.006863297,2.2360679774997898,5.0000000000000009,-0.80404405165090165,59.187891350569444,34.337478467170698,trajectory reached the configured outer_limit radius
119,134,0.78936659937481579,0.95383333333333331,fraction,250,0,outer_limit,nan,0,6.8537337348856227,0.0068914570000000001,2.2360679774997898,5.0000000000000009,-0.80403902749764211,59.188062882494485,34.336877753421881,trajectory reached the configured outer_limit radius
119,135,0.78937377829564559,0.95383333333333331,fraction,250,0,outer_limit,nan,0,6.8066577865751992,0.0060267360000000004,2.2360679774997898,5.0000000000000009,-0.80403336539550552,59.188283265915302,34.336275083082512,trajectory reached the configured outer_limit radius
119,136,0.78938095721647539,0.95383333333333331,fraction,250,0,outer_limit,nan,0,6.7625595910821987,0.0060215240000000003,2.2360679774997898,5.0000000000000009,-0.80402722175470331,59.18854204032025,34.335675104261696,trajectory reached the configured outer_limit radius
119,137,0.78938813613730519,0.95383333333333331,fraction,250,0,outer_limit,nan,0,6.7210678510313899,0.0062592860000000002,2.2360679774997902,5.0000000000000027,-0.80402071703261957,59.188831046919816,34.335081114307542,trajectory reached the configured outer_limit radius
119,138,0.78939531505813509,0.95383333333333331,fraction,250,0,outer_limit,nan,0,6.681876302771582,0.005877335,2.2360679774997898,5.0000000000000009,-0.80401394504503587,59.18914384703676,34.334495449413332,trajectory reached the configured outer_limit radius
119,139,0.78940249397896489,0.95383333333333331,fraction,250,0,outer_limit,nan,0,6.644729355518491,0.0064698480000000003,2.2360679774997898,5.0000000000000009,-0.80400697955732525,59.189475307544356,34.333919752591271,trajectory reached the configured outer_limit radius
119,140,0.78940967289979469,0.95383333333333331,fraction,250,0,outer_limit,nan,0,6.6094114879641177,0.0057403180000000003,2.2360679774997898,5.0000000000000009,-0.80399987903811498,59.189821299847807,34.33335516137889,trajectory reached the configured outer_limit radius
119,141,0.78941685182062449,0.95383333333333331,fraction,250,0,outer_limit,nan,0,6.5757392809363342,0.0063392320000000002,2.2360679774997898,5.0000000000000009,-0.80399269014473851,59.190178477699902,34.332802441426125,trajectory reached the configured outer_limit radius
119,142,0.78942403074145429,0.95383333333333331,fraction,250,0,outer_limit,nan,0,6.5435553364011838,0.005720869,2.2360679774997898,5.0000000000000009,-0.80398545031658475,59.190544110789588,34.332262082888676,trajectory reached the configured outer_limit radius
119,143,0.78943120966228408,0.95383333333333331,fraction,250,0,outer_limit,nan,0,6.5127235716336536,0.0070326039999999996,2.2360679774997898,5.0000000000000009,-0.80397818973034918,59.190915958451164,34.331734370838063,trajectory reached the configured outer_limit radius
119,144,0.78943838858311388,0.95383333333333331,fraction,250,0,outer_limit,nan,0,6.4831255311117877,0.0060543380000000003,2.2360679774997898,5.0000000000000009,-0.80397093279170428,59.191292172680861,34.331219437236506,trajectory reached the configured outer_limit radius
119,145,0.78944556750394368,0.95383333333333331,fraction,250,0,outer_limit,nan,0,6.4546574629301574,0.0056511540000000002,2.2360679774997907,5.0000000000000044,-0.8039636992855711,59.191671222859043,34.330717299663597,trajectory reached the configured outer_limit radius
119,146,0.78945274642477348,0.95383333333333331,fraction,250,0,outer_limit,nan,0,6.4272279772884966,0.0055743160000000002,2.2360679774997898,5.0000000000000009,-0.80395650527183293,59.192051836737654,34.330227890397602,trajectory reached the configured outer_limit radius
119,147,0.78945992534560328,0.95383333333333331,fraction,250,0,outer_limit,nan,0,6.4007561528937433,0.0065152500000000002,2.2360679774997898,5.0000000000000009,-0.80394936378894488,59.192432953777349,34.329751078408044,trajectory reached the configured outer_limit radius
119,148,0.78946710426643307,0.95383333333333331,fraction,250,0,outer_limit,nan,0,6.3751699929623102,0.0057790139999999999,2.2360679774997898,5.0000000000000009,-0.80394228541129575,59.192813687928847,34.329286686086341,trajectory reached the configured outer_limit radius
119,149,0.78947428318726287,0.95383333333333331,fraction,250,0,outer_limit,nan,0,6.3504051552664933,0.0057624089999999996,2.2360679774997902,5.0000000000000027,-0.80393527869381587,59.193193297739668,34.328834502024378,trajectory reached the configured outer_limit radius
119,150,0.78948146210809278,0.95383333333333331,fraction,250,0,outer_limit,nan,0,6.3264039004105843,0.0057324539999999997,2.2360679774997898,5.0000000000000009,-0.80392835052919642,59.193571162166798,34.328394290818991,trajectory reached the configured outer_limit radius
119,151,0.78948864102892258,0.95383333333333331,fraction,250,0,outer_limit,nan,0,6.3031142147501988,0.0060921170000000002,2.2360679774997898,5.0000000000000009,-0.80392150643666949,59.193946760883051,34.327965800610372,trajectory reached the configured outer_limit radius
120,133,0.78935942045398599,0.96999999999999997,fraction,250,1,collision,3.3517142627502374,3.3517142627502374,37.83422955231012,0.033944983999999997,0.001,9.9999999999999995e-07,1.7760929070678868,-0.44194212811087497,0.00051809700160143635,trajectory reached the configured collision radius
120,134,0.78936659937481579,0.96999999999999997,fraction,250,1,collision,3.391112816179719,3.391112816179719,37.948832145867577,0.033160625999999999,0.001,9.9999999999999995e-07,1.7762296707662391,-0.44194212803649563,0.00051816044399257105,trajectory reached the configured collision radius
120,135,0.78937377829564559,0.96999999999999997,fraction,250,1,collision,3.4352644642354382,3.4352644642354382,38.089370080658078,0.033612898000000002,0.001000000000000002,1.000000000000004e-06,1.7764652103428225,-0.44194212793221965,0.00051824937392948777,trajectory reached the configured collision radius
120,136,0.78938095721647539,0.96999999999999997,fraction,250,1,collision,3.4855718549380978,3.4855718549380978,38.270831638276825,0.035038494000000003,0.0010000000000000074,1.0000000000000148e-06,1.7768723780501112,-0.44194212777958064,0.00051837952209416057,trajectory reached the configured collision radius
120,137,0.78938813613730519,0.96999999999999997,fraction,250,1,collision,3.5442311922871581,3.5442311922871581,38.526694587607253,0.033685100000000003,0.001,9.9999999999999995e-07,1.7776167652965551,-0.44194212753984413,0.00051858386800549233,trajectory reached the configured collision radius
120,138,0.78939531505813509,0.96999999999999997,fraction,250,1,collision,3.6150188737408744,3.6150188737408744,38.96253092466732,0.034142066999999998,0.001,9.9999999999999995e-07,1.7791920901467482,-0.44194212711256409,0.00051894787235975883,trajectory reached the configured collision radius
120,139,0.78940249397896489,0.96999999999999997,fraction,250,2,collision,3.6806338306594286,3.7054601797697542,41.409607005698717,0.037046001000000002,0.0010000000000000002,1.0000000000000004e-06,1.7813877397223032,-0.44194212722240767,0.00051885431989849096,trajectory reached the configured collision radius
120,140,0.78940967289979469,0.96999999999999997,fraction,250,1,outer_limit,3.8353293887102327,3.8353293887102327,8.4371272399959718,0.0073641740000000002,2.2360679774997898,5.0000000000000009,-0.8036900266563638,59.211499378924266,34.326785632466446,trajectory reached the configured outer_limit radius
120,141,0.78941685182062449,0.96999999999999997,fraction,250,1,outer_limit,4.14730484379308,4.14730484379308,7.9842749369411212,0.0070152909999999999,2.2360679774997902,5.0000000000000027,-0.80385465269972356,59.201646487562954,34.334842588552355,trajectory reached the configured outer_limit radius
120,142,0.78942403074145429,0.96999999999999997,fraction,250,0,outer_limit,nan,0,7.7205013136755429,0.0067050809999999999,2.2360679774997898,5.0000000000000009,-0.80393800717671071,59.196374418043874,34.338147026598314,trajectory reached the configured outer_limit radius
120,143,0.78943120966228408,0.96999999999999997,fraction,250,0,outer_limit,nan,0,7.5333362927325842,0.0068963399999999999,2.2360679774997898,5.0000000000000009,-0.80398596611717577,59.193191410833066,34.339638171493363,trajectory reached the configured outer_limit radius
120,144,0.78943838858311388,0.96999999999999997,fraction,250,0,outer_limit,nan,0,7.3879578322112431,0.0068824680000000001,2.2360679774997898,5.0000000000000009,-0.8040150240540449,59.191156031289793,34.340248654590219,trajectory reached the configured outer_limit radius
120,145,0.78944556750394368,0.96999999999999997,fraction,250,0,outer_limit,nan,0,7.2689385455537519,0.0063408850000000001,2.2360679774997898,5.0000000000000009,-0.80403276368895349,59.189823736513681,34.340375168125291,trajectory reached the configured outer_limit radius
120,146,0.78945274642477348,0.96999999999999997,fraction,250,0,outer_limit,nan,0,7.1680748971555257,0.0069026920000000002,2.2360679774997902,5.0000000000000027,-0.80404321365956199,59.188953696188236,34.340215792006624,trajectory reached the configured outer_limit radius
120,147,0.78945992534560328,0.96999999999999997,fraction,250,0,outer_limit,nan,0,7.0804803440798816,0.0062254540000000001,2.2360679774997911,5.0000000000000062,-0.8040487285717367,59.188402877882865,34.339880083960423,trajectory reached the configured outer_limit radius
120,148,0.78946710426643307,0.96999999999999997,fraction,250,0,outer_limit,nan,0,7.0030076702027788,0.0070425710000000001,2.2360679774997898,5.0000000000000009,-0.80405078113684569,59.188080547552993,34.339433087434415,trajectory reached the configured outer_limit radius
120,149,0.78947428318726287,0.96999999999999997,fraction,250,0,outer_limit,nan,0,6.9335103771898101,0.0069418079999999998,2.2360679774997898,5.0000000000000009,-0.80405034036856193,59.187926222312704,34.338915460121825,trajectory reached the configured outer_limit radius
120,150,0.78948146210809278,0.96999999999999997,fraction,250,0,outer_limit,nan,0,6.8704587729722473,0.0059472170000000003,2.2360679774997898,5.0000000000000009,-0.80404806941368534,59.187897996174954,34.338353617169751,trajectory reached the configured outer_limit radius
120,151,0.78948864102892258,0.96999999999999997,fraction,250,0,outer_limit,nan,0,6.8127241546167081,0.0060819589999999996,2.2360679774997898,5.0000000000000009,-0.80404443652734026,59.187965921821522,34.33776523177697,trajectory reached the configured outer_limit radius
