velocity_row,x_index,x0,velocity_parameter,velocity_mode,requested_iterates,completed_iterates,status,last_return_tau,max_return_tau,terminal_tau,elapsed_seconds,terminal_R,terminal_rho,terminal_theta,terminal_v,terminal_w,message
0,492,0.80437413336952723,-0.96999999999999997,fraction,250,0,outer_limit,nan,0,2.9584920880547498,0.013620303,2.2360679774997898,5.0000000000000009,-0.81079760899420728,58.751839933436941,34.587039117533635,trajectory reached the configured outer_limit radius
0,493,0.80444592257782532,-0.96999999999999997,fraction,250,0,outer_limit,nan,0,2.9558603596148854,0.006455438,2.2360679774997898,5.0000000000000009,-0.81082111695709247,58.750088400943476,34.587280617090343,trajectory reached the configured outer_limit radius
0,494,0.80451771178612341,-0.96999999999999997,fraction,250,0,outer_limit,nan,0,2.9532346128435756,0.0065116779999999999,2.2360679774997898,5.0000000000000009,-0.81084443132486395,58.748347479085666,34.58750974883575,trajectory reached the configured outer_limit radius
0,495,0.8045895009944215,-0.96999999999999997,fraction,250,0,outer_limit,nan,0,2.9506148914109609,0.0083163790000000005,2.2360679774997898,5.0000000000000009,-0.81086755265467247,58.746617146866271,34.587726572333629,trajectory reached the configured outer_limit radius
0,496,0.80466129020271959,-0.96999999999999997,fraction,250,0,outer_limit,nan,0,2.9480012363751751,0.0059953139999999999,2.2360679774997907,5.0000000000000044,-0.81089048150289444,58.744897383184551,34.587931146738107,trajectory reached the configured outer_limit radius
0,497,0.80473307941101768,-0.96999999999999997,fraction,250,0,outer_limit,nan,0,2.9453936862807417,0.007122972,2.2360679774997898,5.0000000000000009,-0.81091321842511732,58.743188166837172,34.588123530794832,trajectory reached the configured outer_limit radius
0,498,0.80480486861931566,-0.96999999999999997,fraction,250,0,outer_limit,nan,0,2.9427922772518995,0.0043959330000000003,2.2360679774997898,5.0000000000000009,-0.81093576397612277,58.741489476523221,34.588303782847319,trajectory reached the configured outer_limit radius
0,499,0.80487665782761375,-0.96999999999999997,fraction,250,0,outer_limit,nan,0,2.9401970430833972,0.0045975740000000001,2.2360679774997898,5.0000000000000009,-0.81095811870986356,58.739801290846124,34.588471960840096,trajectory reached the configured outer_limit radius
0,500,0.80494844703591184,-0.96999999999999997,fraction,250,0,outer_limit,nan,0,2.9376080153279411,0.0063944010000000001,2.2360679774997898,5.0000000000000009,-0.81098028317944848,58.738123588316412,34.588628122321111,trajectory reached the configured outer_limit radius
0,501,0.80502023624420993,-0.96999999999999997,fraction,250,0,outer_limit,nan,0,2.9350252233789851,0.0043933829999999998,2.2360679774997902,5.0000000000000027,-0.81100225793711878,58.73645634735589,34.588772324448243,trajectory reached the configured outer_limit radius
0,502,0.80509202545250802,-0.96999999999999997,fraction,250,0,outer_limit,nan,0,2.9324486945522432,0.005945639,2.2360679774997898,5.0000000000000009,-0.8110240435342253,58.734799546299946,34.588904623989983,trajectory reached the configured outer_limit radius
0,503,0.805163814660806,-0.96999999999999997,fraction,250,0,outer_limit,nan,0,2.9298784541631444,0.0066093699999999998,2.2360679774997898,5.0000000000000009,-0.81104564052121753,58.733153163400765,34.589025077331186,trajectory reached the configured outer_limit radius
0,504,0.80523560386910409,-0.96999999999999997,fraction,250,0,outer_limit,nan,0,2.9273145256013815,0.0065624919999999996,2.2360679774997898,5.0000000000000009,-0.81106704944761776,58.731517176830259,34.589133740476747,trajectory reached the configured outer_limit radius
0,505,0.80530739307740218,-0.96999999999999997,fraction,250,0,outer_limit,nan,0,2.9247569304029826,0.0061113180000000001,2.2360679774997898,5.0000000000000009,-0.81108827086199864,58.729891564683086,34.58923066905249,trajectory reached the configured outer_limit radius
0,506,0.80537918228570027,-0.96999999999999997,fraction,250,0,outer_limit,nan,0,2.9222056883195893,0.0067309300000000004,2.2360679774997898,5.0000000000000009,-0.81110930531196634,58.728276304979772,34.589315918312138,trajectory reached the configured outer_limit radius
0,507,0.80545097149399836,-0.96999999999999997,fraction,250,0,outer_limit,nan,0,2.9196608173853527,0.0088679410000000007,2.2360679774997898,5.0000000000000009,-0.8111301533441394,58.72667137566971,34.589389543137941,trajectory reached the configured outer_limit radius
0,508,0.80552276070229645,-0.96999999999999997,fraction,250,0,outer_limit,nan,0,2.9171223339812418,0.0070364110000000002,2.2360679774997898,5.0000000000000009,-0.81115081550413093,58.725076754633299,34.589451598045258,trajectory reached the configured outer_limit radius
0,509,0.80559454991059443,-0.96999999999999997,fraction,250,0,outer_limit,nan,0,2.9145902528967707,0.0092406810000000006,2.2360679774997898,5.0000000000000009,-0.81117129233652507,58.72349241968594,34.589502137185811,trajectory reached the configured outer_limit radius
1,492,0.80437413336952723,-0.95383333333333331,fraction,250,0,outer_limit,nan,0,2.8879202664688282,0.0088417189999999996,2.2360679774997898,5.0000000000000009,-0.81101006854195967,58.733982269635021,34.583639172719238,trajectory reached the configured outer_limit radius
1,493,0.80444592257782532,-0.95383333333333331,fraction,250,0,outer_limit,nan,0,2.8851782131313213,0.0063663019999999999,2.2360679774997898,5.0000000000000009,-0.8110320104643014,58.732283825388116,34.583690604045941,trajectory reached the configured outer_limit radius
1,494,0.80451771178612341,-0.95383333333333331,fraction,250,0,outer_limit,nan,0,2.882443788035685,0.0062453760000000004,2.2360679774997898,5.0000000000000009,-0.81105373419981652,58.730597526948927,34.58372857934522,trajectory reached the configured outer_limit radius
1,495,0.8045895009944215,-0.95383333333333331,fraction,250,0,outer_limit,nan,0,2.87971700560459,0.0064501360000000004,2.2360679774997898,5.0000000000000009,-0.81107524050190549,58.728923342026789,34.583753169448286,trajectory reached the configured outer_limit radius
1,496,0.80466129020271959,-0.95383333333333331,fraction,250,0,outer_limit,nan,0,2.8769978782744996,0.0072302069999999998,2.2360679774997898,5.0000000000000009,-0.81109653012099048,58.72726123834088,34.583764444623355,trajectory reached the configured outer_limit radius
1,497,0.80473307941101768,-0.95383333333333331,fraction,250,0,outer_limit,nan,0,2.8742864165775317,0.0067594739999999997,2.2360679774997907,5.0000000000000044,-0.81111760380452924,58.725611183620366,34.58376247457916,trajectory reached the configured outer_limit radius
1,498,0.80480486861931566,-0.95383333333333331,fraction,250,0,outer_limit,nan,0,2.8715826292202635,0.0067089389999999997,2.2360679774997898,5.0000000000000009,-0.81113846229702624,58.723973145607225,34.583747328474708,trajectory reached the configured outer_limit radius
1,499,0.80487665782761375,-0.95383333333333331,fraction,250,0,outer_limit,nan,0,2.8688865231607563,0.007067734,2.2360679774997898,5.0000000000000009,-0.81115910634004906,58.722347092058314,34.583719074925895,trajectory reached the configured outer_limit radius
1,500,0.80494844703591184,-0.95383333333333331,fraction,250,0,outer_limit,nan,0,2.8661981036799262,0.0065900819999999997,2.2360679774997898,5.0000000000000009,-0.8111795366722282,58.720732990745475,34.583677782008387,trajectory reached the configured outer_limit radius
1,501,0.80502023624420993,-0.95383333333333331,fraction,250,0,outer_limit,nan,0,2.8635173744524951,0.0060394840000000003,2.2360679774997898,5.0000000000000009,-0.81119975402927713,58.719130809459166,34.583623517268123,trajectory reached the configured outer_limit radius
1,502,0.80509202545250802,-0.95383333333333331,fraction,250,0,outer_limit,nan,0,2.8608443376139654,0.007022815,2.2360679774997898,5.0000000000000009,-0.81121975914399191,58.717540516009137,34.5835563477251,trajectory reached the configured outer_limit radius
1,503,0.805163814660806,-0.95383333333333331,fraction,250,0,outer_limit,nan,0,2.8581789938251712,0.0066099929999999998,2.2360679774997898,5.0000000000000009,-0.81123955274626602,58.715962078226198,34.58347633987993,trajectory reached the configured outer_limit radius
1,504,0.80523560386910409,-0.95383333333333331,fraction,250,0,outer_limit,nan,0,2.8555213423345331,0.0065715579999999999,2.2360679774997898,5.0000000000000009,-0.81125913556310003,58.714395463963911,34.58338355971928,trajectory reached the configured outer_limit radius
1,505,0.80530739307740218,-0.95383333333333331,fraction,250,0,outer_limit,nan,0,2.8528713810371826,0.0059624609999999996,2.2360679774997898,5.0000000000000009,-0.81127850831859738,58.712840641101202,34.583278072722337,trajectory reached the configured outer_limit radius
1,506,0.80537918228570027,-0.95383333333333331,fraction,250,0,outer_limit,nan,0,2.8502291065330785,0.0063494099999999998,2.2360679774997898,5.0000000000000009,-0.81129767173398815,58.711297577542652,34.583159943866676,trajectory reached the configured outer_limit radius
1,507,0.80545097149399836,-0.95383333333333331,fraction,250,0,outer_limit,nan,0,2.8475945141811314,0.0065457930000000003,2.2360679774997902,5.0000000000000027,-0.8113166265276166,58.709766241221629,34.583029237632751,trajectory reached the configured outer_limit radius
1,508,0.80552276070229645,-0.95383333333333331,fraction,250,0,outer_limit,nan,0,2.8449675981528322,0.0067843560000000001,2.2360679774997898,5.0000000000000009,-0.81133537341496742,58.708246600100523,34.58288601801037,trajectory reached the configured outer_limit radius
1,509,0.80559454991059443,-0.95383333333333331,fraction,250,0,outer_limit,nan,0,2.8423483514827979,0.0063301219999999997,2.2360679774997898,5.0000000000000009,-0.81135391310865301,58.706738622174043,34.582730348503617,trajectory reached the configured outer_limit radius
2,492,0.80437413336952723,-0.93766666666666665,fraction,250,0,outer_limit,nan,0,2.8314501590229182,0.005613659,2.2360679774997898,5.0000000000000009,-0.81114540084757847,58.72143294176356,34.578246737439684,trajectory reached the configured outer_limit radius
2,493,0.80444592257782532,-0.93766666666666665,fraction,250,0,outer_limit,nan,0,2.8286293822662647,0.0060609110000000004,2.2360679774997898,5.0000000000000009,-0.81116568635511221,58.719800241751017,34.578123097785081,trajectory reached the configured outer_limit radius
2,494,0.80451771178612341,-0.93766666666666665,fraction,250,0,outer_limit,nan,0,2.8258174527012252,0.0062485040000000002,2.2360679774997907,5.0000000000000044,-0.81118573365638125,58.71818095137759,34.577985156192938,trajectory reached the configured outer_limit radius
2,495,0.8045895009944215,-0.93766666666666665,fraction,250,0,outer_limit,nan,0,2.8230143624417101,0.0063884299999999996,2.2360679774997898,5.0000000000000009,-0.81120554367450781,58.716575028379062,34.577832992793638,trajectory reached the configured outer_limit radius
2,496,0.80466129020271959,-0.93766666666666665,fraction,250,0,outer_limit,nan,0,2.8202201021105204,0.0072535070000000002,2.2360679774997898,5.0000000000000009,-0.81122511732758551,58.714982430611244,34.577666687021456,trajectory reached the configured outer_limit radius
2,497,0.80473307941101768,-0.93766666666666665,fraction,250,0,outer_limit,nan,0,2.8174346609081988,0.012750511000000001,2.2360679774997898,5.0000000000000009,-0.81124445552871383,58.713403116049584,34.57748631762329,trajectory reached the configured outer_limit radius
2,498,0.80480486861931566,-0.93766666666666665,fraction,250,0,outer_limit,nan,0,2.814658026680374,0.0066475220000000003,2.2360679774997898,5.0000000000000009,-0.81126355918606308,58.711837042788353,34.577291962668944,trajectory reached the configured outer_limit radius
2,499,0.80487665782761375,-0.93766666666666665,fraction,250,0,outer_limit,nan,0,2.8118901859808525,0.0068595920000000003,2.2360679774997898,5.0000000000000009,-0.81128242920289573,58.710284169042254,34.577083699558088,trajectory reached the configured outer_limit radius
2,500,0.80494844703591184,-0.93766666666666665,fraction,250,0,outer_limit,nan,0,2.8091311241332653,0.006095105,2.2360679774997898,5.0000000000000009,-0.81130106647762046,58.708744453145933,34.576861605030999,trajectory reached the configured outer_limit radius
2,501,0.80502023624420993,-0.93766666666666665,fraction,250,0,outer_limit,nan,0,2.8063808252895388,0.0078825519999999993,2.2360679774997898,5.0000000000000009,-0.8113194719038308,58.707217853553985,34.576625755176082,trajectory reached the configured outer_limit radius
2,502,0.80509202545250802,-0.93766666666666665,fraction,250,0,outer_limit,nan,0,2.8036392724858468,0.0065631709999999996,2.2360679774997898,5.0000000000000009,-0.8113376463703359,58.705704328842003,34.576376225438459,trajectory reached the configured outer_limit radius
2,503,0.805163814660806,-0.93766666666666665,fraction,250,0,outer_limit,nan,0,2.8009064476970096,0.0069574880000000004,2.2360679774997898,5.0000000000000009,-0.81135559076121055,58.704203837705869,34.576113090628219,trajectory reached the configured outer_limit radius
2,504,0.80523560386910409,-0.93766666666666665,fraction,250,0,outer_limit,nan,0,2.7981823318873587,0.0071881610000000002,2.2360679774997898,5.0000000000000009,-0.81137330595582191,58.702716338962631,34.575836424927601,trajectory reached the configured outer_limit radius
2,505,0.80530739307740218,-0.93766666666666665,fraction,250,0,outer_limit,nan,0,2.7954669050612235,0.0053040589999999999,2.2360679774997902,5.0000000000000027,-0.81139079282887161,58.701241791550729,34.575546301900374,trajectory reached the configured outer_limit radius
2,506,0.80537918228570027,-0.93766666666666665,fraction,250,0,outer_limit,nan,0,2.7927601463092935,0.0068520480000000003,2.2360679774997902,5.0000000000000027,-0.81140805225042267,58.699780154530529,34.575242794498273,trajectory reached the configured outer_limit radius
2,507,0.80545097149399836,-0.93766666666666665,fraction,250,0,outer_limit,nan,0,2.7900620338549071,0.0062832850000000004,2.2360679774997898,5.0000000000000009,-0.81142508508593969,58.698331387084572,34.574925975069355,trajectory reached the configured outer_limit radius
2,508,0.80552276070229645,-0.93766666666666665,fraction,250,0,outer_limit,nan,0,2.7873725450972957,0.0066456040000000003,2.2360679774997898,5.0000000000000009,-0.81144189219632246,58.696895448517253,34.57459591536476,trajectory reached the configured outer_limit radius
2,509,0.80559454991059443,-0.93766666666666665,fraction,250,0,outer_limit,nan,0,2.7846916566537305,0.0063456179999999999,2.2360679774997898,5.0000000000000009,-0.81145847443793129,58.695472298256462,34.574252686546373,trajectory reached the configured outer_limit radius
3,492,0.80437413336952723,-0.92149999999999999,fraction,250,0,outer_limit,nan,0,2.7837559098474047,0.0082635780000000006,2.2360679774997898,5.0000000000000009,-0.81123255027912944,58.712234555165352,34.571703618962331,trajectory reached the configured outer_limit radius
3,493,0.80444592257782532,-0.92149999999999999,fraction,250,0,outer_limit,nan,0,2.7808747380255521,0.0074193109999999996,2.2360679774997898,5.0000000000000009,-0.81125114274980825,58.71067452086276,34.571415880549125,trajectory reached the configured outer_limit radius
3,494,0.80451771178612341,-0.92149999999999999,fraction,250,0,outer_limit,nan,0,2.778003377235212,0.0059348209999999998,2.2360679774997898,5.0000000000000009,-0.81126947999895183,58.709128980047232,34.57111315007409,trajectory reached the configured outer_limit radius
3,495,0.8045895009944215,-0.92149999999999999,fraction,250,0,outer_limit,nan,0,2.7751418015604084,0.0075298370000000002,2.2360679774997898,5.0000000000000009,-0.81128756310066685,58.707597881442183,34.570795515645386,trajectory reached the configured outer_limit radius
3,496,0.80466129020271959,-0.92149999999999999,fraction,250,0,outer_limit,nan,0,2.7722899840049195,0.0076429929999999998,2.2360679774997898,5.0000000000000009,-0.81130539312211547,58.706081173995607,34.570463064557472,trajectory reached the configured outer_limit radius
3,497,0.80473307941101768,-0.92149999999999999,fraction,250,0,outer_limit,nan,0,2.7694478965506506,0.0072065860000000001,2.2360679774997898,5.0000000000000009,-0.81132297112359464,58.704578806878601,34.570115883303338,trajectory reached the configured outer_limit radius
3,498,0.80480486861931566,-0.92149999999999999,fraction,250,0,outer_limit,nan,0,2.7666155102136609,0.0057289999999999997,2.2360679774997898,5.0000000000000009,-0.81134029815860575,58.703090729484444,34.569754057585833,trajectory reached the configured outer_limit radius
3,499,0.80487665782761375,-0.92149999999999999,fraction,250,0,outer_limit,nan,0,2.7637927950974852,0.00634484,2.2360679774997898,5.0000000000000009,-0.81135737527393348,58.701616891426916,34.569377672329296,trajectory reached the configured outer_limit radius
3,500,0.80494844703591184,-0.92149999999999999,fraction,250,0,outer_limit,nan,0,2.7609797204443494,0.0062089509999999999,2.2360679774997898,5.0000000000000009,-0.81137420350971656,58.700157242538324,34.568986811688752,trajectory reached the configured outer_limit radius
3,501,0.80502023624420993,-0.92149999999999999,fraction,250,0,outer_limit,nan,0,2.7581762546841659,0.0068174059999999998,2.2360679774997902,5.0000000000000027,-0.81139078389952124,58.698711732868617,34.568581559062352,trajectory reached the configured outer_limit radius
3,502,0.80509202545250802,-0.92149999999999999,fraction,250,0,outer_limit,nan,0,2.7553823654811036,0.0095689299999999998,2.2360679774997902,5.0000000000000027,-0.81140711747040195,58.697280312684597,34.568161997100781,trajectory reached the configured outer_limit radius
3,503,0.805163814660806,-0.92149999999999999,fraction,250,0,outer_limit,nan,0,2.752598019778302,0.0089864579999999993,2.2360679774997898,5.0000000000000009,-0.81142320524297595,58.69586293246762,34.567728207717387,trajectory reached the configured outer_limit radius
3,504,0.80523560386910409,-0.92149999999999999,fraction,250,0,outer_limit,nan,0,2.7498231838409239,0.0065025370000000001,2.2360679774997898,5.0000000000000009,-0.81143904823148727,58.694459542913535,34.567280272099232,trajectory reached the configured outer_limit radius
3,505,0.80530739307740218,-0.92149999999999999,fraction,250,0,outer_limit,nan,0,2.747057823296732,0.0068995319999999999,2.2360679774997898,5.0000000000000009,-0.81145464744386553,58.693070094930405,34.566818270714826,trajectory reached the configured outer_limit radius
3,506,0.80537918228570027,-0.92149999999999999,fraction,250,0,outer_limit,nan,0,2.7443019031752316,0.0060716190000000003,2.2360679774997898,5.0000000000000009,-0.81147000388179258,58.691694539638512,34.566342283326065,trajectory reached the configured outer_limit radius
3,507,0.80545097149399836,-0.92149999999999999,fraction,250,0,outer_limit,nan,0,2.741555387945144,0.0058240499999999999,2.2360679774997898,5.0000000000000009,-0.81148511854075822,58.690332828368639,34.565852388995118,trajectory reached the configured outer_limit radius
3,508,0.80552276070229645,-0.92149999999999999,fraction,250,0,outer_limit,nan,0,2.7388182415503746,0.0067460269999999999,2.2360679774997898,5.0000000000000009,-0.81149999241012838,58.688984912661141,34.56534866609617,trajectory reached the configured outer_limit radius
3,509,0.80559454991059443,-0.92149999999999999,fraction,250,0,outer_limit,nan,0,2.7360904274436533,0.0061507769999999996,2.2360679774997898,5.0000000000000009,-0.81151462647318806,58.687650744265319,34.56483119232216,trajectory reached the configured outer_limit radius
4,492,0.80437413336952723,-0.90533333333333332,fraction,250,0,outer_limit,nan,0,2.742178949527212,0.0065154999999999996,2.2360679774997898,5.0000000000000009,-0.81128620402979235,58.705390725675258,34.56442913657537,trajectory reached the configured outer_limit radius
4,493,0.80444592257782532,-0.90533333333333332,fraction,250,0,outer_limit,nan,0,2.7392493837348897,0.0071123890000000002,2.2360679774997898,5.0000000000000009,-0.81130309267731981,58.703907433131739,34.563986099879024,trajectory reached the configured outer_limit radius
4,494,0.80451771178612341,-0.90533333333333332,fraction,250,0,outer_limit,nan,0,2.7363304219208544,0.0060695799999999998,2.2360679774997898,5.0000000000000009,-0.81131971127685454,58.702439585687905,34.563527492285829,trajectory reached the configured outer_limit radius
4,495,0.8045895009944215,-0.90533333333333332,fraction,250,0,outer_limit,nan,0,2.7334220230798039,0.0075683499999999997,2.2360679774997898,5.0000000000000009,-0.81133606103907252,58.70098712380959,34.563053408903194,trajectory reached the configured outer_limit radius
4,496,0.80466129020271959,-0.90533333333333332,fraction,250,0,outer_limit,nan,0,2.7305241454772937,0.006160273,2.2360679774997898,5.0000000000000009,-0.81135214316591409,58.699549988287565,34.562563943919805,trajectory reached the configured outer_limit radius
4,497,0.80473307941101768,-0.90533333333333332,fraction,250,0,outer_limit,nan,0,2.7276367466987406,0.005950973,2.2360679774997898,5.0000000000000009,-0.81136795885068813,58.698128120235623,34.562059190620786,trajectory reached the configured outer_limit radius
4,498,0.80480486861931566,-0.90533333333333332,fraction,250,0,outer_limit,nan,0,2.7247597836954931,0.00601667,2.2360679774997898,5.0000000000000009,-0.81138350927818215,58.696721461085865,34.561539241398783,trajectory reached the configured outer_limit radius
4,499,0.80487665782761375,-0.90533333333333332,fraction,250,0,outer_limit,nan,0,2.721893212829849,0.005470913,2.2360679774997902,5.0000000000000027,-0.81139879562476647,58.695329952587457,34.561004187770635,trajectory reached the configured outer_limit radius
4,500,0.80494844703591184,-0.90533333333333332,fraction,250,0,outer_limit,nan,0,2.7190369899171429,0.0051759859999999996,2.2360679774997902,5.0000000000000027,-0.81141381905850063,58.693953536801097,34.560454120385707,trajectory reached the configured outer_limit radius
4,501,0.80502023624420993,-0.90533333333333332,fraction,250,0,outer_limit,nan,0,2.7161910702662682,0.0059170999999999998,2.2360679774997898,5.0000000000000009,-0.81142858073922997,58.692592156098456,34.55988912904207,trajectory reached the configured outer_limit radius
4,502,0.80509202545250802,-0.90533333333333332,fraction,250,0,outer_limit,nan,0,2.713355408718046,0.0061218870000000003,2.2360679774997898,5.0000000000000009,-0.81144308181868152,58.691245753158555,34.559309302697834,trajectory reached the configured outer_limit radius
4,503,0.805163814660806,-0.90533333333333332,fraction,250,0,outer_limit,nan,0,2.7105299596823524,0.0058353609999999998,2.2360679774997898,5.0000000000000009,-0.81145732344056631,58.689914270963918,34.558714729481409,trajectory reached the configured outer_limit radius
4,504,0.80523560386910409,-0.90533333333333332,fraction,250,0,outer_limit,nan,0,2.7077146771726612,0.0079590879999999996,2.2360679774997898,5.0000000000000009,-0.81147130674066204,58.688597652800247,34.558105496706766,trajectory reached the configured outer_limit radius
4,505,0.80530739307740218,-0.90533333333333332,fraction,250,0,outer_limit,nan,0,2.7049095148397764,0.0061009259999999996,2.2360679774997898,5.0000000000000009,-0.81148503284691098,58.687295842251267,34.557481690880401,trajectory reached the configured outer_limit radius
4,506,0.80537918228570027,-0.90533333333333332,fraction,250,0,outer_limit,nan,0,2.7021144260037349,0.005884167,2.2360679774997898,5.0000000000000009,-0.81149850287950875,58.686008783197884,34.556843397716442,trajectory reached the configured outer_limit radius
4,507,0.80545097149399836,-0.90533333333333332,fraction,250,0,outer_limit,nan,0,2.6993293636837379,0.0058710969999999996,2.2360679774997898,5.0000000000000009,-0.81151171795098453,58.68473641981555,34.556190702145862,trajectory reached the configured outer_limit radius
4,508,0.80552276070229645,-0.90533333333333332,fraction,250,0,outer_limit,nan,0,2.6965542806276352,0.0067798520000000003,2.2360679774997898,5.0000000000000009,-0.81152467916629067,58.683478696571264,34.55552368832781,trajectory reached the configured outer_limit radius
4,509,0.80559454991059443,-0.90533333333333332,fraction,250,0,outer_limit,nan,0,2.6937891293391991,0.0061109529999999997,2.2360679774997898,5.0000000000000009,-0.81153738762288707,58.68223555822162,34.554842439659552,trajectory reached the configured outer_limit radius
5,492,0.80437413336952723,-0.88916666666666666,fraction,250,0,outer_limit,nan,0,2.7051661299310856,0.0070537480000000003,2.2360679774997898,5.0000000000000009,-0.8113150654071507,58.700309063030616,34.556666821633826,trajectory reached the configured outer_limit radius
5,493,0.80444592257782532,-0.88916666666666666,fraction,250,0,outer_limit,nan,0,2.7021966295220072,0.0066230569999999999,2.2360679774997911,5.0000000000000062,-0.8113302537461049,58.698904950099987,34.556075915328861,trajectory reached the configured outer_limit radius
5,494,0.80451771178612341,-0.88916666666666666,fraction,250,0,outer_limit,nan,0,2.6992384032302019,0.0074410609999999997,2.2360679774997898,5.0000000000000009,-0.8113451589056313,58.697517130708832,34.555468943911528,trajectory reached the configured outer_limit radius
5,495,0.8045895009944215,-0.88916666666666666,fraction,250,0,outer_limit,nan,0,2.6962913971184137,0.006293196,2.2360679774997898,5.0000000000000009,-0.81135978222131355,58.696145537687755,34.554846008722379,trajectory reached the configured outer_limit radius
5,496,0.80466129020271959,-0.88916666666666666,fraction,250,0,outer_limit,nan,0,2.6933555568257805,0.0061599389999999997,2.2360679774997898,5.0000000000000009,-0.81137412501830064,58.694790104289154,34.5542072100884,trajectory reached the configured outer_limit radius
5,497,0.80473307941101768,-0.88916666666666666,fraction,250,0,outer_limit,nan,0,2.6904308276088065,0.0064550459999999999,2.2360679774997898,5.0000000000000009,-0.811388188611471,58.693450764180831,34.55355264733749,trajectory reached the configured outer_limit radius
5,498,0.80480486861931566,-0.88916666666666666,fraction,250,0,outer_limit,nan,0,2.6875171543792451,0.0049539459999999999,2.2360679774997898,5.0000000000000009,-0.81140197430555516,58.692127451443099,34.55288241881626,trajectory reached the configured outer_limit radius
5,499,0.80487665782761375,-0.88916666666666666,fraction,250,0,outer_limit,nan,0,2.6846144817409026,0.006166342,2.2360679774997898,5.0000000000000009,-0.81141548339528025,58.690820100562611,34.552196621903597,trajectory reached the configured outer_limit radius
5,500,0.80494844703591184,-0.88916666666666666,fraction,250,0,outer_limit,nan,0,2.6817227540237845,0.0057245500000000001,2.2360679774997898,5.0000000000000009,-0.81142871716549658,58.689528646428698,34.551495353025516,trajectory reached the configured outer_limit radius
5,501,0.80502023624420993,-0.88916666666666666,fraction,250,0,outer_limit,nan,0,2.6788419153174075,0.0055017269999999997,2.2360679774997898,5.0000000000000009,-0.8114416768913103,58.688253024327864,34.55077870766889,trajectory reached the configured outer_limit radius
5,502,0.80509202545250802,-0.88916666666666666,fraction,250,0,outer_limit,nan,0,2.6759719095018668,0.0059715669999999997,2.2360679774997898,5.0000000000000009,-0.81145436383820557,58.686993169940337,34.550046780396379,trajectory reached the configured outer_limit radius
5,503,0.805163814660806,-0.88916666666666666,fraction,250,0,outer_limit,nan,0,2.6731126802778262,0.0059753489999999996,2.2360679774997898,5.0000000000000009,-0.81146677926217481,58.685749019335205,34.549299664860349,trajectory reached the configured outer_limit radius
5,504,0.80523560386910409,-0.88916666666666666,fraction,250,0,outer_limit,nan,0,2.6702641711938524,0.0092730550000000005,2.2360679774997907,5.0000000000000044,-0.81147892440981906,58.684520508967537,34.548537453814852,trajectory reached the configured outer_limit radius
5,505,0.80530739307740218,-0.88916666666666666,fraction,250,0,outer_limit,nan,0,2.6674263256745951,0.0059734749999999998,2.2360679774997898,5.0000000000000009,-0.8114908005184911,58.683307575671797,34.547760239129701,trajectory reached the configured outer_limit radius
5,506,0.80537918228570027,-0.88916666666666666,fraction,250,0,outer_limit,nan,0,2.6645990870449054,0.0066738359999999998,2.2360679774997898,5.0000000000000009,-0.81150240881638969,58.682110156661182,34.546968111803842,trajectory reached the configured outer_limit radius
5,507,0.80545097149399836,-0.88916666666666666,fraction,250,0,outer_limit,nan,0,2.6617823985547635,0.0061068210000000001,2.2360679774997898,5.0000000000000009,-0.81151375052267694,58.680928189521126,34.546161161975647,trajectory reached the configured outer_limit radius
5,508,0.80552276070229645,-0.88916666666666666,fraction,250,0,outer_limit,nan,0,2.6589762034019366,0.006368945,2.2360679774997898,5.0000000000000009,-0.81152482684758953,58.679761612207287,34.545339478938537,trajectory reached the configured outer_limit radius
5,509,0.80559454991059443,-0.88916666666666666,fraction,250,0,outer_limit,nan,0,2.6561804447539794,0.0069596390000000001,2.2360679774997898,5.0000000000000009,-0.81153563899254366,58.678610363040825,34.544503151149506,trajectory reached the configured outer_limit radius
6,492,0.80437413336952723,-0.873,fraction,250,0,outer_limit,nan,0,2.671717743203919,0.0057476339999999997,2.2360679774997898,5.0000000000000009,-0.81132480617777214,58.696602201104298,34.548571996190596,trajectory reached the configured outer_limit radius
6,493,0.80444592257782532,-0.873,fraction,250,0,outer_limit,nan,0,2.668714577473521,0.0068357089999999997,2.2360679774997898,5.0000000000000009,-0.81133830631513404,58.69527867372517,34.547839695864127,trajectory reached the configured outer_limit radius
6,494,0.80451771178612341,-0.873,fraction,250,0,outer_limit,nan,0,2.6657232634377079,0.005859309,2.2360679774997898,5.0000000000000009,-0.81135151150837648,58.693972204570287,34.547090903274707,trajectory reached the configured outer_limit radius
6,495,0.8045895009944215,-0.873,fraction,250,0,outer_limit,nan,0,2.6627437358806061,0.0054725670000000002,2.2360679774997898,5.0000000000000009,-0.81136442320822044,58.692682719362935,34.546325725370579,trajectory reached the configured outer_limit radius
6,496,0.80466129020271959,-0.873,fraction,250,0,outer_limit,nan,0,2.6597759294340788,0.0072384939999999998,2.2360679774997898,5.0000000000000009,-0.81137704285338563,58.691410144339599,34.545544268001315,trajectory reached the configured outer_limit radius
6,497,0.80473307941101768,-0.873,fraction,250,0,outer_limit,nan,0,2.6568197786096652,0.0065627410000000004,2.2360679774997898,5.0000000000000009,-0.81138937187074756,58.690154406243423,34.544746635932711,trajectory reached the configured outer_limit radius
6,498,0.80480486861931566,-0.873,fraction,250,0,outer_limit,nan,0,2.6538752178298397,0.0059447750000000002,2.2360679774997898,5.0000000000000009,-0.81140141167552815,58.68891543231593,34.543932932863882,trajectory reached the configured outer_limit radius
6,499,0.80487665782761375,-0.873,fraction,250,0,outer_limit,nan,0,2.6509421814570597,0.0064676430000000004,2.2360679774997898,5.0000000000000009,-0.81141316367144289,58.687693150292816,34.543103261445275,trajectory reached the configured outer_limit radius
6,500,0.80494844703591184,-0.873,fraction,250,0,outer_limit,nan,0,2.6480206038213492,0.0047642580000000004,2.2360679774997898,5.0000000000000009,-0.81142462925086234,58.686487488396708,34.542257723293439,trajectory reached the configured outer_limit radius
6,501,0.80502023624420993,-0.873,fraction,250,0,outer_limit,nan,0,2.6451104192468908,0.006057443,2.2360679774997898,5.0000000000000009,-0.81143580979498187,58.685298375331115,34.541396419009416,trajectory reached the configured outer_limit radius
6,502,0.80509202545250802,-0.873,fraction,250,0,outer_limit,nan,0,2.6422115620763185,0.0057397180000000004,2.2360679774997898,5.0000000000000009,-0.81144670667395946,58.684125740274688,34.54051944819058,trajectory reached the configured outer_limit radius
6,503,0.805163814660806,-0.873,fraction,250,0,outer_limit,nan,0,2.6393239666941937,0.0058675139999999999,2.2360679774997898,5.0000000000000009,-0.81145732124707293,58.682969512875857,34.539626909450938,trajectory reached the configured outer_limit radius
6,504,0.80523560386910409,-0.873,fraction,250,0,outer_limit,nan,0,2.6364475675492534,0.0053254660000000001,2.2360679774997898,5.0000000000000009,-0.81146765486285743,58.681829623247012,34.538718900430126,trajectory reached the configured outer_limit radius
6,505,0.80530739307740218,-0.873,fraction,250,0,outer_limit,nan,0,2.6335822991751794,0.0061604829999999996,2.2360679774997898,5.0000000000000009,-0.8114777088592604,58.680706001958669,34.537795517813109,trajectory reached the configured outer_limit radius
6,506,0.80537918228570027,-0.873,fraction,250,0,outer_limit,nan,0,2.630728096210325,0.0059766519999999998,2.2360679774997898,5.0000000000000009,-0.81148748456376385,58.679598580035147,34.536856857341519,trajectory reached the configured outer_limit radius
6,507,0.80545097149399836,-0.873,fraction,250,0,outer_limit,nan,0,2.627884893416268,0.0054399339999999996,2.2360679774997898,5.0000000000000009,-0.81149698329353381,58.678507288948751,34.535903013829071,trajectory reached the configured outer_limit radius
6,508,0.80552276070229645,-0.873,fraction,250,0,outer_limit,nan,0,2.6250526256955897,0.0061487249999999999,2.2360679774997898,5.0000000000000009,-0.81150620635554449,58.677432060614734,34.534934081173901,trajectory reached the configured outer_limit radius
6,509,0.80559454991059443,-0.873,fraction,250,0,outer_limit,nan,0,2.6222312281082503,0.0067427299999999997,2.2360679774997898,5.0000000000000009,-0.81151515504671201,58.676372827386558,34.533950152373052,trajectory reached the configured outer_limit radius
7,492,0.80437413336952723,-0.85683333333333334,fraction,250,0,outer_limit,nan,0,2.641146194098567,0.005108334,2.2360679774997898,5.0000000000000009,-0.81131936943702521,58.693999899212351,34.540250203023845,trajectory reached the configured outer_limit radius
7,493,0.80444592257782532,-0.85683333333333334,fraction,250,0,outer_limit,nan,0,2.6381141820493874,0.006617777,2.2360679774997898,5.0000000000000009,-0.81133119891289429,58.692757672962841,34.539382278621865,trajectory reached the configured outer_limit radius
7,494,0.80451771178612341,-0.85683333333333334,fraction,250,0,outer_limit,nan,0,2.635094527042479,0.0059639949999999997,2.2360679774997898,5.0000000000000009,-0.81134272281418296,58.69153319968423,34.538497489551425,trajectory reached the configured outer_limit radius
7,495,0.8045895009944215,-0.85683333333333334,fraction,250,0,outer_limit,nan,0,2.632087153893691,0.0055893059999999996,2.2360679774997898,5.0000000000000009,-0.81135394269840755,58.690326398451177,34.537595947850207,trajectory reached the configured outer_limit radius
7,496,0.80466129020271959,-0.85683333333333334,fraction,250,0,outer_limit,nan,0,2.6290919875082497,0.0062343939999999999,2.2360679774997898,5.0000000000000009,-0.81136486010958597,58.689137188938801,34.536677764376435,trajectory reached the configured outer_limit radius
7,497,0.80473307941101768,-0.85683333333333334,fraction,250,0,outer_limit,nan,0,2.6261089529061681,0.0058731349999999998,2.2360679774997902,5.0000000000000027,-0.81137547657843734,58.687965491412953,34.535743048824344,trajectory reached the configured outer_limit radius
7,498,0.80480486861931566,-0.85683333333333334,fraction,250,0,outer_limit,nan,0,2.6231379752463395,0.005841995,2.2360679774997898,5.0000000000000009,-0.8113857936225779,58.686811226723528,34.534791909746332,trajectory reached the configured outer_limit radius
7,499,0.80487665782761375,-0.85683333333333334,fraction,250,0,outer_limit,nan,0,2.6201789798495465,0.0065903799999999998,2.2360679774997898,5.0000000000000009,-0.81139581274671779,58.685674316296016,34.533824454570976,trajectory reached the configured outer_limit radius
7,500,0.80494844703591184,-0.85683333333333334,fraction,250,0,outer_limit,nan,0,2.6172318922196842,0.0060520790000000001,2.2360679774997898,5.0000000000000009,-0.81140553544284877,58.684554682122979,34.532840789618731,trajectory reached the configured outer_limit radius
7,501,0.80502023624420993,-0.85683333333333334,fraction,250,0,outer_limit,nan,0,2.6142966380636818,0.0061397539999999999,2.2360679774997902,5.0000000000000027,-0.81141496319042017,58.683452246757987,34.531841020121739,trajectory reached the configured outer_limit radius
7,502,0.80509202545250802,-0.85683333333333334,fraction,250,0,outer_limit,nan,0,2.6113731433104252,0.007150755,2.2360679774997902,5.0000000000000027,-0.81142409745652211,58.682366933307527,34.530825250239964,trajectory reached the configured outer_limit radius
7,503,0.805163814660806,-0.85683333333333334,fraction,250,0,outer_limit,nan,0,2.6084613341286111,0.005335645,2.2360679774997898,5.0000000000000009,-0.81143293969606178,58.681298665423441,34.52979358307774,trajectory reached the configured outer_limit radius
7,504,0.80523560386910409,-0.85683333333333334,fraction,250,0,outer_limit,nan,0,2.6055611369431815,0.0053646279999999998,2.2360679774997898,5.0000000000000009,-0.81144149135193022,58.68024736729727,34.528746120700916,trajectory reached the configured outer_limit radius
7,505,0.80530739307740218,-0.85683333333333334,fraction,250,0,outer_limit,nan,0,2.6026724784506809,0.0053785880000000001,2.2360679774997898,5.0000000000000009,-0.81144975385516871,58.679212963651999,34.527682964151559,trajectory reached the configured outer_limit radius
7,506,0.80537918228570027,-0.85683333333333334,fraction,250,0,outer_limit,nan,0,2.5997952856342765,0.0063957119999999996,2.2360679774997898,5.0000000000000009,-0.81145772862512988,58.678195379736771,34.526604213464879,trajectory reached the configured outer_limit radius
7,507,0.80545097149399836,-0.85683333333333334,fraction,250,0,outer_limit,nan,0,2.596929485776895,0.0070115300000000002,2.2360679774997898,5.0000000000000009,-0.81146541706963893,58.677194541319508,34.525509967683249,trajectory reached the configured outer_limit radius
7,508,0.80552276070229645,-0.85683333333333334,fraction,250,0,outer_limit,nan,0,2.5940750064742097,0.006418918,2.2360679774997898,5.0000000000000009,-0.81147282058514858,58.676210374681006,34.524400324872531,trajectory reached the configured outer_limit radius
7,509,0.80559454991059443,-0.85683333333333334,fraction,250,0,outer_limit,nan,0,2.5912317756464924,0.0057514949999999997,2.2360679774997902,5.0000000000000027,-0.81147994055688555,58.675242806609006,34.523275382135481,trajectory reached the configured outer_limit radius
8,492,0.80437413336952723,-0.84066666666666667,fraction,250,0,outer_limit,nan,0,2.612955090980198,0.0067424160000000002,2.2360679774997898,5.0000000000000009,-0.81130162827367869,58.692304554590812,34.531776514971369,trajectory reached the configured outer_limit radius
8,493,0.80444592257782532,-0.84066666666666667,fraction,250,0,outer_limit,nan,0,2.6098980416147084,0.0069474519999999998,2.2360679774997898,5.0000000000000009,-0.81131180817427095,58.691143862968417,34.530778189846245,trajectory reached the configured outer_limit radius
8,494,0.80451771178612341,-0.84066666666666667,fraction,250,0,outer_limit,nan,0,2.6068537967612047,0.0048507719999999997,2.2360679774997898,5.0000000000000009,-0.81132167283164325,58.690001559420459,34.529762673344393,trajectory reached the configured outer_limit radius
8,495,0.8045895009944215,-0.84066666666666667,fraction,250,0,outer_limit,nan,0,2.6038222723299329,0.0053501809999999999,2.2360679774997898,5.0000000000000009,-0.8113312239028353,58.688877556776532,34.528730082147817,trajectory reached the configured outer_limit radius
8,496,0.80466129020271959,-0.84066666666666667,fraction,250,0,outer_limit,nan,0,2.6008033845388425,0.0061312800000000002,2.2360679774997898,5.0000000000000009,-0.81134046302997687,58.687771768549098,34.527680531683899,trajectory reached the configured outer_limit radius
8,497,0.80473307941101768,-0.84066666666666667,fraction,250,0,outer_limit,nan,0,2.5977970499325762,0.0060083819999999996,2.2360679774997902,5.0000000000000027,-0.81134939184051791,58.686684108923494,34.526614136145341,trajectory reached the configured outer_limit radius
8,498,0.80480486861931566,-0.84066666666666667,fraction,250,0,outer_limit,nan,0,2.594803185400488,0.0065034610000000003,2.2360679774997898,5.0000000000000009,-0.81135801194744472,58.685614492749067,34.525531008511578,trajectory reached the configured outer_limit radius
8,499,0.80487665782761375,-0.84066666666666667,fraction,250,0,outer_limit,nan,0,2.5918217081937165,0.0071212339999999997,2.2360679774997898,5.0000000000000009,-0.81136632494951744,58.684562835527977,34.524431260566899,trajectory reached the configured outer_limit radius
8,500,0.80494844703591184,-0.84066666666666667,fraction,250,0,outer_limit,nan,0,2.5888525359404624,0.006109822,2.2360679774997898,5.0000000000000009,-0.8113743324314644,58.683529053407753,34.523315002921805,trajectory reached the configured outer_limit radius
8,501,0.80502023624420993,-0.84066666666666667,fraction,250,0,outer_limit,nan,0,2.5858955866604183,0.0063421700000000003,2.2360679774997898,5.0000000000000009,-0.811382035964197,58.682513063171946,34.522182345030892,trajectory reached the configured outer_limit radius
8,502,0.80509202545250802,-0.84066666666666667,fraction,250,0,outer_limit,nan,0,2.5829507787788053,0.0060604370000000001,2.2360679774997898,5.0000000000000009,-0.81138943710502487,58.681514782230444,34.521033395211603,trajectory reached the configured outer_limit radius
8,503,0.805163814660806,-0.84066666666666667,fraction,250,0,outer_limit,nan,0,2.5800180311380898,0.0076220740000000004,2.2360679774997898,5.0000000000000009,-0.81139653739783268,58.680534128612578,34.519868260662484,trajectory reached the configured outer_limit radius
8,504,0.80523560386910409,-0.84066666666666667,fraction,250,0,outer_limit,nan,0,2.5770972630102995,0.0051227160000000002,2.2360679774997898,5.0000000000000009,-0.81140333837329404,58.679571020956708,34.518687047479347,trajectory reached the configured outer_limit radius
8,505,0.80530739307740218,-0.84066666666666667,fraction,250,0,outer_limit,nan,0,2.5741883941071784,0.0048941000000000002,2.2360679774997898,5.0000000000000009,-0.8114098415490455,58.678625378504769,34.517489860675873,trajectory reached the configured outer_limit radius
8,506,0.80537918228570027,-0.84066666666666667,fraction,250,0,outer_limit,nan,0,2.5712913445902092,0.0054585529999999997,2.2360679774997898,5.0000000000000009,-0.81141604842988146,58.677697121091761,34.516276804195904,trajectory reached the configured outer_limit radius
8,507,0.80545097149399836,-0.84066666666666667,fraction,250,0,outer_limit,nan,0,2.5684060350797249,0.0058200559999999997,2.2360679774997898,5.0000000000000009,-0.81142196050792936,58.67678616914025,34.515047980935037,trajectory reached the configured outer_limit radius
8,508,0.80552276070229645,-0.84066666666666667,fraction,250,0,outer_limit,nan,0,2.5655323866631123,0.0063789579999999997,2.2360679774997898,5.0000000000000009,-0.81142757926282649,58.675892443650945,34.513803492751251,trajectory reached the configured outer_limit radius
8,509,0.80559454991059443,-0.84066666666666667,fraction,250,0,outer_limit,nan,0,2.5626703209026074,0.007358781,2.2360679774997902,5.0000000000000027,-0.81143290616189445,58.675015866197143,34.512543440486027,trajectory reached the configured outer_limit radius
9,492,0.80437413336952723,-0.82450000000000001,fraction,250,0,outer_limit,nan,0,2.5867725676063711,0.0055039679999999997,2.2360679774997898,5.0000000000000009,-0.81127375217501829,58.691366424928525,34.523206205798537,trajectory reached the configured outer_limit radius
9,493,0.80444592257782532,-0.82450000000000001,fraction,250,0,outer_limit,nan,0,2.5836935587984784,0.006416527,2.2360679774997898,5.0000000000000009,-0.81128230594174799,58.690287153954877,34.522082265447402,trajectory reached the configured outer_limit radius
9,494,0.80451771178612341,-0.82450000000000001,fraction,250,0,outer_limit,nan,0,2.5806277546098801,0.0059496719999999996,2.2360679774997898,5.0000000000000009,-0.81129053562605868,58.689226854456422,34.520940845819005,trajectory reached the configured outer_limit radius
9,495,0.8045895009944215,-0.82450000000000001,fraction,250,0,outer_limit,nan,0,2.577575062924931,0.0066605750000000002,2.2360679774997898,5.0000000000000009,-0.81129844297809905,58.688185433376717,34.51978206785455,trajectory reached the configured outer_limit radius
9,496,0.80466129020271959,-0.82450000000000001,fraction,250,0,outer_limit,nan,0,2.5745353921339458,0.0060280990000000003,2.2360679774997898,5.0000000000000009,-0.81130602973176735,58.687162798422307,34.5186060511721,trajectory reached the configured outer_limit radius
9,497,0.80473307941101768,-0.82450000000000001,fraction,250,0,outer_limit,nan,0,2.5715086511465737,0.0059388330000000001,2.2360679774997898,5.0000000000000009,-0.81131329760496729,58.686158858050483,34.517412914088005,trajectory reached the configured outer_limit radius
9,498,0.80480486861931566,-0.82450000000000001,fraction,250,0,outer_limit,nan,0,2.5684947494043087,0.0056172369999999998,2.2360679774997898,5.0000000000000009,-0.81132024829986893,58.685173521457585,34.516202773638788,trajectory reached the configured outer_limit radius
9,499,0.80487665782761375,-0.82450000000000001,fraction,250,0,outer_limit,nan,0,2.5654935968917085,0.0041860819999999998,2.2360679774997898,5.0000000000000009,-0.81132688350314086,58.684206698569852,34.514975745603337,trajectory reached the configured outer_limit radius
9,500,0.80494844703591184,-0.82450000000000001,fraction,250,0,outer_limit,nan,0,2.5625051041466209,0.0066053270000000002,2.2360679774997898,5.0000000000000009,-0.81133320488620153,58.683258300030232,34.513731944521297,trajectory reached the configured outer_limit radius
9,501,0.80502023624420993,-0.82450000000000001,fraction,250,0,outer_limit,nan,0,2.5595291822699671,0.0055517939999999997,2.2360679774997898,5.0000000000000009,-0.8113392141054433,58.682328237190163,34.512471483716205,trajectory reached the configured outer_limit radius
9,502,0.80509202545250802,-0.82450000000000001,fraction,250,0,outer_limit,nan,0,2.5565657429338806,0.0055936839999999998,2.2360679774997898,5.0000000000000009,-0.81134491280246479,58.681416422098671,34.511194475314163,trajectory reached the configured outer_limit radius
9,503,0.805163814660806,-0.82450000000000001,fraction,250,0,outer_limit,nan,0,2.5536146983898225,0.0061082929999999999,2.2360679774997898,5.0000000000000009,-0.81135030260429086,58.6805227674921,34.509901030262299,trajectory reached the configured outer_limit radius
9,504,0.80523560386910409,-0.82450000000000001,fraction,250,0,outer_limit,nan,0,2.5506759614750472,0.0034655879999999999,2.2360679774997898,5.0000000000000009,-0.81135538512358618,58.679647186785751,34.508591258349199,trajectory reached the configured outer_limit radius
9,505,0.80530739307740218,-0.82450000000000001,fraction,250,0,outer_limit,nan,0,2.5477494456194298,0.0054830979999999996,2.2360679774997898,5.0000000000000009,-0.81136016195887228,58.678789594062962,34.507265268221651,trajectory reached the configured outer_limit radius
9,506,0.80537918228570027,-0.82450000000000001,fraction,250,0,outer_limit,nan,0,2.5448350648505711,0.0080563679999999995,2.2360679774997898,5.0000000000000009,-0.81136463469472864,58.677949904067347,34.505923167404831,trajectory reached the configured outer_limit radius
9,507,0.80545097149399836,-0.82450000000000001,fraction,250,0,outer_limit,nan,0,2.541932733798852,0.005077837,2.2360679774997898,5.0000000000000009,-0.81136880490199514,58.677128032193203,34.504565062317482,trajectory reached the configured outer_limit radius
9,508,0.80552276070229645,-0.82450000000000001,fraction,250,0,outer_limit,nan,0,2.5390423677017933,0.0056058690000000003,2.2360679774997898,5.0000000000000009,-0.81137267413797409,58.676323894476482,34.503191058291371,trajectory reached the configured outer_limit radius
9,509,0.80559454991059443,-0.82450000000000001,fraction,250,0,outer_limit,nan,0,2.536163882407521,0.0051128420000000003,2.2360679774997902,5.0000000000000027,-0.81137624394660968,58.675537407587782,34.501801259586685,trajectory reached the configured outer_limit radius
10,492,0.80437413336952723,-0.80833333333333335,fraction,250,0,outer_limit,nan,0,2.5623117789522882,0.00679293,2.2360679774997898,5.0000000000000009,-0.81123742592807668,58.691068806894627,34.514581080636354,trajectory reached the configured outer_limit radius
10,493,0.80444592257782532,-0.80833333333333335,fraction,250,0,outer_limit,nan,0,2.5592133427911854,0.005718201,2.2360679774997898,5.0000000000000009,-0.81124437857432397,58.690070586052059,34.513335950629575,trajectory reached the configured outer_limit radius
10,494,0.80451771178612341,-0.80833333333333335,fraction,250,0,outer_limit,nan,0,2.5561284719323631,0.0050833930000000003,2.2360679774997898,5.0000000000000009,-0.81125099902394116,58.689091874674645,34.512073086862415,trajectory reached the configured outer_limit radius
10,495,0.8045895009944215,-0.80833333333333335,fraction,250,0,outer_limit,nan,0,2.5530570669734804,0.005722871,2.2360679774997907,5.0000000000000044,-0.81125728911444939,58.688132574145136,34.510792614197712,trajectory reached the configured outer_limit radius
10,496,0.80466129020271959,-0.80833333333333335,fraction,250,0,outer_limit,nan,0,2.5499990291997006,0.0052299340000000003,2.2360679774997911,5.0000000000000062,-0.81126325066585248,58.687192586684311,34.509494656111315,trajectory reached the configured outer_limit radius
10,497,0.80473307941101768,-0.80833333333333335,fraction,250,0,outer_limit,nan,0,2.5469542605917792,0.0073717790000000002,2.2360679774997898,5.0000000000000009,-0.81126888548091847,58.686271815338813,34.508179334715706,trajectory reached the configured outer_limit radius
10,498,0.80480486861931566,-0.80833333333333335,fraction,250,0,outer_limit,nan,0,2.5439226638332673,0.0059489670000000003,2.2360679774997898,5.0000000000000009,-0.8112741953454643,58.685370163967235,34.50684677078111,trajectory reached the configured outer_limit radius
10,499,0.80487665782761375,-0.80833333333333335,fraction,250,0,outer_limit,nan,0,2.5409041423167924,0.005744257,2.2360679774997898,5.0000000000000009,-0.81127918202861959,58.684487537228364,34.505497083760552,trajectory reached the configured outer_limit radius
10,500,0.80494844703591184,-0.80833333333333335,fraction,250,0,outer_limit,nan,0,2.5378986001493966,0.0049788020000000001,2.2360679774997911,5.0000000000000062,-0.81128384728308822,58.683623840569531,34.504130391810762,trajectory reached the configured outer_limit radius
10,501,0.80502023624420993,-0.80833333333333335,fraction,250,0,outer_limit,nan,0,2.5349059421574687,0.0060381180000000003,2.2360679774997898,5.0000000000000009,-0.81128819284540876,58.682778980213413,34.502746811813026,trajectory reached the configured outer_limit radius
10,502,0.80509202545250802,-0.80833333333333335,fraction,250,0,outer_limit,nan,0,2.5319260738905136,0.0055885589999999999,2.2360679774997898,5.0000000000000009,-0.81129222043620475,58.681952863149206,34.501346459396657,trajectory reached the configured outer_limit radius
10,503,0.805163814660806,-0.80833333333333335,fraction,250,0,outer_limit,nan,0,2.5289589016248755,0.0061413079999999998,2.2360679774997898,5.0000000000000009,-0.81129593176042791,58.681145397118208,34.499929448955697,trajectory reached the configured outer_limit radius
10,504,0.80523560386910409,-0.80833333333333335,fraction,250,0,outer_limit,nan,0,2.5260043323660208,0.0055348910000000001,2.2360679774997898,5.0000000000000009,-0.81129932850759201,58.680356490606229,34.498495893673677,trajectory reached the configured outer_limit radius
10,505,0.80530739307740218,-0.80833333333333335,fraction,250,0,outer_limit,nan,0,2.5230622738510302,0.0063264539999999996,2.2360679774997898,5.0000000000000009,-0.81130241235201206,58.679586052830373,34.497045905538059,trajectory reached the configured outer_limit radius
10,506,0.80537918228570027,-0.80833333333333335,fraction,250,0,outer_limit,nan,0,2.5201326345500186,0.0071641329999999996,2.2360679774997898,5.0000000000000009,-0.81130518495302462,58.678833993730692,34.495579595364717,trajectory reached the configured outer_limit radius
10,507,0.80545097149399836,-0.80833333333333335,fraction,250,0,outer_limit,nan,0,2.5172153236672394,0.0055978870000000002,2.2360679774997898,5.0000000000000009,-0.81130764795521615,58.678100223958381,34.494097072811186,trajectory reached the configured outer_limit radius
10,508,0.80552276070229645,-0.80833333333333335,fraction,250,0,outer_limit,nan,0,2.5143102511416409,0.006211678,2.2360679774997898,5.0000000000000009,-0.81130980298863364,58.677384654867559,34.492598446400393,trajectory reached the configured outer_limit radius
10,509,0.80559454991059443,-0.80833333333333335,fraction,250,0,outer_limit,nan,0,2.5114173276469107,0.0064047130000000002,2.2360679774997898,5.0000000000000009,-0.81131165166899588,58.676687198504411,34.491083823533288,trajectory reached the configured outer_limit radius
11,492,0.80437413336952723,-0.79216666666666669,fraction,250,0,outer_limit,nan,0,2.5393461538666426,0.0052513239999999999,2.2360679774997898,5.0000000000000009,-0.81119398785353625,58.691318664208822,34.505933443960416,trajectory reached the configured outer_limit radius
11,493,0.80444592257782532,-0.79216666666666669,fraction,250,0,outer_limit,nan,0,2.536230404672009,0.0080693459999999998,2.2360679774997902,5.0000000000000027,-0.8111993654330415,58.690400930058992,34.504571247906753,trajectory reached the configured outer_limit radius
11,494,0.80451771178612341,-0.79216666666666669,fraction,250,0,outer_limit,nan,0,2.5331285481768093,0.0055932339999999999,2.2360679774997898,5.0000000000000009,-0.81120440334241872,58.689503203051835,34.503191092712491,trajectory reached the configured outer_limit radius
11,495,0.8045895009944215,-0.79216666666666669,fraction,250,0,outer_limit,nan,0,2.5300404783215078,0.0043421689999999999,2.2360679774997898,5.0000000000000009,-0.81120910350139364,58.688625379304455,34.501793106864298,trajectory reached the configured outer_limit radius
11,496,0.80466129020271959,-0.79216666666666669,fraction,250,0,outer_limit,nan,0,2.5269660899014874,0.0072906569999999999,2.2360679774997898,5.0000000000000009,-0.81121346781097869,58.687767355843917,34.500377417401488,trajectory reached the configured outer_limit radius
11,497,0.80473307941101768,-0.79216666666666669,fraction,250,0,outer_limit,nan,0,2.5239052785698437,0.0053939419999999997,2.2360679774997898,5.0000000000000009,-0.81121749815377187,58.686929030593909,34.498944149940357,trajectory reached the configured outer_limit radius
11,498,0.80480486861931566,-0.79216666666666669,fraction,250,0,outer_limit,nan,0,2.5208579408394662,0.0056359749999999997,2.2360679774997898,5.0000000000000009,-0.81122119639426071,58.686110302359999,34.497493428699784,trajectory reached the configured outer_limit radius
11,499,0.80487665782761375,-0.79216666666666669,fraction,250,0,outer_limit,nan,0,2.5178239740849775,0.0058173799999999996,2.2360679774997898,5.0000000000000009,-0.8112245643791165,58.685311070816596,34.496025376524749,trajectory reached the configured outer_limit radius
11,500,0.80494844703591184,-0.79216666666666669,fraction,250,0,outer_limit,nan,0,2.5148032765435087,0.0059364760000000004,2.2360679774997898,5.0000000000000009,-0.81122760393747817,58.684531236492845,34.494540114909412,trajectory reached the configured outer_limit radius
11,501,0.80502023624420993,-0.79216666666666669,fraction,250,0,outer_limit,nan,0,2.5117957473152246,0.0054854450000000003,2.2360679774997898,5.0000000000000009,-0.81123031688123959,58.683770700759709,34.493037764019881,trajectory reached the configured outer_limit radius
11,502,0.80509202545250802,-0.79216666666666669,fraction,250,0,outer_limit,nan,0,2.5088012863629392,0.0065814460000000003,2.2360679774997898,5.0000000000000009,-0.8112327050053032,58.683029365818165,34.491518442716668,trajectory reached the configured outer_limit radius
11,503,0.805163814660806,-0.79216666666666669,fraction,250,0,outer_limit,nan,0,2.5058197945117149,0.0059288989999999996,2.2360679774997898,5.0000000000000009,-0.81123477008787037,58.682307134685004,34.489982268575353,trajectory reached the configured outer_limit radius
11,504,0.80523560386910409,-0.79216666666666669,fraction,250,0,outer_limit,nan,0,2.5028511734472594,0.0055957300000000001,2.2360679774997907,5.0000000000000044,-0.81123651389067786,58.681603911182968,34.488429357909261,trajectory reached the configured outer_limit radius
11,505,0.80530739307740218,-0.79216666666666669,fraction,250,0,outer_limit,nan,0,2.4998953257147933,0.0057690470000000002,2.2360679774997898,5.0000000000000009,-0.81123793815926348,58.680919599926909,34.486859825789089,trajectory reached the configured outer_limit radius
11,506,0.80537918228570027,-0.79216666666666669,fraction,250,0,outer_limit,nan,0,2.4969521547163485,0.0055857720000000001,2.2360679774997898,5.0000000000000009,-0.8112390446232054,58.680254106314351,34.485273786063168,trajectory reached the configured outer_limit radius
11,507,0.80545097149399836,-0.79216666666666669,fraction,250,0,outer_limit,nan,0,2.4940215647089357,0.0057816889999999996,2.2360679774997898,5.0000000000000009,-0.81123983499637153,58.679607336512333,34.483671351377268,trajectory reached the configured outer_limit radius
11,508,0.80552276070229645,-0.79216666666666669,fraction,250,0,outer_limit,nan,0,2.491103460801233,0.0061746329999999997,2.2360679774997898,5.0000000000000009,-0.81124031097714444,58.678979197448086,34.482052633195181,trajectory reached the configured outer_limit radius
11,509,0.80559454991059443,-0.79216666666666669,fraction,250,0,outer_limit,nan,0,2.4881977489507299,0.0065765579999999997,2.2360679774997898,5.0000000000000009,-0.81124047424865886,58.678369596796855,34.480417741813881,trajectory reached the configured outer_limit radius
12,492,0.80437413336952723,-0.77600000000000002,fraction,250,0,outer_limit,nan,0,2.5176931828198148,0.0059810449999999999,2.2360679774997898,5.0000000000000009,-0.8111445210617515,58.692040432254998,34.497288698657044,trajectory reached the configured outer_limit radius
12,493,0.80444592257782532,-0.77600000000000002,fraction,250,0,outer_limit,nan,0,2.5145619083896311,0.0056393950000000002,2.2360679774997898,5.0000000000000009,-0.81114835029889021,58.691202474217938,34.495813302629927,trajectory reached the configured outer_limit radius
12,494,0.80451771178612341,-0.77600000000000002,fraction,250,0,outer_limit,nan,0,2.5114448256132449,0.0055895329999999998,2.2360679774997898,5.0000000000000009,-0.81115183296387272,58.690384984895658,34.494319747670446,trajectory reached the configured outer_limit radius
12,495,0.8045895009944215,-0.77600000000000002,fraction,250,0,outer_limit,nan,0,2.50834182231698,0.0084413960000000003,2.2360679774997898,5.0000000000000009,-0.81115497105395484,58.689587855408121,34.492808165620751,trajectory reached the configured outer_limit radius
12,496,0.80466129020271959,-0.77600000000000002,fraction,250,0,outer_limit,nan,0,2.5052527873361385,0.0047112609999999996,2.2360679774997898,5.0000000000000009,-0.81115776654652227,58.68881097785605,34.491278686820358,trajectory reached the configured outer_limit radius
12,497,0.80473307941101768,-0.77600000000000002,fraction,250,0,outer_limit,nan,0,2.5021776105135043,0.0055200730000000003,2.2360679774997898,5.0000000000000009,-0.81116022139943467,58.688054245303704,34.489731440130527,trajectory reached the configured outer_limit radius
12,498,0.80480486861931566,-0.77600000000000002,fraction,250,0,outer_limit,nan,0,2.4991161826970409,0.0052806620000000002,2.2360679774997898,5.0000000000000009,-0.81116233755133671,58.68731755176465,34.488166552962532,trajectory reached the configured outer_limit radius
12,499,0.80487665782761375,-0.77600000000000002,fraction,250,0,outer_limit,nan,0,2.4960683957373391,0.0050454699999999998,2.2360679774997898,5.0000000000000009,-0.81116411692198942,58.686600792185942,34.486584151301074,trajectory reached the configured outer_limit radius
12,500,0.80494844703591184,-0.77600000000000002,fraction,250,0,outer_limit,nan,0,2.4930341424841487,0.0056172139999999997,2.2360679774997902,5.0000000000000027,-0.81116556141256313,58.68590386243401,34.484984359728756,trajectory reached the configured outer_limit radius
12,501,0.80502023624420993,-0.77600000000000002,fraction,250,0,outer_limit,nan,0,2.4900133167829628,0.0040484079999999999,2.2360679774997898,5.0000000000000009,-0.81116667290595057,58.685226659279749,34.483367301451459,trajectory reached the configured outer_limit radius
12,502,0.80509202545250802,-0.77600000000000002,fraction,250,0,outer_limit,nan,0,2.4870058134707738,0.0054571230000000004,2.2360679774997898,5.0000000000000009,-0.81116745326705397,58.684569080384733,34.481733098318657,trajectory reached the configured outer_limit radius
12,503,0.805163814660806,-0.77600000000000002,fraction,250,0,outer_limit,nan,0,2.4840115283717918,0.0060781009999999998,2.2360679774997898,5.0000000000000009,-0.81116790434307307,58.683931024288313,34.480081870850711,trajectory reached the configured outer_limit radius
12,504,0.80523560386910409,-0.77600000000000002,fraction,250,0,outer_limit,nan,0,2.4810303582923603,0.0064851589999999999,2.2360679774997898,5.0000000000000009,-0.81116802796378218,58.683312390393098,34.478413738255334,trajectory reached the configured outer_limit radius
12,505,0.80530739307740218,-0.77600000000000002,fraction,250,0,outer_limit,nan,0,2.4780622010158497,0.0055164029999999996,2.2360679774997898,5.0000000000000009,-0.81116782594179904,58.682713078953512,34.476728818453552,trajectory reached the configured outer_limit radius
12,506,0.80537918228570027,-0.77600000000000002,fraction,250,0,outer_limit,nan,0,2.4751069552973064,0.0065265770000000004,2.2360679774997902,5.0000000000000027,-0.81116730007285998,58.682132991062154,34.475027228099741,trajectory reached the configured outer_limit radius
12,507,0.80545097149399836,-0.77600000000000002,fraction,250,0,outer_limit,nan,0,2.4721645208577074,0.0065534210000000002,2.2360679774997898,5.0000000000000009,-0.81116645213606864,58.68157202863771,34.473309082601325,trajectory reached the configured outer_limit radius
12,508,0.80552276070229645,-0.77600000000000002,fraction,250,0,outer_limit,nan,0,2.4692347983776801,0.0064507790000000002,2.2360679774997898,5.0000000000000009,-0.81116528389415399,58.68103009441333,34.471574496139795,trajectory reached the configured outer_limit radius
12,509,0.80559454991059443,-0.77600000000000002,fraction,250,0,outer_limit,nan,0,2.4663176894917127,0.0056412299999999997,2.2360679774997898,5.0000000000000009,-0.81116379709372077,58.680507091924369,34.469823581690079,trajectory reached the configured outer_limit radius
13,492,0.80437413336952723,-0.75983333333333336,fraction,250,0,outer_limit,nan,0,2.4972033997743037,0.0067036600000000002,2.2360679774997898,5.0000000000000009,-0.81108991592828228,58.693171770636695,34.488667110876293,trajectory reached the configured outer_limit radius
13,493,0.80444592257782532,-0.75983333333333336,fraction,250,0,outer_limit,nan,0,2.4940581281575236,0.0062342639999999998,2.2360679774997898,5.0000000000000009,-0.81109222395604208,58.692412764703668,34.487082158314593,trajectory reached the configured outer_limit radius
13,494,0.80451771178612341,-0.75983333333333336,fraction,250,0,outer_limit,nan,0,2.4909273225941053,0.0055611009999999997,2.2360679774997898,5.0000000000000009,-0.81109417902334724,58.691674656473644,34.485478869707165,trajectory reached the configured outer_limit radius
13,495,0.8045895009944215,-0.75983333333333336,fraction,250,0,outer_limit,nan,0,2.4878108652678419,0.0051145369999999997,2.2360679774997907,5.0000000000000044,-0.81109578320069409,58.690957332318618,34.483857380011059,trajectory reached the configured outer_limit radius
13,496,0.80466129020271959,-0.75983333333333336,fraction,250,0,outer_limit,nan,0,2.4847086395146518,0.0066288950000000001,2.2360679774997898,5.0000000000000009,-0.81109703853762039,58.690260679657044,34.482217822626843,trajectory reached the configured outer_limit radius
13,497,0.80473307941101768,-0.75983333333333336,fraction,250,0,outer_limit,nan,0,2.4816205298167815,0.0053442799999999999,2.2360679774997898,5.0000000000000009,-0.81109794706306337,58.689584586937805,34.480560329428172,trajectory reached the configured outer_limit radius
13,498,0.80480486861931566,-0.75983333333333336,fraction,250,0,outer_limit,nan,0,2.4785464217968896,0.0072374149999999996,2.2360679774997898,5.0000000000000009,-0.8110985107857156,58.688928943621384,34.478885030787708,trajectory reached the configured outer_limit radius
13,499,0.80487665782761375,-0.75983333333333336,fraction,250,0,outer_limit,nan,0,2.4754862022103867,0.0047531769999999999,2.2360679774997898,5.0000000000000009,-0.8110987316943461,58.68829364016549,34.477192055602899,trajectory reached the configured outer_limit radius
13,500,0.80494844703591184,-0.75983333333333336,fraction,250,0,outer_limit,nan,0,2.4724397589391569,0.0052552049999999998,2.2360679774997898,5.0000000000000009,-0.8110986117581469,58.687678568007499,34.475481531322174,trajectory reached the configured outer_limit radius
13,501,0.80502023624420993,-0.75983333333333336,fraction,250,0,outer_limit,nan,0,2.4694069809835475,0.0080796349999999999,2.2360679774997898,5.0000000000000009,-0.81109815292704579,58.687083619549568,34.473753583968637,trajectory reached the configured outer_limit radius
13,502,0.80509202545250802,-0.75983333333333336,fraction,250,0,outer_limit,nan,0,2.466387758454998,0.0053205969999999998,2.2360679774997898,5.0000000000000009,-0.81109735713201947,58.686508688144002,34.472008338165978,trajectory reached the configured outer_limit radius
13,503,0.805163814660806,-0.75983333333333336,fraction,250,0,outer_limit,nan,0,2.4633819825678125,0.0074110879999999997,2.2360679774997898,5.0000000000000009,-0.81109622628540201,58.685953668077723,34.470245917161307,trajectory reached the configured outer_limit radius
13,504,0.80523560386910409,-0.75983333333333336,fraction,250,0,outer_limit,nan,0,2.4603895456309326,0.0064946250000000004,2.2360679774997898,5.0000000000000009,-0.8110947622811755,58.685418454558707,34.468466442848033,trajectory reached the configured outer_limit radius
13,505,0.80530739307740218,-0.75983333333333336,fraction,250,0,outer_limit,nan,0,2.4574103410397803,0.0061395989999999999,2.2360679774997902,5.0000000000000027,-0.81109296699527544,58.684902943700813,34.466670035789051,trajectory reached the configured outer_limit radius
13,506,0.80537918228570027,-0.75983333333333336,fraction,250,0,outer_limit,nan,0,2.4544442632674008,0.005608343,2.2360679774997898,5.0000000000000009,-0.81109084228585859,58.684407032511174,34.464856815238278,trajectory reached the configured outer_limit radius
13,507,0.80545097149399836,-0.75983333333333336,fraction,250,0,outer_limit,nan,0,2.4514912078554079,0.0059722849999999999,2.2360679774997898,5.0000000000000009,-0.81108838999358546,58.683930618876701,34.463026899162806,trajectory reached the configured outer_limit radius
13,508,0.80552276070229645,-0.75983333333333336,fraction,250,0,outer_limit,nan,0,2.4485510714055168,0.0053193559999999999,2.2360679774997898,5.0000000000000009,-0.81108561194189555,58.683473601550354,34.461180404262912,trajectory reached the configured outer_limit radius
13,509,0.80559454991059443,-0.75983333333333336,fraction,250,0,outer_limit,nan,0,2.4456237515700581,0.0063792459999999999,2.2360679774997898,5.0000000000000009,-0.81108250993726072,58.683035880139535,34.459317445993314,trajectory reached the configured outer_limit radius
14,492,0.80437413336952723,-0.7436666666666667,fraction,250,0,outer_limit,nan,0,2.4777526604820137,0.0057149239999999997,2.2360679774997898,5.0000000000000009,-0.81103091418509199,58.694660561268876,34.480085044952112,trajectory reached the configured outer_limit radius
14,493,0.80444592257782532,-0.7436666666666667,fraction,250,0,outer_limit,nan,0,2.4745947099447076,0.0055382249999999999,2.2360679774997898,5.0000000000000009,-0.81103172835675974,58.693979595309315,34.478393984652364,trajectory reached the configured outer_limit radius
14,494,0.80451771178612341,-0.7436666666666667,fraction,250,0,outer_limit,nan,0,2.471451478471455,0.0059926859999999997,2.2360679774997902,5.0000000000000027,-0.81103218364460061,58.693319926445035,34.476684431429987,trajectory reached the configured outer_limit radius
14,495,0.8045895009944215,-0.7436666666666667,fraction,250,0,outer_limit,nan,0,2.4683228430168742,0.0059080460000000001,2.2360679774997898,5.0000000000000009,-0.8110322821884115,58.692681436529895,34.474956523137337,trajectory reached the configured outer_limit radius
14,496,0.80466129020271959,-0.7436666666666667,fraction,250,0,outer_limit,nan,0,2.4652086818216628,0.0053377920000000001,2.2360679774997898,5.0000000000000009,-0.81103202610599845,58.69206400852849,34.47321039602344,trajectory reached the configured outer_limit radius
14,497,0.80473307941101768,-0.7436666666666667,fraction,250,0,outer_limit,nan,0,2.462108874402086,0.0057056600000000004,2.2360679774997898,5.0000000000000009,-0.81103141749354812,58.691467526497625,34.471446184761682,trajectory reached the configured outer_limit radius
14,498,0.80480486861931566,-0.7436666666666667,fraction,250,0,outer_limit,nan,0,2.4590233015400993,0.0069101400000000004,2.2360679774997898,5.0000000000000009,-0.81103045842600319,58.690891875567289,34.469664022476266,trajectory reached the configured outer_limit radius
14,499,0.80487665782761375,-0.7436666666666667,fraction,250,0,outer_limit,nan,0,2.455951845272395,0.0052811409999999996,2.2360679774997898,5.0000000000000009,-0.81102915095741779,58.690336941924414,34.467864040773392,trajectory reached the configured outer_limit radius
14,500,0.80494844703591184,-0.7436666666666667,fraction,250,0,outer_limit,nan,0,2.452894388879999,0.005664105,2.2360679774997898,5.0000000000000009,-0.81102749712130884,58.689802612794466,34.46604636976241,trajectory reached the configured outer_limit radius
14,501,0.80502023624420993,-0.7436666666666667,fraction,250,0,outer_limit,nan,0,2.4498508168770585,0.0042134850000000003,2.2360679774997898,5.0000000000000009,-0.81102549893099762,58.689288776425414,34.464211138085929,trajectory reached the configured outer_limit radius
14,502,0.80509202545250802,-0.7436666666666667,fraction,250,0,outer_limit,nan,0,2.4468210149997387,0.0058614909999999999,2.2360679774997898,5.0000000000000009,-0.81102315837993999,58.688795322071321,34.462358472943492,trajectory reached the configured outer_limit radius
14,503,0.805163814660806,-0.7436666666666667,fraction,250,0,outer_limit,nan,0,2.4438048701949047,0.0059481830000000001,2.2360679774997907,5.0000000000000044,-0.81102047744205241,58.68832213997684,34.460488500116483,trajectory reached the configured outer_limit radius
14,504,0.80523560386910409,-0.7436666666666667,fraction,250,0,outer_limit,nan,0,2.4408022706089909,0.0049303970000000004,2.2360679774997898,5.0000000000000009,-0.81101745807202974,58.687869121360421,34.45860134399139,trajectory reached the configured outer_limit radius
14,505,0.80530739307740218,-0.7436666666666667,fraction,250,0,outer_limit,nan,0,2.4378131055760437,0.0052840159999999999,2.2360679774997898,5.0000000000000009,-0.81101410220564751,58.687436158401411,34.456697127584619,trajectory reached the configured outer_limit radius
14,506,0.80537918228570027,-0.7436666666666667,fraction,250,0,outer_limit,nan,0,2.4348372656064803,0.0081410279999999998,2.2360679774997898,5.0000000000000009,-0.81101041176007238,58.68702314422309,34.454775972563908,trajectory reached the configured outer_limit radius
14,507,0.80545097149399836,-0.7436666666666667,fraction,250,0,outer_limit,nan,0,2.4318746423751354,0.0052307109999999999,2.2360679774997898,5.0000000000000009,-0.81100638863414254,58.686629972880354,34.452837999272049,trajectory reached the configured outer_limit radius
14,508,0.80552276070229645,-0.7436666666666667,fraction,250,0,outer_limit,nan,0,2.4289251287098206,0.0068286459999999998,2.2360679774997898,5.0000000000000009,-0.81100203470866883,58.686256539343965,34.450883326747601,trajectory reached the configured outer_limit radius
14,509,0.80559454991059443,-0.7436666666666667,fraction,250,0,outer_limit,nan,0,2.4259886185792721,0.0054851199999999996,2.2360679774997898,5.0000000000000009,-0.81099735184670407,58.685902739488036,34.44891207274712,trajectory reached the configured outer_limit radius
15,492,0.80437413336952723,-0.72750000000000004,fraction,250,0,outer_limit,nan,0,2.4592365879343667,0.0077111699999999998,2.2360679774997898,5.0000000000000009,-0.81096814084915181,58.69646273133479,34.4715558497766,trajectory reached the configured outer_limit radius
15,493,0.80444592257782532,-0.72750000000000004,fraction,250,0,outer_limit,nan,0,2.4560671050723148,0.005353539,2.2360679774997898,5.0000000000000009,-0.81096748860158652,58.695858824401029,34.469761958733173,trajectory reached the configured outer_limit radius
15,494,0.80451771178612341,-0.72750000000000004,fraction,250,0,outer_limit,nan,0,2.4529125755072911,0.005673656,2.2360679774997898,5.0000000000000009,-0.81096647197004423,58.695276586922198,34.467949436055484,trajectory reached the configured outer_limit radius
15,495,0.8045895009944215,-0.72750000000000004,fraction,250,0,outer_limit,nan,0,2.4497728713303766,0.0054774389999999997,2.2360679774997898,5.0000000000000009,-0.81096509315999232,58.694715896447853,34.466118422293547,trajectory reached the configured outer_limit radius
15,496,0.80466129020271959,-0.72750000000000004,fraction,250,0,outer_limit,nan,0,2.4466478660434392,0.0064790309999999997,2.2360679774997898,5.0000000000000009,-0.8109633543539112,58.694176631699776,34.464269056347405,trajectory reached the configured outer_limit radius
15,497,0.80473307941101768,-0.72750000000000004,fraction,250,0,outer_limit,nan,0,2.4435374345450143,0.005459869,2.2360679774997902,5.0000000000000027,-0.81096125771169758,58.693658672551557,34.462401475496769,trajectory reached the configured outer_limit radius
15,498,0.80480486861931566,-0.72750000000000004,fraction,250,0,outer_limit,nan,0,2.4404414531164389,0.0059306230000000003,2.2360679774997898,5.0000000000000009,-0.81095880537105447,58.693161900008889,34.460515815429197,trajectory reached the configured outer_limit radius
15,499,0.80487665782761375,-0.72750000000000004,fraction,250,0,outer_limit,nan,0,2.4373597994076426,0.0072709999999999997,2.2360679774997898,5.0000000000000009,-0.81095599944786678,58.692686196191929,34.458612210269528,trajectory reached the configured outer_limit radius
15,500,0.80494844703591184,-0.72750000000000004,fraction,250,0,outer_limit,nan,0,2.4342923524229469,0.0052484949999999997,2.2360679774997898,5.0000000000000009,-0.81095284203657658,58.692231444315169,34.456690792605222,trajectory reached the configured outer_limit radius
15,501,0.80502023624420993,-0.72750000000000004,fraction,250,0,outer_limit,nan,0,2.4312389925067617,0.0060924129999999996,2.2360679774997898,5.0000000000000009,-0.81094933521053647,58.691797528671614,34.454751693516634,trajectory reached the configured outer_limit radius
15,502,0.80509202545250802,-0.72750000000000004,fraction,250,0,outer_limit,nan,0,2.4281996013292826,0.0052706070000000001,2.2360679774997898,5.0000000000000009,-0.81094548102236452,58.691384334613609,34.452795042598773,trajectory reached the configured outer_limit radius
15,503,0.805163814660806,-0.72750000000000004,fraction,250,0,outer_limit,nan,0,2.4251740618721702,0.0051454609999999996,2.2360679774997898,5.0000000000000009,-0.81094128150428968,58.690991748537073,34.450820967990659,trajectory reached the configured outer_limit radius
15,504,0.80523560386910409,-0.72750000000000004,fraction,250,0,outer_limit,nan,0,2.4221622584139624,0.004149565,2.2360679774997898,5.0000000000000009,-0.81093673866847471,58.690619657864659,34.448829596397957,trajectory reached the configured outer_limit radius
15,505,0.80530739307740218,-0.72750000000000004,fraction,250,0,outer_limit,nan,0,2.4191640765158926,0.006281895,2.2360679774997898,5.0000000000000009,-0.81093185450735283,58.690267951029519,34.446821053118597,trajectory reached the configured outer_limit radius
15,506,0.80537918228570027,-0.72750000000000004,fraction,250,0,outer_limit,nan,0,2.4161794030075066,0.0049420940000000002,2.2360679774997898,5.0000000000000009,-0.81092663099394235,58.689936517459543,34.444795462065272,trajectory reached the configured outer_limit radius
15,507,0.80545097149399836,-0.72750000000000004,fraction,250,0,outer_limit,nan,0,2.4132081259720328,0.0030403159999999999,2.2360679774997898,5.0000000000000009,-0.81092107008214998,58.689625247562333,34.442752945789273,trajectory reached the configured outer_limit radius
15,508,0.80552276070229645,-0.72750000000000004,fraction,250,0,outer_limit,nan,0,2.4102501347323551,0.0056327829999999997,2.2360679774997902,5.0000000000000027,-0.81091517370707877,58.68933403271042,34.440693625502995,trajectory reached the configured outer_limit radius
15,509,0.80559454991059443,-0.72750000000000004,fraction,250,0,outer_limit,nan,0,2.407305319836651,0.0054127469999999999,2.2360679774997898,5.0000000000000009,-0.81090894378532563,58.689062765225707,34.438617621101848,trajectory reached the configured outer_limit radius
16,492,0.80437413336952723,-0.71133333333333337,fraction,250,0,outer_limit,nan,0,2.4415664860388566,0.0054541600000000004,2.2360679774997907,5.0000000000000044,-0.81090212786065652,58.698540639086602,34.463090509013369,trajectory reached the configured outer_limit radius
16,493,0.80444592257782532,-0.71133333333333337,fraction,250,0,outer_limit,nan,0,2.4383864753380791,0.0046333670000000002,2.2360679774997902,5.0000000000000027,-0.81090003661438981,58.698012756343829,34.461196911342519,trajectory reached the configured outer_limit radius
16,494,0.80451771178612341,-0.71133333333333337,fraction,250,0,outer_limit,nan,0,2.4352216355673293,0.0057058120000000002,2.2360679774997898,5.0000000000000009,-0.81089757587124278,58.697506890601723,34.459284559716707,trajectory reached the configured outer_limit radius
16,495,0.8045895009944215,-0.71133333333333337,fraction,250,0,outer_limit,nan,0,2.4320718342792151,0.0054275790000000001,2.2360679774997898,5.0000000000000009,-0.81089474789897453,58.69702291530632,34.457353597201909,trajectory reached the configured outer_limit radius
16,496,0.80466129020271959,-0.71133333333333337,fraction,250,0,outer_limit,nan,0,2.4289369405537307,0.0038559409999999999,2.2360679774997898,5.0000000000000009,-0.8108915549414164,58.696560705133237,34.455404165169234,trajectory reached the configured outer_limit radius
16,497,0.80473307941101768,-0.71133333333333337,fraction,250,0,outer_limit,nan,0,2.4258168249812577,0.0059331920000000003,2.2360679774997898,5.0000000000000009,-0.8108879992188921,58.696120135967675,34.453436403328183,trajectory reached the configured outer_limit radius
16,498,0.80480486861931566,-0.71133333333333337,fraction,250,0,outer_limit,nan,0,2.4227113596446417,0.0062209220000000003,2.2360679774997907,5.0000000000000044,-0.8108840829286208,58.695701084884078,34.451450449755008,trajectory reached the configured outer_limit radius
16,499,0.80487665782761375,-0.71133333333333337,fraction,250,0,outer_limit,nan,0,2.419620418101859,0.0049421639999999998,2.2360679774997898,5.0000000000000009,-0.81087980824512673,58.695303430124653,34.449446440921861,trajectory reached the configured outer_limit radius
16,500,0.80494844703591184,-0.71133333333333337,fraction,250,0,outer_limit,nan,0,2.4165438753685393,0.0071888469999999999,2.2360679774997898,5.0000000000000009,-0.81087517732061465,58.694927051082431,34.447424511726396,trajectory reached the configured outer_limit radius
16,501,0.80502023624420993,-0.71133333333333337,fraction,250,0,outer_limit,nan,0,2.4134816079005921,0.005021391,2.2360679774997898,5.0000000000000009,-0.81087019228536028,58.694571828279408,34.44538479551688,trajectory reached the configured outer_limit radius
16,502,0.80509202545250802,-0.71133333333333337,fraction,250,0,outer_limit,nan,0,2.4104334935769018,0.005413228,2.2360679774997898,5.0000000000000009,-0.81086485524806906,58.694237643350689,34.443327424123197,trajectory reached the configured outer_limit radius
16,503,0.805163814660806,-0.71133333333333337,fraction,250,0,outer_limit,nan,0,2.4073994116817889,0.005798592,2.2360679774997898,5.0000000000000009,-0.81085916829624016,58.693924379024509,34.441252527878099,trajectory reached the configured outer_limit radius
16,504,0.80523560386910409,-0.71133333333333337,fraction,250,0,outer_limit,nan,0,2.404379242888202,0.0054236980000000002,2.2360679774997898,5.0000000000000009,-0.81085313349651778,58.693631919106515,34.439160235648608,trajectory reached the configured outer_limit radius
16,505,0.80530739307740218,-0.71133333333333337,fraction,250,0,outer_limit,nan,0,2.4013728692404599,0.0072101880000000002,2.2360679774997898,5.0000000000000009,-0.81084675289503338,58.693360148460506,34.4370506748552,trajectory reached the configured outer_limit radius
16,506,0.80537918228570027,-0.71133333333333337,fraction,250,0,outer_limit,nan,0,2.398380174136999,0.0050613910000000002,2.2360679774997898,5.0000000000000009,-0.81084002851773262,58.693108952994237,34.434923971502052,trajectory reached the configured outer_limit radius
16,507,0.80545097149399836,-0.71133333333333337,fraction,250,0,outer_limit,nan,0,2.3954010423138943,0.0050954900000000003,2.2360679774997898,5.0000000000000009,-0.81083296237070712,58.692878219641123,34.432780250195449,trajectory reached the configured outer_limit radius
16,508,0.80552276070229645,-0.71133333333333337,fraction,250,0,outer_limit,nan,0,2.3924353598278851,0.0057071630000000003,2.2360679774997898,5.0000000000000009,-0.81082555644051313,58.692667836345279,34.430619634171201,trajectory reached the configured outer_limit radius
16,509,0.80559454991059443,-0.71133333333333337,fraction,250,0,outer_limit,nan,0,2.3894830140397985,0.0054235669999999998,2.2360679774997898,5.0000000000000009,-0.81081781269447339,58.692477692046602,34.42844224531639,trajectory reached the configured outer_limit radius
17,492,0.80437413336952723,-0.69516666666666671,fraction,250,0,outer_limit,nan,0,2.424666274164256,0.0034012589999999998,2.2360679774997902,5.0000000000000027,-0.8108333319227905,58.700861853740705,34.45469812718207,trajectory reached the configured outer_limit radius
17,493,0.80444592257782532,-0.69516666666666671,fraction,250,0,outer_limit,nan,0,2.4214766212663061,0.0057120249999999999,2.2360679774997898,5.0000000000000009,-0.81082982900886713,58.700408918144795,34.452707810002579,trajectory reached the configured outer_limit radius
17,494,0.80451771178612341,-0.69516666666666671,fraction,250,0,outer_limit,nan,0,2.4183023421657381,0.0062315770000000003,2.2360679774997898,5.0000000000000009,-0.81082595184109107,58.699978324221021,34.450698631405807,trajectory reached the configured outer_limit radius
17,495,0.8045895009944215,-0.69516666666666671,fraction,250,0,outer_limit,nan,0,2.4151433001670868,0.005389413,2.2360679774997898,5.0000000000000009,-0.81082170274637833,58.699569941497224,34.448670736804161,trajectory reached the configured outer_limit radius
17,496,0.80466129020271959,-0.69516666666666671,fraction,250,0,outer_limit,nan,0,2.4119993602123619,0.005217452,2.2360679774997898,5.0000000000000009,-0.81081708402681063,58.699183640788846,34.446624269876551,trajectory reached the configured outer_limit radius
17,497,0.80473307941101768,-0.69516666666666671,fraction,250,0,outer_limit,nan,0,2.4088703888600165,0.0059042909999999999,2.2360679774997898,5.0000000000000009,-0.81081209796007747,58.69881929417528,34.444559372598881,trajectory reached the configured outer_limit radius
17,498,0.80480486861931566,-0.69516666666666671,fraction,250,0,outer_limit,nan,0,2.4057562542647295,0.0055192169999999999,2.2360679774997898,5.0000000000000009,-0.81080674679990561,58.698476774979071,34.442476185275972,trajectory reached the configured outer_limit radius
17,499,0.80487665782761375,-0.69516666666666671,fraction,250,0,outer_limit,nan,0,2.4026568261559729,0.0060304540000000002,2.2360679774997898,5.0000000000000009,-0.8108010327764742,58.698155957744085,34.440374846569554,trajectory reached the configured outer_limit radius
17,500,0.80494844703591184,-0.69516666666666671,fraction,250,0,outer_limit,nan,0,2.3995719758180813,0.0062173530000000001,2.2360679774997898,5.0000000000000009,-0.81079495809682056,58.697856718216272,34.438255493531194,trajectory reached the configured outer_limit radius
17,501,0.80502023624420993,-0.69516666666666671,fraction,250,0,outer_limit,nan,0,2.3965015760696655,0.0046635110000000004,2.2360679774997898,5.0000000000000009,-0.81078852494523934,58.697578933321594,34.436118261626028,trajectory reached the configured outer_limit radius
17,502,0.80509202545250802,-0.69516666666666671,fraction,250,0,outer_limit,nan,0,2.3934455012432929,0.0054050189999999996,2.2360679774997898,5.0000000000000009,-0.81078173548366217,58.697322481148881,34.433963284764744,trajectory reached the configured outer_limit radius
17,503,0.805163814660806,-0.69516666666666671,fraction,250,0,outer_limit,nan,0,2.3904036271660791,0.0053969270000000001,2.2360679774997898,5.0000000000000009,-0.81077459185204492,58.69708724092861,34.431790695328374,trajectory reached the configured outer_limit radius
17,504,0.80523560386910409,-0.69516666666666671,fraction,250,0,outer_limit,nan,0,2.3873758311388977,0.004813973,2.2360679774997898,5.0000000000000009,-0.81076709616871823,58.696873093016286,34.429600624195359,trajectory reached the configured outer_limit radius
17,505,0.80530739307740218,-0.69516666666666671,fraction,250,0,outer_limit,nan,0,2.3843619919175856,0.0061265599999999996,2.2360679774997898,5.0000000000000009,-0.8107592505307587,58.696679918873251,34.427393200767604,trajectory reached the configured outer_limit radius
17,506,0.80537918228570027,-0.69516666666666671,fraction,250,0,outer_limit,nan,0,2.3813619896930378,0.0052140670000000002,2.2360679774997898,5.0000000000000009,-0.81075105701432915,58.696507601049738,34.425168552995459,trajectory reached the configured outer_limit radius
17,507,0.80545097149399836,-0.69516666666666671,fraction,250,0,outer_limit,nan,0,2.3783757060719992,0.0036972770000000001,2.2360679774997898,5.0000000000000009,-0.8107425176750257,58.696356023166828,34.422926807402121,trajectory reached the configured outer_limit radius
17,508,0.80552276070229645,-0.69516666666666671,fraction,250,0,outer_limit,nan,0,2.3754030240581607,0.0061065909999999998,2.2360679774997898,5.0000000000000009,-0.8107336345482008,58.696225069901061,34.420668089107508,trajectory reached the configured outer_limit radius
17,509,0.80559454991059443,-0.69516666666666671,fraction,250,0,outer_limit,nan,0,2.3724438280331239,0.005710382,2.2360679774997898,5.0000000000000009,-0.81072440964929737,58.696114626966924,34.418392521853214,trajectory reached the configured outer_limit radius
18,492,0.80437413336952723,-0.67900000000000005,fraction,250,0,outer_limit,nan,0,2.408470147760494,0.0050680780000000002,2.2360679774997898,5.0000000000000009,-0.81076214819397441,58.703398217573287,34.446386299099196,trajectory reached the configured outer_limit radius
18,493,0.80444592257782532,-0.67900000000000005,fraction,250,0,outer_limit,nan,0,2.4052716380121093,0.0051392920000000002,2.2360679774997898,5.0000000000000009,-0.81075726080045474,58.703019119097817,34.444302126012815,trajectory reached the configured outer_limit radius
18,494,0.80451771178612341,-0.67900000000000005,fraction,250,0,outer_limit,nan,0,2.4020886917213562,0.0055734399999999998,2.2360679774997898,5.0000000000000009,-0.81075199472459791,58.702662665795273,34.442198997569172,trajectory reached the configured outer_limit radius
18,495,0.8045895009944215,-0.67900000000000005,fraction,250,0,outer_limit,nan,0,2.3989211682057969,0.0055811159999999997,2.2360679774997898,5.0000000000000009,-0.81074635234953651,58.702328723452439,34.44007706137284,trajectory reached the configured outer_limit radius
18,496,0.80466129020271959,-0.67900000000000005,fraction,250,0,outer_limit,nan,0,2.3957689285241486,0.0063291709999999998,2.2360679774997902,5.0000000000000027,-0.81074033603270967,58.702017159197403,34.437936463256854,trajectory reached the configured outer_limit radius
18,497,0.80473307941101768,-0.67900000000000005,fraction,250,0,outer_limit,nan,0,2.3926318354519145,0.0051126469999999997,2.2360679774997902,5.0000000000000027,-0.81073394810631538,58.701727841475837,34.43577734731393,trajectory reached the configured outer_limit radius
18,498,0.80480486861931566,-0.67900000000000005,fraction,250,0,outer_limit,nan,0,2.3895097534577734,0.0052502979999999996,2.2360679774997898,5.0000000000000009,-0.81072719087776701,58.701460640027634,34.433599855928634,trajectory reached the configured outer_limit radius
18,499,0.80487665782761375,-0.67900000000000005,fraction,250,0,outer_limit,nan,0,2.3864025486798051,0.0064846000000000001,2.2360679774997898,5.0000000000000009,-0.81072006663012064,58.70121542586611,34.431404129808563,trajectory reached the configured outer_limit radius
18,500,0.80494844703591184,-0.67900000000000005,fraction,250,0,outer_limit,nan,0,2.3833100889019665,0.0054025380000000001,2.2360679774997898,5.0000000000000009,-0.81071257762250137,58.700992071254589,34.429190308012842,trajectory reached the configured outer_limit radius
18,501,0.80502023624420993,-0.67900000000000005,fraction,250,0,outer_limit,nan,0,2.3802322435312941,0.0059094880000000001,2.2360679774997898,5.0000000000000009,-0.81070472609051736,58.700790449687247,34.426958527984397,trajectory reached the configured outer_limit radius
18,502,0.80509202545250802,-0.67900000000000005,fraction,250,0,outer_limit,nan,0,2.377168883574555,0.0056235340000000003,2.2360679774997898,5.0000000000000009,-0.81069651424665734,58.700610435866722,34.424708925574294,trajectory reached the configured outer_limit radius
18,503,0.805163814660806,-0.67900000000000005,fraction,250,0,outer_limit,nan,0,2.3741198816161826,0.0048496540000000001,2.2360679774997898,5.0000000000000009,-0.81068794428068758,58.700451905686471,34.422441635074733,trajectory reached the configured outer_limit radius
18,504,0.80523560386910409,-0.67900000000000005,fraction,250,0,outer_limit,nan,0,2.3710851117954417,0.0063487109999999999,2.2360679774997898,5.0000000000000009,-0.81067901836003209,58.700314736208398,34.420156789240714,trajectory reached the configured outer_limit radius
18,505,0.80530739307740218,-0.67900000000000005,fraction,250,0,outer_limit,nan,0,2.3680644497847676,0.0057879020000000002,2.2360679774997898,5.0000000000000009,-0.81066973863014324,58.700198805646949,34.417854519321658,trajectory reached the configured outer_limit radius
18,506,0.80537918228570027,-0.67900000000000005,fraction,250,0,outer_limit,nan,0,2.3650577727677367,0.0052196450000000002,2.2360679774997898,5.0000000000000009,-0.81066010721486537,58.700103993348762,34.415534955084063,trajectory reached the configured outer_limit radius
18,507,0.80545097149399836,-0.67900000000000005,fraction,250,0,outer_limit,nan,0,2.3620649594175087,0.0056478090000000002,2.2360679774997898,5.0000000000000009,-0.81065012621679022,58.700030179774579,34.413198224836236,trajectory reached the configured outer_limit radius
18,508,0.80552276070229645,-0.67900000000000005,fraction,250,0,outer_limit,nan,0,2.359085889875931,0.003718758,2.2360679774997898,5.0000000000000009,-0.81063979771760608,58.699977246482874,34.410844455457067,trajectory reached the configured outer_limit radius
18,509,0.80559454991059443,-0.67900000000000005,fraction,250,0,outer_limit,nan,0,2.3561204457321372,0.0064765939999999996,2.2360679774997898,5.0000000000000009,-0.81062912377842611,58.699945076111604,34.408473772414908,trajectory reached the configured outer_limit radius
19,492,0.80437413336952723,-0.66283333333333339,fraction,250,0,outer_limit,nan,0,2.3929207657836518,0.0067609840000000003,2.2360679774997902,5.0000000000000027,-0.81068892095428513,58.706125114131396,34.438161394794818,trajectory reached the configured outer_limit radius
19,493,0.80444592257782532,-0.66283333333333339,fraction,250,0,outer_limit,nan,0,2.3897140991988048,0.0066546440000000004,2.2360679774997898,5.0000000000000009,-0.81068267608741329,58.705818717115221,34.43598611744509,trajectory reached the configured outer_limit radius
19,494,0.80451771178612341,-0.66283333333333339,fraction,250,0,outer_limit,nan,0,2.3865231738592367,0.0048594210000000001,2.2360679774997898,5.0000000000000009,-0.810676048413979,58.705535249112636,34.433791803149226,trajectory reached the configured outer_limit radius
19,495,0.8045895009944215,-0.66283333333333339,fraction,250,0,outer_limit,nan,0,2.3833478453315067,0.0052102219999999996,2.2360679774997898,5.0000000000000009,-0.81066904037057785,58.705274572335412,34.431578601560524,trajectory reached the configured outer_limit radius
19,496,0.80466129020271959,-0.66283333333333339,fraction,250,0,outer_limit,nan,0,2.3801879710209759,0.0057530430000000002,2.2360679774997898,5.0000000000000009,-0.81066165436728865,58.705036550388144,34.429346660524658,trajectory reached the configured outer_limit radius
19,497,0.80473307941101768,-0.66283333333333339,fraction,250,0,outer_limit,nan,0,2.3770434101447617,0.0051727689999999998,2.2360679774997898,5.0000000000000009,-0.81065389278814359,58.70482104824427,34.427096126112183,trajectory reached the configured outer_limit radius
19,498,0.80480486861931566,-0.66283333333333339,fraction,250,0,outer_limit,nan,0,2.3739140237046774,0.0056157890000000004,2.2360679774997898,5.0000000000000009,-0.81064575799159855,58.70462793222142,34.424827142650351,trajectory reached the configured outer_limit radius
19,499,0.80487665782761375,-0.66283333333333339,fraction,250,0,outer_limit,nan,0,2.3707996744608959,0.0052522810000000001,2.2360679774997898,5.0000000000000009,-0.81063725231098016,58.704457069959155,34.422539852756621,trajectory reached the configured outer_limit radius
19,500,0.80494844703591184,-0.66283333333333339,fraction,250,0,outer_limit,nan,0,2.3677002269059644,0.0055790320000000003,2.2360679774997898,5.0000000000000009,-0.81062837805493326,58.704308330394923,34.420234397366535,trajectory reached the configured outer_limit radius
19,501,0.80502023624420993,-0.66283333333333339,fraction,250,0,outer_limit,nan,0,2.364615547238504,0.0056410929999999998,2.2360679774997898,5.0000000000000009,-0.81061913750783676,58.704181583744202,34.417910915767678,trajectory reached the configured outer_limit radius
19,502,0.80509202545250802,-0.66283333333333339,fraction,250,0,outer_limit,nan,0,2.3615455033385535,0.0052744530000000001,2.2360679774997898,5.0000000000000009,-0.81060953293023774,58.704076701476389,34.415569545624194,trajectory reached the configured outer_limit radius
19,503,0.805163814660806,-0.66283333333333339,fraction,250,0,outer_limit,nan,0,2.358489964741854,0.0049566139999999998,2.2360679774997907,5.0000000000000044,-0.81059956655924625,58.70399355629668,34.413210423011165,trajectory reached the configured outer_limit radius
19,504,0.80523560386910409,-0.66283333333333339,fraction,250,0,outer_limit,nan,0,2.3554488026155442,0.0057116399999999996,2.2360679774997898,5.0000000000000009,-0.81058924060893489,58.70393202212297,34.410833682435907,trajectory reached the configured outer_limit radius
19,505,0.80530739307740218,-0.66283333333333339,fraction,250,0,outer_limit,nan,0,2.3524218897335434,0.0052421869999999997,2.2360679774997898,5.0000000000000009,-0.81057855727072847,58.703891974068618,34.408439456870553,trajectory reached the configured outer_limit radius
19,506,0.80537918228570027,-0.66283333333333339,fraction,250,0,outer_limit,nan,0,2.3494091004528528,0.0050556940000000003,2.2360679774997898,5.0000000000000009,-0.81056751871377974,58.7038732884212,34.406027877775969,trajectory reached the configured outer_limit radius
19,507,0.80545097149399836,-0.66283333333333339,fraction,250,0,outer_limit,nan,0,2.3464103106896186,0.0057723160000000004,2.2360679774997898,5.0000000000000009,-0.81055612708533387,58.703875842624591,34.403599075127715,trajectory reached the configured outer_limit radius
19,508,0.80552276070229645,-0.66283333333333339,fraction,250,0,outer_limit,nan,0,2.343425397896119,0.0059912740000000004,2.2360679774997898,5.0000000000000009,-0.81054438451109556,58.703899515260439,34.401153177442907,trajectory reached the configured outer_limit radius
19,509,0.80559454991059443,-0.66283333333333339,fraction,250,0,outer_limit,nan,0,2.3404542410376075,0.006190185,2.2360679774997898,5.0000000000000009,-0.81053229309556929,58.70394418603005,34.398690311802632,trajectory reached the configured outer_limit radius
20,492,0.80437413336952723,-0.64666666666666672,fraction,250,0,outer_limit,nan,0,2.377967827168546,0.0055292859999999996,2.2360679774997898,5.0000000000000009,-0.81061395202549069,58.709020889640371,34.430028782115095,trajectory reached the configured outer_limit radius
20,493,0.80444592257782532,-0.64666666666666672,fraction,250,0,outer_limit,nan,0,2.3747536306222568,0.0053994189999999999,2.2360679774997898,5.0000000000000009,-0.81060637648188283,58.708786038682213,34.427765050185336,trajectory reached the configured outer_limit radius
20,494,0.80451771178612341,-0.64666666666666672,fraction,250,0,outer_limit,nan,0,2.3715553423873597,0.0066226039999999998,2.2360679774997898,5.0000000000000009,-0.81059841429023405,58.70857438226318,34.425482211038243,trajectory reached the configured outer_limit radius
20,495,0.8045895009944215,-0.64666666666666672,fraction,250,0,outer_limit,nan,0,2.3683728144933549,0.0054917400000000002,2.2360679774997898,5.0000000000000009,-0.8105900679380158,58.70838577917673,34.423180416243142,trajectory reached the configured outer_limit radius
20,496,0.80466129020271959,-0.64666666666666672,fraction,250,0,outer_limit,nan,0,2.3652059009010071,0.0056002719999999999,2.2360679774997898,5.0000000000000009,-0.81058133988539227,58.708220089659505,34.420859815527095,trajectory reached the configured outer_limit radius
20,497,0.80473307941101768,-0.64666666666666672,fraction,250,0,outer_limit,nan,0,2.3620544574723588,0.003303467,2.2360679774997898,5.0000000000000009,-0.81057223256570909,58.708077175365233,34.4185205568076,trajectory reached the configured outer_limit radius
20,498,0.80480486861931566,-0.64666666666666672,fraction,250,0,outer_limit,nan,0,2.3589183419410755,0.0051955769999999998,2.2360679774997898,5.0000000000000009,-0.81056274838598263,58.707956899340431,34.416162786228341,trajectory reached the configured outer_limit radius
20,499,0.80487665782761375,-0.64666666666666672,fraction,250,0,outer_limit,nan,0,2.3557974138832711,0.00507144,2.2360679774997898,5.0000000000000009,-0.81055288972736284,58.707859125999683,34.413786648190047,trajectory reached the configured outer_limit radius
20,500,0.80494844703591184,-0.64666666666666672,fraction,250,0,outer_limit,nan,0,2.3526915346888648,0.0049325000000000003,2.2360679774997898,5.0000000000000009,-0.81054265894558963,58.7077837211028,34.411392285382433,trajectory reached the configured outer_limit radius
20,501,0.80502023624420993,-0.64666666666666672,fraction,250,0,outer_limit,nan,0,2.3496005675331202,0.0055370039999999999,2.2360679774997898,5.0000000000000009,-0.81053205837144071,58.707730551730577,34.408979838814446,trajectory reached the configured outer_limit radius
20,502,0.80509202545250802,-0.64666666666666672,fraction,250,0,outer_limit,nan,0,2.3465243773488997,0.0045231020000000002,2.2360679774997898,5.0000000000000009,-0.81052109031115838,58.707699486264055,34.406549447845315,trajectory reached the configured outer_limit radius
20,503,0.805163814660806,-0.64666666666666672,fraction,250,0,outer_limit,nan,0,2.3434628307994778,0.0051948680000000001,2.2360679774997898,5.0000000000000009,-0.81050975704687878,58.707690394360853,34.404101250211824,trajectory reached the configured outer_limit radius
20,504,0.80523560386910409,-0.64666666666666672,fraction,250,0,outer_limit,nan,0,2.3404157962513445,0.0060313880000000004,2.2360679774997898,5.0000000000000009,-0.81049806083703613,58.707703146935927,34.401635382059865,trajectory reached the configured outer_limit radius
20,505,0.80530739307740218,-0.64666666666666672,fraction,250,0,outer_limit,nan,0,2.337383143747541,0.0045290219999999997,2.2360679774997898,5.0000000000000009,-0.81048600391676251,58.707737616139553,34.3991519779686,trajectory reached the configured outer_limit radius
20,506,0.80537918228570027,-0.64666666666666672,fraction,250,0,outer_limit,nan,0,2.3343647449821989,0.004294366,2.2360679774997898,5.0000000000000009,-0.81047358849828965,58.707793675337108,34.396651170980789,trajectory reached the configured outer_limit radius
20,507,0.80545097149399836,-0.64666666666666672,fraction,250,0,outer_limit,nan,0,2.3313604732742466,0.0050604070000000003,2.2360679774997907,5.0000000000000044,-0.81046081677131632,58.70787119909081,34.394133092627527,trajectory reached the configured outer_limit radius
20,508,0.80552276070229645,-0.64666666666666672,fraction,250,0,outer_limit,nan,0,2.3283702035425096,0.0051406070000000002,2.2360679774997898,5.0000000000000009,-0.81044769090338642,58.707970063138362,34.391597872953639,trajectory reached the configured outer_limit radius
20,509,0.80559454991059443,-0.64666666666666672,fraction,250,0,outer_limit,nan,0,2.3253938122808182,0.0053348370000000003,2.2360679774997898,5.0000000000000009,-0.81043421304025298,58.708090144376435,34.389045640544587,trajectory reached the configured outer_limit radius
21,492,0.80437413336952723,-0.63050000000000006,fraction,250,0,outer_limit,nan,0,2.3635669391908785,0.0052324199999999998,2.2360679774997898,5.0000000000000009,-0.81053750749708353,58.712066390077041,34.421993002664649,trajectory reached the configured outer_limit radius
21,493,0.80444592257782532,-0.63050000000000006,fraction,250,0,outer_limit,nan,0,2.3603457764509952,0.0048134470000000002,2.2360679774997898,5.0000000000000009,-0.81052862784428725,58.711901914789081,34.419643372597008,trajectory reached the configured outer_limit radius
21,494,0.80451771178612341,-0.63050000000000006,fraction,250,0,outer_limit,nan,0,2.3571406793662479,0.0057148800000000003,2.2360679774997898,5.0000000000000009,-0.810519357965517,58.711760882455437,34.417274575443393,trajectory reached the configured outer_limit radius
21,495,0.8045895009944215,-0.63050000000000006,fraction,250,0,outer_limit,nan,0,2.3539514966236932,0.0042154719999999996,2.2360679774997898,5.0000000000000009,-0.81050970039667536,58.711643148599798,34.414886764562574,trajectory reached the configured outer_limit radius
21,496,0.80466129020271959,-0.63050000000000006,fraction,250,0,outer_limit,nan,0,2.350778078929614,0.0059823410000000004,2.2360679774997898,5.0000000000000009,-0.81049965764560683,58.711548570237333,34.412480091440734,trajectory reached the configured outer_limit radius
21,497,0.80473307941101768,-0.63050000000000006,fraction,250,0,outer_limit,nan,0,2.3476202789762874,0.0052875609999999997,2.2360679774997898,5.0000000000000009,-0.81048923219259617,58.711477005847591,34.410054705722956,trajectory reached the configured outer_limit radius
21,498,0.80480486861931566,-0.63050000000000006,fraction,250,0,outer_limit,nan,0,2.344477951409917,0.0052930970000000001,2.2360679774997898,5.0000000000000009,-0.81047842649087831,58.71142831534889,34.407610755249465,trajectory reached the configured outer_limit radius
21,499,0.80487665782761375,-0.63050000000000006,fraction,250,0,outer_limit,nan,0,2.3413509527990106,0.0050747980000000002,2.2360679774997898,5.0000000000000009,-0.81046724296711747,58.711402360072498,34.405148386088044,trajectory reached the configured outer_limit radius
21,500,0.80494844703591184,-0.63050000000000006,fraction,250,0,outer_limit,nan,0,2.3382391416028931,0.005196956,2.2360679774997898,5.0000000000000009,-0.81045568402187185,58.711399002739221,34.402667742565967,trajectory reached the configured outer_limit radius
21,501,0.80502023624420993,-0.63050000000000006,fraction,250,0,outer_limit,nan,0,2.3351423781411982,0.0051916530000000001,2.2360679774997898,5.0000000000000009,-0.81044375203006724,58.711418107434255,34.4001689673021,trajectory reached the configured outer_limit radius
21,502,0.80509202545250802,-0.63050000000000006,fraction,250,0,outer_limit,nan,0,2.3320605245639139,0.005433907,2.2360679774997898,5.0000000000000009,-0.81043144934143141,58.711459539584538,34.39765220123585,trajectory reached the configured outer_limit radius
21,503,0.805163814660806,-0.63050000000000006,fraction,250,0,outer_limit,nan,0,2.3289934448213883,0.0062895119999999997,2.2360679774997898,5.0000000000000009,-0.81041877828093289,58.711523165936548,34.395117583659335,trajectory reached the configured outer_limit radius
21,504,0.80523560386910409,-0.63050000000000006,fraction,250,0,outer_limit,nan,0,2.325941004635669,0.004399577,2.2360679774997898,5.0000000000000009,-0.81040574114921071,58.711608854533139,34.392565252245021,trajectory reached the configured outer_limit radius
21,505,0.80530739307740218,-0.63050000000000006,fraction,250,0,outer_limit,nan,0,2.3229030714716736,0.0049895360000000001,2.2360679774997902,5.0000000000000027,-0.81039234022298023,58.711716474693304,34.389995343074119,trajectory reached the configured outer_limit radius
21,506,0.80537918228570027,-0.63050000000000006,fraction,250,0,outer_limit,nan,0,2.3198795145091946,0.005737313,2.2360679774997898,5.0000000000000009,-0.81037857775544375,58.711845896990468,34.38740799066602,trajectory reached the configured outer_limit radius
21,507,0.80545097149399836,-0.63050000000000006,fraction,250,0,outer_limit,nan,0,2.316870204615384,0.005884963,2.2360679774997898,5.0000000000000009,-0.81036445597668005,58.711996993231487,34.384803328001432,trajectory reached the configured outer_limit radius
21,508,0.80552276070229645,-0.63050000000000006,fraction,250,0,outer_limit,nan,0,2.3138750143175675,0.0055441409999999998,2.2360679774997898,5.0000000000000009,-0.81034997709403078,58.712169636438119,34.382181486553549,trajectory reached the configured outer_limit radius
21,509,0.80559454991059443,-0.63050000000000006,fraction,250,0,outer_limit,nan,0,2.3108938177768219,0.0059915070000000001,2.2360679774997898,5.0000000000000009,-0.81033514329247047,58.712363700826685,34.379542596310181,trajectory reached the configured outer_limit radius
22,492,0.80437413336952723,-0.6143333333333334,fraction,250,0,outer_limit,nan,0,2.3496787079607842,0.0040491090000000004,2.2360679774997898,5.0000000000000009,-0.81045982315688125,58.715244586797681,34.414057912335409,trajectory reached the configured outer_limit radius
22,493,0.80444592257782532,-0.6143333333333334,fraction,250,0,outer_limit,nan,0,2.3464510880111877,0.0062865209999999998,2.2360679774997898,5.0000000000000009,-0.81044966572032673,58.715149305658407,34.411624854989114,trajectory reached the configured outer_limit radius
22,494,0.80451771178612341,-0.6143333333333334,fraction,250,0,outer_limit,nan,0,2.3432396822103021,0.0054317469999999998,2.2360679774997898,5.0000000000000009,-0.81043911472618113,58.715077699861602,34.409172580271658,trajectory reached the configured outer_limit radius
22,495,0.8045895009944215,-0.6143333333333334,fraction,250,0,outer_limit,nan,0,2.3400443360810224,0.0049410590000000002,2.2360679774997898,5.0000000000000009,-0.81042817275647561,58.715029621802771,34.406701243216318,trajectory reached the configured outer_limit radius
22,496,0.80466129020271959,-0.6143333333333334,fraction,250,0,outer_limit,nan,0,2.336864897248438,0.0053741190000000001,2.2360679774997898,5.0000000000000009,-0.81041684236445377,58.715004925415364,34.404210996952848,trajectory reached the configured outer_limit radius
22,497,0.80473307941101768,-0.6143333333333334,fraction,250,0,outer_limit,nan,0,2.3337012154044405,0.0062899080000000003,2.2360679774997898,5.0000000000000009,-0.81040512607510029,58.715003466142221,34.401701992741131,trajectory reached the configured outer_limit radius
22,498,0.80480486861931566,-0.6143333333333334,fraction,250,0,outer_limit,nan,0,2.3305531422730952,0.0052248490000000002,2.2360679774997898,5.0000000000000009,-0.8103930263856558,58.715025100909074,34.399174380006883,trajectory reached the configured outer_limit radius
22,499,0.80487665782761375,-0.6143333333333334,fraction,250,0,outer_limit,nan,0,2.3274205315760232,0.0060023029999999996,2.2360679774997898,5.0000000000000009,-0.81038054576611029,58.715069688098751,34.396628306375248,trajectory reached the configured outer_limit radius
22,500,0.80494844703591184,-0.6143333333333334,fraction,250,0,outer_limit,nan,0,2.3243032389993674,0.0051971939999999996,2.2360679774997898,5.0000000000000009,-0.81036768665969738,58.715137087525129,34.394063917703818,trajectory reached the configured outer_limit radius
22,501,0.80502023624420993,-0.6143333333333334,fraction,250,0,outer_limit,nan,0,2.3212011221605162,0.0051266649999999999,2.2360679774997898,5.0000000000000009,-0.81035445148336316,58.715227160408332,34.391481358113936,trajectory reached the configured outer_limit radius
22,502,0.80509202545250802,-0.6143333333333334,fraction,250,0,outer_limit,nan,0,2.3181140405759395,0.0051124530000000003,2.2360679774997898,5.0000000000000009,-0.81034084262822192,58.715339769351623,34.388880770022979,trajectory reached the configured outer_limit radius
22,503,0.805163814660806,-0.6143333333333334,fraction,250,0,outer_limit,nan,0,2.3150418556294183,0.0062799049999999997,2.2360679774997898,5.0000000000000009,-0.81032686246001773,58.715474778316306,34.38626229417315,trajectory reached the configured outer_limit radius
22,504,0.80523560386910409,-0.6143333333333334,fraction,250,0,outer_limit,nan,0,2.3119844305409689,0.0057863710000000002,2.2360679774997898,5.0000000000000009,-0.81031251331954834,58.715632052600654,34.383626069664118,trajectory reached the configured outer_limit radius
22,505,0.80530739307740218,-0.6143333333333334,fraction,250,0,outer_limit,nan,0,2.3089416303364558,0.0059445949999999996,2.2360679774997898,5.0000000000000009,-0.8102977975231036,58.715811458815942,34.380972233977914,trajectory reached the configured outer_limit radius
22,506,0.80537918228570027,-0.6143333333333334,fraction,250,0,outer_limit,nan,0,2.3059133218174175,0.0049795350000000002,2.2360679774997898,5.0000000000000009,-0.8102827173628756,58.716012864865867,34.378300923011366,trajectory reached the configured outer_limit radius
22,507,0.80545097149399836,-0.6143333333333334,fraction,250,0,outer_limit,nan,0,2.3028993735316923,0.0058584029999999999,2.2360679774997907,5.0000000000000044,-0.81026727510735908,58.716236139925257,34.375612271100451,trajectory reached the configured outer_limit radius
22,508,0.80552276070229645,-0.6143333333333334,fraction,250,0,outer_limit,nan,0,2.2998996557447571,0.0059086260000000002,2.2360679774997898,5.0000000000000009,-0.81025147300175904,58.716481154418169,34.372906411048227,trajectory reached the configured outer_limit radius
22,509,0.80559454991059443,-0.6143333333333334,fraction,250,0,outer_limit,nan,0,2.296914040411409,0.0069465280000000004,2.2360679774997898,5.0000000000000009,-0.81023531326836784,58.716747779999586,34.370183474151737,trajectory reached the configured outer_limit radius
23,492,0.80437413336952723,-0.59816666666666674,fraction,250,0,outer_limit,nan,0,2.3362680001454685,0.0058054760000000004,2.2360679774997898,5.0000000000000009,-0.81038110891832515,58.718540270837508,34.406226794610525,trajectory reached the configured outer_limit radius
23,493,0.80444592257782532,-0.59816666666666674,fraction,250,0,outer_limit,nan,0,2.3330343841457561,0.0047995410000000001,2.2360679774997898,5.0000000000000009,-0.81036969977318907,58.718512994323582,34.403712702031129,trajectory reached the configured outer_limit radius
23,494,0.80451771178612341,-0.59816666666666674,fraction,250,0,outer_limit,nan,0,2.32981712270412,0.0061619459999999997,2.2360679774997898,5.0000000000000009,-0.81035789396964819,58.718509610492447,34.401179350647539,trajectory reached the configured outer_limit radius
23,495,0.8045895009944215,-0.59816666666666674,fraction,250,0,outer_limit,nan,0,2.3266160583422524,0.0049766840000000003,2.2360679774997902,5.0000000000000027,-0.81034569413366608,58.718529968746829,34.398626897058584,trajectory reached the configured outer_limit radius
23,496,0.80466129020271959,-0.59816666666666674,fraction,250,0,outer_limit,nan,0,2.3234310357634067,0.0049339500000000003,2.2360679774997911,5.0000000000000062,-0.81033310286173743,58.718573920070511,34.396055495929879,trajectory reached the configured outer_limit radius
23,497,0.80473307941101768,-0.59816666666666674,fraction,250,0,outer_limit,nan,0,2.3202619018142694,0.005313,2.2360679774997898,5.0000000000000009,-0.81032012272141385,58.718641317001293,34.393465300030435,trajectory reached the configured outer_limit radius
23,498,0.80480486861931566,-0.59816666666666674,fraction,250,0,outer_limit,nan,0,2.3171085054479059,0.0060041590000000002,2.2360679774997898,5.0000000000000009,-0.810306756251849,58.718732013601773,34.390856460267131,trajectory reached the configured outer_limit radius
23,499,0.80487665782761375,-0.59816666666666674,fraction,250,0,outer_limit,nan,0,2.3139706976869805,0.0081710380000000003,2.2360679774997902,5.0000000000000027,-0.81029300596429776,58.718845865433607,34.388229125720223,trajectory reached the configured outer_limit radius
23,500,0.80494844703591184,-0.59816666666666674,fraction,250,0,outer_limit,nan,0,2.3108483315882511,0.0034424360000000001,2.2360679774997898,5.0000000000000009,-0.8102788743426208,58.718982729530047,34.385583443675991,trajectory reached the configured outer_limit radius
23,501,0.80502023624420993,-0.59816666666666674,fraction,250,0,outer_limit,nan,0,2.3077412622074203,0.0050705569999999998,2.2360679774997898,5.0000000000000009,-0.81026436384377776,58.719142464370989,34.382919559659719,trajectory reached the configured outer_limit radius
23,502,0.80509202545250802,-0.59816666666666674,fraction,250,0,outer_limit,nan,0,2.3046493465645788,0.0062895440000000002,2.2360679774997898,5.0000000000000009,-0.81024947689829108,58.719324929858175,34.380237617467266,trajectory reached the configured outer_limit radius
23,503,0.805163814660806,-0.59816666666666674,fraction,250,0,outer_limit,nan,0,2.3015724436106431,0.0050545249999999998,2.2360679774997898,5.0000000000000009,-0.81023421591071632,58.719529987290208,34.377537759196876,trajectory reached the configured outer_limit radius
23,504,0.80523560386910409,-0.59816666666666674,fraction,250,0,outer_limit,nan,0,2.2985104141943831,0.0058245529999999997,2.2360679774997898,5.0000000000000009,-0.81021858326008789,58.719757499339593,34.374820125277822,trajectory reached the configured outer_limit radius
23,505,0.80530739307740218,-0.59816666666666674,fraction,250,0,outer_limit,nan,0,2.2954631210298699,0.0048124830000000002,2.2360679774997898,5.0000000000000009,-0.81020258130035971,58.720007330028963,34.372084854501168,trajectory reached the configured outer_limit radius
23,506,0.80537918228570027,-0.59816666666666674,fraction,250,0,outer_limit,nan,0,2.2924304286647894,0.004416924,2.2360679774997911,5.0000000000000062,-0.81018621236083244,58.72027934470961,34.369332084048452,trajectory reached the configured outer_limit radius
23,507,0.80545097149399836,-0.59816666666666674,fraction,250,0,outer_limit,nan,0,2.2894122034493773,0.0048920530000000004,2.2360679774997898,5.0000000000000009,-0.81016947874657108,58.720573410037922,34.366561949518591,trajectory reached the configured outer_limit radius
23,508,0.80552276070229645,-0.59816666666666674,fraction,250,0,outer_limit,nan,0,2.2864083135057354,0.0055270110000000001,2.2360679774997898,5.0000000000000009,-0.81015238273880763,58.720889393956831,34.363774584957881,trajectory reached the configured outer_limit radius
23,509,0.80559454991059443,-0.59816666666666674,fraction,250,0,outer_limit,nan,0,2.2834186286981542,0.0063388539999999997,2.2360679774997898,5.0000000000000009,-0.81013492659534825,58.721227165671365,34.360970122882343,trajectory reached the configured outer_limit radius
24,492,0.80437413336952723,-0.58199999999999996,fraction,250,0,outer_limit,nan,0,2.3233033382346839,0.0054288360000000003,2.2360679774997898,5.0000000000000009,-0.81030155246179791,58.72193980107216,34.398502452709586,trajectory reached the configured outer_limit radius
24,493,0.80444592257782532,-0.58199999999999996,fraction,250,0,outer_limit,nan,0,2.3200641453811368,0.005029782,2.2360679774997902,5.0000000000000027,-0.81028891742867393,58.721979334210829,34.395909644150294,trajectory reached the configured outer_limit radius
24,494,0.80451771178612341,-0.58199999999999996,fraction,250,0,outer_limit,nan,0,2.3168414400862605,0.0055210240000000002,2.2360679774997898,5.0000000000000009,-0.81027588285308494,58.722042963213866,34.393297543547611,trajectory reached the configured outer_limit radius
24,495,0.8045895009944215,-0.58199999999999996,fraction,250,0,outer_limit,nan,0,2.3136350620207105,0.0064292749999999999,2.2360679774997898,5.0000000000000009,-0.81026245140285824,58.722130534619055,34.3906663089627,trajectory reached the configured outer_limit radius
24,496,0.80466129020271959,-0.58199999999999996,fraction,250,0,outer_limit,nan,0,2.3104448531121706,0.0044181589999999996,2.2360679774997898,5.0000000000000009,-0.81024862571568823,58.722241896587811,34.388016096497026,trajectory reached the configured outer_limit radius
24,497,0.80473307941101768,-0.58199999999999996,fraction,250,0,outer_limit,nan,0,2.3072706575047977,0.0047129499999999996,2.2360679774997898,5.0000000000000009,-0.81023440839968031,58.722376898877727,34.385347060328584,trajectory reached the configured outer_limit radius
24,498,0.80480486861931566,-0.58199999999999996,fraction,250,0,outer_limit,nan,0,2.3041123215198209,0.0046171060000000002,2.2360679774997898,5.0000000000000009,-0.81021980203390698,58.722535392811999,34.382659352748618,trajectory reached the configured outer_limit radius
24,499,0.80487665782761375,-0.58199999999999996,fraction,250,0,outer_limit,nan,0,2.3009696936166759,0.0056288839999999998,2.2360679774997898,5.0000000000000009,-0.81020480916892412,58.72271723125241,34.379953124194913,trajectory reached the configured outer_limit radius
24,500,0.80494844703591184,-0.58199999999999996,fraction,250,0,outer_limit,nan,0,2.297842624355225,0.005504737,2.2360679774997898,5.0000000000000009,-0.81018943232729257,58.722922268572347,34.377228523288245,trajectory reached the configured outer_limit radius
24,501,0.80502023624420993,-0.58199999999999996,fraction,250,0,outer_limit,nan,0,2.2947309663584239,0.0047645659999999996,2.2360679774997898,5.0000000000000009,-0.81017367400407281,58.723150360629994,34.37448569686434,trajectory reached the configured outer_limit radius
24,502,0.80509202545250802,-0.58199999999999996,fraction,250,0,outer_limit,nan,0,2.2916345742761135,0.0061932389999999997,2.2360679774997902,5.0000000000000027,-0.81015753666731261,58.723401364742919,34.371724790006176,trajectory reached the configured outer_limit radius
24,503,0.805163814660806,-0.58199999999999996,fraction,250,0,outer_limit,nan,0,2.2885533047493416,0.0050886799999999999,2.2360679774997898,5.0000000000000009,-0.81014102275852407,58.723675139662433,34.368945946075392,trajectory reached the configured outer_limit radius
24,504,0.80523560386910409,-0.58199999999999996,fraction,250,0,outer_limit,nan,0,2.2854870163754626,0.0057548,2.2360679774997898,5.0000000000000009,-0.81012413469314593,58.723971545549702,34.366149306743623,trajectory reached the configured outer_limit radius
24,505,0.80530739307740218,-0.58199999999999996,fraction,250,0,outer_limit,nan,0,2.2824355696740288,0.0047813179999999997,2.2360679774997898,5.0000000000000009,-0.81010687486099153,58.724290443951936,34.363335012022574,trajectory reached the configured outer_limit radius
24,506,0.80537918228570027,-0.58199999999999996,fraction,250,0,outer_limit,nan,0,2.2793988270531287,0.0048936439999999999,2.2360679774997898,5.0000000000000009,-0.81008924562668705,58.724631697778733,34.360503200291745,trajectory reached the configured outer_limit radius
24,507,0.80545097149399836,-0.58199999999999996,fraction,250,0,outer_limit,nan,0,2.2763766527768641,0.006192169,2.2360679774997898,5.0000000000000009,-0.8100712493301031,58.724995171279893,34.357654008328588,trajectory reached the configured outer_limit radius
24,508,0.80552276070229645,-0.58199999999999996,fraction,250,0,outer_limit,nan,0,2.2733689129330839,0.0052542930000000002,2.2360679774997898,5.0000000000000009,-0.8100528882867718,58.725380730023403,34.354787571335876,trajectory reached the configured outer_limit radius
24,509,0.80559454991059443,-0.58199999999999996,fraction,250,0,outer_limit,nan,0,2.2703754754019578,0.0054047460000000002,2.2360679774997898,5.0000000000000009,-0.81003416478829104,58.725788240873655,34.351904022968348,trajectory reached the configured outer_limit radius
25,492,0.80437413336952723,-0.5658333333333333,fraction,250,0,outer_limit,nan,0,2.3107564010719646,0.0047815230000000002,2.2360679774997898,5.0000000000000009,-0.81022132225370447,58.72543089507576,34.39088728511819,trajectory reached the configured outer_limit radius
25,493,0.80444592257782532,-0.5658333333333333,fraction,250,0,outer_limit,nan,0,2.3075120135656717,0.0047343230000000004,2.2360679774997898,5.0000000000000009,-0.81020748689720101,58.725536039527384,34.388218012422548,trajectory reached the configured outer_limit radius
25,494,0.80451771178612341,-0.5658333333333333,fraction,250,0,outer_limit,nan,0,2.3042842398084296,0.0051915040000000004,2.2360679774997898,5.0000000000000009,-0.81019324931818126,58.725665469675342,34.385529422043874,trajectory reached the configured outer_limit radius
25,495,0.8045895009944215,-0.5658333333333333,fraction,250,0,outer_limit,nan,0,2.3010729167584656,0.006543002,2.2360679774997898,5.0000000000000009,-0.81017861222436405,58.725819029314621,34.382821673409673,trajectory reached the configured outer_limit radius
25,496,0.80466129020271959,-0.5658333333333333,fraction,250,0,outer_limit,nan,0,2.2978778837027818,0.005121474,2.2360679774997898,5.0000000000000009,-0.81016357829269225,58.725996563906165,34.380094923961209,trajectory reached the configured outer_limit radius
25,497,0.80473307941101768,-0.5658333333333333,fraction,250,0,outer_limit,nan,0,2.2946989822146735,0.0050937760000000004,2.2360679774997898,5.0000000000000009,-0.81014815016990982,58.726197920545836,34.377349329191844,trajectory reached the configured outer_limit radius
25,498,0.80480486861931566,-0.5658333333333333,fraction,250,0,outer_limit,nan,0,2.291536056111751,0.0050481040000000003,2.2360679774997898,5.0000000000000009,-0.81013233047311328,58.726422947935774,34.374585042684579,trajectory reached the configured outer_limit radius
25,499,0.80487665782761375,-0.5658333333333333,fraction,250,0,outer_limit,nan,0,2.2883889514153881,0.0048043649999999997,2.2360679774997898,5.0000000000000009,-0.81011612179029713,58.726671496354655,34.371802216144928,trajectory reached the configured outer_limit radius
25,500,0.80494844703591184,-0.5658333333333333,fraction,250,0,outer_limit,nan,0,2.2852575163104527,0.0061356070000000004,2.2360679774997898,5.0000000000000009,-0.81009952668087681,58.726943417630821,34.369000999439557,trajectory reached the configured outer_limit radius
25,501,0.80502023624420993,-0.5658333333333333,fraction,250,0,outer_limit,nan,0,2.2821416011064009,0.0062661740000000002,2.2360679774997898,5.0000000000000009,-0.81008254767620291,58.727238565114021,34.366181540625341,trajectory reached the configured outer_limit radius
25,502,0.80509202545250802,-0.5658333333333333,fraction,250,0,outer_limit,nan,0,2.2790410581987901,0.0051368159999999998,2.2360679774997898,5.0000000000000009,-0.81006518728005705,58.727556793649455,34.363343985985786,trajectory reached the configured outer_limit radius
25,503,0.805163814660806,-0.5658333333333333,fraction,250,0,outer_limit,nan,0,2.2759557420322394,0.0049530920000000001,2.2360679774997898,5.0000000000000009,-0.81004744796914907,58.727897959551882,34.360488480061917,trajectory reached the configured outer_limit radius
25,504,0.80523560386910409,-0.5658333333333333,fraction,250,0,outer_limit,nan,0,2.2728855090631654,0.0051929230000000003,2.2360679774997902,5.0000000000000027,-0.81002933219357198,58.72826192058055,34.357615165682567,trajectory reached the configured outer_limit radius
25,505,0.80530739307740218,-0.5658333333333333,fraction,250,0,outer_limit,nan,0,2.2698302177245058,0.0048710200000000002,2.2360679774997898,5.0000000000000009,-0.81001084237728249,58.728648535914523,34.354724183997526,trajectory reached the configured outer_limit radius
25,506,0.80537918228570027,-0.5658333333333333,fraction,250,0,outer_limit,nan,0,2.2667897283901475,0.0059608079999999997,2.2360679774997898,5.0000000000000009,-0.80999198091854041,58.729057666128661,34.351815674502724,trajectory reached the configured outer_limit radius
25,507,0.80545097149399836,-0.5658333333333333,fraction,250,0,outer_limit,nan,0,2.2637639033409349,0.0047669599999999998,2.2360679774997911,5.0000000000000062,-0.80997275019035175,58.729489173170855,34.348889775074312,trajectory reached the configured outer_limit radius
25,508,0.80552276070229645,-0.5658333333333333,fraction,250,0,outer_limit,nan,0,2.2607526067306734,0.0048715110000000002,2.2360679774997898,5.0000000000000009,-0.80995315254088984,58.729942920338672,34.345946621992937,trajectory reached the configured outer_limit radius
25,509,0.80559454991059443,-0.5658333333333333,fraction,250,0,outer_limit,nan,0,2.2577557045535568,0.0051731210000000001,2.2360679774997898,5.0000000000000009,-0.80993319029392641,58.730418772257792,34.342986349973188,trajectory reached the configured outer_limit radius
26,492,0.80437413336952723,-0.54966666666666664,fraction,250,0,outer_limit,nan,0,2.2986016081773148,0.0054242250000000004,2.2360679774997898,5.0000000000000009,-0.81014057006822504,58.729002454145871,34.38338334794156,trajectory reached the configured outer_limit radius
26,493,0.80444592257782532,-0.54966666666666664,fraction,250,0,outer_limit,nan,0,2.2953523754605807,0.005551561,2.2360679774997898,5.0000000000000009,-0.81012555969785061,58.729172009903408,34.380639800382944,trajectory reached the configured outer_limit radius
26,494,0.80451771178612341,-0.54966666666666664,fraction,250,0,outer_limit,nan,0,2.292119876406113,0.0069335300000000002,2.2360679774997898,5.0000000000000009,-0.81011014461730801,58.729366028578234,34.377876916562961,trajectory reached the configured outer_limit radius
26,495,0.8045895009944215,-0.54966666666666664,fraction,250,0,outer_limit,nan,0,2.2889039453875264,0.0051921140000000003,2.2360679774997898,5.0000000000000009,-0.81009432757232014,58.729584351340321,34.375094857183058,trajectory reached the configured outer_limit radius
26,496,0.80466129020271959,-0.54966666666666664,fraction,250,0,outer_limit,nan,0,2.285704419176076,0.0051023209999999999,2.2360679774997898,5.0000000000000009,-0.81007811127722651,58.729826821065487,34.372293780935479,trajectory reached the configured outer_limit radius
26,497,0.80473307941101768,-0.54966666666666664,fraction,250,0,outer_limit,nan,0,2.2825211368956602,0.0057152619999999996,2.2360679774997898,5.0000000000000009,-0.81006149841557695,58.730093282303152,34.369473844541602,trajectory reached the configured outer_limit radius
26,498,0.80480486861931566,-0.54966666666666664,fraction,250,0,outer_limit,nan,0,2.2793539399790737,0.0058948689999999996,2.2360679774997898,5.0000000000000009,-0.81004449164069292,58.730383581246642,34.366635202787457,trajectory reached the configured outer_limit radius
26,499,0.80487665782761375,-0.54966666666666664,fraction,250,0,outer_limit,nan,0,2.276202672125121,0.0050924400000000002,2.2360679774997898,5.0000000000000009,-0.81002709357622638,58.730697565703146,34.363778008562143,trajectory reached the configured outer_limit radius
26,500,0.80494844703591184,-0.54966666666666664,fraction,250,0,outer_limit,nan,0,2.2730671792566892,0.0057657519999999999,2.2360679774997898,5.0000000000000009,-0.8100093068166978,58.731035085065614,34.360902412891917,trajectory reached the configured outer_limit radius
26,501,0.80502023624420993,-0.54966666666666664,fraction,250,0,outer_limit,nan,0,2.2699473094794986,0.0048142330000000002,2.2360679774997902,5.0000000000000027,-0.80999113392801447,58.731395990284419,34.358008564973993,trajectory reached the configured outer_limit radius
26,502,0.80509202545250802,-0.54966666666666664,fraction,250,0,outer_limit,nan,0,2.2668429130424617,0.0066465450000000002,2.2360679774997898,5.0000000000000009,-0.80997257744799422,58.731780133839351,34.355096612210275,trajectory reached the configured outer_limit radius
26,503,0.805163814660806,-0.54966666666666664,fraction,250,0,outer_limit,nan,0,2.2637538422981991,0.0055447059999999999,2.2360679774997902,5.0000000000000027,-0.8099536398868511,58.73218736971458,34.352166700240176,trajectory reached the configured outer_limit radius
26,504,0.80523560386910409,-0.54966666666666664,fraction,250,0,outer_limit,nan,0,2.2606799516644727,0.0072517279999999998,2.2360679774997898,5.0000000000000009,-0.80993432372768537,58.732617553371583,34.349218972971698,trajectory reached the configured outer_limit radius
26,505,0.80530739307740218,-0.54966666666666664,fraction,250,0,outer_limit,nan,0,2.2576210975873288,0.0051773019999999999,2.2360679774997898,5.0000000000000009,-0.80991463142695785,58.733070541724501,34.346253572612873,trajectory reached the configured outer_limit radius
26,506,0.80537918228570027,-0.54966666666666664,fraction,250,0,outer_limit,nan,0,2.2545771385037474,0.0048354849999999996,2.2360679774997898,5.0000000000000009,-0.80989456541494464,58.733546193115572,34.34327063970116,trajectory reached the configured outer_limit radius
26,507,0.80545097149399836,-0.54966666666666664,fraction,250,0,outer_limit,nan,0,2.2515479348062408,0.0062216620000000002,2.2360679774997907,5.0000000000000044,-0.80987412809619475,58.734044367290927,34.340270313134013,trajectory reached the configured outer_limit radius
26,508,0.80552276070229645,-0.54966666666666664,fraction,250,0,outer_limit,nan,0,2.2485333488073964,0.0035913059999999998,2.2360679774997898,5.0000000000000009,-0.80985332184995451,58.734564925377313,34.337252730195559,trajectory reached the configured outer_limit radius
26,509,0.80559454991059443,-0.54966666666666664,fraction,250,0,outer_limit,nan,0,2.2455332447058369,0.0048351660000000001,2.2360679774997898,5.0000000000000009,-0.80983214903061351,58.735107729860005,34.334218026587969,trajectory reached the configured outer_limit radius
27,492,0.80437413336952723,-0.53349999999999997,fraction,250,0,outer_limit,nan,0,2.2868157713690147,0.0048016810000000004,2.2360679774997898,5.0000000000000009,-0.81005943310804862,58.732644415917022,34.375992406731129,trajectory reached the configured outer_limit radius
27,493,0.80444592257782532,-0.53349999999999997,fraction,250,0,outer_limit,nan,0,2.2835620137586465,0.0043802520000000003,2.2360679774997902,5.0000000000000027,-0.81004327278087151,58.732877182690338,34.373176715381547,trajectory reached the configured outer_limit radius
27,494,0.80451771178612341,-0.53349999999999997,fraction,250,0,outer_limit,nan,0,2.2803251039224937,0.0055492019999999996,2.2360679774997898,5.0000000000000009,-0.81002670543765909,58.733134577667535,34.370341675763214,trajectory reached the configured outer_limit radius
27,495,0.8045895009944215,-0.53349999999999997,fraction,250,0,outer_limit,nan,0,2.2771048737682524,0.0045102919999999999,2.2360679774997898,5.0000000000000009,-0.81000973386033914,58.733416439507202,34.367487449766585,trajectory reached the configured outer_limit radius
27,496,0.80466129020271959,-0.53349999999999997,fraction,250,0,outer_limit,nan,0,2.2739011576670789,0.005664423,2.2360679774997898,5.0000000000000009,-0.80999236079888048,58.733722608610464,34.364614197248748,trajectory reached the configured outer_limit radius
27,497,0.80473307941101768,-0.53349999999999997,fraction,250,0,outer_limit,nan,0,2.2707137924062568,0.0061539539999999997,2.2360679774997898,5.0000000000000009,-0.8099745889718899,58.734052927090055,34.361722076074869,trajectory reached the configured outer_limit radius
27,498,0.80480486861931566,-0.53349999999999997,fraction,250,0,outer_limit,nan,0,2.2675426171436905,0.0052019290000000001,2.2360679774997902,5.0000000000000027,-0.80995642106719246,58.734407238739166,34.35881124215441,trajectory reached the configured outer_limit radius
27,499,0.80487665782761375,-0.53349999999999997,fraction,250,0,outer_limit,nan,0,2.2643874733628095,0.004679875,2.2360679774997898,5.0000000000000009,-0.80993785974240129,58.734785389000052,34.355881849477427,trajectory reached the configured outer_limit radius
27,500,0.80494844703591184,-0.53349999999999997,fraction,250,0,outer_limit,nan,0,2.2612482048288784,0.0053212859999999997,2.2360679774997898,5.0000000000000009,-0.80991890762546492,58.735187224935999,34.352934050151255,trajectory reached the configured outer_limit radius
27,501,0.80502023624420993,-0.53349999999999997,fraction,250,0,outer_limit,nan,0,2.2581246575461202,0.0052854039999999996,2.2360679774997898,5.0000000000000009,-0.80989956731520596,58.73561259520126,34.34996799443401,trajectory reached the configured outer_limit radius
27,502,0.80509202545250802,-0.53349999999999997,fraction,250,0,outer_limit,nan,0,2.2550166797159541,0.0045779050000000002,2.2360679774997898,5.0000000000000009,-0.80987984138184088,58.736061350014154,34.346983830769545,trajectory reached the configured outer_limit radius
27,503,0.805163814660806,-0.53349999999999997,fraction,250,0,outer_limit,nan,0,2.2519241216961041,0.0056115799999999997,2.2360679774997898,5.0000000000000009,-0.80985973236749187,58.736533341128592,34.343981705819189,trajectory reached the configured outer_limit radius
27,504,0.80523560386910409,-0.53349999999999997,fraction,250,0,outer_limit,nan,0,2.2488468359605034,0.0056362089999999997,2.2360679774997898,5.0000000000000009,-0.8098392427866804,58.737028421808859,34.340961764495248,trajectory reached the configured outer_limit radius
27,505,0.80530739307740218,-0.53349999999999997,fraction,250,0,outer_limit,nan,0,2.2457846770604108,0.0060803100000000002,2.2360679774997898,5.0000000000000009,-0.80981837512680654,58.737546446803222,34.337924149991174,trajectory reached the configured outer_limit radius
27,506,0.80537918228570027,-0.53349999999999997,fraction,250,0,outer_limit,nan,0,2.2427375015861375,0.004872571,2.2360679774997898,5.0000000000000009,-0.80979713184862789,58.738087272318403,34.3348690038124,trajectory reached the configured outer_limit radius
27,507,0.80545097149399836,-0.53349999999999997,fraction,250,0,outer_limit,nan,0,2.2397051681297713,0.0055283559999999999,2.2360679774997898,5.0000000000000009,-0.80977551538671089,58.738650755995515,34.33179646580642,trajectory reached the configured outer_limit radius
27,508,0.80552276070229645,-0.53349999999999997,fraction,250,0,outer_limit,nan,0,2.2366875372486099,0.0052670740000000001,2.2360679774997898,5.0000000000000009,-0.809753528149883,58.739236756886008,34.328706674192119,trajectory reached the configured outer_limit radius
27,509,0.80559454991059443,-0.53349999999999997,fraction,250,0,outer_limit,nan,0,2.2336844714294948,0.0053015240000000002,2.2360679774997898,5.0000000000000009,-0.80973117252166393,58.739845135428226,34.325599765586603,trajectory reached the configured outer_limit radius
28,492,0.80437413336952723,-0.51733333333333331,fraction,250,0,outer_limit,nan,0,2.2753778008890451,0.0050280469999999999,2.2360679774997898,5.0000000000000009,-0.80997803579911609,58.736347629430327,34.368715979823641,trajectory reached the configured outer_limit radius
28,493,0.80444592257782532,-0.51733333333333331,fraction,250,0,outer_limit,nan,0,2.2721198127080502,0.0052277579999999999,2.2360679774997898,5.0000000000000009,-0.80996075032379988,58.736642407769338,34.365830221515033,trajectory reached the configured outer_limit radius
28,494,0.80451771178612341,-0.51733333333333331,fraction,250,0,outer_limit,nan,0,2.2688787810387816,0.0073193010000000003,2.2360679774997898,5.0000000000000009,-0.80994305569864045,58.736961968287531,34.362925109055737,trajectory reached the configured outer_limit radius
28,495,0.8045895009944215,-0.51733333333333331,fraction,250,0,outer_limit,nan,0,2.2656545354334177,0.005199632,2.2360679774997898,5.0000000000000009,-0.80992495474005255,58.737306147239039,34.360000805441842,trajectory reached the configured outer_limit radius
28,496,0.80466129020271959,-0.51733333333333331,fraction,250,0,outer_limit,nan,0,2.2624469079702658,0.0056281650000000001,2.2360679774997898,5.0000000000000009,-0.80990645023193708,58.73767478265836,34.357057471617622,trajectory reached the configured outer_limit radius
28,497,0.80473307941101768,-0.51733333333333331,fraction,250,0,outer_limit,nan,0,2.2592557332050207,0.0035528069999999998,2.2360679774997898,5.0000000000000009,-0.80988754492629178,58.738067714326327,34.35409526651199,trajectory reached the configured outer_limit radius
28,498,0.80480486861931566,-0.51733333333333331,fraction,250,0,outer_limit,nan,0,2.256080848122588,0.0060043320000000002,2.2360679774997898,5.0000000000000009,-0.80986824154379755,58.738484783739793,34.351114347079381,trajectory reached the configured outer_limit radius
28,499,0.80487665782761375,-0.51733333333333331,fraction,250,0,outer_limit,nan,0,2.2529220920906607,0.0059775879999999998,2.2360679774997898,5.0000000000000009,-0.80984854277440677,58.738925834078977,34.348114868334868,trajectory reached the configured outer_limit radius
28,500,0.80494844703591184,-0.51733333333333331,fraction,250,0,outer_limit,nan,0,2.249779306814025,0.005440861,2.2360679774997898,5.0000000000000009,-0.80982845127789882,58.739390710178341,34.34509698339113,trajectory reached the configured outer_limit radius
28,501,0.80502023624420993,-0.51733333333333331,fraction,250,0,outer_limit,nan,0,2.2466523362899466,0.0047344149999999996,2.2360679774997898,5.0000000000000009,-0.80980796968442914,58.739879258496487,34.342060843493513,trajectory reached the configured outer_limit radius
28,502,0.80509202545250802,-0.51733333333333331,fraction,250,0,outer_limit,nan,0,2.2435410267647908,0.0046532559999999997,2.2360679774997898,5.0000000000000009,-0.80978710059506098,58.74039132708792,34.339006598054105,trajectory reached the configured outer_limit radius
28,503,0.805163814660806,-0.51733333333333331,fraction,250,0,outer_limit,nan,0,2.2404452266914392,0.0049314809999999997,2.2360679774997898,5.0000000000000009,-0.80976584658229012,58.740926765574542,34.335934394685118,trajectory reached the configured outer_limit radius
28,504,0.80523560386910409,-0.51733333333333331,fraction,250,0,outer_limit,nan,0,2.2373647866877757,0.0050010779999999999,2.2360679774997898,5.0000000000000009,-0.80974421019054232,58.74148542511945,34.332844379231481,trajectory reached the configured outer_limit radius
28,505,0.80530739307740218,-0.51733333333333331,fraction,250,0,outer_limit,nan,0,2.2342995594961668,0.005631479,2.2360679774997898,5.0000000000000009,-0.80972219393667211,58.742067158399429,34.329736695803035,trajectory reached the configured outer_limit radius
28,506,0.80537918228570027,-0.51733333333333331,fraction,250,0,outer_limit,nan,0,2.2312493999438798,0.0049849789999999996,2.2360679774997898,5.0000000000000009,-0.80969980031044175,58.74267181957979,34.326611486804133,trajectory reached the configured outer_limit radius
28,507,0.80545097149399836,-0.51733333333333331,fraction,250,0,outer_limit,nan,0,2.2282141649042475,0.0043435399999999999,2.2360679774997898,5.0000000000000009,-0.80967703177498518,58.743299264288993,34.323468892965018,trajectory reached the configured outer_limit radius
28,508,0.80552276070229645,-0.51733333333333331,fraction,250,0,outer_limit,nan,0,2.2251937132588653,0.0040234449999999996,2.2360679774997898,5.0000000000000009,-0.80965389076727112,58.743949349594288,34.320309053370899,trajectory reached the configured outer_limit radius
28,509,0.80559454991059443,-0.51733333333333331,fraction,250,0,outer_limit,nan,0,2.2221879058606753,0.007672898,2.2360679774997898,5.0000000000000009,-0.80963037969854335,58.744621933977704,34.317132105490458,trajectory reached the configured outer_limit radius
29,492,0.80437413336952723,-0.50116666666666665,fraction,250,0,outer_limit,nan,0,2.2642684560094786,0.0048509709999999999,2.2360679774997898,5.0000000000000009,-0.80989649131838959,58.740103748617003,34.361555374792559,trajectory reached the configured outer_limit radius
29,493,0.80444592257782532,-0.50116666666666665,fraction,250,0,outer_limit,nan,0,2.2610065082996114,0.0049449589999999996,2.2360679774997898,5.0000000000000009,-0.80987810526029291,58.740459340820706,34.358601575724535,trajectory reached the configured outer_limit radius
29,494,0.80451771178612341,-0.50116666666666665,fraction,250,0,outer_limit,nan,0,2.2577616208487568,0.0056993299999999998,2.2360679774997898,5.0000000000000009,-0.80985930808166817,58.740839858439614,34.355628422340551,trajectory reached the configured outer_limit radius
29,495,0.8045895009944215,-0.50116666666666665,fraction,250,0,outer_limit,nan,0,2.2545336209560967,0.0056188360000000003,2.2360679774997898,5.0000000000000009,-0.80984010263177353,58.741245135428215,34.352636078666492,trajectory reached the configured outer_limit radius
29,496,0.80466129020271959,-0.50116666666666665,fraction,250,0,outer_limit,nan,0,2.2513223385073751,0.0058095480000000003,2.2360679774997898,5.0000000000000009,-0.80982049172681714,58.741675007556331,34.349624706655234,trajectory reached the configured outer_limit radius
29,497,0.80473307941101768,-0.50116666666666665,fraction,250,0,outer_limit,nan,0,2.2481276059239166,0.0048815600000000001,2.2360679774997898,5.0000000000000009,-0.80980047815058742,58.742129312374878,34.346594466226364,trajectory reached the configured outer_limit radius
29,498,0.80480486861931566,-0.50116666666666665,fraction,250,0,outer_limit,nan,0,2.2449492581128641,0.0063922550000000003,2.2360679774997902,5.0000000000000027,-0.80978006465504782,58.742607889184114,34.343545515304989,trajectory reached the configured outer_limit radius
29,499,0.80487665782761375,-0.50116666666666665,fraction,250,0,outer_limit,nan,0,2.2417871324189145,0.0069775439999999996,2.2360679774997898,5.0000000000000009,-0.80975925396093473,58.743110579000572,34.340478009858252,trajectory reached the configured outer_limit radius
29,500,0.80494844703591184,-0.50116666666666665,fraction,250,0,outer_limit,nan,0,2.238641068576642,0.005006758,2.2360679774997898,5.0000000000000009,-0.80973804875832656,58.743637224527617,34.337392103933922,trajectory reached the configured outer_limit radius
29,501,0.80502023624420993,-0.50116666666666665,fraction,250,0,outer_limit,nan,0,2.235510908664522,0.006012997,2.2360679774997898,5.0000000000000009,-0.80971645170720152,58.744187670123715,34.334287949692552,trajectory reached the configured outer_limit radius
29,502,0.80509202545250802,-0.50116666666666665,fraction,250,0,outer_limit,nan,0,2.2323964970597574,0.0064334559999999997,2.2360679774997898,5.0000000000000009,-0.80969446543798274,58.744761761774875,34.331165697446529,trajectory reached the configured outer_limit radius
29,503,0.805163814660806,-0.50116666666666665,fraction,250,0,outer_limit,nan,0,2.2292976803943003,0.0051044020000000001,2.2360679774997898,5.0000000000000009,-0.80967209255206662,58.745359347064799,34.328025495690639,trajectory reached the configured outer_limit radius
29,504,0.80523560386910409,-0.50116666666666665,fraction,250,0,outer_limit,nan,0,2.2262143075116283,0.0059871239999999999,2.2360679774997898,5.0000000000000009,-0.80964933562233798,58.7459802751467,34.324867491134484,trajectory reached the configured outer_limit radius
29,505,0.80530739307740218,-0.50116666666666665,fraction,250,0,outer_limit,nan,0,2.2231462294251592,0.0056320049999999998,2.2360679774997898,5.0000000000000009,-0.80962619719367668,58.746624396718033,34.321691828738778,trajectory reached the configured outer_limit radius
29,506,0.80537918228570027,-0.50116666666666665,fraction,250,0,outer_limit,nan,0,2.2200932992767748,0.0039960810000000003,2.2360679774997898,5.0000000000000009,-0.80960267978343625,58.747291563992405,34.318498651741237,trajectory reached the configured outer_limit radius
29,507,0.80545097149399836,-0.50116666666666665,fraction,250,0,outer_limit,nan,0,2.2170553722971253,0.0055386990000000002,2.2360679774997898,5.0000000000000009,-0.80957878588193233,58.747981630674687,34.315288101691081,trajectory reached the configured outer_limit radius
29,508,0.80552276070229645,-0.50116666666666665,fraction,250,0,outer_limit,nan,0,2.2140323057663185,0.0050379270000000002,2.2360679774997898,5.0000000000000009,-0.80955451795290267,58.748694451935833,34.312060318477272,trajectory reached the configured outer_limit radius
29,509,0.80559454991059443,-0.50116666666666665,fraction,250,0,outer_limit,nan,0,2.2110239589757597,0.0056113439999999999,2.2360679774997898,5.0000000000000009,-0.80952987843396018,58.749429884387943,34.308815440356994,trajectory reached the configured outer_limit radius
30,492,0.80437413336952723,-0.48499999999999999,fraction,250,0,outer_limit,nan,0,2.2534701322001793,0.005390817,2.2360679774997898,5.0000000000000009,-0.80981490290141434,58.743905140992823,34.354511719271912,trajectory reached the configured outer_limit radius
30,493,0.80444592257782532,-0.48499999999999999,fraction,250,0,outer_limit,nan,0,2.2502044750822239,0.0051557529999999999,2.2360679774997898,5.0000000000000009,-0.80979544058851838,58.744320351836244,34.351491858308734,trajectory reached the configured outer_limit radius
30,494,0.80451771178612341,-0.48499999999999999,fraction,250,0,outer_limit,nan,0,2.2469559773268868,0.0050332119999999996,2.2360679774997898,5.0000000000000009,-0.80977556533930362,58.744760621121159,34.348452648207811,trajectory reached the configured outer_limit radius
30,495,0.8045895009944215,-0.48499999999999999,fraction,250,0,outer_limit,nan,0,2.243724464076303,0.0049813169999999999,2.2360679774997907,5.0000000000000044,-0.80975528003428865,58.745225780602937,34.345394253951028,trajectory reached the configured outer_limit radius
30,496,0.80466129020271959,-0.48499999999999999,fraction,250,0,outer_limit,nan,0,2.2405097631169029,0.0051993289999999999,2.2360679774997898,5.0000000000000009,-0.80973458752044081,58.745715663884639,34.342316838427649,trajectory reached the configured outer_limit radius
30,497,0.80473307941101768,-0.48499999999999999,fraction,250,0,outer_limit,nan,0,2.2373117048266886,0.0055519929999999999,2.2360679774997898,5.0000000000000009,-0.80971349061179854,58.746230106385703,34.339220562476875,trajectory reached the configured outer_limit radius
30,498,0.80480486861931566,-0.48499999999999999,fraction,250,0,outer_limit,nan,0,2.234130122123815,0.0052207729999999997,2.2360679774997898,5.0000000000000009,-0.80969199209010068,58.746768945305291,34.336105584923835,trajectory reached the configured outer_limit radius
30,499,0.80487665782761375,-0.48499999999999999,fraction,250,0,outer_limit,nan,0,2.2309648504161821,0.0065794060000000003,2.2360679774997898,5.0000000000000009,-0.80967009470537621,58.747332019591781,34.332972062619618,trajectory reached the configured outer_limit radius
30,500,0.80494844703591184,-0.48499999999999999,fraction,250,0,outer_limit,nan,0,2.2278157275526262,0.0052178600000000004,2.2360679774997898,5.0000000000000009,-0.80964780117653246,58.747919169910546,34.329820150477488,trajectory reached the configured outer_limit radius
30,501,0.80502023624420993,-0.48499999999999999,fraction,250,0,outer_limit,nan,0,2.2246825937749968,0.0055474560000000001,2.2360679774997911,5.0000000000000062,-0.80962511419192518,58.748530238613611,34.326650001509577,trajectory reached the configured outer_limit radius
30,502,0.80509202545250802,-0.48499999999999999,fraction,250,0,outer_limit,nan,0,2.2215652916714461,0.0054171949999999996,2.2360679774997898,5.0000000000000009,-0.8096020364099038,58.749165069708425,34.323461766859964,trajectory reached the configured outer_limit radius
30,503,0.805163814660806,-0.48499999999999999,fraction,250,0,outer_limit,nan,0,2.2184636661311368,0.0050067460000000003,2.2360679774997898,5.0000000000000009,-0.80957857045936321,58.749823508830346,34.320255595841289,trajectory reached the configured outer_limit radius
30,504,0.80523560386910409,-0.48499999999999999,fraction,250,0,outer_limit,nan,0,2.2153775642995903,0.0047927689999999997,2.2360679774997898,5.0000000000000009,-0.8095547189402581,58.750505403213154,34.317031635966572,trajectory reached the configured outer_limit radius
30,505,0.80530739307740218,-0.48499999999999999,fraction,250,0,outer_limit,nan,0,2.2123068355353039,0.0047037809999999998,2.2360679774997898,5.0000000000000009,-0.80953048442411513,58.751210601661704,34.313790032981615,trajectory reached the configured outer_limit radius
30,506,0.80537918228570027,-0.48499999999999999,fraction,250,0,outer_limit,nan,0,2.2092513313677125,0.0047432669999999998,2.2360679774997898,5.0000000000000009,-0.8095058694545394,58.751938954525045,34.310530930898572,trajectory reached the configured outer_limit radius
30,507,0.80545097149399836,-0.48499999999999999,fraction,250,0,outer_limit,nan,0,2.2062109054554324,0.0052030000000000002,2.2360679774997898,5.0000000000000009,-0.80948087654768885,58.752690313669667,34.307254472022549,trajectory reached the configured outer_limit radius
30,508,0.80552276070229645,-0.48499999999999999,fraction,250,0,outer_limit,nan,0,2.2031854135462035,0.0049492590000000001,2.2360679774997898,5.0000000000000009,-0.80945550819275636,58.753464532454743,34.303960796986708,trajectory reached the configured outer_limit radius
30,509,0.80559454991059443,-0.48499999999999999,fraction,250,0,outer_limit,nan,0,2.2001747134373923,0.0054068120000000004,2.2360679774997898,5.0000000000000009,-0.80942976685242607,58.754261465706634,34.300650044778173,trajectory reached the configured outer_limit radius
31,492,0.80437413336952723,-0.46883333333333332,fraction,250,0,outer_limit,nan,0,2.2429666785487727,0.0051203220000000001,2.2360679774997898,5.0000000000000009,-0.80973336496712733,58.747744808992195,34.347585987153195,trajectory reached the configured outer_limit radius
31,493,0.80444592257782532,-0.46883333333333332,fraction,250,0,outer_limit,nan,0,2.2396975432845703,0.0055358680000000002,2.2360679774997898,5.0000000000000009,-0.80971285049659025,58.748218446304392,34.344501998849594,trajectory reached the configured outer_limit radius
31,494,0.80451771178612341,-0.46883333333333332,fraction,250,0,outer_limit,nan,0,2.236445662156973,0.0049177550000000002,2.2360679774997898,5.0000000000000009,-0.80969192142123969,58.748717265363865,34.341398671586262,trajectory reached the configured outer_limit radius
31,495,0.8045895009944215,-0.46883333333333332,fraction,250,0,outer_limit,nan,0,2.2332108582404597,0.0040196529999999998,2.2360679774997898,5.0000000000000009,-0.80967058065134301,58.749241095822846,34.33827617123049,trajectory reached the configured outer_limit radius
31,496,0.80466129020271959,-0.46883333333333332,fraction,250,0,outer_limit,nan,0,2.2299929573095176,0.0056386300000000004,2.2360679774997898,5.0000000000000009,-0.80964883106312302,58.749789769214821,34.335134661540749,trajectory reached the configured outer_limit radius
31,497,0.80473307941101768,-0.46883333333333332,fraction,250,0,outer_limit,nan,0,2.2267917877839012,0.0049682559999999999,2.2360679774997898,5.0000000000000009,-0.80962667549940681,58.75036311891953,34.331974304205588,trajectory reached the configured outer_limit radius
31,498,0.80480486861931566,-0.46883333333333332,fraction,250,0,outer_limit,nan,0,2.2236071806755593,0.0057215859999999999,2.2360679774997898,5.0000000000000009,-0.80960411677024868,58.750960980129499,34.328795258886245,trajectory reached the configured outer_limit radius
31,499,0.80487665782761375,-0.46883333333333332,fraction,250,0,outer_limit,nan,0,2.2204389695365636,0.0057987780000000001,2.2360679774997898,5.0000000000000009,-0.80958115765354044,58.751583189815804,34.325597683250308,trajectory reached the configured outer_limit radius
31,500,0.80494844703591184,-0.46883333333333332,fraction,250,0,outer_limit,nan,0,2.2172869904085681,0.0049079450000000004,2.2360679774997911,5.0000000000000062,-0.80955780089561014,58.752229586696757,34.322381733013842,trajectory reached the configured outer_limit radius
31,501,0.80502023624420993,-0.46883333333333332,fraction,250,0,outer_limit,nan,0,2.2141510817737204,0.0051740149999999997,2.2360679774997898,5.0000000000000009,-0.8095340492117955,58.752900011205526,34.319147561973992,trajectory reached the configured outer_limit radius
31,502,0.80509202545250802,-0.46883333333333332,fraction,250,0,outer_limit,nan,0,2.2110310845060517,0.0048652540000000003,2.2360679774997898,5.0000000000000009,-0.80950990528700884,58.753594305460915,34.315895322046842,trajectory reached the configured outer_limit radius
31,503,0.805163814660806,-0.46883333333333332,fraction,250,0,outer_limit,nan,0,2.2079268418249289,0.0045452610000000001,2.2360679774997902,5.0000000000000027,-0.80948537177628577,58.754312313236035,34.312625163300808,trajectory reached the configured outer_limit radius
31,504,0.80523560386910409,-0.46883333333333332,fraction,250,0,outer_limit,nan,0,2.2048381992490493,0.0044319529999999998,2.2360679774997898,5.0000000000000009,-0.80946045130531497,58.755053879930571,34.309337233990341,trajectory reached the configured outer_limit radius
31,505,0.80530739307740218,-0.46883333333333332,fraction,250,0,outer_limit,nan,0,2.2017650045517803,0.008028037,2.2360679774997898,5.0000000000000009,-0.80943514647096482,58.755818852541694,34.306031680588951,trajectory reached the configured outer_limit radius
31,506,0.80537918228570027,-0.46883333333333332,fraction,250,0,outer_limit,nan,0,2.1987071077175777,0.0047319279999999998,2.2360679774997898,5.0000000000000009,-0.80940945984178314,58.756607079637021,34.302708647820658,trajectory reached the configured outer_limit radius
31,507,0.80545097149399836,-0.46883333333333332,fraction,250,0,outer_limit,nan,0,2.1956643608994164,0.0048107899999999997,2.2360679774997898,5.0000000000000009,-0.80938339395849901,58.75741841132789,34.299368278692647,trajectory reached the configured outer_limit radius
31,508,0.80552276070229645,-0.46883333333333332,fraction,250,0,outer_limit,nan,0,2.1926366183771377,0.0064921290000000001,2.2360679774997898,5.0000000000000009,-0.80935695133449048,58.758252699243101,34.296010714523284,trajectory reached the configured outer_limit radius
31,509,0.80559454991059443,-0.46883333333333332,fraction,250,0,outer_limit,nan,0,2.1896237365170923,0.0043081969999999997,2.2360679774997898,5.0000000000000009,-0.80933013445627477,58.759109796502614,34.292636094973318,trajectory reached the configured outer_limit radius
32,492,0.80437413336952723,-0.45266666666666666,fraction,250,0,outer_limit,nan,0,2.2327432403678302,0.0055046130000000002,2.2360679774997898,5.0000000000000009,-0.80965196409002338,58.751616321876313,34.340779020958983,trajectory reached the configured outer_limit radius
32,493,0.80444592257782532,-0.45266666666666666,fraction,250,0,outer_limit,nan,0,2.2294708411693409,0.0049446589999999997,2.2360679774997898,5.0000000000000009,-0.80963042133521756,58.752147196989853,34.337632798344067,trajectory reached the configured outer_limit radius
32,494,0.80451771178612341,-0.45266666666666666,fraction,250,0,outer_limit,nan,0,2.2262157868366295,0.0052279859999999996,2.2360679774997898,5.0000000000000009,-0.80960846244737628,58.752703367889694,34.334467251630997,trajectory reached the configured outer_limit radius
32,495,0.8045895009944215,-0.45266666666666666,fraction,250,0,outer_limit,nan,0,2.2229778984605613,0.0050565590000000004,2.2360679774997898,5.0000000000000009,-0.80958609036505391,58.753284662218405,34.331282547506106,trajectory reached the configured outer_limit radius
32,496,0.80466129020271959,-0.45266666666666666,fraction,250,0,outer_limit,nan,0,2.219756999885349,0.0042780439999999999,2.2360679774997898,5.0000000000000009,-0.80956330799229681,58.753890909531037,34.328078850530055,trajectory reached the configured outer_limit radius
32,497,0.80473307941101768,-0.45266666666666666,fraction,250,0,outer_limit,nan,0,2.2165529176521148,0.0056873280000000002,2.2360679774997898,5.0000000000000009,-0.80954011819929839,58.754521941259682,34.324856323178999,trajectory reached the configured outer_limit radius
32,498,0.80480486861931566,-0.45266666666666666,fraction,250,0,outer_limit,nan,0,2.2133654809442409,0.0049696840000000003,2.2360679774997898,5.0000000000000009,-0.80951652382303185,58.755177590679082,34.321615125883568,trajectory reached the configured outer_limit radius
32,499,0.80487665782761375,-0.45266666666666666,fraction,250,0,outer_limit,nan,0,2.2101945215335217,0.0046758030000000001,2.2360679774997898,5.0000000000000009,-0.80949252766788071,58.755857692871551,34.318355417068304,trajectory reached the configured outer_limit radius
32,500,0.80494844703591184,-0.45266666666666666,fraction,250,0,outer_limit,nan,0,2.2070398737284571,0.0050060829999999997,2.2360679774997898,5.0000000000000009,-0.80946813250623506,58.756562084695062,34.315077353188215,trajectory reached the configured outer_limit radius
32,501,0.80502023624420993,-0.45266666666666666,fraction,250,0,outer_limit,nan,0,2.2039013743230664,0.0051441960000000002,2.2360679774997898,5.0000000000000009,-0.80944334107907845,58.757290604751034,34.31178108876653,trajectory reached the configured outer_limit radius
32,502,0.80509202545250802,-0.45266666666666666,fraction,250,0,outer_limit,nan,0,2.2007788625476068,0.0049424539999999998,2.2360679774997898,5.0000000000000009,-0.80941815609656387,58.758043093353564,34.308466776431708,trajectory reached the configured outer_limit radius
32,503,0.805163814660806,-0.45266666666666666,fraction,250,0,outer_limit,nan,0,2.1976721800198851,0.0057079890000000001,2.2360679774997898,5.0000000000000009,-0.80939258023856897,58.758819392497735,34.305134566948162,trajectory reached the configured outer_limit radius
32,504,0.80523560386910409,-0.45266666666666666,fraction,250,0,outer_limit,nan,0,2.1945811706985556,0.0051431239999999998,2.2360679774997898,5.0000000000000009,-0.80936661615523997,58.759619345831538,34.301784609255144,trajectory reached the configured outer_limit radius
32,505,0.80530739307740218,-0.45266666666666666,fraction,250,0,outer_limit,nan,0,2.191505680836765,0.0047648609999999996,2.2360679774997898,5.0000000000000009,-0.809340266467511,58.760442798626919,34.298417050496347,trajectory reached the configured outer_limit radius
32,506,0.80537918228570027,-0.45266666666666666,fraction,250,0,outer_limit,nan,0,2.1884455589375902,0.0047798659999999998,2.2360679774997898,5.0000000000000009,-0.80931353376763671,58.761289597750242,34.295032036053364,trajectory reached the configured outer_limit radius
32,507,0.80545097149399836,-0.45266666666666666,fraction,250,0,outer_limit,nan,0,2.1854006557102106,0.0052278200000000002,2.2360679774997911,5.0000000000000062,-0.80928642061967715,58.762159591637172,34.291629709577599,trajectory reached the configured outer_limit radius
32,508,0.80552276070229645,-0.45266666666666666,fraction,250,0,outer_limit,nan,0,2.1823708240270365,0.0048155849999999998,2.2360679774997898,5.0000000000000009,-0.80925892955999457,58.763052630263786,34.288210213019667,trajectory reached the configured outer_limit radius
32,509,0.80559454991059443,-0.45266666666666666,fraction,250,0,outer_limit,nan,0,2.1793559188822864,0.0044890269999999996,2.2360679774997898,5.0000000000000009,-0.80923106309772908,58.763968565123143,34.284773686660884,trajectory reached the configured outer_limit radius
33,492,0.80437413336952723,-0.4365,fraction,250,0,outer_limit,nan,0,2.2227861228949788,0.0049036990000000001,2.2360679774997902,5.0000000000000027,-0.80957077984415116,58.755513756530839,34.334091551035279,trajectory reached the configured outer_limit radius
33,493,0.80444592257782532,-0.4365,fraction,250,0,outer_limit,nan,0,2.2195106585168944,0.005411389,2.2360679774997898,5.0000000000000009,-0.80954823246206797,58.756100684624492,34.330884948184519,trajectory reached the configured outer_limit radius
33,494,0.80451771178612341,-0.4365,fraction,250,0,outer_limit,nan,0,2.2162526259484716,0.0053854849999999998,2.2360679774997898,5.0000000000000009,-0.80952526755248533,58.756713013698317,34.327659040488861,trajectory reached the configured outer_limit radius
33,495,0.8045895009944215,-0.4365,fraction,250,0,outer_limit,nan,0,2.2130118443756279,0.0055689449999999996,2.2360679774997898,5.0000000000000009,-0.80950188808084422,58.75735056947476,34.324413995389989,trajectory reached the configured outer_limit radius
33,496,0.80466129020271959,-0.4365,fraction,250,0,outer_limit,nan,0,2.209788135788926,0.0049322810000000002,2.2360679774997898,5.0000000000000009,-0.80947809697762685,58.758013179619994,34.321149978189027,trajectory reached the configured outer_limit radius
33,497,0.80473307941101768,-0.4365,fraction,250,0,outer_limit,nan,0,2.2065813249256463,0.0052111859999999996,2.2360679774997898,5.0000000000000009,-0.80945389713902782,58.75870067370618,34.317867152086926,trajectory reached the configured outer_limit radius
33,498,0.80480486861931566,-0.4365,fraction,250,0,outer_limit,nan,0,2.2033912392133348,0.0046677109999999997,2.2360679774997898,5.0000000000000009,-0.80942929142760311,58.759412883176054,34.314565678224461,trajectory reached the configured outer_limit radius
33,499,0.80487665782761375,-0.4365,fraction,250,0,outer_limit,nan,0,2.2002177087146908,0.004918749,2.2360679774997898,5.0000000000000009,-0.8094042826728951,58.760149641309212,34.311245715721817,trajectory reached the configured outer_limit radius
33,500,0.80494844703591184,-0.4365,fraction,250,0,outer_limit,nan,0,2.1970605660739206,0.0052198260000000003,2.2360679774997911,5.0000000000000062,-0.80937887367205175,58.760910783187768,34.307907421716386,trajectory reached the configured outer_limit radius
33,501,0.80502023624420993,-0.4365,fraction,250,0,outer_limit,nan,0,2.1939196464646251,0.0047721339999999999,2.2360679774997898,5.0000000000000009,-0.809353067190415,58.761696145664175,34.304550951399428,trajectory reached the configured outer_limit radius
33,502,0.80509202545250802,-0.4365,fraction,250,0,outer_limit,nan,0,2.1907947875387075,0.0054274839999999998,2.2360679774997898,5.0000000000000009,-0.80932686596210912,58.762505567329612,34.301176458052709,trajectory reached the configured outer_limit radius
33,503,0.805163814660806,-0.4365,fraction,250,0,outer_limit,nan,0,2.1876858293768708,0.0043411320000000002,2.2360679774997898,5.0000000000000009,-0.80930027269060445,58.763338888482679,34.297784093083841,trajectory reached the configured outer_limit radius
33,504,0.80523560386910409,-0.4365,fraction,250,0,outer_limit,nan,0,2.1845926144400196,0.0048200049999999996,2.2360679774997902,5.0000000000000027,-0.80927329004926274,58.764195951099808,34.294374006059869,trajectory reached the configured outer_limit radius
33,505,0.80530739307740218,-0.4365,fraction,250,0,outer_limit,nan,0,2.1815149875222017,0.0053649960000000003,2.2360679774997898,5.0000000000000009,-0.80924592068187906,58.765076598805088,34.290946344740583,trajectory reached the configured outer_limit radius
33,506,0.80537918228570027,-0.4365,fraction,250,0,outer_limit,nan,0,2.1784527957046378,0.0068826540000000002,2.2360679774997898,5.0000000000000009,-0.80921816720320328,58.765980676843,34.287501255111998,trajectory reached the configured outer_limit radius
33,507,0.80545097149399836,-0.4365,fraction,250,0,outer_limit,nan,0,2.1754058883105762,0.006769265,2.2360679774997898,5.0000000000000009,-0.80919003219944885,58.76690803204967,34.284038881417651,trajectory reached the configured outer_limit radius
33,508,0.80552276070229645,-0.4365,fraction,250,0,outer_limit,nan,0,2.1723741168617763,0.0075871510000000003,2.2360679774997898,5.0000000000000009,-0.80916151822878912,58.767858512825732,34.280559366188719,trajectory reached the configured outer_limit radius
33,509,0.80559454991059443,-0.4365,fraction,250,0,outer_limit,nan,0,2.1693573350356128,0.0066712610000000004,2.2360679774997898,5.0000000000000009,-0.80913262782183948,58.76883196911065,34.277062850275108,trajectory reached the configured outer_limit radius
34,492,0.80437413336952723,-0.42033333333333334,fraction,250,0,outer_limit,nan,0,2.2130826727533246,0.0052320259999999999,2.2360679774997898,5.0000000000000009,-0.80948988553890999,58.759431645780637,34.327524212089955,trajectory reached the configured outer_limit radius
34,493,0.80444592257782532,-0.42033333333333334,fraction,250,0,outer_limit,nan,0,2.2098043279002075,0.0048639290000000003,2.2360679774997898,5.0000000000000009,-0.80946635697782132,58.760073446131777,34.324259046507464,trajectory reached the configured outer_limit radius
34,494,0.80451771178612341,-0.42033333333333334,fraction,250,0,outer_limit,nan,0,2.2065434982520502,0.0053811800000000002,2.2360679774997902,5.0000000000000027,-0.80944240962248981,58.760740744202842,34.320974599455425,trajectory reached the configured outer_limit radius
34,495,0.8045895009944215,-0.42033333333333334,fraction,250,0,outer_limit,nan,0,2.203300001163762,0.0049438499999999996,2.2360679774997898,5.0000000000000009,-0.80941804646388216,58.761433363884301,34.317671039070206,trajectory reached the configured outer_limit radius
34,496,0.80466129020271959,-0.42033333333333334,fraction,250,0,outer_limit,nan,0,2.2000736568444017,0.0055952340000000001,2.2360679774997898,5.0000000000000009,-0.80939327045758436,58.762151131039133,34.314348531333351,trajectory reached the configured outer_limit radius
34,497,0.80473307941101768,-0.42033333333333334,fraction,250,0,outer_limit,nan,0,2.1968642882975429,0.0049559870000000002,2.2360679774997898,5.0000000000000009,-0.8093680845244795,58.76289387346425,34.311007240112104,trajectory reached the configured outer_limit radius
34,498,0.80480486861931566,-0.42033333333333334,fraction,250,0,outer_limit,nan,0,2.1936717212633581,0.0046616069999999999,2.2360679774997898,5.0000000000000009,-0.8093424915514037,58.763661420855158,34.307647327199881,trajectory reached the configured outer_limit radius
34,499,0.80487665782761375,-0.42033333333333334,fraction,250,0,outer_limit,nan,0,2.1904957841619135,0.0048023789999999998,2.2360679774997898,5.0000000000000009,-0.80931649439178732,58.764453604770253,34.304268952355386,trajectory reached the configured outer_limit radius
34,500,0.80494844703591184,-0.42033333333333334,fraction,250,0,outer_limit,nan,0,2.1873363080383239,0.0044846950000000003,2.2360679774997898,5.0000000000000009,-0.80929009586627165,58.765270258598015,34.300872273342236,trajectory reached the configured outer_limit radius
34,501,0.80502023624420993,-0.42033333333333334,fraction,250,0,outer_limit,nan,0,2.1841931265089878,0.0050709359999999998,2.2360679774997898,5.0000000000000009,-0.80926329876332126,58.766111217521754,34.297457445963786,trajectory reached the configured outer_limit radius
34,502,0.80509202545250802,-0.42033333333333334,fraction,250,0,outer_limit,nan,0,2.1810660757093898,0.0046330140000000004,2.2360679774997898,5.0000000000000009,-0.80923610583980665,58.766976318489853,34.2940246241035,trajectory reached the configured outer_limit radius
34,503,0.805163814660806,-0.42033333333333334,fraction,250,0,outer_limit,nan,0,2.1779549942430725,0.0049799600000000003,2.2360679774997898,5.0000000000000009,-0.80920851982157971,58.767865400182025,34.290573959755584,trajectory reached the configured outer_limit radius
34,504,0.80523560386910409,-0.42033333333333334,fraction,250,0,outer_limit,nan,0,2.1748597231321303,0.0049209019999999996,2.2360679774997898,5.0000000000000009,-0.80918054340403456,58.76877830298038,34.287105603064063,trajectory reached the configured outer_limit radius
34,505,0.80530739307740218,-0.42033333333333334,fraction,250,0,outer_limit,nan,0,2.1717801057687693,0.0041828280000000004,2.2360679774997911,5.0000000000000062,-0.80915217925264771,58.769714868939019,34.28361970235359,trajectory reached the configured outer_limit radius
34,506,0.80537918228570027,-0.42033333333333334,fraction,250,0,outer_limit,nan,0,2.1687159878680653,0.004421403,2.2360679774997898,5.0000000000000009,-0.80912343000351294,58.770674941753782,34.28011640416257,trajectory reached the configured outer_limit radius
34,507,0.80545097149399836,-0.42033333333333334,fraction,250,0,outer_limit,nan,0,2.1656672174220972,0.0049658380000000002,2.2360679774997898,5.0000000000000009,-0.80909429826385115,58.771658366737022,34.276595853276405,trajectory reached the configured outer_limit radius
34,508,0.80552276070229645,-0.42033333333333334,fraction,250,0,outer_limit,nan,0,2.1626336446549232,0.0051717559999999996,2.2360679774997898,5.0000000000000009,-0.80906478661252168,58.77266499078668,34.273058192758135,trajectory reached the configured outer_limit radius
34,509,0.80559454991059443,-0.42033333333333334,fraction,250,0,outer_limit,nan,0,2.1596151219791024,0.0046386689999999998,2.2360679774997898,5.0000000000000009,-0.80903489760050618,58.773694662361379,34.269503563977608,trajectory reached the configured outer_limit radius
35,492,0.80437413336952723,-0.40416666666666667,fraction,250,0,outer_limit,nan,0,2.2036211744427949,0.0045304159999999998,2.2360679774997898,5.0000000000000009,-0.8094093488630355,58.763364933092504,34.321077557504125,trajectory reached the configured outer_limit radius
35,493,0.80444592257782532,-0.40416666666666667,fraction,250,0,outer_limit,nan,0,2.2003401210164921,0.0044423539999999999,2.2360679774997898,5.0000000000000009,-0.80938486237036544,58.764060429250328,34.317755612337059,trajectory reached the configured outer_limit radius
35,494,0.80451771178612341,-0.40416666666666667,fraction,250,0,outer_limit,nan,0,2.1970766628584157,0.004855636,2.2360679774997898,5.0000000000000009,-0.80935995593880528,58.764781511779177,34.314414412947144,trajectory reached the configured outer_limit radius
35,495,0.8045895009944215,-0.40416666666666667,fraction,250,0,outer_limit,nan,0,2.1938306155620699,0.0049029140000000004,2.2360679774997898,5.0000000000000009,-0.80933463258354066,58.765528002822791,34.311054128109241,trajectory reached the configured outer_limit radius
35,496,0.80466129020271959,-0.40416666666666667,fraction,250,0,outer_limit,nan,0,2.1906017976228598,0.0049868669999999999,2.2360679774997898,5.0000000000000009,-0.80930889528397409,58.766299726523798,34.307674924427559,trajectory reached the configured outer_limit radius
35,497,0.80473307941101768,-0.40416666666666667,fraction,250,0,outer_limit,nan,0,2.1873900303766898,0.0049617209999999997,2.2360679774997898,5.0000000000000009,-0.80928274698440483,58.767096508986448,34.3042769663789,trajectory reached the configured outer_limit radius
35,498,0.80480486861931566,-0.40416666666666667,fraction,250,0,outer_limit,nan,0,2.184195137940665,0.0046936850000000004,2.2360679774997898,5.0000000000000009,-0.80925619059470388,58.76791817823942,34.300860416354226,trajectory reached the configured outer_limit radius
35,499,0.80487665782761375,-0.40416666666666667,fraction,250,0,outer_limit,nan,0,2.1810169471550784,0.0045365780000000003,2.2360679774997898,5.0000000000000009,-0.8092292289909474,58.768764564201142,34.297425434696855,trajectory reached the configured outer_limit radius
35,500,0.80494844703591184,-0.40416666666666667,fraction,250,0,outer_limit,nan,0,2.1778552875270187,0.0048928790000000002,2.2360679774997898,5.0000000000000009,-0.80920186501606639,58.76963549864395,34.293972179742411,trajectory reached the configured outer_limit radius
35,501,0.80502023624420993,-0.40416666666666667,fraction,250,0,outer_limit,nan,0,2.174709991175281,0.0062695870000000001,2.2360679774997898,5.0000000000000009,-0.80917410148044044,58.770530815161294,34.290500807854805,trajectory reached the configured outer_limit radius
35,502,0.80509202545250802,-0.40416666666666667,fraction,250,0,outer_limit,nan,0,2.1715808927769662,0.0053683589999999996,2.2360679774997898,5.0000000000000009,-0.80914594116250782,58.77145034913439,34.287011473464659,trajectory reached the configured outer_limit radius
35,503,0.805163814660806,-0.40416666666666667,fraction,250,0,outer_limit,nan,0,2.1684678295152962,0.0048342929999999999,2.2360679774997898,5.0000000000000009,-0.80911738680934109,58.772393937701217,34.283504329105739,trajectory reached the configured outer_limit radius
35,504,0.80523560386910409,-0.40416666666666667,fraction,250,0,outer_limit,nan,0,2.1653706410286699,0.0047099289999999999,2.2360679774997898,5.0000000000000009,-0.80908844113721579,58.773361419723486,34.27997952544569,trajectory reached the configured outer_limit radius
35,505,0.80530739307740218,-0.40416666666666667,fraction,250,0,outer_limit,nan,0,2.162289169361244,0.0050731630000000003,2.2360679774997898,5.0000000000000009,-0.80905910683215876,58.774352635758639,34.276437211325103,trajectory reached the configured outer_limit radius
35,506,0.80537918228570027,-0.40416666666666667,fraction,250,0,outer_limit,nan,0,2.1592232589146851,0.0046129040000000001,2.2360679774997907,5.0000000000000044,-0.80902938655048739,58.775367428029249,34.272877533787224,trajectory reached the configured outer_limit radius
35,507,0.80545097149399836,-0.40416666666666667,fraction,250,0,outer_limit,nan,0,2.1561727564010167,0.0034576149999999998,2.2360679774997898,5.0000000000000009,-0.80899928291933465,58.776405640393143,34.269300638110721,trajectory reached the configured outer_limit radius
35,508,0.80552276070229645,-0.40416666666666667,fraction,250,0,outer_limit,nan,0,2.1531375107968151,0.0041937299999999997,2.2360679774997898,5.0000000000000009,-0.80896879853715564,58.777467118318057,34.265706667842259,trajectory reached the configured outer_limit radius
35,509,0.80559454991059443,-0.40416666666666667,fraction,250,0,outer_limit,nan,0,2.1501173732983858,0.0051219890000000004,2.2360679774997898,5.0000000000000009,-0.80893793597422525,58.778551708852035,34.262095764826348,trajectory reached the configured outer_limit radius
36,492,0.80437413336952723,-0.38800000000000001,fraction,250,0,outer_limit,nan,0,2.1943907596148922,0.0046305610000000001,2.2360679774997898,5.0000000000000009,-0.80932923245036692,58.767308932727317,34.31475207176662,trajectory reached the configured outer_limit radius
36,493,0.80444592257782532,-0.38800000000000001,fraction,250,0,outer_limit,nan,0,2.1911071578235473,0.0047223810000000003,2.2360679774997898,5.0000000000000009,-0.80930381108068628,58.768056952621173,34.311375097867177,trajectory reached the configured outer_limit radius
36,494,0.80451771178612341,-0.38800000000000001,fraction,250,0,outer_limit,nan,0,2.18784122823025,0.0051325090000000004,2.2360679774997898,5.0000000000000009,-0.80927796874433378,58.768830639789883,34.307978900633842,trajectory reached the configured outer_limit radius
36,495,0.8045895009944215,-0.38800000000000001,fraction,250,0,outer_limit,nan,0,2.1845927847327347,0.0035080409999999999,2.2360679774997898,5.0000000000000009,-0.80925170847944994,58.769629814711642,34.304563649421866,trajectory reached the configured outer_limit radius
36,496,0.80466129020271959,-0.38800000000000001,fraction,250,0,outer_limit,nan,0,2.1813616441764667,0.0048759809999999997,2.2360679774997898,5.0000000000000009,-0.80922503328800877,58.770454299889998,34.301129511404646,trajectory reached the configured outer_limit radius
36,497,0.80473307941101768,-0.38800000000000001,fraction,250,0,outer_limit,nan,0,2.1781476262920885,0.0047887720000000002,2.2360679774997898,5.0000000000000009,-0.80919794613649954,58.771303919816262,34.297676651615227,trajectory reached the configured outer_limit radius
36,498,0.80480486861931566,-0.38800000000000001,fraction,250,0,outer_limit,nan,0,2.1749505536343592,0.0046998099999999996,2.2360679774997898,5.0000000000000009,-0.80917044995661447,58.77217850093124,34.294205232988062,trajectory reached the configured outer_limit radius
36,499,0.80487665782761375,-0.38800000000000001,fraction,250,0,outer_limit,nan,0,2.1717702515228114,0.0056778890000000002,2.2360679774997898,5.0000000000000009,-0.80914254764589633,58.77307787158994,34.290715416399429,trajectory reached the configured outer_limit radius
36,500,0.80494844703591184,-0.38800000000000001,fraction,250,0,outer_limit,nan,0,2.1686065479841363,0.0044167829999999996,2.2360679774997898,5.0000000000000009,-0.80911424206837657,58.774001862026495,34.28720736070558,trajectory reached the configured outer_limit radius
36,501,0.80502023624420993,-0.38800000000000001,fraction,250,0,outer_limit,nan,0,2.1654592736957037,0.0041820779999999997,2.2360679774997911,5.0000000000000062,-0.80908553605520173,58.774950304319063,34.283681222780686,trajectory reached the configured outer_limit radius
36,502,0.80509202545250802,-0.38800000000000001,fraction,250,0,outer_limit,nan,0,2.1623282619310276,0.0052191939999999999,2.2360679774997898,5.0000000000000009,-0.80905643240523317,58.775923032356964,34.280137157554641,trajectory reached the configured outer_limit radius
36,503,0.805163814660806,-0.38800000000000001,fraction,250,0,outer_limit,nan,0,2.1592133485062095,0.0042122389999999996,2.2360679774997898,5.0000000000000009,-0.80902693388564118,58.776919881808595,34.276575318047527,trajectory reached the configured outer_limit radius
36,504,0.80523560386910409,-0.38800000000000001,fraction,250,0,outer_limit,nan,0,2.1561143717281133,0.0048798410000000002,2.2360679774997898,5.0000000000000009,-0.80899704323247101,58.777940690089601,34.27299585540716,trajectory reached the configured outer_limit radius
36,505,0.80530739307740218,-0.38800000000000001,fraction,250,0,outer_limit,nan,0,2.1530311723436615,0.0048719189999999997,2.2360679774997898,5.0000000000000009,-0.80896676315120608,58.778985296331832,34.269398918940198,trajectory reached the configured outer_limit radius
36,506,0.80537918228570027,-0.38800000000000001,fraction,250,0,outer_limit,nan,0,2.1499635934905581,0.0043863679999999999,2.2360679774997898,5.0000000000000009,-0.80893609631731334,58.780053541353588,34.265784656148021,trajectory reached the configured outer_limit radius
36,507,0.80545097149399836,-0.38800000000000001,fraction,250,0,outer_limit,nan,0,2.1469114806490071,0.0046285679999999996,2.2360679774997898,5.0000000000000009,-0.80890504537676688,58.781145267630968,34.262153212757873,trajectory reached the configured outer_limit radius
36,508,0.80552276070229645,-0.38800000000000001,fraction,250,0,outer_limit,nan,0,2.1438746815952014,0.0047990280000000003,2.2360679774997898,5.0000000000000009,-0.80887361294657312,58.782260319268204,34.258504732754588,trajectory reached the configured outer_limit radius
36,509,0.80559454991059443,-0.38800000000000001,fraction,250,0,outer_limit,nan,0,2.1408530463553412,0.004775774,2.2360679774997898,5.0000000000000009,-0.8088418016152652,58.783398541971273,34.254839358411616,trajectory reached the configured outer_limit radius
37,492,0.80437413336952723,-0.37183333333333335,fraction,250,0,outer_limit,nan,0,2.1853813272673976,0.0044062179999999999,2.2360679774997898,5.0000000000000009,-0.80924959437861399,58.771259294569937,34.308548181321711,trajectory reached the configured outer_limit radius
37,493,0.80444592257782532,-0.37183333333333335,fraction,250,0,outer_limit,nan,0,2.1820953266146961,0.0045566390000000003,2.2360679774997898,5.0000000000000009,-0.80922326100173791,58.772058670560476,34.305117899177773,trajectory reached the configured outer_limit radius
37,494,0.80451771178612341,-0.37183333333333335,fraction,250,0,outer_limit,nan,0,2.1788270721386898,0.0052094680000000001,2.2360679774997902,5.0000000000000027,-0.80919650574239244,58.772883787300252,34.301668428013961,trajectory reached the configured outer_limit radius
37,495,0.8045895009944215,-0.37183333333333335,fraction,250,0,outer_limit,nan,0,2.1755763761033751,0.0048183719999999996,2.2360679774997898,5.0000000000000009,-0.80916933166045557,58.773734463681706,34.298199937714344,trajectory reached the configured outer_limit radius
37,496,0.80466129020271959,-0.37183333333333335,fraction,250,0,outer_limit,nan,0,2.1723430537646622,0.0049276229999999999,2.2360679774997898,5.0000000000000009,-0.80914174177926312,58.774610520647549,34.294712595967063,trajectory reached the configured outer_limit radius
37,497,0.80473307941101768,-0.37183333333333335,fraction,250,0,outer_limit,nan,0,2.1691269233065746,0.0046484300000000003,2.2360679774997898,5.0000000000000009,-0.8091137390863129,58.775511781153384,34.291206568310898,trajectory reached the configured outer_limit radius
37,498,0.80480486861931566,-0.37183333333333335,fraction,250,0,outer_limit,nan,0,2.1659278057787557,0.0047250900000000004,2.2360679774997898,5.0000000000000009,-0.80908532653394605,58.776438070128748,34.287682018173449,trajectory reached the configured outer_limit radius
37,499,0.80487665782761375,-0.37183333333333335,fraction,250,0,outer_limit,nan,0,2.1627455250358576,0.0049500669999999998,2.2360679774997898,5.0000000000000009,-0.80905650704001408,58.777389214440852,34.284139106913102,trajectory reached the configured outer_limit radius
37,500,0.80494844703591184,-0.37183333333333335,fraction,250,0,outer_limit,nan,0,2.1595799076784639,0.0047738900000000003,2.2360679774997898,5.0000000000000009,-0.80902728348852315,58.778365042859015,34.280577993858159,trajectory reached the configured outer_limit radius
37,501,0.80502023624420993,-0.37183333333333335,fraction,250,0,outer_limit,nan,0,2.1564307829956224,0.0048698459999999997,2.2360679774997902,5.0000000000000027,-0.80899765873026075,58.779365386020032,34.276998836344596,trajectory reached the configured outer_limit radius
37,502,0.80509202545250802,-0.37183333333333335,fraction,250,0,outer_limit,nan,0,2.1532979829087227,0.0047394409999999996,2.2360679774997898,5.0000000000000009,-0.80896763558341078,58.780390076393452,34.273401789752945,trajectory reached the configured outer_limit radius
37,503,0.805163814660806,-0.37183333333333335,fraction,250,0,outer_limit,nan,0,2.150181341917309,0.0052324529999999998,2.2360679774997902,5.0000000000000027,-0.80893721683414876,58.781438948250127,34.269787007545702,trajectory reached the configured outer_limit radius
37,504,0.80523560386910409,-0.37183333333333335,fraction,250,0,outer_limit,nan,0,2.14708069704567,0.0051232669999999999,2.2360679774997898,5.0000000000000009,-0.80890640523722124,58.782511837628782,34.266154641301448,trajectory reached the configured outer_limit radius
37,505,0.80530739307740218,-0.37183333333333335,fraction,250,0,outer_limit,nan,0,2.1439958877914251,0.0042229249999999998,2.2360679774997898,5.0000000000000009,-0.80887520351650899,58.783608582305988,34.262504840749784,trajectory reached the configured outer_limit radius
37,506,0.80537918228570027,-0.37183333333333335,fraction,250,0,outer_limit,nan,0,2.1409267560749314,0.0053977629999999999,2.2360679774997898,5.0000000000000009,-0.8088436143655825,58.784729021764804,34.258837753804798,trajectory reached the configured outer_limit radius
37,507,0.80545097149399836,-0.37183333333333335,fraction,250,0,outer_limit,nan,0,2.1378731461903309,0.004548603,2.2360679774997898,5.0000000000000009,-0.80881164044823228,58.785872997165839,34.255153526597766,trajectory reached the configured outer_limit radius
37,508,0.80552276070229645,-0.37183333333333335,fraction,250,0,outer_limit,nan,0,2.1348349047577604,0.0044837439999999996,2.2360679774997898,5.0000000000000009,-0.80877928439899716,58.787040351318076,34.251452303508827,trajectory reached the configured outer_limit radius
37,509,0.80559454991059443,-0.37183333333333335,fraction,250,0,outer_limit,nan,0,2.1318118806765947,0.0046847939999999999,2.2360679774997898,5.0000000000000009,-0.80874654882366825,58.788230928651132,34.247734227198869,trajectory reached the configured outer_limit radius
38,492,0.80437413336952723,-0.35566666666666669,fraction,250,0,outer_limit,nan,0,2.1765834733095621,0.0050750719999999999,2.2360679774997898,5.0000000000000009,-0.80917048861058183,58.775211972981673,34.302466264075541,trajectory reached the configured outer_limit radius
38,493,0.80444592257782532,-0.35566666666666669,fraction,250,0,outer_limit,nan,0,2.1732952134791264,0.0047602399999999998,2.2360679774997898,5.0000000000000009,-0.80914326591971686,58.776061541863065,34.298984365616761,trajectory reached the configured outer_limit radius
38,494,0.80451771178612341,-0.35566666666666669,fraction,250,0,outer_limit,nan,0,2.1700247710209513,0.0052644299999999996,2.2360679774997898,5.0000000000000009,-0.80911562053802111,58.776936917836338,34.295483315678354,trajectory reached the configured outer_limit radius
38,495,0.8045895009944215,-0.35566666666666669,fraction,250,0,outer_limit,nan,0,2.1667719566236143,0.0049709610000000003,2.2360679774997898,5.0000000000000009,-0.80908755554592071,58.777837918284966,34.291963284619996,trajectory reached the configured outer_limit radius
38,496,0.80466129020271959,-0.35566666666666669,fraction,250,0,outer_limit,nan,0,2.1635365840106107,0.0049857779999999997,2.2360679774997898,5.0000000000000009,-0.80905907398695087,58.778764362667658,34.288424440596962,trajectory reached the configured outer_limit radius
38,497,0.80473307941101768,-0.35566666666666669,fraction,250,0,outer_limit,nan,0,2.160318469874813,0.0049283399999999998,2.2360679774997898,5.0000000000000009,-0.80903017886846151,58.779716072479786,34.284866949602396,trajectory reached the configured outer_limit radius
38,498,0.80480486861931566,-0.35566666666666669,fraction,250,0,outer_limit,nan,0,2.1571174338149883,0.0053246480000000004,2.2360679774997898,5.0000000000000009,-0.80900087316231928,58.780692871213098,34.281290975509364,trajectory reached the configured outer_limit radius
38,499,0.80487665782761375,-0.35566666666666669,fraction,250,0,outer_limit,nan,0,2.1539332982734765,0.0045025070000000002,2.2360679774997898,5.0000000000000009,-0.80897115980556455,58.78169458432059,34.277696680110267,trajectory reached the configured outer_limit radius
38,500,0.80494844703591184,-0.35566666666666669,fraction,250,0,outer_limit,nan,0,2.150765888476208,0.0046256600000000002,2.2360679774997902,5.0000000000000027,-0.80894104170107606,58.782721039178981,34.274084223158205,trajectory reached the configured outer_limit radius
38,501,0.80502023624420993,-0.35566666666666669,fraction,250,0,outer_limit,nan,0,2.1476150323738099,0.004864541,2.2360679774997898,5.0000000000000009,-0.80891052171819977,58.783772065054343,34.270453762403996,trajectory reached the configured outer_limit radius
38,502,0.80509202545250802,-0.35566666666666669,fraction,250,0,outer_limit,nan,0,2.1444805605846295,0.0046047270000000003,2.2360679774997902,5.0000000000000027,-0.80887960269337478,58.784847493067218,34.266805453634149,trajectory reached the configured outer_limit radius
38,503,0.805163814660806,-0.35566666666666669,fraction,250,0,outer_limit,nan,0,2.1413623063390177,0.0049618429999999996,2.2360679774997898,5.0000000000000009,-0.80884828743072756,58.785947156159935,34.263139450708238,trajectory reached the configured outer_limit radius
38,504,0.80523560386910409,-0.35566666666666669,fraction,250,0,outer_limit,nan,0,2.1382601054252048,0.0045011000000000001,2.2360679774997898,5.0000000000000009,-0.80881657870266443,58.78707088906306,34.25945590559099,trajectory reached the configured outer_limit radius
38,505,0.80530739307740218,-0.35566666666666669,fraction,250,0,outer_limit,nan,0,2.1351737961366508,0.0043485729999999997,2.2360679774997907,5.0000000000000044,-0.80878447925044339,58.788218528265034,34.255754968392012,trajectory reached the configured outer_limit radius
38,506,0.80537918228570027,-0.35566666666666669,fraction,250,0,outer_limit,nan,0,2.132103219220542,0.0041362250000000003,2.2360679774997902,5.0000000000000027,-0.80875199178472268,58.789389911980592,34.25203678739517,trajectory reached the configured outer_limit radius
38,507,0.80545097149399836,-0.35566666666666669,fraction,250,0,outer_limit,nan,0,2.1290482178279206,0.0042178160000000001,2.2360679774997898,5.0000000000000009,-0.80871911898611804,58.790584880120512,34.248301509093444,trajectory reached the configured outer_limit radius
38,508,0.80552276070229645,-0.35566666666666669,fraction,250,0,outer_limit,nan,0,2.1260086374647882,0.005603912,2.2360679774997898,5.0000000000000009,-0.8086858635057147,58.791803274263685,34.244549278221314,trajectory reached the configured outer_limit radius
38,509,0.80559454991059443,-0.35566666666666669,fraction,250,0,outer_limit,nan,0,2.1229843259447985,0.0055313710000000002,2.2360679774997898,5.0000000000000009,-0.80865222796559444,58.793044937626988,34.24078023778462,trajectory reached the configured outer_limit radius
39,492,0.80437413336952723,-0.33950000000000002,fraction,250,0,outer_limit,nan,0,2.1679884281995574,0.0055511579999999996,2.2360679774997898,5.0000000000000009,-0.80909196538571837,58.779163199131908,34.296506657752715,trajectory reached the configured outer_limit radius
39,493,0.80444592257782532,-0.33950000000000002,fraction,250,0,outer_limit,nan,0,2.1646980398481617,0.0055835420000000004,2.2360679774997898,5.0000000000000009,-0.80906387590564921,58.780061802091438,34.292974808049415,trajectory reached the configured outer_limit radius
39,494,0.80451771178612341,-0.33950000000000002,fraction,250,0,outer_limit,nan,0,2.1614255374362008,0.0042724640000000001,2.2360679774997898,5.0000000000000009,-0.80903536302956514,58.780986271631974,34.289423847445576,trajectory reached the configured outer_limit radius
39,495,0.8045895009944215,-0.33950000000000002,fraction,250,0,outer_limit,nan,0,2.1581707301322539,0.004204213,2.2360679774997898,5.0000000000000009,-0.80900642985729121,58.781936423704209,34.28585394672929,trajectory reached the configured outer_limit radius
39,496,0.80466129020271959,-0.33950000000000002,fraction,250,0,outer_limit,nan,0,2.1549334301813681,0.0057413739999999996,2.2360679774997898,5.0000000000000009,-0.80897707945143249,58.782912076356368,34.282265274472209,trajectory reached the configured outer_limit radius
39,497,0.80473307941101768,-0.33950000000000002,fraction,250,0,outer_limit,nan,0,2.1517134528379667,0.0042913830000000002,2.2360679774997898,5.0000000000000009,-0.80894731483808324,58.783913049695947,34.278657997075456,trajectory reached the configured outer_limit radius
39,498,0.80480486861931566,-0.33950000000000002,fraction,250,0,outer_limit,nan,0,2.1485106163008876,0.0049262139999999999,2.2360679774997898,5.0000000000000009,-0.8089171390075256,58.784939165850233,34.275032278809753,trajectory reached the configured outer_limit radius
39,499,0.80487665782761375,-0.33950000000000002,fraction,250,0,outer_limit,nan,0,2.1453247416501413,0.0053605149999999997,2.2360679774997898,5.0000000000000009,-0.80888655491491435,58.785990248928343,34.27138828185663,trajectory reached the configured outer_limit radius
39,500,0.80494844703591184,-0.33950000000000002,fraction,250,0,outer_limit,nan,0,2.1421556527856511,0.0047831289999999997,2.2360679774997898,5.0000000000000009,-0.80885556548093251,58.787066124985131,34.267726166348396,trajectory reached the configured outer_limit radius
39,501,0.80502023624420993,-0.33950000000000002,fraction,250,0,outer_limit,nan,0,2.1390031763670367,0.0046709760000000003,2.2360679774997898,5.0000000000000009,-0.8088241735924373,58.788166621985127,34.26404609040695,trajectory reached the configured outer_limit radius
39,502,0.80509202545250802,-0.33950000000000002,fraction,250,0,outer_limit,nan,0,2.1358671417555954,0.0045176160000000003,2.2360679774997898,5.0000000000000009,-0.80879238210307791,58.789291569768139,34.260348210180155,trajectory reached the configured outer_limit radius
39,503,0.805163814660806,-0.33950000000000002,fraction,250,0,outer_limit,nan,0,2.1327473809576087,0.0037073879999999998,2.2360679774997898,5.0000000000000009,-0.80876019383391795,58.790440800014956,34.256632679880113,trajectory reached the configured outer_limit radius
39,504,0.80523560386910409,-0.33950000000000002,fraction,250,0,outer_limit,nan,0,2.1296437285690697,0.0048767460000000004,2.2360679774997902,5.0000000000000027,-0.80872761157401596,58.791614146214904,34.252899651818204,trajectory reached the configured outer_limit radius
39,505,0.80530739307740218,-0.33950000000000002,fraction,250,0,outer_limit,nan,0,2.1265560217221346,0.0048798799999999996,2.2360679774997898,5.0000000000000009,-0.80869463808100917,58.792811443633731,34.249149276439759,trajectory reached the configured outer_limit radius
39,506,0.80537918228570027,-0.33950000000000002,fraction,250,0,outer_limit,nan,0,2.1234841000325266,0.0045563909999999999,2.2360679774997898,5.0000000000000009,-0.80866127608167537,58.794032529282433,34.245381702358209,trajectory reached the configured outer_limit radius
39,507,0.80545097149399836,-0.33950000000000002,fraction,250,0,outer_limit,nan,0,2.1204278055488275,0.0042631320000000002,2.2360679774997898,5.0000000000000009,-0.80862752827247675,58.795277241886566,34.24159707638777,trajectory reached the configured outer_limit radius
39,508,0.80552276070229645,-0.33950000000000002,fraction,250,0,outer_limit,nan,0,2.11738698270277,0.0039426360000000002,2.2360679774997898,5.0000000000000009,-0.80859339732010249,58.796545421857189,34.237795543576965,trajectory reached the configured outer_limit radius
39,509,0.80559454991059443,-0.33950000000000002,fraction,250,0,outer_limit,nan,0,2.1143614782608773,0.0044789130000000002,2.2360679774997898,5.0000000000000009,-0.80855888586198121,58.797836911261385,34.233977247238137,trajectory reached the configured outer_limit radius
40,492,0.80437413336952723,-0.32333333333333336,fraction,250,0,outer_limit,nan,0,2.1595880015635496,0.0049765850000000004,2.2360679774997898,5.0000000000000009,-0.80901407156864957,58.783109456348328,34.29066966727973,trajectory reached the configured outer_limit radius
40,493,0.80444592257782532,-0.32333333333333336,fraction,250,0,outer_limit,nan,0,2.1562956070338237,0.0045964120000000002,2.2360679774997898,5.0000000000000009,-0.8089851376639331,58.784055938889217,34.287089506143801,trajectory reached the configured outer_limit radius
40,494,0.80451771178612341,-0.32333333333333336,fraction,250,0,outer_limit,nan,0,2.153021164525394,0.00395898,2.2360679774997898,5.0000000000000009,-0.80895577975721245,58.785028340908504,34.283490277551948,trajectory reached the configured outer_limit radius
40,495,0.8045895009944215,-0.32333333333333336,fraction,250,0,outer_limit,nan,0,2.1497644817395329,0.0030522349999999999,2.2360679774997898,5.0000000000000009,-0.80892600096660472,58.786026476996305,34.279872152672866,trajectory reached the configured outer_limit radius
40,496,0.80466129020271959,-0.32333333333333336,fraction,250,0,outer_limit,nan,0,2.1465253694937951,0.0048717120000000003,2.2360679774997898,5.0000000000000009,-0.80889580437268105,58.787050163863185,34.276235300448882,trajectory reached the configured outer_limit radius
40,497,0.80473307941101768,-0.32333333333333336,fraction,250,0,outer_limit,nan,0,2.1433036416538278,0.0044067660000000003,2.2360679774997898,5.0000000000000009,-0.80886519301919613,58.788099220300467,34.272579887643488,trajectory reached the configured outer_limit radius
40,498,0.80480486861931566,-0.32333333333333336,fraction,250,0,outer_limit,nan,0,2.1400991150672604,0.0044121530000000003,2.2360679774997898,5.0000000000000009,-0.8088341699137912,58.789173467140238,34.268906078880022,trajectory reached the configured outer_limit radius
40,499,0.80487665782761375,-0.32333333333333336,fraction,250,0,outer_limit,nan,0,2.1369116094990344,0.0045177280000000004,2.2360679774997898,5.0000000000000009,-0.80880273802867864,58.790272727217783,34.265214036684355,trajectory reached the configured outer_limit radius
40,500,0.80494844703591184,-0.32333333333333336,fraction,250,0,outer_limit,nan,0,2.1337409475689437,0.0046855839999999996,2.2360679774997898,5.0000000000000009,-0.80877090030131471,58.791396825333635,34.261503921524913,trajectory reached the configured outer_limit radius
40,501,0.80502023624420993,-0.32333333333333336,fraction,250,0,outer_limit,nan,0,2.1305869546905321,0.0046430910000000002,2.2360679774997902,5.0000000000000027,-0.80873865963504066,58.792545588218857,34.257775891850912,trajectory reached the configured outer_limit radius
40,502,0.80509202545250802,-0.32333333333333336,fraction,250,0,outer_limit,nan,0,2.1274494590118285,0.005100846,2.2360679774997898,5.0000000000000009,-0.80870601889972227,58.793718844498031,34.254030104130173,trajectory reached the configured outer_limit radius
40,503,0.805163814660806,-0.32333333333333336,fraction,250,0,outer_limit,nan,0,2.1243282913576804,0.0048139599999999999,2.2360679774997898,5.0000000000000009,-0.80867298093236117,58.794916424656975,34.250266712886756,trajectory reached the configured outer_limit radius
40,504,0.80523560386910409,-0.32333333333333336,fraction,250,0,outer_limit,nan,0,2.1212232851733597,0.0047391869999999997,2.2360679774997898,5.0000000000000009,-0.80863954853769227,58.796138161008159,34.246485870736244,trajectory reached the configured outer_limit radius
40,505,0.80530739307740218,-0.32333333333333336,fraction,250,0,outer_limit,nan,0,2.1181342764701858,0.005142532,2.2360679774997898,5.0000000000000009,-0.80860572448877144,58.797383887658469,34.242687728420634,trajectory reached the configured outer_limit radius
40,506,0.80537918228570027,-0.32333333333333336,fraction,250,0,outer_limit,nan,0,2.1150611037720348,0.0053170179999999997,2.2360679774997898,5.0000000000000009,-0.80857151152753981,58.798653440478247,34.238872434842811,trajectory reached the configured outer_limit radius
40,507,0.80545097149399836,-0.32333333333333336,fraction,250,0,outer_limit,nan,0,2.1120036080635733,0.0041408169999999998,2.2360679774997898,5.0000000000000009,-0.80853691236538006,58.799946657069803,34.235040137099929,trajectory reached the configured outer_limit radius
40,508,0.80552276070229645,-0.32333333333333336,fraction,250,0,outer_limit,nan,0,2.1089616327397658,0.0047456829999999997,2.2360679774997898,5.0000000000000009,-0.80850192968365098,58.801263376737921,34.231190980515024,trajectory reached the configured outer_limit radius
40,509,0.80559454991059443,-0.32333333333333336,fraction,250,0,outer_limit,nan,0,2.1059350235566465,0.0052685850000000001,2.2360679774997898,5.0000000000000009,-0.8084665661342203,58.802603440460715,34.227325108670158,trajectory reached the configured outer_limit radius
41,492,0.80437413336952723,-0.3071666666666667,fraction,250,0,outer_limit,nan,0,2.1513745328750926,0.0045896899999999996,2.2360679774997907,5.0000000000000044,-0.80893685096034595,58.787047458094143,34.284955571332766,trajectory reached the configured outer_limit radius
41,493,0.80444592257782532,-0.3071666666666667,fraction,250,0,outer_limit,nan,0,2.1480802468378788,0.0046307700000000002,2.2360679774997907,5.0000000000000044,-0.80890709484350576,58.788040669926325,34.281328714829286,trajectory reached the configured outer_limit radius
41,494,0.80451771178612341,-0.3071666666666667,fraction,250,0,outer_limit,nan,0,2.1448039765510276,0.0047721480000000004,2.2360679774997898,5.0000000000000009,-0.80887691421414465,58.789059847787001,34.277682837018759,trajectory reached the configured outer_limit radius
41,495,0.8045895009944215,-0.3071666666666667,fraction,250,0,outer_limit,nan,0,2.1415455282982401,0.0048300620000000004,2.2360679774997898,5.0000000000000009,-0.80884631220758618,58.790104804977148,34.274018109403109,trajectory reached the configured outer_limit radius
41,496,0.80466129020271959,-0.3071666666666667,fraction,250,0,outer_limit,nan,0,2.1383047115180456,0.0053500589999999999,2.2360679774997898,5.0000000000000009,-0.80881529192130419,58.791175356939959,34.270334701252182,trajectory reached the configured outer_limit radius
41,497,0.80473307941101768,-0.3071666666666667,fraction,250,0,outer_limit,nan,0,2.1350813387347487,0.0048375270000000003,2.2360679774997898,5.0000000000000009,-0.80878385641566231,58.792271321219985,34.266632779646571,trajectory reached the configured outer_limit radius
41,498,0.80480486861931566,-0.3071666666666667,fraction,250,0,outer_limit,nan,0,2.1318752254905626,0.004808807,2.2360679774997902,5.0000000000000027,-0.80875200871462505,58.79339251742239,34.262912509519616,trajectory reached the configured outer_limit radius
41,499,0.80487665782761375,-0.3071666666666667,fraction,250,0,outer_limit,nan,0,2.1286861902802094,0.0047067560000000003,2.2360679774997898,5.0000000000000009,-0.80871975180644318,58.794538767175837,34.25917405369897,trajectory reached the configured outer_limit radius
41,500,0.80494844703591184,-0.3071666666666667,fraction,250,0,outer_limit,nan,0,2.1255140544870894,0.0048350019999999997,2.2360679774997898,5.0000000000000009,-0.80868708864434047,58.795709894093733,34.255417572947138,trajectory reached the configured outer_limit radius
41,501,0.80502023624420993,-0.3071666666666667,fraction,250,0,outer_limit,nan,0,2.1223586423212226,0.0046810610000000002,2.2360679774997898,5.0000000000000009,-0.80865402214715676,58.796905723738305,34.251643225999658,trajectory reached the configured outer_limit radius
41,502,0.80509202545250802,-0.3071666666666667,fraction,250,0,outer_limit,nan,0,2.1192197807588391,0.0048557579999999999,2.2360679774997898,5.0000000000000009,-0.80862055519999088,58.798126083584805,34.247851169603408,trajectory reached the configured outer_limit radius
41,503,0.805163814660806,-0.3071666666666667,fraction,250,0,outer_limit,nan,0,2.1160972994836529,0.0050125509999999996,2.2360679774997898,5.0000000000000009,-0.8085866906548238,58.799370802987134,34.244041558554599,trajectory reached the configured outer_limit radius
41,504,0.80523560386910409,-0.3071666666666667,fraction,250,0,outer_limit,nan,0,2.1129910308298028,0.0054456039999999997,2.2360679774997902,5.0000000000000027,-0.80855243133111754,58.800639713144093,34.240214545733501,trajectory reached the configured outer_limit radius
41,505,0.80530739307740218,-0.3071666666666667,fraction,250,0,outer_limit,nan,0,2.1099008097261769,0.004070438,2.2360679774997898,5.0000000000000009,-0.80851778001641095,58.801932647066018,34.236370282140335,trajectory reached the configured outer_limit radius
41,506,0.80537918228570027,-0.3071666666666667,fraction,250,0,outer_limit,nan,0,2.1068264736421498,0.0045766640000000003,2.2360679774997898,5.0000000000000009,-0.80848273946688665,58.803249439543904,34.232508916929255,trajectory reached the configured outer_limit radius
41,507,0.80545097149399836,-0.3071666666666667,fraction,250,0,outer_limit,nan,0,2.1037678625350709,0.0049327040000000004,2.2360679774997911,5.0000000000000062,-0.80844731240793322,58.804589927117853,34.228630597443058,trajectory reached the configured outer_limit radius
41,508,0.80552276070229645,-0.3071666666666667,fraction,250,0,outer_limit,nan,0,2.1007248187987639,0.0048909729999999998,2.2360679774997902,5.0000000000000027,-0.8084115015346871,58.805953948045982,34.2247354692432,trajectory reached the configured outer_limit radius
41,509,0.80559454991059443,-0.3071666666666667,fraction,250,0,outer_limit,nan,0,2.0976971872137073,0.0048070810000000004,2.2360679774997898,5.0000000000000009,-0.80837530951257042,58.807341342275826,34.220823676143269,trajectory reached the configured outer_limit radius
42,492,0.80437413336952723,-0.29100000000000004,fraction,250,0,outer_limit,nan,0,2.1433408474143936,0.0049063409999999998,2.2360679774997898,5.0000000000000009,-0.80886034457670775,58.790974128239725,34.279364628170001,trajectory reached the configured outer_limit radius
42,493,0.80444592257782532,-0.29100000000000004,fraction,250,0,outer_limit,nan,0,2.1400447774486993,0.0046031470000000001,2.2360679774997898,5.0000000000000009,-0.80882978831641938,58.792012923142842,34.275692670050773,trajectory reached the configured outer_limit radius
42,494,0.80451771178612341,-0.29100000000000004,fraction,250,0,outer_limit,nan,0,2.1367667847324139,0.0046036269999999999,2.2360679774997898,5.0000000000000009,-0.80879880712507657,58.793077724506418,34.272001739324061,trajectory reached the configured outer_limit radius
42,495,0.8045895009944215,-0.29100000000000004,fraction,250,0,outer_limit,nan,0,2.1335066741788364,0.0049422329999999999,2.2360679774997898,5.0000000000000009,-0.80876740415414916,58.794168344413031,34.26829200778333,trajectory reached the configured outer_limit radius
42,496,0.80466129020271959,-0.29100000000000004,fraction,250,0,outer_limit,nan,0,2.1302642538937615,0.0048015089999999998,2.2360679774997898,5.0000000000000009,-0.80873558251698285,58.795284597106445,34.264563644981685,trajectory reached the configured outer_limit radius
42,497,0.80473307941101768,-0.29100000000000004,fraction,250,0,outer_limit,nan,0,2.1270393351047443,0.0043710590000000001,2.2360679774997898,5.0000000000000009,-0.80870334528952892,58.796426298951701,34.260816818274378,trajectory reached the configured outer_limit radius
42,498,0.80480486861931566,-0.29100000000000004,fraction,250,0,outer_limit,nan,0,2.123831732092452,0.0054735540000000003,2.2360679774997898,5.0000000000000009,-0.8086706955110653,58.797593268394408,34.25705169286303,trajectory reached the configured outer_limit radius
42,499,0.80487665782761375,-0.29100000000000004,fraction,250,0,outer_limit,nan,0,2.1206412621238817,0.0050072279999999999,2.2360679774997902,5.0000000000000027,-0.80863763618489548,58.798785325922097,34.25326843183619,trajectory reached the configured outer_limit radius
42,500,0.80494844703591184,-0.29100000000000004,fraction,250,0,outer_limit,nan,0,2.1174677453875432,0.0048365680000000003,2.2360679774997898,5.0000000000000009,-0.80860417027902654,58.80000229402583,34.249467196209622,trajectory reached the configured outer_limit radius
42,501,0.80502023624420993,-0.29100000000000004,fraction,250,0,outer_limit,nan,0,2.1143110049302472,0.0048282159999999998,2.2360679774997898,5.0000000000000009,-0.80857030072683589,58.801243997163226,34.245648144965728,trajectory reached the configured outer_limit radius
42,502,0.80509202545250802,-0.29100000000000004,fraction,250,0,outer_limit,nan,0,2.1111708665958262,0.0044978429999999996,2.2360679774997898,5.0000000000000009,-0.80853603042770983,58.802510261722965,34.24181143509179,trajectory reached the configured outer_limit radius
42,503,0.805163814660806,-0.29100000000000004,fraction,250,0,outer_limit,nan,0,2.1080471589653573,0.0045673739999999999,2.2360679774997898,5.0000000000000009,-0.80850136224766844,58.803800915989896,34.237957221617258,trajectory reached the configured outer_limit radius
42,504,0.80523560386910409,-0.29100000000000004,fraction,250,0,outer_limit,nan,0,2.1049397132991237,0.0040969020000000004,2.2360679774997898,5.0000000000000009,-0.80846629901998235,58.805115790109824,34.234085657649374,trajectory reached the configured outer_limit radius
42,505,0.80530739307740218,-0.29100000000000004,fraction,250,0,outer_limit,nan,0,2.1018483634800611,0.0049937009999999997,2.2360679774997898,5.0000000000000009,-0.80843084354576034,58.806454716057836,34.230196894408934,trajectory reached the configured outer_limit radius
42,506,0.80537918228570027,-0.29100000000000004,fraction,250,0,outer_limit,nan,0,2.0987729459587552,0.0047415620000000004,2.2360679774997898,5.0000000000000009,-0.80839499859453168,58.807817527605422,34.226291081266311,trajectory reached the configured outer_limit radius
42,507,0.80545097149399836,-0.29100000000000004,fraction,250,0,outer_limit,nan,0,2.0957132996997618,0.0042919350000000002,2.2360679774997898,5.0000000000000009,-0.80835876690480546,58.809204060288621,34.222368365771089,trajectory reached the configured outer_limit radius
42,508,0.80552276070229645,-0.29100000000000004,fraction,250,0,outer_limit,nan,0,2.0926692661297426,0.004855158,2.2360679774997898,5.0000000000000009,-0.80832215118462725,58.810614151377926,34.218428893688909,trajectory reached the configured outer_limit radius
42,509,0.80559454991059443,-0.29100000000000004,fraction,250,0,outer_limit,nan,0,2.0896406890864405,0.0048989890000000003,2.2360679774997898,5.0000000000000009,-0.80828515411210677,58.812047639848402,34.214472809031108,trajectory reached the configured outer_limit radius
43,492,0.80437413336952723,-0.27483333333333337,fraction,250,0,outer_limit,nan,0,2.1354802168420735,0.0046915189999999999,2.2360679774997898,5.0000000000000009,-0.80878459089866805,58.794886583348422,34.273897080851988,trajectory reached the configured outer_limit radius
43,493,0.80444592257782532,-0.27483333333333337,fraction,250,0,outer_limit,nan,0,2.1321824639599023,0.0050004230000000004,2.2360679774997898,5.0000000000000009,-0.80875325642793039,58.795969819008455,34.270181593915133,trajectory reached the configured outer_limit radius
43,494,0.80451771178612341,-0.27483333333333337,fraction,250,0,outer_limit,nan,0,2.1289028477101191,0.004993132,2.2360679774997898,5.0000000000000009,-0.80872149669630844,58.797079095659775,34.266447185480992,trajectory reached the configured outer_limit radius
43,495,0.8045895009944215,-0.27483333333333337,fraction,250,0,outer_limit,nan,0,2.1256411716806665,0.0047801079999999999,2.2360679774997898,5.0000000000000009,-0.8086893148704033,58.798214224233064,34.262694027591365,trajectory reached the configured outer_limit radius
43,496,0.80466129020271959,-0.27483333333333337,fraction,250,0,outer_limit,nan,0,2.1223972426882662,0.0051160199999999998,2.2360679774997898,5.0000000000000009,-0.808656714078415,58.799375017840418,34.258922290040253,trajectory reached the configured outer_limit radius
43,497,0.80473307941101768,-0.27483333333333337,fraction,250,0,outer_limit,nan,0,2.1191708707064891,0.0043158409999999999,2.2360679774997898,5.0000000000000009,-0.80862369741089168,58.800561291733359,34.255132140418411,trajectory reached the configured outer_limit radius
43,498,0.80480486861931566,-0.27483333333333337,fraction,250,0,outer_limit,nan,0,2.1159618687958996,0.0043857089999999998,2.2360679774997898,5.0000000000000009,-0.80859026792144273,58.801772863263103,34.251323744154817,trajectory reached the configured outer_limit radius
43,499,0.80487665782761375,-0.27483333333333337,fraction,250,0,outer_limit,nan,0,2.1127700530362468,0.004617243,2.2360679774997911,5.0000000000000062,-0.80855642862746091,58.803009551840063,34.247497264559193,trajectory reached the configured outer_limit radius
43,500,0.80494844703591184,-0.27483333333333337,fraction,250,0,outer_limit,nan,0,2.1095952424605464,0.0038162510000000001,2.2360679774997898,5.0000000000000009,-0.80852218251078889,58.804271178895938,34.243652862862177,trajectory reached the configured outer_limit radius
43,501,0.80502023624420993,-0.27483333333333337,fraction,250,0,outer_limit,nan,0,2.10643725899086,0.0047338969999999999,2.2360679774997898,5.0000000000000009,-0.80848753251840111,58.805557567846684,34.239790698253763,trajectory reached the configured outer_limit radius
43,502,0.80509202545250802,-0.27483333333333337,fraction,250,0,outer_limit,nan,0,2.1032959273760636,0.0043925020000000004,2.2360679774997898,5.0000000000000009,-0.80845248156304617,58.806868544056073,34.235910927924834,trajectory reached the configured outer_limit radius
43,503,0.805163814660806,-0.27483333333333337,fraction,250,0,outer_limit,nan,0,2.1001710751309899,0.0061194229999999997,2.2360679774997898,5.0000000000000009,-0.80841703252387831,58.808203934799543,34.232013707099853,trajectory reached the configured outer_limit radius
43,504,0.80523560386910409,-0.27483333333333337,fraction,250,0,outer_limit,nan,0,2.0970625324776964,0.0049602789999999997,2.2360679774997898,5.0000000000000009,-0.80838118824707328,58.809563569231422,34.228099189077597,trajectory reached the configured outer_limit radius
43,505,0.80530739307740218,-0.27483333333333337,fraction,250,0,outer_limit,nan,0,2.0939701322877977,0.0047930810000000003,2.2360679774997902,5.0000000000000027,-0.80834495154642561,58.810947278350127,34.224167525264001,trajectory reached the configured outer_limit radius
43,506,0.80537918228570027,-0.27483333333333337,fraction,250,0,outer_limit,nan,0,2.0908937100268208,0.0048546140000000002,2.2360679774997898,5.0000000000000009,-0.8083083252039408,58.812354894965196,34.220218865207571,trajectory reached the configured outer_limit radius
43,507,0.80545097149399836,-0.27483333333333337,fraction,250,0,outer_limit,nan,0,2.0878331036996514,0.0052363749999999997,2.2360679774997898,5.0000000000000009,-0.80827131197038882,58.813786253667558,34.216253356633104,trajectory reached the configured outer_limit radius
43,508,0.80552276070229645,-0.27483333333333337,fraction,250,0,outer_limit,nan,0,2.0847881537977786,0.0049222349999999996,2.2360679774997898,5.0000000000000009,-0.8082339145658709,58.815241190796222,34.212271145474801,trajectory reached the configured outer_limit radius
43,509,0.80559454991059443,-0.27483333333333337,fraction,250,0,outer_limit,nan,0,2.0817587032476585,0.0044902259999999999,2.2360679774997898,5.0000000000000009,-0.80819613568035298,58.816719544409551,34.208272375907256,trajectory reached the configured outer_limit radius
44,492,0.80437413336952723,-0.25866666666666671,fraction,250,0,outer_limit,nan,0,2.12778632381962,0.0051303190000000004,2.2360679774997902,5.0000000000000027,-0.80870962609731356,58.79878211672662,34.268553161934797,trajectory reached the configured outer_limit radius
44,493,0.80444592257782532,-0.25866666666666671,fraction,250,0,outer_limit,nan,0,2.1244869829419306,0.0053923720000000003,2.2360679774997898,5.0000000000000009,-0.80867753522160102,58.799908654551864,34.264795699321013,trajectory reached the configured outer_limit radius
44,494,0.80451771178612341,-0.25866666666666671,fraction,250,0,outer_limit,nan,0,2.1212058360695152,0.0054902800000000002,2.2360679774997898,5.0000000000000009,-0.80864501884081053,58.801061262200079,34.261019368596727,trajectory reached the configured outer_limit radius
44,495,0.8045895009944215,-0.25866666666666671,fraction,250,0,outer_limit,nan,0,2.1179426855078338,0.0052742179999999998,2.2360679774997898,5.0000000000000009,-0.8086120801356762,58.802239749516758,34.257224342012563,trajectory reached the configured outer_limit radius
44,496,0.80466129020271959,-0.25866666666666671,fraction,250,0,outer_limit,nan,0,2.1146973368261581,0.0047826140000000001,2.2360679774997898,5.0000000000000009,-0.80857872224827254,58.803443928547075,34.253410789563091,trajectory reached the configured outer_limit radius
44,497,0.80473307941101768,-0.25866666666666671,fraction,250,0,outer_limit,nan,0,2.1114695987847001,0.0044325129999999999,2.2360679774997902,5.0000000000000027,-0.80854494828277279,58.804673613494074,34.249578879034388,trajectory reached the configured outer_limit radius
44,498,0.80480486861931566,-0.25866666666666671,fraction,250,0,outer_limit,nan,0,2.1082592832634277,0.0047363869999999999,2.2360679774997898,5.0000000000000009,-0.80851076130617061,58.805928620677172,34.24572877604399,trajectory reached the configured outer_limit radius
44,499,0.80487665782761375,-0.25866666666666671,fraction,250,0,outer_limit,nan,0,2.1050662051933298,0.0040533390000000004,2.2360679774997898,5.0000000000000009,-0.80847616434899738,58.807208768493112,34.241860644084412,trajectory reached the configured outer_limit radius
44,500,0.80494844703591184,-0.25866666666666671,fraction,250,0,outer_limit,nan,0,2.1018901824894627,0.0051644320000000001,2.2360679774997902,5.0000000000000027,-0.8084411604060141,58.8085138773762,34.237974644563543,trajectory reached the configured outer_limit radius
44,501,0.80502023624420993,-0.25866666666666671,fraction,250,0,outer_limit,nan,0,2.0987310359856926,0.0048936209999999999,2.2360679774997898,5.0000000000000009,-0.80840575243687507,58.809843769761414,34.234070936843487,trajectory reached the configured outer_limit radius
44,502,0.80509202545250802,-0.25866666666666671,fraction,250,0,outer_limit,nan,0,2.0955885893714612,0.0046706830000000001,2.2360679774997898,5.0000000000000009,-0.80836994336679313,58.811198270047115,34.23014967827978,trajectory reached the configured outer_limit radius
44,503,0.805163814660806,-0.25866666666666671,fraction,250,0,outer_limit,nan,0,2.0924626691301604,0.0050299489999999997,2.2360679774997898,5.0000000000000009,-0.80833373608716574,58.812577204560306,34.226211024258525,trajectory reached the configured outer_limit radius
44,504,0.80523560386910409,-0.25866666666666671,fraction,250,0,outer_limit,nan,0,2.0893531044793754,0.0046689069999999999,2.2360679774997898,5.0000000000000009,-0.80829713345620302,58.813980401521015,34.222255128233492,trajectory reached the configured outer_limit radius
44,505,0.80530739307740218,-0.25866666666666671,fraction,250,0,outer_limit,nan,0,2.086259727312477,0.0046391610000000002,2.2360679774997898,5.0000000000000009,-0.80826013829952836,58.815407691008545,34.218282141760767,trajectory reached the configured outer_limit radius
44,506,0.80537918228570027,-0.25866666666666671,fraction,250,0,outer_limit,nan,0,2.0831823721420353,0.0042152470000000001,2.2360679774997898,5.0000000000000009,-0.80822275341076422,58.816858904928871,34.214292214533856,trajectory reached the configured outer_limit radius
44,507,0.80545097149399836,-0.25866666666666671,fraction,250,0,outer_limit,nan,0,2.0801208760445977,0.0045212029999999997,2.2360679774997898,5.0000000000000009,-0.80818498155210805,58.818333876982976,34.210285494418954,trajectory reached the configured outer_limit radius
44,508,0.80552276070229645,-0.25866666666666671,fraction,250,0,outer_limit,nan,0,2.0770750786070864,0.0046955740000000001,2.2360679774997898,5.0000000000000009,-0.80814682545488914,58.819832442634372,34.206262127484827,trajectory reached the configured outer_limit radius
44,509,0.80559454991059443,-0.25866666666666671,fraction,250,0,outer_limit,nan,0,2.0740448218744976,0.0045641120000000004,2.2360679774997898,5.0000000000000009,-0.80810828782011357,58.821354439079578,34.202222258037878,trajectory reached the configured outer_limit radius
45,492,0.80437413336952723,-0.24250000000000005,fraction,250,0,outer_limit,nan,0,2.1202532301894204,0.0044278529999999998,2.2360679774997898,5.0000000000000009,-0.80863548423704867,58.802658184034946,34.263333097711865,trajectory reached the configured outer_limit radius
45,493,0.80444592257782532,-0.24250000000000005,fraction,250,0,outer_limit,nan,0,2.1169523905784362,0.0044824319999999997,2.2360679774997898,5.0000000000000009,-0.80860265864244429,58.803826888951633,34.25953519414071,trajectory reached the configured outer_limit radius
45,494,0.80451771178612341,-0.24250000000000005,fraction,250,0,outer_limit,nan,0,2.1136698004342618,0.003712435,2.2360679774997898,5.0000000000000009,-0.80856940738132765,58.805021687014055,34.255718477999451,trajectory reached the configured outer_limit radius
45,495,0.8045895009944215,-0.24250000000000005,fraction,250,0,outer_limit,nan,0,2.1104052608206367,0.004393727,2.2360679774997898,5.0000000000000009,-0.80853573364758846,58.806242387047511,34.251883121706598,trajectory reached the configured outer_limit radius
45,496,0.80466129020271959,-0.24250000000000005,fraction,250,0,outer_limit,nan,0,2.1071585760991978,0.005255521,2.2360679774997898,5.0000000000000009,-0.80850164059622087,58.807488800094362,34.24802929541999,trajectory reached the configured outer_limit radius
45,497,0.80473307941101768,-0.24250000000000005,fraction,250,0,outer_limit,nan,0,2.1039295538553038,0.0047619130000000004,2.2360679774997898,5.0000000000000009,-0.80846713134407555,58.808760739371863,34.244157167081525,trajectory reached the configured outer_limit radius
45,498,0.80480486861931566,-0.24250000000000005,fraction,250,0,outer_limit,nan,0,2.1007180048261112,0.0043004860000000001,2.2360679774997898,5.0000000000000009,-0.8084322089706012,58.81005802023035,34.240266902460675,trajectory reached the configured outer_limit radius
45,499,0.80487665782761375,-0.24250000000000005,fraction,250,0,outer_limit,nan,0,2.0975237428304889,0.0046411320000000001,2.2360679774997907,5.0000000000000044,-0.80839687651855652,58.811380460113746,34.236358665196072,trajectory reached the configured outer_limit radius
45,500,0.80494844703591184,-0.24250000000000005,fraction,250,0,outer_limit,nan,0,2.0943465847012273,0.0050464639999999996,2.2360679774997898,5.0000000000000009,-0.80836113699470835,58.81272787851897,34.232432616835609,trajectory reached the configured outer_limit radius
45,501,0.80502023624420993,-0.24250000000000005,fraction,250,0,outer_limit,nan,0,2.0911863502187868,0.0040971710000000001,2.2360679774997898,5.0000000000000009,-0.80832499337050856,58.814100096960217,34.228488916877907,trajectory reached the configured outer_limit radius
45,502,0.80509202545250802,-0.24250000000000005,fraction,250,0,outer_limit,nan,0,2.0880428620471685,0.0044453749999999997,2.2360679774997898,5.0000000000000009,-0.80828844858275362,58.815496938929385,34.224527722808652,trajectory reached the configured outer_limit radius
45,503,0.805163814660806,-0.24250000000000005,fraction,250,0,outer_limit,nan,0,2.0849159456713213,0.0045267299999999996,2.2360679774997898,5.0000000000000009,-0.80825150553422209,58.816918229862338,34.220549190140417,trajectory reached the configured outer_limit radius
45,504,0.80523560386910409,-0.24250000000000005,fraction,250,0,outer_limit,nan,0,2.0818054293366162,0.0044197760000000003,2.2360679774997898,5.0000000000000009,-0.80821416709430549,58.818363797102279,34.216553472447643,trajectory reached the configured outer_limit radius
45,505,0.80530739307740218,-0.24250000000000005,fraction,250,0,outer_limit,nan,0,2.0787111439895054,0.0045277199999999998,2.2360679774997902,5.0000000000000027,-0.80817643609960965,58.819833469866474,34.212540721403485,trajectory reached the configured outer_limit radius
45,506,0.80537918228570027,-0.24250000000000005,fraction,250,0,outer_limit,nan,0,2.0756329232203132,0.0046458769999999996,2.2360679774997898,5.0000000000000009,-0.80813831535455283,58.82132707921248,34.208511086814198,trajectory reached the configured outer_limit radius
45,507,0.80545097149399836,-0.24250000000000005,fraction,250,0,outer_limit,nan,0,2.0725706032070912,0.0045049929999999997,2.2360679774997898,5.0000000000000009,-0.80809980763193989,58.822844458006216,34.204464716652836,trajectory reached the configured outer_limit radius
45,508,0.80552276070229645,-0.24250000000000005,fraction,250,0,outer_limit,nan,0,2.0695240226612932,0.0051309609999999999,2.2360679774997898,5.0000000000000009,-0.80806091567352401,58.82438544089009,34.200401757092685,trajectory reached the configured outer_limit radius
45,509,0.80559454991059443,-0.24250000000000005,fraction,250,0,outer_limit,nan,0,2.0664930227748877,0.00387157,2.2360679774997898,5.0000000000000009,-0.80802164219055828,58.825949864252479,34.196322352540029,trajectory reached the configured outer_limit radius
46,492,0.80437413336952723,-0.22633333333333339,fraction,250,0,outer_limit,nan,0,2.11287534829501,0.003248014,2.2360679774997898,5.0000000000000009,-0.80856219745940328,58.8065123902756,34.258237112068358,trajectory reached the configured outer_limit radius
46,493,0.80444592257782532,-0.22633333333333339,fraction,250,0,outer_limit,nan,0,2.1095730939476685,0.0045021239999999997,2.2360679774997898,5.0000000000000009,-0.80852865872072088,58.807722130505141,34.254400285022413,trajectory reached the configured outer_limit radius
46,494,0.80451771178612341,-0.22633333333333339,fraction,250,0,outer_limit,nan,0,2.1062891427094641,0.004481189,2.2360679774997898,5.0000000000000009,-0.80849469423414688,58.808957981873469,34.250544702983554,trajectory reached the configured outer_limit radius
46,495,0.8045895009944215,-0.22633333333333339,fraction,250,0,outer_limit,nan,0,2.1030232944412468,0.0050840579999999998,2.2360679774997898,5.0000000000000009,-0.80846030720577633,58.810219752249182,34.246670538499863,trajectory reached the configured outer_limit radius
46,496,0.80466129020271959,-0.22633333333333339,fraction,250,0,outer_limit,nan,0,2.0997753523348672,0.0046096100000000001,2.2360679774997898,5.0000000000000009,-0.80842550080258602,58.811507251734156,34.242777961854337,trajectory reached the configured outer_limit radius
46,497,0.80473307941101768,-0.22633333333333339,fraction,250,0,outer_limit,nan,0,2.0965451228377252,0.0046849140000000001,2.2360679774997907,5.0000000000000044,-0.80839027815318432,58.812820292621943,34.238867141108955,trajectory reached the configured outer_limit radius
46,498,0.80480486861931566,-0.22633333333333339,fraction,250,0,outer_limit,nan,0,2.0933324155800221,0.004622297,2.2360679774997898,5.0000000000000009,-0.80835464234856635,58.814158689353903,34.234938242147663,trajectory reached the configured outer_limit radius
46,499,0.80487665782761375,-0.22633333333333339,fraction,250,0,outer_limit,nan,0,2.0901370433035034,0.0053123099999999998,2.2360679774997898,5.0000000000000009,-0.80831859644282211,58.815522258481373,34.230991428719605,trajectory reached the configured outer_limit radius
46,500,0.80494844703591184,-0.22633333333333339,fraction,250,0,outer_limit,nan,0,2.0869588217927539,0.0047959889999999996,2.2360679774997898,5.0000000000000009,-0.80828214345384775,58.816910818623526,34.22702686247807,trajectory reached the configured outer_limit radius
46,501,0.80502023624420993,-0.22633333333333339,fraction,250,0,outer_limit,nan,0,2.083797569808032,0.0052003209999999999,2.2360679774997898,5.0000000000000009,-0.80824528636401993,58.81832419043117,34.22304470302295,trajectory reached the configured outer_limit radius
46,502,0.80509202545250802,-0.22633333333333339,fraction,250,0,outer_limit,nan,0,2.0806531090201861,0.0045822429999999997,2.2360679774997898,5.0000000000000009,-0.8082080281208629,58.819762196547948,34.21904510793653,trajectory reached the configured outer_limit radius
46,503,0.805163814660806,-0.22633333333333339,fraction,250,0,outer_limit,nan,0,2.0775252639472996,0.0047734530000000004,2.2360679774997898,5.0000000000000009,-0.80817037163769401,58.821224661574988,34.215028232823833,trajectory reached the configured outer_limit radius
46,504,0.80523560386910409,-0.22633333333333339,fraction,250,0,outer_limit,nan,0,2.0744138618932078,0.0049085099999999996,2.2360679774997902,5.0000000000000027,-0.80813231979425182,58.822711412035105,34.210994231348039,trajectory reached the configured outer_limit radius
46,505,0.80530739307740218,-0.22633333333333339,fraction,250,0,outer_limit,nan,0,2.0713187328874563,0.0045265720000000004,2.2360679774997898,5.0000000000000009,-0.8080938754373107,58.824222276337842,34.206943255266189,trajectory reached the configured outer_limit radius
46,506,0.80537918228570027,-0.22633333333333339,fraction,250,0,outer_limit,nan,0,2.0682397096271736,0.0040746940000000002,2.2360679774997898,5.0000000000000009,-0.80805504138127082,58.82575708474748,34.202875454464902,trajectory reached the configured outer_limit radius
46,507,0.80545097149399836,-0.22633333333333339,fraction,250,0,outer_limit,nan,0,2.0651766274204597,0.0046408969999999997,2.2360679774997898,5.0000000000000009,-0.8080158204087502,58.827315669348721,34.198790976994424,trajectory reached the configured outer_limit radius
46,508,0.80552276070229645,-0.22633333333333339,fraction,250,0,outer_limit,nan,0,2.0621293241310839,0.0046547769999999997,2.2360679774997898,5.0000000000000009,-0.80797621527113805,58.828897864015872,34.194689969100416,trajectory reached the configured outer_limit radius
46,509,0.80559454991059443,-0.22633333333333339,fraction,250,0,outer_limit,nan,0,2.0590976401249508,0.0045147629999999998,2.2360679774997898,5.0000000000000009,-0.8079362286891556,58.830503504381433,34.190572575257889,trajectory reached the configured outer_limit radius
47,492,0.80437413336952723,-0.21016666666666672,fraction,250,0,outer_limit,nan,0,2.1056474150797815,0.0041495789999999996,2.2360679774997898,5.0000000000000009,-0.80848979614973282,58.810342478001715,34.253265430003481,trajectory reached the configured outer_limit radius
47,493,0.80444592257782532,-0.21016666666666672,fraction,250,0,outer_limit,nan,0,2.1023438250867126,0.0045827530000000002,2.2360679774997898,5.0000000000000009,-0.80845556573863286,58.811592124821786,34.249391180864777,trajectory reached the configured outer_limit radius
47,494,0.80451771178612341,-0.21016666666666672,fraction,250,0,outer_limit,nan,0,2.0990585901117909,0.0046398089999999999,2.2360679774997902,5.0000000000000027,-0.80842090957577561,58.812867895612442,34.245498236237715,trajectory reached the configured outer_limit radius
47,495,0.8045895009944215,-0.21016666666666672,fraction,250,0,outer_limit,nan,0,2.0957915088500849,0.0052050330000000004,2.2360679774997898,5.0000000000000009,-0.80838583087853744,58.814169597347309,34.24158676876349,trajectory reached the configured outer_limit radius
47,496,0.80466129020271959,-0.21016666666666672,fraction,250,0,outer_limit,nan,0,2.0925423833597363,0.0057181829999999999,2.2360679774997898,5.0000000000000009,-0.80835033282496127,58.815497039249479,34.237656948813196,trajectory reached the configured outer_limit radius
47,497,0.80473307941101768,-0.21016666666666672,fraction,250,0,outer_limit,nan,0,2.0893110189855282,0.004727424,2.2360679774997898,5.0000000000000009,-0.80831441855451713,58.816850032748313,34.233708944532964,trajectory reached the configured outer_limit radius
47,498,0.80480486861931566,-0.21016666666666672,fraction,250,0,outer_limit,nan,0,2.086097224284833,0.0046797180000000002,2.2360679774997898,5.0000000000000009,-0.80827809116885618,58.818228391436755,34.229742921886533,trajectory reached the configured outer_limit radius
47,499,0.80487665782761375,-0.21016666666666672,fraction,250,0,outer_limit,nan,0,2.0829008109557705,0.0046492529999999999,2.2360679774997898,5.0000000000000009,-0.80824135373252981,58.819631931031537,34.225759044698584,trajectory reached the configured outer_limit radius
47,500,0.80494844703591184,-0.21016666666666672,fraction,250,0,outer_limit,nan,0,2.0797215937671578,0.0048872200000000003,2.2360679774997898,5.0000000000000009,-0.80820420927369763,58.821060469332195,34.22175747469413,trajectory reached the configured outer_limit radius
47,501,0.80502023624420993,-0.21016666666666672,fraction,250,0,outer_limit,nan,0,2.0765593904907229,0.0048945630000000002,2.2360679774997898,5.0000000000000009,-0.80816666078481603,58.822513826183155,34.217738371540186,trajectory reached the configured outer_limit radius
47,502,0.80509202545250802,-0.21016666666666672,fraction,250,0,outer_limit,nan,0,2.0734140218350579,0.0043110550000000003,2.2360679774997911,5.0000000000000062,-0.80812871122330132,58.823991823436415,34.213701892883741,trajectory reached the configured outer_limit radius
47,503,0.805163814660806,-0.21016666666666672,fraction,250,0,outer_limit,nan,0,2.0702853113814168,0.0046253969999999998,2.2360679774997898,5.0000000000000009,-0.808090363512184,58.825494284913248,34.209648194388947,trajectory reached the configured outer_limit radius
47,504,0.80523560386910409,-0.21016666666666672,fraction,250,0,outer_limit,nan,0,2.0671730855213766,0.0049325590000000004,2.2360679774997898,5.0000000000000009,-0.8080516205407392,58.827021036371093,34.205577429775737,trajectory reached the configured outer_limit radius
47,505,0.80530739307740218,-0.21016666666666672,fraction,250,0,outer_limit,nan,0,2.0640771733961891,0.004473627,2.2360679774997898,5.0000000000000009,-0.80801248516510571,58.828571905466525,34.201489750854392,trajectory reached the configured outer_limit radius
47,506,0.80537918228570027,-0.21016666666666672,fraction,250,0,outer_limit,nan,0,2.060997406837727,0.0039946840000000001,2.2360679774997898,5.0000000000000009,-0.8079729602088821,58.830146721723111,34.197385307561007,trajectory reached the configured outer_limit radius
47,507,0.80545097149399836,-0.21016666666666672,fraction,250,0,outer_limit,nan,0,2.0579336203111245,0.0046610599999999999,2.2360679774997898,5.0000000000000009,-0.80793304846371228,58.831745316497305,34.193264247991294,trajectory reached the configured outer_limit radius
47,508,0.80552276070229645,-0.21016666666666672,fraction,250,0,outer_limit,nan,0,2.0548856508590423,0.0043825790000000002,2.2360679774997898,5.0000000000000009,-0.80789275268986005,58.833367522947064,34.189126718434416,trajectory reached the configured outer_limit radius
47,509,0.80559454991059443,-0.21016666666666672,fraction,250,0,outer_limit,nan,0,2.0518533380472186,0.0045971659999999998,2.2360679774997898,5.0000000000000009,-0.80785207561675865,58.835013176000508,34.184972863405406,trajectory reached the configured outer_limit radius
48,492,0.80437413336952723,-0.19399999999999995,fraction,250,0,outer_limit,nan,0,2.0985644686511518,0.0050102690000000004,2.2360679774997898,5.0000000000000009,-0.80841830908878787,58.814146316609779,34.24841828086808,trajectory reached the configured outer_limit radius
48,493,0.80444592257782532,-0.19399999999999995,fraction,250,0,outer_limit,nan,0,2.0952596175243254,0.0049823979999999999,2.2360679774997898,5.0000000000000009,-0.8083834083818795,58.815434744100877,34.244508096011792,trajectory reached the configured outer_limit radius
48,494,0.80451771178612341,-0.19399999999999995,fraction,250,0,outer_limit,nan,0,2.0919731716716159,0.0046486519999999996,2.2360679774997898,5.0000000000000009,-0.80834808199448416,58.816749303390992,34.240579276997323,trajectory reached the configured outer_limit radius
48,495,0.8045895009944215,-0.19399999999999995,fraction,250,0,outer_limit,nan,0,2.0887049286578687,0.0050385819999999998,2.2360679774997898,5.0000000000000009,-0.80831233315435158,58.818089800619681,34.236631996521758,trajectory reached the configured outer_limit radius
48,496,0.80466129020271959,-0.19399999999999995,fraction,250,0,outer_limit,nan,0,2.0854546894420727,0.005090303,2.2360679774997898,5.0000000000000009,-0.80827616504969702,58.819456044191071,34.232666425010088,trajectory reached the configured outer_limit radius
48,497,0.80473307941101768,-0.19399999999999995,fraction,250,0,outer_limit,nan,0,2.0822222582998875,0.0043906379999999997,2.2360679774997898,5.0000000000000009,-0.8082395808299726,58.820847844729826,34.228682730657425,trajectory reached the configured outer_limit radius
48,498,0.80480486861931566,-0.19399999999999995,fraction,250,0,outer_limit,nan,0,2.0790074427487344,0.0048220119999999997,2.2360679774997898,5.0000000000000009,-0.80820258360661679,58.822265015038496,34.224681079473186,trajectory reached the configured outer_limit radius
48,499,0.80487665782761375,-0.19399999999999995,fraction,250,0,outer_limit,nan,0,2.0758100534748527,0.0058682270000000002,2.2360679774997898,5.0000000000000009,-0.80816517645378905,58.823707370056724,34.220661635323935,trajectory reached the configured outer_limit radius
48,500,0.80494844703591184,-0.19399999999999995,fraction,250,0,outer_limit,nan,0,2.0726299042624579,0.0042612550000000003,2.2360679774997902,5.0000000000000027,-0.80812736240907246,58.82517472682138,34.216624559973823,trajectory reached the configured outer_limit radius
48,501,0.80502023624420993,-0.19399999999999995,fraction,250,0,outer_limit,nan,0,2.0694668119249853,0.0047347810000000004,2.2360679774997898,5.0000000000000009,-0.80808914447417179,58.826666904426311,34.212570013124363,trajectory reached the configured outer_limit radius
48,502,0.80509202545250802,-0.19399999999999995,fraction,250,0,outer_limit,nan,0,2.0663205962382256,0.0053674660000000004,2.2360679774997898,5.0000000000000009,-0.80805052561557977,58.828183723986385,34.208498152454524,trajectory reached the configured outer_limit radius
48,503,0.805163814660806,-0.19399999999999995,fraction,250,0,outer_limit,nan,0,2.0631910798753084,0.0045951129999999996,2.2360679774997898,5.0000000000000009,-0.80801150876523398,58.829725008598814,34.204409133657613,trajectory reached the configured outer_limit radius
48,504,0.80523560386910409,-0.19399999999999995,fraction,250,0,outer_limit,nan,0,2.0600780883436292,0.004766887,2.2360679774997898,5.0000000000000009,-0.80797209682115345,58.831290583308359,34.200303110478742,trajectory reached the configured outer_limit radius
48,505,0.80530739307740218,-0.19399999999999995,fraction,250,0,outer_limit,nan,0,2.0569814499232941,0.0044638760000000003,2.2360679774997898,5.0000000000000009,-0.80793229264805499,58.832880275071915,34.196180234750493,trajectory reached the configured outer_limit radius
48,506,0.80537918228570027,-0.19399999999999995,fraction,250,0,outer_limit,nan,0,2.0539009956075969,0.004360984,2.2360679774997898,5.0000000000000009,-0.80789209907796466,58.834493912724092,34.192040656428723,trajectory reached the configured outer_limit radius
48,507,0.80545097149399836,-0.19399999999999995,fraction,250,0,outer_limit,nan,0,2.0508365590446926,0.0047495690000000004,2.2360679774997898,5.0000000000000009,-0.80785151891079576,58.836131326945299,34.187884523625797,trajectory reached the configured outer_limit radius
48,508,0.80552276070229645,-0.19399999999999995,fraction,250,0,outer_limit,nan,0,2.0477879764813682,0.0045454759999999997,2.2360679774997898,5.0000000000000009,-0.8078105549149327,58.837792350227957,34.183711982645427,trajectory reached the configured outer_limit radius
48,509,0.80559454991059443,-0.19399999999999995,fraction,250,0,outer_limit,nan,0,2.0447550867077662,0.0048533070000000003,2.2360679774997898,5.0000000000000009,-0.80776920982777789,58.839476816846158,34.179523178013241,trajectory reached the configured outer_limit radius
49,492,0.80437413336952723,-0.17783333333333329,fraction,250,0,outer_limit,nan,0,2.0916218270378719,0.0048361180000000004,2.2360679774997902,5.0000000000000027,-0.80834776359083749,58.817921892600765,34.243695901363822,trajectory reached the configured outer_limit radius
49,493,0.80444592257782532,-0.17783333333333329,fraction,250,0,outer_limit,nan,0,2.0883157850102472,0.0051031080000000003,2.2360679774997902,5.0000000000000027,-0.80831221387779728,58.819247977377977,34.239751253214173,trajectory reached the configured outer_limit radius
49,494,0.80451771178612341,-0.17783333333333329,fraction,250,0,outer_limit,nan,0,2.0850281969349784,0.0049899990000000002,2.2360679774997898,5.0000000000000009,-0.80827623862843967,58.820600196927387,34.235788033963949,trajectory reached the configured outer_limit radius
49,495,0.8045895009944215,-0.17783333333333329,fraction,250,0,outer_limit,nan,0,2.0817588592805958,0.0045262289999999997,2.2360679774997898,5.0000000000000009,-0.8082398410799998,58.821978356615084,34.231806416334109,trajectory reached the configured outer_limit radius
49,496,0.80466129020271959,-0.17783333333333329,fraction,250,0,outer_limit,nan,0,2.0785075719398551,0.0045314930000000002,2.2360679774997898,5.0000000000000009,-0.8082030244299907,58.823382264084792,34.227806570767136,trajectory reached the configured outer_limit radius
49,497,0.80473307941101768,-0.17783333333333329,fraction,250,0,outer_limit,nan,0,2.0752741381515527,0.0039953369999999998,2.2360679774997898,5.0000000000000009,-0.80816579183698589,58.824811729214069,34.223788665474359,trajectory reached the configured outer_limit radius
49,498,0.80480486861931566,-0.17783333333333329,fraction,250,0,outer_limit,nan,0,2.0720583644244144,0.0047776750000000003,2.2360679774997898,5.0000000000000009,-0.80812814642136477,58.826266564072732,34.219752866477933,trajectory reached the configured outer_limit radius
49,499,0.80487665782761375,-0.17783333333333329,fraction,250,0,outer_limit,nan,0,2.0688600604633134,0.0045813379999999999,2.2360679774997898,5.0000000000000009,-0.80809009126605647,58.82774658287974,34.215699337653525,trajectory reached the configured outer_limit radius
49,500,0.80494844703591184,-0.17783333333333329,fraction,250,0,outer_limit,nan,0,2.0656790390975002,0.0047315680000000002,2.2360679774997898,5.0000000000000009,-0.80805162941724529,58.829251601964216,34.211628240771695,trajectory reached the configured outer_limit radius
49,501,0.80502023624420993,-0.17783333333333329,fraction,250,0,outer_limit,nan,0,2.0625151162110749,0.004581005,2.2360679774997898,5.0000000000000009,-0.8080127638850737,58.830781439725172,34.20753973553834,trajectory reached the configured outer_limit radius
49,502,0.80509202545250802,-0.17783333333333329,fraction,250,0,outer_limit,nan,0,2.0593681106752322,0.0048911939999999998,2.2360679774997898,5.0000000000000009,-0.80797349764431092,58.832335916594012,34.203433979632678,trajectory reached the configured outer_limit radius
49,503,0.805163814660806,-0.17783333333333329,fraction,250,0,outer_limit,nan,0,2.0562378442823968,0.0052706009999999998,2.2360679774997898,5.0000000000000009,-0.80793383363501092,58.833914854997204,34.199311128746174,trajectory reached the configured outer_limit radius
49,504,0.80523560386910409,-0.17783333333333329,fraction,250,0,outer_limit,nan,0,2.0531241416825288,0.0042712690000000003,2.2360679774997898,5.0000000000000009,-0.80789377476316082,58.835518079319485,34.195171336619666,trajectory reached the configured outer_limit radius
49,505,0.80530739307740218,-0.17783333333333329,fraction,250,0,outer_limit,nan,0,2.0500268303207907,0.0045713139999999999,2.2360679774997898,5.0000000000000009,-0.8078533239012935,58.837145415869756,34.191014755078626,trajectory reached the configured outer_limit radius
49,506,0.80537918228570027,-0.17783333333333329,fraction,250,0,outer_limit,nan,0,2.0469457403772169,0.00448767,2.2360679774997898,5.0000000000000009,-0.80781248388910265,58.838796692845918,34.18684153406987,trajectory reached the configured outer_limit radius
49,507,0.80545097149399836,-0.17783333333333329,fraction,250,0,outer_limit,nan,0,2.0438807047077927,0.0041730150000000004,2.2360679774997902,5.0000000000000027,-0.80777125753402712,58.840471740302078,34.182651821693959,trajectory reached the configured outer_limit radius
49,508,0.80552276070229645,-0.17783333333333329,fraction,250,0,outer_limit,nan,0,2.0408315587875756,0.0046423660000000002,2.2360679774997898,5.0000000000000009,-0.80772964761183941,58.842170390114759,34.178445764239633,trajectory reached the configured outer_limit radius
49,509,0.80559454991059443,-0.17783333333333329,fraction,250,0,outer_limit,nan,0,2.037798140654782,0.0049252469999999998,2.2360679774997898,5.0000000000000009,-0.80768765686718924,58.84389247595324,34.174223506216066,trajectory reached the configured outer_limit radius
50,492,0.80437413336952723,-0.16166666666666663,fraction,250,0,outer_limit,nan,0,2.0848150689037204,0.0044556020000000003,2.2360679774997898,5.0000000000000009,-0.80827818562986486,58.821667300700661,34.239098538334638,trajectory reached the configured outer_limit radius
50,493,0.80444592257782532,-0.16166666666666663,fraction,250,0,outer_limit,nan,0,2.0815079022040077,0.0046603260000000002,2.2360679774997898,5.0000000000000009,-0.80824200812156188,58.82302992163217,34.235120886384259,trajectory reached the configured outer_limit radius
50,494,0.80451771178612341,-0.16166666666666663,fraction,250,0,outer_limit,nan,0,2.0782192366275258,0.0049257160000000001,2.2360679774997902,5.0000000000000027,-0.80820540529191243,58.824418675594693,34.231124728031034,trajectory reached the configured outer_limit radius
50,495,0.8045895009944215,-0.16166666666666663,fraction,250,0,outer_limit,nan,0,2.0749488675789469,0.0049772760000000001,2.2360679774997898,5.0000000000000009,-0.80816838038676853,58.825833367237905,34.227110235982884,trajectory reached the configured outer_limit radius
50,496,0.80466129020271959,-0.16166666666666663,fraction,250,0,outer_limit,nan,0,2.0716965939165402,0.0037652110000000001,2.2360679774997898,5.0000000000000009,-0.80813093661208502,58.827273803503431,34.223077580668672,trajectory reached the configured outer_limit radius
50,497,0.80473307941101768,-0.16166666666666663,fraction,250,0,outer_limit,nan,0,2.0684622178729222,0.0055249130000000002,2.2360679774997898,5.0000000000000009,-0.80809307713471146,58.828739793579437,34.219026930282766,trajectory reached the configured outer_limit radius
50,498,0.80480486861931566,-0.16166666666666663,fraction,250,0,outer_limit,nan,0,2.0652455449780716,0.0059371789999999999,2.2360679774997911,5.0000000000000062,-0.8080548050831402,58.830231148858374,34.214958450827808,trajectory reached the configured outer_limit radius
50,499,0.80487665782761375,-0.16166666666666663,fraction,250,0,outer_limit,nan,0,2.0620463839846521,0.0047519520000000003,2.2360679774997898,5.0000000000000009,-0.80801612354824881,58.831747682893734,34.210872306156759,trajectory reached the configured outer_limit radius
50,500,0.80494844703591184,-0.16166666666666663,fraction,250,0,outer_limit,nan,0,2.0588645467954856,0.0046042749999999997,2.2360679774997907,5.0000000000000044,-0.80797703558402156,58.833289211362242,34.206768658016642,trajectory reached the configured outer_limit radius
50,501,0.80502023624420993,-0.16166666666666663,fraction,250,0,outer_limit,nan,0,2.0556998483929125,0.0047454610000000003,2.2360679774997898,5.0000000000000009,-0.80793754420823904,58.834855552020819,34.202647666085021,trajectory reached the configured outer_limit radius
50,502,0.80509202545250802,-0.16166666666666663,fraction,250,0,outer_limit,nan,0,2.0525521067704364,0.0049880419999999998,2.2360679774997898,5.0000000000000009,-0.80789765240316225,58.836446524671672,34.198509488012967,trajectory reached the configured outer_limit radius
50,503,0.805163814660806,-0.16166666666666663,fraction,250,0,outer_limit,nan,0,2.0494211428662008,0.0045642260000000002,2.2360679774997898,5.0000000000000009,-0.80785736311619727,58.838061951121766,34.194354279460171,trajectory reached the configured outer_limit radius
50,504,0.80523560386910409,-0.16166666666666663,fraction,250,0,outer_limit,nan,0,2.0463067804982695,0.0044698280000000003,2.2360679774997898,5.0000000000000009,-0.8078166792605318,58.839701655148467,34.190182194133904,trajectory reached the configured outer_limit radius
50,505,0.80530739307740218,-0.16166666666666663,fraction,250,0,outer_limit,nan,0,2.0432088463017961,0.0049874350000000001,2.2360679774997898,5.0000000000000009,-0.80777560371576651,58.841365462463301,34.185993383824439,trajectory reached the configured outer_limit radius
50,506,0.80537918228570027,-0.16166666666666663,fraction,250,0,outer_limit,nan,0,2.040127169667858,0.0045394099999999998,2.2360679774997898,5.0000000000000009,-0.80773413932852356,58.843053200677268,34.181787998440065,trajectory reached the configured outer_limit radius
50,507,0.80545097149399836,-0.16166666666666663,fraction,250,0,outer_limit,nan,0,2.0370615826840619,0.0043886020000000001,2.2360679774997898,5.0000000000000009,-0.80769228891304234,58.844764699267657,34.177566186041872,trajectory reached the configured outer_limit radius
50,508,0.80552276070229645,-0.16166666666666663,fraction,250,0,outer_limit,nan,0,2.0340119200768361,0.0048180699999999998,2.2360679774997898,5.0000000000000009,-0.80765005525175648,58.846499789545334,34.173328092877881,trajectory reached the configured outer_limit radius
50,509,0.80559454991059443,-0.16166666666666663,fraction,250,0,outer_limit,nan,0,2.0309780191549924,0.0033057020000000002,2.2360679774997898,5.0000000000000009,-0.80760744109585969,58.848258304622419,34.169073863413949,trajectory reached the configured outer_limit radius
51,492,0.80437413336952723,-0.14549999999999996,fraction,250,0,outer_limit,nan,0,2.0781400160110124,0.0047339050000000001,2.2360679774997898,5.0000000000000009,-0.80820959995512776,58.825380735755971,34.234626451390611,trajectory reached the configured outer_limit radius
51,493,0.80444592257782532,-0.14549999999999996,fraction,250,0,outer_limit,nan,0,2.0748317871153947,0.0047258250000000003,2.2360679774997898,5.0000000000000009,-0.80817281579177236,58.826778773669801,34.230617243192533,trajectory reached the configured outer_limit radius
51,494,0.80451771178612341,-0.14549999999999996,fraction,250,0,outer_limit,nan,0,2.0715421050727065,0.004647516,2.2360679774997898,5.0000000000000009,-0.80813560659087758,58.828202938288683,34.226589594842387,trajectory reached the configured outer_limit radius
51,495,0.8045895009944215,-0.14549999999999996,fraction,250,0,outer_limit,nan,0,2.0682707642548381,0.0052042640000000001,2.2360679774997898,5.0000000000000009,-0.80809797560605745,58.829653033605013,34.222543679004296,trajectory reached the configured outer_limit radius
51,496,0.80466129020271959,-0.14549999999999996,fraction,250,0,outer_limit,nan,0,2.0650175625158056,0.0046533980000000004,2.2360679774997898,5.0000000000000009,-0.80805992605087351,58.831128865913968,34.218479666059935,trajectory reached the configured outer_limit radius
51,497,0.80473307941101768,-0.14549999999999996,fraction,250,0,outer_limit,nan,0,2.0617823011115459,0.0054373499999999996,2.2360679774997898,5.0000000000000009,-0.80802146109962325,58.832630243770311,34.21439772415534,trajectory reached the configured outer_limit radius
51,498,0.80480486861931566,-0.14549999999999996,fraction,250,0,outer_limit,nan,0,2.058564784621999,0.0038466680000000001,2.2360679774997898,5.0000000000000009,-0.8079825838880953,58.834156977943692,34.210298019240845,trajectory reached the configured outer_limit radius
51,499,0.80487665782761375,-0.14549999999999996,fraction,250,0,outer_limit,nan,0,2.0553648208755972,0.0041587220000000001,2.2360679774997898,5.0000000000000009,-0.80794329751431748,58.835708881378359,34.206180715118698,trajectory reached the configured outer_limit radius
51,500,0.80494844703591184,-0.14549999999999996,fraction,250,0,outer_limit,nan,0,2.0521822208758129,0.0045762540000000001,2.2360679774997898,5.0000000000000009,-0.80790360503927705,58.837285769150107,34.202045973479031,trajectory reached the configured outer_limit radius
51,501,0.80502023624420993,-0.14549999999999996,fraction,250,0,outer_limit,nan,0,2.0490167987298094,0.0039501780000000004,2.2360679774997898,5.0000000000000009,-0.80786350948761876,58.838887458428417,34.197893953944067,trajectory reached the configured outer_limit radius
51,502,0.80509202545250802,-0.14549999999999996,fraction,250,0,outer_limit,nan,0,2.0458683715793242,0.0046469270000000003,2.2360679774997898,5.0000000000000009,-0.80782301384832989,58.840513768436864,34.193724814105629,trajectory reached the configured outer_limit radius
51,503,0.805163814660806,-0.14549999999999996,fraction,250,0,outer_limit,nan,0,2.0427367595332737,0.0051068679999999997,2.2360679774997898,5.0000000000000009,-0.80778212107540603,58.842164520415324,34.189538709563436,trajectory reached the configured outer_limit radius
51,504,0.80523560386910409,-0.14549999999999996,fraction,250,0,outer_limit,nan,0,2.039621785602356,0.0048712340000000003,2.2360679774997898,5.0000000000000009,-0.80774083408849573,58.843839537584053,34.18533579396334,trajectory reached the configured outer_limit radius
51,505,0.80530739307740218,-0.14549999999999996,fraction,250,0,outer_limit,nan,0,2.0365232756356098,0.0041055309999999999,2.2360679774997898,5.0000000000000009,-0.80769915577352736,58.845538645107496,34.181116219031793,trajectory reached the configured outer_limit radius
51,506,0.80537918228570027,-0.14549999999999996,fraction,250,0,outer_limit,nan,0,2.0334410582585121,0.0043330540000000002,2.2360679774997898,5.0000000000000009,-0.80765708898333222,58.84726167005909,34.176880134612091,trajectory reached the configured outer_limit radius
51,507,0.80545097149399836,-0.14549999999999996,fraction,250,0,outer_limit,nan,0,2.0303749648129332,0.0048266619999999998,2.2360679774997898,5.0000000000000009,-0.80761463653822751,58.84900844138852,34.172627688698768,trajectory reached the configured outer_limit radius
51,508,0.80552276070229645,-0.14549999999999996,fraction,250,0,outer_limit,nan,0,2.0273248292988217,0.0047773609999999999,2.2360679774997907,5.0000000000000044,-0.80757180122661343,58.850778789888224,34.168359027471801,trajectory reached the configured outer_limit radius
51,509,0.80559454991059443,-0.14549999999999996,fraction,250,0,outer_limit,nan,0,2.024290488317237,0.0042580439999999999,2.2360679774997898,5.0000000000000009,-0.80752858580552689,58.852572548160524,34.164074295327126,trajectory reached the configured outer_limit radius
52,492,0.80437413336952723,-0.1293333333333333,fraction,250,0,outer_limit,nan,0,2.0715927172527655,0.0045016780000000003,2.2360679774997898,5.0000000000000009,-0.80814203019724085,58.829060485317981,34.23027991538477,trajectory reached the configured outer_limit radius
52,493,0.80444592257782532,-0.1293333333333333,fraction,250,0,outer_limit,nan,0,2.0682834851164453,0.0045936309999999999,2.2360679774997898,5.0000000000000009,-0.80810466045657148,58.830492822695838,34.226240587516273,trajectory reached the configured outer_limit radius
52,494,0.80451771178612341,-0.1293333333333333,fraction,250,0,outer_limit,nan,0,2.0649928441836001,0.0046476349999999998,2.2360679774997898,5.0000000000000009,-0.80806686602916311,58.831951275991692,34.222182887220981,trajectory reached the configured outer_limit radius
52,495,0.8045895009944215,-0.1293333333333333,fraction,250,0,outer_limit,nan,0,2.0617205878231255,0.0046750619999999998,2.2360679774997898,5.0000000000000009,-0.80802865017555459,58.833435648596833,34.218106987087225,trajectory reached the configured outer_limit radius
52,496,0.80466129020271959,-0.1293333333333333,fraction,250,0,outer_limit,nan,0,2.0584665129138653,0.0047058309999999997,2.2360679774997898,5.0000000000000009,-0.80799001611609089,58.834945746216412,34.214013057418313,trajectory reached the configured outer_limit radius
52,497,0.80473307941101768,-0.1293333333333333,fraction,250,0,outer_limit,nan,0,2.0552304197632947,0.0046112339999999996,2.2360679774997898,5.0000000000000009,-0.80795096703170699,58.836481376825951,34.209901266279751,trajectory reached the configured outer_limit radius
52,498,0.80480486861931566,-0.1293333333333333,fraction,250,0,outer_limit,nan,0,2.0520121120288302,0.0043328990000000003,2.2360679774997898,5.0000000000000009,-0.80791150606468809,58.838042350627944,34.205771779541735,trajectory reached the configured outer_limit radius
52,499,0.80487665782761375,-0.1293333333333333,fraction,250,0,outer_limit,nan,0,2.0488113966414021,0.0046036380000000002,2.2360679774997902,5.0000000000000027,-0.80787163631942627,58.839628480008685,34.201624760922648,trajectory reached the configured outer_limit radius
52,500,0.80494844703591184,-0.1293333333333333,fraction,250,0,outer_limit,nan,0,2.045628083731343,0.0053625890000000001,2.2360679774997898,5.0000000000000009,-0.80783136086313634,58.841239579497689,34.197460372029099,trajectory reached the configured outer_limit radius
52,501,0.80502023624420993,-0.1293333333333333,fraction,250,0,outer_limit,nan,0,2.0424619865560243,0.004199319,2.2360679774997898,5.0000000000000009,-0.80779068272656229,58.842875465727651,34.19327877239737,trajectory reached the configured outer_limit radius
52,502,0.80509202545250802,-0.1293333333333333,fraction,250,0,outer_limit,nan,0,2.0393129214300827,0.0040925309999999999,2.2360679774997907,5.0000000000000044,-0.80774960490466574,58.844535957395685,34.189080119532647,trajectory reached the configured outer_limit radius
52,503,0.805163814660806,-0.1293333333333333,fraction,250,0,outer_limit,nan,0,2.0361807076573344,0.0046381399999999998,2.2360679774997898,5.0000000000000009,-0.80770813035728717,58.846220875224887,34.184864568946487,trajectory reached the configured outer_limit radius
52,504,0.80523560386910409,-0.1293333333333333,fraction,250,0,outer_limit,nan,0,2.0330651674646849,0.0049953009999999997,2.2360679774997898,5.0000000000000009,-0.80766626200980463,58.847930041927938,34.180632274194679,trajectory reached the configured outer_limit radius
52,505,0.80530739307740218,-0.1293333333333333,fraction,250,0,outer_limit,nan,0,2.029966125937952,0.0045366590000000002,2.2360679774997898,5.0000000000000009,-0.80762400275376023,58.849663282171058,34.176383386913272,trajectory reached the configured outer_limit radius
52,506,0.80537918228570027,-0.1293333333333333,fraction,250,0,outer_limit,nan,0,2.0268834109592841,0.0045275350000000001,2.2360679774997898,5.0000000000000009,-0.80758135544747323,58.851420422539462,34.172118056854458,trajectory reached the configured outer_limit radius
52,507,0.80545097149399836,-0.1293333333333333,fraction,250,0,outer_limit,nan,0,2.0238168531466307,0.0049549930000000004,2.2360679774997898,5.0000000000000009,-0.80753832291664585,58.853201291502842,34.167836431919824,trajectory reached the configured outer_limit radius
52,508,0.80552276070229645,-0.1293333333333333,fraction,250,0,outer_limit,nan,0,2.0207662857946413,0.0046388820000000004,2.2360679774997898,5.0000000000000009,-0.80749490795494738,58.855005719382035,34.163538658194753,trajectory reached the configured outer_limit radius
52,509,0.80559454991059443,-0.1293333333333333,fraction,250,0,outer_limit,nan,0,2.0177315448172912,0.0045369269999999996,2.2360679774997898,5.0000000000000009,-0.80745111332458053,58.856833538317218,34.15922487998121,trajectory reached the configured outer_limit radius
53,492,0.80437413336952723,-0.11316666666666664,fraction,250,0,outer_limit,nan,0,2.0651694340954263,0.0046506150000000003,2.2360679774997898,5.0000000000000009,-0.80807549896579856,58.83270492285186,34.226059222780769,trajectory reached the configured outer_limit radius
53,493,0.80444592257782532,-0.11316666666666664,fraction,250,0,outer_limit,nan,0,2.0618592543653813,0.0043432979999999998,2.2360679774997898,5.0000000000000009,-0.80803756467131493,58.834170443510963,34.221991201783311,trajectory reached the configured outer_limit radius
53,494,0.80451771178612341,-0.11316666666666664,fraction,250,0,outer_limit,nan,0,2.0585677088685048,0.0047161599999999996,2.2360679774997898,5.0000000000000009,-0.80799920610615816,58.835662064955407,34.217904877484671,trajectory reached the configured outer_limit radius
53,495,0.8045895009944215,-0.11316666666666664,fraction,250,0,outer_limit,nan,0,2.0552945899993964,0.0049478789999999996,2.2360679774997898,5.0000000000000009,-0.8079604265369762,58.837179590030445,34.213800422365864,trajectory reached the configured outer_limit radius
53,496,0.80466129020271959,-0.11316666666666664,fraction,250,0,outer_limit,nan,0,2.0520396936894518,0.0045011549999999997,2.2360679774997898,5.0000000000000009,-0.80792122919008413,58.838722823906316,34.209678006621033,trajectory reached the configured outer_limit radius
53,497,0.80473307941101768,-0.11316666666666664,fraction,250,0,outer_limit,nan,0,2.0488028193248522,0.0044172200000000003,2.2360679774997898,5.0000000000000009,-0.80788161725225793,58.840291574033671,34.205537798205725,trajectory reached the configured outer_limit radius
53,498,0.80480486861931566,-0.11316666666666664,fraction,250,0,outer_limit,nan,0,2.045583769666941,0.0045768290000000001,2.2360679774997898,5.0000000000000009,-0.80784159387149934,58.841885650100409,34.20137996287928,trajectory reached the configured outer_limit radius
53,499,0.80487665782761375,-0.11316666666666664,fraction,250,0,outer_limit,nan,0,2.0423823507748056,0.0048009510000000004,2.2360679774997898,5.0000000000000009,-0.80780116215778686,58.843504863988301,34.197204664248133,trajectory reached the configured outer_limit radius
53,500,0.80494844703591184,-0.11316666666666664,fraction,250,0,outer_limit,nan,0,2.0391983719305773,0.0048704209999999998,2.2360679774997898,5.0000000000000009,-0.8077603251838037,58.845149029731978,34.193012063805924,trajectory reached the configured outer_limit radius
53,501,0.80502023624420993,-0.11316666666666664,fraction,250,0,outer_limit,nan,0,2.0360316455662764,0.0042204970000000001,2.2360679774997898,5.0000000000000009,-0.80771908598564446,58.846817963478443,34.188802320975277,trajectory reached the configured outer_limit radius
53,502,0.80509202545250802,-0.11316666666666664,fraction,250,0,outer_limit,nan,0,2.0328819871932278,0.0040681859999999997,2.2360679774997902,5.0000000000000027,-0.80767744756350157,58.848511483448718,34.184575593146555,trajectory reached the configured outer_limit radius
53,503,0.805163814660806,-0.11316666666666664,fraction,250,0,outer_limit,nan,0,2.0297492153332786,0.004882127,2.2360679774997898,5.0000000000000009,-0.80763541288233687,58.850229409898759,34.180332035715978,trajectory reached the configured outer_limit radius
53,504,0.80523560386910409,-0.11316666666666664,fraction,250,0,outer_limit,nan,0,2.0266331514520211,0.0045647589999999998,2.2360679774997898,5.0000000000000009,-0.80759298487253783,58.851971565083005,34.176071802123118,trajectory reached the configured outer_limit radius
53,505,0.80530739307740218,-0.11316666666666664,fraction,250,0,outer_limit,nan,0,2.0235336198939908,0.0042674159999999996,2.2360679774997898,5.0000000000000009,-0.80755016643054556,58.853737773218214,34.171795043886803,trajectory reached the configured outer_limit radius
53,506,0.80537918228570027,-0.11316666666666664,fraction,250,0,outer_limit,nan,0,2.0204504478195147,0.0043397820000000004,2.2360679774997898,5.0000000000000009,-0.80750696041947978,58.855527860448397,34.167501910641839,trajectory reached the configured outer_limit radius
53,507,0.80545097149399836,-0.11316666666666664,fraction,250,0,outer_limit,nan,0,2.0173834651433857,0.0047419029999999996,2.2360679774997898,5.0000000000000009,-0.80746336966973364,58.857341654810284,34.163192550171416,trajectory reached the configured outer_limit radius
53,508,0.80552276070229645,-0.11316666666666664,fraction,250,0,outer_limit,nan,0,2.0143325044754428,0.0045062089999999997,2.2360679774997898,5.0000000000000009,-0.80741939697957055,58.859178986199979,34.158867108441655,trajectory reached the configured outer_limit radius
53,509,0.80559454991059443,-0.11316666666666664,fraction,250,0,outer_limit,nan,0,2.0112974010623432,0.0046742290000000002,2.2360679774997898,5.0000000000000009,-0.80737504511568614,58.861039686341215,34.154525729635139,trajectory reached the configured outer_limit radius
54,492,0.80437413336952723,-0.096999999999999975,fraction,250,0,outer_limit,nan,0,2.0588666272921801,0.0042751509999999996,2.2360679774997898,5.0000000000000009,-0.8080100279394391,58.836312501503876,34.221964685923972,trajectory reached the configured outer_limit radius
54,493,0.80444592257782532,-0.096999999999999975,fraction,250,0,outer_limit,nan,0,2.0555555525031375,0.0039738969999999997,2.2360679774997898,5.0000000000000009,-0.80797155006869448,58.837810090267709,34.217869389224134,trajectory reached the configured outer_limit radius
54,494,0.80451771178612341,-0.096999999999999975,fraction,250,0,outer_limit,nan,0,2.0522631537110367,0.004370039,2.2360679774997898,5.0000000000000009,-0.80793264840699863,58.839333760446053,34.213755859679388,trajectory reached the configured outer_limit radius
54,495,0.8045895009944215,-0.096999999999999975,fraction,250,0,outer_limit,nan,0,2.0489892223635824,0.0049699879999999998,2.2360679774997898,5.0000000000000009,-0.80789332622629695,58.840883314393224,34.209624269632094,trajectory reached the configured outer_limit radius
54,496,0.80466129020271959,-0.096999999999999975,fraction,250,0,outer_limit,nan,0,2.0457335534715821,0.0044302120000000002,2.2360679774997898,5.0000000000000009,-0.80785358675808494,58.842458556798121,34.205474789137995,trajectory reached the configured outer_limit radius
54,497,0.80473307941101768,-0.096999999999999975,fraction,250,0,outer_limit,nan,0,2.0424959455258596,0.0037370239999999998,2.2360679774997898,5.0000000000000009,-0.80781343319419585,58.84405929464031,34.201307586013179,trajectory reached the configured outer_limit radius
54,498,0.80480486861931566,-0.096999999999999975,fraction,250,0,outer_limit,nan,0,2.0392762004169107,0.0043018730000000003,2.2360679774997898,5.0000000000000009,-0.80777286868757348,58.84568533714522,34.197122825877116,trajectory reached the configured outer_limit radius
54,499,0.80487665782761375,-0.096999999999999975,fraction,250,0,outer_limit,nan,0,2.0360741233569315,0.0043662400000000004,2.2360679774997902,5.0000000000000027,-0.80773189635302933,58.847336495742027,34.192920672195889,trajectory reached the configured outer_limit radius
54,500,0.80494844703591184,-0.096999999999999975,fraction,250,0,outer_limit,nan,0,2.0328895228036696,0.0043211789999999996,2.2360679774997898,5.0000000000000009,-0.80769051926796254,58.849012584020969,34.188701286322214,trajectory reached the configured outer_limit radius
54,501,0.80502023624420993,-0.096999999999999975,fraction,250,0,outer_limit,nan,0,2.0297222103872787,0.0049421710000000004,2.2360679774997898,5.0000000000000009,-0.80764874047307877,58.8507134176945,34.184464827537383,trajectory reached the configured outer_limit radius
54,502,0.80509202545250802,-0.096999999999999975,fraction,250,0,outer_limit,nan,0,2.0265720008385153,0.0049342839999999997,2.2360679774997907,5.0000000000000044,-0.80760656297307909,58.852438814556734,34.180211453090209,trajectory reached the configured outer_limit radius
54,503,0.805163814660806,-0.096999999999999975,fraction,250,0,outer_limit,nan,0,2.023438711919439,0.0046655819999999997,2.2360679774997898,5.0000000000000009,-0.8075639897373289,58.854188594445404,34.175941318234806,trajectory reached the configured outer_limit radius
54,504,0.80523560386910409,-0.096999999999999975,fraction,250,0,outer_limit,nan,0,2.0203221643560814,0.0044740810000000004,2.2360679774997898,5.0000000000000009,-0.80752102370051926,58.855962579205276,34.171654576268438,trajectory reached the configured outer_limit radius
54,505,0.80530739307740218,-0.096999999999999975,fraction,250,0,outer_limit,nan,0,2.0172221817727447,0.0047478590000000001,2.2360679774997898,5.0000000000000009,-0.80747766776329699,58.857760592650855,34.167351378567169,trajectory reached the configured outer_limit radius
54,506,0.80537918228570027,-0.096999999999999975,fraction,250,0,outer_limit,nan,0,2.0141385906284079,0.0045878339999999998,2.2360679774997898,5.0000000000000009,-0.80743392479289111,58.859582460532053,34.163031874622604,trajectory reached the configured outer_limit radius
54,507,0.80545097149399836,-0.096999999999999975,fraction,250,0,outer_limit,nan,0,2.0110712201548964,0.0046998539999999998,2.2360679774997902,5.0000000000000027,-0.80738979762371477,58.861428010499196,34.15869621207483,trajectory reached the configured outer_limit radius
54,508,0.80552276070229645,-0.096999999999999975,fraction,250,0,outer_limit,nan,0,2.0080199022965823,0.0043661350000000002,2.2360679774997898,5.0000000000000009,-0.80734528905795422,58.863297072069493,34.154344536746493,trajectory reached the configured outer_limit radius
54,509,0.80559454991059443,-0.096999999999999975,fraction,250,0,outer_limit,nan,0,2.0049844716519174,0.0043564140000000003,2.2360679774997898,5.0000000000000009,-0.80730040186614382,58.865189476594985,34.149976992676329,trajectory reached the configured outer_limit radius
55,492,0.80437413336952723,-0.080833333333333313,fraction,250,0,outer_limit,nan,0,2.0526809447446772,0.0042274169999999998,2.2360679774997898,5.0000000000000009,-0.80794563794914587,58.839881748373955,34.217996639244618,trajectory reached the configured outer_limit radius
55,493,0.80444592257782532,-0.080833333333333313,fraction,250,0,outer_limit,nan,0,2.0493690244998684,0.0045801169999999999,2.2360679774997898,5.0000000000000009,-0.80790663744211777,58.8414102907307,34.213875476057645,trajectory reached the configured outer_limit radius
55,494,0.80451771178612341,-0.080833333333333313,fraction,250,0,outer_limit,nan,0,2.0460758208014176,0.003751646,2.2360679774997898,5.0000000000000009,-0.80786721368600678,58.842964890994011,34.209736151747059,trajectory reached the configured outer_limit radius
55,495,0.8045895009944215,-0.080833333333333313,fraction,250,0,outer_limit,nan,0,2.042801124176667,0.0047286760000000002,2.2360679774997898,5.0000000000000009,-0.80782736995726734,58.844545351080868,34.205578838486545,trajectory reached the configured outer_limit radius
55,496,0.80466129020271959,-0.080833333333333313,fraction,250,0,outer_limit,nan,0,2.0395447287414012,0.0040907110000000003,2.2360679774997898,5.0000000000000009,-0.80778710949178745,58.846151475252519,34.201403706163994,trajectory reached the configured outer_limit radius
55,497,0.80473307941101768,-0.080833333333333313,fraction,250,0,outer_limit,nan,0,2.0363064321161959,0.0046393340000000002,2.2360679774997898,5.0000000000000009,-0.80774643548569081,58.847783070069639,34.197210922428297,trajectory reached the configured outer_limit radius
55,498,0.80480486861931566,-0.080833333333333313,fraction,250,0,outer_limit,nan,0,2.0330860353451534,0.0043720920000000002,2.2360679774997898,5.0000000000000009,-0.80770535109610586,58.849439944346948,34.193000652729502,trajectory reached the configured outer_limit radius
55,499,0.80487665782761375,-0.080833333333333313,fraction,250,0,outer_limit,nan,0,2.0298833428169489,0.0042253910000000002,2.2360679774997898,5.0000000000000009,-0.80766385944192487,58.851121909111981,34.188773060366685,trajectory reached the configured outer_limit radius
55,500,0.80494844703591184,-0.080833333333333313,fraction,250,0,outer_limit,nan,0,2.0266981621883726,0.004250022,2.2360679774997898,5.0000000000000009,-0.80762196360453153,58.852828777561371,34.184528306523667,trajectory reached the configured outer_limit radius
55,501,0.80502023624420993,-0.080833333333333313,fraction,250,0,outer_limit,nan,0,2.0235303043100048,0.0051253119999999999,2.2360679774997898,5.0000000000000009,-0.80757966662851977,58.854560365021534,34.180266550313711,trajectory reached the configured outer_limit radius
55,502,0.80509202545250802,-0.080833333333333313,fraction,250,0,outer_limit,nan,0,2.0203795831539959,0.004537999,2.2360679774997898,5.0000000000000009,-0.80753697152237813,58.856316488909627,34.17598794881841,trajectory reached the configured outer_limit radius
55,503,0.805163814660806,-0.080833333333333313,fraction,250,0,outer_limit,nan,0,2.0172458157439945,0.0044041100000000001,2.2360679774997898,5.0000000000000009,-0.80749388125917543,58.858096968692969,34.171692657122641,trajectory reached the configured outer_limit radius
55,504,0.80523560386910409,-0.080833333333333313,fraction,250,0,outer_limit,nan,0,2.0141288220871516,0.0043129290000000001,2.2360679774997898,5.0000000000000009,-0.80745039877721037,58.859901625853809,34.167380828356571,trajectory reached the configured outer_limit radius
55,505,0.80530739307740218,-0.080833333333333313,fraction,250,0,outer_limit,nan,0,2.0110284251078641,0.0046458840000000003,2.2360679774997907,5.0000000000000044,-0.80740652698065185,58.861730283852218,34.163052613728702,trajectory reached the configured outer_limit radius
55,506,0.80537918228570027,-0.080833333333333313,fraction,250,0,outer_limit,nan,0,2.0079444505835551,0.0041270660000000004,2.2360679774997898,5.0000000000000009,-0.80736226874016426,58.863582768089472,34.158708162561823,trajectory reached the configured outer_limit radius
55,507,0.80545097149399836,-0.080833333333333313,fraction,250,0,outer_limit,nan,0,2.0048767270821779,0.0044754720000000003,2.2360679774997898,5.0000000000000009,-0.80731762689351327,58.865458905875506,34.154347622328878,trajectory reached the configured outer_limit radius
55,508,0.80552276070229645,-0.080833333333333313,fraction,250,0,outer_limit,nan,0,2.0018250859015203,0.004313908,2.2360679774997898,5.0000000000000009,-0.80727260424615577,58.867358526393758,34.149971138685665,trajectory reached the configured outer_limit radius
55,509,0.80559454991059443,-0.080833333333333313,fraction,250,0,outer_limit,nan,0,1.9987893610101424,0.0047581940000000003,2.2360679774997898,5.0000000000000009,-0.80722720357181643,58.869281460668795,34.14557885550289,trajectory reached the configured outer_limit radius
56,492,0.80437413336952723,-0.06466666666666665,fraction,250,0,outer_limit,nan,0,2.0466092104049682,0.0044901780000000001,2.2360679774997898,5.0000000000000009,-0.80788234905549605,58.843411259245585,34.214155441410455,trajectory reached the configured outer_limit radius
56,493,0.80444592257782532,-0.06466666666666665,fraction,250,0,outer_limit,nan,0,2.0432964915427005,0.0052909990000000002,2.2360679774997898,5.0000000000000009,-0.80784284682304508,58.844969640994961,34.210009813630322,trajectory reached the configured outer_limit radius
56,494,0.80451771178612341,-0.06466666666666665,fraction,250,0,outer_limit,nan,0,2.0400025286106835,0.0050106700000000001,2.2360679774997898,5.0000000000000009,-0.80780292194412573,58.846554053099609,34.205846097651062,trajectory reached the configured outer_limit radius
56,495,0.8045895009944215,-0.06466666666666665,fraction,250,0,outer_limit,nan,0,2.0367271112411203,0.003514779,2.2360679774997898,5.0000000000000009,-0.80776257769891446,58.84816429709273,34.201664465448772,trajectory reached the configured outer_limit radius
56,496,0.80466129020271959,-0.06466666666666665,fraction,250,0,outer_limit,nan,0,2.0334700326796407,0.004491437,2.2360679774997898,5.0000000000000009,-0.80772181732692894,58.849800176860306,34.197465086715646,trajectory reached the configured outer_limit radius
56,497,0.80473307941101768,-0.06466666666666665,fraction,250,0,outer_limit,nan,0,2.0302310897005893,0.0044348069999999998,2.2360679774997898,5.0000000000000009,-0.8076806440278218,58.851461498595299,34.193248128903505,trajectory reached the configured outer_limit radius
56,498,0.80480486861931566,-0.06466666666666665,fraction,250,0,outer_limit,nan,0,2.0270100825249515,0.0039603620000000003,2.2360679774997902,5.0000000000000027,-0.80763906096215865,58.853148070754003,34.189013757268214,trajectory reached the configured outer_limit radius
56,499,0.80487665782761375,-0.06466666666666665,fraction,250,0,outer_limit,nan,0,2.0238068147409147,0.004350039,2.2360679774997898,5.0000000000000009,-0.80759707125218061,58.854859704011119,34.184762134911686,trajectory reached the configured outer_limit radius
56,500,0.80494844703591184,-0.06466666666666665,fraction,250,0,outer_limit,nan,0,2.0206210932263446,0.0045605460000000004,2.2360679774997898,5.0000000000000009,-0.80755467798252845,58.85659621122025,34.180493422824625,trajectory reached the configured outer_limit radius
56,501,0.80502023624420993,-0.06466666666666665,fraction,250,0,outer_limit,nan,0,2.0174527280739047,0.0047092039999999998,2.2360679774997898,5.0000000000000009,-0.80751188420096742,58.858357407370839,34.176207779925434,trajectory reached the configured outer_limit radius
56,502,0.80509202545250802,-0.06466666666666665,fraction,250,0,outer_limit,nan,0,2.0143015325182012,0.0050543569999999998,2.2360679774997898,5.0000000000000009,-0.80746869291907752,58.860143109550137,34.171905363101246,trajectory reached the configured outer_limit radius
56,503,0.805163814660806,-0.06466666666666665,fraction,250,0,outer_limit,nan,0,2.0111673228649596,0.0047754410000000001,2.2360679774997898,5.0000000000000009,-0.80742510711293092,58.86195313690363,34.167586327244457,trajectory reached the configured outer_limit radius
56,504,0.80523560386910409,-0.06466666666666665,fraction,250,0,outer_limit,nan,0,2.0080499184224774,0.0045106460000000001,2.2360679774997898,5.0000000000000009,-0.80738112972375309,58.863787310597772,34.163250825291712,trajectory reached the configured outer_limit radius
56,505,0.80530739307740218,-0.06466666666666665,fraction,250,0,outer_limit,nan,0,2.0049491414346954,0.0044998399999999997,2.2360679774997898,5.0000000000000009,-0.80733676365856066,58.865645453783742,34.15889900825924,trajectory reached the configured outer_limit radius
56,506,0.80537918228570027,-0.06466666666666665,fraction,250,0,outer_limit,nan,0,2.001864817016429,0.0043644000000000001,2.2360679774997898,5.0000000000000009,-0.80729201179079224,58.867527391560969,34.154531025278416,trajectory reached the configured outer_limit radius
56,507,0.80545097149399836,-0.06466666666666665,fraction,250,0,outer_limit,nan,0,1.9987967730903342,0.0045076450000000002,2.2360679774997898,5.0000000000000009,-0.80724687696090802,58.869432950943143,34.150147023630183,trajectory reached the configured outer_limit radius
56,508,0.80552276070229645,-0.06466666666666665,fraction,250,0,outer_limit,nan,0,1.9957448403256173,0.0045470110000000001,2.2360679774997898,5.0000000000000009,-0.80720136197699099,58.871361960824551,34.145747148779925,trajectory reached the configured outer_limit radius
56,509,0.80559454991059443,-0.06466666666666665,fraction,250,0,outer_limit,nan,0,1.9927088520784728,0.0048633069999999999,2.2360679774997898,5.0000000000000009,-0.80715546961531881,58.873314251946553,34.141331544408203,trajectory reached the configured outer_limit radius
57,492,0.80437413336952723,-0.048499999999999988,fraction,250,0,outer_limit,nan,0,2.040648414121931,0.0045468069999999999,2.2360679774997902,5.0000000000000027,-0.8078201806204991,58.846899693729405,34.210441477451013,trajectory reached the configured outer_limit radius
57,493,0.80444592257782532,-0.048499999999999988,fraction,250,0,outer_limit,nan,0,2.0373349408696497,0.0052676329999999999,2.2360679774997902,5.0000000000000027,-0.80778019755293762,58.84848680061689,34.206272780527854,trajectory reached the configured outer_limit radius
57,494,0.80451771178612341,-0.048499999999999988,fraction,250,0,outer_limit,nan,0,2.0340402618118221,0.0046453099999999997,2.2360679774997898,5.0000000000000009,-0.80773979250095995,58.850099906352497,34.202086069475357,trajectory reached the configured outer_limit radius
57,495,0.8045895009944215,-0.048499999999999988,fraction,250,0,outer_limit,nan,0,2.0307641657100288,0.0043431190000000003,2.2360679774997898,5.0000000000000009,-0.80769896874769853,58.851738812138805,34.197881516045733,trajectory reached the configured outer_limit radius
57,496,0.80466129020271959,-0.048499999999999988,fraction,250,0,outer_limit,nan,0,2.0275064449634521,0.004381261,2.2360679774997898,5.0000000000000009,-0.80765772953553705,58.853403321537655,34.19365928970528,trajectory reached the configured outer_limit radius
57,497,0.80473307941101768,-0.048499999999999988,fraction,250,0,outer_limit,nan,0,2.0242668955232874,0.0038364129999999999,2.2360679774997898,5.0000000000000009,-0.80761607806691171,58.855093240426385,34.189419557683628,trajectory reached the configured outer_limit radius
57,498,0.80480486861931566,-0.048499999999999988,fraction,250,0,outer_limit,nan,0,2.0210453168101283,0.0052753890000000001,2.2360679774997898,5.0000000000000009,-0.8075740175050935,58.856808376951477,34.185162485012825,trajectory reached the configured outer_limit radius
57,499,0.80487665782761375,-0.048499999999999988,fraction,250,0,outer_limit,nan,0,2.0178415116334079,0.0044393840000000002,2.2360679774997898,5.0000000000000009,-0.807531550974941,58.858548541486364,34.18088823457343,trajectory reached the configured outer_limit radius
57,500,0.80494844703591184,-0.048499999999999988,fraction,250,0,outer_limit,nan,0,2.0146552861134959,0.0046024309999999997,2.2360679774997898,5.0000000000000009,-0.80748868156364306,58.860313546588863,34.176596967134692,trajectory reached the configured outer_limit radius
57,501,0.80502023624420993,-0.048499999999999988,fraction,250,0,outer_limit,nan,0,2.0114864496060063,0.0046549729999999997,2.2360679774997898,5.0000000000000009,-0.8074454123214323,58.862103206960782,34.172288841396714,trajectory reached the configured outer_limit radius
57,502,0.80509202545250802,-0.048499999999999988,fraction,250,0,outer_limit,nan,0,2.0083348146281867,0.0047811099999999999,2.2360679774997898,5.0000000000000009,-0.80740174626228334,58.863917339406854,34.167964014025785,trajectory reached the configured outer_limit radius
57,503,0.805163814660806,-0.048499999999999988,fraction,250,0,outer_limit,nan,0,2.0052001967876012,0.0044776099999999999,2.2360679774997898,5.0000000000000009,-0.80735768636459149,58.865755762797043,34.163622639696499,trajectory reached the configured outer_limit radius
57,504,0.80523560386910409,-0.048499999999999988,fraction,250,0,outer_limit,nan,0,2.0020824147129237,0.0041928679999999998,2.2360679774997898,5.0000000000000009,-0.80731323557183599,58.867618298029022,34.159264871129388,trajectory reached the configured outer_limit radius
57,505,0.80530739307740218,-0.048499999999999988,fraction,250,0,outer_limit,nan,0,1.9989812899863557,0.004351008,2.2360679774997898,5.0000000000000009,-0.80726839679321727,58.869504767990293,34.154890859122652,trajectory reached the configured outer_limit radius
57,506,0.80537918228570027,-0.048499999999999988,fraction,250,0,outer_limit,nan,0,1.9958966470784285,0.0045859239999999999,2.2360679774997898,5.0000000000000009,-0.80722317290429002,58.871414997523402,34.150500752593189,trajectory reached the configured outer_limit radius
57,507,0.80545097149399836,-0.048499999999999988,fraction,250,0,outer_limit,nan,0,1.992828313284194,0.0044401550000000003,2.2360679774997902,5.0000000000000027,-0.8071775667475668,58.873348813391104,34.146094698607612,trajectory reached the configured outer_limit radius
57,508,0.80552276070229645,-0.048499999999999988,fraction,250,0,outer_limit,nan,0,1.9897761186617089,0.0047004860000000002,2.2360679774997898,5.0000000000000009,-0.80713158113312167,58.875306044241356,34.141672842416696,trajectory reached the configured outer_limit radius
57,509,0.80559454991059443,-0.048499999999999988,fraction,250,0,outer_limit,nan,0,1.9867398959716991,0.0045508950000000001,2.2360679774997898,5.0000000000000009,-0.80708521883915785,58.877286520575559,34.137235327488398,trajectory reached the configured outer_limit radius
58,492,0.80437413336952723,-0.032333333333333325,fraction,250,0,outer_limit,nan,0,2.0347957023481738,0.0046141070000000001,2.2360679774997898,5.0000000000000009,-0.80775915137458532,58.850345770780777,34.206855160863235,trajectory reached the configured outer_limit radius
58,493,0.80444592257782532,-0.032333333333333325,fraction,250,0,outer_limit,nan,0,2.0314815164648357,0.0045394930000000003,2.2360679774997898,5.0000000000000009,-0.80771870835037041,58.851960488119694,34.202664784673601,trajectory reached the configured outer_limit radius
58,494,0.80451771178612341,-0.032333333333333325,fraction,250,0,outer_limit,nan,0,2.0281861619637898,0.0047382780000000003,2.2360679774997898,5.0000000000000009,-0.80767784406201915,58.853601168925799,34.198456469518177,trajectory reached the configured outer_limit radius
58,495,0.8045895009944215,-0.032333333333333325,fraction,250,0,outer_limit,nan,0,2.0249094267595695,0.0042978440000000003,2.2360679774997898,5.0000000000000009,-0.80763656179485932,58.855267614121765,34.194230386894588,trajectory reached the configured outer_limit radius
58,496,0.80466129020271959,-0.032333333333333325,fraction,250,0,outer_limit,nan,0,2.021651102427787,0.0041966449999999997,2.2360679774997902,5.0000000000000027,-0.80759486479339637,58.856959626997579,34.189986706019184,trajectory reached the configured outer_limit radius
58,497,0.80473307941101768,-0.032333333333333325,fraction,250,0,outer_limit,nan,0,2.0184109841188569,0.0042873929999999996,2.2360679774997898,5.0000000000000009,-0.80755275626211176,58.858677013164368,34.185725593869272,trajectory reached the configured outer_limit radius
58,498,0.80480486861931566,-0.032333333333333325,fraction,250,0,outer_limit,nan,0,2.0151888704744993,0.0043152540000000001,2.2360679774997898,5.0000000000000009,-0.80751023936625188,58.86041958050955,34.181447215228836,trajectory reached the configured outer_limit radius
58,499,0.80487665782761375,-0.032333333333333325,fraction,250,0,outer_limit,nan,0,2.0119845635467484,0.0046174249999999997,2.2360679774997898,5.0000000000000009,-0.8074673172325858,58.862187139153498,34.177151732730728,trajectory reached the configured outer_limit radius
58,500,0.80494844703591184,-0.032333333333333325,fraction,250,0,outer_limit,nan,0,2.0087978687189123,0.0037697569999999999,2.2360679774997898,5.0000000000000009,-0.80742399295013878,58.863979501407542,34.17283930689802,trajectory reached the configured outer_limit radius
58,501,0.80502023624420993,-0.032333333333333325,fraction,250,0,outer_limit,nan,0,2.0056285946295409,0.0045704250000000004,2.2360679774997898,5.0000000000000009,-0.80738026957092146,58.865796481731984,34.168510096184356,trajectory reached the configured outer_limit radius
58,502,0.80509202545250802,-0.032333333333333325,fraction,250,0,outer_limit,nan,0,2.0024765530981607,0.0046084089999999999,2.2360679774997898,5.0000000000000009,-0.80733615011061743,58.86763789669714,34.164164257013368,trajectory reached the configured outer_limit radius
58,503,0.805163814660806,-0.032333333333333325,fraction,250,0,outer_limit,nan,0,1.9993415590531369,0.0048374949999999998,2.2360679774997898,5.0000000000000009,-0.80729163754927369,58.869503564943926,34.159801943817982,trajectory reached the configured outer_limit radius
58,504,0.80523560386910409,-0.032333333333333325,fraction,250,0,outer_limit,nan,0,1.9962234304619351,0.0042333500000000003,2.2360679774997898,5.0000000000000009,-0.80724673483195331,58.871393307146164,34.155423309075346,trajectory reached the configured outer_limit radius
58,505,0.80530739307740218,-0.032333333333333325,fraction,250,0,outer_limit,nan,0,1.9931219882632005,0.0044355269999999999,2.2360679774997898,5.0000000000000009,-0.80720144486939061,58.873306945973489,34.15102850334565,trajectory reached the configured outer_limit radius
58,506,0.80537918228570027,-0.032333333333333325,fraction,250,0,outer_limit,nan,0,1.9900370563006085,0.011223583000000001,2.2360679774997898,5.0000000000000009,-0.80715577053861232,58.87524430605562,34.146617675306437,trajectory reached the configured outer_limit radius
58,507,0.80545097149399836,-0.032333333333333325,fraction,250,0,outer_limit,nan,0,1.9869684612589422,0.0048483129999999999,2.2360679774997898,5.0000000000000009,-0.80710971468354709,58.877205213947605,34.142190971786697,trajectory reached the configured outer_limit radius
58,508,0.80552276070229645,-0.032333333333333325,fraction,250,0,outer_limit,nan,0,1.9839160326016343,0.0053563660000000004,2.2360679774997898,5.0000000000000009,-0.80706328011562811,58.879189498095613,34.137748537801897,trajectory reached the configured outer_limit radius
58,509,0.80559454991059443,-0.032333333333333325,fraction,250,0,outer_limit,nan,0,1.9808796025102888,0.0036656280000000002,2.2360679774997902,5.0000000000000027,-0.80701646961436946,58.881196988803573,34.133290516585326,trajectory reached the configured outer_limit radius
59,492,0.80437413336952723,-0.016166666666666663,fraction,250,0,outer_limit,nan,0,2.0290483696326485,0.0063591109999999998,2.2360679774997898,5.0000000000000009,-0.80769927947926656,58.853748264561041,34.203396935727497,trajectory reached the configured outer_limit radius
59,493,0.80444592257782532,-0.016166666666666663,fraction,250,0,outer_limit,nan,0,2.0257335105403187,0.0062353010000000004,2.2360679774997898,5.0000000000000009,-0.80765839737383505,58.855389476842035,34.199186265439749,trajectory reached the configured outer_limit radius
59,494,0.80451771178612341,-0.016166666666666663,fraction,250,0,outer_limit,nan,0,2.0224375189827901,0.0042344419999999997,2.2360679774997907,5.0000000000000044,-0.80761709478165844,58.857056613409618,34.194957732391266,trajectory reached the configured outer_limit radius
59,495,0.8045895009944215,-0.016166666666666663,fraction,250,0,outer_limit,nan,0,2.0191601820501486,0.0047409710000000001,2.2360679774997898,5.0000000000000009,-0.80757537498950716,58.858749474958806,34.190711507800081,trajectory reached the configured outer_limit radius
59,496,0.80466129020271959,-0.016166666666666663,fraction,250,0,outer_limit,nan,0,2.0159012905164593,0.0039752700000000004,2.2360679774997898,5.0000000000000009,-0.80753324124326775,58.86046786455772,34.186447760603279,trajectory reached the configured outer_limit radius
59,497,0.80473307941101768,-0.016166666666666663,fraction,250,0,outer_limit,nan,0,2.0126606387529313,0.0046786850000000001,2.2360679774997911,5.0000000000000062,-0.80749069674874308,58.862211587601792,34.182166657501973,trajectory reached the configured outer_limit radius
59,498,0.80480486861931566,-0.016166666666666663,fraction,250,0,outer_limit,nan,0,2.0094380246433867,0.0046423100000000002,2.2360679774997898,5.0000000000000009,-0.80744774467243907,58.863980451767667,34.17786836300472,trajectory reached the configured outer_limit radius
59,499,0.80487665782761375,-0.016166666666666663,fraction,250,0,outer_limit,nan,0,2.0062332495025794,0.0046018029999999998,2.2360679774997898,5.0000000000000009,-0.80740438814232462,58.86577426697184,34.17355303947145,trajectory reached the configured outer_limit radius
59,500,0.80494844703591184,-0.016166666666666663,fraction,250,0,outer_limit,nan,0,2.0030461179967931,0.0045829449999999997,2.2360679774997898,5.0000000000000009,-0.80736063024857263,58.867592845326108,34.169220847153284,trajectory reached the configured outer_limit radius
59,501,0.80502023624420993,-0.016166666666666663,fraction,250,0,outer_limit,nan,0,1.999876438066764,0.0043210490000000004,2.2360679774997898,5.0000000000000009,-0.80731647404428208,58.869436001097327,34.164871944234584,trajectory reached the configured outer_limit radius
59,502,0.80509202545250802,-0.016166666666666663,fraction,250,0,outer_limit,nan,0,1.9967240208529984,0.0045814289999999997,2.2360679774997902,5.0000000000000027,-0.8072719225461733,58.871303550667463,34.160506486871242,trajectory reached the configured outer_limit radius
59,503,0.805163814660806,-0.016166666666666663,fraction,250,0,outer_limit,nan,0,1.9935886806230569,0.005427739,2.2360679774997898,5.0000000000000009,-0.80722697873527638,58.873195312493678,34.156124629228898,trajectory reached the configured outer_limit radius
59,504,0.80523560386910409,-0.016166666666666663,fraction,250,0,outer_limit,nan,0,1.9904702347011092,0.0048110979999999998,2.2360679774997898,5.0000000000000009,-0.80718164555758909,58.875111107071717,34.151726523520878,trajectory reached the configured outer_limit radius
59,505,0.80530739307740218,-0.016166666666666663,fraction,250,0,outer_limit,nan,0,1.9873685033994741,0.0042566030000000003,2.2360679774997902,5.0000000000000027,-0.80713592592472894,58.877050756897596,34.14731232004479,trajectory reached the configured outer_limit radius
59,506,0.80537918228570027,-0.016166666666666663,fraction,250,0,outer_limit,nan,0,1.9842833099520165,0.0042789400000000002,2.2360679774997898,5.0000000000000009,-0.80708982271455465,58.879014086432434,34.142882167216086,trajectory reached the configured outer_limit radius
59,507,0.80545097149399836,-0.016166666666666663,fraction,250,0,outer_limit,nan,0,1.9812144804496452,0.003797075,2.2360679774997898,5.0000000000000009,-0.80704333877178702,58.881000922066882,34.138436211604336,trajectory reached the configured outer_limit radius
59,508,0.80552276070229645,-0.016166666666666663,fraction,250,0,outer_limit,nan,0,1.9781618437773809,0.004084346,2.2360679774997898,5.0000000000000009,-0.80699647690860066,58.883011092087798,34.133974597967587,trajectory reached the configured outer_limit radius
59,509,0.80559454991059443,-0.016166666666666663,fraction,250,0,outer_limit,nan,0,1.9751252315533674,0.0045737180000000001,2.2360679774997898,5.0000000000000009,-0.8069492399052075,58.88504442664388,34.129497469281858,trajectory reached the configured outer_limit radius
60,492,0.80437413336952723,0,fraction,250,0,outer_limit,nan,0,2.0234038508330303,0.0060708730000000001,2.2360679774997898,5.0000000000000009,-0.80764058258592342,58.857106000607814,34.200067278838873,trajectory reached the configured outer_limit radius
60,493,0.80444592257782532,0,fraction,250,0,outer_limit,nan,0,2.0200883557389555,0.0049703000000000004,2.2360679774997898,5.0000000000000009,-0.807599282280696,58.858772591093754,34.195837695773619,trajectory reached the configured outer_limit radius
60,494,0.80451771178612341,0,fraction,250,0,outer_limit,nan,0,2.0167917633354295,0.0044754169999999998,2.2360679774997898,5.0000000000000009,-0.80755756232219311,58.860465062955932,34.191590327149271,trajectory reached the configured outer_limit radius
60,495,0.8045895009944215,0,fraction,250,0,outer_limit,nan,0,2.013513859909938,0.004433396,2.2360679774997898,5.0000000000000009,-0.80751542599788695,58.862183216712438,34.187325343876495,trajectory reached the configured outer_limit radius
60,496,0.80466129020271959,0,fraction,250,0,outer_limit,nan,0,2.0102544354564751,0.0045701780000000003,2.2360679774997898,5.0000000000000009,-0.8074728765543161,58.863926855259592,34.183042914587617,trajectory reached the configured outer_limit radius
60,497,0.80473307941101768,0,fraction,250,0,outer_limit,nan,0,2.0070132835876056,0.0037511319999999999,2.2360679774997902,5.0000000000000027,-0.80742991719788426,58.865695783826112,34.178743205681087,trajectory reached the configured outer_limit radius
60,498,0.80480486861931566,0,fraction,250,0,outer_limit,nan,0,2.0037902014494051,0.0044086079999999996,2.2360679774997898,5.0000000000000009,-0.80738655109564872,58.86748980992747,34.174426381364952,trajectory reached the configured outer_limit radius
60,499,0.80487665782761375,0,fraction,250,0,outer_limit,nan,0,2.0005849896391417,0.0049067989999999999,2.2360679774997898,5.0000000000000009,-0.80734278137608451,58.869308743323202,34.1700926037011,trajectory reached the configured outer_limit radius
60,500,0.80494844703591184,0,fraction,250,0,outer_limit,nan,0,1.9973974521250177,0.004517447,2.2360679774997898,5.0000000000000009,-0.8072986111298226,58.871152395973255,34.165742032644417,trajectory reached the configured outer_limit radius
60,501,0.80502023624420993,0,fraction,250,0,outer_limit,nan,0,1.994227396168671,0.0045493410000000001,2.2360679774997898,5.0000000000000009,-0.80725404341037243,58.873020581997615,34.16137482608557,trajectory reached the configured outer_limit radius
60,502,0.80509202545250802,0,fraction,250,0,outer_limit,nan,0,1.9910746322496766,0.004522262,2.2360679774997898,5.0000000000000009,-0.80720908123482582,58.87491311763555,34.156991139888191,trajectory reached the configured outer_limit radius
60,503,0.805163814660806,0,fraction,250,0,outer_limit,nan,0,1.9879389739924349,0.0047960429999999998,2.2360679774997898,5.0000000000000009,-0.80716372758453925,58.876829821206329,34.152591127928844,trajectory reached the configured outer_limit radius
60,504,0.80523560386910409,0,fraction,250,0,outer_limit,nan,0,1.9848202380949989,0.0041891680000000001,2.2360679774997898,5.0000000000000009,-0.80711798540579516,58.87877051307197,34.148174942133274,trajectory reached the configured outer_limit radius
60,505,0.80530739307740218,0,fraction,250,0,outer_limit,nan,0,1.9817182442601502,0.0043357619999999999,2.2360679774997898,5.0000000000000009,-0.80707185761045508,58.880735015598951,34.143742732512777,trajectory reached the configured outer_limit radius
60,506,0.80537918228570027,0,fraction,250,0,outer_limit,nan,0,1.9786328151283239,0.004117328,2.2360679774997898,5.0000000000000009,-0.80702534707658713,58.882723153123081,34.139294647200096,trajectory reached the configured outer_limit radius
60,507,0.80545097149399836,0,fraction,250,0,outer_limit,nan,0,1.9755637762124236,0.0043230229999999996,2.2360679774997898,5.0000000000000009,-0.80697845664907808,58.884734751914145,34.134830832483743,trajectory reached the configured outer_limit radius
60,508,0.80552276070229645,0,fraction,250,0,outer_limit,nan,0,1.9725109558345464,0.0046276970000000001,2.2360679774997898,5.0000000000000009,-0.80693118914023221,58.886769640141367,34.130351432840634,trajectory reached the configured outer_limit radius
60,509,0.80559454991059443,0,fraction,250,0,outer_limit,nan,0,1.9694741850644921,0.0043268009999999999,2.2360679774997907,5.0000000000000044,-0.80688354733035861,58.88882764784011,34.125856590970493,trajectory reached the configured outer_limit radius
61,492,0.80437413336952723,0.016166666666666663,fraction,250,0,outer_limit,nan,0,2.0178597139897558,0.0046307049999999997,2.2360679774997898,5.0000000000000009,-0.80758307789113726,58.860417852291633,34.196866701878136,trajectory reached the configured outer_limit radius
61,493,0.80444592257782532,0.016166666666666663,fraction,250,0,outer_limit,nan,0,2.0145436179991494,0.0054312680000000004,2.2360679774997898,5.0000000000000009,-0.80754138028270972,58.862108702598583,34.192619584370341,trajectory reached the configured outer_limit radius
61,494,0.80451771178612341,0.016166666666666663,fraction,250,0,outer_limit,nan,0,2.0112464588946577,0.0042210709999999999,2.2360679774997898,5.0000000000000009,-0.80749926390960769,58.863825387705404,34.188354759457873,trajectory reached the configured outer_limit radius
61,495,0.8045895009944215,0.016166666666666663,fraction,250,0,outer_limit,nan,0,2.0079680221823977,0.0044936079999999996,2.2360679774997898,5.0000000000000009,-0.80745673205927504,58.865567708003461,34.184072397718452,trajectory reached the configured outer_limit radius
61,496,0.80466129020271959,0.016166666666666663,fraction,250,0,outer_limit,nan,0,2.0047080970967808,0.004696324,2.2360679774997898,5.0000000000000009,-0.80741378797818053,58.867335466266752,34.179772667453086,trajectory reached the configured outer_limit radius
61,497,0.80473307941101768,0.016166666666666663,fraction,250,0,outer_limit,nan,0,2.0014664765116237,0.0045643280000000003,2.2360679774997898,5.0000000000000009,-0.80737043487261584,58.86912846760611,34.175455734731877,trajectory reached the configured outer_limit radius
61,498,0.80480486861931566,0.016166666666666663,fraction,250,0,outer_limit,nan,0,1.9982429568549041,0.0042386359999999996,2.2360679774997898,5.0000000000000009,-0.80732667590949481,58.870946519423796,34.171121763438109,trajectory reached the configured outer_limit radius
61,499,0.80487665782761375,0.016166666666666663,fraction,250,0,outer_limit,nan,0,1.9950373380251627,0.004194349,2.2360679774997902,5.0000000000000027,-0.80728251421710184,58.872789431370222,34.166770915310295,trajectory reached the configured outer_limit radius
61,500,0.80494844703591184,0.016166666666666663,fraction,250,0,outer_limit,nan,0,1.9918494233110966,0.0040655969999999998,2.2360679774997898,5.0000000000000009,-0.80723795288584888,58.874657015300173,34.162403349983478,trajectory reached the configured outer_limit radius
61,501,0.80502023624420993,0.016166666666666663,fraction,250,0,outer_limit,nan,0,1.9886790193131108,0.0038473549999999998,2.2360679774997898,5.0000000000000009,-0.80719299496899011,58.876549085232881,34.158019225030564,trajectory reached the configured outer_limit radius
61,502,0.80509202545250802,0.016166666666666663,fraction,250,0,outer_limit,nan,0,1.9855259358674553,0.004564996,2.2360679774997898,5.0000000000000009,-0.80714764348332646,58.878465457310213,34.15361869600018,trajectory reached the configured outer_limit radius
61,503,0.805163814660806,0.016166666666666663,fraction,250,0,outer_limit,nan,0,1.9823899859723091,0.0044534900000000001,2.2360679774997898,5.0000000000000009,-0.80710190140988969,58.880405949758611,34.149201916456185,trajectory reached the configured outer_limit radius
61,504,0.80523560386910409,0.016166666666666663,fraction,250,0,outer_limit,nan,0,1.9792709857162485,0.0045332649999999999,2.2360679774997898,5.0000000000000009,-0.80705577169460929,58.882370382850219,34.144769038013891,trajectory reached the configured outer_limit radius
61,505,0.80530739307740218,0.016166666666666663,fraction,250,0,outer_limit,nan,0,1.9761687542086988,0.0043539090000000004,2.2360679774997907,5.0000000000000044,-0.80700925724896033,58.884358578866241,34.14032021037734,trajectory reached the configured outer_limit radius
61,506,0.80537918228570027,0.016166666666666663,fraction,250,0,outer_limit,nan,0,1.9730831135123723,0.0043644449999999998,2.2360679774997898,5.0000000000000009,-0.80696236095059226,58.886370362059694,34.135855581373178,trajectory reached the configured outer_limit radius
61,507,0.80545097149399836,0.016166666666666663,fraction,250,0,outer_limit,nan,0,1.9700138885775083,0.0043375540000000004,2.2360679774997898,5.0000000000000009,-0.80691508564394776,58.888405558622004,34.131375296987656,trajectory reached the configured outer_limit radius
61,508,0.80552276070229645,0.016166666666666663,fraction,250,0,outer_limit,nan,0,1.9669609071783434,0.003878589,2.2360679774997911,5.0000000000000062,-0.80686743414085682,58.890463996647284,34.126879501397227,trajectory reached the configured outer_limit radius
61,509,0.80559454991059443,0.016166666666666663,fraction,250,0,outer_limit,nan,0,1.9639239998508604,0.0045204379999999999,2.2360679774997898,5.0000000000000009,-0.80681940922112538,58.892545506098045,34.122368337002285,trajectory reached the configured outer_limit radius
62,492,0.80437413336952723,0.032333333333333325,fraction,250,0,outer_limit,nan,0,2.0124136538096864,0.0045580480000000003,2.2360679774997902,5.0000000000000027,-0.80752678218896501,58.863682737529814,34.193795753632365,trajectory reached the configured outer_limit radius
62,493,0.80444592257782532,0.032333333333333325,fraction,250,0,outer_limit,nan,0,2.0090969900304367,0.0043900229999999998,2.2360679774997898,5.0000000000000009,-0.80748470819850393,58.865396727193357,34.189532477895781,trajectory reached the configured outer_limit radius
62,494,0.80451771178612341,0.032333333333333325,fraction,250,0,outer_limit,nan,0,2.0057992964073406,0.00316395,2.2360679774997898,5.0000000000000009,-0.8074422163862417,58.867136501472345,34.185251573822121,trajectory reached the configured outer_limit radius
62,495,0.8045895009944215,0.032333333333333325,fraction,250,0,outer_limit,nan,0,2.0025203576856141,0.0043086239999999996,2.2360679774997898,5.0000000000000009,-0.80739931003886967,58.868901860681142,34.180953211630012,trajectory reached the configured outer_limit radius
62,496,0.80466129020271959,0.032333333333333325,fraction,250,0,outer_limit,nan,0,1.9992599623596843,0.0044221060000000003,2.2360679774997898,5.0000000000000009,-0.80735599240206857,58.870692607520397,34.176637559263327,trajectory reached the configured outer_limit radius
62,497,0.80473307941101768,0.032333333333333325,fraction,250,0,outer_limit,nan,0,1.9960179025842804,0.004689754,2.2360679774997911,5.0000000000000062,-0.80731226668132061,58.872508547032183,34.172304782440079,trajectory reached the configured outer_limit radius
62,498,0.80480486861931566,0.032333333333333325,fraction,250,0,outer_limit,nan,0,1.9927939740877871,0.0047001730000000002,2.2360679774997898,5.0000000000000009,-0.80726813604269543,58.874349486552219,34.167955044692754,trajectory reached the configured outer_limit radius
62,499,0.80487665782761375,0.032333333333333325,fraction,250,0,outer_limit,nan,0,1.9895879760884909,0.0038552360000000002,2.2360679774997898,5.0000000000000009,-0.80722360361361201,58.876215235669278,34.163588507412953,trajectory reached the configured outer_limit radius
62,500,0.80494844703591184,0.032333333333333325,fraction,250,0,outer_limit,nan,0,1.9863997112133105,0.0044264509999999996,2.2360679774997898,5.0000000000000009,-0.80717867248358743,58.87810560617946,34.159205329892131,trajectory reached the configured outer_limit radius
62,501,0.80502023624420993,0.032333333333333325,fraction,250,0,outer_limit,nan,0,1.9832289854188005,0.0045511270000000003,2.2360679774997898,5.0000000000000009,-0.8071333457049561,58.880020412046647,34.154805669361899,trajectory reached the configured outer_limit radius
62,502,0.80509202545250802,0.032333333333333325,fraction,250,0,outer_limit,nan,0,1.9800756079147346,0.0048715599999999996,2.2360679774997898,5.0000000000000009,-0.80708762629357689,58.881959469360858,34.150389681032891,trajectory reached the configured outer_limit radius
62,503,0.805163814660806,0.032333333333333325,fraction,250,0,outer_limit,nan,0,1.9769393910895354,0.0044151939999999999,2.2360679774997898,5.0000000000000009,-0.80704151722951378,58.883922596299783,34.145957518133571,trajectory reached the configured outer_limit radius
62,504,0.80523560386910409,0.032333333333333325,fraction,250,0,outer_limit,nan,0,1.9738201504383655,0.0047743159999999998,2.2360679774997898,5.0000000000000009,-0.80699502145770841,58.885909613089858,34.141509331947432,trajectory reached the configured outer_limit radius
62,505,0.80530739307740218,0.032333333333333325,fraction,250,0,outer_limit,nan,0,1.9707177044928812,0.0050197829999999999,2.2360679774997898,5.0000000000000009,-0.8069481418886234,58.88792034196949,34.137045271848201,trajectory reached the configured outer_limit radius
62,506,0.80537918228570027,0.032333333333333325,fraction,250,0,outer_limit,nan,0,1.9676318747532429,0.004186164,2.2360679774997898,5.0000000000000009,-0.80690088139887683,58.889954607152767,34.132565485336244,trajectory reached the configured outer_limit radius
62,507,0.80545097149399836,0.032333333333333325,fraction,250,0,outer_limit,nan,0,1.9645624856219386,0.004399198,2.2360679774997898,5.0000000000000009,-0.80685324283185678,58.892012234793974,34.128070118073353,trajectory reached the configured outer_limit radius
62,508,0.80552276070229645,0.032333333333333325,fraction,250,0,outer_limit,nan,0,1.9615093643396999,0.0045821020000000002,2.2360679774997898,5.0000000000000009,-0.8068052289983223,58.894093052952954,34.123559313914015,trajectory reached the configured outer_limit radius
62,509,0.80559454991059443,0.032333333333333325,fraction,250,0,outer_limit,nan,0,1.9584723409228615,0.0046058169999999999,2.2360679774997907,5.0000000000000044,-0.80675684267698788,58.896196891562191,34.119033214940849,trajectory reached the configured outer_limit radius
63,492,0.80437413336952723,0.048499999999999988,fraction,250,0,outer_limit,nan,0,2.0070634857145579,0.0043544220000000002,2.2360679774997898,5.0000000000000009,-0.80747171192048417,58.866899615741104,34.190855022286662,trajectory reached the configured outer_limit radius
63,493,0.80444592257782532,0.048499999999999988,fraction,250,0,outer_limit,nan,0,2.0037462853542403,0.0044087689999999999,2.2360679774997898,5.0000000000000009,-0.8074292825033611,58.868635621766174,34.186576963283585,trajectory reached the configured outer_limit radius
63,494,0.80451771178612341,0.048499999999999988,fraction,250,0,outer_limit,nan,0,2.0004480875274102,0.0049165859999999997,2.2360679774997898,5.0000000000000009,-0.80738643626080653,58.870397358666729,34.182281355887802,trajectory reached the configured outer_limit radius
63,495,0.8045895009944215,0.048499999999999988,fraction,250,0,outer_limit,nan,0,1.9971686762379157,0.0043726800000000003,2.2360679774997898,5.0000000000000009,-0.80734317647803566,58.872184626729187,34.177968369931605,trajectory reached the configured outer_limit radius
63,496,0.80466129020271959,0.048499999999999988,fraction,250,0,outer_limit,nan,0,1.9939078392596579,0.0042678519999999999,2.2360679774997898,5.0000000000000009,-0.80729950639923853,58.873997228630287,34.173638172978592,trajectory reached the configured outer_limit radius
63,497,0.80473307941101768,0.048499999999999988,fraction,250,0,outer_limit,nan,0,1.9906653680466826,0.0041013919999999997,2.2360679774997898,5.0000000000000009,-0.80725542922838633,58.875834969389906,34.169290930368248,trajectory reached the configured outer_limit radius
63,498,0.80480486861931566,0.048499999999999988,fraction,250,0,outer_limit,nan,0,1.9874410576460708,0.0043593529999999998,2.2360679774997898,5.0000000000000009,-0.8072109481300187,58.877697656326738,34.164926805259576,trajectory reached the configured outer_limit radius
63,499,0.80487665782761375,0.048499999999999988,fraction,250,0,outer_limit,nan,0,1.984234706613506,0.0045320899999999999,2.2360679774997898,5.0000000000000009,-0.80716606623001397,58.879585099012864,34.160545958673019,trajectory reached the configured outer_limit radius
63,500,0.80494844703591184,0.048499999999999988,fraction,250,0,outer_limit,nan,0,1.9810461169313316,0.0044230839999999999,2.2360679774997898,5.0000000000000009,-0.8071207866163258,58.881497109232541,34.156148549533022,trajectory reached the configured outer_limit radius
63,501,0.80502023624420993,0.048499999999999988,fraction,250,0,outer_limit,nan,0,1.9778750939290761,0.004586873,2.2360679774997898,5.0000000000000009,-0.80707511233971541,58.883433500939006,34.151734734706004,trajectory reached the configured outer_limit radius
63,502,0.80509202545250802,0.048499999999999988,fraction,250,0,outer_limit,nan,0,1.9747214462062572,0.0053359569999999997,2.2360679774997898,5.0000000000000009,-0.80702904641444961,58.885394090215627,34.147304669043443,trajectory reached the configured outer_limit radius
63,503,0.805163814660806,0.048499999999999988,fraction,250,0,outer_limit,nan,0,1.9715849855575194,0.0043384030000000002,2.2360679774997898,5.0000000000000009,-0.80698259181899124,58.887378695234808,34.14285850541512,trajectory reached the configured outer_limit radius
63,504,0.80523560386910409,0.048499999999999988,fraction,250,0,outer_limit,nan,0,1.968465526900036,0.0043171119999999997,2.2360679774997898,5.0000000000000009,-0.80693575149666141,58.889387136221288,34.138396394750579,trajectory reached the configured outer_limit radius
63,505,0.80530739307740218,0.048499999999999988,fraction,250,0,outer_limit,nan,0,1.9653628882027889,0.0047842090000000002,2.2360679774997902,5.0000000000000027,-0.80688852835629221,58.891419235413991,34.133918486072901,trajectory reached the configured outer_limit radius
63,506,0.80537918228570027,0.048499999999999988,fraction,250,0,outer_limit,nan,0,1.962276890418136,0.0049001230000000002,2.2360679774997898,5.0000000000000009,-0.80684092527286111,58.893474817029116,34.129424926534114,trajectory reached the configured outer_limit radius
63,507,0.80545097149399836,0.048499999999999988,fraction,250,0,outer_limit,nan,0,1.959207357415117,0.0048121209999999999,2.2360679774997898,5.0000000000000009,-0.80679294508809929,58.895553707226263,34.124915861450354,trajectory reached the configured outer_limit radius
63,508,0.80552276070229645,0.048499999999999988,fraction,250,0,outer_limit,nan,0,1.956154115914873,0.0047421219999999997,2.2360679774997898,5.0000000000000009,-0.80674459061110193,58.8976557340727,34.120391434335325,trajectory reached the configured outer_limit radius
63,509,0.80559454991059443,0.048499999999999988,fraction,250,0,outer_limit,nan,0,1.9531169954277441,0.004805129,2.2360679774997898,5.0000000000000009,-0.80669586461890508,58.89978072751012,34.115851786931685,trajectory reached the configured outer_limit radius
64,492,0.80437413336952723,0.06466666666666665,fraction,250,0,outer_limit,nan,0,2.0018071404138102,0.0043122710000000003,2.2360679774997898,5.0000000000000009,-0.8074178832209441,58.87006748501878,34.188045137800415,trajectory reached the configured outer_limit radius
64,493,0.80444592257782532,0.06466666666666665,fraction,250,0,outer_limit,nan,0,1.9984894328697247,0.0047737819999999999,2.2360679774997898,5.0000000000000009,-0.80737511937663642,58.871824381412139,34.183753670120311,trajectory reached the configured outer_limit radius
64,494,0.80451771178612341,0.06466666666666665,fraction,250,0,outer_limit,nan,0,1.9951907593746396,0.0051916979999999998,2.2360679774997898,5.0000000000000009,-0.80733193975605944,58.873606951432663,34.179444734833538,trajectory reached the configured outer_limit radius
64,495,0.8045895009944215,0.06466666666666665,fraction,250,0,outer_limit,nan,0,1.991910903210254,0.0043858639999999997,2.2360679774997898,5.0000000000000009,-0.80728834764224533,58.875414995387715,34.175118501361681,trajectory reached the configured outer_limit radius
64,496,0.80466129020271959,0.06466666666666665,fraction,250,0,outer_limit,nan,0,1.988649651448398,0.0049893029999999996,2.2360679774997898,5.0000000000000009,-0.80724434627718678,58.877248315978605,34.170775136863725,trajectory reached the configured outer_limit radius
64,497,0.80473307941101768,0.06466666666666665,fraction,250,0,outer_limit,nan,0,1.9854067948604996,0.0040499400000000001,2.2360679774997898,5.0000000000000009,-0.80719993886265373,58.879106718251315,34.166414806275824,trajectory reached the configured outer_limit radius
64,498,0.80480486861931566,0.06466666666666665,fraction,250,0,outer_limit,nan,0,1.9821821278299145,0.0040769730000000002,2.2360679774997898,5.0000000000000009,-0.80715512856097738,58.88099000955274,34.162037672358792,trajectory reached the configured outer_limit radius
64,499,0.80487665782761375,0.06466666666666665,fraction,250,0,outer_limit,nan,0,1.9789754482668434,0.0042545919999999997,2.2360679774997898,5.0000000000000009,-0.80710991849582103,58.88289799948614,34.157643895739369,trajectory reached the configured outer_limit radius
64,500,0.80494844703591184,0.06466666666666665,fraction,250,0,outer_limit,nan,0,1.9757865575256917,0.0042293019999999999,2.2360679774997898,5.0000000000000009,-0.80706431175291582,58.884830499868734,34.153233634950972,trajectory reached the configured outer_limit radius
64,501,0.80502023624420993,0.06466666666666665,fraction,250,0,outer_limit,nan,0,1.972615260325099,0.0045431849999999999,2.2360679774997898,5.0000000000000009,-0.80701831138079827,58.88678732468874,34.148807046474282,trajectory reached the configured outer_limit radius
64,502,0.80509202545250802,0.06466666666666665,fraction,250,0,outer_limit,nan,0,1.9694613646701886,0.0046271280000000003,2.2360679774997898,5.0000000000000009,-0.80697192039150134,58.888768290066601,34.144364284776259,trajectory reached the configured outer_limit radius
64,503,0.805163814660806,0.06466666666666665,fraction,250,0,outer_limit,nan,0,1.9663246817771844,0.0046345539999999999,2.2360679774997907,5.0000000000000044,-0.80692514176125207,58.890773214214242,34.139905502349009,trajectory reached the configured outer_limit radius
64,504,0.80523560386910409,0.06466666666666665,fraction,250,0,outer_limit,nan,0,1.9632050260002245,0.0041324860000000003,2.2360679774997898,5.0000000000000009,-0.80687797843113163,58.892801917396852,34.135430849744928,trajectory reached the configured outer_limit radius
64,505,0.80530739307740218,0.06466666666666665,fraction,250,0,outer_limit,nan,0,1.9601022147602136,0.0035680439999999998,2.2360679774997898,5.0000000000000009,-0.80683043330772841,58.894854221896253,34.130940475614878,trajectory reached the configured outer_limit radius
64,506,0.80537918228570027,0.06466666666666665,fraction,250,0,outer_limit,nan,0,1.9570160684758784,0.00390727,2.2360679774997898,5.0000000000000009,-0.8067825092637686,58.896929951973704,34.126434526742329,trajectory reached the configured outer_limit radius
64,507,0.80545097149399836,0.06466666666666665,fraction,250,0,outer_limit,nan,0,1.9539464104966837,0.0039030290000000001,2.2360679774997898,5.0000000000000009,-0.80673420913873539,58.899028933834828,34.121913148077681,trajectory reached the configured outer_limit radius
64,508,0.80552276070229645,0.06466666666666665,fraction,250,0,outer_limit,nan,0,1.9508930670377227,0.0041800530000000004,2.2360679774997898,5.0000000000000009,-0.80668553573946722,58.901150995595302,34.1173764827724,trajectory reached the configured outer_limit radius
64,509,0.80559454991059443,0.06466666666666665,fraction,250,0,outer_limit,nan,0,1.9478558671163937,0.0040257460000000002,2.2360679774997898,5.0000000000000009,-0.80663649184074193,58.903295967246983,34.112824672210614,trajectory reached the configured outer_limit radius
65,492,0.80437413336952723,0.080833333333333313,fraction,250,0,outer_limit,nan,0,1.9966426589671036,0.0047413990000000003,2.2360679774997898,5.0000000000000009,-0.80736531196481576,58.873185379505891,34.185366774385798,trajectory reached the configured outer_limit radius
65,493,0.80444592257782532,0.080833333333333313,fraction,250,0,outer_limit,nan,0,1.9933244719095395,0.0040934819999999998,2.2360679774997898,5.0000000000000009,-0.80732223474708897,58.874962036790869,34.181063273134562,trajectory reached the configured outer_limit radius
65,494,0.80451771178612341,0.080833333333333313,fraction,250,0,outer_limit,nan,0,1.9900253495842304,0.0039197540000000001,2.2360679774997898,5.0000000000000009,-0.80727874285443613,58.876764306987447,34.176742385873396,trajectory reached the configured outer_limit radius
65,495,0.8045895009944215,0.080833333333333313,fraction,250,0,outer_limit,nan,0,1.9867450745690782,0.0042048830000000004,2.2360679774997898,5.0000000000000009,-0.80723483956699216,58.878591990474007,34.172404281590055,trajectory reached the configured outer_limit radius
65,496,0.80466129020271959,0.080833333333333313,fraction,250,0,outer_limit,nan,0,1.9834834332517837,0.0040658910000000003,2.2360679774997898,5.0000000000000009,-0.80719052812385983,58.880444890023192,34.168049127011649,trajectory reached the configured outer_limit radius
65,497,0.80473307941101768,0.080833333333333313,fraction,250,0,outer_limit,nan,0,1.9802402157386803,0.0053618299999999997,2.2360679774997902,5.0000000000000027,-0.80714581172391808,58.882322810755191,34.16367708664955,trajectory reached the configured outer_limit radius
65,498,0.80480486861931566,0.080833333333333313,fraction,250,0,outer_limit,nan,0,1.9770152157663901,0.0039375269999999997,2.2360679774997898,5.0000000000000009,-0.80710069352661562,58.884225560091821,34.159288322842336,trajectory reached the configured outer_limit radius
65,499,0.80487665782761375,0.080833333333333313,fraction,250,0,outer_limit,nan,0,1.9738082306161646,0.0043152930000000004,2.2360679774997898,5.0000000000000009,-0.80705517665273174,58.886152947713441,34.154882995799504,trajectory reached the configured outer_limit radius
65,500,0.80494844703591184,0.080833333333333313,fraction,250,0,outer_limit,nan,0,1.9706190610305481,0.0043864309999999997,2.2360679774997898,5.0000000000000009,-0.80700926418512475,58.888104785515004,34.1504612636407,trajectory reached the configured outer_limit radius
65,501,0.80502023624420993,0.080833333333333313,fraction,250,0,outer_limit,nan,0,1.9674475111330294,0.0041869940000000003,2.2360679774997898,5.0000000000000009,-0.80696295916945249,58.890080887565261,34.146023282438016,trajectory reached the configured outer_limit radius
65,502,0.80509202545250802,0.080833333333333313,fraction,250,0,outer_limit,nan,0,1.9642933883495657,0.0045221369999999999,2.2360679774997898,5.0000000000000009,-0.80691626461488308,58.89208107006538,34.141569206253024,trajectory reached the configured outer_limit radius
65,503,0.805163814660806,0.080833333333333313,fraction,250,0,outer_limit,nan,0,1.9611565033328668,0.0044279489999999996,2.2360679774997898,5.0000000000000009,-0.80686918349477899,58.894105151309816,34.137099187176503,trajectory reached the configured outer_limit radius
65,504,0.80523560386910409,0.080833333333333313,fraction,250,0,outer_limit,nan,0,1.9580366698884846,0.0045769210000000003,2.2360679774997898,5.0000000000000009,-0.80682171874735931,58.896152951647998,34.132613375364109,trajectory reached the configured outer_limit radius
65,505,0.80530739307740218,0.080833333333333313,fraction,250,0,outer_limit,nan,0,1.9549337049033639,0.0046520049999999999,2.2360679774997898,5.0000000000000009,-0.80677387327636019,58.898224293446575,34.128111919073156,trajectory reached the configured outer_limit radius
65,506,0.80537918228570027,0.080833333333333313,fraction,250,0,outer_limit,nan,0,1.951847428276404,0.0039577509999999998,2.2360679774997898,5.0000000000000009,-0.80672564995165896,58.900319001053383,34.123594964697546,trajectory reached the configured outer_limit radius
65,507,0.80545097149399836,0.080833333333333313,fraction,250,0,outer_limit,nan,0,1.9487776628508267,0.0041525360000000001,2.2360679774997898,5.0000000000000009,-0.80667705160989389,58.902436900761735,34.119062656802285,trajectory reached the configured outer_limit radius
65,508,0.80552276070229645,0.080833333333333313,fraction,250,0,outer_limit,nan,0,1.94572423434874,0.0050423050000000004,2.2360679774997898,5.0000000000000009,-0.80662808105506412,58.904577820775827,34.11451513815593,trajectory reached the configured outer_limit radius
65,509,0.80559454991059443,0.080833333333333313,fraction,250,0,outer_limit,nan,0,1.9426869713074062,0.0044703219999999997,2.2360679774997898,5.0000000000000009,-0.80657874105911831,58.906741591177024,34.109952549764273,trajectory reached the configured outer_limit radius
66,492,0.80437413336952723,0.096999999999999975,fraction,250,0,outer_limit,nan,0,1.991568188305598,0.0045289759999999997,2.2360679774997898,5.0000000000000009,-0.80731401380901646,58.876252366957843,34.182820653107896,trajectory reached the configured outer_limit radius
66,493,0.80444592257782532,0.096999999999999975,fraction,250,0,outer_limit,nan,0,1.9882495477553581,0.0042812919999999999,2.2360679774997907,5.0000000000000044,-0.8072706443364418,58.878047651668425,34.178506494810932,trajectory reached the configured outer_limit radius
66,494,0.80451771178612341,0.096999999999999975,fraction,250,0,outer_limit,nan,0,1.9849500018161326,0.0043852500000000003,2.2360679774997898,5.0000000000000009,-0.80722686134192023,58.879868485145082,34.174175032884612,trajectory reached the configured outer_limit radius
66,495,0.8045895009944215,0.096999999999999975,fraction,250,0,outer_limit,nan,0,1.9816693323798913,0.0041645759999999997,2.2360679774997898,5.0000000000000009,-0.8071826681019898,58.88171466788522,34.169826435857331,trajectory reached the configured outer_limit radius
66,496,0.80466129020271959,0.096999999999999975,fraction,250,0,outer_limit,nan,0,1.9784073251676493,0.0054165810000000002,2.2360679774997898,5.0000000000000009,-0.80713806785216569,58.883586002781414,34.165460870001581,trajectory reached the configured outer_limit radius
66,497,0.80473307941101768,0.096999999999999975,fraction,250,0,outer_limit,nan,0,1.9751637696375601,0.0043269950000000001,2.2360679774997898,5.0000000000000009,-0.8070930637877598,58.885482295074162,34.161078499378391,trajectory reached the configured outer_limit radius
66,498,0.80480486861931566,0.096999999999999975,fraction,250,0,outer_limit,nan,0,1.9719384588959266,0.0045273229999999998,2.2360679774997898,5.0000000000000009,-0.80704765906466081,58.887403352307629,34.156679485882194,trajectory reached the configured outer_limit radius
66,499,0.80487665782761375,0.096999999999999975,fraction,250,0,outer_limit,nan,0,1.9687311896110415,0.0052368980000000002,2.2360679774997898,5.0000000000000009,-0.80700185680010572,58.889348984284169,34.152263989280925,trajectory reached the configured outer_limit radius
66,500,0.80494844703591184,0.096999999999999975,fraction,250,0,outer_limit,nan,0,1.965541761929285,0.0041661040000000003,2.2360679774997898,5.0000000000000009,-0.80695566007342234,58.891319003022453,34.147832167259381,trajectory reached the configured outer_limit radius
66,501,0.80502023624420993,0.096999999999999975,fraction,250,0,outer_limit,nan,0,1.9623699793941185,0.004254865,2.2360679774997898,5.0000000000000009,-0.80690907192675332,58.893313222715605,34.143384175457918,trajectory reached the configured outer_limit radius
66,502,0.80509202545250802,0.096999999999999975,fraction,250,0,outer_limit,nan,0,1.9592156488671675,0.005040297,2.2360679774997898,5.0000000000000009,-0.80686209536576747,58.89533145968926,34.138920167511415,trajectory reached the configured outer_limit radius
66,503,0.805163814660806,0.096999999999999975,fraction,250,0,outer_limit,nan,0,1.9560785804519385,0.0044666899999999997,2.2360679774997907,5.0000000000000044,-0.8068147333603346,58.897373532364426,34.134440295088119,trajectory reached the configured outer_limit radius
66,504,0.80523560386910409,0.096999999999999975,fraction,250,0,outer_limit,nan,0,1.9529585874195037,0.0042710250000000003,2.2360679774997898,5.0000000000000009,-0.80676698884520437,58.899439261216294,34.129944707924814,trajectory reached the configured outer_limit radius
66,505,0.80530739307740218,0.096999999999999975,fraction,250,0,outer_limit,nan,0,1.9498554861365056,0.004257098,2.2360679774997898,5.0000000000000009,-0.80671886472065002,58.901528468739187,34.125433553865598,trajectory reached the configured outer_limit radius
66,506,0.80537918228570027,0.096999999999999975,fraction,250,0,outer_limit,nan,0,1.9467690959952741,0.0040146369999999997,2.2360679774997898,5.0000000000000009,-0.80667036385310276,58.903640979408657,34.120906978893913,trajectory reached the configured outer_limit radius
66,507,0.80545097149399836,0.096999999999999975,fraction,250,0,outer_limit,nan,0,1.943699239345827,0.0040278390000000001,2.2360679774997911,5.0000000000000062,-0.80662148907576903,58.905776619646609,34.116365127168976,trajectory reached the configured outer_limit radius
66,508,0.80552276070229645,0.096999999999999975,fraction,250,0,outer_limit,nan,0,1.9406457414299154,0.003691756,2.2360679774997898,5.0000000000000009,-0.80657224318922738,58.907935217785834,34.111808141057111,trajectory reached the configured outer_limit radius
66,509,0.80559454991059443,0.096999999999999975,fraction,250,0,outer_limit,nan,0,1.9376084303169105,0.0046052610000000003,2.2360679774997898,5.0000000000000009,-0.80652262896202254,58.910116604038244,34.107236161167222,trajectory reached the configured outer_limit radius
67,492,0.80437413336952723,0.11316666666666664,fraction,250,0,outer_limit,nan,0,1.9865819771863644,0.0049074349999999999,2.2360679774997898,5.0000000000000009,-0.80726400423456957,58.879267546479142,34.180407544623023,trajectory reached the configured outer_limit radius
67,493,0.80444592257782532,0.11316666666666664,fraction,250,0,outer_limit,nan,0,1.9832629075864088,0.0040969489999999999,2.2360679774997898,5.0000000000000009,-0.8072203637013925,58.881080320632712,34.176084108147393,trajectory reached the configured outer_limit radius
67,494,0.80451771178612341,0.11316666666666664,fraction,250,0,outer_limit,nan,0,1.9799629616981129,0.0045242149999999998,2.2360679774997898,5.0000000000000009,-0.80717631085042385,58.882918576008855,34.171743451181939,trajectory reached the configured outer_limit radius
67,495,0.8045895009944215,0.11316666666666664,fraction,250,0,outer_limit,nan,0,1.9766819207449118,0.0082261490000000003,2.2360679774997898,5.0000000000000009,-0.80713184895390044,58.884782113271612,34.167385741770296,trajectory reached the configured outer_limit radius
67,496,0.80466129020271959,0.11316666666666664,fraction,250,0,outer_limit,nan,0,1.9734195697979493,0.0039866329999999998,2.2360679774997898,5.0000000000000009,-0.80708698124306932,58.886670735480564,34.163011145706363,trajectory reached the configured outer_limit radius
67,497,0.80473307941101768,0.11316666666666664,fraction,250,0,outer_limit,nan,0,1.9701756976835632,0.0044857589999999998,2.2360679774997898,5.0000000000000009,-0.80704171090898913,58.888584248044282,34.158619826578274,trajectory reached the configured outer_limit radius
67,498,0.80480486861931566,0.11316666666666664,fraction,250,0,outer_limit,nan,0,1.9669500968938016,0.0042082359999999997,2.2360679774997898,5.0000000000000009,-0.80699604110332268,58.890522458674582,34.154211945811724,trajectory reached the configured outer_limit radius
67,499,0.80487665782761375,0.11316666666666664,fraction,250,0,outer_limit,nan,0,1.9637425634994221,0.0040690919999999998,2.2360679774997898,5.0000000000000009,-0.80694997493910714,58.892485177341833,34.149787662712036,trajectory reached the configured outer_limit radius
67,500,0.80494844703591184,0.11316666666666664,fraction,250,0,outer_limit,nan,0,1.9605528970658208,0.0042961350000000004,2.2360679774997898,5.0000000000000009,-0.80690351549149009,58.894472216233524,34.145347134505919,trajectory reached the configured outer_limit radius
67,501,0.80502023624420993,0.11316666666666664,fraction,250,0,outer_limit,nan,0,1.9573809005710785,0.00472646,2.2360679774997898,5.0000000000000009,-0.80685666579846249,58.896483389710312,34.14089051637945,trajectory reached the configured outer_limit radius
67,502,0.80509202545250802,0.11316666666666664,fraction,250,0,outer_limit,nan,0,1.954226380326844,0.0041058379999999997,2.2360679774997898,5.0000000000000009,-0.80680942886155738,58.898518514267678,34.136417961520337,trajectory reached the configured outer_limit radius
67,503,0.805163814660806,0.11316666666666664,fraction,250,0,outer_limit,nan,0,1.9510891459014199,0.0040615989999999999,2.2360679774997898,5.0000000000000009,-0.80676180764653904,58.90057740849447,34.131929621151819,trajectory reached the configured outer_limit radius
67,504,0.80523560386910409,0.11316666666666664,fraction,250,0,outer_limit,nan,0,1.9479690100449236,0.0043057770000000002,2.2360679774997898,5.0000000000000009,-0.8067138050840712,58.90265989303542,34.127425644572767,trajectory reached the configured outer_limit radius
67,505,0.80530739307740218,0.11316666666666664,fraction,250,0,outer_limit,nan,0,1.9448657886169651,0.0039727110000000003,2.2360679774997898,5.0000000000000009,-0.80666542407036257,58.904765790553704,34.122906179191929,trajectory reached the configured outer_limit radius
67,506,0.80537918228570027,0.11316666666666664,fraction,250,0,outer_limit,nan,0,1.9417793005162316,0.0040500270000000003,2.2360679774997898,5.0000000000000009,-0.80661666746780525,58.906894925693912,34.118371370562812,trajectory reached the configured outer_limit radius
67,507,0.80545097149399836,0.11316666666666664,fraction,250,0,outer_limit,nan,0,1.9387093676120386,0.0043168119999999997,2.2360679774997898,5.0000000000000009,-0.80656753810558512,58.909047125047159,34.113821362418676,trajectory reached the configured outer_limit radius
67,508,0.80552276070229645,0.11316666666666664,fraction,250,0,outer_limit,nan,0,1.9356558146780456,0.0040127069999999999,2.2360679774997898,5.0000000000000009,-0.80651803878028749,58.911222217116084,34.109256296705389,trajectory reached the configured outer_limit radius
67,509,0.80559454991059443,0.11316666666666664,fraction,250,0,outer_limit,nan,0,1.9326184693277113,0.0045030239999999996,2.2360679774997898,5.0000000000000009,-0.80646817225647949,58.913420032281024,34.104676313613204,trajectory reached the configured outer_limit radius
68,492,0.80437413336952723,0.1293333333333333,fraction,250,0,outer_limit,nan,0,1.9816823725569832,0.0046456900000000001,2.2360679774997898,5.0000000000000009,-0.80721529858695318,58.882230046419934,34.178128272076428,trajectory reached the configured outer_limit radius
68,493,0.80444592257782532,0.1293333333333333,fraction,250,0,outer_limit,nan,0,1.9783628968387679,0.0043955340000000004,2.2360679774997898,5.0000000000000009,-0.80717140827435496,58.884059166969422,34.173796939575027,trajectory reached the configured outer_limit radius
68,494,0.80451771178612341,0.1293333333333333,fraction,250,0,outer_limit,nan,0,1.9750625731799079,0.004561168,2.2360679774997907,5.0000000000000044,-0.80712710689891298,58.885913697824876,34.169448470458107,trajectory reached the configured outer_limit radius
68,495,0.8045895009944215,0.1293333333333333,fraction,250,0,outer_limit,nan,0,1.9717811821520299,0.0046328710000000002,2.2360679774997898,5.0000000000000009,-0.80708239772786805,58.887793439865355,34.16508303226157,trajectory reached the configured outer_limit radius
68,496,0.80466129020271959,0.1293333333333333,fraction,250,0,outer_limit,nan,0,1.9685185081927221,0.0047926039999999998,2.2360679774997898,5.0000000000000009,-0.80703728398750751,58.889698196365288,34.160700790276977,trajectory reached the configured outer_limit radius
68,497,0.80473307941101768,0.1293333333333333,fraction,250,0,outer_limit,nan,0,1.9652743395124559,0.0040899129999999997,2.2360679774997911,5.0000000000000062,-0.80699176886396184,58.891627772948056,34.156301907595854,trajectory reached the configured outer_limit radius
68,498,0.80480486861931566,0.1293333333333333,fraction,250,0,outer_limit,nan,0,1.9620484680043957,0.0042997959999999998,2.2360679774997898,5.0000000000000009,-0.80694585550400655,58.89358197753814,34.151886545152436,trajectory reached the configured outer_limit radius
68,499,0.80487665782761375,0.1293333333333333,fraction,250,0,outer_limit,nan,0,1.9588406891570271,0.0046266129999999999,2.2360679774997898,5.0000000000000009,-0.80689954701581867,58.895560620320722,34.147454861767045,trajectory reached the configured outer_limit radius
68,500,0.80494844703591184,0.1293333333333333,fraction,250,0,outer_limit,nan,0,1.9556508019691654,0.0043455450000000001,2.2360679774997898,5.0000000000000009,-0.80685284646972155,58.897563513695403,34.143007014185088,trajectory reached the configured outer_limit radius
68,501,0.80502023624420993,0.1293333333333333,fraction,250,0,outer_limit,nan,0,1.9524786088679809,0.0042220110000000003,2.2360679774997898,5.0000000000000009,-0.8068057568989172,58.899590472236007,34.138543157118981,trajectory reached the configured outer_limit radius
68,502,0.80509202545250802,0.1293333333333333,fraction,250,0,outer_limit,nan,0,1.949323915628981,0.0046178130000000001,2.2360679774997902,5.0000000000000027,-0.80675828130017602,58.901641312650014,34.134063443285385,trajectory reached the configured outer_limit radius
68,503,0.805163814660806,0.1293333333333333,fraction,250,0,outer_limit,nan,0,1.9461865312987359,0.0040729039999999996,2.2360679774997898,5.0000000000000009,-0.80671042263453996,58.903715853737623,34.129568023443376,trajectory reached the configured outer_limit radius
68,504,0.80523560386910409,0.1293333333333333,fraction,250,0,outer_limit,nan,0,1.943066268119646,0.0040271760000000004,2.2360679774997898,5.0000000000000009,-0.80666218382797472,58.90581391635525,34.125057046431692,trajectory reached the configured outer_limit radius
68,505,0.80530739307740218,0.1293333333333333,fraction,250,0,outer_limit,nan,0,1.9399629414571384,0.0047765810000000002,2.2360679774997898,5.0000000000000009,-0.80661356777202842,58.907935323376442,34.120530659204199,trajectory reached the configured outer_limit radius
68,506,0.80537918228570027,0.1293333333333333,fraction,250,0,outer_limit,nan,0,1.9368763697286535,0.0043066520000000002,2.2360679774997898,5.0000000000000009,-0.80656457732445752,58.910079899656381,34.115989006864311,trajectory reached the configured outer_limit radius
68,507,0.80545097149399836,0.1293333333333333,fraction,250,0,outer_limit,nan,0,1.9338063743351053,0.0043024459999999997,2.2360679774997898,5.0000000000000009,-0.80651521530984827,58.912247471995734,34.111432232699755,trajectory reached the configured outer_limit radius
68,508,0.80552276070229645,0.1293333333333333,fraction,250,0,outer_limit,nan,0,1.9307527795938813,0.0041070270000000001,2.2360679774997898,5.0000000000000009,-0.80646548452021549,58.914437869106223,34.106860478215388,trajectory reached the configured outer_limit radius
68,509,0.80559454991059443,0.1293333333333333,fraction,250,0,outer_limit,nan,0,1.92771541267414,0.0047054710000000001,2.2360679774997898,5.0000000000000009,-0.80641538771558219,58.916650921577521,34.102273883165687,trajectory reached the configured outer_limit radius
69,492,0.80437413336952723,0.14549999999999996,fraction,250,0,outer_limit,nan,0,1.9768678163115188,0.0044684360000000001,2.2360679774997898,5.0000000000000009,-0.80716791211534922,58.885139022427019,34.175983714185101,trajectory reached the configured outer_limit radius
69,493,0.80444592257782532,0.14549999999999996,fraction,250,0,outer_limit,nan,0,1.973547955956644,0.004309574,2.2360679774997898,5.0000000000000009,-0.80712379340315188,58.88698334068485,34.171645872061809,trajectory reached the configured outer_limit radius
69,494,0.80451771178612341,0.14549999999999996,fraction,250,0,outer_limit,nan,0,1.9702472752795293,0.0043968669999999996,2.2360679774997898,5.0000000000000009,-0.80707926493354221,58.888852994980311,34.167290977913581,trajectory reached the configured outer_limit radius
69,495,0.8045895009944215,0.14549999999999996,fraction,250,0,outer_limit,nan,0,1.966965554216298,0.0041892350000000004,2.2360679774997898,5.0000000000000009,-0.80703432996807456,58.890747786455783,34.16291919874466,trajectory reached the configured outer_limit radius
69,496,0.80466129020271959,0.14549999999999996,fraction,250,0,outer_limit,nan,0,1.9637025765868958,0.004250663,2.2360679774997898,5.0000000000000009,-0.80698899172738847,58.892667518647443,34.158530699320117,trajectory reached the configured outer_limit radius
69,497,0.80473307941101768,0.14549999999999996,fraction,250,0,outer_limit,nan,0,1.9604581300013162,0.0048121880000000002,2.2360679774997898,5.0000000000000009,-0.80694325339201778,58.894611997439029,34.154125642211781,trajectory reached the configured outer_limit radius
69,498,0.80480486861931566,0.14549999999999996,fraction,250,0,outer_limit,nan,0,1.9572320057688979,0.0050893939999999997,2.2360679774997902,5.0000000000000027,-0.8068971181031821,58.896581031015984,34.149704187840427,trajectory reached the configured outer_limit radius
69,499,0.80487665782761375,0.14549999999999996,fraction,250,0,outer_limit,nan,0,1.9540239988103212,0.0044709349999999997,2.2360679774997898,5.0000000000000009,-0.80685058896354456,58.898574429821338,34.145266494517912,trajectory reached the configured outer_limit radius
69,500,0.80494844703591184,0.14549999999999996,fraction,250,0,outer_limit,nan,0,1.9508339075722707,0.0045812029999999998,2.2360679774997898,5.0000000000000009,-0.80680366903796463,58.900592006512667,34.140812718487815,trajectory reached the configured outer_limit radius
69,501,0.80502023624420993,0.14549999999999996,fraction,250,0,outer_limit,nan,0,1.9476615339446628,0.003241753,2.2360679774997898,5.0000000000000009,-0.80675636135421314,58.902633575920376,34.136343013965373,trajectory reached the configured outer_limit radius
69,502,0.80509202545250802,0.14549999999999996,fraction,250,0,outer_limit,nan,0,1.9445066831804194,0.0034873040000000001,2.2360679774997902,5.0000000000000027,-0.80670866890368254,58.904698955007198,34.131857533176714,trajectory reached the configured outer_limit radius
69,503,0.805163814660806,0.14549999999999996,fraction,250,0,outer_limit,nan,0,1.9413691638175179,0.0043539219999999997,2.2360679774997898,5.0000000000000009,-0.80666059464206752,58.906787962828147,34.12735642639484,trajectory reached the configured outer_limit radius
69,504,0.80523560386910409,0.14549999999999996,fraction,250,0,outer_limit,nan,0,1.9382487876034216,0.0038159029999999998,2.2360679774997898,5.0000000000000009,-0.80661214149003424,58.908900420492621,34.122839841978056,trajectory reached the configured outer_limit radius
69,505,0.80530739307740218,0.14549999999999996,fraction,250,0,outer_limit,nan,0,1.9351453694217504,0.0044568230000000004,2.2360679774997898,5.0000000000000009,-0.80656331233386835,58.911036151126645,34.118307926404995,trajectory reached the configured outer_limit radius
69,506,0.80537918228570027,0.14549999999999996,fraction,250,0,outer_limit,nan,0,1.9320587272209644,0.0041422029999999997,2.2360679774997898,5.0000000000000009,-0.8065141100261044,58.913194979836575,34.113760824308983,trajectory reached the configured outer_limit radius
69,507,0.80545097149399836,0.14549999999999996,fraction,250,0,outer_limit,nan,0,1.9289886819452937,0.0037303700000000002,2.2360679774997898,5.0000000000000009,-0.80646453738614676,58.915376733673348,34.109198678513415,trajectory reached the configured outer_limit radius
69,508,0.80552276070229645,0.14549999999999996,fraction,250,0,outer_limit,nan,0,1.9259350574674525,0.0042940929999999997,2.2360679774997898,5.0000000000000009,-0.80641459720086051,58.917581241598356,34.104621630062795,trajectory reached the configured outer_limit radius
69,509,0.80559454991059443,0.14549999999999996,fraction,250,0,outer_limit,nan,0,1.9228976805234379,0.0040133620000000004,2.2360679774997898,5.0000000000000009,-0.80636429222516837,58.919808334448525,34.100029818256139,trajectory reached the configured outer_limit radius
70,492,0.80437413336952723,0.16166666666666663,fraction,250,0,outer_limit,nan,0,1.9721368424230632,0.0034066600000000002,2.2360679774997898,5.0000000000000009,-0.80712186001104136,58.887993655635405,34.173974808523077,trajectory reached the configured outer_limit radius
70,493,0.80444592257782532,0.16166666666666663,fraction,250,0,outer_limit,nan,0,1.9688166175201316,0.0045875890000000004,2.2360679774997898,5.0000000000000009,-0.80707753438988428,58.889852016672968,34.169631848429688,trajectory reached the configured outer_limit radius
70,494,0.80451771178612341,0.16166666666666663,fraction,250,0,outer_limit,nan,0,1.9655155992065523,0.0042637359999999997,2.2360679774997898,5.0000000000000009,-0.80703280036700931,58.891735636143601,34.165271921601324,trajectory reached the configured outer_limit radius
70,495,0.8045895009944215,0.16166666666666663,fraction,250,0,outer_limit,nan,0,1.9622335667988886,0.0045340729999999996,2.2360679774997898,5.0000000000000009,-0.80698766119758347,58.893644315500644,34.160895194485676,trajectory reached the configured outer_limit radius
70,496,0.80466129020271959,0.16166666666666663,fraction,250,0,outer_limit,nan,0,1.9589703035147583,0.0045772019999999998,2.2360679774997898,5.0000000000000009,-0.80694212009591937,58.895577858589562,34.156501831298961,trajectory reached the configured outer_limit radius
70,497,0.80473307941101768,0.16166666666666663,fraction,250,0,outer_limit,nan,0,1.9557255963787079,0.004282742,2.2360679774997898,5.0000000000000009,-0.80689618023628151,58.897536071601436,34.152091994070283,trajectory reached the configured outer_limit radius
70,498,0.80480486861931566,0.16166666666666663,fraction,250,0,outer_limit,nan,0,1.9524992361308162,0.0043108169999999998,2.2360679774997898,5.0000000000000009,-0.80684984475366683,58.899518763027572,34.147665842683871,trajectory reached the configured outer_limit radius
70,499,0.80487665782761375,0.16166666666666663,fraction,250,0,outer_limit,nan,0,1.9492910171382032,0.0046327959999999998,2.2360679774997898,5.0000000000000009,-0.80680311674458105,58.9015257436144,34.143223534921098,trajectory reached the configured outer_limit radius
70,500,0.80494844703591184,0.16166666666666663,fraction,250,0,outer_limit,nan,0,1.9461007373091197,0.0045191880000000004,2.2360679774997898,5.0000000000000009,-0.80675599926776753,58.903556826322294,34.138765226502052,trajectory reached the configured outer_limit radius
70,501,0.80502023624420993,0.16166666666666663,fraction,250,0,outer_limit,nan,0,1.9429281980097992,0.0040808240000000003,2.2360679774997898,5.0000000000000009,-0.80670849534494182,58.905611826281451,34.134291071122874,trajectory reached the configured outer_limit radius
70,502,0.80509202545250802,0.16166666666666663,fraction,250,0,outer_limit,nan,0,1.9397732039835749,0.0044797709999999996,2.2360679774997898,5.0000000000000009,-0.80666060796148598,58.907690560753764,34.129801220497939,trajectory reached the configured outer_limit radius
70,503,0.805163814660806,0.16166666666666663,fraction,250,0,outer_limit,nan,0,1.9366355632726402,0.0046376949999999998,2.2360679774997898,5.0000000000000009,-0.80661234006713811,58.909792849091154,34.125295824393469,trajectory reached the configured outer_limit radius
70,504,0.80523560386910409,0.16166666666666663,fraction,250,0,outer_limit,nan,0,1.9335150871419129,0.004731898,2.2360679774997898,5.0000000000000009,-0.80656369457665811,58.911918512698733,34.120775030667467,trajectory reached the configured outer_limit radius
70,505,0.80530739307740218,0.16166666666666663,fraction,250,0,outer_limit,nan,0,1.9304115900053078,0.0041949789999999997,2.2360679774997902,5.0000000000000027,-0.80651467437046864,58.914067374996336,34.116238985303013,trajectory reached the configured outer_limit radius
70,506,0.80537918228570027,0.16166666666666663,fraction,250,0,outer_limit,nan,0,1.9273248893540722,0.0047722620000000002,2.2360679774997898,5.0000000000000009,-0.80646528229529735,58.916239261382238,34.111687832443749,trajectory reached the configured outer_limit radius
70,507,0.80545097149399836,0.16166666666666663,fraction,250,0,outer_limit,nan,0,1.9242548056872297,0.0037690879999999999,2.2360679774997898,5.0000000000000009,-0.80641552116478354,58.918433999198037,34.107121714428125,trajectory reached the configured outer_limit radius
70,508,0.80552276070229645,0.16166666666666663,fraction,250,0,outer_limit,nan,0,1.9212011624439573,0.0035685740000000001,2.2360679774997898,5.0000000000000009,-0.80636539376007699,58.920651417694032,34.102540771822014,trajectory reached the configured outer_limit radius
70,509,0.80559454991059443,0.16166666666666663,fraction,250,0,outer_limit,nan,0,1.9181637859381131,0.0042710339999999999,2.2360679774997898,5.0000000000000009,-0.80631490283042739,58.922891347994991,34.097945143450261,trajectory reached the configured outer_limit radius
71,492,0.80437413336952723,0.17783333333333329,fraction,250,0,outer_limit,nan,0,1.9674880744405641,0.0054446809999999998,2.2360679774997898,5.0000000000000009,-0.80707715744517072,58.890793150994917,34.17210255503862,trajectory reached the configured outer_limit radius
71,493,0.80444592257782532,0.17783333333333329,fraction,250,0,outer_limit,nan,0,1.9641675037376438,0.0047751490000000002,2.2360679774997902,5.0000000000000027,-0.80703264652922746,58.892664393011742,34.167755874903563,trajectory reached the configured outer_limit radius
71,494,0.80451771178612341,0.17783333333333329,fraction,250,0,outer_limit,nan,0,1.9608661658503139,0.0044023040000000001,2.2360679774997898,5.0000000000000009,-0.80698772861736567,58.894560812531125,34.163392314007581,trajectory reached the configured outer_limit radius
71,495,0.8045895009944215,0.17783333333333329,fraction,250,0,outer_limit,nan,0,1.9575838394908547,0.0042796320000000002,2.2360679774997898,5.0000000000000009,-0.80694240695768049,58.896482211365274,34.159012038219139,trajectory reached the configured outer_limit radius
71,496,0.80466129020271959,0.17783333333333329,fraction,250,0,outer_limit,nan,0,1.9543203072896265,0.0040714050000000002,2.2360679774997898,5.0000000000000009,-0.80689668475747212,58.898428393716408,34.15461521118258,trajectory reached the configured outer_limit radius
71,497,0.80473307941101768,0.17783333333333329,fraction,250,0,outer_limit,nan,0,1.9510753557002443,0.004128133,2.2360679774997898,5.0000000000000009,-0.80685056518406117,58.900399166128928,34.150201994359833,trajectory reached the configured outer_limit radius
71,498,0.80480486861931566,0.17783333333333329,fraction,250,0,outer_limit,nan,0,1.9478487749077342,0.0040338409999999998,2.2360679774997898,5.0000000000000009,-0.80680405136556965,58.902394337445699,34.14577254707774,trajectory reached the configured outer_limit radius
71,499,0.80487665782761375,0.17783333333333329,fraction,250,0,outer_limit,nan,0,1.944640358739417,0.0041713399999999999,2.2360679774997898,5.0000000000000009,-0.80675714639168195,58.904413718762498,34.141327026564127,trajectory reached the configured outer_limit radius
71,500,0.80494844703591184,0.17783333333333329,fraction,250,0,outer_limit,nan,0,1.9414499045785807,0.0040539019999999999,2.2360679774997898,5.0000000000000009,-0.80670985331439216,58.906457123385607,34.136865587993015,trajectory reached the configured outer_limit radius
71,501,0.80502023624420993,0.17783333333333329,fraction,250,0,outer_limit,nan,0,1.9382772132807702,0.0049436599999999999,2.2360679774997907,5.0000000000000044,-0.80666217514872296,58.908524366790509,34.132388384522073,trajectory reached the configured outer_limit radius
71,502,0.80509202545250802,0.17783333333333329,fraction,250,0,outer_limit,nan,0,1.9351220890925069,0.0043678060000000001,2.2360679774997898,5.0000000000000009,-0.80661411487342449,58.910615266580251,34.127895567331265,trajectory reached the configured outer_limit radius
71,503,0.805163814660806,0.17783333333333329,fraction,250,0,outer_limit,nan,0,1.931984339572504,0.0046083449999999998,2.2360679774997898,5.0000000000000009,-0.80656567543166524,58.912729642447104,34.123387285660478,trajectory reached the configured outer_limit radius
71,504,0.80523560386910409,0.17783333333333329,fraction,250,0,outer_limit,nan,0,1.9288637755152926,0.0047282549999999998,2.2360679774997898,5.0000000000000009,-0.80651685973168874,58.914867316133261,34.11886368684555,trajectory reached the configured outer_limit radius
71,505,0.80530739307740218,0.17783333333333329,fraction,250,0,outer_limit,nan,0,1.9257602108767946,0.0042312390000000004,2.2360679774997907,5.0000000000000044,-0.80646767064746649,58.917028111393918,34.114324916355173,trajectory reached the configured outer_limit radius
71,506,0.80537918228570027,0.17783333333333329,fraction,250,0,outer_limit,nan,0,1.9226734627024826,0.0042161560000000004,2.2360679774997898,5.0000000000000009,-0.80641811101932215,58.919211853960732,34.109771117823527,trajectory reached the configured outer_limit radius
71,507,0.80545097149399836,0.17783333333333329,fraction,250,0,outer_limit,nan,0,1.9196033510573556,0.004017423,2.2360679774997898,5.0000000000000009,-0.80636818365455476,58.921418371506022,34.105202433084479,trajectory reached the configured outer_limit radius
71,508,0.80552276070229645,0.17783333333333329,fraction,250,0,outer_limit,nan,0,1.916549698957946,0.0043513989999999997,2.2360679774997898,5.0000000000000009,-0.80631789132802667,58.923647493608797,34.100619002206322,trajectory reached the configured outer_limit radius
71,509,0.80559454991059443,0.17783333333333329,fraction,250,0,outer_limit,nan,0,1.9135123323064167,0.0042325339999999996,2.2360679774997898,5.0000000000000009,-0.80626723678275058,58.925899051720606,34.096020963520822,trajectory reached the configured outer_limit radius
72,492,0.80437413336952723,0.19399999999999995,fraction,250,0,outer_limit,nan,0,1.9629202233412009,0.0050419599999999998,2.2360679774997898,5.0000000000000009,-0.80703381960606524,58.893536735726329,34.170368019835145,trajectory reached the configured outer_limit radius
72,493,0.80444592257782532,0.19399999999999995,fraction,250,0,outer_limit,nan,0,1.9595993242943195,0.0045828580000000004,2.2360679774997898,5.0000000000000009,-0.8069891451463258,58.895419689387701,34.166019024927508,trajectory reached the configured outer_limit radius
72,494,0.80451771178612341,0.19399999999999995,fraction,250,0,outer_limit,nan,0,1.9562976836241273,0.0041399319999999998,2.2360679774997898,5.0000000000000009,-0.80694406514651318,58.897327736300191,34.161653235906726,trajectory reached the configured outer_limit radius
72,495,0.8045895009944215,0.19399999999999995,fraction,250,0,outer_limit,nan,0,1.9530150794535575,0.0046239560000000002,2.2360679774997898,5.0000000000000009,-0.80689858284695082,58.899260678683149,34.157270818038896,trajectory reached the configured outer_limit radius
72,496,0.80466129020271959,0.19399999999999995,fraction,250,0,outer_limit,nan,0,1.9497512938403148,0.004976449,2.2360679774997898,5.0000000000000009,-0.80685270144725008,58.901218321141435,34.15287193437085,trajectory reached the configured outer_limit radius
72,497,0.80473307941101768,0.19399999999999995,fraction,250,0,outer_limit,nan,0,1.9465061126812273,0.0041025469999999998,2.2360679774997902,5.0000000000000027,-0.8068064241071139,58.903200470620561,34.148456745777793,trajectory reached the configured outer_limit radius
72,498,0.80480486861931566,0.19399999999999995,fraction,250,0,outer_limit,nan,0,1.9432793256200065,0.0041373249999999999,2.2360679774997898,5.0000000000000009,-0.80675975394712263,58.905206936360031,34.144025411003106,trajectory reached the configured outer_limit radius
72,499,0.80487665782761375,0.19399999999999995,fraction,250,0,outer_limit,nan,0,1.9400707259576428,0.0052096859999999998,2.2360679774997898,5.0000000000000009,-0.80671269404949353,58.907237529850207,34.13957808670132,trajectory reached the configured outer_limit radius
72,500,0.80494844703591184,0.19399999999999995,fraction,250,0,outer_limit,nan,0,1.9368801105654849,0.0046866540000000002,2.2360679774997898,5.0000000000000009,-0.80666524745882739,58.909292064788218,34.135114927478746,trajectory reached the configured outer_limit radius
72,501,0.80502023624420993,0.19399999999999995,fraction,250,0,outer_limit,nan,0,1.9337072798011121,0.0040788220000000002,2.2360679774997898,5.0000000000000009,-0.80661741718281776,58.911370357038095,34.13063608593194,trajectory reached the configured outer_limit radius
72,502,0.80509202545250802,0.19399999999999995,fraction,250,0,outer_limit,nan,0,1.9305520374266192,0.0041449340000000003,2.2360679774997898,5.0000000000000009,-0.8065692061929659,58.91347222458775,34.126141712686547,trajectory reached the configured outer_limit radius
72,503,0.805163814660806,0.19399999999999995,fraction,250,0,outer_limit,nan,0,1.9274141905293196,0.0050351409999999999,2.2360679774997898,5.0000000000000009,-0.80652061742525039,58.915597487512088,34.121631956434555,trajectory reached the configured outer_limit radius
72,504,0.80523560386910409,0.19399999999999995,fraction,250,0,outer_limit,nan,0,1.9242935494449422,0.004194527,2.2360679774997898,5.0000000000000009,-0.80647165378079666,58.917745967932944,34.117106963970983,trajectory reached the configured outer_limit radius
72,505,0.80530739307740218,0.19399999999999995,fraction,250,0,outer_limit,nan,0,1.9211899276829778,0.004182374,2.2360679774997898,5.0000000000000009,-0.80642231812652432,58.919917489981984,34.112566880228187,trajectory reached the configured outer_limit radius
72,506,0.80537918228570027,0.19399999999999995,fraction,250,0,outer_limit,nan,0,1.9181031418542327,0.0045908920000000001,2.2360679774997898,5.0000000000000009,-0.80637261329577148,58.922111879764749,34.108011848311037,trajectory reached the configured outer_limit radius
72,507,0.80545097149399836,0.19399999999999995,fraction,250,0,outer_limit,nan,0,1.9150330116004424,0.0042687330000000002,2.2360679774997898,5.0000000000000009,-0.80632254208891074,58.924328965325401,34.103442009532053,trajectory reached the configured outer_limit radius
72,508,0.80552276070229645,0.19399999999999995,fraction,250,0,outer_limit,nan,0,1.9119793595261281,0.0040907519999999996,2.2360679774997898,5.0000000000000009,-0.80627210727394616,58.926568576611167,34.098857503440463,trajectory reached the configured outer_limit radius
72,509,0.80559454991059443,0.19399999999999995,fraction,250,0,outer_limit,nan,0,1.9089420111321056,0.0043613310000000004,2.2360679774997898,5.0000000000000009,-0.8062213115870942,58.928830545439446,34.094258467857699,trajectory reached the configured outer_limit radius
73,492,0.80437413336952723,0.21016666666666661,fraction,250,0,outer_limit,nan,0,1.9584320857334576,0.0050950300000000004,2.2360679774997898,5.0000000000000009,-0.80699186173634541,58.896223657899654,34.168772339239567,trajectory reached the configured outer_limit radius
73,493,0.80444592257782532,0.21016666666666661,fraction,250,0,outer_limit,nan,0,1.9551108745511763,0.0044654409999999997,2.2360679774997898,5.0000000000000009,-0.80694704563455621,58.898117145640271,34.164422443277743,trajectory reached the configured outer_limit radius
73,494,0.80451771178612341,0.21016666666666661,fraction,250,0,outer_limit,nan,0,1.9518089466606288,0.0037361640000000002,2.2360679774997898,5.0000000000000009,-0.80690182549859546,58.90003563905897,34.160055840515795,trajectory reached the configured outer_limit radius
73,495,0.8045895009944215,0.21016666666666661,fraction,250,0,outer_limit,nan,0,1.9485260796101731,0.0039712219999999999,2.2360679774997898,5.0000000000000009,-0.80685620456032237,58.901978940829608,34.155672695592102,trajectory reached the configured outer_limit radius
73,496,0.80466129020271959,0.21016666666666661,fraction,250,0,outer_limit,nan,0,1.9452620548988315,0.0034263219999999999,2.2360679774997898,5.0000000000000009,-0.80681018601097265,58.90394685600814,34.151273170935653,trajectory reached the configured outer_limit radius
73,497,0.80473307941101768,0.21016666666666661,fraction,250,0,outer_limit,nan,0,1.9420166578805311,0.0041511569999999999,2.2360679774997898,5.0000000000000009,-0.80676377300196089,58.905939191986555,34.146857426808708,trajectory reached the configured outer_limit radius
73,498,0.80480486861931566,0.21016666666666661,fraction,250,0,outer_limit,nan,0,1.9387896776710976,0.0045342120000000001,2.2360679774997898,5.0000000000000009,-0.80671696864566378,58.907955758447642,34.142425621351386,trajectory reached the configured outer_limit radius
73,499,0.80487665782761375,0.21016666666666661,fraction,250,0,outer_limit,nan,0,1.9355809070582382,0.0052510179999999997,2.2360679774997902,5.0000000000000027,-0.80666977601617929,58.909996367320922,34.137977910621736,trajectory reached the configured outer_limit radius
73,500,0.80494844703591184,0.21016666666666661,fraction,250,0,outer_limit,nan,0,1.9323901424140115,0.0038789940000000002,2.2360679774997898,5.0000000000000009,-0.80662219815006531,58.912060832739854,34.133514448636575,trajectory reached the configured outer_limit radius
73,501,0.80502023624420993,0.21016666666666661,fraction,250,0,outer_limit,nan,0,1.9292171836104386,0.0043648230000000003,2.2360679774997898,5.0000000000000009,-0.80657423804706352,58.914148970999506,34.129035387410056,trajectory reached the configured outer_limit radius
73,502,0.80509202545250802,0.21016666666666661,fraction,250,0,outer_limit,nan,0,1.9260618339371893,0.0047411129999999999,2.2360679774997898,5.0000000000000009,-0.80652589867079105,58.916260600517425,34.124540876992626,trajectory reached the configured outer_limit radius
73,503,0.805163814660806,0.21016666666666661,fraction,250,0,outer_limit,nan,0,1.9229239000219578,0.003995719,2.2360679774997898,5.0000000000000009,-0.80647718294942838,58.918395541793018,34.120031065508357,trajectory reached the configured outer_limit radius
73,504,0.80523560386910409,0.21016666666666661,fraction,250,0,outer_limit,nan,0,1.9198031917530822,0.0040427969999999999,2.2360679774997898,5.0000000000000009,-0.8064280937763747,58.920553617369862,34.115506099189545,trajectory reached the configured outer_limit radius
73,505,0.80530739307740218,0.21016666666666661,fraction,250,0,outer_limit,nan,0,1.9166995222046952,0.0045823510000000001,2.2360679774997898,5.0000000000000009,-0.80637863401089893,58.922734651798081,34.110966122413807,trajectory reached the configured outer_limit radius
73,506,0.80537918228570027,0.21016666666666661,fraction,250,0,outer_limit,nan,0,1.9136127075637266,0.004231393,2.2360679774997898,5.0000000000000009,-0.80632880647876404,58.924938471598139,34.106411277737713,trajectory reached the configured outer_limit radius
73,507,0.80545097149399836,0.21016666666666661,fraction,250,0,outer_limit,nan,0,1.9105425670593792,0.0042584390000000001,2.2360679774997898,5.0000000000000009,-0.80627861397283873,58.927164905225467,34.1018417059299,trajectory reached the configured outer_limit radius
73,508,0.80552276070229645,0.21016666666666661,fraction,250,0,outer_limit,nan,0,1.9074889228942187,0.0040987000000000003,2.2360679774997898,5.0000000000000009,-0.80622805925369556,58.929413783036125,34.097257546005132,trajectory reached the configured outer_limit radius
73,509,0.80559454991059443,0.21016666666666661,fraction,250,0,outer_limit,nan,0,1.9044516001778604,0.0044539310000000004,2.2360679774997902,5.0000000000000027,-0.80617714505018512,58.931684937253152,34.09265893525388,trajectory reached the configured outer_limit radius
74,492,0.80437413336952723,0.22633333333333328,fraction,250,0,outer_limit,nan,0,1.9540225424083406,0.0043565180000000002,2.2360679774997898,5.0000000000000009,-0.8069512991700365,58.898853185134058,34.167316724202834,trajectory reached the configured outer_limit radius
74,493,0.80444592257782532,0.22633333333333328,fraction,250,0,outer_limit,nan,0,1.9507010340925295,0.0051101100000000002,2.2360679774997898,5.0000000000000009,-0.80690636349334033,58.900756020422818,34.162967350509277,trajectory reached the configured outer_limit radius
74,494,0.80451771178612341,0.22633333333333328,fraction,250,0,outer_limit,nan,0,1.9473988333558223,0.0044849180000000001,2.2360679774997898,5.0000000000000009,-0.80686102533852533,58.902683770489105,34.158601357987145,trajectory reached the configured outer_limit radius
74,495,0.8045895009944215,0.22633333333333328,fraction,250,0,outer_limit,nan,0,1.9441157171859662,0.0041277960000000004,2.2360679774997898,5.0000000000000009,-0.80681528792829504,58.9046362385088,34.154218910623968,trajectory reached the configured outer_limit radius
74,496,0.80466129020271959,0.22633333333333328,fraction,250,0,outer_limit,nan,0,1.9408514665372483,0.0040701499999999998,2.2360679774997898,5.0000000000000009,-0.80676915444482133,58.906613230036442,34.149820170206546,trajectory reached the configured outer_limit radius
74,497,0.80473307941101768,0.22633333333333328,fraction,250,0,outer_limit,nan,0,1.9376058662341049,0.0047637519999999996,2.2360679774997898,5.0000000000000009,-0.8067226280305585,58.908614552957182,34.145405296362867,trajectory reached the configured outer_limit radius
74,498,0.80480486861931566,0.22633333333333328,fraction,250,0,outer_limit,nan,0,1.9343787048775551,0.0043792400000000004,2.2360679774997907,5.0000000000000044,-0.80667571178901432,58.910640017443185,34.140974446606648,trajectory reached the configured outer_limit radius
74,499,0.80487665782761375,0.22633333333333328,fraction,250,0,outer_limit,nan,0,1.931169774754625,0.0042647809999999996,2.2360679774997898,5.0000000000000009,-0.8066284087855089,58.912689435908355,34.136527776377122,trajectory reached the configured outer_limit radius
74,500,0.80494844703591184,0.22633333333333328,fraction,250,0,outer_limit,nan,0,1.9279788717506383,0.0045958199999999996,2.2360679774997898,5.0000000000000009,-0.80658072204792219,58.914762622966499,34.132065439080066,trajectory reached the configured outer_limit radius
74,501,0.80502023624420993,0.22633333333333328,fraction,250,0,outer_limit,nan,0,1.924805795263997,0.0044915440000000001,2.2360679774997898,5.0000000000000009,-0.80653265456739831,58.916859395389075,34.127587586126154,trajectory reached the configured outer_limit radius
74,502,0.80509202545250802,0.22633333333333328,fraction,250,0,outer_limit,nan,0,1.9216503481236953,0.0048216969999999998,2.2360679774997898,5.0000000000000009,-0.80648420929905174,58.918979572065609,34.123094366969895,trajectory reached the configured outer_limit radius
74,503,0.805163814660806,0.22633333333333328,fraction,250,0,outer_limit,nan,0,1.9185123365091543,0.0040772600000000001,2.2360679774997898,5.0000000000000009,-0.80643538916264346,58.921122973963222,34.118585929145368,trajectory reached the configured outer_limit radius
74,504,0.80523560386910409,0.22633333333333328,fraction,250,0,outer_limit,nan,0,1.9153915698725676,0.0040968020000000001,2.2360679774997898,5.0000000000000009,-0.80638619704324033,58.923289424089404,34.114062418303327,trajectory reached the configured outer_limit radius
74,505,0.80530739307740218,0.22633333333333328,fraction,250,0,outer_limit,nan,0,1.912287860863449,0.0042659270000000001,2.2360679774997898,5.0000000000000009,-0.80633663579186299,58.92547874745415,34.109523978246244,trajectory reached the configured outer_limit radius
74,506,0.80537918228570027,0.22633333333333328,fraction,250,0,outer_limit,nan,0,1.9092010252554792,0.0042044020000000003,2.2360679774997898,5.0000000000000009,-0.80628670822610671,58.927690771034023,34.104970750961982,trajectory reached the configured outer_limit radius
74,507,0.80545097149399836,0.22633333333333328,fraction,250,0,outer_limit,nan,0,1.9061308818754275,0.0030068640000000002,2.2360679774997898,5.0000000000000009,-0.80623641713075478,58.929925323736711,34.100402876658265,trajectory reached the configured outer_limit radius
74,508,0.80552276070229645,0.22633333333333328,fraction,250,0,outer_limit,nan,0,1.9030772525341544,0.0048141190000000004,2.2360679774997902,5.0000000000000027,-0.80618576525837127,58.932182236366742,34.095820493793745,trajectory reached the configured outer_limit radius
74,509,0.80559454991059443,0.22633333333333328,fraction,250,0,outer_limit,nan,0,1.90003996195964,0.0048242889999999998,2.2360679774997898,5.0000000000000009,-0.80613475532988255,58.934461341591202,34.091223739110262,trajectory reached the configured outer_limit radius
75,492,0.80437413336952723,0.24249999999999994,fraction,250,0,outer_limit,nan,0,1.9496905572407444,0.0043921489999999997,2.2360679774997898,5.0000000000000009,-0.8069121473699028,58.901424603412664,34.166002465066981,trajectory reached the configured outer_limit radius
75,493,0.80444592257782532,0.24249999999999994,fraction,250,0,outer_limit,nan,0,1.9463687656240596,0.0051723799999999999,2.2360679774997898,5.0000000000000009,-0.80686711436625003,58.903335589977601,34.161655047774815,trajectory reached the configured outer_limit radius
75,494,0.80451771178612341,0.24249999999999994,fraction,250,0,outer_limit,nan,0,1.9430663052631794,0.0050204339999999998,2.2360679774997898,5.0000000000000009,-0.80682168049087177,58.905271397079126,34.157291100281263,trajectory reached the configured outer_limit radius
75,495,0.8045895009944215,0.24249999999999994,fraction,250,0,outer_limit,nan,0,1.939782952599191,0.0045784379999999998,2.2360679774997898,5.0000000000000009,-0.80677584895660959,58.907231828444417,34.152910785899628,trajectory reached the configured outer_limit radius
75,496,0.80466129020271959,0.24249999999999994,fraction,250,0,outer_limit,nan,0,1.9365184880551456,0.0050138889999999997,2.2360679774997898,5.0000000000000009,-0.80672962293589434,58.909216690172798,34.148514265750777,trajectory reached the configured outer_limit radius
75,497,0.80473307941101768,0.24249999999999994,fraction,250,0,outer_limit,nan,0,1.9332726959389637,0.0048753149999999999,2.2360679774997898,5.0000000000000009,-0.80668300556153294,58.911225790690736,34.144101698806011,trajectory reached the configured outer_limit radius
75,498,0.80480486861931566,0.24249999999999994,fraction,250,0,outer_limit,nan,0,1.9300453643496256,0.0035185160000000002,2.2360679774997898,5.0000000000000009,-0.80663599992750123,58.913258940704758,34.13967324192955,trajectory reached the configured outer_limit radius
75,499,0.80487665782761375,0.24249999999999994,fraction,250,0,outer_limit,nan,0,1.9268362850859488,0.003796027,2.2360679774997898,5.0000000000000009,-0.80658860908969077,58.915315953159286,34.135229049920355,trajectory reached the configured outer_limit radius
75,500,0.80494844703591184,0.24249999999999994,fraction,250,0,outer_limit,nan,0,1.9236452535584754,0.0046251699999999996,2.2360679774997898,5.0000000000000009,-0.80654083606664417,58.91739664319352,34.130769275551145,trajectory reached the configured outer_limit radius
75,501,0.80502023624420993,0.24249999999999994,fraction,250,0,outer_limit,nan,0,1.9204720687038299,0.0041824940000000001,2.2360679774997907,5.0000000000000044,-0.80649268384028128,58.919500828098997,34.126294069607759,trajectory reached the configured outer_limit radius
75,502,0.80509202545250802,0.24249999999999994,fraction,250,0,outer_limit,nan,0,1.9173165329016988,0.004215519,2.2360679774997898,5.0000000000000009,-0.80644415535657776,58.921628327280644,34.12180358092705,trajectory reached the configured outer_limit radius
75,503,0.805163814660806,0.24249999999999994,fraction,250,0,outer_limit,nan,0,1.9141784518944092,0.004787187,2.2360679774997898,5.0000000000000009,-0.80639525352626096,58.92377896221651,34.117297956432992,trajectory reached the configured outer_limit radius
75,504,0.80523560386910409,0.24249999999999994,fraction,250,0,outer_limit,nan,0,1.9110576347087251,0.0040049220000000002,2.2360679774997898,5.0000000000000009,-0.80634598122545353,58.925952556420555,34.112777341174919,trajectory reached the configured outer_limit radius
75,505,0.80530739307740218,0.24249999999999994,fraction,250,0,outer_limit,nan,0,1.9079538935802112,0.0038907289999999999,2.2360679774997898,5.0000000000000009,-0.80629634129632488,58.928148935404295,34.108241878359273,trajectory reached the configured outer_limit radius
75,506,0.80537918228570027,0.24249999999999994,fraction,250,0,outer_limit,nan,0,1.9048670438795285,0.0040974940000000001,2.2360679774997898,5.0000000000000009,-0.80624633654771227,58.930367926641395,34.103691709386382,trajectory reached the configured outer_limit radius
75,507,0.80545097149399836,0.24249999999999994,fraction,250,0,outer_limit,nan,0,1.9017969040411076,0.0045532150000000002,2.2360679774997898,5.0000000000000009,-0.80619596975572694,58.932609359532741,34.099126973882449,trajectory reached the configured outer_limit radius
75,508,0.80552276070229645,0.24249999999999994,fraction,250,0,outer_limit,nan,0,1.8987432954937562,0.0041467420000000001,2.2360679774997898,5.0000000000000009,-0.80614524366435292,58.934873065370581,34.094547809731765,trajectory reached the configured outer_limit radius
75,509,0.80559454991059443,0.24249999999999994,fraction,250,0,outer_limit,nan,0,1.8957060425933649,0.0035344360000000002,2.2360679774997898,5.0000000000000009,-0.80609416098601827,58.937158877306928,34.089954353108801,trajectory reached the configured outer_limit radius
76,492,0.80437413336952723,0.2586666666666666,fraction,250,0,outer_limit,nan,0,1.9454351764458586,0.0051277720000000001,2.2360679774997898,5.0000000000000009,-0.80687442196520698,58.903937216015365,34.164830936743542,trajectory reached the configured outer_limit radius
76,493,0.80444592257782532,0.2586666666666666,fraction,250,0,outer_limit,nan,0,1.9421131142255632,0.004412465,2.2360679774997898,5.0000000000000009,-0.80682931407963632,58.905855147021938,34.16048692206337,trajectory reached the configured outer_limit radius
76,494,0.80451771178612341,0.2586666666666666,fraction,250,0,outer_limit,nan,0,1.9388104063434648,0.0040591589999999997,2.2360679774997898,5.0000000000000009,-0.80678380697933916,58.907797800966556,34.156126466464968,trajectory reached the configured outer_limit radius
76,495,0.8045895009944215,0.2586666666666666,fraction,250,0,outer_limit,nan,0,1.9355268287075411,0.0046408949999999999,2.2360679774997898,5.0000000000000009,-0.80673790386660404,58.909764982175304,34.151749732563729,trajectory reached the configured outer_limit radius
76,496,0.80466129020271959,0.2586666666666666,fraction,250,0,outer_limit,nan,0,1.9322621612226472,0.0049351869999999997,2.2360679774997898,5.0000000000000009,-0.80669160790341654,58.91175649734123,34.147356880790625,trajectory reached the configured outer_limit radius
76,497,0.80473307941101768,0.2586666666666666,fraction,250,0,outer_limit,nan,0,1.9290161876930638,0.0046634620000000002,2.2360679774997898,5.0000000000000009,-0.80664492221226769,58.913772155477695,34.14294806943704,trajectory reached the configured outer_limit radius
76,498,0.80480486861931566,0.2586666666666666,fraction,250,0,outer_limit,nan,0,1.9257886957280748,0.0047507540000000003,2.2360679774997902,5.0000000000000027,-0.80659784987692507,58.915811767873237,34.138523454695999,trajectory reached the configured outer_limit radius
76,499,0.80487665782761375,0.2586666666666666,fraction,250,0,outer_limit,nan,0,1.9225794766504571,0.0046309740000000004,2.2360679774997898,5.0000000000000009,-0.80655039394318662,58.917875148047919,34.134083190703045,trajectory reached the configured outer_limit radius
76,500,0.80494844703591184,0.2586666666666666,fraction,250,0,outer_limit,nan,0,1.9193883254076758,0.0044137730000000002,2.2360679774997898,5.0000000000000009,-0.80650255741961985,58.919962111710703,34.129627429576288,trajectory reached the configured outer_limit radius
76,501,0.80502023624420993,0.2586666666666666,fraction,250,0,outer_limit,nan,0,1.9162150404860105,0.0041250289999999997,2.2360679774997898,5.0000000000000009,-0.80645434327826526,58.922072476718526,34.125156321454888,trajectory reached the configured outer_limit radius
76,502,0.80509202545250802,0.2586666666666666,fraction,250,0,outer_limit,nan,0,1.9130594238270608,0.0040785830000000002,2.2360679774997898,5.0000000000000009,-0.80640575445534135,58.924206063035356,34.120670014537765,trajectory reached the configured outer_limit radius
76,503,0.805163814660806,0.2586666666666666,fraction,250,0,outer_limit,nan,0,1.9099212807468839,0.0040260449999999998,2.2360679774997898,5.0000000000000009,-0.80635679385191128,58.926362692693296,34.116168655118436,trajectory reached the configured outer_limit radius
76,504,0.80523560386910409,0.2586666666666666,fraction,250,0,outer_limit,nan,0,1.9068004198574406,0.004438455,2.2360679774997898,5.0000000000000009,-0.80630746433454215,58.928542189754964,34.111652387622364,trajectory reached the configured outer_limit radius
76,505,0.80530739307740218,0.2586666666666666,fraction,250,0,outer_limit,nan,0,1.9036966529905679,0.0040191960000000001,2.2360679774997898,5.0000000000000009,-0.80625776873595112,58.930744380275534,34.107121354641762,trajectory reached the configured outer_limit radius
76,506,0.80537918228570027,0.2586666666666666,fraction,250,0,outer_limit,nan,0,1.9006097951239558,0.0041051500000000001,2.2360679774997898,5.0000000000000009,-0.80620770985561607,58.932969092267513,34.102575696968273,trajectory reached the configured outer_limit radius
76,507,0.80545097149399836,0.2586666666666666,fraction,250,0,outer_limit,nan,0,1.8975396643094029,0.0051469510000000003,2.2360679774997898,5.0000000000000009,-0.80615729046039575,58.935216155664818,34.098015553628336,trajectory reached the configured outer_limit radius
76,508,0.80552276070229645,0.2586666666666666,fraction,250,0,outer_limit,nan,0,1.8944860816032172,0.0044567130000000002,2.2360679774997911,5.0000000000000062,-0.80610651328510619,58.93748540228971,34.093441061912785,trajectory reached the configured outer_limit radius
76,509,0.80559454991059443,0.2586666666666666,fraction,250,0,outer_limit,nan,0,1.8914488709985728,0.0046243050000000004,2.2360679774997898,5.0000000000000009,-0.80605538103311292,58.939776665816808,34.088852357409444,trajectory reached the configured outer_limit radius
77,492,0.80437413336952723,0.27483333333333326,fraction,250,0,outer_limit,nan,0,1.941255528199652,0.004744397,2.2360679774997898,5.0000000000000009,-0.80683813879015265,58.906390342567178,34.163803604357092,trajectory reached the configured outer_limit radius
77,493,0.80444592257782532,0.27483333333333326,fraction,250,0,outer_limit,nan,0,1.9379332069683814,0.003441337,2.2360679774997898,5.0000000000000009,-0.80679297868200828,58.908313999748039,34.15946445191053,trajectory reached the configured outer_limit radius
77,494,0.80451771178612341,0.27483333333333326,fraction,250,0,outer_limit,nan,0,1.9346302625788225,0.0041338499999999997,2.2360679774997898,5.0000000000000009,-0.80674742106711483,58.910262278886201,34.155108948487893,trajectory reached the configured outer_limit radius
77,495,0.8045895009944215,0.27483333333333326,fraction,250,0,outer_limit,nan,0,1.9313464704189263,0.0050555460000000002,2.2360679774997898,5.0000000000000009,-0.80670146913649032,58.912234984955724,34.150737255981063,trajectory reached the configured outer_limit radius
77,496,0.80466129020271959,0.27483333333333326,fraction,250,0,outer_limit,nan,0,1.9280816098882678,0.0046980989999999999,2.2360679774997898,5.0000000000000009,-0.80665512604099188,58.914231925290792,34.146349534109774,trajectory reached the configured outer_limit radius
77,497,0.80473307941101768,0.27483333333333326,fraction,250,0,outer_limit,nan,0,1.9248354642998966,0.0042781929999999996,2.2360679774997898,5.0000000000000009,-0.8066083948921009,58.91625290953958,34.141945940461497,trajectory reached the configured outer_limit radius
77,498,0.80480486861931566,0.27483333333333326,fraction,250,0,outer_limit,nan,0,1.9216078207856739,0.0055351530000000001,2.2360679774997898,5.0000000000000009,-0.80656127876270778,58.91829774961861,34.137526630534815,trajectory reached the configured outer_limit radius
77,499,0.80487665782761375,0.27483333333333326,fraction,250,0,outer_limit,nan,0,1.9183984702039099,0.0046499319999999999,2.2360679774997898,5.0000000000000009,-0.8065137806878544,58.920366259669777,34.133091757780129,trajectory reached the configured outer_limit radius
77,500,0.80494844703591184,0.27483333333333326,fraction,250,0,outer_limit,nan,0,1.91520720705071,0.0042350319999999997,2.2360679774997911,5.0000000000000062,-0.806465903665469,58.922458256018118,34.128641473639021,trajectory reached the configured outer_limit radius
77,501,0.80502023624420993,0.27483333333333326,fraction,250,0,outer_limit,nan,0,1.9120338293731061,0.0042187819999999999,2.2360679774997898,5.0000000000000009,-0.80641765065708015,58.924573557128753,34.12417592758225,trajectory reached the configured outer_limit radius
77,502,0.80509202545250802,0.27483333333333326,fraction,250,0,outer_limit,nan,0,1.9088781386854912,0.0053678379999999998,2.2360679774997898,5.0000000000000009,-0.80636902458850268,58.926711983569973,34.119695267149083,trajectory reached the configured outer_limit radius
77,503,0.805163814660806,0.27483333333333326,fraction,250,0,outer_limit,nan,0,1.9057399398882144,0.0045306829999999998,2.2360679774997898,5.0000000000000009,-0.80632002835051719,58.928873357970915,34.115199637981554,trajectory reached the configured outer_limit radius
77,504,0.80523560386910409,0.27483333333333326,fraction,250,0,outer_limit,nan,0,1.9026190411887995,0.0041731559999999999,2.2360679774997898,5.0000000000000009,-0.80627066479951648,58.931057504985894,34.110689183862206,trajectory reached the configured outer_limit radius
77,505,0.80530739307740218,0.27483333333333326,fraction,250,0,outer_limit,nan,0,1.8995152540253715,0.0045658770000000003,2.2360679774997898,5.0000000000000009,-0.8062209367581521,58.93326425125597,34.106164046747082,trajectory reached the configured outer_limit radius
77,506,0.80537918228570027,0.27483333333333326,fraction,250,0,outer_limit,nan,0,1.8964283929924621,0.004300931,2.2360679774997898,5.0000000000000009,-0.80617084701595154,58.935493425373615,34.101624366800884,trajectory reached the configured outer_limit radius
77,507,0.80545097149399836,0.27483333333333326,fraction,250,0,outer_limit,nan,0,1.8933582757688063,0.0042872919999999998,2.2360679774997898,5.0000000000000009,-0.80612039832991866,58.937744857847818,34.097070282429023,trajectory reached the configured outer_limit radius
77,508,0.80552276070229645,0.27483333333333326,fraction,250,0,outer_limit,nan,0,1.8903047230475127,0.0042227130000000003,2.2360679774997898,5.0000000000000009,-0.80606959342513362,58.940018381069351,34.09250193031005,trajectory reached the configured outer_limit radius
77,509,0.80559454991059443,0.27483333333333326,fraction,250,0,outer_limit,nan,0,1.8872675584679754,0.0029336879999999998,2.2360679774997898,5.0000000000000009,-0.80601843499531478,58.942313829277744,34.087919445426671,trajectory reached the configured outer_limit radius
78,492,0.80437413336952723,0.29099999999999993,fraction,250,0,outer_limit,nan,0,1.9371508226370528,0.0038684079999999998,2.2360679774997898,5.0000000000000009,-0.80680331392323834,58.908783318204364,34.162922029407774,trajectory reached the configured outer_limit radius
78,493,0.80444592257782532,0.29099999999999993,fraction,250,0,outer_limit,nan,0,1.9338282529103299,0.0046375050000000001,2.2360679774997898,5.0000000000000009,-0.80675812448444095,58.91071147093453,34.15858921363494,trajectory reached the configured outer_limit radius
78,494,0.80451771178612341,0.29099999999999993,fraction,250,0,outer_limit,nan,0,1.9305250819644049,0.0055046770000000004,2.2360679774997898,5.0000000000000009,-0.80671253929830222,58.912664141228078,34.154240137491371,trajectory reached the configured outer_limit radius
78,495,0.8045895009944215,0.29099999999999993,fraction,250,0,outer_limit,nan,0,1.9272410846801722,0.0049395760000000002,2.2360679774997898,5.0000000000000009,-0.80666656154386629,58.914641134756586,34.149874962123995,trajectory reached the configured outer_limit radius
78,496,0.80466129020271959,0.29099999999999993,fraction,250,0,outer_limit,nan,0,1.9239760399643895,0.0044283040000000001,2.2360679774997898,5.0000000000000009,-0.80662019436015364,58.916642259543892,34.145493846515535,trajectory reached the configured outer_limit radius
78,497,0.80473307941101768,0.29099999999999993,fraction,250,0,outer_limit,nan,0,1.9207297306511582,0.0043713759999999997,2.2360679774997898,5.0000000000000009,-0.80657344084695293,58.918667325920218,34.141096947527316,trajectory reached the configured outer_limit radius
78,498,0.80480486861931566,0.29099999999999993,fraction,250,0,outer_limit,nan,0,1.9175019434065654,0.0042916689999999997,2.2360679774997898,5.0000000000000009,-0.80652630406559156,58.920716146477361,34.136684419940558,trajectory reached the configured outer_limit radius
78,499,0.80487665782761375,0.29099999999999993,fraction,250,0,outer_limit,nan,0,1.914292468636329,0.0035531569999999999,2.2360679774997898,5.0000000000000009,-0.80647878703968812,58.922788536025102,34.132256416497469,trajectory reached the configured outer_limit radius
78,500,0.80494844703591184,0.29099999999999993,fraction,250,0,outer_limit,nan,0,1.9111011003961387,0.0029101579999999999,2.2360679774997898,5.0000000000000009,-0.80643089275587854,58.924884311549178,34.127813087941043,trajectory reached the configured outer_limit radius
78,501,0.80502023624420993,0.29099999999999993,fraction,250,0,outer_limit,nan,0,1.9079276363048157,0.0038584679999999999,2.2360679774997898,5.0000000000000009,-0.80638262416451967,58.927003292170248,34.123354583052567,trajectory reached the configured outer_limit radius
78,502,0.80509202545250802,0.29099999999999993,fraction,250,0,outer_limit,nan,0,1.9047718774601394,0.004159678,2.2360679774997898,5.0000000000000009,-0.80633398418039104,58.929145299103112,34.118881048689552,trajectory reached the configured outer_limit radius
78,503,0.805163814660806,0.29099999999999993,fraction,250,0,outer_limit,nan,0,1.9016336283572204,0.004447108,2.2360679774997898,5.0000000000000009,-0.80628497568335178,58.931310155618689,34.114392629822177,trajectory reached the configured outer_limit radius
78,504,0.80523560386910409,0.29099999999999993,fraction,250,0,outer_limit,nan,0,1.8985126968090871,0.0047004179999999996,2.2360679774997898,5.0000000000000009,-0.80623560151900286,58.933497687005492,34.109889469567911,trajectory reached the configured outer_limit radius
78,505,0.80530739307740218,0.29099999999999993,fraction,250,0,outer_limit,nan,0,1.8954088938700751,0.0038978060000000002,2.2360679774997898,5.0000000000000009,-0.8061858644993205,58.935707720533202,34.105371709228145,trajectory reached the configured outer_limit radius
78,506,0.80537918228570027,0.29099999999999993,fraction,250,0,outer_limit,nan,0,1.8923220337610638,0.0040236079999999997,2.2360679774997898,5.0000000000000009,-0.80613576740327031,58.937940085416535,34.100839488318918,trajectory reached the configured outer_limit radius
78,507,0.80545097149399836,0.29099999999999993,fraction,250,0,outer_limit,nan,0,1.8892519337970832,0.0040326420000000003,2.2360679774997902,5.0000000000000027,-0.80608531297741659,58.940194612780388,34.096292944606262,trajectory reached the configured outer_limit radius
78,508,0.80552276070229645,0.29099999999999993,fraction,250,0,outer_limit,nan,0,1.886198414317044,0.0041720409999999996,2.2360679774997898,5.0000000000000009,-0.80603450393650211,58.942471135625546,34.091732214136584,trajectory reached the configured outer_limit radius
78,509,0.80559454991059443,0.29099999999999993,fraction,250,0,outer_limit,nan,0,1.8831612986154789,0.0044291519999999996,2.2360679774997898,5.0000000000000009,-0.80598334296403029,58.944769488795615,34.087157431268167,trajectory reached the configured outer_limit radius
79,492,0.80437413336952723,0.30716666666666659,fraction,250,0,outer_limit,nan,0,1.9331203522455152,0.0039908950000000004,2.2360679774997898,5.0000000000000009,-0.80676996372779186,58.911115492862962,34.162187876522339,trajectory reached the configured outer_limit radius
79,493,0.80444592257782532,0.30716666666666659,fraction,250,0,outer_limit,nan,0,1.9297975434861752,0.00446854,2.2360679774997898,5.0000000000000009,-0.80672476810225624,58.913046897173977,34.15786288816922,trajectory reached the configured outer_limit radius
79,494,0.80451771178612341,0.30716666666666659,fraction,250,0,outer_limit,nan,0,1.9264941548960461,0.0046885670000000003,2.2360679774997898,5.0000000000000009,-0.80667917854078297,58.915002711205069,34.153521730726126,trajectory reached the configured outer_limit radius
79,495,0.8045895009944215,0.30716666666666659,fraction,250,0,outer_limit,nan,0,1.9232099608615492,0.004142771,2.2360679774997898,5.0000000000000009,-0.80663319820972312,58.916982741373808,34.149164564568693,trajectory reached the configured outer_limit radius
79,496,0.80466129020271959,0.30716666666666659,fraction,250,0,outer_limit,nan,0,1.9199447398088783,0.0040285130000000001,2.2360679774997898,5.0000000000000009,-0.80658683023555378,58.918986796442475,34.144791547919148,trajectory reached the configured outer_limit radius
79,497,0.80473307941101768,0.30716666666666659,fraction,250,0,outer_limit,nan,0,1.9166982741050724,0.0048260309999999997,2.2360679774997898,5.0000000000000009,-0.80654007770567404,58.921014687471569,34.140402836888782,trajectory reached the configured outer_limit radius
79,498,0.80480486861931566,0.30716666666666659,fraction,250,0,outer_limit,nan,0,1.9134703499621957,0.0039373630000000001,2.2360679774997902,5.0000000000000027,-0.80649294366916757,58.923066227775415,34.135998585518948,trajectory reached the configured outer_limit radius
79,499,0.80487665782761375,0.30716666666666659,fraction,250,0,outer_limit,nan,0,1.9102607573444785,0.0041419610000000004,2.2360679774997898,5.0000000000000009,-0.80644543113754952,58.92514123287836,34.131578945821033,trajectory reached the configured outer_limit radius
79,500,0.80494844703591184,0.30716666666666659,fraction,250,0,outer_limit,nan,0,1.9070692898782615,0.0041698280000000004,2.2360679774997898,5.0000000000000009,-0.80639754308549494,58.927239520473442,34.127144067816488,trajectory reached the configured outer_limit radius
79,501,0.80502023624420993,0.30716666666666659,fraction,250,0,outer_limit,nan,0,1.9038957447648528,0.0045243419999999998,2.2360679774997898,5.0000000000000009,-0.8063492824515428,58.929360910380652,34.122694099575071,trajectory reached the configured outer_limit radius
79,502,0.80509202545250802,0.30716666666666659,fraction,250,0,outer_limit,nan,0,1.9007399226958486,0.0041260960000000001,2.2360679774997907,5.0000000000000044,-0.80630065213878199,58.931505224507731,34.118229187251828,trajectory reached the configured outer_limit radius
79,503,0.805163814660806,0.30716666666666659,fraction,250,0,outer_limit,nan,0,1.897601627771107,0.0044727550000000001,2.2360679774997898,5.0000000000000009,-0.80625165501552187,58.933672286809916,34.113749475122468,trajectory reached the configured outer_limit radius
79,504,0.80523560386910409,0.30716666666666659,fraction,250,0,outer_limit,nan,0,1.8944806674192416,0.0054951239999999997,2.2360679774997898,5.0000000000000009,-0.80620229391593978,58.935861923254663,34.109255105620477,trajectory reached the configured outer_limit radius
79,505,0.80530739307740218,0.30716666666666659,fraction,250,0,outer_limit,nan,0,1.891376852320243,0.0044123469999999996,2.2360679774997898,5.0000000000000009,-0.80615257164071707,58.938073961782429,34.104746219369879,trajectory reached the configured outer_limit radius
79,506,0.80537918228570027,0.30716666666666659,fraction,250,0,outer_limit,nan,0,1.8882899963307427,0.0036474559999999999,2.2360679774997898,5.0000000000000009,-0.80610249095765207,58.940308232272514,34.100222955219493,trajectory reached the configured outer_limit radius
79,507,0.80545097149399836,0.30716666666666659,fraction,250,0,outer_limit,nan,0,1.8852199164111647,0.0044451830000000001,2.2360679774997898,5.0000000000000009,-0.80605205460226159,58.942564566507478,34.095685450275013,trajectory reached the configured outer_limit radius
79,508,0.80552276070229645,0.30716666666666659,fraction,250,0,outer_limit,nan,0,1.8821664325551277,0.0041425840000000004,2.2360679774997898,5.0000000000000009,-0.80600126527836913,58.944842798139348,34.091133839931665,trajectory reached the configured outer_limit radius
79,509,0.80559454991059443,0.30716666666666659,fraction,250,0,outer_limit,nan,0,1.8791293677209282,0.0037843130000000001,2.2360679774997898,5.0000000000000009,-0.80595012565866819,58.94714276265659,34.086568257904176,trajectory reached the configured outer_limit radius
80,492,0.80437413336952723,0.32333333333333325,fraction,250,0,outer_limit,nan,0,1.92916349267766,0.0050446919999999999,2.2360679774997898,5.0000000000000009,-0.80673810489395137,58.913386230693973,34.16160292086299,trajectory reached the configured outer_limit radius
80,493,0.80444592257782532,0.32333333333333325,fraction,250,0,outer_limit,nan,0,1.9258404533173368,0.0050971560000000003,2.2360679774997898,5.0000000000000009,-0.80669292649829361,58.91531962822404,34.157287268566741,trajectory reached the configured outer_limit radius
80,494,0.80451771178612341,0.32333333333333325,fraction,250,0,outer_limit,nan,0,1.9225368549767894,0.0045509790000000001,2.2360679774997898,5.0000000000000009,-0.80664735603076376,58.917277324135618,34.15295553914688,trajectory reached the configured outer_limit radius
80,495,0.8045895009944215,0.32333333333333325,fraction,250,0,outer_limit,nan,0,1.9192524715603194,0.0044622280000000004,2.2360679774997898,5.0000000000000009,-0.80660139664429087,58.919259125643379,34.148607892184351,trajectory reached the configured outer_limit radius
80,496,0.80466129020271959,0.32333333333333325,fraction,250,0,outer_limit,nan,0,1.9159870810255952,0.0044521279999999996,2.2360679774997902,5.0000000000000027,-0.80655505145210038,58.92126484229658,34.144244485116381,trajectory reached the configured outer_limit radius
80,497,0.80473307941101768,0.32333333333333325,fraction,250,0,outer_limit,nan,0,1.9127404652842745,0.004554181,2.2360679774997898,5.0000000000000009,-0.80650832352849466,58.923294285934801,34.139865473281205,trajectory reached the configured outer_limit radius
80,498,0.80480486861931566,0.32333333333333325,fraction,250,0,outer_limit,nan,0,1.9095124101057315,0.0042455039999999998,2.2360679774997898,5.0000000000000009,-0.80646121590961928,58.925347270642312,34.135471009955168,trajectory reached the configured outer_limit radius
80,499,0.80487665782761375,0.32333333333333325,fraction,250,0,outer_limit,nan,0,1.9063027050237444,0.0044898100000000003,2.2360679774997898,5.0000000000000009,-0.80641373159420759,58.927423612705567,34.131061246397067,trajectory reached the configured outer_limit radius
80,500,0.80494844703591184,0.32333333333333325,fraction,250,0,outer_limit,nan,0,1.903111143246121,0.004971718,2.2360679774997898,5.0000000000000009,-0.80636587354430256,58.929523130570857,34.126636331884498,trajectory reached the configured outer_limit radius
80,501,0.80502023624420993,0.32333333333333325,fraction,250,0,outer_limit,nan,0,1.8999375215670775,0.0037281430000000002,2.2360679774997898,5.0000000000000009,-0.80631764468595701,58.931645644803694,34.122196413752789,trajectory reached the configured outer_limit radius
80,502,0.80509202545250802,0.32333333333333325,fraction,250,0,outer_limit,nan,0,1.8967816402821958,0.0042307430000000004,2.2360679774997898,5.0000000000000009,-0.8062690479099236,58.933790978049004,34.117741637432403,trajectory reached the configured outer_limit radius
80,503,0.805163814660806,0.32333333333333325,fraction,250,0,outer_limit,nan,0,1.8936433031061166,0.0042025830000000002,2.2360679774997898,5.0000000000000009,-0.80622008607231377,58.935958954992465,34.113272146484434,trajectory reached the configured outer_limit radius
80,504,0.80523560386910409,0.32333333333333325,fraction,250,0,outer_limit,nan,0,1.8905223170924685,0.0042547389999999996,2.2360679774997898,5.0000000000000009,-0.8061707619952504,58.938149402322793,34.108788082635677,trajectory reached the configured outer_limit radius
80,505,0.80530739307740218,0.32333333333333325,fraction,250,0,outer_limit,nan,0,1.8874184925565096,0.0041420559999999999,2.2360679774997898,5.0000000000000009,-0.80612107846749304,58.940362148695215,34.104289585812936,trajectory reached the configured outer_limit radius
80,506,0.80537918228570027,0.32333333333333325,fraction,250,0,outer_limit,nan,0,1.8843316429996853,0.0041081599999999996,2.2360679774997898,5.0000000000000009,-0.80607103824505699,58.942597024696255,34.099776794177011,trajectory reached the configured outer_limit radius
80,507,0.80545097149399836,0.32333333333333325,fraction,250,0,outer_limit,nan,0,1.8812615850367504,0.0043785849999999999,2.2360679774997898,5.0000000000000009,-0.80602064405180851,58.944853862807989,34.095249844153564,trajectory reached the configured outer_limit radius
80,508,0.80552276070229645,0.32333333333333325,fraction,250,0,outer_limit,nan,0,1.8782081383246954,0.0041814900000000004,2.2360679774997898,5.0000000000000009,-0.80596989858004631,58.947132497375208,34.090708870466202,trajectory reached the configured outer_limit radius
80,509,0.80559454991059443,0.32333333333333325,fraction,250,0,outer_limit,nan,0,1.8751711254940759,0.0045594559999999999,2.2360679774997898,5.0000000000000009,-0.80591880449107012,58.949432764572506,34.086154006167462,trajectory reached the configured outer_limit radius
81,492,0.80437413336952723,0.33949999999999991,fraction,250,0,outer_limit,nan,0,1.925279704012228,0.0044883429999999997,2.2360679774997898,5.0000000000000009,-0.80670775448241172,58.915594909613475,34.161169056286951,trajectory reached the configured outer_limit radius
81,493,0.80444592257782532,0.33949999999999991,fraction,250,0,outer_limit,nan,0,1.9219564414697146,0.0042364150000000003,2.2360679774997898,5.0000000000000009,-0.80666261702807496,58.917529026482221,34.15686426825971,trajectory reached the configured outer_limit radius
81,494,0.80451771178612341,0.33949999999999991,fraction,250,0,outer_limit,nan,0,1.91865264027181,0.0043314809999999999,2.2360679774997898,5.0000000000000009,-0.8066170894193665,58.919487326847765,34.152543495777572,trajectory reached the configured outer_limit radius
81,495,0.8045895009944215,0.33949999999999991,fraction,250,0,outer_limit,nan,0,1.9153680738528143,0.004799612,2.2360679774997898,5.0000000000000009,-0.80657117479506502,58.921469618771354,34.148206897601987,trajectory reached the configured outer_limit radius
81,496,0.80466129020271959,0.33949999999999991,fraction,250,0,outer_limit,nan,0,1.9121025197136063,0.0042164480000000002,2.2360679774997898,5.0000000000000009,-0.80652487625441804,58.923475712640048,34.143854630361702,trajectory reached the configured outer_limit radius
81,497,0.80473307941101768,0.33949999999999991,fraction,250,0,outer_limit,nan,0,1.9088557593219033,0.0041128320000000003,2.2360679774997898,5.0000000000000009,-0.80647819685792055,58.925505421120882,34.139486848595475,trajectory reached the configured outer_limit radius
81,498,0.80480486861931566,0.33949999999999991,fraction,250,0,outer_limit,nan,0,1.9056275780155216,0.003772044,2.2360679774997898,5.0000000000000009,-0.80643113962808222,58.92755855911664,34.1351037047937,trajectory reached the configured outer_limit radius
81,499,0.80487665782761375,0.33949999999999991,fraction,250,0,outer_limit,nan,0,1.9024177649086813,0.0060772300000000003,2.2360679774997898,5.0000000000000009,-0.80638370755016098,58.929634943723222,34.130705349437669,trajectory reached the configured outer_limit radius
81,500,0.80494844703591184,0.33949999999999991,fraction,250,0,outer_limit,nan,0,1.8992261128011252,0.0038763069999999998,2.2360679774997898,5.0000000000000009,-0.80633590357288776,58.931734394187401,34.126291931038409,trajectory reached the configured outer_limit radius
81,501,0.80502023624420993,0.33949999999999991,fraction,250,0,outer_limit,nan,0,1.8960524180902421,0.0050381130000000003,2.2360679774997898,5.0000000000000009,-0.80628773060916226,58.933856731866541,34.121863596175302,trajectory reached the configured outer_limit radius
81,502,0.80509202545250802,0.33949999999999991,fraction,250,0,outer_limit,nan,0,1.8928964806856279,0.0042477180000000002,2.2360679774997898,5.0000000000000009,-0.80623919153673751,58.936001780188143,34.117420489531014,trajectory reached the configured outer_limit radius
81,503,0.805163814660806,0.33949999999999991,fraction,250,0,outer_limit,nan,0,1.889758103926348,0.0037350489999999998,2.2360679774997898,5.0000000000000009,-0.80619028919887836,58.938169364613003,34.112962753930553,trajectory reached the configured outer_limit radius
81,504,0.80523560386910409,0.33949999999999991,fraction,250,0,outer_limit,nan,0,1.8866370945006192,0.0054107870000000002,2.2360679774997898,5.0000000000000009,-0.80614102640500818,58.940359312596001,34.108490530372528,trajectory reached the configured outer_limit radius
81,505,0.80530739307740218,0.33949999999999991,fraction,250,0,outer_limit,nan,0,1.8835332623680763,0.004620702,2.2360679774997898,5.0000000000000009,-0.80609140593133877,58.942571453550634,34.104003958066023,trajectory reached the configured outer_limit radius
81,506,0.80537918228570027,0.33949999999999991,fraction,250,0,outer_limit,nan,0,1.880446420684007,0.00371887,2.2360679774997898,5.0000000000000009,-0.80604143052147448,58.944805618813646,34.0995031744622,trajectory reached the configured outer_limit radius
81,507,0.80545097149399836,0.33949999999999991,fraction,250,0,outer_limit,nan,0,1.8773763857261891,0.0048825939999999996,2.2360679774997898,5.0000000000000009,-0.8059911028870177,58.947061641609423,34.094988315286919,trajectory reached the configured outer_limit radius
81,508,0.80552276070229645,0.33949999999999991,fraction,250,0,outer_limit,nan,0,1.8743229768235616,0.0037386059999999998,2.2360679774997898,5.0000000000000009,-0.80594042570813673,58.949339357017713,34.090459514572274,trajectory reached the configured outer_limit radius
81,509,0.80559454991059443,0.33949999999999991,fraction,250,0,outer_limit,nan,0,1.8712860162871958,0.0033448060000000001,2.2360679774997898,5.0000000000000009,-0.80588940163414258,58.951638601939692,34.085916904687814,trajectory reached the configured outer_limit radius
82,492,0.80437413336952723,0.35566666666666658,fraction,250,0,outer_limit,nan,0,1.9214685324996756,0.0045434919999999997,2.2360679774997898,5.0000000000000009,-0.80667892997025714,58.917740920998284,34.160888304351097,trajectory reached the configured outer_limit radius
82,493,0.80444592257782532,0.35566666666666658,fraction,250,0,outer_limit,nan,0,1.9181450531964268,0.0043803369999999998,2.2360679774997898,5.0000000000000009,-0.80663385748721317,58.919674466601585,34.156595930180167,trajectory reached the configured outer_limit radius
82,494,0.80451771178612341,0.35566666666666658,fraction,250,0,outer_limit,nan,0,1.9148410550481987,0.0040871950000000001,2.2360679774997902,5.0000000000000027,-0.80658839682163086,58.921632077210653,34.152287664946464,trajectory reached the configured outer_limit radius
82,495,0.8045895009944215,0.35566666666666658,fraction,250,0,outer_limit,nan,0,1.9115563110310958,0.0042256580000000002,2.2360679774997902,5.0000000000000027,-0.80654255109739281,58.923613561784947,34.147963666565644,trajectory reached the configured outer_limit radius
82,496,0.80466129020271959,0.35566666666666658,fraction,250,0,outer_limit,nan,0,1.9082905982008496,0.0043719930000000002,2.2360679774997898,5.0000000000000009,-0.80649632339903798,58.925618731598611,34.143624090832603,trajectory reached the configured outer_limit radius
82,497,0.80473307941101768,0.35566666666666658,fraction,250,0,outer_limit,nan,0,1.9050436975924601,0.003959349,2.2360679774997898,5.0000000000000009,-0.80644971677253552,58.927647400196562,34.139269091464364,trajectory reached the configured outer_limit radius
82,498,0.80480486861931566,0.35566666666666658,fraction,250,0,outer_limit,nan,0,1.9018153941230471,0.0041565070000000003,2.2360679774997898,5.0000000000000009,-0.80640273422604591,58.929699383348577,34.134898820138751,trajectory reached the configured outer_limit radius
82,499,0.80487665782761375,0.35566666666666658,fraction,250,0,outer_limit,nan,0,1.8986054764979097,0.0041878469999999998,2.2360679774997898,5.0000000000000009,-0.80635537873065533,58.931774499008412,34.130513426537775,trajectory reached the configured outer_limit radius
82,500,0.80494844703591184,0.35566666666666658,fraction,250,0,outer_limit,nan,0,1.8954137371191118,0.0043153979999999998,2.2360679774997898,5.0000000000000009,-0.80630765322109199,58.933872567270598,34.126113058381399,trajectory reached the configured outer_limit radius
82,501,0.80502023624420993,0.35566666666666658,fraction,250,0,outer_limit,nan,0,1.8922399719972771,0.0041941959999999999,2.2360679774997898,5.0000000000000009,-0.80625956059642301,58.935993410331044,34.121697861470579,trajectory reached the configured outer_limit radius
82,502,0.80509202545250802,0.35566666666666658,fraction,250,0,outer_limit,nan,0,1.889083980665748,0.0042649230000000003,2.2360679774997898,5.0000000000000009,-0.80621110372073312,58.93813685244664,34.11726797971825,trajectory reached the configured outer_limit radius
82,503,0.805163814660806,0.35566666666666658,fraction,250,0,outer_limit,nan,0,1.8859455660975819,0.0043321719999999996,2.2360679774997898,5.0000000000000009,-0.80616228542378221,58.940302719898263,34.112823555190893,trajectory reached the configured outer_limit radius
82,504,0.80523560386910409,0.35566666666666658,fraction,250,0,outer_limit,nan,0,1.8828245346249084,0.0041326460000000002,2.2360679774997898,5.0000000000000009,-0.80611310850164619,58.942490840951947,34.108364728137339,trajectory reached the configured outer_limit radius
82,505,0.80530739307740218,0.35566666666666658,fraction,250,0,outer_limit,nan,0,1.879720695860682,0.0039370150000000003,2.2360679774997898,5.0000000000000009,-0.80606357571734266,58.944701045823813,34.103891637026628,trajectory reached the configured outer_limit radius
82,506,0.80537918228570027,0.35566666666666658,fraction,250,0,outer_limit,nan,0,1.8766338626229147,0.0031425730000000001,2.2360679774997898,5.0000000000000009,-0.80601368980144039,58.946933166644406,34.099404418580832,trajectory reached the configured outer_limit radius
82,507,0.80545097149399836,0.35566666666666658,fraction,250,0,outer_limit,nan,0,1.8735638508609711,0.0039767220000000002,2.2360679774997898,5.0000000000000009,-0.80596345345264975,58.949187037423769,34.09490320780403,trajectory reached the configured outer_limit radius
82,508,0.80552276070229645,0.35566666666666658,fraction,250,0,outer_limit,nan,0,1.8705104795840517,0.003990164,2.2360679774997898,5.0000000000000009,-0.80591286933840145,58.951462494018493,34.090388138017161,trajectory reached the configured outer_limit radius
82,509,0.80559454991059443,0.35566666666666658,fraction,250,0,outer_limit,nan,0,1.867473570791895,0.0035897239999999999,2.2360679774997898,5.0000000000000009,-0.80586194009540413,58.953759374099086,34.085859340886387,trajectory reached the configured outer_limit radius
83,492,0.80437413336952723,0.37183333333333324,fraction,250,0,outer_limit,nan,0,1.9177296128367576,0.003842696,2.2360679774997898,5.0000000000000009,-0.8066516492992547,58.919823669538268,34.160762824276517,trajectory reached the configured outer_limit radius
83,493,0.80444592257782532,0.37183333333333324,fraction,250,0,outer_limit,nan,0,1.914405922209321,0.0041475139999999997,2.2360679774997898,5.0000000000000009,-0.80660666616146526,58.921755335253458,34.156484436856275,trajectory reached the configured outer_limit radius
83,494,0.80451771178612341,0.37183333333333324,fraction,250,0,outer_limit,nan,0,1.91110173204342,0.0040382739999999997,2.2360679774997898,5.0000000000000009,-0.8065612968683229,58.923710943808864,34.152190252511581,trajectory reached the configured outer_limit radius
83,495,0.8045895009944215,0.37183333333333324,fraction,250,0,outer_limit,nan,0,1.9078168148686887,0.0039106210000000004,2.2360679774997898,5.0000000000000009,-0.80651554452806273,58.925690305113562,34.147880428287074,trajectory reached the configured outer_limit radius
83,496,0.80466129020271959,0.37183333333333324,fraction,250,0,outer_limit,nan,0,1.9045509473069588,0.0041243640000000002,2.2360679774997898,5.0000000000000009,-0.80646941220976942,58.927693231380673,34.143555119118446,trajectory reached the configured outer_limit radius
83,497,0.80473307941101768,0.37183333333333324,fraction,250,0,outer_limit,nan,0,1.9013039099715214,0.0040273289999999996,2.2360679774997898,5.0000000000000009,-0.80642290294415553,58.929719537082249,34.139214477875157,trajectory reached the configured outer_limit radius
83,498,0.80480486861931566,0.37183333333333324,fraction,250,0,outer_limit,nan,0,1.898075487369665,0.0041592210000000003,2.2360679774997898,5.0000000000000009,-0.80637601972430972,58.931769038905784,34.134858655400109,trajectory reached the configured outer_limit radius
83,499,0.80487665782761375,0.37183333333333324,fraction,250,0,outer_limit,nan,0,1.8948654678081238,0.0039409409999999999,2.2360679774997898,5.0000000000000009,-0.80632876550644039,58.933841555710821,34.130487800549922,trajectory reached the configured outer_limit radius
83,500,0.80494844703591184,0.37183333333333324,fraction,250,0,outer_limit,nan,0,1.8916736433014343,0.0039110819999999998,2.2360679774997898,5.0000000000000009,-0.80628114321057243,58.935936908488188,34.126102060231695,trajectory reached the configured outer_limit radius
83,501,0.80502023624420993,0.37183333333333324,fraction,250,0,outer_limit,nan,0,1.8884998094833294,0.0046202090000000001,2.2360679774997898,5.0000000000000009,-0.80623315572125231,58.938054920319487,34.121701579442671,trajectory reached the configured outer_limit radius
83,502,0.80509202545250802,0.37183333333333324,fraction,250,0,outer_limit,nan,0,1.8853437655205778,0.0041081549999999996,2.2360679774997898,5.0000000000000009,-0.80618480588821739,58.940195416338284,34.117286501305252,trajectory reached the configured outer_limit radius
83,503,0.805163814660806,0.37183333333333324,fraction,250,0,outer_limit,nan,0,1.8822053140295503,0.0040157769999999999,2.2360679774997898,5.0000000000000009,-0.80613609652705176,58.942358223690952,34.112856967102495,trajectory reached the configured outer_limit radius
83,504,0.80523560386910409,0.37183333333333324,fraction,250,0,outer_limit,nan,0,1.8790842609953418,0.0038884369999999998,2.2360679774997898,5.0000000000000009,-0.80608703041982421,58.944543171501138,34.108413116313976,trajectory reached the configured outer_limit radius
83,505,0.80530739307740218,0.37183333333333324,fraction,250,0,outer_limit,nan,0,1.8759804156932287,0.0040419610000000002,2.2360679774997898,5.0000000000000009,-0.80603761031571231,58.946750090831813,34.103955086646039,trajectory reached the configured outer_limit radius
83,506,0.80537918228570027,0.37183333333333324,fraction,250,0,outer_limit,nan,0,1.8728935906125102,0.0036040529999999999,2.2360679774997898,5.0000000000000009,-0.80598783893160553,58.948978814651568,34.099483014069186,trajectory reached the configured outer_limit radius
83,507,0.80545097149399836,0.37183333333333324,fraction,250,0,outer_limit,nan,0,1.8698236013825613,0.0033854430000000001,2.2360679774997898,5.0000000000000009,-0.80593771895269084,58.951229177800059,34.094997032846273,trajectory reached the configured outer_limit radius
83,508,0.80552276070229645,0.37183333333333324,fraction,250,0,outer_limit,nan,0,1.8667702667010611,0.0039398560000000003,2.2360679774997902,5.0000000000000027,-0.80588725303303732,58.953501016953652,34.090497275564978,trajectory reached the configured outer_limit radius
83,509,0.80559454991059443,0.37183333333333324,fraction,250,0,outer_limit,nan,0,1.8637334082644061,0.0044050740000000001,2.2360679774997898,5.0000000000000009,-0.80583644379614128,58.955794170594459,34.085983873168566,trajectory reached the configured outer_limit radius
84,492,0.80437413336952723,0.3879999999999999,fraction,250,0,outer_limit,nan,0,1.9140626710239634,0.004619672,2.2360679774997898,5.0000000000000009,-0.80662593092699675,58.921842573266453,34.160794924011789,trajectory reached the configured outer_limit radius
84,493,0.80444592257782532,0.3879999999999999,fraction,250,0,outer_limit,nan,0,1.9107387735334254,0.0046784870000000003,2.2360679774997898,5.0000000000000009,-0.80658106187984513,58.923771031056148,34.156532121617765,trajectory reached the configured outer_limit radius
84,494,0.80451771178612341,0.3879999999999999,fraction,250,0,outer_limit,nan,0,1.9074343953168063,0.004184704,2.2360679774997898,5.0000000000000009,-0.80653580876103048,58.925723305768877,34.152253617212374,trajectory reached the configured outer_limit radius
84,495,0.8045895009944215,0.3879999999999999,fraction,250,0,outer_limit,nan,0,1.9041493084687471,0.0040377879999999996,2.2360679774997898,5.0000000000000009,-0.80649017466237261,58.92769920831612,34.147959566942816,trajectory reached the configured outer_limit radius
84,496,0.80466129020271959,0.3879999999999999,fraction,250,0,outer_limit,nan,0,1.9008832891883616,0.002542613,2.2360679774997898,5.0000000000000009,-0.80644416263675001,58.929698551901353,34.143650124860095,trajectory reached the configured outer_limit radius
84,497,0.80473307941101768,0.3879999999999999,fraction,250,0,outer_limit,nan,0,1.8976361176781231,0.0032018319999999999,2.2360679774997898,5.0000000000000009,-0.80639777569887583,58.931721151975253,34.139325442961159,trajectory reached the configured outer_limit radius
84,498,0.80480486861931566,0.3879999999999999,fraction,250,0,outer_limit,nan,0,1.8944075780459451,0.0039177960000000003,2.2360679774997898,5.0000000000000009,-0.80635101682603838,58.933766826192574,34.134985671227966,trajectory reached the configured outer_limit radius
84,499,0.80487665782761375,0.3879999999999999,fraction,250,0,outer_limit,nan,0,1.8911974582103157,0.0038309289999999998,2.2360679774997898,5.0000000000000009,-0.80630388895883986,58.935835394368716,34.130630957667506,trajectory reached the configured outer_limit radius
84,500,0.80494844703591184,0.3879999999999999,fraction,250,0,outer_limit,nan,0,1.8880055498082247,0.0039217009999999997,2.2360679774997898,5.0000000000000009,-0.80625639500189705,58.937926678439602,34.126261448350355,trajectory reached the configured outer_limit radius
84,501,0.80502023624420993,0.3879999999999999,fraction,250,0,outer_limit,nan,0,1.8848316481062029,0.0034927489999999999,2.2360679774997898,5.0000000000000009,-0.80620853782453084,58.94004050242139,34.121877287447212,trajectory reached the configured outer_limit radius
84,502,0.80509202545250802,0.3879999999999999,fraction,250,0,outer_limit,nan,0,1.8816755519139272,0.0043659679999999996,2.2360679774997898,5.0000000000000009,-0.80616032026144546,58.942176692370353,34.117478617264922,trajectory reached the configured outer_limit radius
84,503,0.805163814660806,0.3879999999999999,fraction,250,0,outer_limit,nan,0,1.8785370635002845,0.0042643050000000004,2.2360679774997898,5.0000000000000009,-0.80611174511336658,58.944335076346974,34.113065578282743,trajectory reached the configured outer_limit radius
84,504,0.80523560386910409,0.3879999999999999,fraction,250,0,outer_limit,nan,0,1.8754159885123123,0.003761318,2.2360679774997898,5.0000000000000009,-0.80606281514768863,58.946515484376924,34.108638309184464,trajectory reached the configured outer_limit radius
84,505,0.80530739307740218,0.3879999999999999,fraction,250,0,outer_limit,nan,0,1.8723121358963046,0.0041436779999999996,2.2360679774997898,5.0000000000000009,-0.80601353309908608,58.94871774841674,34.104196946895236,trajectory reached the configured outer_limit radius
84,506,0.80537918228570027,0.3879999999999999,fraction,250,0,outer_limit,nan,0,1.8692253178213376,0.0041518470000000002,2.2360679774997898,5.0000000000000009,-0.80596390167011644,58.950941702317898,34.099741626610417,trajectory reached the configured outer_limit radius
84,507,0.80545097149399836,0.3879999999999999,fraction,250,0,outer_limit,nan,0,1.8661553496050838,0.0041816980000000002,2.2360679774997898,5.0000000000000009,-0.80591392353180746,58.953187181793233,34.095272481830136,trajectory reached the configured outer_limit radius
84,508,0.80552276070229645,0.3879999999999999,fraction,250,0,outer_limit,nan,0,1.8631020496418063,0.0042523650000000001,2.2360679774997898,5.0000000000000009,-0.80586360132422419,58.955454024383641,34.090789644388543,trajectory reached the configured outer_limit radius
84,509,0.80559454991059443,0.3879999999999999,fraction,250,0,outer_limit,nan,0,1.8600652393323514,0.0045085419999999999,2.2360679774997898,5.0000000000000009,-0.80581293765703443,58.957742069425336,34.086293244484679,trajectory reached the configured outer_limit radius
85,492,0.80437413336952723,0.40416666666666656,fraction,250,0,outer_limit,nan,0,1.9104675278705125,0.0043060670000000002,2.2360679774997898,5.0000000000000009,-0.80660179388139142,58.923797063781535,34.160987072541843,trajectory reached the configured outer_limit radius
85,493,0.80444592257782532,0.40416666666666656,fraction,250,0,outer_limit,nan,0,1.9071434270087697,0.0043745850000000003,2.2360679774997898,5.0000000000000009,-0.80655706407129657,58.925720964686398,34.156741481069531,trajectory reached the configured outer_limit radius
85,494,0.80451771178612341,0.40416666666666656,fraction,250,0,outer_limit,nan,0,1.9038388637482908,0.004387101,2.2360679774997898,5.0000000000000009,-0.80651195233102912,58.927668552759329,34.152480283306403,trajectory reached the configured outer_limit radius
85,495,0.8045895009944215,0.40416666666666656,fraction,250,0,outer_limit,nan,0,1.9005536097599562,0.0042630760000000002,2.2360679774997898,5.0000000000000009,-0.8064664617352183,58.929639639966751,34.1482036344755,trajectory reached the configured outer_limit radius
85,496,0.80466129020271959,0.40416666666666656,fraction,250,0,outer_limit,nan,0,1.8972874408311797,0.0041299170000000003,2.2360679774997902,5.0000000000000027,-0.80642059531976729,58.931634040555572,34.143911687717228,trajectory reached the configured outer_limit radius
85,497,0.80473307941101768,0.40416666666666656,fraction,250,0,outer_limit,nan,0,1.8940401367642867,0.0044354679999999997,2.2360679774997898,5.0000000000000009,-0.80637435608263031,58.933651571006727,34.13960459412889,trajectory reached the configured outer_limit radius
85,498,0.80480486861931566,0.40416666666666656,fraction,250,0,outer_limit,nan,0,1.8908114812782231,0.0037969800000000001,2.2360679774997898,5.0000000000000009,-0.80632774698455267,58.935692049993278,34.135282502806781,trajectory reached the configured outer_limit radius
85,499,0.80487665782761375,0.40416666666666656,fraction,250,0,outer_limit,nan,0,1.8876012619132472,0.0039458660000000001,2.2360679774997898,5.0000000000000009,-0.80628077094979533,58.9377552983374,34.13094556088398,trajectory reached the configured outer_limit radius
85,500,0.80494844703591184,0.40416666666666656,fraction,250,0,outer_limit,nan,0,1.8844092699387156,0.0042607039999999997,2.2360679774997898,5.0000000000000009,-0.80623343086684229,58.939841138969491,34.12659391356911,trajectory reached the configured outer_limit radius
85,501,0.80502023624420993,0.40416666666666656,fraction,250,0,outer_limit,nan,0,1.881235300263594,0.0039663930000000003,2.2360679774997898,5.0000000000000009,-0.80618572958908352,58.941949396888383,34.122227704182031,trajectory reached the configured outer_limit radius
85,502,0.80509202545250802,0.40416666666666656,fraction,250,0,outer_limit,nan,0,1.8780791513496067,0.004211256,2.2360679774997898,5.0000000000000009,-0.80613766993547809,58.944079899123018,34.117847074190585,trajectory reached the configured outer_limit radius
85,503,0.805163814660806,0.40416666666666656,fraction,250,0,outer_limit,nan,0,1.8749406251273242,0.0041809289999999999,2.2360679774997902,5.0000000000000027,-0.80608925469120929,58.946232474693964,34.113452163245839,trajectory reached the configured outer_limit radius
85,504,0.80523560386910409,0.40416666666666656,fraction,250,0,outer_limit,nan,0,1.8718195269145426,0.0045114949999999999,2.2360679774997898,5.0000000000000009,-0.80604048660830852,58.948406954577251,34.109043109215563,trajectory reached the configured outer_limit radius
85,505,0.80530739307740218,0.40416666666666656,fraction,250,0,outer_limit,nan,0,1.8687156653371342,0.004361101,2.2360679774997898,5.0000000000000009,-0.80599136840627827,58.950603171668384,34.104620048217654,trajectory reached the configured outer_limit radius
85,506,0.80537918228570027,0.40416666666666656,fraction,250,0,outer_limit,nan,0,1.8656288522523534,0.0042789619999999999,2.2360679774997898,5.0000000000000009,-0.80594190277268085,58.952820960747758,34.100183114652481,trajectory reached the configured outer_limit radius
85,507,0.80545097149399836,0.40416666666666656,fraction,250,0,outer_limit,nan,0,1.862558902674305,0.0044310529999999999,2.2360679774997898,5.0000000000000009,-0.8058920923637275,58.955060158446663,34.095732441234745,trajectory reached the configured outer_limit radius
85,508,0.80552276070229645,0.40416666666666656,fraction,250,0,outer_limit,nan,0,1.8595056347017138,0.0034501919999999999,2.2360679774997898,5.0000000000000009,-0.80584193980484475,58.957320603214299,34.091268159023173,trajectory reached the configured outer_limit radius
85,509,0.80559454991059443,0.40416666666666656,fraction,250,0,outer_limit,nan,0,1.8564688694476807,0.0041407980000000002,2.2360679774997898,5.0000000000000009,-0.80579144769122424,58.959602135285451,34.08679039745148,trajectory reached the configured outer_limit radius
86,492,0.80437413336952723,0.42033333333333323,fraction,250,0,outer_limit,nan,0,1.9069441032253662,0.004176524,2.2360679774997898,5.0000000000000009,-0.80657925781897211,58.92568658669412,34.161341913633997,trajectory reached the configured outer_limit radius
86,493,0.80444592257782532,0.42033333333333323,fraction,250,0,outer_limit,nan,0,1.9036198015182879,0.0039495370000000004,2.2360679774997898,5.0000000000000009,-0.80653469282546952,58.927604559201875,34.15711518902139,trajectory reached the configured outer_limit radius
86,494,0.80451771178612341,0.42033333333333323,fraction,250,0,outer_limit,nan,0,1.9003150552630221,0.002940954,2.2360679774997898,5.0000000000000009,-0.8064897481025447,58.929546085186331,34.15287295468346,trajectory reached the configured outer_limit radius
86,495,0.8045895009944215,0.42033333333333323,fraction,250,0,outer_limit,nan,0,1.8970296357178313,0.0043548329999999998,2.2360679774997902,5.0000000000000027,-0.80644442670683358,58.931510977724237,34.148615364891242,trajectory reached the configured outer_limit radius
86,496,0.80466129020271959,0.42033333333333323,fraction,250,0,outer_limit,nan,0,1.893763318269261,0.0039557569999999998,2.2360679774997898,5.0000000000000009,-0.80639873165648313,58.933499052159348,34.144342571847801,trajectory reached the configured outer_limit radius
86,497,0.80473307941101768,0.42033333333333323,fraction,250,0,outer_limit,nan,0,1.890515882329977,0.0041544939999999999,2.2360679774997898,5.0000000000000009,-0.80635266593191912,58.93551012605591,34.14005472572488,trajectory reached the configured outer_limit radius
86,498,0.80480486861931566,0.42033333333333323,fraction,250,0,outer_limit,nan,0,1.8872871112402048,0.003712501,2.2360679774997898,5.0000000000000009,-0.80630623247658173,58.937544019157372,34.135751974707375,trajectory reached the configured outer_limit radius
86,499,0.80487665782761375,0.42033333333333323,fraction,250,0,outer_limit,nan,0,1.8840767921720325,0.0043775300000000001,2.2360679774997898,5.0000000000000009,-0.80625943419764601,58.939600553343531,34.131434465028349,trajectory reached the configured outer_limit radius
86,500,0.80494844703591184,0.42033333333333323,fraction,250,0,outer_limit,nan,0,1.8808847160367972,0.0041387230000000004,2.2360679774997898,5.0000000000000009,-0.8062122739667239,58.941679552589946,34.127102341008623,trajectory reached the configured outer_limit radius
86,501,0.80502023624420993,0.42033333333333323,fraction,250,0,outer_limit,nan,0,1.8777106773952126,0.00369864,2.2360679774997898,5.0000000000000009,-0.80616475462054404,58.943780842928696,34.122755745093386,trajectory reached the configured outer_limit radius
86,502,0.80509202545250802,0.42033333333333323,fraction,250,0,outer_limit,nan,0,1.8745544743704297,0.003390569,2.2360679774997911,5.0000000000000062,-0.80611687896161044,58.945904252409861,34.118394817887371,trajectory reached the configured outer_limit radius
86,503,0.805163814660806,0.42033333333333323,fraction,250,0,outer_limit,nan,0,1.8714159085635687,0.0040896969999999998,2.2360679774997898,5.0000000000000009,-0.80606864975885295,58.948049611062544,34.114019698189004,trajectory reached the configured outer_limit radius
86,504,0.80523560386910409,0.42033333333333323,fraction,250,0,outer_limit,nan,0,1.8682947849718237,0.004145953,2.2360679774997898,5.0000000000000009,-0.80602006974824902,58.950216750861316,34.109630523026162,trajectory reached the configured outer_limit radius
86,505,0.80530739307740218,0.42033333333333323,fraction,250,0,outer_limit,nan,0,1.8651909119091392,0.0039080900000000003,2.2360679774997898,5.0000000000000009,-0.80597114163344075,58.952405505687665,34.10522742768709,trajectory reached the configured outer_limit radius
86,506,0.80537918228570027,0.42033333333333323,fraction,250,0,outer_limit,nan,0,1.8621041009292052,0.0046313480000000004,2.2360679774997898,5.0000000000000009,-0.80592186808632038,58.954615711297478,34.100810545754001,trajectory reached the configured outer_limit radius
86,507,0.80545097149399836,0.42033333333333323,fraction,250,0,outer_limit,nan,0,1.8590341667505883,0.0050519079999999999,2.2360679774997898,5.0000000000000009,-0.8058722517476169,58.956847205286167,34.096380009133256,trajectory reached the configured outer_limit radius
86,508,0.80552276070229645,0.42033333333333323,fraction,250,0,outer_limit,nan,0,1.8559809271842762,0.00407508,2.2360679774997907,5.0000000000000044,-0.80582229522745685,58.959099827056825,34.091935948086928,trajectory reached the configured outer_limit radius
86,509,0.80559454991059443,0.42033333333333323,fraction,250,0,outer_limit,nan,0,1.852944203063255,0.0042350570000000004,2.2360679774997898,5.0000000000000009,-0.80577200110591307,58.961373417787243,34.087478491261244,trajectory reached the configured outer_limit radius
87,492,0.80437413336952723,0.43649999999999989,fraction,250,0,outer_limit,nan,0,1.9034924210281445,0.0046698260000000002,2.2360679774997898,5.0000000000000009,-0.80655834308764351,58.927510602328596,34.161862281232466,trajectory reached the configured outer_limit radius
87,493,0.80444592257782532,0.43649999999999989,fraction,250,0,outer_limit,nan,0,1.9001679200354273,0.0039435970000000001,2.2360679774997898,5.0000000000000009,-0.80651396895824357,58.929421250598963,34.157656112087871,trajectory reached the configured outer_limit radius
87,494,0.80451771178612341,0.43649999999999989,fraction,250,0,outer_limit,nan,0,1.8968629918757285,0.0041521960000000004,2.2360679774997898,5.0000000000000009,-0.80646921736104527,58.931355314611061,34.15343453067112,trajectory reached the configured outer_limit radius
87,495,0.8045895009944215,0.43649999999999989,fraction,250,0,outer_limit,nan,0,1.8935774074057703,0.004217953,2.2360679774997898,5.0000000000000009,-0.8064240913338766,58.933312608607913,34.149197690274228,trajectory reached the configured outer_limit radius
87,496,0.80466129020271959,0.43649999999999989,fraction,250,0,outer_limit,nan,0,1.8903109416218626,0.0043356899999999997,2.2360679774997898,5.0000000000000009,-0.80637859387633481,58.935292949083667,34.144945742133913,trajectory reached the configured outer_limit radius
87,497,0.80473307941101768,0.43649999999999989,fraction,250,0,outer_limit,nan,0,1.8870633735574751,0.0040340660000000002,2.2360679774997898,5.0000000000000009,-0.8063327279505268,58.937296154740082,34.140678835470204,trajectory reached the configured outer_limit radius
87,498,0.80480486861931566,0.43649999999999989,fraction,250,0,outer_limit,nan,0,1.8838344861841718,0.003600027,2.2360679774997898,5.0000000000000009,-0.80628649648181161,58.939322046444012,34.136397117528482,trajectory reached the configured outer_limit radius
87,499,0.80487665782761375,0.43649999999999989,fraction,250,0,outer_limit,nan,0,1.8806240663156961,0.0044679910000000001,2.2360679774997898,5.0000000000000009,-0.80623990235951459,58.94137044718542,34.132100733616596,trajectory reached the configured outer_limit radius
87,500,0.80494844703591184,0.43649999999999989,fraction,250,0,outer_limit,nan,0,1.8774319045149517,0.004533863,2.2360679774997902,5.0000000000000027,-0.80619294843762312,58.943441182036942,34.127789827142621,trajectory reached the configured outer_limit radius
87,501,0.80502023624420993,0.43649999999999989,fraction,250,0,outer_limit,nan,0,1.8742577950037858,0.0024236470000000001,2.2360679774997898,5.0000000000000009,-0.80614563753546054,58.945534078113994,34.123464539650328,trajectory reached the configured outer_limit radius
87,502,0.80509202545250802,0.43649999999999989,fraction,250,0,outer_limit,nan,0,1.8711015355756917,0.003888533,2.2360679774997898,5.0000000000000009,-0.80609797243834658,58.947648964537919,34.119125010856507,trajectory reached the configured outer_limit radius
87,503,0.805163814660806,0.43649999999999989,fraction,250,0,outer_limit,nan,0,1.8679629275112286,0.0044280680000000003,2.2360679774997898,5.0000000000000009,-0.80604995589823758,58.949785672397041,34.114771378683159,trajectory reached the configured outer_limit radius
87,504,0.80523560386910409,0.43649999999999989,fraction,250,0,outer_limit,nan,0,1.8648417754955737,0.0038222859999999998,2.2360679774997898,5.0000000000000009,-0.80600159063434551,58.951944034711772,34.110403779293492,trajectory reached the configured outer_limit radius
87,505,0.80530739307740218,0.43649999999999989,fraction,250,0,outer_limit,nan,0,1.8617378875391204,0.003589695,2.2360679774997898,5.0000000000000009,-0.80595287933374948,58.954123886398527,34.10602234712249,trajectory reached the configured outer_limit radius
87,506,0.80537918228570027,0.43649999999999989,fraction,250,0,outer_limit,nan,0,1.8586510749000731,0.0044025949999999996,2.2360679774997898,5.0000000000000009,-0.80590382465198362,58.956325064235656,34.101627214910472,trajectory reached the configured outer_limit radius
87,507,0.80545097149399836,0.43649999999999989,fraction,250,0,outer_limit,nan,0,1.8555811520094063,0.0044624579999999999,2.2360679774997898,5.0000000000000009,-0.80585442921361228,58.958547406830007,34.097218513733409,trajectory reached the configured outer_limit radius
87,508,0.80552276070229645,0.43649999999999989,fraction,250,0,outer_limit,nan,0,1.8525279363981575,0.0040950910000000004,2.2360679774997898,5.0000000000000009,-0.805804695612792,58.960790754584316,34.092796373033003,trajectory reached the configured outer_limit radius
87,509,0.80559454991059443,0.43649999999999989,fraction,250,0,outer_limit,nan,0,1.8494912486265871,0.0038371490000000002,2.2360679774997898,5.0000000000000009,-0.80575462641381657,58.963054949665192,34.088360920646664,trajectory reached the configured outer_limit radius
88,492,0.80437413336952723,0.45266666666666655,fraction,250,0,outer_limit,nan,0,1.900112615293716,0.0041111799999999999,2.2360679774997898,5.0000000000000009,-0.80653907079454557,58.92926858671477,34.162551216750799,trajectory reached the configured outer_limit radius
88,493,0.80444592257782532,0.45266666666666655,fraction,250,0,outer_limit,nan,0,1.8967879156050222,0.0041736830000000001,2.2360679774997898,5.0000000000000009,-0.80649491408269836,58.931170488650366,34.158367327217647,trajectory reached the configured outer_limit radius
88,494,0.80451771178612341,0.45266666666666655,fraction,250,0,outer_limit,nan,0,1.8934828056680415,0.0032435760000000002,2.2360679774997898,5.0000000000000009,-0.80645038222734977,58.933095664428549,34.154168123801881,trajectory reached the configured outer_limit radius
88,495,0.8045895009944215,0.45266666666666655,fraction,250,0,outer_limit,nan,0,1.8901970559488352,0.0038349199999999999,2.2360679774997907,5.0000000000000044,-0.80640547824669695,58.935043929514649,34.149953758787348,trajectory reached the configured outer_limit radius
88,496,0.80466129020271959,0.45266666666666655,fraction,250,0,outer_limit,nan,0,1.8869304410639969,0.0037280830000000001,2.2360679774997898,5.0000000000000009,-0.80636020512096129,58.937015101609305,34.145724382415636,trajectory reached the configured outer_limit radius
88,497,0.80473307941101768,0.45266666666666655,fraction,250,0,outer_limit,nan,0,1.8836827396780726,0.0042332059999999998,2.2360679774997898,5.0000000000000009,-0.80631456579312732,58.939009000607726,34.141480142928764,trajectory reached the configured outer_limit radius
88,498,0.80480486861931566,0.45266666666666655,fraction,250,0,outer_limit,nan,0,1.8804537344040209,0.0038568700000000001,2.2360679774997898,5.0000000000000009,-0.80626856316968021,58.941025448553923,34.137221186604712,trajectory reached the configured outer_limit radius
88,499,0.80487665782761375,0.45266666666666655,fraction,250,0,outer_limit,nan,0,1.8772432117069038,0.0039699649999999998,2.2360679774997898,5.0000000000000009,-0.80622220012131407,58.943064269601038,34.132947657798653,trajectory reached the configured outer_limit radius
88,500,0.80494844703591184,0.45266666666666655,fraction,250,0,outer_limit,nan,0,1.8740509618106478,0.0042697940000000004,2.2360679774997898,5.0000000000000009,-0.80617547948361901,58.945125289971223,34.128659698978723,trajectory reached the configured outer_limit radius
88,501,0.80502023624420993,0.45266666666666655,fraction,250,0,outer_limit,nan,0,1.8708767786074298,0.0033159579999999999,2.2360679774997898,5.0000000000000009,-0.80612840405775821,58.947208337916337,34.124357450763078,trajectory reached the configured outer_limit radius
88,502,0.80509202545250802,0.45266666666666655,fraction,250,0,outer_limit,nan,0,1.8677204595701469,0.0044993409999999996,2.2360679774997898,5.0000000000000009,-0.80608097661111522,58.949313243679597,34.120041051953365,trajectory reached the configured outer_limit radius
88,503,0.805163814660806,0.45266666666666655,fraction,250,0,outer_limit,nan,0,1.8645818056673167,0.0040817379999999997,2.2360679774997898,5.0000000000000009,-0.80603319987793454,58.951439839458722,34.115710639570523,trajectory reached the configured outer_limit radius
88,504,0.80523560386910409,0.45266666666666655,fraction,250,0,outer_limit,nan,0,1.8614606212807436,0.004022121,2.2360679774997898,5.0000000000000009,-0.80598507655993801,58.953587959370282,34.111366348887984,trajectory reached the configured outer_limit radius
88,505,0.80530739307740218,0.45266666666666655,fraction,250,0,outer_limit,nan,0,1.8583567141254931,0.0045376610000000001,2.2360679774997898,5.0000000000000009,-0.80593660932692535,58.955757439414576,34.107008313463567,trajectory reached the configured outer_limit radius
88,506,0.80537918228570027,0.45266666666666655,fraction,250,0,outer_limit,nan,0,1.8552698951722983,0.0044707540000000004,2.2360679774997898,5.0000000000000009,-0.80588780081736622,58.957948117440836,34.102636665171367,trajectory reached the configured outer_limit radius
88,507,0.80545097149399836,0.45266666666666655,fraction,250,0,outer_limit,nan,0,1.8521999785724093,0.0038399150000000002,2.2360679774997898,5.0000000000000009,-0.80583865363896301,58.960159833115036,34.098251534232411,trajectory reached the configured outer_limit radius
88,508,0.80552276070229645,0.45266666666666655,fraction,250,0,outer_limit,nan,0,1.8491467815844431,0.0041184289999999998,2.2360679774997898,5.0000000000000009,-0.80578917036921605,58.962392427887139,34.093853049246832,trajectory reached the configured outer_limit radius
88,509,0.80559454991059443,0.45266666666666655,fraction,250,0,outer_limit,nan,0,1.8461101245035556,0.004240499,2.2360679774997898,5.0000000000000009,-0.80573935355596049,58.964645744958744,34.089441337218602,trajectory reached the configured outer_limit radius
89,492,0.80437413336952723,0.46883333333333321,fraction,250,0,outer_limit,nan,0,1.8968049371668412,0.0040607459999999996,2.2360679774997898,5.0000000000000009,-0.80652146287978488,58.930960032926762,34.163411988573955,trajectory reached the configured outer_limit radius
89,493,0.80444592257782532,0.46883333333333321,fraction,250,0,outer_limit,nan,0,1.8934800383945052,0.0041336180000000004,2.2360679774997907,5.0000000000000044,-0.80647755068638882,58.932851738062546,34.159252141459298,trajectory reached the configured outer_limit radius
89,494,0.80451771178612341,0.46883333333333321,fraction,250,0,outer_limit,nan,0,1.8901747458360321,0.0046748099999999997,2.2360679774997898,5.0000000000000009,-0.80643326573846064,58.934766570843706,34.155077079842414,trajectory reached the configured outer_limit radius
89,495,0.8045895009944215,0.46883333333333321,fraction,250,0,outer_limit,nan,0,1.886888829577503,0.0040669249999999999,2.2360679774997898,5.0000000000000009,-0.80638861103371728,58.936704348016086,34.150886954969948,trajectory reached the configured outer_limit radius
89,496,0.80466129020271959,0.46883333333333321,fraction,250,0,outer_limit,nan,0,1.8836220638663543,0.0039150000000000001,2.2360679774997898,5.0000000000000009,-0.80634358953216634,58.938664888544878,34.146681916059912,trajectory reached the configured outer_limit radius
89,497,0.80473307941101768,0.46883333333333321,fraction,250,0,outer_limit,nan,0,1.8803742270083221,0.0039576469999999999,2.2360679774997898,5.0000000000000009,-0.80629820415684739,58.94064801357284,34.142462110344944,trajectory reached the configured outer_limit radius
89,498,0.80480486861931566,0.46883333333333321,fraction,250,0,outer_limit,nan,0,1.8771451012676497,0.0043930130000000003,2.2360679774997902,5.0000000000000027,-0.80625245779455479,58.942653546377997,34.138227683109626,trajectory reached the configured outer_limit radius
89,499,0.80487665782761375,0.46883333333333321,fraction,250,0,outer_limit,nan,0,1.8739344727704212,0.0041145579999999999,2.2360679774997898,5.0000000000000009,-0.80620635329655033,58.944681312331198,34.133978777728046,trajectory reached the configured outer_limit radius
89,500,0.80494844703591184,0.46883333333333321,fraction,250,0,outer_limit,nan,0,1.8707421314108552,0.0041361100000000001,2.2360679774997898,5.0000000000000009,-0.80615989347923811,58.946731138858524,34.129715535702019,trajectory reached the configured outer_limit radius
89,501,0.80502023624420993,0.46883333333333321,fraction,250,0,outer_limit,nan,0,1.8675678707606518,0.0043854139999999998,2.2360679774997898,5.0000000000000009,-0.80611308112484192,58.94880285540021,34.125438096694936,trajectory reached the configured outer_limit radius
89,502,0.80509202545250802,0.46883333333333321,fraction,250,0,outer_limit,nan,0,1.8644114879808811,0.0046352049999999999,2.2360679774997898,5.0000000000000009,-0.80606591898204361,58.950896293374619,34.121146598569254,trajectory reached the configured outer_limit radius
89,503,0.805163814660806,0.46883333333333321,fraction,250,0,outer_limit,nan,0,1.8612727837367924,0.0042573960000000001,2.2360679774997898,5.0000000000000009,-0.80601840976661976,58.953011286140452,34.116841177417577,trajectory reached the configured outer_limit radius
89,504,0.80523560386910409,0.46883333333333321,fraction,250,0,outer_limit,nan,0,1.8581515621150662,0.004375421,2.2360679774997898,5.0000000000000009,-0.80597055616205515,58.955147668961423,34.11252196759844,trajectory reached the configured outer_limit radius
89,505,0.80530739307740218,0.46883333333333321,fraction,250,0,outer_limit,nan,0,1.8550476305436532,0.002798039,2.2360679774997898,5.0000000000000009,-0.80592236082013757,58.95730527897188,34.108189101767024,trajectory reached the configured outer_limit radius
89,506,0.80537918228570027,0.46883333333333321,fraction,250,0,outer_limit,nan,0,1.8519607997138221,0.003909147,2.2360679774997898,5.0000000000000009,-0.80587382636154636,58.959483955141742,34.103842710906697,trajectory reached the configured outer_limit radius
89,507,0.80545097149399836,0.46883333333333321,fraction,250,0,outer_limit,nan,0,1.8488908835048419,0.0041841550000000002,2.2360679774997902,5.0000000000000027,-0.80582495537641008,58.96168353824509,34.099482924360146,trajectory reached the configured outer_limit radius
89,508,0.80552276070229645,0.46883333333333321,fraction,250,0,outer_limit,nan,0,1.8458376989104721,0.0040199679999999996,2.2360679774997898,5.0000000000000009,-0.80577575042486704,58.963903870826528,34.095109869858774,trajectory reached the configured outer_limit radius
89,509,0.80559454991059443,0.46883333333333321,fraction,250,0,outer_limit,nan,0,1.8428010659680334,0.0045525979999999997,2.2360679774997898,5.0000000000000009,-0.80572621403759925,58.966144797171225,34.09072367355229,trajectory reached the configured outer_limit radius
90,492,0.80437413336952723,0.48499999999999988,fraction,250,0,outer_limit,nan,0,1.893569763213151,0.0041874770000000002,2.2360679774997898,5.0000000000000009,-0.80650554219697701,58.932584452822503,34.164448114122806,trajectory reached the configured outer_limit radius
90,493,0.80444592257782532,0.48499999999999988,fraction,250,0,outer_limit,nan,0,1.8902446639807859,0.0040381030000000004,2.2360679774997898,5.0000000000000009,-0.80646190221588343,58.934464480014263,34.160314114329253,trajectory reached the configured outer_limit radius
90,494,0.80451771178612341,0.48499999999999988,fraction,250,0,outer_limit,nan,0,1.8869391869729606,0.0042404699999999997,2.2360679774997898,5.0000000000000009,-0.80641789193612068,58.936367484208745,34.156165000467745,trajectory reached the configured outer_limit radius
90,495,0.8045895009944215,0.48499999999999988,fraction,250,0,outer_limit,nan,0,1.8836531019065237,0.004039094,2.2360679774997898,5.0000000000000009,-0.8063735143340498,58.93829328349068,34.152000922714883,trajectory reached the configured outer_limit radius
90,496,0.80466129020271959,0.48499999999999988,fraction,250,0,outer_limit,nan,0,1.8803861826700758,0.004132518,2.2360679774997898,5.0000000000000009,-0.80632877234860401,58.940241698148412,34.147822029236522,trajectory reached the configured outer_limit radius
90,497,0.80473307941101768,0.48499999999999988,fraction,250,0,outer_limit,nan,0,1.8771382072206915,0.0037553930000000001,2.2360679774997898,5.0000000000000009,-0.80628366888202763,58.942212550630799,34.143628466226666,trajectory reached the configured outer_limit radius
90,498,0.80480486861931566,0.48499999999999988,fraction,250,0,outer_limit,nan,0,1.8739089574837033,0.0041167360000000002,2.2360679774997911,5.0000000000000062,-0.80623820680059344,58.944205665506097,34.139420377946394,trajectory reached the configured outer_limit radius
90,499,0.80487665782761375,0.48499999999999988,fraction,250,0,outer_limit,nan,0,1.8706982192556982,0.0040978189999999999,2.2360679774997898,5.0000000000000009,-0.80619238893530354,58.94622086941925,34.135197906760297,trajectory reached the configured outer_limit radius
90,500,0.80494844703591184,0.48499999999999988,fraction,250,0,outer_limit,nan,0,1.8675057821106107,0.0040935399999999997,2.2360679774997898,5.0000000000000009,-0.80614621808256859,58.9482579910553,34.130961193175452,trajectory reached the configured outer_limit radius
90,501,0.80502023624420993,0.48499999999999988,fraction,250,0,outer_limit,nan,0,1.8643314393085346,0.0042136630000000003,2.2360679774997898,5.0000000000000009,-0.80609969700487172,58.950316861097576,34.126710375873571,trajectory reached the configured outer_limit radius
90,502,0.80509202545250802,0.48499999999999988,fraction,250,0,outer_limit,nan,0,1.8611749877076167,0.0040441879999999998,2.2360679774997898,5.0000000000000009,-0.80605282843140569,58.952397312193369,34.122445591749852,trajectory reached the configured outer_limit radius
90,503,0.805163814660806,0.48499999999999988,fraction,250,0,outer_limit,nan,0,1.8580362276783444,0.0041550800000000002,2.2360679774997898,5.0000000000000009,-0.80600561505870494,58.954499178914816,34.118166975941875,trajectory reached the configured outer_limit radius
90,504,0.80523560386910409,0.48499999999999988,fraction,250,0,outer_limit,nan,0,1.8549149630206865,0.0041302520000000001,2.2360679774997898,5.0000000000000009,-0.80595805955124977,58.956622297725858,34.113874661867541,trajectory reached the configured outer_limit radius
90,505,0.80530739307740218,0.48499999999999988,fraction,250,0,outer_limit,nan,0,1.8518110008834658,0.0036679540000000002,2.2360679774997898,5.0000000000000009,-0.80591016454206332,58.958766506945508,34.109568781251923,trajectory reached the configured outer_limit radius
90,506,0.80537918228570027,0.48499999999999988,fraction,250,0,outer_limit,nan,0,1.8487241516865034,0.0034782319999999999,2.2360679774997898,5.0000000000000009,-0.80586193263328998,58.960931646715835,34.105249464163258,trajectory reached the configured outer_limit radius
90,507,0.80545097149399836,0.48499999999999988,fraction,250,0,outer_limit,nan,0,1.8456542290446356,0.0037856019999999999,2.2360679774997898,5.0000000000000009,-0.80581336639674905,58.963117558968918,34.100916839040039,trajectory reached the configured outer_limit radius
90,508,0.80552276070229645,0.48499999999999988,fraction,250,0,outer_limit,nan,0,1.8426010496943594,0.0040976709999999998,2.2360679774997907,5.0000000000000044,-0.80576446837449678,58.965324087394258,34.096571032721386,trajectory reached the configured outer_limit radius
90,509,0.80559454991059443,0.48499999999999988,fraction,250,0,outer_limit,nan,0,1.8395644334224297,0.0041864279999999999,2.2360679774997898,5.0000000000000009,-0.80571524107934778,58.967551077408345,34.092212170477012,trajectory reached the configured outer_limit radius
91,492,0.80437413336952723,0.50116666666666654,fraction,250,0,outer_limit,nan,0,1.890407605147568,0.0042176799999999997,2.2360679774997907,5.0000000000000044,-0.80649133260161743,58.934141379264283,34.165663384916229,trajectory reached the configured outer_limit radius
91,493,0.80444592257782532,0.50116666666666654,fraction,250,0,outer_limit,nan,0,1.8870823030742567,0.0041647710000000003,2.2360679774997898,5.0000000000000009,-0.80644799316971438,58.936008214146725,34.161557083220444,trajectory reached the configured outer_limit radius
91,494,0.80451771178612341,0.50116666666666654,fraction,250,0,outer_limit,nan,0,1.8837766387890691,0.0042205039999999999,2.2360679774997898,5.0000000000000009,-0.8064042859643531,58.937897870778734,34.157435769012231,trajectory reached the configured outer_limit radius
91,495,0.8045895009944215,0.50116666666666654,fraction,250,0,outer_limit,nan,0,1.8804903816501477,0.005167914,2.2360679774997898,5.0000000000000009,-0.80636021393963819,58.939810168645877,34.153299591368935,trajectory reached the configured outer_limit radius
91,496,0.80466129020271959,0.50116666666666654,fraction,250,0,outer_limit,nan,0,1.8772233051976841,0.004421604,2.2360679774997898,5.0000000000000009,-0.80631578001254434,58.941744929419144,34.149148697370975,trajectory reached the configured outer_limit radius
91,497,0.80473307941101768,0.50116666666666654,fraction,250,0,outer_limit,nan,0,1.8739751870500603,0.0037616289999999998,2.2360679774997898,5.0000000000000009,-0.80627098706364841,58.943701976913005,34.144983232143602,trajectory reached the configured outer_limit radius
91,498,0.80480486861931566,0.50116666666666654,fraction,250,0,outer_limit,nan,0,1.870745808803443,0.0040771089999999998,2.2360679774997898,5.0000000000000009,-0.80622583793784075,58.945681137043749,34.140803338894045,trajectory reached the configured outer_limit radius
91,499,0.80487665782761375,0.50116666666666654,fraction,250,0,outer_limit,nan,0,1.8675349559344327,0.0043679089999999997,2.2360679774997898,5.0000000000000009,-0.80618033544502132,58.947682237788882,34.136609158948552,trajectory reached the configured outer_limit radius
91,500,0.80494844703591184,0.50116666666666654,fraction,250,0,outer_limit,nan,0,1.8643424177058245,0.0035775220000000001,2.2360679774997898,5.0000000000000009,-0.80613448236076823,58.949705109148269,34.132400831789134,trajectory reached the configured outer_limit radius
91,501,0.80502023624420993,0.50116666666666654,fraction,250,0,outer_limit,nan,0,1.8611679870752404,0.0040679840000000002,2.2360679774997898,5.0000000000000009,-0.80608828142700462,58.951749583105048,34.128178495088349,trajectory reached the configured outer_limit radius
91,502,0.80509202545250802,0.50116666666666654,fraction,250,0,outer_limit,nan,0,1.8580114606065103,0.0042813039999999997,2.2360679774997898,5.0000000000000009,-0.80604173535262269,58.953815493590021,34.123942284744643,trajectory reached the configured outer_limit radius
91,503,0.805163814660806,0.50116666666666654,fraction,250,0,outer_limit,nan,0,1.8548726383839114,0.0042201859999999999,2.2360679774997898,5.0000000000000009,-0.80599484681411349,58.955902676444026,34.119692334914014,trajectory reached the configured outer_limit radius
91,504,0.80523560386910409,0.50116666666666654,fraction,250,0,outer_limit,nan,0,1.8517513239289216,0.0040050900000000002,2.2360679774997898,5.0000000000000009,-0.8059476184561708,58.958010969383615,34.115428778044659,trajectory reached the configured outer_limit radius
91,505,0.80530739307740218,0.50116666666666654,fraction,250,0,outer_limit,nan,0,1.8486473241193981,0.0048596580000000002,2.2360679774997911,5.0000000000000062,-0.8059000528922724,58.960140211967065,34.111151744907446,trajectory reached the configured outer_limit radius
91,506,0.80537918228570027,0.50116666666666654,fraction,250,0,outer_limit,nan,0,1.8455604491114108,0.0036650250000000001,2.2360679774997898,5.0000000000000009,-0.80585215270526156,58.962290245559515,34.106861364626297,trajectory reached the configured outer_limit radius
91,507,0.80545097149399836,0.50116666666666654,fraction,250,0,outer_limit,nan,0,1.8424905122631614,0.0037800329999999999,2.2360679774997898,5.0000000000000009,-0.80580392044789906,58.964460913303014,34.102557764710305,trajectory reached the configured outer_limit radius
91,508,0.80552276070229645,0.50116666666666654,fraction,250,0,outer_limit,nan,0,1.839437330061217,0.0039578189999999996,2.2360679774997898,5.0000000000000009,-0.8057553586434103,58.966652060082609,34.098241071081297,trajectory reached the configured outer_limit radius
91,509,0.80559454991059443,0.50116666666666654,fraction,250,0,outer_limit,nan,0,1.8364007220490439,0.0040522539999999999,2.2360679774997898,5.0000000000000009,-0.8057064697860099,58.968863532496769,34.093911408102983,trajectory reached the configured outer_limit radius
92,492,0.80437413336952723,0.5173333333333332,fraction,250,0,outer_limit,nan,0,1.8873191212453539,0.0040219770000000004,2.2360679774997898,5.0000000000000009,-0.80647885904855132,58.935630368910182,34.167061895154916,trajectory reached the configured outer_limit radius
92,493,0.80444592257782532,0.5173333333333332,fraction,250,0,outer_limit,nan,0,1.8839936129252948,0.0041858829999999996,2.2360679774997898,5.0000000000000009,-0.80643584920106093,58.937482461091932,34.162985192380944,trajectory reached the configured outer_limit radius
92,494,0.80451771178612341,0.5173333333333332,fraction,250,0,outer_limit,nan,0,1.8806877575132428,0.0041735330000000001,2.2360679774997898,5.0000000000000009,-0.80639247417738946,58.939357214978685,34.158893579850997,trajectory reached the configured outer_limit radius
92,495,0.8045895009944215,0.5173333333333332,fraction,250,0,outer_limit,nan,0,1.8774013240192373,0.0039220369999999997,2.2360679774997898,5.0000000000000009,-0.80634873690846076,58.94125445151866,34.154787205507581,trajectory reached the configured outer_limit radius
92,496,0.80466129020271959,0.5173333333333332,fraction,250,0,outer_limit,nan,0,1.8741340856452613,0.0046703409999999997,2.2360679774997907,5.0000000000000044,-0.80630464028837923,58.943173993828189,34.150666215316036,trajectory reached the configured outer_limit radius
92,497,0.80473307941101768,0.5173333333333332,fraction,250,0,outer_limit,nan,0,1.8708858196809992,0.00388697,2.2360679774997898,5.0000000000000009,-0.80626018717515147,58.94511566714786,34.14653075329992,trajectory reached the configured outer_limit radius
92,498,0.80480486861931566,0.5173333333333332,fraction,250,0,outer_limit,nan,0,1.8676563074032124,0.0043446420000000001,2.2360679774997898,5.0000000000000009,-0.80621538039140239,58.947079298802734,34.142380961581367,trajectory reached the configured outer_limit radius
92,499,0.80487665782761375,0.5173333333333332,fraction,250,0,outer_limit,nan,0,1.8644453339779354,0.004342757,2.2360679774997898,5.0000000000000009,-0.80617022272505268,58.94906471816163,34.138216980417752,trajectory reached the configured outer_limit radius
92,500,0.80494844703591184,0.5173333333333332,fraction,250,0,outer_limit,nan,0,1.8612526883660403,0.0040749159999999996,2.2360679774997898,5.0000000000000009,-0.80612471692999421,58.951071756597422,34.134038948235279,trajectory reached the configured outer_limit radius
92,501,0.80502023624420993,0.5173333333333332,fraction,250,0,outer_limit,nan,0,1.8580781632315007,0.00389603,2.2360679774997898,5.0000000000000009,-0.80607886572673604,58.953100247451559,34.12984700166858,trajectory reached the configured outer_limit radius
92,502,0.80509202545250802,0.5173333333333332,fraction,250,0,outer_limit,nan,0,1.8549215548526217,0.0041919219999999998,2.2360679774997898,5.0000000000000009,-0.80603267180303717,58.955150025994385,34.125641275589061,trajectory reached the configured outer_limit radius
92,503,0.805163814660806,0.5173333333333332,fraction,250,0,outer_limit,nan,0,1.8517826630359384,0.004358799,2.2360679774997898,5.0000000000000009,-0.80598613781452411,58.957220929391411,34.121421903142583,trajectory reached the configured outer_limit radius
92,504,0.80523560386910409,0.5173333333333332,fraction,250,0,outer_limit,nan,0,1.8486612910326059,0.004164582,2.2360679774997911,5.0000000000000062,-0.80593926638528612,58.959312796667859,34.117189015779879,trajectory reached the configured outer_limit radius
92,505,0.80530739307740218,0.5173333333333332,fraction,250,0,outer_limit,nan,0,1.8455572454576141,0.0032483820000000002,2.2360679774997898,5.0000000000000009,-0.80589206010845882,58.961425468674356,34.11294274328781,trajectory reached the configured outer_limit radius
92,506,0.80537918228570027,0.5173333333333332,fraction,250,0,outer_limit,nan,0,1.8424703362110668,0.0031532299999999999,2.2360679774997898,5.0000000000000009,-0.80584452154679687,58.963558788054335,34.108683213820896,trajectory reached the configured outer_limit radius
92,507,0.80545097149399836,0.5173333333333332,fraction,250,0,outer_limit,nan,0,1.8394003764020737,0.0023343040000000002,2.2360679774997898,5.0000000000000009,-0.80579665323322092,58.965712599211969,34.104410553930315,trajectory reached the configured outer_limit radius
92,508,0.80552276070229645,0.5173333333333332,fraction,250,0,outer_limit,nan,0,1.836347182274751,0.0044691089999999998,2.2360679774997898,5.0000000000000009,-0.80574845767135872,58.967886748280456,34.100124888594209,trajectory reached the configured outer_limit radius
92,509,0.80559454991059443,0.5173333333333332,fraction,250,0,outer_limit,nan,0,1.8333105731364381,0.0040312610000000004,2.2360679774997907,5.0000000000000044,-0.80569993733606937,58.970081083092012,34.095826341244866,trajectory reached the configured outer_limit radius
93,492,0.80437413336952723,0.53349999999999986,fraction,250,0,outer_limit,nan,0,1.8843051297372544,0.0041305400000000003,2.2360679774997898,5.0000000000000009,-0.80646814769999309,58.937051005697057,34.168648074461508,trajectory reached the configured outer_limit radius
93,493,0.80444592257782532,0.53349999999999986,fraction,250,0,outer_limit,nan,0,1.8809794107141067,0.004039819,2.2360679774997902,5.0000000000000027,-0.80642549723176515,58.938886765654097,34.164602926111613,trajectory reached the configured outer_limit radius
93,494,0.80451771178612341,0.53349999999999986,fraction,250,0,outer_limit,nan,0,1.8776733592776593,0.0041861939999999999,2.2360679774997907,5.0000000000000044,-0.80638248425971648,58.94074502227835,34.160542972048447,trajectory reached the configured outer_limit radius
93,495,0.8045895009944215,0.53349999999999986,fraction,250,0,outer_limit,nan,0,1.874386744100399,0.0040435870000000004,2.2360679774997898,5.0000000000000009,-0.80633911169062988,58.942625598046099,34.156468359047111,trajectory reached the configured outer_limit radius
93,496,0.80466129020271959,0.53349999999999986,fraction,250,0,outer_limit,nan,0,1.8711193380562949,0.0039845200000000001,2.2360679774997898,5.0000000000000009,-0.80629538239479581,58.944528317582019,34.152379231922012,trajectory reached the configured outer_limit radius
93,497,0.80473307941101768,0.53349999999999986,fraction,250,0,outer_limit,nan,0,1.8678709181163773,0.0051924650000000003,2.2360679774997898,5.0000000000000009,-0.80625129920672578,58.946453007616753,34.148275733563914,trajectory reached the configured outer_limit radius
93,498,0.80480486861931566,0.53349999999999986,fraction,250,0,outer_limit,nan,0,1.8646412652475923,0.004008925,2.2360679774997898,5.0000000000000009,-0.80620686492586136,58.948399496945036,34.144158004976582,trajectory reached the configured outer_limit radius
93,499,0.80487665782761375,0.53349999999999986,fraction,250,0,outer_limit,nan,0,1.8614301643148601,0.0038817980000000001,2.2360679774997898,5.0000000000000009,-0.80616208231724307,58.950367616388313,34.140026185316245,trajectory reached the configured outer_limit radius
93,500,0.80494844703591184,0.53349999999999986,fraction,250,0,outer_limit,nan,0,1.8582374039862939,0.0040323599999999996,2.2360679774997898,5.0000000000000009,-0.80611695411218387,58.952357198753838,34.135880411923338,trajectory reached the configured outer_limit radius
93,501,0.80502023624420993,0.53349999999999986,fraction,250,0,outer_limit,nan,0,1.8550627766411882,0.0035574080000000002,2.2360679774997898,5.0000000000000009,-0.80607148300890863,58.954368078798709,34.131720820360506,trajectory reached the configured outer_limit radius
93,502,0.80509202545250802,0.53349999999999986,fraction,250,0,outer_limit,nan,0,1.8519060782809558,0.0044652829999999996,2.2360679774997898,5.0000000000000009,-0.80602567167317563,58.956400093192983,34.127547544444418,trajectory reached the configured outer_limit radius
93,503,0.805163814660806,0.53349999999999986,fraction,250,0,outer_limit,nan,0,1.8487671084427755,0.0040854369999999999,2.2360679774997898,5.0000000000000009,-0.80597952273889628,58.958453080484205,34.123360716280132,trajectory reached the configured outer_limit radius
93,504,0.80523560386910409,0.53349999999999986,fraction,250,0,outer_limit,nan,0,1.8456456701158022,0.003516,2.2360679774997898,5.0000000000000009,-0.80593303880871625,58.960526881063011,34.1191604662909,trajectory reached the configured outer_limit radius
93,505,0.80530739307740218,0.53349999999999986,fraction,250,0,outer_limit,nan,0,1.842541569660056,0.0042636870000000004,2.2360679774997898,5.0000000000000009,-0.80588622245460495,58.962621337129093,34.114946923251452,trajectory reached the configured outer_limit radius
93,506,0.80537918228570027,0.53349999999999986,fraction,250,0,outer_limit,nan,0,1.8394546167275185,0.0036762190000000001,2.2360679774997911,5.0000000000000062,-0.80583907621840944,58.964736292659239,34.110720214317361,trajectory reached the configured outer_limit radius
93,507,0.80545097149399836,0.53349999999999986,fraction,250,0,outer_limit,nan,0,1.8363846241857795,0.0034329999999999999,2.2360679774997898,5.0000000000000009,-0.80579160261240479,58.966871593374371,34.106480465054645,trajectory reached the configured outer_limit radius
93,508,0.80552276070229645,0.53349999999999986,fraction,250,0,outer_limit,nan,0,1.8333314080438774,0.0040936330000000002,2.2360679774997898,5.0000000000000009,-0.80574380411983182,58.969027086710042,34.102227799469119,trajectory reached the configured outer_limit radius
93,509,0.80559454991059443,0.53349999999999986,fraction,250,0,outer_limit,nan,0,1.8302947873802424,0.0043190219999999996,2.2360679774997898,5.0000000000000009,-0.8056956831954093,58.971202621784556,34.097962340033611,trajectory reached the configured outer_limit radius
94,492,0.80437413336952723,0.54966666666666653,fraction,250,0,outer_limit,nan,0,1.8813666245591454,0.0035399049999999999,2.2360679774997898,5.0000000000000009,-0.8064592260458443,58.938402905157076,34.170426725551422,trajectory reached the configured outer_limit radius
94,493,0.80444592257782532,0.54966666666666653,fraction,250,0,outer_limit,nan,0,1.8780406892946588,0.0039434379999999996,2.2360679774997898,5.0000000000000009,-0.80641696557956632,58.940220700778781,34.166415146962628,trajectory reached the configured outer_limit radius
94,494,0.80451771178612341,0.54966666666666653,fraction,250,0,outer_limit,nan,0,1.8747344358558622,0.0041542690000000004,2.2360679774997898,5.0000000000000009,-0.80637434536024966,58.942060822814085,34.162388868087135,trajectory reached the configured outer_limit radius
94,495,0.8045895009944215,0.54966666666666653,fraction,250,0,outer_limit,nan,0,1.8714476325882226,0.0042042249999999998,2.2360679774997898,5.0000000000000009,-0.80633136826954799,58.943923095334526,34.15834803449772,trajectory reached the configured outer_limit radius
94,496,0.80466129020271959,0.54966666666666653,fraction,250,0,outer_limit,nan,0,1.8681800520480019,0.0043666310000000002,2.2360679774997902,5.0000000000000027,-0.80628803715295949,58.945807344538927,34.154292789822932,trajectory reached the configured outer_limit radius
94,497,0.80473307941101768,0.54966666666666653,fraction,250,0,outer_limit,nan,0,1.8649314708974425,0.0043548559999999998,2.2360679774997898,5.0000000000000009,-0.80624435482053802,58.94771339871194,34.150223275785073,trajectory reached the configured outer_limit radius
94,498,0.80480486861931566,0.54966666666666653,fraction,250,0,outer_limit,nan,0,1.8617016698034246,0.0043450160000000002,2.2360679774997898,5.0000000000000009,-0.80620032404759101,58.949641088183689,34.146139632237059,trajectory reached the configured outer_limit radius
94,499,0.80487665782761375,0.54966666666666653,fraction,250,0,outer_limit,nan,0,1.8584904333391516,0.00444226,2.2360679774997898,5.0000000000000009,-0.80615594757534936,58.951590245290291,34.142041997199428,trajectory reached the configured outer_limit radius
94,500,0.80494844703591184,0.54966666666666653,fraction,250,0,outer_limit,nan,0,1.8552975498891584,0.0030268109999999999,2.2360679774997898,5.0000000000000009,-0.80611122811162739,58.953560704335395,34.137930506894136,trajectory reached the configured outer_limit radius
94,501,0.80502023624420993,0.54966666666666653,fraction,250,0,outer_limit,nan,0,1.8521228115569235,0.0039755279999999999,2.2360679774997898,5.0000000000000009,-0.80606616833145295,58.95555230155442,34.133805295781372,trajectory reached the configured outer_limit radius
94,502,0.80509202545250802,0.54966666666666653,fraction,250,0,outer_limit,nan,0,1.8489660140756707,0.0046496769999999996,2.2360679774997898,5.0000000000000009,-0.80602077087769375,58.957564875076692,34.129666496589223,trajectory reached the configured outer_limit radius
94,503,0.805163814660806,0.54966666666666653,fraction,250,0,outer_limit,nan,0,1.845826956721665,0.0042965360000000001,2.2360679774997898,5.0000000000000009,-0.80597503836166218,58.959598264891689,34.125514240351293,trajectory reached the configured outer_limit radius
94,504,0.80523560386910409,0.54966666666666653,fraction,250,0,outer_limit,nan,0,1.8427054422303017,0.0032666489999999999,2.2360679774997898,5.0000000000000009,-0.80592897336369584,58.961652312814067,34.121348656432396,trajectory reached the configured outer_limit radius
94,505,0.80530739307740218,0.54966666666666653,fraction,250,0,outer_limit,nan,0,1.8396012767145613,0.0024672880000000002,2.2360679774997898,5.0000000000000009,-0.80588257843373601,58.96372686245121,34.117169872565739,trajectory reached the configured outer_limit radius
94,506,0.80537918228570027,0.54966666666666653,fraction,250,0,outer_limit,nan,0,1.8365142695861163,0.0043520920000000001,2.2360679774997898,5.0000000000000009,-0.80583585609187869,58.965821759169877,34.112978014876973,trajectory reached the configured outer_limit radius
94,507,0.80545097149399836,0.54966666666666653,fraction,250,0,outer_limit,nan,0,1.8334442334786438,0.0046216340000000003,2.2360679774997898,5.0000000000000009,-0.80578880882892445,58.967936850064994,34.108773207917778,trajectory reached the configured outer_limit radius
94,508,0.80552276070229645,0.54966666666666653,fraction,250,0,outer_limit,nan,0,1.8303909841734403,0.0038225139999999999,2.2360679774997898,5.0000000000000009,-0.80574143910689822,58.970071983929977,34.104555574693606,trajectory reached the configured outer_limit radius
94,509,0.80559454991059443,0.54966666666666653,fraction,250,0,outer_limit,nan,0,1.8273543405272552,0.0043142409999999999,2.2360679774997898,5.0000000000000009,-0.80569374935957405,58.972227011224653,34.100325236689613,trajectory reached the configured outer_limit radius
95,492,0.80437413336952723,0.56583333333333319,fraction,250,0,outer_limit,nan,0,1.8785047939161321,0.004233115,2.2360679774997898,5.0000000000000009,-0.80645212303839564,58.939685719756788,34.172403067790363,trajectory reached the configured outer_limit radius
95,493,0.80444592257782532,0.56583333333333319,fraction,250,0,outer_limit,nan,0,1.8751786357522322,0.002798119,2.2360679774997898,5.0000000000000009,-0.80641028410081761,58.941483872490416,34.168427139903983,trajectory reached the configured outer_limit radius
95,494,0.80451771178612341,0.56583333333333319,fraction,250,0,outer_limit,nan,0,1.8718721732137695,0.0041641550000000001,2.2360679774997898,5.0000000000000009,-0.80636808824311423,58.943304175920971,34.164436618650903,trajectory reached the configured outer_limit radius
95,495,0.8045895009944215,0.56583333333333319,fraction,250,0,outer_limit,nan,0,1.8685851743297313,0.0042171830000000002,2.2360679774997898,5.0000000000000009,-0.80632553832078036,58.94514645578419,34.160431648363904,trajectory reached the configured outer_limit radius
95,496,0.80466129020271959,0.56583333333333319,fraction,250,0,outer_limit,nan,0,1.865317411348925,0.0047757110000000002,2.2360679774997898,5.0000000000000009,-0.80628263715350634,58.94701053992199,34.156412371449534,trajectory reached the configured outer_limit radius
95,497,0.80473307941101768,0.56583333333333319,fraction,250,0,outer_limit,nan,0,1.8620686606348038,0.004143837,2.2360679774997898,5.0000000000000009,-0.80623938752589264,58.948896258240289,34.152378928425655,trajectory reached the configured outer_limit radius
95,498,0.80480486861931566,0.56583333333333319,fraction,250,0,outer_limit,nan,0,1.8588387025639093,0.0040648120000000001,2.2360679774997898,5.0000000000000009,-0.80619579218812953,58.95080344267032,34.148331457958761,trajectory reached the configured outer_limit radius
95,499,0.80487665782761375,0.56583333333333319,fraction,250,0,outer_limit,nan,0,1.8556273214271903,0.0040188990000000003,2.2360679774997898,5.0000000000000009,-0.80615185385666688,58.952731927128518,34.144270096898367,trajectory reached the configured outer_limit radius
95,500,0.80494844703591184,0.56583333333333319,fraction,250,0,outer_limit,nan,0,1.8524343053346894,0.0039074820000000003,2.2360679774997898,5.0000000000000009,-0.80610757521486132,58.954681547480199,34.140194980315172,trajectory reached the configured outer_limit radius
95,501,0.80502023624420993,0.56583333333333319,fraction,250,0,outer_limit,nan,0,1.8492594461231178,0.0040019469999999996,2.2360679774997898,5.0000000000000009,-0.80606295891360824,58.956652141501237,34.136106241530477,trajectory reached the configured outer_limit radius
95,502,0.80509202545250802,0.56583333333333319,fraction,250,0,outer_limit,nan,0,1.8461025392661354,0.0041660839999999996,2.2360679774997907,5.0000000000000044,-0.80601800757195574,58.958643548844023,34.132004012153736,trajectory reached the configured outer_limit radius
95,503,0.805163814660806,0.56583333333333319,fraction,250,0,outer_limit,nan,0,1.8429633837875739,0.004130669,2.2360679774997898,5.0000000000000009,-0.80597272377769924,58.960655611001236,34.127888422111454,trajectory reached the configured outer_limit radius
95,504,0.80523560386910409,0.56583333333333319,fraction,250,0,outer_limit,nan,0,1.8398417821772313,0.0039823649999999999,2.2360679774997898,5.0000000000000009,-0.80592711008796591,58.962688171273143,34.123759599680376,trajectory reached the configured outer_limit radius
95,505,0.80530739307740218,0.56583333333333319,fraction,250,0,outer_limit,nan,0,1.8367375403091473,0.0042780479999999996,2.2360679774997902,5.0000000000000027,-0.80588116902978046,58.964741074734377,34.119617671517808,trajectory reached the configured outer_limit radius
95,506,0.80537918228570027,0.56583333333333319,fraction,250,0,outer_limit,nan,0,1.8336504673624752,0.0040573249999999996,2.2360679774997898,5.0000000000000009,-0.80583490310061212,58.966814168201353,34.115462762690591,trajectory reached the configured outer_limit radius
95,507,0.80545097149399836,0.56583333333333319,fraction,250,0,outer_limit,nan,0,1.8305803757445276,0.0039303810000000002,2.2360679774997898,5.0000000000000009,-0.80578831476891843,58.968907300201778,34.111294996705006,trajectory reached the configured outer_limit radius
95,508,0.80552276070229645,0.56583333333333319,fraction,250,0,outer_limit,nan,0,1.8275270810162945,0.0040803760000000001,2.2360679774997898,5.0000000000000009,-0.80574140647466275,58.971020320943843,34.10711449553434,trajectory reached the configured outer_limit radius
95,509,0.80559454991059443,0.56583333333333319,fraction,250,0,outer_limit,nan,0,1.8244904018200112,0.003807281,2.2360679774997911,5.0000000000000062,-0.80569418062982634,58.973153082286821,34.102921379648045,trajectory reached the configured outer_limit radius
96,492,0.80437413336952723,0.58200000000000007,fraction,250,0,outer_limit,nan,0,1.8757210422351063,0.0043536130000000001,2.2360679774997898,5.0000000000000009,-0.80644686924393461,58.940899145491272,34.174582787822928,trajectory reached the configured outer_limit radius
96,493,0.80444592257782532,0.58200000000000007,fraction,250,0,outer_limit,nan,0,1.87239465334855,0.003193768,2.2360679774997902,5.0000000000000027,-0.80640548435142689,58.94267592601787,34.170644663668043,trajectory reached the configured outer_limit radius
96,494,0.80451771178612341,0.58200000000000007,fraction,250,0,outer_limit,nan,0,1.8690879734472134,0.003393067,2.2360679774997898,5.0000000000000009,-0.80636374545796097,58.944474675786921,34.166692054682159,trajectory reached the configured outer_limit radius
96,495,0.8045895009944215,0.58200000000000007,fraction,250,0,outer_limit,nan,0,1.8658007702542603,0.0038397879999999998,2.2360679774997898,5.0000000000000009,-0.80632165539179668,58.946295222271061,34.162725103919634,trajectory reached the configured outer_limit radius
96,496,0.80466129020271959,0.58200000000000007,fraction,250,0,outer_limit,nan,0,1.8625328157212853,0.0044720009999999998,2.2360679774997898,5.0000000000000009,-0.80627921694576765,58.948137395025206,34.158743952525455,trajectory reached the configured outer_limit radius
96,497,0.80473307941101768,0.58200000000000007,fraction,250,0,outer_limit,nan,0,1.8592838859230636,0.0041297030000000002,2.2360679774997898,5.0000000000000009,-0.80623643287797919,58.950001025646891,34.154748739775918,trajectory reached the configured outer_limit radius
96,498,0.80480486861931566,0.58200000000000007,fraction,250,0,outer_limit,nan,0,1.856053760955475,0.0041170340000000003,2.2360679774997898,5.0000000000000009,-0.80619330591247895,58.95188594773721,34.15073960311318,trajectory reached the configured outer_limit radius
96,499,0.80487665782761375,0.58200000000000007,fraction,250,0,outer_limit,nan,0,1.8528422248367031,0.0039208230000000004,2.2360679774997898,5.0000000000000009,-0.8061498387399284,58.953791996861241,34.146716678181086,trajectory reached the configured outer_limit radius
96,500,0.80494844703591184,0.58200000000000007,fraction,250,0,outer_limit,nan,0,1.8496490654115958,0.003050798,2.2360679774997898,5.0000000000000009,-0.80610603401823422,58.955719010511913,34.142680098860552,trajectory reached the configured outer_limit radius
96,501,0.80502023624420993,0.58200000000000007,fraction,250,0,outer_limit,nan,0,1.8464740742589814,0.0038851189999999998,2.2360679774997898,5.0000000000000009,-0.80606189437317677,58.957666828072711,34.138629997301095,trajectory reached the configured outer_limit radius
96,502,0.80509202545250802,0.58200000000000007,fraction,250,0,outer_limit,nan,0,1.843317046601723,0.003766831,2.2360679774997898,5.0000000000000009,-0.80601742239901708,58.959635290783197,34.134566503956037,trajectory reached the configured outer_limit radius
96,503,0.805163814660806,0.58200000000000007,fraction,250,0,outer_limit,nan,0,1.8401777812197191,0.004390929,2.2360679774997898,5.0000000000000009,-0.80597262065908593,58.961624241704321,34.130489747613275,trajectory reached the configured outer_limit radius
96,504,0.80523560386910409,0.58200000000000007,fraction,250,0,outer_limit,nan,0,1.8370560803654847,0.003776527,2.2360679774997898,5.0000000000000009,-0.80592749168635835,58.963633525684848,34.126399855425696,trajectory reached the configured outer_limit radius
96,505,0.80530739307740218,0.58200000000000007,fraction,250,0,outer_limit,nan,0,1.8339517496821218,0.004378486,2.2360679774997898,5.0000000000000009,-0.80588203798401703,58.965662989328962,34.122296952942719,trajectory reached the configured outer_limit radius
96,506,0.80537918228570027,0.58200000000000007,fraction,250,0,outer_limit,nan,0,1.8308645981240848,0.0047335320000000004,2.2360679774997898,5.0000000000000009,-0.80583626202599179,58.967712480964991,34.118181164139052,trajectory reached the configured outer_limit radius
96,507,0.80545097149399836,0.58200000000000007,fraction,250,0,outer_limit,nan,0,1.827794437879998,0.0043272379999999997,2.2360679774997898,5.0000000000000009,-0.80579016625749844,58.969781850613529,34.114052611443199,trajectory reached the configured outer_limit radius
96,508,0.80552276070229645,0.58200000000000007,fraction,250,0,outer_limit,nan,0,1.8247410842979435,0.0040352799999999996,2.2360679774997898,5.0000000000000009,-0.80574375309554691,58.971870949958159,34.109911415765538,trajectory reached the configured outer_limit radius
96,509,0.80559454991059443,0.58200000000000007,fraction,250,0,outer_limit,nan,0,1.8217043558129073,0.0041859100000000002,2.2360679774997898,5.0000000000000009,-0.80569702492945039,58.973979632316443,34.105757696527135,trajectory reached the configured outer_limit radius
97,492,0.80437413336952723,0.59816666666666674,fraction,250,0,outer_limit,nan,0,1.8730170162266293,0.0041718959999999996,2.2360679774997902,5.0000000000000027,-0.80644349701431617,58.942042930032493,34.17697209874747,trajectory reached the configured outer_limit radius
97,493,0.80444592257782532,0.59816666666666674,fraction,250,0,outer_limit,nan,0,1.8696903875754192,0.0038148650000000002,2.2360679774997902,5.0000000000000027,-0.80640259976936735,58.9437965533957,34.173074010763557,trajectory reached the configured outer_limit radius
97,494,0.80451771178612341,0.59816666666666674,fraction,250,0,outer_limit,nan,0,1.8663834808272117,0.0048985549999999997,2.2360679774997898,5.0000000000000009,-0.806361351533462,58.945571958504743,34.169161548238172,trajectory reached the configured outer_limit radius
97,495,0.8045895009944215,0.59816666666666674,fraction,250,0,outer_limit,nan,0,1.8630960634100511,0.0042262419999999998,2.2360679774997898,5.0000000000000009,-0.80631975510651599,58.947368974642231,34.165234852903637,trajectory reached the configured outer_limit radius
97,496,0.80466129020271959,0.59816666666666674,fraction,250,0,outer_limit,nan,0,1.8598279069888282,0.004199113,2.2360679774997898,5.0000000000000009,-0.80627781325340353,58.94918743315089,34.161294064605585,trajectory reached the configured outer_limit radius
97,497,0.80473307941101768,0.59816666666666674,fraction,250,0,outer_limit,nan,0,1.8565787873596604,0.003779541,2.2360679774997898,5.0000000000000009,-0.80623552870464721,58.951027167392574,34.15733932133822,trajectory reached the configured outer_limit radius
97,498,0.80480486861931566,0.59816666666666674,fraction,250,0,outer_limit,nan,0,1.8533484843475925,0.0040058159999999997,2.2360679774997898,5.0000000000000009,-0.80619290415708944,58.952888012709622,34.153370759280747,trajectory reached the configured outer_limit radius
97,499,0.80487665782761375,0.59816666666666674,fraction,250,0,outer_limit,nan,0,1.85013678170762,0.0039536429999999997,2.2360679774997898,5.0000000000000009,-0.80614994227454806,58.954769806386338,34.149388512831884,trajectory reached the configured outer_limit radius
97,500,0.80494844703591184,0.59816666666666674,fraction,250,0,outer_limit,nan,0,1.8469434670287164,0.0036806740000000001,2.2360679774997898,5.0000000000000009,-0.80610664568844259,58.956672387613061,34.145392714645212,trajectory reached the configured outer_limit radius
97,501,0.80502023624420993,0.59816666666666674,fraction,250,0,outer_limit,nan,0,1.8437683316408251,0.0032264030000000001,2.2360679774997902,5.0000000000000027,-0.8060630169984172,58.958595597449687,34.141383495661721,trajectory reached the configured outer_limit radius
97,502,0.80509202545250802,0.59816666666666674,fraction,250,0,outer_limit,nan,0,1.8406111705248636,0.0048359290000000001,2.2360679774997898,5.0000000000000009,-0.80601905877293489,58.960539278791103,34.137360985142308,trajectory reached the configured outer_limit radius
97,503,0.805163814660806,0.59816666666666674,fraction,250,0,outer_limit,nan,0,1.8374717822253452,0.0042936520000000002,2.2360679774997898,5.0000000000000009,-0.80597477354986968,58.962503276332512,34.133325310699064,trajectory reached the configured outer_limit radius
97,504,0.80523560386910409,0.59816666666666674,fraction,250,0,outer_limit,nan,0,1.834349968765788,0.003987516,2.2360679774997907,5.0000000000000044,-0.80593016383706595,58.96448743653783,34.129276598326626,trajectory reached the configured outer_limit radius
97,505,0.80530739307740218,0.59816666666666674,fraction,250,0,outer_limit,nan,0,1.8312455355665369,0.0038872329999999999,2.2360679774997898,5.0000000000000009,-0.80588523211289642,58.966491607605803,34.125214972431067,trajectory reached the configured outer_limit radius
97,506,0.80537918228570027,0.59816666666666674,fraction,250,0,outer_limit,nan,0,1.828158291365203,0.0043068300000000002,2.2360679774997898,5.0000000000000009,-0.80583998082680119,58.968515639440312,34.12114055586035,trajectory reached the configured outer_limit radius
97,507,0.80545097149399836,0.59816666666666674,fraction,250,0,outer_limit,nan,0,1.8250880481394089,0.0036470610000000001,2.2360679774997898,5.0000000000000009,-0.80579441239981087,58.970559383618514,34.117053469931378,trajectory reached the configured outer_limit radius
97,508,0.80552276070229645,0.59816666666666674,fraction,250,0,outer_limit,nan,0,1.822034621031841,0.003337203,2.2360679774997898,5.0000000000000009,-0.80574852922506013,58.972622693362105,34.112953834459027,trajectory reached the configured outer_limit radius
97,509,0.80559454991059443,0.59816666666666674,fraction,250,0,outer_limit,nan,0,1.8189978282775212,0.0039920829999999996,2.2360679774997898,5.0000000000000009,-0.80570233366828037,58.974705423508169,34.108841767782138,trajectory reached the configured outer_limit radius
98,492,0.80437413336952723,0.6143333333333334,fraction,250,0,outer_limit,nan,0,1.8703946359710575,0.0042167050000000003,2.2360679774997898,5.0000000000000009,-0.8064420406822439,58.943116882819091,34.179577809701087,trajectory reached the configured outer_limit radius
98,493,0.80444592257782532,0.6143333333333334,fraction,250,0,outer_limit,nan,0,1.8670677572308352,0.0041632090000000002,2.2360679774997898,5.0000000000000009,-0.80640166588282791,58.944845502911207,34.175722078050228,trajectory reached the configured outer_limit radius
98,494,0.80451771178612341,0.6143333333333334,fraction,250,0,outer_limit,nan,0,1.8637606128661137,0.0040796690000000002,2.2360679774997898,5.0000000000000009,-0.80636094319842178,58.946595710867882,34.171852084053413,trajectory reached the configured outer_limit radius
98,495,0.8045895009944215,0.6143333333333334,fraction,250,0,outer_limit,nan,0,1.8604729700205833,0.0031018539999999998,2.2360679774997898,5.0000000000000009,-0.8063198753994224,58.948367337861185,34.167967968080347,trajectory reached the configured outer_limit radius
98,496,0.80466129020271959,0.6143333333333334,fraction,250,0,outer_limit,nan,0,1.8572046000828824,0.004469883,2.2360679774997902,5.0000000000000027,-0.8062784652215933,58.950160217098038,34.164069868633121,trajectory reached the configured outer_limit radius
98,497,0.80473307941101768,0.6143333333333334,fraction,250,0,outer_limit,nan,0,1.8539552785807174,0.0041808629999999999,2.2360679774997898,5.0000000000000009,-0.80623671536674535,58.951974183780152,34.16015792238197,trajectory reached the configured outer_limit radius
98,498,0.80480486861931566,0.6143333333333334,fraction,250,0,outer_limit,nan,0,1.8507247850783428,0.0033195159999999998,2.2360679774997898,5.0000000000000009,-0.80619462850339441,58.953809075066502,34.15623226420216,trajectory reached the configured outer_limit radius
98,499,0.80487665782761375,0.6143333333333334,fraction,250,0,outer_limit,nan,0,1.8475129030771142,0.0040179689999999997,2.2360679774997898,5.0000000000000009,-0.80615220726741377,58.955664730034357,34.152293027207108,trajectory reached the configured outer_limit radius
98,500,0.80494844703591184,0.6143333333333334,fraction,250,0,outer_limit,nan,0,1.8443194199195607,0.0042259949999999998,2.2360679774997907,5.0000000000000044,-0.8061094542626519,58.957540989644166,34.148340342783534,trajectory reached the configured outer_limit radius
98,501,0.80502023624420993,0.6143333333333334,fraction,250,0,outer_limit,nan,0,1.8411441266958997,0.0047068789999999998,2.2360679774997898,5.0000000000000009,-0.80606637206154264,58.959437696703766,34.144374340623713,trajectory reached the configured outer_limit radius
98,502,0.80509202545250802,0.6143333333333334,fraction,250,0,outer_limit,nan,0,1.8379868181539634,0.003842818,2.2360679774997898,5.0000000000000009,-0.80602296320570488,58.961354695833734,34.140395148757676,trajectory reached the configured outer_limit radius
98,503,0.805163814660806,0.6143333333333334,fraction,250,0,outer_limit,nan,0,1.8348472926115722,0.0040928329999999997,2.2360679774997898,5.0000000000000009,-0.80597923020650841,58.96329183343444,34.136402893584147,trajectory reached the configured outer_limit radius
98,504,0.80523560386910409,0.6143333333333334,fraction,250,0,outer_limit,nan,0,1.8317253518716519,0.0037271190000000001,2.2360679774997898,5.0000000000000009,-0.80593517554564431,58.96524895765269,34.13239769990151,trajectory reached the configured outer_limit radius
98,505,0.80530739307740218,0.6143333333333334,fraction,250,0,outer_limit,nan,0,1.8286208011399288,0.0039013979999999999,2.2360679774997898,5.0000000000000009,-0.80589080167566673,58.967225918350294,34.128379690936185,trajectory reached the configured outer_limit radius
98,506,0.80537918228570027,0.6143333333333334,fraction,250,0,outer_limit,nan,0,1.8255334489452637,0.00402689,2.2360679774997898,5.0000000000000009,-0.80584611102052572,58.969222567073317,34.124348988372475,trajectory reached the configured outer_limit radius
98,507,0.80545097149399836,0.6143333333333334,fraction,250,0,outer_limit,nan,0,1.8224631070620076,0.0044433859999999997,2.2360679774997898,5.0000000000000009,-0.80580110597608789,58.971238757021908,34.120305712380741,trajectory reached the configured outer_limit radius
98,508,0.80552276070229645,0.6143333333333334,fraction,250,0,outer_limit,nan,0,1.8194095904350003,0.0040554220000000004,2.2360679774997898,5.0000000000000009,-0.80575578891063582,58.973274343021082,34.116249981644096,trajectory reached the configured outer_limit radius
98,509,0.80559454991059443,0.6143333333333334,fraction,250,0,outer_limit,nan,0,1.8163727171066479,0.0043488629999999997,2.2360679774997898,5.0000000000000009,-0.80571016216537017,58.975329181491276,34.112181913385413,trajectory reached the configured outer_limit radius
99,492,0.80437413336952723,0.63050000000000006,fraction,250,0,outer_limit,nan,0,1.8678561321968756,0.0043213849999999996,2.2360679774997898,5.0000000000000009,-0.80644253678486477,58.944120887588447,34.182407408215226,trajectory reached the configured outer_limit radius
99,493,0.80444592257782532,0.63050000000000006,fraction,250,0,outer_limit,nan,0,1.8645289916862031,0.0038659160000000001,2.2360679774997898,5.0000000000000009,-0.80640272054910389,58.945822590870712,34.178596450268316,trajectory reached the configured outer_limit radius
99,494,0.80451771178612341,0.63050000000000006,fraction,250,0,outer_limit,nan,0,1.861221597573214,0.0026121410000000001,2.2360679774997898,5.0000000000000009,-0.80636255963600645,58.947545681371551,34.174771344252875,trajectory reached the configured outer_limit radius
99,495,0.8045895009944215,0.63050000000000006,fraction,250,0,outer_limit,nan,0,1.8579337167282515,0.0039735129999999997,2.2360679774997898,5.0000000000000009,-0.80632205678522773,58.949289992234043,34.170932229129384,trajectory reached the configured outer_limit radius
99,496,0.80466129020271959,0.63050000000000006,fraction,250,0,outer_limit,nan,0,1.8546651202743685,0.0037633300000000001,2.2360679774997898,5.0000000000000009,-0.80628121470221481,58.95105535860975,34.167079242011532,trajectory reached the configured outer_limit radius
99,497,0.80473307941101768,0.63050000000000006,fraction,250,0,outer_limit,nan,0,1.851415583481232,0.0035126990000000002,2.2360679774997898,5.0000000000000009,-0.80624003605887073,58.95284161762045,34.163212518202016,trajectory reached the configured outer_limit radius
99,498,0.80480486861931566,0.63050000000000006,fraction,250,0,outer_limit,nan,0,1.8481848856622844,0.0029934440000000001,2.2360679774997902,5.0000000000000027,-0.8061985234942195,58.954648608319118,34.159332191228359,trajectory reached the configured outer_limit radius
99,499,0.80487665782761375,0.63050000000000006,fraction,250,0,outer_limit,nan,0,1.8449728100751812,0.0036750849999999998,2.2360679774997898,5.0000000000000009,-0.8061566796150279,58.956476171653492,34.155438392875084,trajectory reached the configured outer_limit radius
99,500,0.80494844703591184,0.63050000000000006,fraction,250,0,outer_limit,nan,0,1.841779143825419,0.0040039660000000003,2.2360679774997898,5.0000000000000009,-0.80611450699643639,58.958324150430421,34.151531253220284,trajectory reached the configured outer_limit radius
99,501,0.80502023624420993,0.63050000000000006,fraction,250,0,outer_limit,nan,0,1.838603677772858,0.0036759570000000001,2.2360679774997898,5.0000000000000009,-0.80607200818255087,58.960192389280607,34.147610900666145,trajectory reached the configured outer_limit radius
99,502,0.80509202545250802,0.63050000000000006,fraction,250,0,outer_limit,nan,0,1.83544620644121,0.0044713749999999997,2.2360679774997898,5.0000000000000009,-0.8060291856870293,58.96208073462504,34.143677461971023,trajectory reached the configured outer_limit radius
99,503,0.805163814660806,0.63050000000000006,fraction,250,0,outer_limit,nan,0,1.8323065279303674,0.0041168200000000002,2.2360679774997898,5.0000000000000009,-0.80598604199365587,58.963989034641102,34.139731062279822,trajectory reached the configured outer_limit radius
99,504,0.80523560386910409,0.63050000000000006,fraction,250,0,outer_limit,nan,0,1.829184443831241,0.0030687900000000001,2.2360679774997898,5.0000000000000009,-0.80594257955688753,58.965917139231365,34.135771825155018,trajectory reached the configured outer_limit radius
99,505,0.80530739307740218,0.63050000000000006,fraction,250,0,outer_limit,nan,0,1.8260797591433127,0.0041256019999999999,2.2360679774997898,5.0000000000000009,-0.80589880080239962,58.967864899991277,34.131799872603871,trajectory reached the configured outer_limit radius
99,506,0.80537918228570027,0.63050000000000006,fraction,250,0,outer_limit,nan,0,1.8229922821946554,0.0037760340000000002,2.2360679774997898,5.0000000000000009,-0.80585470812760684,58.969832170180041,34.127815325110078,trajectory reached the configured outer_limit radius
99,507,0.80545097149399836,0.63050000000000006,fraction,250,0,outer_limit,nan,0,1.8199218245643012,0.0038618319999999999,2.2360679774997898,5.0000000000000009,-0.80581030390217634,58.971818804689448,34.12381830165792,trajectory reached the configured outer_limit radius
99,508,0.80552276070229645,0.63050000000000006,fraction,250,0,outer_limit,nan,0,1.8168682010069364,0.0038980989999999999,2.2360679774997898,5.0000000000000009,-0.80576559046853025,58.973824660015609,34.119808919762498,trajectory reached the configured outer_limit radius
99,509,0.80559454991059443,0.63050000000000006,fraction,250,0,outer_limit,nan,0,1.8138312293798033,0.003743176,2.2360679774997902,5.0000000000000027,-0.8057205701423219,58.975849594231349,34.11578729549403,trajectory reached the configured outer_limit radius
100,492,0.80437413336952723,0.64666666666666672,fraction,250,0,outer_limit,nan,0,1.8654040912587493,0.0047453130000000001,2.2360679774997898,5.0000000000000009,-0.80644502432144294,58.945054918005042,34.185469158375476,trajectory reached the configured outer_limit radius
100,493,0.80444592257782532,0.64666666666666672,fraction,250,0,outer_limit,nan,0,1.8620766758509628,0.0043410419999999998,2.2360679774997898,5.0000000000000009,-0.80640580423050212,58.946727716319678,34.18170549960697,trajectory reached the configured outer_limit radius
100,494,0.80451771178612341,0.64666666666666672,fraction,250,0,outer_limit,nan,0,1.8587690184059922,0.0040522900000000001,2.2360679774997898,5.0000000000000009,-0.80636624277799962,58.948421694014911,34.177927809326029,trajectory reached the configured outer_limit radius
100,495,0.8045895009944215,0.64666666666666672,fraction,250,0,outer_limit,nan,0,1.8554808855320111,0.0040834779999999998,2.2360679774997898,5.0000000000000009,-0.80632634267156011,58.95013668629035,34.174136225035021,trajectory reached the configured outer_limit radius
100,496,0.80466129020271959,0.64666666666666672,fraction,250,0,outer_limit,nan,0,1.8522120480973769,0.0047675749999999996,2.2360679774997898,5.0000000000000009,-0.80628610658503952,58.951872530326945,34.170330882411371,trajectory reached the configured outer_limit radius
100,497,0.80473307941101768,0.64666666666666672,fraction,250,0,outer_limit,nan,0,1.8489622811242477,0.0039803039999999996,2.2360679774997898,5.0000000000000009,-0.8062455371591869,58.953629065249402,34.166511915342859,trajectory reached the configured outer_limit radius
100,498,0.80480486861931566,0.64666666666666672,fraction,250,0,outer_limit,nan,0,1.8457313636855597,0.0039968850000000004,2.2360679774997898,5.0000000000000009,-0.80620463700228995,58.955406132087766,34.162679455962618,trajectory reached the configured outer_limit radius
100,499,0.80487665782761375,0.64666666666666672,fraction,250,0,outer_limit,nan,0,1.8425190788051848,0.0044134339999999999,2.2360679774997898,5.0000000000000009,-0.80616340869080461,58.957203573740912,34.158833634682843,trajectory reached the configured outer_limit radius
100,500,0.80494844703591184,0.64666666666666672,fraction,250,0,outer_limit,nan,0,1.8393252133613185,0.0040241549999999997,2.2360679774997898,5.0000000000000009,-0.80612185476995746,58.959021234942128,34.154974580226735,trajectory reached the configured outer_limit radius
100,501,0.80502023624420993,0.64666666666666672,fraction,250,0,outer_limit,nan,0,1.8361495579928828,0.0040919019999999997,2.2360679774997898,5.0000000000000009,-0.80607997775434304,58.960858962223824,34.151102419662266,trajectory reached the configured outer_limit radius
100,502,0.80509202545250802,0.64666666666666672,fraction,250,0,outer_limit,nan,0,1.8329919070086866,0.0040484809999999996,2.2360679774997898,5.0000000000000009,-0.80603778012850058,58.962716603884601,34.147217278432741,trajectory reached the configured outer_limit radius
100,503,0.805163814660806,0.64666666666666672,fraction,250,0,outer_limit,nan,0,1.8298520582996314,0.00377772,2.2360679774997902,5.0000000000000027,-0.80599526434747082,58.964594009956514,34.143319280386834,trajectory reached the configured outer_limit radius
100,504,0.80523560386910409,0.64666666666666672,fraction,250,0,outer_limit,nan,0,1.8267298132532703,0.003625433,2.2360679774997898,5.0000000000000009,-0.80595243283735141,58.96649103217274,34.13940854780838,trajectory reached the configured outer_limit radius
100,505,0.80530739307740218,0.64666666666666672,fraction,250,0,outer_limit,nan,0,1.8236249766712822,0.0036109480000000001,2.2360679774997898,5.0000000000000009,-0.80590928799581663,58.968407523938168,34.135485201445682,trajectory reached the configured outer_limit radius
100,506,0.80537918228570027,0.64666666666666672,fraction,250,0,outer_limit,nan,0,1.8205373566893024,0.0038939410000000002,2.2360679774997898,5.0000000000000009,-0.8058658321926474,58.970343340297369,34.131549360538649,trajectory reached the configured outer_limit radius
100,507,0.80545097149399836,0.64666666666666672,fraction,250,0,outer_limit,nan,0,1.8174667646989409,0.0039484589999999996,2.2360679774997898,5.0000000000000009,-0.80582206777022725,58.97229833790729,34.127601142847638,trajectory reached the configured outer_limit radius
100,508,0.80552276070229645,0.64666666666666672,fraction,250,0,outer_limit,nan,0,1.8144130152726106,0.0048830719999999996,2.2360679774997898,5.0000000000000009,-0.80577799704403907,58.974272375007132,34.123640664678547,trajectory reached the configured outer_limit radius
100,509,0.80559454991059443,0.64666666666666672,fraction,250,0,outer_limit,nan,0,1.8113759260900149,0.0037847789999999998,2.2360679774997898,5.0000000000000009,-0.80573362230314116,58.97626531139143,34.119668040910177,trajectory reached the configured outer_limit radius
101,492,0.80437413336952723,0.66283333333333339,fraction,250,0,outer_limit,nan,0,1.8630415097806059,0.0041028760000000001,2.2360679774997898,5.0000000000000009,-0.80644954505231892,58.945919057255495,34.18877221871162,trajectory reached the configured outer_limit radius
101,493,0.80444592257782532,0.66283333333333339,fraction,250,0,outer_limit,nan,0,1.8597138047996797,0.0051865280000000001,2.2360679774997898,5.0000000000000009,-0.80641096031526149,58.94756087954282,34.18505850528976,trajectory reached the configured outer_limit radius
101,494,0.80451771178612341,0.66283333333333339,fraction,250,0,outer_limit,nan,0,1.8564058688809981,0.0040509889999999996,2.2360679774997898,5.0000000000000009,-0.80637203764778453,58.949223665699371,34.181330879412286,trajectory reached the configured outer_limit radius
101,495,0.8045895009944215,0.66283333333333339,fraction,250,0,outer_limit,nan,0,1.8531174683818981,0.003835172,2.2360679774997898,5.0000000000000009,-0.80633277972411843,58.950907253071563,34.177589477072459,trajectory reached the configured outer_limit radius
101,496,0.80466129020271959,0.66283333333333339,fraction,250,0,outer_limit,nan,0,1.8498483739271794,0.0038536019999999998,2.2360679774997898,5.0000000000000009,-0.80629318918518544,58.952611480959746,34.173834432460943,trajectory reached the configured outer_limit radius
101,497,0.80473307941101768,0.66283333333333339,fraction,250,0,outer_limit,nan,0,1.8465983603022789,0.0039053650000000001,2.2360679774997898,5.0000000000000009,-0.80625326863925806,58.954336190578395,34.170065878000067,trajectory reached the configured outer_limit radius
101,498,0.80480486861931566,0.66283333333333339,fraction,250,0,outer_limit,nan,0,1.8433672063500808,0.0040641740000000003,2.2360679774997898,5.0000000000000009,-0.80621302066258882,58.956081225021492,34.16628394438046,trajectory reached the configured outer_limit radius
101,499,0.80487665782761375,0.66283333333333339,fraction,250,0,outer_limit,nan,0,1.8401546948708563,0.0044772450000000004,2.2360679774997898,5.0000000000000009,-0.80617244780002884,58.957846429224674,34.162488760590854,trajectory reached the configured outer_limit radius
101,500,0.80494844703591184,0.66283333333333339,fraction,250,0,outer_limit,nan,0,1.8369606125255011,0.0041654580000000004,2.2360679774997898,5.0000000000000009,-0.80613155256563163,58.95963164993158,34.158680453953856,trajectory reached the configured outer_limit radius
101,501,0.80502023624420993,0.66283333333333339,fraction,250,0,outer_limit,nan,0,1.8337847497415423,0.0031355799999999998,2.2360679774997898,5.0000000000000009,-0.80609033744323055,58.961436735659682,34.15485915015627,trajectory reached the configured outer_limit radius
101,502,0.80509202545250802,0.66283333333333339,fraction,250,0,outer_limit,nan,0,1.830626900622359,0.0041327819999999998,2.2360679774997898,5.0000000000000009,-0.80604880488701258,58.963261536667204,34.151024973279569,trajectory reached the configured outer_limit radius
101,503,0.805163814660806,0.66283333333333339,fraction,250,0,outer_limit,nan,0,1.8274868628588878,0.0038513710000000001,2.2360679774997898,5.0000000000000009,-0.80600695732206751,58.965105904921231,34.147178045830785,trajectory reached the configured outer_limit radius
101,504,0.80523560386910409,0.66283333333333339,fraction,250,0,outer_limit,nan,0,1.8243644376443335,0.0031768550000000001,2.2360679774997898,5.0000000000000009,-0.80596479714492963,58.966969694066059,34.143318488770475,trajectory reached the configured outer_limit radius
101,505,0.80530739307740218,0.66283333333333339,fraction,250,0,outer_limit,nan,0,1.8212594295911964,0.0032483899999999999,2.2360679774997898,5.0000000000000009,-0.80592232672410014,58.968852759393371,34.139446421542871,trajectory reached the configured outer_limit radius
101,506,0.80537918228570027,0.66283333333333339,fraction,250,0,outer_limit,nan,0,1.8181716466509819,0.0037720169999999999,2.2360679774997898,5.0000000000000009,-0.80587954840055609,58.970754957812289,34.135561962102315,trajectory reached the configured outer_limit radius
101,507,0.80545097149399836,0.66283333333333339,fraction,250,0,outer_limit,nan,0,1.815100900036265,0.0036870330000000002,2.2360679774997898,5.0000000000000009,-0.80583646448825264,58.972676147820252,34.131665226940491,trajectory reached the configured outer_limit radius
101,508,0.80552276070229645,0.66283333333333339,fraction,250,0,outer_limit,nan,0,1.8120470041449817,0.0041875150000000002,2.2360679774997898,5.0000000000000009,-0.80579307727460003,58.974616189475874,34.127756331113581,trajectory reached the configured outer_limit radius
101,509,0.80559454991059443,0.66283333333333339,fraction,250,0,outer_limit,nan,0,1.809009776487174,0.0039510719999999999,2.2360679774997898,5.0000000000000009,-0.80574938902094539,58.9765749443701,34.123835388266585,trajectory reached the configured outer_limit radius
102,492,0.80437413336952723,0.67900000000000005,fraction,250,0,outer_limit,nan,0,1.8607718615527442,0.0039173599999999999,2.2360679774997898,5.0000000000000009,-0.80645614384832331,58.94671352276832,34.192326784965218,trajectory reached the configured outer_limit radius
102,493,0.80444592257782532,0.67900000000000005,fraction,250,0,outer_limit,nan,0,1.8574438506503776,0.0045600379999999998,2.2360679774997894,4.9999999999999982,-0.80641823549359959,58.948322205457544,34.188665798400685,trajectory reached the configured outer_limit radius
102,494,0.80451771178612341,0.67900000000000005,fraction,250,0,outer_limit,nan,0,1.8541356194328611,0.0035732979999999999,2.2360679774997898,5.0000000000000009,-0.80637999276316119,58.949951628287522,34.184991021193198,trajectory reached the configured outer_limit radius
102,495,0.8045895009944215,0.67900000000000005,fraction,250,0,outer_limit,nan,0,1.8508469340184608,0.0041154360000000001,2.2360679774997898,5.0000000000000009,-0.8063414182963996,58.951601630847563,34.181302587771391,trajectory reached the configured outer_limit radius
102,496,0.80466129020271959,0.67900000000000005,fraction,250,0,outer_limit,nan,0,1.8475775647997186,0.0046084300000000002,2.2360679774997898,5.0000000000000009,-0.80630251469988423,58.95327205465037,34.177600630784937,trajectory reached the configured outer_limit radius
102,497,0.80473307941101768,0.67900000000000005,fraction,250,0,outer_limit,nan,0,1.8443272863364313,0.0051290099999999998,2.2360679774997898,5.0000000000000009,-0.80626328454800367,58.954962743094569,34.173885281137544,trajectory reached the configured outer_limit radius
102,498,0.80480486861931566,0.67900000000000005,fraction,250,0,outer_limit,nan,0,1.8410958772522443,0.003793846,2.2360679774997898,5.0000000000000009,-0.80622373038359552,58.956673541428422,34.170156668022884,trajectory reached the configured outer_limit radius
102,499,0.80487665782761375,0.67900000000000005,fraction,250,0,outer_limit,nan,0,1.8378831201342947,0.0057451830000000001,2.2360679774997898,5.0000000000000009,-0.80618385471854759,58.958404296715351,34.166414918957194,trajectory reached the configured outer_limit radius
102,500,0.80494844703591184,0.67900000000000005,fraction,250,0,outer_limit,nan,0,1.8346888014363167,0.0053201999999999998,2.2360679774997898,5.0000000000000009,-0.80614366003439142,58.960154857798109,34.162660159809271,trajectory reached the configured outer_limit radius
102,501,0.80502023624420993,0.67900000000000005,fraction,250,0,outer_limit,nan,0,1.8315127113844238,0.0040173379999999996,2.2360679774997898,5.0000000000000009,-0.80610314878288036,58.961925075267182,34.15889251483555,trajectory reached the configured outer_limit radius
102,502,0.80509202545250802,0.67900000000000005,fraction,250,0,outer_limit,nan,0,1.8283546438861074,0.0044895029999999997,2.2360679774997898,5.0000000000000009,-0.80606232338654216,58.963714801427138,34.155112106705786,trajectory reached the configured outer_limit radius
102,503,0.805163814660806,0.67900000000000005,fraction,250,0,outer_limit,nan,0,1.8252143964418006,0.0045940099999999999,2.2360679774997898,5.0000000000000009,-0.80602118623923069,58.965523890265175,34.151319056536366,trajectory reached the configured outer_limit radius
102,504,0.80523560386910409,0.67900000000000005,fraction,250,0,outer_limit,nan,0,1.8220917700594217,0.0040609490000000003,2.2360679774997898,5.0000000000000009,-0.80597973970664827,58.967352197421299,34.147513483917315,trajectory reached the configured outer_limit radius
102,505,0.80530739307740218,0.67900000000000005,fraction,250,0,outer_limit,nan,0,1.8189865691711544,0.0038744280000000001,2.2360679774997902,5.0000000000000027,-0.80593798612687084,58.96919958015738,34.143695506941555,trajectory reached the configured outer_limit radius
102,506,0.80537918228570027,0.67900000000000005,fraction,250,0,outer_limit,nan,0,1.8158986015531315,0.0037279930000000002,2.2360679774997898,5.0000000000000009,-0.80589592781084041,58.971065897328373,34.139865242230364,trajectory reached the configured outer_limit radius
102,507,0.80545097149399836,0.67900000000000005,fraction,250,0,outer_limit,nan,0,1.8128276782471517,0.0040675370000000004,2.2360679774997898,5.0000000000000009,-0.80585356704286137,58.972951009354283,34.136022804961826,trajectory reached the configured outer_limit radius
102,508,0.80552276070229645,0.67900000000000005,fraction,250,0,outer_limit,nan,0,1.80977361348504,0.0036611360000000002,2.2360679774997907,5.0000000000000044,-0.80581090608107986,58.974854778192011,34.13216830889661,trajectory reached the configured outer_limit radius
102,509,0.80559454991059443,0.67900000000000005,fraction,250,0,outer_limit,nan,0,1.806736224615008,0.003638273,2.2360679774997898,5.0000000000000009,-0.80576794715793776,58.976777067308547,34.128301866402303,trajectory reached the configured outer_limit radius
103,492,0.80437413336952723,0.69516666666666671,fraction,250,0,outer_limit,nan,0,1.8585991801384014,0.0036739199999999998,2.2360679774997902,5.0000000000000027,-0.80646486910238913,58.947438697631988,34.196144264561568,trajectory reached the configured outer_limit radius
103,493,0.80444592257782532,0.69516666666666671,fraction,250,0,outer_limit,nan,0,1.8552708451478965,0.0044310249999999999,2.2360679774997902,5.0000000000000027,-0.80642768020194011,58.949011973409711,34.192538938884375,trajectory reached the configured outer_limit radius
103,494,0.80451771178612341,0.69516666666666671,fraction,250,0,outer_limit,nan,0,1.8519622999742296,0.003783275,2.2360679774997898,5.0000000000000009,-0.80639016061335822,58.950605756765704,34.188919947424431,trajectory reached the configured outer_limit radius
103,495,0.8045895009944215,0.69516666666666671,fraction,250,0,outer_limit,nan,0,1.8486733105087045,0.0039908460000000002,2.2360679774997898,5.0000000000000009,-0.80635231293966181,58.952219889632666,34.185287422985134,trajectory reached the configured outer_limit radius
103,496,0.80466129020271959,0.69516666666666671,fraction,250,0,outer_limit,nan,0,1.8454036469233255,0.0040020200000000002,2.2360679774997898,5.0000000000000009,-0.80631413975155075,58.953854215836245,34.181641496616194,trajectory reached the configured outer_limit radius
103,497,0.80473307941101768,0.69516666666666671,fraction,250,0,outer_limit,nan,0,1.8421530835637545,0.0042147440000000003,2.2360679774997898,5.0000000000000009,-0.80627564358804071,58.955508581057487,34.177982297646288,trajectory reached the configured outer_limit radius
103,498,0.80480486861931566,0.69516666666666671,fraction,250,0,outer_limit,nan,0,1.8389213988454363,0.0039912840000000003,2.2360679774997898,5.0000000000000009,-0.80623682695708099,58.957182832796832,34.174309953716843,trajectory reached the configured outer_limit radius
103,499,0.80487665782761375,0.69516666666666671,fraction,250,0,outer_limit,nan,0,1.8357083751532024,0.0042663889999999998,2.2360679774997898,5.0000000000000009,-0.80619769233614569,58.958876820340151,34.170624590812899,trajectory reached the configured outer_limit radius
103,500,0.80494844703591184,0.69516666666666671,fraction,250,0,outer_limit,nan,0,1.8325137987440911,0.0044412289999999997,2.2360679774997898,5.0000000000000009,-0.80615824217282184,58.960590394724719,34.16692633329717,trajectory reached the configured outer_limit radius
103,501,0.80502023624420993,0.69516666666666671,fraction,250,0,outer_limit,nan,0,1.8293374596530394,0.0030591400000000001,2.2360679774997898,5.0000000000000009,-0.80611847888536803,58.962323408706609,34.163215303939417,trajectory reached the configured outer_limit radius
103,502,0.80509202545250802,0.69516666666666671,fraction,250,0,outer_limit,nan,0,1.8261791516015591,0.0040348550000000004,2.2360679774997898,5.0000000000000009,-0.8060784048632671,58.964075716728985,34.159491623946565,trajectory reached the configured outer_limit radius
103,503,0.805163814660806,0.69516666666666671,fraction,250,0,outer_limit,nan,0,1.823038671909329,0.00407274,2.2360679774997898,5.0000000000000009,-0.80603802246776579,58.965847174890378,34.15575541299193,trajectory reached the configured outer_limit radius
103,504,0.80523560386910409,0.69516666666666671,fraction,250,0,outer_limit,nan,0,1.8199158214082867,0.0038829619999999998,2.2360679774997898,5.0000000000000009,-0.8059973340323876,58.967637640915171,34.152006789242634,trajectory reached the configured outer_limit radius
103,505,0.80530739307740218,0.69516666666666671,fraction,250,0,outer_limit,nan,0,1.8168104043595703,0.0037796010000000001,2.2360679774997898,5.0000000000000009,-0.80595634186344645,58.969446974124047,34.148245869389086,trajectory reached the configured outer_limit radius
103,506,0.80537918228570027,0.69516666666666671,fraction,250,0,outer_limit,nan,0,1.8137222283727539,0.0042882440000000001,2.2360679774997898,5.0000000000000009,-0.8059150482405405,58.971275035405107,34.144472768670681,trajectory reached the configured outer_limit radius
103,507,0.80545097149399836,0.69516666666666671,fraction,250,0,outer_limit,nan,0,1.8106511043275944,0.0039498010000000002,2.2360679774997898,5.0000000000000009,-0.80587345541702904,58.973121687186428,34.140687600902112,trajectory reached the configured outer_limit radius
103,508,0.80552276070229645,0.69516666666666671,fraction,250,0,outer_limit,nan,0,1.8075968462982448,0.0036755410000000001,2.2360679774997898,5.0000000000000009,-0.80583156562050839,58.974986793408789,34.136890478500803,trajectory reached the configured outer_limit radius
103,509,0.80559454991059443,0.69516666666666671,fraction,250,0,outer_limit,nan,0,1.8045592714793457,0.0040729329999999999,2.2360679774997898,5.0000000000000009,-0.80578938105326414,58.976870219498345,34.133081512507609,trajectory reached the configured outer_limit radius
104,492,0.80437413336952723,0.71133333333333337,fraction,250,0,outer_limit,nan,0,1.8565281618595957,0.0044976640000000002,2.2360679774997902,5.0000000000000027,-0.80647577321863984,58.948095170858991,34.200237491958291,trajectory reached the configured outer_limit radius
104,493,0.80444592257782532,0.71133333333333337,fraction,250,0,outer_limit,nan,0,1.8531994826215676,0.0041682350000000002,2.2360679774997898,5.0000000000000009,-0.80643934915232351,58.949630655435136,34.196690934026343,trajectory reached the configured outer_limit radius
104,494,0.80451771178612341,0.71133333333333337,fraction,250,0,outer_limit,nan,0,1.8498906028247555,0.003836594,2.2360679774997898,5.0000000000000009,-0.80640259822898064,58.951186405487242,34.193130838551944,trajectory reached the configured outer_limit radius
104,495,0.8045895009944215,0.71133333333333337,fraction,250,0,outer_limit,nan,0,1.8466012881460692,0.0040084969999999998,2.2360679774997898,5.0000000000000009,-0.8063655230136112,58.952762265400182,34.189557336650594,trajectory reached the configured outer_limit radius
104,496,0.80466129020271959,0.71133333333333337,fraction,250,0,outer_limit,nan,0,1.8433313085492764,0.0039177910000000003,2.2360679774997898,5.0000000000000009,-0.80632812603942738,58.954358081418846,34.185970557709069,trajectory reached the configured outer_limit radius
104,497,0.80473307941101768,0.71133333333333337,fraction,250,0,outer_limit,nan,0,1.8400804381775704,0.0039570630000000002,2.2360679774997898,5.0000000000000009,-0.80629040980847655,58.955973701611676,34.182370629418223,trajectory reached the configured outer_limit radius
104,498,0.80480486861931566,0.71133333333333337,fraction,250,0,outer_limit,nan,0,1.8368484552497861,0.0040683339999999998,2.2360679774997898,5.0000000000000009,-0.80625237679224815,58.957608975834873,34.17875767780582,trajectory reached the configured outer_limit radius
104,499,0.80487665782761375,0.71133333333333337,fraction,250,0,outer_limit,nan,0,1.8336351419596459,0.0041479339999999998,2.2360679774997898,5.0000000000000009,-0.80621402943225717,58.959263755699112,34.175131827267371,trajectory reached the configured outer_limit radius
104,500,0.80494844703591184,0.71133333333333337,fraction,250,0,outer_limit,nan,0,1.8304402843784051,0.0037003130000000002,2.2360679774997898,5.0000000000000009,-0.80617537014061247,58.960937894536734,34.171493200598917,trajectory reached the configured outer_limit radius
104,501,0.80502023624420993,0.71133333333333337,fraction,250,0,outer_limit,nan,0,1.8272636723603772,0.0039780429999999997,2.2360679774997898,5.0000000000000009,-0.8061364013005784,58.96263124736894,34.167841919026714,trajectory reached the configured outer_limit radius
104,502,0.80509202545250802,0.71133333333333337,fraction,250,0,outer_limit,nan,0,1.8241050994514614,0.0033269670000000001,2.2360679774997898,5.0000000000000009,-0.80609712526710597,58.964343670875337,34.16417810223615,trajectory reached the configured outer_limit radius
104,503,0.805163814660806,0.71133333333333337,fraction,250,0,outer_limit,nan,0,1.8209643628005339,0.0035429279999999999,2.2360679774997907,5.0000000000000044,-0.8060575443673712,58.96607502336235,34.160501868400857,trajectory reached the configured outer_limit radius
104,504,0.80523560386910409,0.71133333333333337,fraction,250,0,outer_limit,nan,0,1.8178412630733896,0.0040973670000000002,2.2360679774997898,5.0000000000000009,-0.80601766090127347,58.96782516473445,34.156813334210902,trajectory reached the configured outer_limit radius
104,505,0.80530739307740218,0.71133333333333337,fraction,250,0,outer_limit,nan,0,1.8147356043695817,0.0041921379999999998,2.2360679774997898,5.0000000000000009,-0.80597747714194667,58.969593956465133,34.153112614898859,trajectory reached the configured outer_limit radius
104,506,0.80537918228570027,0.71133333333333337,fraction,250,0,outer_limit,nan,0,1.811647194141349,0.004409077,2.2360679774997898,5.0000000000000009,-0.80593699533623497,58.971381261568645,34.149399824268059,trajectory reached the configured outer_limit radius
104,507,0.80545097149399836,0.71133333333333337,fraction,250,0,outer_limit,nan,0,1.8085758431154837,0.0039358229999999998,2.2360679774997898,5.0000000000000009,-0.80589621770517106,58.973186944572788,34.145675074716962,trajectory reached the configured outer_limit radius
104,508,0.80552276070229645,0.71133333333333337,fraction,250,0,outer_limit,nan,0,1.8055213652171178,0.0038956310000000001,2.2360679774997898,5.0000000000000009,-0.8058551464444359,58.97501087149233,34.1419384772665,trajectory reached the configured outer_limit radius
104,509,0.80559454991059443,0.71133333333333337,fraction,250,0,outer_limit,nan,0,1.8024835774959418,0.0038830620000000001,2.2360679774997898,5.0000000000000009,-0.80581378372480705,58.976852909802474,34.13819014158063,trajectory reached the configured outer_limit radius
105,492,0.80437413336952723,0.72750000000000004,fraction,250,0,outer_limit,nan,0,1.8545642955706949,0.0040377479999999999,2.2360679774997898,5.0000000000000009,-0.80648891319901417,58.948683789498119,34.204620997393903,trajectory reached the configured outer_limit radius
105,493,0.80444592257782532,0.72750000000000004,fraction,250,0,outer_limit,nan,0,1.8512352497236215,0.004024756,2.2360679774997898,5.0000000000000009,-0.80645330196946341,58.95017896586748,34.201136511118669,trajectory reached the configured outer_limit radius
105,494,0.80451771178612341,0.72750000000000004,fraction,250,0,outer_limit,nan,0,1.8479260124138743,0.0036488689999999999,2.2360679774997898,5.0000000000000009,-0.80641736786974649,58.951694155261499,34.197638619308577,trajectory reached the configured outer_limit radius
105,495,0.8045895009944215,0.72750000000000004,fraction,250,0,outer_limit,nan,0,1.8446363491169853,0.0044213869999999997,2.2360679774997898,5.0000000000000009,-0.8063811134250829,58.953229204633452,34.194127451323133,trajectory reached the configured outer_limit radius
105,496,0.80466129020271959,0.72750000000000004,fraction,250,0,outer_limit,nan,0,1.8413660296011318,0.0040185669999999998,2.2360679774997898,5.0000000000000009,-0.80634454112946063,58.954783962761091,34.190603134817088,trajectory reached the configured outer_limit radius
105,497,0.80473307941101768,0.72750000000000004,fraction,250,0,outer_limit,nan,0,1.8381148278194925,0.0039960350000000002,2.2360679774997898,5.0000000000000009,-0.80630765344624833,58.956358280212434,34.187065795776121,trajectory reached the configured outer_limit radius
105,498,0.80480486861931566,0.72750000000000004,fraction,250,0,outer_limit,nan,0,1.8348825218062703,0.0044300110000000002,2.2360679774997898,5.0000000000000009,-0.80627045280878595,58.957952009310944,34.183515558548841,trajectory reached the configured outer_limit radius
105,499,0.80487665782761375,0.72750000000000004,fraction,250,0,outer_limit,nan,0,1.8316688935757723,0.0030701550000000002,2.2360679774997898,5.0000000000000009,-0.80623294162096359,58.959565004101236,34.179952545875501,trajectory reached the configured outer_limit radius
105,500,0.80494844703591184,0.72750000000000004,fraction,250,0,outer_limit,nan,0,1.8284737290248292,0.002641179,2.2360679774997898,5.0000000000000009,-0.80619512225777701,58.961197120318623,34.176376878922319,trajectory reached the configured outer_limit radius
105,501,0.80502023624420993,0.72750000000000004,fraction,250,0,outer_limit,nan,0,1.8252968178381757,0.0039258920000000003,2.2360679774997898,5.0000000000000009,-0.80615699706587396,58.962848215356061,34.172788677308176,trajectory reached the configured outer_limit radius
105,502,0.80509202545250802,0.72750000000000004,fraction,250,0,outer_limit,nan,0,1.8221379533968634,0.0042498370000000002,2.2360679774997898,5.0000000000000009,-0.80611856836408557,58.964518148233942,34.169188059134825,trajectory reached the configured outer_limit radius
105,503,0.805163814660806,0.72750000000000004,fraction,250,0,outer_limit,nan,0,1.8189969326894002,0.0041106839999999999,2.2360679774997898,5.0000000000000009,-0.80607983844394004,58.96620677957074,34.165575141016028,trajectory reached the configured outer_limit radius
105,504,0.80523560386910409,0.72750000000000004,fraction,250,0,outer_limit,nan,0,1.815873556225641,0.0035269440000000002,2.2360679774997898,5.0000000000000009,-0.80604080957016888,58.967913971552804,34.161950038102241,trajectory reached the configured outer_limit radius
105,505,0.80530739307740218,0.72750000000000004,fraction,250,0,outer_limit,nan,0,1.8127676279533824,0.0039820530000000002,2.2360679774997898,5.0000000000000009,-0.80600148398118954,58.96963958790775,34.158312864111593,trajectory reached the configured outer_limit radius
105,506,0.80537918228570027,0.72750000000000004,fraction,250,0,outer_limit,nan,0,1.809678955177328,0.0040502280000000003,2.2360679774997898,5.0000000000000009,-0.80596186388958957,58.97138349387501,34.154663731351249,trajectory reached the configured outer_limit radius
105,507,0.80545097149399836,0.72750000000000004,fraction,250,0,outer_limit,nan,0,1.806607348480552,0.0038768930000000002,2.2360679774997898,5.0000000000000009,-0.80592195148258394,58.973145556180455,34.151002750746464,trajectory reached the configured outer_limit radius
105,508,0.80552276070229645,0.72750000000000004,fraction,250,0,outer_limit,nan,0,1.8035526216483988,0.0045194689999999999,2.2360679774997898,5.0000000000000009,-0.80588174892247355,58.974925643009655,34.14733003186398,trajectory reached the configured outer_limit radius
105,509,0.80559454991059443,0.72750000000000004,fraction,250,0,outer_limit,nan,0,1.8005145915945058,0.0041011190000000003,2.2360679774997898,5.0000000000000009,-0.80584125834708098,58.976723623982394,34.143645682935997,trajectory reached the configured outer_limit radius
106,492,0.80437413336952723,0.7436666666666667,fraction,250,0,outer_limit,nan,0,1.8527140281528847,0.0045203450000000003,2.2360679774997898,5.0000000000000009,-0.80650435135426879,58.949205726820153,34.209311346383778,trajectory reached the configured outer_limit radius
106,493,0.80444592257782532,0.7436666666666667,fraction,250,0,outer_limit,nan,0,1.8493845908798949,0.004841092,2.2360679774997898,5.0000000000000009,-0.80646960396554468,58.950657926361345,34.205892461926915,trajectory reached the configured outer_limit radius
106,494,0.80451771178612341,0.7436666666666667,fraction,250,0,outer_limit,nan,0,1.8460749706866104,0.0040577479999999999,2.2360679774997898,5.0000000000000009,-0.80643453786343322,58.952129875191105,34.202460308161619,trajectory reached the configured outer_limit radius
106,495,0.8045895009944215,0.7436666666666667,fraction,250,0,outer_limit,nan,0,1.8427849328609858,0.0040381460000000003,2.2360679774997898,5.0000000000000009,-0.80639915553146824,58.953621422954882,34.199015012613714,trajectory reached the configured outer_limit radius
106,496,0.80466129020271959,0.7436666666666667,fraction,250,0,outer_limit,nan,0,1.8395142469889114,0.0041410429999999996,2.2360679774997898,5.0000000000000009,-0.80636345942253795,58.955132421087242,34.195556701134016,trajectory reached the configured outer_limit radius
106,497,0.80473307941101768,0.7436666666666667,fraction,250,0,outer_limit,nan,0,1.8362626868465999,0.0040700900000000002,2.2360679774997898,5.0000000000000009,-0.80632745195948341,58.956662722776592,34.192085497930037,trajectory reached the configured outer_limit radius
106,498,0.80480486861931566,0.7436666666666667,fraction,250,0,outer_limit,nan,0,1.8330300302961866,0.003916686,2.2360679774997898,5.0000000000000009,-0.80629113553567588,58.958212182932186,34.188601525597363,trajectory reached the configured outer_limit radius
106,499,0.80487665782761375,0.7436666666666667,fraction,250,0,outer_limit,nan,0,1.8298160591847932,0.003086915,2.2360679774997898,5.0000000000000009,-0.80625451251558333,58.959780658151196,34.185104905151682,trajectory reached the configured outer_limit radius
106,500,0.80494844703591184,0.7436666666666667,fraction,250,0,outer_limit,nan,0,1.8266205592467748,0.0028668830000000002,2.2360679774997898,5.0000000000000009,-0.80621758523531839,58.961368006687515,34.181595756058101,trajectory reached the configured outer_limit radius
106,501,0.80502023624420993,0.7436666666666667,fraction,250,0,outer_limit,nan,0,1.823443320008918,0.0033134829999999999,2.2360679774997898,5.0000000000000009,-0.80618035600316884,58.962974088420467,34.178074196260475,trajectory reached the configured outer_limit radius
106,502,0.80509202545250802,0.7436666666666667,fraction,250,0,outer_limit,nan,0,1.8202841346987102,0.0046120290000000001,2.2360679774997902,5.0000000000000027,-0.80614282710012164,58.964598764824643,34.174540342209347,trajectory reached the configured outer_limit radius
106,503,0.805163814660806,0.7436666666666667,fraction,250,0,outer_limit,nan,0,1.8171428001552596,0.0038925600000000002,2.2360679774997898,5.0000000000000009,-0.8061050007803654,58.966241898941419,34.170994308891153,trajectory reached the configured outer_limit radius
106,504,0.80523560386910409,0.7436666666666667,fraction,250,0,outer_limit,nan,0,1.8140191167431776,0.0037620660000000001,2.2360679774997898,5.0000000000000009,-0.80606687927178411,58.967903355349634,34.167436209852653,trajectory reached the configured outer_limit radius
106,505,0.80530739307740218,0.7436666666666667,fraction,250,0,outer_limit,nan,0,1.8109128882689274,0.0034815549999999999,2.2360679774997911,5.0000000000000062,-0.80602846477643419,58.969583000138648,34.163866157229862,trajectory reached the configured outer_limit radius
106,506,0.80537918228570027,0.7436666666666667,fraction,250,0,outer_limit,nan,0,1.8078239218997372,0.003543371,2.2360679774997898,5.0000000000000009,-0.80598975947101348,58.971280700880726,34.160284261772375,trajectory reached the configured outer_limit radius
106,507,0.80545097149399836,0.7436666666666667,fraction,250,0,outer_limit,nan,0,1.8047520280849014,0.0040189730000000003,2.2360679774997898,5.0000000000000009,-0.80595076550731892,58.972996326605468,34.156690632868717,trajectory reached the configured outer_limit radius
106,508,0.80552276070229645,0.7436666666666667,fraction,250,0,outer_limit,nan,0,1.801697020479565,0.0036240769999999999,2.2360679774997898,5.0000000000000009,-0.80591148501268184,58.974729747773814,34.153085378570424,trajectory reached the configured outer_limit radius
106,509,0.80559454991059443,0.7436666666666667,fraction,250,0,outer_limit,nan,0,1.798658715870572,0.0075392230000000003,2.2360679774997898,5.0000000000000009,-0.8058719200904072,58.976480836253145,34.149468605616477,trajectory reached the configured outer_limit radius
107,492,0.80437413336952723,0.75983333333333336,fraction,250,0,outer_limit,nan,0,1.850984978413144,0.0052744430000000002,2.2360679774997898,5.0000000000000009,-0.80652215617569556,58.949662572670555,34.214327574458615,trajectory reached the configured outer_limit radius
107,493,0.80444592257782532,0.75983333333333336,fraction,250,0,outer_limit,nan,0,1.8476551221324704,0.0054625180000000004,2.2360679774997898,5.0000000000000009,-0.80648832709382012,58.951068952189331,34.210978083813558,trajectory reached the configured outer_limit radius
107,494,0.80451771178612341,0.75983333333333336,fraction,250,0,outer_limit,nan,0,1.844345090889272,0.003817034,2.2360679774997898,5.0000000000000009,-0.80645418364176769,58.952494804885205,34.207615464833736,trajectory reached the configured outer_limit radius
107,495,0.8045895009944215,0.75983333333333336,fraction,250,0,outer_limit,nan,0,1.8410546497984133,0.0042694660000000004,2.2360679774997898,5.0000000000000009,-0.80641972825932218,58.953939983230754,34.204239843129187,trajectory reached the configured outer_limit radius
107,496,0.80466129020271959,0.75983333333333336,fraction,250,0,outer_limit,nan,0,1.8377835682776484,0.0039597210000000002,2.2360679774997898,5.0000000000000009,-0.80638496335623822,58.955404341449103,34.200851342663782,trajectory reached the configured outer_limit radius
107,497,0.80473307941101768,0.75983333333333336,fraction,250,0,outer_limit,nan,0,1.8345316199398629,0.0040678889999999999,2.2360679774997898,5.0000000000000009,-0.80634989131281976,58.956887735481075,34.197450085786997,trajectory reached the configured outer_limit radius
107,498,0.80480486861931566,0.75983333333333336,fraction,250,0,outer_limit,nan,0,1.8312985824885362,0.003772554,2.2360679774997898,5.0000000000000009,-0.8063145144804944,58.958390022950667,34.194036193263798,trajectory reached the configured outer_limit radius
107,499,0.80487665782761375,0.75983333333333336,fraction,250,0,outer_limit,nan,0,1.8280842376165856,0.0039440050000000004,2.2360679774997898,5.0000000000000009,-0.80627883518235999,58.959911063134967,34.190609784306375,trajectory reached the configured outer_limit radius
107,500,0.80494844703591184,0.75983333333333336,fraction,250,0,outer_limit,nan,0,1.8248883709084716,0.0042614669999999997,2.2360679774997902,5.0000000000000027,-0.80624285571371979,58.96145071693222,34.187170976602978,trajectory reached the configured outer_limit radius
107,501,0.80502023624420993,0.75983333333333336,fraction,250,0,outer_limit,nan,0,1.8217107717453378,0.0041214889999999999,2.2360679774997898,5.0000000000000009,-0.80620657834261211,58.963008846831627,34.183719886346289,trajectory reached the configured outer_limit radius
107,502,0.80509202545250802,0.75983333333333336,fraction,250,0,outer_limit,nan,0,1.8185512332129523,0.003963907,2.2360679774997898,5.0000000000000009,-0.80617000531030925,58.964585316884964,34.180256628262384,trajectory reached the configured outer_limit radius
107,503,0.805163814660806,0.75983333333333336,fraction,250,0,outer_limit,nan,0,1.8154095520127405,0.004006056,2.2360679774997898,5.0000000000000009,-0.80613313883181692,58.966179992676771,34.176781315635935,trajectory reached the configured outer_limit radius
107,504,0.80523560386910409,0.75983333333333336,fraction,250,0,outer_limit,nan,0,1.812285528375337,0.0040550439999999998,2.2360679774997898,5.0000000000000009,-0.80609598109635749,58.967792741297146,34.173294060338726,trajectory reached the configured outer_limit radius
107,505,0.80530739307740218,0.75983333333333336,fraction,250,0,outer_limit,nan,0,1.809178965976868,0.0040198350000000002,2.2360679774997898,5.0000000000000009,-0.80605853426783114,58.969423431315448,34.169794972854781,trajectory reached the configured outer_limit radius
107,506,0.80537918228570027,0.75983333333333336,fraction,250,0,outer_limit,nan,0,1.806089671857791,0.0040699999999999998,2.2360679774997898,5.0000000000000009,-0.80602080048528457,58.971071932752352,34.166284162305203,trajectory reached the configured outer_limit radius
107,507,0.80545097149399836,0.75983333333333336,fraction,250,0,outer_limit,nan,0,1.8030174563440735,0.0042921749999999996,2.2360679774997898,5.0000000000000009,-0.80598278186334205,58.972738117055783,34.162761736472682,trajectory reached the configured outer_limit radius
107,508,0.80552276070229645,0.75983333333333336,fraction,250,0,outer_limit,nan,0,1.799962132970754,0.003886844,2.2360679774997898,5.0000000000000009,-0.80594448049265432,58.97442185707461,34.159227801826631,trajectory reached the configured outer_limit radius
107,509,0.80559454991059443,0.75983333333333336,fraction,250,0,outer_limit,nan,0,1.7969235184078558,0.0039131280000000001,2.2360679774997898,5.0000000000000009,-0.80590589844030791,58.976123027035307,34.155682463544537,trajectory reached the configured outer_limit radius
108,492,0.80437413336952723,0.77600000000000002,fraction,250,0,outer_limit,nan,0,1.8493862177572138,0.0035989860000000002,2.2360679774997898,5.0000000000000009,-0.80654240341786776,58.950056454922134,34.219691752422079,trajectory reached the configured outer_limit radius
108,493,0.80444592257782532,0.77600000000000002,fraction,250,0,outer_limit,nan,0,1.8460559117402293,0.004313229,2.2360679774997898,5.0000000000000009,-0.80650955113798117,58.951413968419907,34.216415753329407,trajectory reached the configured outer_limit radius
108,494,0.80451771178612341,0.77600000000000002,fraction,250,0,outer_limit,nan,0,1.8427454380960047,0.0039377329999999997,2.2360679774997898,5.0000000000000009,-0.80647638903700136,58.952790665324741,34.213126772248245,trajectory reached the configured outer_limit radius
108,495,0.8045895009944215,0.77600000000000002,fraction,250,0,outer_limit,nan,0,1.8394545617817029,0.0041294319999999997,2.2360679774997898,5.0000000000000009,-0.80644291950870561,58.954186401083774,34.209824932782482,trajectory reached the configured outer_limit radius
108,496,0.80466129020271959,0.77600000000000002,fraction,250,0,outer_limit,nan,0,1.8361830520620415,0.00368637,2.2360679774997898,5.0000000000000009,-0.80640914491748716,58.955601032853771,34.206510356918983,trajectory reached the configured outer_limit radius
108,497,0.80473307941101768,0.77600000000000002,fraction,250,0,outer_limit,nan,0,1.8329306824012515,0.0038621329999999998,2.2360679774997898,5.0000000000000009,-0.80637506759892619,58.957034419469643,34.203183165060047,trajectory reached the configured outer_limit radius
108,498,0.80480486861931566,0.77600000000000002,fraction,250,0,outer_limit,nan,0,1.8296972303582684,0.0041749910000000003,2.2360679774997898,5.0000000000000009,-0.80634068986034158,58.958486421411983,34.19984347605395,trajectory reached the configured outer_limit radius
108,499,0.80487665782761375,0.77600000000000002,fraction,250,0,outer_limit,nan,0,1.8264824774857304,0.0041270050000000004,2.2360679774997898,5.0000000000000009,-0.8063060139813345,58.959956900775708,34.19649140722337,trajectory reached the configured outer_limit radius
108,500,0.80494844703591184,0.77600000000000002,fraction,250,0,outer_limit,nan,0,1.8232862092315918,0.0042508470000000003,2.2360679774997902,5.0000000000000027,-0.80627104221430212,58.961445721240601,34.193127074395008,trajectory reached the configured outer_limit radius
108,501,0.80502023624420993,0.77600000000000002,fraction,250,0,outer_limit,nan,0,1.8201082148444128,0.0035332610000000002,2.2360679774997898,5.0000000000000009,-0.80623577678495617,58.962952748041374,34.189750591927954,trajectory reached the configured outer_limit radius
108,502,0.80509202545250802,0.77600000000000002,fraction,250,0,outer_limit,nan,0,1.8169482872810636,0.0039742349999999996,2.2360679774997898,5.0000000000000009,-0.80620021989281887,58.964477847939008,34.186362072740437,trajectory reached the configured outer_limit radius
108,503,0.805163814660806,0.77600000000000002,fraction,250,0,outer_limit,nan,0,1.813806223117578,0.0038142359999999999,2.2360679774997898,5.0000000000000009,-0.80616437371169802,58.966020889193729,34.182961628337026,trajectory reached the configured outer_limit radius
108,504,0.80523560386910409,0.77600000000000002,fraction,250,0,outer_limit,nan,0,1.8106818224627033,0.0041322069999999997,2.2360679774997898,5.0000000000000009,-0.80612824039016751,58.967581741536392,34.179549368833442,trajectory reached the configured outer_limit radius
108,505,0.80530739307740218,0.77600000000000002,fraction,250,0,outer_limit,nan,0,1.8075748888739873,0.0043103209999999998,2.2360679774997898,5.0000000000000009,-0.80609182205201646,58.969160276144045,34.176125402984198,trajectory reached the configured outer_limit radius
108,506,0.80537918228570027,0.77600000000000002,fraction,250,0,outer_limit,nan,0,1.8044852292764917,0.0039740060000000004,2.2360679774997898,5.0000000000000009,-0.80605512079670372,58.970756365612203,34.172689838203866,trajectory reached the configured outer_limit radius
108,507,0.80545097149399836,0.77600000000000002,fraction,250,0,outer_limit,nan,0,1.8014126538839461,0.0041398449999999996,2.2360679774997898,5.0000000000000009,-0.80601813869978212,58.972369883931933,34.169242780595155,trajectory reached the configured outer_limit radius
108,508,0.80552276070229645,0.77600000000000002,fraction,250,0,outer_limit,nan,0,1.7983569761221985,0.0043096460000000003,2.2360679774997898,5.0000000000000009,-0.80598087781333505,58.974000706462917,34.165784334967896,trajectory reached the configured outer_limit radius
108,509,0.80559454991059443,0.77600000000000002,fraction,250,0,outer_limit,nan,0,1.795318012554904,0.0040687630000000004,2.2360679774997898,5.0000000000000009,-0.8059433401663767,58.975648709912811,34.162314604866921,trajectory reached the configured outer_limit radius
109,492,0.80437413336952723,0.79216666666666669,fraction,250,0,outer_limit,nan,0,1.8479286448525241,0.0039719289999999999,2.2360679774997898,5.0000000000000009,-0.80656517746323542,58.950390205440712,34.225429734085566,trajectory reached the configured outer_limit radius
109,493,0.80444592257782532,0.79216666666666669,fraction,250,0,outer_limit,nan,0,1.8445978547461956,0.0037590739999999998,2.2360679774997898,5.0000000000000009,-0.80653336521809504,58.951695568895254,34.222231685007714,trajectory reached the configured outer_limit radius
109,494,0.80451771178612341,0.79216666666666669,fraction,250,0,outer_limit,nan,0,1.8412869036786328,0.0035418009999999998,2.2360679774997898,5.0000000000000009,-0.80650124792992695,58.953019810806495,34.219020806409645,trajectory reached the configured outer_limit radius
109,495,0.8045895009944215,0.79216666666666669,fraction,250,0,outer_limit,nan,0,1.8379955564661388,0.0042593309999999999,2.2360679774997898,5.0000000000000009,-0.80646882794401886,58.954362789756075,34.215797219787376,trajectory reached the configured outer_limit radius
109,496,0.80466129020271959,0.79216666666666669,fraction,250,0,outer_limit,nan,0,1.8347235822364767,0.0040565339999999997,2.2360679774997898,5.0000000000000009,-0.8064361075769606,58.955724365993383,34.212561045051359,trajectory reached the configured outer_limit radius
109,497,0.80473307941101768,0.79216666666666669,fraction,250,0,outer_limit,nan,0,1.8314707543209039,0.0033367150000000001,2.2360679774997898,5.0000000000000009,-0.80640308911719372,58.957104401404159,34.209312400558893,trajectory reached the configured outer_limit radius
109,498,0.80480486861931566,0.79216666666666669,fraction,250,0,outer_limit,nan,0,1.828236850149255,0.0042013099999999998,2.2360679774997911,5.0000000000000062,-0.80636977482555561,58.9585027594797,34.206051403144365,trajectory reached the configured outer_limit radius
109,499,0.80487665782761375,0.79216666666666669,fraction,250,0,outer_limit,nan,0,1.8250216511486019,0.0040651439999999997,2.2360679774997898,5.0000000000000009,-0.80633616693579935,58.959919305285077,34.202778168145208,trajectory reached the configured outer_limit radius
109,500,0.80494844703591184,0.79216666666666669,fraction,250,0,outer_limit,nan,0,1.8218249426450313,0.0040576350000000004,2.2360679774997898,5.0000000000000009,-0.8063022676551117,58.961353905431892,34.199492809433714,trajectory reached the configured outer_limit radius
109,501,0.80502023624420993,0.79216666666666669,fraction,250,0,outer_limit,nan,0,1.8186465137684786,0.0037828570000000001,2.2360679774997898,5.0000000000000009,-0.80626807916459886,58.962806428048552,34.196195439442768,trajectory reached the configured outer_limit radius
109,502,0.80509202545250802,0.79216666666666669,fraction,250,0,outer_limit,nan,0,1.8154861573606258,0.0046096569999999996,2.2360679774997898,5.0000000000000009,-0.80623360361978347,58.964276742751643,34.192886169191652,trajectory reached the configured outer_limit radius
109,503,0.805163814660806,0.79216666666666669,fraction,250,0,outer_limit,nan,0,1.8123436698854618,0.0041899629999999997,2.2360679774997898,5.0000000000000009,-0.8061988431510636,58.965764720620925,34.189565108315449,trajectory reached the configured outer_limit radius
109,504,0.80523560386910409,0.79216666666666669,fraction,250,0,outer_limit,nan,0,1.8092188513427685,0.0047395809999999997,2.2360679774997898,5.0000000000000009,-0.80616379986417785,58.967270234170677,34.18623236508575,trajectory reached the configured outer_limit radius
109,505,0.80530739307740218,0.79216666666666669,fraction,250,0,outer_limit,nan,0,1.8061115051841636,0.003795508,2.2360679774997898,5.0000000000000009,-0.80612847584064962,58.968793157325599,34.182888046439224,trajectory reached the configured outer_limit radius
109,506,0.80537918228570027,0.79216666666666669,fraction,250,0,outer_limit,nan,0,1.8030214382316194,0.0023575649999999998,2.2360679774997898,5.0000000000000009,-0.80609287313822087,58.970333365395433,34.179532258000251,trajectory reached the configured outer_limit radius
109,507,0.80545097149399836,0.79216666666666669,fraction,250,0,outer_limit,nan,0,1.7999484605985621,0.0035814499999999999,2.2360679774997898,5.0000000000000009,-0.80605699379127782,58.971890735050415,34.176165104105024,trajectory reached the configured outer_limit radius
109,508,0.80552276070229645,0.79216666666666669,fraction,250,0,outer_limit,nan,0,1.796892385613265,0.003850919,2.2360679774997898,5.0000000000000009,-0.80602083981126682,58.973465144297165,34.172786687823354,trajectory reached the configured outer_limit radius
109,509,0.80559454991059443,0.79216666666666669,fraction,250,0,outer_limit,nan,0,1.7938530297444175,0.0043331070000000001,2.2360679774997894,4.9999999999999982,-0.80598441318708791,58.975056472456387,34.169397110981976,trajectory reached the configured outer_limit radius
110,492,0.80437413336952723,0.80833333333333335,fraction,250,0,outer_limit,nan,0,1.8466254956474701,0.0039496510000000002,2.2360679774997898,5.0000000000000009,-0.80659057307090776,58.950667591198865,34.231572164998873,trajectory reached the configured outer_limit radius
110,493,0.80444592257782532,0.80833333333333335,fraction,250,0,outer_limit,nan,0,1.8432941828681237,0.0035066540000000001,2.2360679774997898,5.0000000000000009,-0.80655986973038363,58.951917237918039,34.228456955071948,trajectory reached the configured outer_limit radius
110,494,0.80451771178612341,0.80833333333333335,fraction,250,0,outer_limit,nan,0,1.8399827150665833,0.00412737,2.2360679774997898,5.0000000000000009,-0.80652886638169274,58.953185441131019,34.225329075121167,trajectory reached the configured outer_limit radius
110,495,0.8045895009944215,0.80833333333333335,fraction,250,0,outer_limit,nan,0,1.8366908569361955,0.0040355809999999999,2.2360679774997902,5.0000000000000027,-0.80649756531887762,58.954472062732719,34.222188644420896,trajectory reached the configured outer_limit radius
110,496,0.80466129020271959,0.80833333333333335,fraction,250,0,outer_limit,nan,0,1.8334183774855601,0.003382155,2.2360679774997898,5.0000000000000009,-0.80646596880800747,58.955776966240556,34.219035780693538,trajectory reached the configured outer_limit radius
110,497,0.80473307941101768,0.80833333333333335,fraction,250,0,outer_limit,nan,0,1.8301650499299571,0.0038727890000000002,2.2360679774997898,5.0000000000000009,-0.80643407908771036,58.957100016764869,34.215870600142281,trajectory reached the configured outer_limit radius
110,498,0.80480486861931566,0.80833333333333335,fraction,250,0,outer_limit,nan,0,1.8269306515867352,0.0034183590000000002,2.2360679774997898,5.0000000000000009,-0.80640189836970289,58.958441080977401,34.21269321747782,trajectory reached the configured outer_limit radius
110,499,0.80487665782761375,0.80833333333333335,fraction,250,0,outer_limit,nan,0,1.8237149637736363,0.0041432700000000001,2.2360679774997898,5.0000000000000009,-0.80636942883929597,58.959800027083041,34.209503745947352,trajectory reached the configured outer_limit radius
110,500,0.80494844703591184,0.80833333333333335,fraction,250,0,outer_limit,nan,0,1.8205177717104972,0.0034859420000000001,2.2360679774997898,5.0000000000000009,-0.80633667265589326,58.961176724790853,34.206302297362718,trajectory reached the configured outer_limit radius
110,501,0.80502023624420993,0.80833333333333335,fraction,250,0,outer_limit,nan,0,1.8173388644240482,0.0034110329999999999,2.2360679774997898,5.0000000000000009,-0.80630363195347599,58.962571045286268,34.203088982126943,trajectory reached the configured outer_limit radius
110,502,0.80509202545250802,0.80833333333333335,fraction,250,0,outer_limit,nan,0,1.8141780346555918,0.0041048090000000001,2.2360679774997898,5.0000000000000009,-0.8062703088410702,58.963982861204016,34.199863909259918,trajectory reached the configured outer_limit radius
110,503,0.805163814660806,0.80833333333333335,fraction,250,0,outer_limit,nan,0,1.8110350787715703,0.0034009180000000002,2.2360679774997898,5.0000000000000009,-0.8062367054032058,58.965412046602452,34.19662718642482,trajectory reached the configured outer_limit radius
110,504,0.80523560386910409,0.80833333333333335,fraction,250,0,outer_limit,nan,0,1.8079097966769111,0.0037906120000000001,2.2360679774997898,5.0000000000000009,-0.80620282370036178,58.966858476936885,34.193378919950817,trajectory reached the configured outer_limit radius
110,505,0.80530739307740218,0.80833333333333335,fraction,250,0,outer_limit,nan,0,1.804801991730965,0.0028353549999999999,2.2360679774997898,5.0000000000000009,-0.80616866576940105,58.96832202903569,34.19011921486112,trajectory reached the configured outer_limit radius
110,506,0.80537918228570027,0.80833333333333335,fraction,250,0,outer_limit,nan,0,1.8017114706659993,0.0038504609999999999,2.2360679774997898,5.0000000000000009,-0.80613423362399417,58.969802581075321,34.186848174891622,trajectory reached the configured outer_limit radius
110,507,0.80545097149399836,0.80833333333333335,fraction,250,0,outer_limit,nan,0,1.7986380435081346,0.0037716440000000002,2.2360679774997898,5.0000000000000009,-0.80609952925503026,58.971300012556895,34.183565902518424,trajectory reached the configured outer_limit radius
110,508,0.80552276070229645,0.80833333333333335,fraction,250,0,outer_limit,nan,0,1.7955815235007362,0.004165668,2.2360679774997898,5.0000000000000009,-0.80606455463101934,58.972814204283353,34.180272498977075,trajectory reached the configured outer_limit radius
110,509,0.80559454991059443,0.80833333333333335,fraction,250,0,outer_limit,nan,0,1.7925417270298678,0.0042367940000000003,2.2360679774997898,5.0000000000000009,-0.80602931169848302,58.974345038336544,34.176968064286136,trajectory reached the configured outer_limit radius
111,492,0.80437413336952723,0.82450000000000001,fraction,250,0,outer_limit,nan,0,1.8454930534887994,0.0039355450000000004,2.2360679774997898,5.0000000000000009,-0.80661869766113903,58.950893643260947,34.238155874363159,trajectory reached the configured outer_limit radius
111,493,0.80444592257782532,0.82450000000000001,fraction,250,0,outer_limit,nan,0,1.8421611744395034,0.003540447,2.2360679774997898,5.0000000000000009,-0.80658917889580195,58.952083666208033,34.235128914083539,trajectory reached the configured outer_limit radius
111,494,0.80451771178612341,0.82450000000000001,fraction,250,0,outer_limit,nan,0,1.8388491455074485,0.0042171200000000004,2.2360679774997898,5.0000000000000009,-0.80655936544787532,58.953291904443766,34.232089451418048,trajectory reached the configured outer_limit radius
111,495,0.8045895009944215,0.82450000000000001,fraction,250,0,outer_limit,nan,0,1.835556731283009,0.0040439309999999997,2.2360679774997898,5.0000000000000009,-0.80652925955707355,58.954518223374585,34.22903760328937,trajectory reached the configured outer_limit radius
111,496,0.80466129020271959,0.82450000000000001,fraction,250,0,outer_limit,nan,0,1.8322837006748147,0.0034647580000000001,2.2360679774997898,5.0000000000000009,-0.80649886343590471,58.955762489982263,34.225973485106564,trajectory reached the configured outer_limit radius
111,497,0.80473307941101768,0.82450000000000001,fraction,250,0,outer_limit,nan,0,1.82902982680112,0.0038933750000000001,2.2360679774997898,5.0000000000000009,-0.80646817927018777,58.957024572794303,34.222897210792709,trajectory reached the configured outer_limit radius
111,498,0.80480486861931566,0.82450000000000001,fraction,250,0,outer_limit,nan,0,1.8257948868850027,0.0034622590000000001,2.2360679774997898,5.0000000000000009,-0.80643720921955986,58.958304341854983,34.219808892813766,trajectory reached the configured outer_limit radius
111,499,0.80487665782761375,0.82450000000000001,fraction,250,0,outer_limit,nan,0,1.8225786621526563,0.0041719499999999998,2.2360679774997898,5.0000000000000009,-0.80640595541798032,58.959601668695868,34.216708642205852,trajectory reached the configured outer_limit radius
111,500,0.80494844703591184,0.82450000000000001,fraction,250,0,outer_limit,nan,0,1.8193809377349897,0.003881406,2.2360679774997898,5.0000000000000009,-0.80637441997419967,58.960916426309353,34.213596568601275,trajectory reached the configured outer_limit radius
111,501,0.80502023624420993,0.82450000000000001,fraction,250,0,outer_limit,nan,0,1.8162015025723022,0.0037695010000000002,2.2360679774997898,5.0000000000000009,-0.80634260497223686,58.9622484891214,34.210472780256325,trajectory reached the configured outer_limit radius
111,502,0.80509202545250802,0.82450000000000001,fraction,250,0,outer_limit,nan,0,1.8130401493218966,0.00383053,2.2360679774997898,5.0000000000000009,-0.80631051247183316,58.963597732965013,34.207337384075707,trajectory reached the configured outer_limit radius
111,503,0.805163814660806,0.82450000000000001,fraction,250,0,outer_limit,nan,0,1.8098966742686091,0.0040995850000000002,2.2360679774997898,5.0000000000000009,-0.8062781445088929,58.964964035055687,34.204190485637767,trajectory reached the configured outer_limit radius
111,504,0.80523560386910409,0.82450000000000001,fraction,250,0,outer_limit,nan,0,1.8067708772379822,0.0039973329999999996,2.2360679774997898,5.0000000000000009,-0.80624550309592047,58.966347273965532,34.201032189218353,trajectory reached the configured outer_limit radius
111,505,0.80530739307740218,0.82450000000000001,fraction,250,0,outer_limit,nan,0,1.8036625615122037,0.0039499100000000001,2.2360679774997898,5.0000000000000009,-0.80621259022244041,58.96774732959986,34.19786259781408,trajectory reached the configured outer_limit radius
111,506,0.80537918228570027,0.82450000000000001,fraction,250,0,outer_limit,nan,0,1.8005715337485177,0.0041276940000000003,2.2360679774997898,5.0000000000000009,-0.80617940785540398,58.969164083173503,34.194681813166191,trajectory reached the configured outer_limit radius
111,507,0.80545097149399836,0.82450000000000001,fraction,250,0,outer_limit,nan,0,1.7974976039000421,0.0039602780000000002,2.2360679774997902,5.0000000000000027,-0.80614595793959731,58.970597417187811,34.191489935782812,trajectory reached the configured outer_limit radius
111,508,0.80552276070229645,0.82450000000000001,fraction,250,0,outer_limit,nan,0,1.7944405851391305,0.0041047840000000002,2.2360679774997898,5.0000000000000009,-0.80611224239801649,58.972047215408665,34.188287064959809,trajectory reached the configured outer_limit radius
111,509,0.80559454991059443,0.82450000000000001,fraction,250,0,outer_limit,nan,0,1.7914002937827873,0.0039657879999999996,2.2360679774997898,5.0000000000000009,-0.80607826313227049,58.97351336284369,34.185073298803566,trajectory reached the configured outer_limit radius
112,492,0.80437413336952723,0.84066666666666667,fraction,250,0,outer_limit,nan,0,1.8445516641461412,0.0030335119999999999,2.2360679774997898,5.0000000000000009,-0.80664967436716351,58.951075137240181,34.245225846746521,trajectory reached the configured outer_limit radius
112,493,0.80444592257782532,0.84066666666666667,fraction,250,0,outer_limit,nan,0,1.8412191691847306,0.003818943,2.2360679774997898,5.0000000000000009,-0.80662142418664917,58.952201212898764,34.242293188145297,trajectory reached the configured outer_limit radius
112,494,0.80451771178612341,0.84066666666666667,fraction,250,0,outer_limit,nan,0,1.8379065285882241,0.0038797549999999999,2.2360679774997898,5.0000000000000009,-0.80659288498190751,58.953345140634532,34.2393482043219,trajectory reached the configured outer_limit radius
112,495,0.8045895009944215,0.84066666666666667,fraction,250,0,outer_limit,nan,0,1.8346135068662339,0.0039737280000000002,2.2360679774997898,5.0000000000000009,-0.80656405893483574,58.954506789589942,34.236391009703226,trajectory reached the configured outer_limit radius
112,496,0.80466129020271959,0.84066666666666667,fraction,250,0,outer_limit,nan,0,1.8313398728489774,0.0040869540000000003,2.2360679774997898,5.0000000000000009,-0.8065349482009313,58.955686030432958,34.233421717239878,trajectory reached the configured outer_limit radius
112,497,0.80473307941101768,0.84066666666666667,fraction,250,0,outer_limit,nan,0,1.8280853995786546,0.003506066,2.2360679774997898,5.0000000000000009,-0.80650555490981013,58.95688273532668,34.230440438432929,trajectory reached the configured outer_limit radius
112,498,0.80480486861931566,0.84066666666666667,fraction,250,0,outer_limit,nan,0,1.8248498642044384,0.0035454129999999999,2.2360679774997898,5.0000000000000009,-0.8064758811656908,58.958096777902107,34.227447283363105,trajectory reached the configured outer_limit radius
112,499,0.80487665782761375,0.84066666666666667,fraction,250,0,outer_limit,nan,0,1.8216330478807756,0.0037276219999999999,2.2360679774997898,5.0000000000000009,-0.80644592904787171,58.959328033231039,34.224442360716793,trajectory reached the configured outer_limit radius
112,500,0.80494844703591184,0.84066666666666667,fraction,250,0,outer_limit,nan,0,1.8184347356689372,0.0032010480000000002,2.2360679774997898,5.0000000000000009,-0.80641570061120316,58.960576377798482,34.22142577781247,trajectory reached the configured outer_limit radius
112,501,0.80502023624420993,0.84066666666666667,fraction,250,0,outer_limit,nan,0,1.8152547164415247,0.0037396869999999998,2.2360679774997898,5.0000000000000009,-0.80638519788653462,58.961841689477183,34.218397640625071,trajectory reached the configured outer_limit radius
112,502,0.80509202545250802,0.84066666666666667,fraction,250,0,outer_limit,nan,0,1.8120927827901121,0.00406735,2.2360679774997898,5.0000000000000009,-0.806354422881155,58.963123847502956,34.215358053812125,trajectory reached the configured outer_limit radius
112,503,0.805163814660806,0.84066666666666667,fraction,250,0,outer_limit,nan,0,1.8089487309356467,0.003768941,2.2360679774997898,5.0000000000000009,-0.80632337757922867,58.96442273244903,34.212307120737528,trajectory reached the configured outer_limit radius
112,504,0.80523560386910409,0.84066666666666667,fraction,250,0,outer_limit,nan,0,1.8058223606415842,0.0021565529999999999,2.2360679774997898,5.0000000000000009,-0.80629206394220354,58.965738226203463,34.209244943494767,trajectory reached the configured outer_limit radius
112,505,0.80530739307740218,0.84066666666666667,fraction,250,0,outer_limit,nan,0,1.8027134751297591,0.0040850230000000001,2.2360679774997898,5.0000000000000009,-0.80626048390922911,58.967070211944481,34.206171622929944,trajectory reached the configured outer_limit radius
112,506,0.80537918228570027,0.84066666666666667,fraction,250,0,outer_limit,nan,0,1.7996218809987412,0.003390934,2.2360679774997898,5.0000000000000009,-0.80622863939754597,58.968418574118587,34.2030872586637,trajectory reached the configured outer_limit radius
112,507,0.80545097149399836,0.84066666666666667,fraction,250,0,outer_limit,nan,0,1.7965473881445901,0.0039032950000000002,2.2360679774997898,5.0000000000000009,-0.8061965323028748,58.969783198418533,34.199991949113972,trajectory reached the configured outer_limit radius
112,508,0.80552276070229645,0.84066666666666667,fraction,250,0,outer_limit,nan,0,1.7934898096841823,0.0035438230000000002,2.2360679774997911,5.0000000000000062,-0.80616416449979356,58.971163971761356,34.196885791516593,trajectory reached the configured outer_limit radius
112,509,0.80559454991059443,0.84066666666666667,fraction,250,0,outer_limit,nan,0,1.7904489618805379,0.0042262740000000003,2.2360679774997898,5.0000000000000009,-0.80613153784210578,58.972560782267365,34.193768881946212,trajectory reached the configured outer_limit radius
113,492,0.80437413336952723,0.85683333333333334,fraction,250,0,outer_limit,nan,0,1.8438272322475233,0.0025043449999999998,2.2360679774997898,5.0000000000000009,-0.80668364622119093,58.951221316626366,34.252838102805896,trajectory reached the configured outer_limit radius
113,493,0.80444592257782532,0.85683333333333334,fraction,250,0,outer_limit,nan,0,1.840494064291736,0.0024164109999999998,2.2360679774997898,5.0000000000000009,-0.80665675906120127,58.952278601863839,34.250006602848124,trajectory reached the configured outer_limit radius
113,494,0.80451771178612341,0.85683333333333334,fraction,250,0,outer_limit,nan,0,1.8371807539376761,0.0037787879999999999,2.2360679774997902,5.0000000000000027,-0.80662958892132985,58.953353350470749,34.247162966124563,trajectory reached the configured outer_limit radius
113,495,0.8045895009944215,0.85683333333333334,fraction,250,0,outer_limit,nan,0,1.8338870656393049,0.0039161769999999999,2.2360679774997898,5.0000000000000009,-0.80660213792163848,58.954445435582784,34.244307304395441,trajectory reached the configured outer_limit radius
113,496,0.80466129020271959,0.85683333333333334,fraction,250,0,outer_limit,nan,0,1.8306127681728144,0.003649462,2.2360679774997898,5.0000000000000009,-0.80657440815666881,58.955554731806984,34.241439727985622,trajectory reached the configured outer_limit radius
113,497,0.80473307941101768,0.85683333333333334,fraction,250,0,outer_limit,nan,0,1.8273576345280587,0.0033546240000000001,2.2360679774997898,5.0000000000000009,-0.8065464016959365,58.956681115191778,34.238560345809596,trajectory reached the configured outer_limit radius
113,498,0.80480486861931566,0.85683333333333334,fraction,250,0,outer_limit,nan,0,1.8241214418034259,0.0038169950000000001,2.2360679774997898,5.0000000000000009,-0.80651812058439853,58.95782446320181,34.235669265400681,trajectory reached the configured outer_limit radius
113,499,0.80487665782761375,0.85683333333333334,fraction,250,0,outer_limit,nan,0,1.820903971104034,0.003720438,2.2360679774997898,5.0000000000000009,-0.80648956684291007,58.958984654691342,34.232766592935839,trajectory reached the configured outer_limit radius
113,500,0.80494844703591184,0.85683333333333334,fraction,250,0,outer_limit,nan,0,1.8177050074433259,0.0037611010000000002,2.2360679774997898,5.0000000000000009,-0.8064607424686856,58.960161569877982,34.229852433261698,trajectory reached the configured outer_limit radius
113,501,0.80502023624420993,0.85683333333333334,fraction,250,0,outer_limit,nan,0,1.8145243396474522,0.0039484430000000003,2.2360679774997898,5.0000000000000009,-0.8064316494357211,58.961355090318101,34.226926889917053,trajectory reached the configured outer_limit radius
113,502,0.80509202545250802,0.85683333333333334,fraction,250,0,outer_limit,nan,0,1.8113617602629097,0.0041757540000000003,2.2360679774997898,5.0000000000000009,-0.80640228969522632,58.96256509888299,34.223990065159462,trajectory reached the configured outer_limit radius
113,503,0.805163814660806,0.85683333333333334,fraction,250,0,outer_limit,nan,0,1.8082170654668555,0.0039787310000000001,2.2360679774997898,5.0000000000000009,-0.80637266517603823,58.963791479735008,34.221042059988363,trajectory reached the configured outer_limit radius
113,504,0.80523560386910409,0.85683333333333334,fraction,250,0,outer_limit,nan,0,1.8050900549802076,0.002744897,2.2360679774997898,5.0000000000000009,-0.8063427777850215,58.965034118304089,34.218082974165547,trajectory reached the configured outer_limit radius
113,505,0.80530739307740218,0.85683333333333334,fraction,250,0,outer_limit,nan,0,1.8019805319835087,0.003580181,2.2360679774997898,5.0000000000000009,-0.80631262940746273,58.966292901266449,34.215112906240563,trajectory reached the configured outer_limit radius
113,506,0.80537918228570027,0.85683333333333334,fraction,250,0,outer_limit,nan,0,1.7988883030351539,0.0049778779999999998,2.2360679774997898,5.0000000000000009,-0.80628222190745147,58.967567716521685,34.212131953569781,trajectory reached the configured outer_limit radius
113,507,0.80545097149399836,0.85683333333333334,fraction,250,0,outer_limit,nan,0,1.7958131779922473,0.0035042860000000001,2.2360679774997898,5.0000000000000009,-0.80625155712825369,58.968858453172224,34.209140212338944,trajectory reached the configured outer_limit radius
113,508,0.80552276070229645,0.85683333333333334,fraction,250,0,outer_limit,nan,0,1.7927549699337173,0.0038928959999999999,2.2360679774997898,5.0000000000000009,-0.80622063689267753,58.97016500150233,34.206137777583692,trajectory reached the configured outer_limit radius
113,509,0.80559454991059443,0.85683333333333334,fraction,250,0,outer_limit,nan,0,1.7897134950857354,0.0044991340000000001,2.2360679774997902,5.0000000000000027,-0.80618946300342109,58.971487252958127,34.203124743209223,trajectory reached the configured outer_limit radius
114,492,0.80437413336952723,0.873,fraction,250,0,outer_limit,nan,0,1.8433535106053458,0.003330263,2.2360679774997898,5.0000000000000009,-0.80672078208098363,58.951345022200869,34.261064066477203,trajectory reached the configured outer_limit radius
114,493,0.80444592257782532,0.873,fraction,250,0,outer_limit,nan,0,1.8400196031901173,0.0041475629999999999,2.2360679774997898,5.0000000000000009,-0.80669536572364986,58.952328010166831,34.25834161624671,trajectory reached the configured outer_limit radius
114,494,0.80451771178612341,0.873,fraction,250,0,outer_limit,nan,0,1.8367055554452245,0.0041359750000000001,2.2360679774997898,5.0000000000000009,-0.80666967288562785,58.953328042785209,34.255607231296622,trajectory reached the configured outer_limit radius
114,495,0.8045895009944215,0.873,fraction,250,0,outer_limit,nan,0,1.833411131797958,0.0050519199999999997,2.2360679774997898,5.0000000000000009,-0.8066437056204715,58.954344997483815,34.252861020521266,trajectory reached the configured outer_limit radius
114,496,0.80466129020271959,0.873,fraction,250,0,outer_limit,nan,0,1.8301361009986807,0.0040653030000000001,2.2360679774997898,5.0000000000000009,-0.80661746595715955,58.955378753101812,34.250103091421146,trajectory reached the configured outer_limit radius
114,497,0.80473307941101768,0.873,fraction,250,0,outer_limit,nan,0,1.826880236012224,0.0036232130000000001,2.2360679774997898,5.0000000000000009,-0.80659095590056262,58.956429189864252,34.247333550131401,trajectory reached the configured outer_limit radius
114,498,0.80480486861931566,0.873,fraction,250,0,outer_limit,nan,0,1.8236433139128261,0.0047375109999999998,2.2360679774997898,5.0000000000000009,-0.80656417743189301,58.957496189355901,34.24455250144657,trajectory reached the configured outer_limit radius
114,499,0.80487665782761375,0.873,fraction,250,0,outer_limit,nan,0,1.8204251157821998,0.0037183659999999999,2.2360679774997898,5.0000000000000009,-0.80653713250915537,58.958579634495486,34.241760048846501,trajectory reached the configured outer_limit radius
114,500,0.80494844703591184,0.873,fraction,250,0,outer_limit,nan,0,1.8172254266110601,0.0036287139999999999,2.2360679774997898,5.0000000000000009,-0.80650982306756658,58.959679409511935,34.238956294518843,trajectory reached the configured outer_limit radius
114,501,0.80502023624420993,0.873,fraction,250,0,outer_limit,nan,0,1.8140440352036857,0.0039535400000000002,2.2360679774997898,5.0000000000000009,-0.8064822510199795,58.960795399920265,34.236141339385014,trajectory reached the configured outer_limit radius
114,502,0.80509202545250802,0.873,fraction,250,0,outer_limit,nan,0,1.8108807340852604,0.0030180609999999998,2.2360679774997898,5.0000000000000009,-0.8064544182572877,58.961927492498859,34.233315283123304,trajectory reached the configured outer_limit radius
114,503,0.805163814660806,0.873,fraction,250,0,outer_limit,nan,0,1.8077353194123666,0.0032293980000000001,2.2360679774997898,5.0000000000000009,-0.80642632664882596,58.96307557526594,34.230478224189241,trajectory reached the configured outer_limit radius
114,504,0.80523560386910409,0.873,fraction,250,0,outer_limit,nan,0,1.8046075908859593,0.0038503259999999998,2.2360679774997898,5.0000000000000009,-0.80639797804275237,58.964239537458838,34.227630259840744,trajectory reached the configured outer_limit radius
114,505,0.80530739307740218,0.873,fraction,250,0,outer_limit,nan,0,1.8014973516672319,0.0037184200000000001,2.2360679774997898,5.0000000000000009,-0.80636937426642463,58.965419269511841,34.224771486156889,trajectory reached the configured outer_limit radius
114,506,0.80537918228570027,0.873,fraction,250,0,outer_limit,nan,0,1.798404408295843,0.0035842600000000001,2.2360679774997898,5.0000000000000009,-0.80634051712677346,58.96661466303506,34.221901998060495,trajectory reached the configured outer_limit radius
114,507,0.80545097149399836,0.873,fraction,250,0,outer_limit,nan,0,1.795328570610744,0.0021622360000000001,2.2360679774997898,5.0000000000000009,-0.8063114084106523,58.967825610794883,34.219021889338165,trajectory reached the configured outer_limit radius
114,508,0.80552276070229645,0.873,fraction,250,0,outer_limit,nan,0,1.7922696516731722,0.0037997830000000002,2.2360679774997898,5.0000000000000009,-0.80628204988518781,58.969052006694,34.216131252660126,trajectory reached the configured outer_limit radius
114,509,0.80559454991059443,0.873,fraction,250,0,outer_limit,nan,0,1.7892274676922428,0.0041246329999999999,2.2360679774997902,5.0000000000000027,-0.80625244329812651,58.970293745751349,34.213230179599506,trajectory reached the configured outer_limit radius
115,492,0.80437413336952723,0.88916666666666666,fraction,250,0,outer_limit,nan,0,1.8431757640107269,0.0041943969999999999,2.2360679774997898,5.0000000000000009,-0.80676128535258707,58.951464535926988,34.269997490373228,trajectory reached the configured outer_limit radius
115,493,0.80444592257782532,0.88916666666666666,fraction,250,0,outer_limit,nan,0,1.8398410384798281,0.003936022,2.2360679774997898,5.0000000000000009,-0.80673746517096567,58.952366846934233,34.267393348957967,trajectory reached the configured outer_limit radius
115,494,0.80451771178612341,0.88916666666666666,fraction,250,0,outer_limit,nan,0,1.8365261733059985,0.0038580419999999999,2.2360679774997902,5.0000000000000027,-0.8067133755545226,58.953285747857386,34.264777491541061,trajectory reached the configured outer_limit radius
115,495,0.8045895009944215,0.88916666666666666,fraction,250,0,outer_limit,nan,0,1.8332309329240051,0.0039606260000000001,2.2360679774997898,5.0000000000000009,-0.80668901848474051,58.954221120770057,34.262150023910038,trajectory reached the configured outer_limit radius
115,496,0.80466129020271959,0.88916666666666666,fraction,250,0,outer_limit,nan,0,1.8299550860916343,0.003145877,2.2360679774997898,5.0000000000000009,-0.80666439591955341,58.955172849093316,34.259511050505367,trajectory reached the configured outer_limit radius
115,497,0.80473307941101768,0.88916666666666666,fraction,250,0,outer_limit,nan,0,1.8266984057810496,0.0028964559999999999,2.2360679774997898,5.0000000000000009,-0.80663950979378241,58.956140817572702,34.256860674449499,trajectory reached the configured outer_limit radius
115,498,0.80480486861931566,0.88916666666666666,fraction,250,0,outer_limit,nan,0,1.8234606690736868,0.0040078270000000003,2.2360679774997898,5.0000000000000009,-0.80661436201957382,58.957124912251729,34.254198997568203,trajectory reached the configured outer_limit radius
115,499,0.80487665782761375,0.88916666666666666,fraction,250,0,outer_limit,nan,0,1.8202416570584274,0.0027136970000000002,2.2360679774997898,5.0000000000000009,-0.80658895448682255,58.958125020449209,34.251526120417758,trajectory reached the configured outer_limit radius
115,500,0.80494844703591184,0.88916666666666666,fraction,250,0,outer_limit,nan,0,1.8170411547330374,0.0028743610000000002,2.2360679774997898,5.0000000000000009,-0.80656328906357178,58.959141030735921,34.248842142306515,trajectory reached the configured outer_limit radius
115,501,0.80502023624420993,0.88916666666666666,fraction,250,0,outer_limit,nan,0,1.8138589509087542,0.0024165860000000001,2.2360679774997898,5.0000000000000009,-0.80653736759642181,58.960172832911297,34.246147161317644,trajectory reached the configured outer_limit radius
115,502,0.80509202545250802,0.88916666666666666,fraction,250,0,outer_limit,nan,0,1.8106948381176309,0.0040554709999999997,2.2360679774997898,5.0000000000000009,-0.80651119191091414,58.961220317982182,34.243441274332852,trajectory reached the configured outer_limit radius
115,503,0.805163814660806,0.88916666666666666,fraction,250,0,outer_limit,nan,0,1.8075486125230018,0.0028244979999999999,2.2360679774997898,5.0000000000000009,-0.80648476381190759,58.962283378141152,34.240724577053534,trajectory reached the configured outer_limit radius
115,504,0.80523560386910409,0.88916666666666666,fraction,250,0,outer_limit,nan,0,1.8044200738325171,0.0030339199999999998,2.2360679774997898,5.0000000000000009,-0.80645808508395289,58.963361906745327,34.237997164021266,trajectory reached the configured outer_limit radius
115,505,0.80530739307740218,0.88916666666666666,fraction,250,0,outer_limit,nan,0,1.8013090252139889,0.0037319340000000001,2.2360679774997911,5.0000000000000062,-0.80643115749164684,58.964455798296463,34.235259128639498,trajectory reached the configured outer_limit radius
115,506,0.80537918228570027,0.88916666666666666,fraction,250,0,outer_limit,nan,0,1.7982152732135486,0.0038016479999999999,2.2360679774997898,5.0000000000000009,-0.80640398277998293,58.965564948420649,34.232510563193166,trajectory reached the configured outer_limit radius
115,507,0.80545097149399836,0.88916666666666666,fraction,250,0,outer_limit,nan,0,1.7951386276765693,0.0028040909999999999,2.2360679774997898,5.0000000000000009,-0.80637656267469382,58.966689253849836,34.229751558868386,trajectory reached the configured outer_limit radius
115,508,0.80552276070229645,0.88916666666666666,fraction,250,0,outer_limit,nan,0,1.7920789016705896,0.0022382650000000001,2.2360679774997898,5.0000000000000009,-0.80634889888258432,58.967828612402187,34.226982205772188,trajectory reached the configured outer_limit radius
115,509,0.80559454991059443,0.88916666666666666,fraction,250,0,outer_limit,nan,0,1.7890359114109766,0.0030406330000000001,2.2360679774997911,5.0000000000000062,-0.80632099309185723,58.968982922963932,34.224202592950739,trajectory reached the configured outer_limit radius
116,492,0.80437413336952723,0.90533333333333332,fraction,250,0,outer_limit,nan,0,1.843356971583854,0.0028626300000000001,2.2360679774997898,5.0000000000000009,-0.8068054074678912,58.95160676388042,34.27976607150687,trajectory reached the configured outer_limit radius
116,493,0.80444592257782532,0.90533333333333332,fraction,250,0,outer_limit,nan,0,1.8400213328354742,0.0041220049999999998,2.2360679774997911,5.0000000000000062,-0.80678333289587034,58.952420827137267,34.27729137616187,trajectory reached the configured outer_limit radius
116,494,0.80451771178612341,0.90533333333333332,fraction,250,0,outer_limit,nan,0,1.83670555344819,0.0040297390000000001,2.2360679774997902,5.0000000000000027,-0.80676099660861988,58.953250981247969,34.274805204493283,trajectory reached the configured outer_limit radius
116,495,0.8045895009944215,0.90533333333333332,fraction,250,0,outer_limit,nan,0,1.8334093979057751,0.0040193349999999997,2.2360679774997898,5.0000000000000009,-0.80673840050877432,58.954097113361726,34.272307658885872,trajectory reached the configured outer_limit radius
116,496,0.80466129020271959,0.90533333333333332,fraction,250,0,outer_limit,nan,0,1.8301326350137606,0.012694054,2.2360679774997898,5.0000000000000009,-0.80671554647653276,58.954959111906447,34.269798840429985,trajectory reached the configured outer_limit radius
116,497,0.80473307941101768,0.90533333333333332,fraction,250,0,outer_limit,nan,0,1.826875037790858,0.0045087449999999998,2.2360679774997898,5.0000000000000009,-0.80669243637007881,58.955836866565804,34.267278848946866,trajectory reached the configured outer_limit radius
116,498,0.80480486861931566,0.90533333333333332,fraction,250,0,outer_limit,nan,0,1.8236363833639047,0.004929068,2.2360679774997898,5.0000000000000009,-0.8066690720259948,58.95673026825591,34.264747783013391,trajectory reached the configured outer_limit radius
116,499,0.80487665782761375,0.90533333333333332,fraction,250,0,outer_limit,nan,0,1.820416452866007,0.0039057530000000001,2.2360679774997898,5.0000000000000009,-0.80664545525965436,58.957639209102283,34.262205739982392,trajectory reached the configured outer_limit radius
116,500,0.80494844703591184,0.90533333333333332,fraction,250,0,outer_limit,nan,0,1.8172150313380619,0.0035938490000000001,2.2360679774997898,5.0000000000000009,-0.80662158786561344,58.958563582418897,34.259652816007872,trajectory reached the configured outer_limit radius
116,501,0.80502023624420993,0.90533333333333332,fraction,250,0,outer_limit,nan,0,1.8140319076333404,0.002209019,2.2360679774997911,5.0000000000000062,-0.80659747161798567,58.959503282686889,34.257089106066459,trajectory reached the configured outer_limit radius
116,502,0.80509202545250802,0.90533333333333332,fraction,250,0,outer_limit,nan,0,1.8108668743249692,0.0039491700000000001,2.2360679774997898,5.0000000000000009,-0.80657310827081186,58.960458205532007,34.254514703976383,trajectory reached the configured outer_limit radius
116,503,0.805163814660806,0.90533333333333332,fraction,250,0,outer_limit,nan,0,1.8077197276162853,0.0051671579999999998,2.2360679774997898,5.0000000000000009,-0.80654849955841834,58.96142824770704,34.251929702421556,trajectory reached the configured outer_limit radius
116,504,0.80523560386910409,0.90533333333333332,fraction,250,0,outer_limit,nan,0,1.804590267254002,0.0039579460000000004,2.2360679774997898,5.0000000000000009,-0.8065236471957633,58.962413307070456,34.249334192970466,trajectory reached the configured outer_limit radius
116,505,0.80530739307740218,0.90533333333333332,fraction,250,0,outer_limit,nan,0,1.8014782964439935,0.0022671620000000001,2.2360679774997898,5.0000000000000009,-0.80649855287878058,58.963413282567416,34.246728266095012,trajectory reached the configured outer_limit radius
116,506,0.80537918228570027,0.90533333333333332,fraction,250,0,outer_limit,nan,0,1.7983836217695461,0.0030044519999999999,2.2360679774997911,5.0000000000000062,-0.80647321828470797,58.964428074211632,34.244112011191334,trajectory reached the configured outer_limit radius
116,507,0.80545097149399836,0.90533333333333332,fraction,250,0,outer_limit,nan,0,1.7953060531122964,0.002067138,2.2360679774997898,5.0000000000000009,-0.80644764507241007,58.965457583066389,34.241485516597798,trajectory reached the configured outer_limit radius
116,508,0.80552276070229645,0.90533333333333332,fraction,250,0,outer_limit,nan,0,1.7922454035752469,0.0038949319999999998,2.2360679774997898,5.0000000000000009,-0.80642183488269814,58.966501711227799,34.238848869613754,trajectory reached the configured outer_limit radius
116,509,0.80559454991059443,0.90533333333333332,fraction,250,0,outer_limit,nan,0,1.7892014894082426,0.0038469070000000001,2.2360679774997898,5.0000000000000009,-0.80639578933863232,58.967560361806449,34.236202156517336,trajectory reached the configured outer_limit radius
117,492,0.80437413336952723,0.92149999999999999,fraction,250,0,outer_limit,nan,0,1.8439891124388597,0.0040167299999999996,2.2360679774997898,5.0000000000000009,-0.80685347005912267,58.95181313957778,34.290552389380679,trajectory reached the configured outer_limit radius
117,493,0.80444592257782532,0.92149999999999999,fraction,250,0,outer_limit,nan,0,1.8406524420757444,0.00398994,2.2360679774997898,5.0000000000000009,-0.80683332508096306,58.952529677997077,34.288220984656476,trajectory reached the configured outer_limit radius
117,494,0.80451771178612341,0.92149999999999999,fraction,250,0,outer_limit,nan,0,1.8373356279508271,0.0036638249999999999,2.2360679774997898,5.0000000000000009,-0.80681292696550622,58.953261751829878,34.285878370516471,trajectory reached the configured outer_limit radius
117,495,0.8045895009944215,0.92149999999999999,fraction,250,0,outer_limit,nan,0,1.8340384346491516,0.0020828930000000002,2.2360679774997898,5.0000000000000009,-0.80679227752798066,58.954009253841257,34.28352464556513,trajectory reached the configured outer_limit radius
117,496,0.80466129020271959,0.92149999999999999,fraction,250,0,outer_limit,nan,0,1.8307606310748239,0.0038782579999999999,2.2360679774997898,5.0000000000000009,-0.80677137856242165,58.954772077999017,34.281159907171798,trajectory reached the configured outer_limit radius
117,497,0.80473307941101768,0.92149999999999999,fraction,250,0,outer_limit,nan,0,1.8275019903425165,0.0033462470000000001,2.2360679774997898,5.0000000000000009,-0.80675023184206407,58.955550119451232,34.278784251492105,trajectory reached the configured outer_limit radius
117,498,0.80480486861931566,0.92149999999999999,fraction,250,0,outer_limit,nan,0,1.8242622896724643,0.0029826090000000002,2.2360679774997898,5.0000000000000009,-0.80672883911972681,58.95634327450481,34.276397773492221,trajectory reached the configured outer_limit radius
117,499,0.80487665782761375,0.92149999999999999,fraction,250,0,outer_limit,nan,0,1.8210413102887701,0.0039082980000000002,2.2360679774997898,5.0000000000000009,-0.80670720212818714,58.957151440604541,34.274000566969789,trajectory reached the configured outer_limit radius
117,500,0.80494844703591184,0.92149999999999999,fraction,250,0,outer_limit,nan,0,1.8178388373209342,0.0039691980000000002,2.2360679774997898,5.0000000000000009,-0.80668532258054182,58.957974516312397,34.271592724574631,trajectory reached the configured outer_limit radius
117,501,0.80502023624420993,0.92149999999999999,fraction,250,0,outer_limit,nan,0,1.8146546597085127,0.0021241670000000002,2.2360679774997898,5.0000000000000009,-0.80666320217055931,58.958812401288398,34.269174337830762,trajectory reached the configured outer_limit radius
117,502,0.80509202545250802,0.92149999999999999,fraction,250,0,outer_limit,nan,0,1.8114885701086567,0.0024280030000000002,2.2360679774997898,5.0000000000000009,-0.80664084257302937,58.959664996270874,34.266745497157004,trajectory reached the configured outer_limit radius
117,503,0.805163814660806,0.92149999999999999,fraction,250,0,outer_limit,nan,0,1.8083403648066574,0.0038146310000000002,2.2360679774997898,5.0000000000000009,-0.80661824544409622,58.960532203056772,34.264306291884367,trajectory reached the configured outer_limit radius
117,504,0.80523560386910409,0.92149999999999999,fraction,250,0,outer_limit,nan,0,1.8052098436289847,0.0027632389999999998,2.2360679774997902,5.0000000000000027,-0.80659541242158406,58.9614139244852,34.261856810278729,trajectory reached the configured outer_limit radius
117,505,0.80530739307740218,0.92149999999999999,fraction,250,0,outer_limit,nan,0,1.802096809859274,0.004081828,2.2360679774997898,5.0000000000000009,-0.80657234512531761,58.96231006441775,34.259397139556512,trajectory reached the configured outer_limit radius
117,506,0.80537918228570027,0.92149999999999999,fraction,250,0,outer_limit,nan,0,1.7990010701566808,0.0031596290000000002,2.2360679774997898,5.0000000000000009,-0.8065490451574332,58.963220527722001,34.256927365904659,trajectory reached the configured outer_limit radius
117,507,0.80545097149399836,0.92149999999999999,fraction,250,0,outer_limit,nan,0,1.7959224344766789,0.0028436210000000002,2.2360679774997898,5.0000000000000009,-0.80652551410268503,58.964145220254423,34.254447574499508,trajectory reached the configured outer_limit radius
117,508,0.80552276070229645,0.92149999999999999,fraction,250,0,outer_limit,nan,0,1.7928607159943224,0.0038843990000000002,2.2360679774997898,5.0000000000000009,-0.80650175352873499,58.96508404884311,34.251957849521013,trajectory reached the configured outer_limit radius
117,509,0.80559454991059443,0.92149999999999999,fraction,250,0,outer_limit,nan,0,1.7898157310297389,0.0040826079999999997,2.2360679774997907,5.0000000000000044,-0.80647776498644508,58.966036921272774,34.249458274173506,trajectory reached the configured outer_limit radius
118,492,0.80437413336952723,0.93766666666666665,fraction,250,0,outer_limit,nan,0,1.8452157825449513,0.0041219710000000003,2.2360679774997902,5.0000000000000027,-0.80690590466366008,58.952151679019153,34.302635466939925,trajectory reached the configured outer_limit radius
118,493,0.80444592257782532,0.93766666666666665,fraction,250,0,outer_limit,nan,0,1.841877926895668,0.0037287930000000002,2.2360679774997898,5.0000000000000009,-0.80688792629904216,58.952758802788622,34.30046536942902,trajectory reached the configured outer_limit radius
118,494,0.80451771178612341,0.93766666666666665,fraction,250,0,outer_limit,nan,0,1.8385599215337429,0.003688481,2.2360679774997898,5.0000000000000009,-0.80686970452017637,58.953380831451916,34.298284366432512,trajectory reached the configured outer_limit radius
118,495,0.8045895009944215,0.93766666666666665,fraction,250,0,outer_limit,nan,0,1.835261531214776,0.0032512980000000001,2.2360679774997898,5.0000000000000009,-0.80685124104359218,58.954017664102267,34.296092552273841,trajectory reached the configured outer_limit radius
118,496,0.80466129020271959,0.93766666666666665,fraction,250,0,outer_limit,nan,0,1.8319825250087638,0.0030437490000000001,2.2360679774997898,5.0000000000000009,-0.80683253756602358,58.954669200949311,34.293890020106275,trajectory reached the configured outer_limit radius
118,497,0.80473307941101768,0.93766666666666665,fraction,250,0,outer_limit,nan,0,1.8287226761917301,0.0038773990000000001,2.2360679774997898,5.0000000000000009,-0.80681359576478262,58.955335343297762,34.291676861934448,trajectory reached the configured outer_limit radius
118,498,0.80480486861931566,0.93766666666666665,fraction,250,0,outer_limit,nan,0,1.8254817621409654,0.0035816060000000002,2.2360679774997898,5.0000000000000009,-0.80679441729810164,58.956015993528212,34.289453168633521,trajectory reached the configured outer_limit radius
118,499,0.80487665782761375,0.93766666666666665,fraction,250,0,outer_limit,nan,0,1.8222595642334325,0.0038676740000000002,2.2360679774997898,5.0000000000000009,-0.80677500380548772,58.956711055077889,34.287219029972263,trajectory reached the configured outer_limit radius
118,500,0.80494844703591184,0.93766666666666665,fraction,250,0,outer_limit,nan,0,1.8190558677474087,0.0032132049999999998,2.2360679774997898,5.0000000000000009,-0.80675535690805333,58.957420432422268,34.28497453463207,trajectory reached the configured outer_limit radius
118,501,0.80502023624420993,0.93766666666666665,fraction,250,0,outer_limit,nan,0,1.8158704617673103,0.0030686699999999999,2.2360679774997898,5.0000000000000009,-0.80673547820884173,58.958144031056449,34.282719770226969,trajectory reached the configured outer_limit radius
118,502,0.80509202545250802,0.93766666666666665,fraction,250,0,outer_limit,nan,0,1.8127031390913702,0.0034571839999999999,2.2360679774997898,5.0000000000000009,-0.80671536929315102,58.958881757477172,34.280454823321314,trajectory reached the configured outer_limit radius
118,503,0.805163814660806,0.93766666666666665,fraction,250,0,outer_limit,nan,0,1.8095536961421783,0.0024797349999999998,2.2360679774997898,5.0000000000000009,-0.80669503172884138,58.959633519166076,34.278179779450205,trajectory reached the configured outer_limit radius
118,504,0.80523560386910409,0.93766666666666665,fraction,250,0,outer_limit,nan,0,1.8064219328800342,0.0033654259999999999,2.2360679774997898,5.0000000000000009,-0.80667446706663726,58.960399224572782,34.275894723136815,trajectory reached the configured outer_limit radius
118,505,0.80530739307740218,0.93766666666666665,fraction,250,0,outer_limit,nan,0,1.8033076527189245,0.0038691400000000001,2.2360679774997902,5.0000000000000027,-0.80665367684042488,58.961178783097715,34.273599737909507,trajectory reached the configured outer_limit radius
118,506,0.80537918228570027,0.93766666666666665,fraction,250,0,outer_limit,nan,0,1.8002106624449685,0.0035656329999999999,2.2360679774997898,5.0000000000000009,-0.80663266256753685,58.961972105077464,34.271294906320932,trajectory reached the configured outer_limit radius
118,507,0.80545097149399836,0.93766666666666665,fraction,250,0,outer_limit,nan,0,1.7971307721373706,0.003416592,2.2360679774997898,5.0000000000000009,-0.80661142574903766,58.962779101767289,34.268980309961783,trajectory reached the configured outer_limit radius
118,508,0.80552276070229645,0.93766666666666665,fraction,250,0,outer_limit,nan,0,1.7940677950917685,0.0029580650000000002,2.2360679774997898,5.0000000000000009,-0.80658996786999215,58.963599685327658,34.266656029480401,trajectory reached the configured outer_limit radius
118,509,0.80559454991059443,0.93766666666666665,fraction,250,0,outer_limit,nan,0,1.7910215477457985,0.0041072360000000002,2.2360679774997898,5.0000000000000009,-0.8065682903997361,58.964433768808568,34.264322144597443,trajectory reached the configured outer_limit radius
119,492,0.80437413336952723,0.95383333333333331,fraction,250,0,outer_limit,nan,0,1.8472841747236191,0.004469916,2.2360679774997898,5.0000000000000009,-0.80696333295545919,58.952745207928785,34.316485355066476,trajectory reached the configured outer_limit radius
119,493,0.80444592257782532,0.95383333333333331,fraction,250,0,outer_limit,nan,0,1.8439449212470997,0.003839851,2.2360679774997898,5.0000000000000009,-0.80694784797993224,58.953226616845946,34.314501670494337,trajectory reached the configured outer_limit radius
119,494,0.80451771178612341,0.95383333333333331,fraction,250,0,outer_limit,nan,0,1.840625508060163,0.0039986639999999999,2.2360679774997898,5.0000000000000009,-0.80693213094962279,58.953722193065246,34.312507438268533,trajectory reached the configured outer_limit radius
119,495,0.8045895009944215,0.95383333333333331,fraction,250,0,outer_limit,nan,0,1.8373257001874614,0.0034705700000000001,2.2360679774997898,5.0000000000000009,-0.80691618346637872,58.954231843011463,34.310502747714935,trajectory reached the configured outer_limit radius
119,496,0.80466129020271959,0.95383333333333331,fraction,250,0,outer_limit,nan,0,1.8340452669606961,0.0038101400000000001,2.2360679774997898,5.0000000000000009,-0.80690000711388743,58.954755474125207,34.308487687065885,trajectory reached the configured outer_limit radius
119,497,0.80473307941101768,0.95383333333333331,fraction,250,0,outer_limit,nan,0,1.8307839819104961,0.002601543,2.2360679774997898,5.0000000000000009,-0.80688360345799881,58.955292994844143,34.306462343477129,trajectory reached the configured outer_limit radius
119,498,0.80480486861931566,0.95383333333333331,fraction,250,0,outer_limit,nan,0,1.8275416226618191,0.0019575019999999999,2.2360679774997898,5.0000000000000009,-0.80686697404705199,58.955844314585498,34.304426803049935,trajectory reached the configured outer_limit radius
119,499,0.80487665782761375,0.95383333333333331,fraction,250,0,outer_limit,nan,0,1.8243179708326427,0.0029066999999999999,2.2360679774997898,5.0000000000000009,-0.80685012041218174,58.956409343729376,34.302381150849612,trajectory reached the configured outer_limit radius
119,500,0.80494844703591184,0.95383333333333331,fraction,250,0,outer_limit,nan,0,1.8211128119357456,0.002494591,2.2360679774997898,5.0000000000000009,-0.80683304406761858,58.95698799360197,34.300325470923973,trajectory reached the configured outer_limit radius
119,501,0.80502023624420993,0.95383333333333331,fraction,250,0,outer_limit,nan,0,1.817925935283889,0.003059825,2.2360679774997898,5.0000000000000009,-0.80681574651099974,58.95758017645791,34.298259846320839,trajectory reached the configured outer_limit radius
119,502,0.80509202545250802,0.95383333333333331,fraction,250,0,outer_limit,nan,0,1.8147571338975035,0.0040959489999999998,2.2360679774997898,5.0000000000000009,-0.80679822922363786,58.958185805466158,34.296184359106327,trajectory reached the configured outer_limit radius
119,503,0.805163814660806,0.95383333333333331,fraction,250,0,outer_limit,nan,0,1.8116062044155934,0.0036920770000000002,2.2360679774997898,5.0000000000000009,-0.80678049367081706,58.958804794693414,34.294099090382176,trajectory reached the configured outer_limit radius
119,504,0.80523560386910409,0.95383333333333331,fraction,250,0,outer_limit,nan,0,1.8084729470091774,0.0035518350000000001,2.2360679774997898,5.0000000000000009,-0.8067625413020626,58.959437059088955,34.292004120301982,trajectory reached the configured outer_limit radius
119,505,0.80530739307740218,0.95383333333333331,fraction,250,0,outer_limit,nan,0,1.805357165297433,0.0023541899999999999,2.2360679774997907,5.0000000000000044,-0.80674437355140316,58.960082514470862,34.289899528088242,trajectory reached the configured outer_limit radius
119,506,0.80537918228570027,0.95383333333333331,fraction,250,0,outer_limit,nan,0,1.8022586662664011,0.0021099909999999999,2.2360679774997898,5.0000000000000009,-0.80672599183763993,58.960741077509951,34.287785392047738,trajectory reached the configured outer_limit radius
119,507,0.80545097149399836,0.95383333333333331,fraction,250,0,outer_limit,nan,0,1.7991772601900478,0.0024611920000000001,2.2360679774997898,5.0000000000000009,-0.80670739756459509,58.961412665718036,34.28566178958809,trajectory reached the configured outer_limit radius
119,508,0.80552276070229645,0.95383333333333331,fraction,250,0,outer_limit,nan,0,1.7961127605537583,0.0035362729999999999,2.2360679774997898,5.0000000000000009,-0.80668859212136579,58.962097197431788,34.283528797231497,trajectory reached the configured outer_limit radius
119,509,0.80559454991059443,0.95383333333333331,fraction,250,0,outer_limit,nan,0,1.7930649839800927,0.0040439780000000002,2.2360679774997898,5.0000000000000009,-0.80666957688255969,58.962794591800943,34.281386490630851,trajectory reached the configured outer_limit radius
120,492,0.80437413336952723,0.96999999999999997,fraction,250,0,outer_limit,nan,0,1.8506930214322124,0.0021686349999999999,2.2360679774997898,5.0000000000000009,-0.80702676277858765,58.953853224099191,34.333029581593152,trajectory reached the configured outer_limit radius
120,493,0.80444592257782532,0.96999999999999997,fraction,250,0,outer_limit,nan,0,1.8473520425705303,0.0039000649999999999,2.2360679774997898,5.0000000000000009,-0.80701427593032404,58.954183896743302,34.331271530474872,trajectory reached the configured outer_limit radius
120,494,0.80451771178612341,0.96999999999999997,fraction,250,0,outer_limit,nan,0,1.844030887468419,0.0039669470000000002,2.2360679774997898,5.0000000000000009,-0.80700157100959702,58.95452782787585,34.329503377529292,trajectory reached the configured outer_limit radius
120,495,0.8045895009944215,0.96999999999999997,fraction,250,0,outer_limit,nan,0,1.8407293215779035,0.0020056570000000001,2.2360679774997898,5.0000000000000009,-0.80698864947821636,58.954884932840464,34.327725205937192,trajectory reached the configured outer_limit radius
120,496,0.80466129020271959,0.96999999999999997,fraction,250,0,outer_limit,nan,0,1.8374471146462956,0.0038861680000000002,2.2360679774997898,5.0000000000000009,-0.80697551278182056,58.955255127873421,34.325937097876967,trajectory reached the configured outer_limit radius
120,497,0.80473307941101768,0.96999999999999997,fraction,250,0,outer_limit,nan,0,1.8341840406083951,0.0020907299999999998,2.2360679774997898,5.0000000000000009,-0.80696216235016127,58.955638330089414,34.324139134544964,trajectory reached the configured outer_limit radius
120,498,0.80480486861931566,0.96999999999999997,fraction,250,0,outer_limit,nan,0,1.8309398774823404,0.0038786459999999999,2.2360679774997898,5.0000000000000009,-0.80694859959737453,58.956034457465378,34.322331396169972,trajectory reached the configured outer_limit radius
120,499,0.80487665782761375,0.96999999999999997,fraction,250,0,outer_limit,nan,0,1.8277144072686151,0.0020493310000000002,2.2360679774997898,5.0000000000000009,-0.80693482592225818,58.95644342882683,34.320513962033083,trajectory reached the configured outer_limit radius
120,500,0.80494844703591184,0.96999999999999997,fraction,250,0,outer_limit,nan,0,1.8245074158522914,0.0026270920000000001,2.2360679774997898,5.0000000000000009,-0.80692084270853603,58.956865163832219,34.318686910482512,trajectory reached the configured outer_limit radius
120,501,0.80502023624420993,0.96999999999999997,fraction,250,0,outer_limit,nan,0,1.821318692908322,0.0019707919999999999,2.2360679774997898,5.0000000000000009,-0.8069066513251123,58.957299582960502,34.316850318951836,trajectory reached the configured outer_limit radius
120,502,0.80509202545250802,0.96999999999999997,fraction,250,0,outer_limit,nan,0,1.8181480318097856,0.0022679760000000001,2.2360679774997898,5.0000000000000009,-0.80689225312632806,58.957746607495572,34.315004263973513,trajectory reached the configured outer_limit radius
120,503,0.805163814660806,0.96999999999999997,fraction,250,0,outer_limit,nan,0,1.8149952295389726,0.0024989040000000001,2.2360679774997898,5.0000000000000009,-0.80687764945220242,58.958206159514404,34.313148821196471,trajectory reached the configured outer_limit radius
120,504,0.80523560386910409,0.96999999999999997,fraction,250,0,outer_limit,nan,0,1.8118600866011296,0.002399572,2.2360679774997898,5.0000000000000009,-0.80686284162867328,58.958678161873394,34.311284065400528,trajectory reached the configured outer_limit radius
120,505,0.80530739307740218,0.96999999999999997,fraction,250,0,outer_limit,nan,0,1.808742406940939,0.0038106059999999998,2.2360679774997898,5.0000000000000009,-0.80684783096783219,58.959162538196274,34.30941007051144,trajectory reached the configured outer_limit radius
120,506,0.80537918228570027,0.96999999999999997,fraction,250,0,outer_limit,nan,0,1.8056419978614793,0.0036636569999999999,2.2360679774997898,5.0000000000000009,-0.80683261876814882,58.959659212860274,34.307526909613799,trajectory reached the configured outer_limit radius
120,507,0.80545097149399836,0.96999999999999997,fraction,250,0,outer_limit,nan,0,1.8025586699454603,0.0037945380000000001,2.2360679774997898,5.0000000000000009,-0.80681720631469867,58.960168110985919,34.305634654967676,trajectory reached the configured outer_limit radius
120,508,0.80552276070229645,0.96999999999999997,fraction,250,0,outer_limit,nan,0,1.7994922369791799,0.0032374470000000001,2.2360679774997898,5.0000000000000009,-0.80680159487937442,58.960689158423996,34.303733378020745,trajectory reached the configured outer_limit radius
120,509,0.80559454991059443,0.96999999999999997,fraction,250,0,outer_limit,nan,0,1.7964425158783341,0.0036113289999999999,2.2360679774997898,5.0000000000000009,-0.80678578572110193,58.961222281744469,34.301823149422312,trajectory reached the configured outer_limit radius
