velocity_row,x_index,x0,velocity_parameter,velocity_mode,requested_iterates,completed_iterates,status,last_return_tau,max_return_tau,terminal_tau,elapsed_seconds,terminal_R,terminal_rho,terminal_theta,terminal_v,terminal_w,message
0,76,0.77450982271753033,-0.96999999999999997,fraction,250,0,collision,nan,0,32.328409152493393,0.090222070000000001,0.0010000000000000002,1.0000000000000004e-06,1.8109067307647848,-0.44194211642660353,0.00052796974004805266,trajectory reached the configured collision radius
0,77,0.77458161192582842,-0.96999999999999997,fraction,250,0,collision,nan,0,32.331304019009998,0.078032617999999998,0.0010000000000000007,1.0000000000000014e-06,1.8108927120472083,-0.44194211645606551,0.00052794507795748773,trajectory reached the configured collision radius
0,78,0.77465340113412651,-0.96999999999999997,fraction,250,0,collision,nan,0,32.334210220862396,0.093901147000000004,0.0010000000000000026,1.0000000000000052e-06,1.8108778735128788,-0.4419421164857229,0.00052792025110688829,trajectory reached the configured collision radius
0,79,0.7747251903424246,-0.96999999999999997,fraction,250,0,collision,nan,0,32.337127853598133,0.080799915999999999,0.001,9.9999999999999995e-07,1.8108622114120203,-0.44194211651557691,0.00052789525891555676,trajectory reached the configured collision radius
0,80,0.77479697955072258,-0.96999999999999997,fraction,250,0,collision,nan,0,32.340057013928572,0.084197745000000004,0.0010000000000000106,1.0000000000000213e-06,1.8108457219677303,-0.44194211654562715,0.00052787010079930255,trajectory reached the configured collision radius
0,81,0.77486876875902067,-0.96999999999999997,fraction,250,0,collision,nan,0,32.342997799747188,0.086925567999999995,0.001,9.9999999999999995e-07,1.8108284013757214,-0.44194211657587507,0.00052784477617038791,trajectory reached the configured collision radius
0,82,0.77494055796731875,-0.96999999999999997,fraction,250,0,collision,nan,0,32.345950310147813,0.095613041999999995,0.0010000000000000018,1.0000000000000036e-06,1.8108102458040147,-0.44194211660632093,0.00052781928443753809,trajectory reached the configured collision radius
0,83,0.77501234717561684,-0.96999999999999997,fraction,250,0,collision,nan,0,32.348914645443983,0.077364021000000005,0.0010000000000000013,1.0000000000000027e-06,1.8107912513926172,-0.44194211663696553,0.00052779362500585245,trajectory reached the configured collision radius
0,84,0.77508413638391493,-0.96999999999999997,fraction,250,0,collision,nan,0,32.351890907187503,0.083967254000000005,0.001,9.9999999999999995e-07,1.8107714142531097,-0.44194211666780991,0.00052776779727680399,trajectory reached the configured collision radius
0,85,0.77515592559221302,-0.96999999999999997,fraction,250,0,collision,nan,0,32.354879198188854,0.076641654000000003,0.0010000000000000096,1.0000000000000192e-06,1.8107507304684105,-0.44194211669885469,0.00052774180064813002,trajectory reached the configured collision radius
0,86,0.775227714800511,-0.96999999999999997,fraction,250,0,collision,nan,0,32.357879622536423,0.068602182999999997,0.001,9.9999999999999995e-07,1.8107291960923884,-0.44194211673009998,0.0005277156345138862,trajectory reached the configured collision radius
0,87,0.77529950400880909,-0.96999999999999997,fraction,250,0,collision,nan,0,32.360892285617112,0.072643649000000005,0.001000000000000002,1.000000000000004e-06,1.8107068071494861,-0.44194211676154666,0.00052768929826433816,trajectory reached the configured collision radius
0,88,0.77537129321710718,-0.96999999999999997,fraction,250,0,collision,nan,0,32.363917294137238,0.082301989000000006,0.0010000000000000011,1.0000000000000023e-06,1.8106835596344006,-0.44194211679319589,0.00052766279128591085,trajectory reached the configured collision radius
0,89,0.77544308242540527,-0.96999999999999997,fraction,250,0,collision,nan,0,32.36695475614335,0.082802194999999995,0.001,9.9999999999999995e-07,1.8106594495116923,-0.44194211682504808,0.00052763611296120186,trajectory reached the configured collision radius
0,90,0.77551487163370336,-0.96999999999999997,fraction,250,0,collision,nan,0,32.370004781043797,0.084475862999999998,0.0010000000000000115,1.000000000000023e-06,1.810634472715442,-0.44194211685710372,0.00052760926266889505,trajectory reached the configured collision radius
0,91,0.77558666084200134,-0.96999999999999997,fraction,250,0,collision,nan,0,32.37306747963089,0.077944068000000005,0.001,9.9999999999999995e-07,1.8106086251488067,-0.44194211688936386,0.00052758223978368202,trajectory reached the configured collision radius
0,92,0.77565845005029943,-0.96999999999999997,fraction,250,0,collision,nan,0,32.376142964102989,0.084199272000000006,0.0010000000000000009,1.0000000000000019e-06,1.8105819026837382,-0.44194211692182928,0.0005275550436762991,trajectory reached the configured collision radius
0,93,0.77573023925859752,-0.96999999999999997,fraction,250,0,collision,nan,0,32.379231348087274,0.079454130999999997,0.0010000000000000026,1.0000000000000052e-06,1.8105543011605121,-0.44194211695450064,0.000527527673713419,trajectory reached the configured collision radius
0,94,0.77580202846689561,-0.96999999999999997,fraction,250,0,collision,nan,0,32.382332746663309,0.097054013999999994,0.001,9.9999999999999995e-07,1.810525816387317,-0.44194211698737862,0.00052750012925759635,trajectory reached the configured collision radius
1,76,0.77450982271753033,-0.95383333333333331,fraction,250,0,collision,nan,0,32.345640001834916,0.087514776000000002,0.0010000000000000035,1.0000000000000069e-06,1.8128513086843132,-0.44194211685443791,0.00052761149566803796,trajectory reached the configured collision radius
1,77,0.77458161192582842,-0.95383333333333331,fraction,250,0,collision,nan,0,32.348511872150034,0.083754468999999998,0.0010000000000000005,1.000000000000001e-06,1.8128007230260603,-0.44194211688944668,0.00052758217043025028,trajectory reached the configured collision radius
1,78,0.77465340113412651,-0.95383333333333331,fraction,250,0,collision,nan,0,32.351395163658019,0.079099469000000006,0.0010000000000000005,1.000000000000001e-06,1.8127494162496218,-0.44194211692461738,0.00052755270830239192,trajectory reached the configured collision radius
1,79,0.7747251903424246,-0.95383333333333331,fraction,250,0,collision,nan,0,32.354289972942013,0.076041848999999995,0.0010000000000000031,1.0000000000000061e-06,1.812697385318619,-0.44194211695994945,0.00052752310884573203,trajectory reached the configured collision radius
1,80,0.77479697955072258,-0.95383333333333331,fraction,250,0,collision,nan,0,32.357196397765087,0.082862639000000002,0.001,9.9999999999999995e-07,1.8126446271747372,-0.44194211699544433,0.00052749337161882629,trajectory reached the configured collision radius
1,81,0.77486876875902067,-0.95383333333333331,fraction,250,0,collision,nan,0,32.360114537088435,0.080527937999999993,0.0010000000000000096,1.0000000000000192e-06,1.8125911387372764,-0.44194211703110198,0.00052746349617743913,trajectory reached the configured collision radius
1,82,0.77494055796731875,-0.95383333333333331,fraction,250,0,collision,nan,0,32.363044491090676,0.075193851000000006,0.001,9.9999999999999995e-07,1.8125369169029086,-0.44194211706692293,0.00052743348207451518,trajectory reached the configured collision radius
1,83,0.77501234717561684,-0.95383333333333331,fraction,250,0,collision,nan,0,32.365986361186764,0.083593509999999996,0.0010000000000000015,1.0000000000000031e-06,1.8124819585454501,-0.44194211710290804,0.000527403328860155,trajectory reached the configured collision radius
1,84,0.77508413638391493,-0.95383333333333331,fraction,250,0,collision,nan,0,32.368940250047586,0.085131133999999997,0.0010000000000000013,1.0000000000000027e-06,1.8124262605154544,-0.4419421171390579,0.00052737303608155206,trajectory reached the configured collision radius
1,85,0.77515592559221302,-0.95383333333333331,fraction,250,0,collision,nan,0,32.371906261620232,0.085215473999999999,0.001,9.9999999999999995e-07,1.812369819639964,-0.44194211717537241,0.0005273426032829558,trajectory reached the configured collision radius
1,86,0.775227714800511,-0.95383333333333331,fraction,250,0,collision,nan,0,32.374884501148074,0.082708885999999995,0.0010000000000000096,1.0000000000000192e-06,1.8123126327221823,-0.44194211721185295,0.00052731203000564158,trajectory reached the configured collision radius
1,87,0.77529950400880909,-0.95383333333333331,fraction,250,0,collision,nan,0,32.377875075191632,0.073692482000000004,0.001,9.9999999999999995e-07,1.8122546965411457,-0.44194211724849941,0.00052728131578785268,trajectory reached the configured collision radius
1,88,0.77537129321710718,-0.95383333333333331,fraction,250,0,collision,nan,0,32.380878091649599,0.084903070999999997,0.001000000000000002,1.000000000000004e-06,1.8121960078514059,-0.44194211728531174,0.00052725046016476734,trajectory reached the configured collision radius
1,89,0.77544308242540527,-0.95383333333333331,fraction,250,0,collision,nan,0,32.383893659780576,0.078575553000000006,0.0010000000000000013,1.0000000000000027e-06,1.812136563382621,-0.44194211732229155,0.0005272194626684334,trajectory reached the configured collision radius
1,90,0.77551487163370336,-0.95383333333333331,fraction,250,0,collision,nan,0,32.38692189022477,0.081049405000000005,0.001,9.9999999999999995e-07,1.8120763598393912,-0.44194211735943917,0.0005271883228277598,trajectory reached the configured collision radius
1,91,0.77558666084200134,-0.95383333333333331,fraction,250,0,collision,nan,0,32.389962895026564,0.078795586000000001,0.0010000000000000111,1.0000000000000222e-06,1.8120153939006451,-0.44194211739675493,0.0005271570401684147,trajectory reached the configured collision radius
1,92,0.77565845005029943,-0.95383333333333331,fraction,250,0,collision,nan,0,32.393016787657395,0.078275570000000003,0.001,9.9999999999999995e-07,1.811953662219502,-0.44194211743423872,0.00052712561421282408,trajectory reached the configured collision radius
1,93,0.77573023925859752,-0.95383333333333331,fraction,250,0,collision,nan,0,32.396083683038817,0.081143154999999995,0.0010000000000000013,1.0000000000000027e-06,1.8118911614228284,-0.4419421174718926,0.00052709404448009905,trajectory reached the configured collision radius
1,94,0.77580202846689561,-0.95383333333333331,fraction,250,0,collision,nan,0,32.399163697566266,0.077646111000000004,0.0010000000000000022,1.0000000000000044e-06,1.8118278881108094,-0.44194211750971624,0.00052706233048597638,trajectory reached the configured collision radius
2,76,0.77450982271753033,-0.93766666666666665,fraction,250,0,collision,nan,0,32.360966623958397,0.076841880000000001,0.0010000000000000018,1.0000000000000036e-06,1.8141422157227673,-0.44194211729199201,0.00052724486075229069,trajectory reached the configured collision radius
2,77,0.77458161192582842,-0.93766666666666665,fraction,250,0,collision,nan,0,32.363819936397086,0.07779237,0.0010000000000000009,1.0000000000000019e-06,1.814062363524972,-0.44194211733121708,0.0005272119807292041,trajectory reached the configured collision radius
2,78,0.77465340113412651,-0.93766666666666665,fraction,250,0,collision,nan,0,32.366684747704689,0.077456782000000002,0.001,9.9999999999999995e-07,1.8139818756612516,-0.44194211737057498,0.00052717898732706873,trajectory reached the configured collision radius
2,79,0.7747251903424246,-0.93766666666666665,fraction,250,0,collision,nan,0,32.369561155376587,0.081747105,0.0010000000000000054,1.000000000000011e-06,1.8139007496815427,-0.44194211741006661,0.0005271458802227788,trajectory reached the configured collision radius
2,80,0.77479697955072258,-0.93766666666666665,fraction,250,0,collision,nan,0,32.372449258102527,0.081884819999999997,0.001,9.9999999999999995e-07,1.8138189831177116,-0.4419421174496912,0.00052711265909105944,trajectory reached the configured collision radius
2,81,0.77486876875902067,-0.93766666666666665,fraction,250,0,collision,nan,0,32.375349155784988,0.083019779000000002,0.0010000000000000065,1.0000000000000131e-06,1.8137365734832487,-0.44194211748944973,0.00052707932360445352,trajectory reached the configured collision radius
2,82,0.77494055796731875,-0.93766666666666665,fraction,250,0,collision,nan,0,32.378260949558978,0.077701470999999994,0.0010000000000000002,1.0000000000000004e-06,1.8136535182731202,-0.44194211752934254,0.00052704587343323543,trajectory reached the configured collision radius
2,83,0.77501234717561684,-0.93766666666666665,fraction,250,0,collision,nan,0,32.381184741811118,0.084889550999999994,0.0010000000000000009,1.0000000000000019e-06,1.8135698149633666,-0.44194211756937013,0.00052701230824542364,trajectory reached the configured collision radius
2,84,0.77508413638391493,-0.93766666666666665,fraction,250,0,collision,nan,0,32.384120636199768,0.079596899999999998,0.0010000000000000022,1.0000000000000044e-06,1.8134854610108588,-0.44194211760953261,0.00052697862770669228,trajectory reached the configured collision radius
2,85,0.77515592559221302,-0.93766666666666665,fraction,250,0,collision,nan,0,32.387068737675406,0.083167399000000003,0.001,9.9999999999999995e-07,1.8134004538530568,-0.44194211764983038,0.00052694483148036969,trajectory reached the configured collision radius
2,86,0.775227714800511,-0.93766666666666665,fraction,250,0,collision,nan,0,32.390029152501178,0.077099853999999995,0.0010000000000000111,1.0000000000000222e-06,1.8133147909076379,-0.44194211769026409,0.00052691091922735505,trajectory reached the configured collision radius
2,87,0.77529950400880909,-0.93766666666666665,fraction,250,0,collision,nan,0,32.393001988274492,0.079493668000000003,0.001,9.9999999999999995e-07,1.8132284695722618,-0.44194211773083392,0.00052687689060607241,trajectory reached the configured collision radius
2,88,0.77537129321710718,-0.93766666666666665,fraction,250,0,collision,nan,0,32.395987353947618,0.076365273999999997,0.0010000000000000015,1.0000000000000031e-06,1.8131414872241725,-0.44194211777154008,0.00052684274527250291,trajectory reached the configured collision radius
2,89,0.77544308242540527,-0.93766666666666665,fraction,250,0,collision,nan,0,32.398985359850606,0.078969233,0.0010000000000000013,1.0000000000000027e-06,1.8130538412199897,-0.44194211781238318,0.00052680848288002495,trajectory reached the configured collision radius
2,90,0.77551487163370336,-0.93766666666666665,fraction,250,0,collision,nan,0,32.401996117713139,0.077966672000000001,0.001,9.9999999999999995e-07,1.8129655288952824,-0.44194211785336374,0.00052677410307942166,trajectory reached the configured collision radius
2,91,0.77558666084200134,-0.93766666666666665,fraction,250,0,collision,nan,0,32.405019740687244,0.083689361000000004,0.0010000000000000113,1.0000000000000226e-06,1.8128765475642514,-0.44194211789448179,0.00052673960551886782,trajectory reached the configured collision radius
2,92,0.77565845005029943,-0.93766666666666665,fraction,250,0,collision,nan,0,32.40805634337125,0.080801766999999997,0.0010000000000000002,1.0000000000000004e-06,1.812786894519457,-0.44194211793573784,0.00052670498984375386,trajectory reached the configured collision radius
2,93,0.77573023925859752,-0.93766666666666665,fraction,250,0,collision,nan,0,32.411106041832298,0.076595014000000003,0.0010000000000000013,1.0000000000000027e-06,1.8126965670313862,-0.44194211797713279,0.00052667025569681509,trajectory reached the configured collision radius
2,94,0.77580202846689561,-0.93766666666666665,fraction,250,0,collision,nan,0,32.41416895363168,0.080290370999999999,0.0010000000000000022,1.0000000000000044e-06,1.8126055623481141,-0.44194211801866623,0.00052663540271789193,trajectory reached the configured collision radius
3,76,0.77450982271753033,-0.92149999999999999,fraction,250,0,collision,nan,0,32.375121543022367,0.077524171000000003,0.0010000000000000096,1.0000000000000192e-06,1.8150027211482282,-0.44194211773906056,0.0005268699898328252,trajectory reached the configured collision radius
3,77,0.77458161192582842,-0.92149999999999999,fraction,250,0,collision,nan,0,32.37795918081892,0.072014352000000004,0.001,9.9999999999999995e-07,1.8148983074934324,-0.44194211778163706,0.00052683427525074191,trajectory reached the configured collision radius
3,78,0.77465340113412651,-0.92149999999999999,fraction,250,0,collision,nan,0,32.380808390178437,0.085396273999999994,0.0010000000000000024,1.0000000000000048e-06,1.8147933352611816,-0.44194211782432125,0.00052679846803691487,trajectory reached the configured collision radius
3,79,0.7747251903424246,-0.92149999999999999,fraction,250,0,collision,nan,0,32.38366926943435,0.080085340000000005,0.0010000000000000007,1.0000000000000014e-06,1.8146878025062321,-0.44194211786711268,0.00052676256796691304,trajectory reached the configured collision radius
3,80,0.77479697955072258,-0.92149999999999999,fraction,250,0,collision,nan,0,32.386541918127627,0.079207247999999994,0.0010000000000000002,1.0000000000000004e-06,1.8145817072685761,-0.44194211791001231,0.00052672657481462606,trajectory reached the configured collision radius
3,81,0.77486876875902067,-0.92149999999999999,fraction,250,0,collision,nan,0,32.389426437025833,0.079744405000000004,0.0010000000000000041,1.0000000000000082e-06,1.8144750475731311,-0.44194211795302074,0.0005266904883522187,trajectory reached the configured collision radius
3,82,0.77494055796731875,-0.92149999999999999,fraction,250,0,collision,nan,0,32.39232292814323,0.080042388000000006,0.001,9.9999999999999995e-07,1.8143678214296013,-0.44194211799613686,0.00052665430835002465,trajectory reached the configured collision radius
3,83,0.77501234717561684,-0.92149999999999999,fraction,250,0,collision,nan,0,32.395231494759805,0.080453128999999998,0.001000000000000008,1.000000000000016e-06,1.8142600268321007,-0.44194211803936212,0.0005266180345766282,trajectory reached the configured collision radius
3,84,0.77508413638391493,-0.92149999999999999,fraction,250,0,collision,nan,0,32.398152241442368,0.081212955000000003,0.001,9.9999999999999995e-07,1.8141516617589817,-0.44194211808269662,0.00052658166679868076,trajectory reached the configured collision radius
3,85,0.77515592559221302,-0.92149999999999999,fraction,250,0,collision,nan,0,32.401085274064592,0.077307467000000005,0.0010000000000000013,1.0000000000000027e-06,1.8140427241724506,-0.44194211812614043,0.0005265452047809742,trajectory reached the configured collision radius
3,86,0.775227714800511,-0.92149999999999999,fraction,250,0,collision,nan,0,32.404030699828482,0.076645944999999993,0.0010000000000000018,1.0000000000000036e-06,1.8139332120184142,-0.44194211816969353,0.0005265086482863304,trajectory reached the configured collision radius
3,87,0.77529950400880909,-0.92149999999999999,fraction,250,0,collision,nan,0,32.406988627285642,0.080799037000000004,0.001,9.9999999999999995e-07,1.8138231232260609,-0.44194211821335661,0.00052647199707556451,trajectory reached the configured collision radius
3,88,0.77537129321710718,-0.92149999999999999,fraction,250,0,collision,nan,0,32.409959166359222,0.077831400999999995,0.0010000000000000109,1.0000000000000218e-06,1.8137124557076518,-0.44194211825712909,0.00052643525090745758,trajectory reached the configured collision radius
3,89,0.77544308242540527,-0.92149999999999999,fraction,250,0,collision,nan,0,32.412942428366399,0.079047599999999996,0.001,9.9999999999999995e-07,1.8136012073581462,-0.44194211830101277,0.00052639840953866359,trajectory reached the configured collision radius
3,90,0.77551487163370336,-0.92149999999999999,fraction,250,0,collision,nan,0,32.415938526040705,0.075975762000000002,0.0010000000000000018,1.0000000000000036e-06,1.8134893760549364,-0.44194211834500685,0.0005263614727237147,trajectory reached the configured collision radius
3,91,0.77558666084200134,-0.92149999999999999,fraction,250,0,collision,nan,0,32.418947573555656,0.082807056000000004,0.0010000000000000013,1.0000000000000027e-06,1.8133769596575264,-0.44194211838911179,0.00052632444021492538,trajectory reached the configured collision radius
3,92,0.77565845005029943,-0.92149999999999999,fraction,250,0,collision,nan,0,32.421969686548394,0.076930329000000006,0.001,9.9999999999999995e-07,1.813263956007134,-0.44194211843332765,0.0005262873117623365,trajectory reached the configured collision radius
3,93,0.77573023925859752,-0.92149999999999999,fraction,250,0,collision,nan,0,32.425004982143427,0.083049831000000005,0.0010000000000000115,1.000000000000023e-06,1.8131503629264247,-0.44194211847765519,0.00052625008711369367,trajectory reached the configured collision radius
3,94,0.77580202846689561,-0.92149999999999999,fraction,250,0,collision,nan,0,32.428053578977789,0.080812259999999997,0.001,9.9999999999999995e-07,1.8130361782191022,-0.44194211852209453,0.00052621276601433798,trajectory reached the configured collision radius
4,76,0.77450982271753033,-0.90533333333333332,fraction,250,0,collision,nan,0,32.388470714681127,0.075747547999999998,0.0010000000000000002,1.0000000000000004e-06,1.8155462443977897,-0.44194211819505325,0.00052648736124538253,trajectory reached the configured collision radius
4,77,0.77458161192582842,-0.90533333333333332,fraction,250,0,collision,nan,0,32.391294780096338,0.083496959999999995,0.0010000000000000007,1.0000000000000014e-06,1.8154206712492127,-0.44194211824035057,0.00052644933662037937,trajectory reached the configured collision radius
4,78,0.77465340113412651,-0.90533333333333332,fraction,250,0,collision,nan,0,32.394130486372553,0.073391693999999993,0.0010000000000000022,1.0000000000000044e-06,1.8152946106679662,-0.44194211828573265,0.00052641123814187413,trajectory reached the configured collision radius
4,79,0.7747251903424246,-0.90533333333333332,fraction,250,0,collision,nan,0,32.396977932631252,0.080042934999999996,0.001,9.9999999999999995e-07,1.8151680611551677,-0.44194211833119923,0.00052637306567192082,trajectory reached the configured collision radius
4,80,0.77479697955072258,-0.90533333333333332,fraction,250,0,collision,nan,0,32.399837219214,0.079345544000000004,0.0010000000000000089,1.0000000000000177e-06,1.8150410211999559,-0.44194211837675101,0.00052633481907132004,trajectory reached the configured collision radius
4,81,0.77486876875902067,-0.90533333333333332,fraction,250,0,collision,nan,0,32.402708447702842,0.075803628999999997,0.001,9.9999999999999995e-07,1.8149134892792211,-0.44194211842238817,0.00052629649819945759,trajectory reached the configured collision radius
4,82,0.77494055796731875,-0.90533333333333332,fraction,250,0,collision,nan,0,32.4055917209391,0.078220068000000004,0.0010000000000000039,1.0000000000000078e-06,1.8147854638574672,-0.44194211846811005,0.00052625810291437921,trajectory reached the configured collision radius
4,83,0.77501234717561684,-0.90533333333333332,fraction,250,0,collision,nan,0,32.408487143044376,0.073164626999999996,0.0010000000000000005,1.000000000000001e-06,1.8146569433864213,-0.44194211851391796,0.00052621963307264831,trajectory reached the configured collision radius
4,84,0.77508413638391493,-0.90533333333333332,fraction,250,0,collision,nan,0,32.411394819440687,0.083033293999999994,0.0010000000000000005,1.000000000000001e-06,1.8145279263048915,-0.44194211855981136,0.00052618108852935618,trajectory reached the configured collision radius
4,85,0.77515592559221302,-0.90533333333333332,fraction,250,0,collision,nan,0,32.414314856871563,0.074763926999999994,0.0010000000000000033,1.0000000000000065e-06,1.8143984110384679,-0.44194211860578986,0.00052614246913808976,trajectory reached the configured collision radius
4,86,0.775227714800511,-0.90533333333333332,fraction,250,0,collision,nan,0,32.417247363423748,0.085593875,0.001,9.9999999999999995e-07,1.8142683959991908,-0.44194211865185484,0.00052610377475080365,trajectory reached the configured collision radius
4,87,0.77529950400880909,-0.90533333333333332,fraction,250,0,collision,nan,0,32.420192448548406,0.072074803000000007,0.0010000000000000085,1.0000000000000169e-06,1.8141378795853431,-0.44194211869800593,0.00052606500521787565,trajectory reached the configured collision radius
4,88,0.77537129321710718,-0.90533333333333332,fraction,250,0,collision,nan,0,32.423150223084086,0.077630540999999997,0.0010000000000000002,1.0000000000000004e-06,1.8140068601810828,-0.44194211874424322,0.00052602616038796416,trajectory reached the configured collision radius
4,89,0.77544308242540527,-0.90533333333333332,fraction,250,0,collision,nan,0,32.426120799278642,0.080170710000000006,0.0010000000000000011,1.0000000000000023e-06,1.8138753361562667,-0.44194211879056661,0.000525987240108027,trajectory reached the configured collision radius
4,90,0.77551487163370336,-0.90533333333333332,fraction,250,0,collision,nan,0,32.429104290813214,0.075459720999999993,0.0010000000000000022,1.0000000000000044e-06,1.8137433058659764,-0.44194211883697682,0.0005259482442232055,trajectory reached the configured collision radius
4,91,0.77558666084200134,-0.90533333333333332,fraction,250,0,collision,nan,0,32.432100812825098,0.081615998999999995,0.001,9.9999999999999995e-07,1.8136107676503468,-0.44194211888347351,0.00052590917257682053,trajectory reached the configured collision radius
4,92,0.77565845005029943,-0.90533333333333332,fraction,250,0,collision,nan,0,32.435110481932121,0.083407840999999996,0.0010000000000000098,1.0000000000000196e-06,1.8134777198341179,-0.44194211893005725,0.00052587002501028432,trajectory reached the configured collision radius
4,93,0.77573023925859752,-0.90533333333333332,fraction,250,0,collision,nan,0,32.43813341625745,0.071041957000000003,0.0010000000000000002,1.0000000000000004e-06,1.8133441607264007,-0.44194211897672792,0.00052583080136301731,trajectory reached the configured collision radius
4,94,0.77580202846689561,-0.90533333333333332,fraction,250,0,collision,nan,0,32.441169735453947,0.067614043999999998,0.0010000000000000009,1.0000000000000019e-06,1.8132100886202667,-0.44194211902348618,0.00052579150147246474,trajectory reached the configured collision radius
5,76,0.77450982271753033,-0.88916666666666666,fraction,250,0,collision,nan,0,32.401228686208498,0.083122707000000004,0.0010000000000000009,1.0000000000000019e-06,1.8158403131694405,-0.44194211865932759,0.00052609749751070505,trajectory reached the configured collision radius
5,77,0.77458161192582842,-0.88916666666666666,fraction,250,0,collision,nan,0,32.404040822016391,0.077106628999999996,0.0010000000000000018,1.0000000000000036e-06,1.8156962157179752,-0.44194211870685418,0.00052605757171319298,trajectory reached the configured collision radius
5,78,0.77465340113412651,-0.88916666666666666,fraction,250,0,collision,nan,0,32.406864665510795,0.076107405000000003,0.001,9.9999999999999995e-07,1.8155516974401595,-0.44194211875444467,0.00052601758933510647,trajectory reached the configured collision radius
5,79,0.7747251903424246,-0.88916666666666666,fraction,250,0,collision,nan,0,32.409700316565427,0.079310104000000006,0.001000000000000007,1.0000000000000139e-06,1.8154067572384363,-0.44194211880209883,0.00052597755031561931,trajectory reached the configured collision radius
5,80,0.77479697955072258,-0.88916666666666666,fraction,250,0,collision,nan,0,32.41254787628727,0.071528869999999994,0.001,9.9999999999999995e-07,1.8152613940057154,-0.44194211884981716,0.00052593745459292459,trajectory reached the configured collision radius
5,81,0.77486876875902067,-0.88916666666666666,fraction,250,0,collision,nan,0,32.415407447035861,0.074487022,0.0010000000000000057,1.0000000000000114e-06,1.8151156066251137,-0.44194211889759916,0.00052589730210418238,trajectory reached the configured collision radius
5,82,0.77494055796731875,-0.88916666666666666,fraction,250,0,collision,nan,0,32.418279132443693,0.074329305999999998,0.0010000000000000002,1.0000000000000004e-06,1.8149693939697669,-0.44194211894544522,0.00052585709278547062,trajectory reached the configured collision radius
5,83,0.77501234717561684,-0.88916666666666666,fraction,250,0,collision,nan,0,32.421163037436521,0.070290182000000007,0.0010000000000000011,1.0000000000000023e-06,1.8148227549025471,-0.44194211899335506,0.00052581682657177025,trajectory reached the configured collision radius
5,84,0.77508413638391493,-0.88916666666666666,fraction,250,0,collision,nan,0,32.424059268254418,0.070610993999999996,0.0010000000000000018,1.0000000000000036e-06,1.8146756882757902,-0.44194211904132902,0.00052577650339685723,trajectory reached the configured collision radius
5,85,0.77515592559221302,-0.88916666666666666,fraction,250,0,collision,nan,0,32.426967932473083,0.075389613999999994,0.001,9.9999999999999995e-07,1.8145281929310888,-0.44194211908936754,0.00052573612319330762,trajectory reached the configured collision radius
5,86,0.775227714800511,-0.88916666666666666,fraction,250,0,collision,nan,0,32.429889139025384,0.073386797000000004,0.0010000000000000098,1.0000000000000196e-06,1.8143802676989853,-0.44194211913746995,0.00052569568589243634,trajectory reached the configured collision radius
5,87,0.77529950400880909,-0.88916666666666666,fraction,250,0,collision,nan,0,32.432822998223976,0.076805909000000006,0.001,9.9999999999999995e-07,1.8142319113987033,-0.44194211918563692,0.00052565519142421478,trajectory reached the configured collision radius
5,88,0.77537129321710718,-0.88916666666666666,fraction,250,0,collision,nan,0,32.435769621783159,0.079975264000000004,0.0010000000000000026,1.0000000000000052e-06,1.8140831228378855,-0.44194211923386828,0.00052561463971727187,trajectory reached the configured collision radius
5,89,0.77544308242540527,-0.88916666666666666,fraction,250,0,collision,nan,0,32.438729122842645,0.077554841999999999,0.0010000000000000007,1.0000000000000014e-06,1.8139339008122459,-0.44194211928216415,0.00052557403069878217,trajectory reached the configured collision radius
5,90,0.77551487163370336,-0.88916666666666666,fraction,250,0,collision,nan,0,32.441701615990759,0.075241183000000003,0.001,9.9999999999999995e-07,1.8137842441052983,-0.44194211933052402,0.00052553336429443122,trajectory reached the configured collision radius
5,91,0.77558666084200134,-0.88916666666666666,fraction,250,0,collision,nan,0,32.444687217288362,0.068659275000000006,0.001000000000000007,1.0000000000000139e-06,1.8136341514880447,-0.44194211937894884,0.00052549264042838243,trajectory reached the configured collision radius
5,92,0.77565845005029943,-0.88916666666666666,fraction,250,0,collision,nan,0,32.447686044293469,0.075570994000000002,0.001,9.9999999999999995e-07,1.8134836217186436,-0.44194211942743783,0.00052545185902316523,trajectory reached the configured collision radius
5,93,0.77573023925859752,-0.88916666666666666,fraction,250,0,collision,nan,0,32.45069821608606,0.082764822000000002,0.0010000000000000033,1.0000000000000065e-06,1.8133326535420178,-0.44194211947599232,0.00052541101999964185,trajectory reached the configured collision radius
5,94,0.77580202846689561,-0.88916666666666666,fraction,250,0,collision,nan,0,32.453723853293667,0.073047440000000005,0.0010000000000000007,1.0000000000000014e-06,1.8131812456896566,-0.44194211952461093,0.00052537012327694339,trajectory reached the configured collision radius
6,76,0.77450982271753033,-0.873,fraction,250,0,collision,nan,0,32.413534368141029,0.077538727000000002,0.0010000000000000002,1.0000000000000004e-06,1.8159292782073659,-0.4419421191312673,0.00052570090031559631,trajectory reached the configured collision radius
6,77,0.77458161192582842,-0.873,fraction,250,0,collision,nan,0,32.416335919091985,0.077683891000000005,0.0010000000000000005,1.000000000000001e-06,1.8157687940880949,-0.44194211918062287,0.00052565940685160822,trajectory reached the configured collision radius
6,78,0.77465340113412651,-0.873,fraction,250,0,collision,nan,0,32.419149242676987,0.079634275000000004,0.0010000000000000022,1.0000000000000044e-06,1.8156079521094073,-0.44194211923002308,0.00052561787287301121,trajectory reached the configured collision radius
6,79,0.7747251903424246,-0.873,fraction,250,0,collision,nan,0,32.421974439496417,0.082603298000000006,0.001,9.9999999999999995e-07,1.8154467515388573,-0.44194211927946708,0.0005255762983885047,trajectory reached the configured collision radius
6,80,0.77479697955072258,-0.873,fraction,250,0,collision,nan,0,32.424811611395768,0.074646309999999994,0.0010000000000000085,1.0000000000000169e-06,1.8152851916365293,-0.44194211932895527,0.00052553468340606332,trajectory reached the configured collision radius
6,81,0.77486876875902067,-0.873,fraction,250,0,collision,nan,0,32.427660861486203,0.078870282,0.001,9.9999999999999995e-07,1.8151232716548855,-0.44194211937848799,0.00052549302793288087,trajectory reached the configured collision radius
6,82,0.77494055796731875,-0.873,fraction,250,0,collision,nan,0,32.430522294164099,0.078515551000000003,0.0010000000000000046,1.0000000000000091e-06,1.8149609908385149,-0.44194211942806444,0.00052545133197538232,trajectory reached the configured collision radius
6,83,0.77501234717561684,-0.873,fraction,250,0,collision,nan,0,32.433396015132722,0.071086305000000002,0.0010000000000000002,1.0000000000000004e-06,1.8147983484238754,-0.44194211947768541,0.00052540959553909385,trajectory reached the configured collision radius
6,84,0.77508413638391493,-0.873,fraction,250,0,collision,nan,0,32.436282131422715,0.082999393000000005,0.0010000000000000009,1.0000000000000019e-06,1.8146353436390581,-0.44194211952735069,0.0005253678186286783,trajectory reached the configured collision radius
6,85,0.77515592559221302,-0.873,fraction,250,0,collision,nan,0,32.439180751414291,0.075499782000000001,0.0010000000000000024,1.0000000000000048e-06,1.8144719757035284,-0.44194211957705992,0.00052532600124781392,trajectory reached the configured collision radius
6,86,0.775227714800511,-0.873,fraction,250,0,collision,nan,0,32.442091984859033,0.072442902000000003,0.001,9.9999999999999995e-07,1.8143082438278955,-0.44194211962681346,0.00052528414339917176,trajectory reached the configured collision radius
6,87,0.77529950400880909,-0.873,fraction,250,0,collision,nan,0,32.445015942902337,0.068476659999999995,0.0010000000000000113,1.0000000000000226e-06,1.81414414721352,-0.44194211967661118,0.00052524224508438528,trajectory reached the configured collision radius
6,88,0.77537129321710718,-0.873,fraction,250,0,collision,nan,0,32.447952738106622,0.077355726999999999,0.0010000000000000002,1.0000000000000004e-06,1.8139796850524019,-0.44194211972645286,0.00052520030630392837,trajectory reached the configured collision radius
6,89,0.77544308242540527,-0.873,fraction,250,0,collision,nan,0,32.450902484474405,0.081336587000000002,0.001000000000000002,1.000000000000004e-06,1.81381485652673,-0.44194211977633846,0.00052515832705713156,trajectory reached the configured collision radius
6,90,0.77551487163370336,-0.873,fraction,250,0,collision,nan,0,32.453865297472397,0.078230103999999995,0.0010000000000000011,1.0000000000000023e-06,1.8136496608086661,-0.44194211982626858,0.00052511630734207719,trajectory reached the configured collision radius
6,91,0.77558666084200134,-0.873,fraction,250,0,collision,nan,0,32.456841294055877,0.077844107999999995,0.001,9.9999999999999995e-07,1.8134840970600306,-0.44194211987624227,0.00052507424715553187,trajectory reached the configured collision radius
6,92,0.77565845005029943,-0.873,fraction,250,0,collision,nan,0,32.459830592693287,0.072604673999999994,0.0010000000000000087,1.0000000000000173e-06,1.8133181644318912,-0.44194211992626042,0.00052503214649291517,trajectory reached the configured collision radius
6,93,0.77573023925859752,-0.873,fraction,250,0,collision,nan,0,32.462833313392139,0.077188936999999999,0.001,9.9999999999999995e-07,1.813151862064351,-0.44194211997632266,0.00052499000534817852,trajectory reached the configured collision radius
6,94,0.77580202846689561,-0.873,fraction,250,0,collision,nan,0,32.465849577724171,0.083806637000000003,0.0010000000000000022,1.0000000000000044e-06,1.8129851890860922,-0.44194212002642907,0.00052494782371379585,trajectory reached the configured collision radius
7,76,0.77450982271753033,-0.85683333333333334,fraction,250,0,collision,nan,0,32.42548407714748,0.073999769000000007,0.001000000000000005,1.0000000000000101e-06,1.8158442989388941,-0.4419421196103005,0.00052529803628108989,trajectory reached the configured collision radius
7,77,0.77458161192582842,-0.85683333333333334,fraction,250,0,collision,nan,0,32.428276181390203,0.073426731999999995,0.0010000000000000002,1.0000000000000004e-06,1.8156692205633329,-0.44194211966114738,0.0005252552561354596,trajectory reached the configured collision radius
7,78,0.77465340113412651,-0.85683333333333334,fraction,250,0,collision,nan,0,32.431080121747719,0.081135821999999996,0.0010000000000000011,1.0000000000000023e-06,1.8154938442706732,-0.44194211971202063,0.00052521245053939285,trajectory reached the configured collision radius
7,79,0.7747251903424246,-0.85683333333333334,fraction,250,0,collision,nan,0,32.433895999527579,0.078318974999999999,0.0010000000000000011,1.0000000000000023e-06,1.8153181696632641,-0.44194211976291964,0.00052516961956471618,trajectory reached the configured collision radius
7,80,0.77479697955072258,-0.85683333333333334,fraction,250,0,collision,nan,0,32.436723917294607,0.074626453999999995,0.001,9.9999999999999995e-07,1.8151421963379608,-0.44194211981384462,0.00052512676328280816,trajectory reached the configured collision radius
7,81,0.77486876875902067,-0.85683333333333334,fraction,250,0,collision,nan,0,32.439563978891258,0.075196971000000001,0.0010000000000000054,1.000000000000011e-06,1.8149659238858042,-0.44194211986479542,0.00052508388176450589,trajectory reached the configured collision radius
7,82,0.77494055796731875,-0.85683333333333334,fraction,250,0,collision,nan,0,32.442416289458521,0.076783380999999998,0.001,9.9999999999999995e-07,1.814789351891821,-0.44194211991577187,0.00052504097508004974,trajectory reached the configured collision radius
7,83,0.77501234717561684,-0.85683333333333334,fraction,250,0,collision,nan,0,32.445280955456532,0.078636355000000005,0.0010000000000000072,1.0000000000000144e-06,1.8146124799348422,-0.44194211996677391,0.00052499804329908485,trajectory reached the configured collision radius
7,84,0.77508413638391493,-0.85683333333333334,fraction,250,0,collision,nan,0,32.448158084686767,0.071426759000000006,0.0010000000000000002,1.0000000000000004e-06,1.8144353075871622,-0.44194212001780209,0.0005249550864905206,trajectory reached the configured collision radius
7,85,0.77515592559221302,-0.85683333333333334,fraction,250,0,collision,nan,0,32.45104778631336,0.075954629999999995,0.0010000000000000013,1.0000000000000027e-06,1.814257834414396,-0.44194212006885503,0.00052491210472258812,trajectory reached the configured collision radius
7,86,0.775227714800511,-0.85683333333333334,fraction,250,0,collision,nan,0,32.453950170886053,0.079468220000000006,0.0010000000000000013,1.0000000000000027e-06,1.8140800599750873,-0.44194212011993378,0.00052486909806268944,trajectory reached the configured collision radius
7,87,0.77529950400880909,-0.85683333333333334,fraction,250,0,collision,nan,0,32.456865350362591,0.074510318000000006,0.001,9.9999999999999995e-07,1.8139019838205104,-0.44194212017103768,0.0005248260665773846,trajectory reached the configured collision radius
7,88,0.77537129321710718,-0.85683333333333334,fraction,250,0,collision,nan,0,32.459793438132145,0.076513181999999999,0.0010000000000000083,1.0000000000000165e-06,1.8137236054943713,-0.44194212022216683,0.00052478301033233581,trajectory reached the configured collision radius
7,89,0.77544308242540527,-0.85683333333333334,fraction,250,0,collision,nan,0,32.46273454903934,0.076309718999999998,0.001,9.9999999999999995e-07,1.8135449245325743,-0.44194212027332086,0.00052473992939223134,trajectory reached the configured collision radius
7,90,0.77551487163370336,-0.85683333333333334,fraction,250,0,collision,nan,0,32.465688799407992,0.076435474000000003,0.0010000000000000033,1.0000000000000065e-06,1.8133659404627416,-0.44194212032450036,0.00052469682382071841,trajectory reached the configured collision radius
7,91,0.77558666084200134,-0.85683333333333334,fraction,250,0,collision,nan,0,32.468656307066453,0.076198526000000003,0.0010000000000000007,1.0000000000000014e-06,1.8131866528040939,-0.44194212037570463,0.00052465369368034573,trajectory reached the configured collision radius
7,92,0.77565845005029943,-0.85683333333333334,fraction,250,0,collision,nan,0,32.471637191372274,0.073817455000000004,0.0010000000000000002,1.0000000000000004e-06,1.8130070610669542,-0.44194212042693348,0.00052461053903249172,trajectory reached the configured collision radius
7,93,0.77573023925859752,-0.85683333333333334,fraction,250,0,collision,nan,0,32.474631573238277,0.076461276999999994,0.0010000000000000061,1.0000000000000122e-06,1.8128271647526133,-0.44194212047818743,0.00052456735993730488,trajectory reached the configured collision radius
7,94,0.77580202846689561,-0.85683333333333334,fraction,250,0,collision,nan,0,32.477639575158989,0.079255916999999995,0.001,9.9999999999999995e-07,1.8126469633527209,-0.44194212052946641,0.00052452415645359233,trajectory reached the configured collision radius
8,76,0.77450982271753033,-0.84066666666666667,fraction,250,0,collision,nan,0,32.437148061080904,0.077850611,0.001,9.9999999999999995e-07,1.8156083765129605,-0.4419421200958969,0.0005248893368070567,trajectory reached the configured collision radius
8,77,0.77458161192582842,-0.84066666666666667,fraction,250,0,collision,nan,0,32.439931706432503,0.081042195999999997,0.0010000000000000104,1.0000000000000209e-06,1.8154202447570325,-0.44194212014794432,0.00052484551252240507,trajectory reached the configured collision radius
8,78,0.77465340113412651,-0.84066666666666667,fraction,250,0,collision,nan,0,32.442727250212684,0.073161041999999996,0.001,9.9999999999999995e-07,1.8152318724424996,-0.44194212020000057,0.00052480167699759663,trajectory reached the configured collision radius
8,79,0.7747251903424246,-0.84066666666666667,fraction,250,0,collision,nan,0,32.445534794421221,0.070800088999999997,0.0010000000000000046,1.0000000000000091e-06,1.8150432594807788,-0.44194212025206597,0.00052475783036224776,trajectory reached the configured collision radius
8,80,0.77479697955072258,-0.84066666666666667,fraction,250,0,collision,nan,0,32.448354442327606,0.074620095999999997,0.0010000000000000002,1.0000000000000004e-06,1.814854405779365,-0.44194212030413987,0.00052471397274565497,trajectory reached the configured collision radius
8,81,0.77486876875902067,-0.84066666666666667,fraction,250,0,collision,nan,0,32.451186298491237,0.077364182000000004,0.0010000000000000009,1.0000000000000019e-06,1.8146653112416127,-0.44194212035622232,0.00052467010427674715,trajectory reached the configured collision radius
8,82,0.77494055796731875,-0.84066666666666667,fraction,250,0,collision,nan,0,32.454030468782399,0.073078243000000001,0.0010000000000000015,1.0000000000000031e-06,1.8144759757665554,-0.44194212040831338,0.00052462622508410775,trajectory reached the configured collision radius
8,83,0.77501234717561684,-0.84066666666666667,fraction,250,0,collision,nan,0,32.456887060403737,0.068078991000000005,0.001,9.9999999999999995e-07,1.8142863992486784,-0.44194212046041237,0.00052458233529585402,trajectory reached the configured collision radius
8,84,0.77508413638391493,-0.84066666666666667,fraction,250,0,collision,nan,0,32.459756181912205,0.077461315000000003,0.0010000000000000078,1.0000000000000156e-06,1.8140965815775436,-0.44194212051251924,0.00052453843503961171,trajectory reached the configured collision radius
8,85,0.77515592559221302,-0.84066666666666667,fraction,250,0,collision,nan,0,32.462637943241134,0.074358849000000005,0.001,9.9999999999999995e-07,1.813906522637706,-0.44194212056463422,0.00052449452444244793,trajectory reached the configured collision radius
8,86,0.775227714800511,-0.84066666666666667,fraction,250,0,collision,nan,0,32.465532455722965,0.080069309000000005,0.0010000000000000046,1.0000000000000091e-06,1.8137162223083381,-0.44194212061675714,0.00052445060363083388,trajectory reached the configured collision radius
8,87,0.77529950400880909,-0.84066666666666667,fraction,250,0,collision,nan,0,32.46843983211258,0.077666755000000004,0.0010000000000000002,1.0000000000000004e-06,1.8135256804630144,-0.44194212066888755,0.00052440667273056022,trajectory reached the configured collision radius
8,88,0.77537129321710718,-0.84066666666666667,fraction,250,0,collision,nan,0,32.471360186610838,0.076985532999999995,0.0010000000000000005,1.000000000000001e-06,1.8133348969693424,-0.4419421207210254,0.00052436273186669334,trajectory reached the configured collision radius
8,89,0.77544308242540527,-0.84066666666666667,fraction,250,0,collision,nan,0,32.474293634888788,0.069706452000000002,0.0010000000000000031,1.0000000000000061e-06,1.8131438716887232,-0.44194212077317063,0.0005243187811634954,trajectory reached the configured collision radius
8,90,0.77551487163370336,-0.84066666666666667,fraction,250,0,collision,nan,0,32.477240294112143,0.073192784999999996,0.001,9.9999999999999995e-07,1.8129526044760904,-0.44194212082532291,0.00052427482074435098,trajectory reached the configured collision radius
8,91,0.77558666084200134,-0.84066666666666667,fraction,250,0,collision,nan,0,32.480200282966422,0.072893293999999997,0.0010000000000000083,1.0000000000000165e-06,1.8127610951794568,-0.44194212087748236,0.00052423085073172876,trajectory reached the configured collision radius
8,92,0.77565845005029943,-0.84066666666666667,fraction,250,0,collision,nan,0,32.483173721682817,0.071536188000000001,0.001,9.9999999999999995e-07,1.8125693436396988,-0.44194212092964852,0.00052418687124706879,trajectory reached the configured collision radius
8,93,0.77573023925859752,-0.84066666666666667,fraction,250,0,collision,nan,0,32.486160732063894,0.068498702999999994,0.0010000000000000011,1.0000000000000023e-06,1.8123773496901723,-0.44194212098182162,0.00052414288241074821,trajectory reached the configured collision radius
8,94,0.77580202846689561,-0.84066666666666667,fraction,250,0,collision,nan,0,32.489161437510781,0.075062113999999999,0.0010000000000000022,1.0000000000000044e-06,1.8121851131563578,-0.44194212103400093,0.00052409888434197006,trajectory reached the configured collision radius
9,76,0.77450982271753033,-0.82450000000000001,fraction,250,0,collision,nan,0,32.448579601311941,0.077433194999999996,0.0010000000000000005,1.000000000000001e-06,1.8152391473099538,-0.44194212058756599,0.00052447520180211413,trajectory reached the configured collision radius
9,77,0.77458161192582842,-0.82450000000000001,fraction,250,0,collision,nan,0,32.451355662101165,0.077364339000000004,0.0010000000000000007,1.0000000000000014e-06,1.8150393127981965,-0.44194212064055843,0.00052443054670676102,trajectory reached the configured collision radius
9,78,0.77465340113412651,-0.82450000000000001,fraction,250,0,collision,nan,0,32.454143682692695,0.074323527,0.0010000000000000022,1.0000000000000044e-06,1.8148392928305268,-0.44194212069354327,0.00052438589383852505,trajectory reached the configured collision radius
9,79,0.7747251903424246,-0.82450000000000001,fraction,250,0,collision,nan,0,32.456943765768287,0.073679581999999993,0.001,9.9999999999999995e-07,1.8146390876048357,-0.44194212074652089,0.00052434124337998077,trajectory reached the configured collision radius
9,80,0.77479697955072258,-0.82450000000000001,fraction,250,0,collision,nan,0,32.459756015291134,0.071286822,0.0010000000000000078,1.0000000000000156e-06,1.8144386973165736,-0.44194212079949097,0.0005242965955135914,trajectory reached the configured collision radius
9,81,0.77486876875902067,-0.82450000000000001,fraction,250,0,collision,nan,0,32.462580536526644,0.071552307999999995,0.001,9.9999999999999995e-07,1.8142381221585433,-0.44194212085245332,0.00052425195042160068,trajectory reached the configured collision radius
9,82,0.77494055796731875,-0.82450000000000001,fraction,250,0,collision,nan,0,32.465417436063724,0.074727928999999998,0.0010000000000000057,1.0000000000000114e-06,1.8140373623206849,-0.44194212090540758,0.00052420730828606362,trajectory reached the configured collision radius
9,83,0.77501234717561684,-0.82450000000000001,fraction,250,0,collision,nan,0,32.468266821836487,0.071518978999999996,0.001,9.9999999999999995e-07,1.8138364179898174,-0.44194212095835361,0.0005241626692887272,trajectory reached the configured collision radius
9,84,0.77508413638391493,-0.82450000000000001,fraction,250,0,collision,nan,0,32.471128803146364,0.069508436000000007,0.0010000000000000011,1.0000000000000023e-06,1.8136352893493899,-0.44194212101129127,0.00052411803361101053,trajectory reached the configured collision radius
9,85,0.77515592559221302,-0.82450000000000001,fraction,250,0,collision,nan,0,32.474003490684836,0.070701995000000004,0.0010000000000000015,1.0000000000000031e-06,1.8134339765792247,-0.44194212106422004,0.00052407340143393124,trajectory reached the configured collision radius
9,86,0.775227714800511,-0.82450000000000001,fraction,250,0,collision,nan,0,32.476890996556321,0.070979370999999999,0.001,9.9999999999999995e-07,1.813232479855249,-0.44194212111714054,0.000524028772938032,trajectory reached the configured collision radius
9,87,0.77529950400880909,-0.82450000000000001,fraction,250,0,collision,nan,0,32.479791434301731,0.070389707999999995,0.0010000000000000083,1.0000000000000165e-06,1.8130307993492518,-0.44194212117005149,0.00052398414830336364,trajectory reached the configured collision radius
9,88,0.77537129321710718,-0.82450000000000001,fraction,250,0,collision,nan,0,32.482704918922622,0.073287344000000004,0.001,9.9999999999999995e-07,1.812828935228489,-0.44194212122295301,0.00052393952770934688,trajectory reached the configured collision radius
9,89,0.77544308242540527,-0.82450000000000001,fraction,250,0,collision,nan,0,32.485631566905276,0.073138421999999995,0.0010000000000000035,1.0000000000000069e-06,1.8126268876555331,-0.44194212127584498,0.00052389491133478054,trajectory reached the configured collision radius
9,90,0.77551487163370336,-0.82450000000000001,fraction,250,0,collision,nan,0,32.48857149624618,0.076696298999999996,0.0010000000000000005,1.000000000000001e-06,1.8124246567878202,-0.44194212132872784,0.00052385029935770623,trajectory reached the configured collision radius
9,91,0.77558666084200134,-0.82450000000000001,fraction,250,0,collision,nan,0,32.491524826477225,0.068669131999999994,0.0010000000000000002,1.0000000000000004e-06,1.8122222427773611,-0.44194212138160011,0.00052380569195537962,trajectory reached the configured collision radius
9,92,0.77565845005029943,-0.82450000000000001,fraction,250,0,collision,nan,0,32.494491678691759,0.069413210000000003,0.0010000000000000046,1.0000000000000091e-06,1.812019645770504,-0.44194212143446276,0.00052376108930417937,trajectory reached the configured collision radius
9,93,0.77573023925859752,-0.82450000000000001,fraction,250,0,collision,nan,0,32.497472175571282,0.069776275999999998,0.001,9.9999999999999995e-07,1.8118168659074156,-0.44194212148731488,0.00052371649157949599,trajectory reached the configured collision radius
9,94,0.77580202846689561,-0.82450000000000001,fraction,250,0,collision,nan,0,32.500466441412314,0.068943516999999996,0.001000000000000005,1.0000000000000101e-06,1.8116139033218355,-0.44194212154015644,0.00052367189895572688,trajectory reached the configured collision radius
10,76,0.77450982271753033,-0.80833333333333335,fraction,250,0,collision,nan,0,32.459820402039064,0.068072261999999994,0.0010000000000000085,1.0000000000000169e-06,1.8147505493227503,-0.44194212108485048,0.00052405600415364071,trajectory reached the configured collision radius
10,77,0.77458161192582842,-0.80833333333333335,fraction,250,0,collision,nan,0,32.462589664409251,0.069875596999999998,0.001,9.9999999999999995e-07,1.8145402144693175,-0.44194212113855946,0.00052401070870401994,trajectory reached the configured collision radius
10,78,0.77465340113412651,-0.80833333333333335,fraction,250,0,collision,nan,0,32.465370947194685,0.060711729999999998,0.0010000000000000061,1.0000000000000122e-06,1.8143297472576985,-0.44194212119224618,0.00052396542829106292,trajectory reached the configured collision radius
10,79,0.7747251903424246,-0.80833333333333335,fraction,250,0,collision,nan,0,32.468164353751348,0.064196456999999998,0.001,9.9999999999999995e-07,1.8141191481523171,-0.44194212124591004,0.00052392016314609579,trajectory reached the configured collision radius
10,80,0.77479697955072258,-0.80833333333333335,fraction,250,0,collision,nan,0,32.470969988728385,0.063064134999999993,0.0010000000000000018,1.0000000000000036e-06,1.8139084176164786,-0.44194212129955085,0.00052387491350047689,trajectory reached the configured collision radius
10,81,0.77486876875902067,-0.80833333333333335,fraction,250,0,collision,nan,0,32.473787958089531,0.068268543000000001,0.0010000000000000009,1.0000000000000019e-06,1.8136975561122168,-0.44194212135316868,0.00052382967958553462,trajectory reached the configured collision radius
10,82,0.77494055796731875,-0.80833333333333335,fraction,250,0,collision,nan,0,32.476618369134506,0.059749386000000002,0.0010000000000000002,1.0000000000000004e-06,1.8134865640999063,-0.4419421214067627,0.00052378446163250285,trajectory reached the configured collision radius
10,83,0.77501234717561684,-0.80833333333333335,fraction,250,0,collision,nan,0,32.479461330521062,0.061764301000000001,0.0010000000000000044,1.0000000000000086e-06,1.8132754420381305,-0.44194212146033307,0.00052373925987245023,trajectory reached the configured collision radius
10,84,0.77508413638391493,-0.80833333333333335,fraction,250,0,collision,nan,0,32.482316952287711,0.065761653000000003,0.001,9.9999999999999995e-07,1.813064190383429,-0.44194212151387913,0.00052369407453623938,trajectory reached the configured collision radius
10,85,0.77515592559221302,-0.80833333333333335,fraction,250,0,collision,nan,0,32.485185345876218,0.064995789999999998,0.0010000000000000087,1.0000000000000173e-06,1.8128528095899707,-0.44194212156740093,0.00052364890585445323,trajectory reached the configured collision radius
10,86,0.775227714800511,-0.80833333333333335,fraction,250,0,collision,nan,0,32.488066624155316,0.063184650999999994,0.001,9.9999999999999995e-07,1.8126413001093395,-0.44194212162089819,0.00052360375405734497,trajectory reached the configured collision radius
10,87,0.77529950400880909,-0.80833333333333335,fraction,250,0,collision,nan,0,32.490960901444311,0.065943239000000001,0.0010000000000000018,1.0000000000000036e-06,1.8124296623902181,-0.4419421216743703,0.00052355861937475345,trajectory reached the configured collision radius
10,88,0.77537129321710718,-0.80833333333333335,fraction,250,0,collision,nan,0,32.493868293537631,0.065322984000000001,0.0010000000000000011,1.0000000000000023e-06,1.8122178968781029,-0.44194212172781766,0.00052351350203605972,trajectory reached the configured collision radius
10,89,0.77544308242540527,-0.80833333333333335,fraction,250,0,collision,nan,0,32.49678891772971,0.061718025000000003,0.001,9.9999999999999995e-07,1.8120060040150012,-0.44194212178123943,0.00052346840227007719,trajectory reached the configured collision radius
10,90,0.77551487163370336,-0.80833333333333335,fraction,250,0,collision,nan,0,32.499722892839912,0.066740152999999997,0.0010000000000000074,1.0000000000000148e-06,1.8117939842391124,-0.44194212183463538,0.00052342332030501859,trajectory reached the configured collision radius
10,91,0.77558666084200134,-0.80833333333333335,fraction,250,0,collision,nan,0,32.502670339239046,0.070382724999999993,0.001,9.9999999999999995e-07,1.8115818379844502,-0.44194212188800558,0.00052337825636836817,trajectory reached the configured collision radius
10,92,0.77565845005029943,-0.80833333333333335,fraction,250,0,collision,nan,0,32.505631378875286,0.061682597999999998,0.0010000000000000037,1.0000000000000074e-06,1.811369565680589,-0.44194212194134941,0.00052333321068687827,trajectory reached the configured collision radius
10,93,0.77573023925859752,-0.80833333333333335,fraction,250,0,collision,nan,0,32.508606135301378,0.063990752999999997,0.0010000000000000005,1.000000000000001e-06,1.8111571677522122,-0.44194212199466665,0.00052328818348641596,trajectory reached the configured collision radius
10,94,0.77580202846689561,-0.80833333333333335,fraction,250,0,collision,nan,0,32.511594733702168,0.058857529999999998,0.0010000000000000002,1.0000000000000004e-06,1.8109446446187618,-0.44194212204795769,0.00052324317499187879,trajectory reached the configured collision radius
11,76,0.77450982271753033,-0.79216666666666669,fraction,250,0,collision,nan,0,32.470903965931491,0.066195904999999999,0.001000000000000002,1.000000000000004e-06,1.8141538735875422,-0.44194212158732071,0.00052363209395323213,trajectory reached the configured collision radius
11,77,0.77458161192582842,-0.79216666666666669,fraction,250,0,collision,nan,0,32.473667145894126,0.060579951,0.0010000000000000007,1.0000000000000014e-06,1.8139341225488561,-0.44194212164154117,0.00052358633026053402,trajectory reached the configured collision radius
11,78,0.77465340113412651,-0.79216666666666669,fraction,250,0,collision,nan,0,32.476442406269548,0.061557404000000003,0.0010000000000000005,1.000000000000001e-06,1.8137142904410877,-0.44194212169572455,0.00052354059382350964,trajectory reached the configured collision radius
11,79,0.7747251903424246,-0.79216666666666669,fraction,250,0,collision,nan,0,32.479229851082245,0.052422288999999997,0.0010000000000000026,1.0000000000000052e-06,1.8134943779773551,-0.44194212174987052,0.0005234948849184985,trajectory reached the configured collision radius
11,80,0.77479697955072258,-0.79216666666666669,fraction,250,0,collision,nan,0,32.482029585662204,0.052519217,0.001,9.9999999999999995e-07,1.8132743858708353,-0.44194212180397902,0.00052344920382199405,trajectory reached the configured collision radius
11,81,0.77486876875902067,-0.79216666666666669,fraction,250,0,collision,nan,0,32.484841716666089,0.061898362999999998,0.0010000000000000091,1.0000000000000182e-06,1.8130543148345284,-0.44194212185804926,0.00052340355081053952,trajectory reached the configured collision radius
11,82,0.77494055796731875,-0.79216666666666669,fraction,250,0,collision,nan,0,32.487666352099495,0.053550035000000003,0.001,9.9999999999999995e-07,1.8128341655809912,-0.44194212191208154,0.00052335792616070304,trajectory reached the configured collision radius
11,83,0.77501234717561684,-0.79216666666666669,fraction,250,0,collision,nan,0,32.49050360133878,0.054604989999999999,0.0010000000000000048,1.0000000000000095e-06,1.812613938822097,-0.44194212196607491,0.00052331233014899154,trajectory reached the configured collision radius
11,84,0.77508413638391493,-0.79216666666666669,fraction,250,0,collision,nan,0,32.493353575154224,0.065277101000000004,0.0010000000000000002,1.0000000000000004e-06,1.8123936352688528,-0.44194212202002969,0.00052326676305183622,trajectory reached the configured collision radius
11,85,0.77515592559221302,-0.79216666666666669,fraction,250,0,collision,nan,0,32.496216385733028,0.058380946000000003,0.0010000000000000009,1.0000000000000019e-06,1.8121732556309789,-0.44194212207394501,0.00052322122514546199,trajectory reached the configured collision radius
11,86,0.775227714800511,-0.79216666666666669,fraction,250,0,collision,nan,0,32.499092146703326,0.068746119999999994,0.0010000000000000018,1.0000000000000036e-06,1.811952800616798,-0.44194212212782036,0.00052317571670585641,trajectory reached the configured collision radius
11,87,0.77529950400880909,-0.79216666666666669,fraction,250,0,collision,nan,0,32.501980973158012,0.051883119999999998,0.001,9.9999999999999995e-07,1.8117322709328332,-0.44194212218165668,0.00052313023800871941,trajectory reached the configured collision radius
11,88,0.77537129321710718,-0.79216666666666669,fraction,250,0,collision,nan,0,32.504882981679586,0.058670515999999999,0.0010000000000000096,1.0000000000000192e-06,1.8115116672835501,-0.44194212223545187,0.00052308478932935713,trajectory reached the configured collision radius
11,89,0.77544308242540527,-0.79216666666666669,fraction,250,0,collision,nan,0,32.507798290365734,0.056614923999999997,0.001,9.9999999999999995e-07,1.8112909903710432,-0.44194212228920687,0.00052303937094260052,trajectory reached the configured collision radius
11,90,0.77551487163370336,-0.79216666666666669,fraction,250,0,collision,nan,0,32.510727018854368,0.054561910999999998,0.0010000000000000031,1.0000000000000061e-06,1.8110702408946571,-0.4419421223429213,0.00052299398312276649,trajectory reached the configured collision radius
11,91,0.77558666084200134,-0.79216666666666669,fraction,250,0,collision,nan,0,32.513669288350428,0.058188657999999997,0.0010000000000000005,1.000000000000001e-06,1.8108494195507381,-0.44194212239659447,0.00052294862614355256,trajectory reached the configured collision radius
11,92,0.77565845005029943,-0.79216666666666669,fraction,250,0,collision,nan,0,32.516625221652603,0.048318487,0.0010000000000000002,1.0000000000000004e-06,1.8106285270321789,-0.44194212245022618,0.00052290330027794489,trajectory reached the configured collision radius
11,93,0.77573023925859752,-0.79216666666666669,fraction,250,0,collision,nan,0,32.519594943180486,0.055176432999999997,0.0010000000000000059,1.0000000000000118e-06,1.8104075640281441,-0.44194212250381587,0.00052285800579814762,trajectory reached the configured collision radius
11,94,0.77580202846689561,-0.79216666666666669,fraction,250,0,collision,nan,0,32.52257857900301,0.053658509,0.001,9.9999999999999995e-07,1.8101865312235863,-0.4419421225573637,0.00052281274297547324,trajectory reached the configured collision radius
12,76,0.77450982271753033,-0.77600000000000002,fraction,250,0,collision,nan,0,32.481857806275279,0.055249782999999997,0.001,9.9999999999999995e-07,1.8134584581885642,-0.44194212209457173,0.00052320380221077011,trajectory reached the configured collision radius
12,77,0.77458161192582842,-0.77600000000000002,fraction,250,0,collision,nan,0,32.484615563000702,0.042944902,0.0010000000000000061,1.0000000000000122e-06,1.8132302788726102,-0.44194212214911605,0.00052315772737226789,trajectory reached the configured collision radius
12,78,0.77465340113412651,-0.77600000000000002,fraction,250,0,collision,nan,0,32.487385459641153,0.043576190000000001,0.001,9.9999999999999995e-07,1.8130020681246033,-0.44194212220360973,0.00052311169147196968,trajectory reached the configured collision radius
12,79,0.7747251903424246,-0.77600000000000002,fraction,250,0,collision,nan,0,32.49016760088648,0.037341773000000002,0.0010000000000000089,1.0000000000000177e-06,1.8127738268901561,-0.44194212225805179,0.00052306569482782762,trajectory reached the configured collision radius
12,80,0.77479697955072258,-0.77600000000000002,fraction,250,0,collision,nan,0,32.49296209274457,0.047394137000000003,0.001,9.9999999999999995e-07,1.812545556115988,-0.4419421223124424,0.00052301973775796334,trajectory reached the configured collision radius
12,81,0.77486876875902067,-0.77600000000000002,fraction,250,0,collision,nan,0,32.495769042561946,0.042868445999999998,0.0010000000000000026,1.0000000000000052e-06,1.8123172567496018,-0.44194212236678115,0.00052297382058071257,trajectory reached the configured collision radius
12,82,0.77494055796731875,-0.77600000000000002,fraction,250,0,collision,nan,0,32.498588559046894,0.066486235000000005,0.0010000000000000005,1.000000000000001e-06,1.8120889297391454,-0.44194212242106745,0.00052292794361446647,trajectory reached the configured collision radius
12,83,0.77501234717561684,-0.77600000000000002,fraction,250,0,collision,nan,0,32.501420752291608,0.047099492,0.0010000000000000005,1.000000000000001e-06,1.8118605760330431,-0.44194212247530096,0.00052288210717767864,trajectory reached the configured collision radius
12,84,0.77508413638391493,-0.77600000000000002,fraction,250,0,collision,nan,0,32.504265733795314,0.043039770999999998,0.0010000000000000031,1.0000000000000061e-06,1.8116321965798663,-0.44194212252948167,0.00052283631158878097,trajectory reached the configured collision radius
12,85,0.77515592559221302,-0.77600000000000002,fraction,250,0,collision,nan,0,32.507123616488073,0.071281385000000003,0.001,9.9999999999999995e-07,1.81140379232797,-0.44194212258360849,0.00052279055716608733,trajectory reached the configured collision radius
12,86,0.775227714800511,-0.77600000000000002,fraction,250,0,collision,nan,0,32.509994514754553,0.067697387999999997,0.0010000000000000115,1.000000000000023e-06,1.811175364225176,-0.44194212263768212,0.00052274484422778556,trajectory reached the configured collision radius
12,87,0.77529950400880909,-0.77600000000000002,fraction,250,0,collision,nan,0,32.512878544459113,0.056721150999999997,0.001,9.9999999999999995e-07,1.8109469132186009,-0.44194212269170091,0.00052269917309175941,trajectory reached the configured collision radius
12,88,0.77537129321710718,-0.77600000000000002,fraction,250,0,collision,nan,0,32.515775822969708,0.059215777999999997,0.0010000000000000026,1.0000000000000052e-06,1.8107184402542438,-0.44194212274566569,0.00052265354407567393,trajectory reached the configured collision radius
12,89,0.77544308242540527,-0.77600000000000002,fraction,250,0,collision,nan,0,32.51868646918502,0.057225924999999997,0.0010000000000000005,1.000000000000001e-06,1.8104899462766781,-0.4419421227995754,0.00052260795749671171,trajectory reached the configured collision radius
12,90,0.77551487163370336,-0.77600000000000002,fraction,250,0,collision,nan,0,32.521610603559317,0.043426550000000001,0.0010000000000000002,1.0000000000000004e-06,1.8102614322287516,-0.44194212285342943,0.00052256241367163976,trajectory reached the configured collision radius
12,91,0.77558666084200134,-0.77600000000000002,fraction,250,0,collision,nan,0,32.524548348129798,0.045772671000000001,0.0010000000000000054,1.000000000000011e-06,1.8100328990512289,-0.44194212290722817,0.00052251691291664809,trajectory reached the configured collision radius
12,92,0.77565845005029943,-0.77600000000000002,fraction,250,0,collision,nan,0,32.527499826543625,0.063787831000000003,0.0010000000000000009,1.0000000000000019e-06,1.809804347682362,-0.44194212296097113,0.00052247145554727649,trajectory reached the configured collision radius
12,93,0.77573023925859752,-0.77600000000000002,fraction,250,0,collision,nan,0,32.530465164085605,0.046796484999999999,0.0010000000000000052,1.0000000000000105e-06,1.8095757790575928,-0.44194212301465785,0.00052242604187833597,trajectory reached the configured collision radius
12,94,0.77580202846689561,-0.77600000000000002,fraction,250,0,collision,nan,0,32.533444487706852,0.049486909000000003,0.0010000000000000005,1.000000000000001e-06,1.8093471941091566,-0.4419421230682874,0.00052238067222379781,trajectory reached the configured collision radius
13,76,0.77450982271753033,-0.75983333333333336,fraction,250,0,collision,nan,0,32.492704951584379,0.064331429999999995,0.001,9.9999999999999995e-07,1.8126721636333101,-0.44194212260621774,0.00052277144403400845,trajectory reached the configured collision radius
13,77,0.77458161192582842,-0.75983333333333336,fraction,250,0,collision,nan,0,32.495457897443437,0.058931839,0.0010000000000000052,1.0000000000000105e-06,1.8124364642921469,-0.44194212266091404,0.0005227252026480505,trajectory reached the configured collision radius
13,78,0.77465340113412651,-0.75983333333333336,fraction,250,0,collision,nan,0,32.498223042327112,0.049060583999999997,0.001,9.9999999999999995e-07,1.8122007816305721,-0.44194212271554634,0.00052267901139045744,trajectory reached the configured collision radius
13,79,0.7747251903424246,-0.75983333333333336,fraction,250,0,collision,nan,0,32.501000491589494,0.045362327000000001,0.0010000000000000015,1.0000000000000031e-06,1.8119651168118969,-0.44194212277011397,0.00052263287061759828,trajectory reached the configured collision radius
13,80,0.77479697955072258,-0.75983333333333336,fraction,250,0,collision,nan,0,32.503790351914617,0.034269959000000003,0.0010000000000000009,1.0000000000000019e-06,1.8117294710013687,-0.44194212282461692,0.0005225867806861131,trajectory reached the configured collision radius
13,81,0.77486876875902067,-0.75983333333333336,fraction,250,0,collision,nan,0,32.506592731337996,0.037246992,0.001,9.9999999999999995e-07,1.8114938453660465,-0.4419421228790541,0.00052254074195290682,trajectory reached the configured collision radius
13,82,0.77494055796731875,-0.75983333333333336,fraction,250,0,collision,nan,0,32.509407739269484,0.034674095000000002,0.0010000000000000039,1.0000000000000078e-06,1.8112582410744025,-0.44194212293342583,0.00052249475477503411,trajectory reached the configured collision radius
13,83,0.77501234717561684,-0.75983333333333336,fraction,250,0,collision,nan,0,32.512235486516026,0.034164716999999997,0.001,9.9999999999999995e-07,1.8110226592961591,-0.44194212298773128,0.00052244881950965275,trajectory reached the configured collision radius
13,84,0.77508413638391493,-0.75983333333333336,fraction,250,0,collision,nan,0,32.515076085305161,0.067964434000000004,0.0010000000000000104,1.0000000000000209e-06,1.8107871012020389,-0.44194212304197017,0.00052240293651397037,trajectory reached the configured collision radius
13,85,0.77515592559221302,-0.75983333333333336,fraction,250,0,collision,nan,0,32.517929649308996,0.045678969,0.001,9.9999999999999995e-07,1.8105515679633659,-0.44194212309614217,0.00052235710614514301,trajectory reached the configured collision radius
13,86,0.775227714800511,-0.75983333333333336,fraction,250,0,collision,nan,0,32.520796293668383,0.054516388999999998,0.0010000000000000024,1.0000000000000048e-06,1.8103160607519608,-0.44194212315024695,0.00052231132876022403,trajectory reached the configured collision radius
13,87,0.77529950400880909,-0.75983333333333336,fraction,250,0,collision,nan,0,32.523676135017922,0.035130390999999997,0.0010000000000000005,1.000000000000001e-06,1.8100805807395897,-0.4419421232042835,0.00052226560471610038,trajectory reached the configured collision radius
13,88,0.77537129321710718,-0.75983333333333336,fraction,250,0,collision,nan,0,32.526569291511557,0.035420307999999998,0.0010000000000000002,1.0000000000000004e-06,1.8098451290979161,-0.44194212325825194,0.0005222199343693771,trajectory reached the configured collision radius
13,89,0.77544308242540527,-0.75983333333333336,fraction,250,0,collision,nan,0,32.529475882848445,0.046913752000000003,0.0010000000000000046,1.0000000000000091e-06,1.8096097069979356,-0.44194212331215221,0.00052217431807631207,trajectory reached the configured collision radius
13,90,0.77551487163370336,-0.75983333333333336,fraction,250,0,collision,nan,0,32.532396030299303,0.042405128,0.001,9.9999999999999995e-07,1.8093743156097981,-0.44194212336598315,0.00052212875619273827,trajectory reached the configured collision radius
13,91,0.77558666084200134,-0.75983333333333336,fraction,250,0,collision,nan,0,32.535329856733583,0.034896931999999999,0.0010000000000000065,1.0000000000000131e-06,1.8091389561023308,-0.44194212341974504,0.00052208324907399386,trajectory reached the configured collision radius
13,92,0.77565845005029943,-0.75983333333333336,fraction,250,0,collision,nan,0,32.538277486647281,0.035751906,0.001,9.9999999999999995e-07,1.8089036296427567,-0.44194212347343675,0.00052203779707475997,trajectory reached the configured collision radius
13,93,0.77573023925859752,-0.75983333333333336,fraction,250,0,collision,nan,0,32.541239046190952,0.0368326,0.0010000000000000007,1.0000000000000014e-06,1.808668337396184,-0.44194212352705853,0.00052199240054904986,trajectory reached the configured collision radius
13,94,0.77580202846689561,-0.75983333333333336,fraction,250,0,collision,nan,0,32.544214663198481,0.041215659000000002,0.0010000000000000026,1.0000000000000052e-06,1.8084330805253621,-0.44194212358060941,0.00052194705985006309,trajectory reached the configured collision radius
14,76,0.77450982271753033,-0.7436666666666667,fraction,250,0,collision,nan,0,32.503465001404081,0.034528997999999998,0.0010000000000000002,1.0000000000000004e-06,1.8118017087409637,-0.44194212312189035,0.00052233532132867782,trajectory reached the configured collision radius
14,77,0.77458161192582842,-0.7436666666666667,fraction,250,0,collision,nan,0,32.506213709726374,0.039895992999999998,0.0010000000000000009,1.0000000000000019e-06,1.8115593307533624,-0.44194212317657966,0.00052228904743450598,trajectory reached the configured collision radius
14,78,0.77465340113412651,-0.7436666666666667,fraction,250,0,collision,nan,0,32.508974675879493,0.034073486,0.0010000000000000013,1.0000000000000027e-06,1.8113170161354024,-0.44194212323119175,0.00052224283440286073,trajectory reached the configured collision radius
14,79,0.7747251903424246,-0.7436666666666667,fraction,250,0,collision,nan,0,32.511748005881934,0.057503665000000002,0.0010000000000000002,1.0000000000000004e-06,1.8110747662544067,-0.44194212328572685,0.00052219668262566351,trajectory reached the configured collision radius
14,80,0.77479697955072258,-0.7436666666666667,fraction,250,0,collision,nan,0,32.51453380709421,0.041072399000000002,0.001000000000000005,1.0000000000000101e-06,1.8108325824804945,-0.44194212334018462,0.0005221505924951625,trajectory reached the configured collision radius
14,81,0.77486876875902067,-0.7436666666666667,fraction,250,0,collision,nan,0,32.517332188241326,0.037215950999999997,0.001,9.9999999999999995e-07,1.8105904661862608,-0.44194212339456374,0.00052210456440389581,trajectory reached the configured collision radius
14,82,0.77494055796731875,-0.7436666666666667,fraction,250,0,collision,nan,0,32.520143259435272,0.033690931,0.0010000000000000093,1.0000000000000186e-06,1.8103484187466055,-0.44194212344886474,0.00052205859874462316,trajectory reached the configured collision radius
14,83,0.77501234717561684,-0.7436666666666667,fraction,250,0,collision,nan,0,32.522967132198524,0.034669960999999999,0.001,9.9999999999999995e-07,1.810106441538448,-0.44194212350308648,0.00052201269591025626,trajectory reached the configured collision radius
14,84,0.77508413638391493,-0.7436666666666667,fraction,250,0,collision,nan,0,32.525803919487728,0.035378200999999998,0.0010000000000000026,1.0000000000000052e-06,1.8098645359403696,-0.44194212355722889,0.00052196685629378144,trajectory reached the configured collision radius
14,85,0.77515592559221302,-0.7436666666666667,fraction,250,0,collision,nan,0,32.528653735717988,0.041693922000000001,0.0010000000000000007,1.0000000000000014e-06,1.8096227033324945,-0.44194212361129159,0.0005219210802882029,trajectory reached the configured collision radius
14,86,0.775227714800511,-0.7436666666666667,fraction,250,0,collision,nan,0,32.531516696787477,0.048393286000000001,0.0010000000000000005,1.000000000000001e-06,1.8093809450959804,-0.44194212366527341,0.00052187536828645199,trajectory reached the configured collision radius
14,87,0.77529950400880909,-0.7436666666666667,fraction,250,0,collision,nan,0,32.534392920102889,0.038917936,0.0010000000000000039,1.0000000000000078e-06,1.8091392626129128,-0.44194212371917502,0.00052182972068131304,trajectory reached the configured collision radius
14,88,0.77537129321710718,-0.7436666666666667,fraction,250,0,collision,nan,0,32.537282524605224,0.034147411000000003,0.001,9.9999999999999995e-07,1.8088976572657951,-0.44194212377299519,0.00052178413786533511,trajectory reached the configured collision radius
14,89,0.77544308242540527,-0.7436666666666667,fraction,250,0,collision,nan,0,32.540185630795904,0.038333447,0.0010000000000000087,1.0000000000000173e-06,1.8086561304373314,-0.44194212382673381,0.00052173862023075944,trajectory reached the configured collision radius
14,90,0.77551487163370336,-0.7436666666666667,fraction,250,0,collision,nan,0,32.543102360764017,0.034914413999999998,0.0010000000000000002,1.0000000000000004e-06,1.8084146835099939,-0.44194212388039023,0.00052169316816940163,trajectory reached the configured collision radius
14,91,0.77558666084200134,-0.7436666666666667,fraction,250,0,collision,nan,0,32.546032838213364,0.057254324000000002,0.0010000000000000013,1.0000000000000027e-06,1.8081733178657138,-0.44194212393396409,0.00052164778207262311,trajectory reached the configured collision radius
14,92,0.77565845005029943,-0.7436666666666667,fraction,250,0,collision,nan,0,32.548977188491065,0.052847604999999999,0.0010000000000000015,1.0000000000000031e-06,1.8079320348854562,-0.44194212398745536,0.00052160246233115559,trajectory reached the configured collision radius
14,93,0.77573023925859752,-0.7436666666666667,fraction,250,0,collision,nan,0,32.551935538615822,0.068357948000000002,0.001,9.9999999999999995e-07,1.8076908359488266,-0.44194212404086303,0.00052155720933504698,trajectory reached the configured collision radius
14,94,0.77580202846689561,-0.7436666666666667,fraction,250,0,collision,nan,0,32.554908017307099,0.045274821999999999,0.0010000000000000102,1.0000000000000205e-06,1.8074497224336123,-0.44194212409418654,0.00052151202347356469,trajectory reached the configured collision radius
15,76,0.77450982271753033,-0.72750000000000004,fraction,250,0,collision,nan,0,32.514154887154127,0.044451941000000002,0.0010000000000000022,1.0000000000000044e-06,1.8108529143310166,-0.44194212364123459,0.00052189572509207859,trajectory reached the configured collision radius
15,77,0.77458161192582842,-0.72750000000000004,fraction,250,0,collision,nan,0,32.516899898338174,0.054062197999999999,0.001,9.9999999999999995e-07,1.8106046422338105,-0.44194212369576868,0.00052184954369336931,trajectory reached the configured collision radius
15,78,0.77465340113412651,-0.72750000000000004,fraction,250,0,collision,nan,0,32.519657225934829,0.035151480999999998,0.0010000000000000065,1.0000000000000131e-06,1.8103564788606545,-0.44194212375021336,0.00052180343346585527,trajectory reached the configured collision radius
15,79,0.7747251903424246,-0.72750000000000004,fraction,250,0,collision,nan,0,32.522426976628708,0.036147205000000002,0.001,9.9999999999999995e-07,1.8101084257702413,-0.44194212380456893,0.00052175739483428286,trajectory reached the configured collision radius
15,80,0.77479697955072258,-0.72750000000000004,fraction,250,0,collision,nan,0,32.525209258458645,0.038393802999999997,0.0010000000000000083,1.0000000000000165e-06,1.8098604845246906,-0.44194212385883475,0.00052171142822380299,trajectory reached the configured collision radius
15,81,0.77486876875902067,-0.72750000000000004,fraction,250,0,collision,nan,0,32.528004180840846,0.069358211000000003,0.001,9.9999999999999995e-07,1.8096126566894062,-0.44194212391301024,0.00052166553405988707,trajectory reached the configured collision radius
15,82,0.77494055796731875,-0.72750000000000004,fraction,250,0,collision,nan,0,32.530811854591668,0.066460457000000001,0.0010000000000000024,1.0000000000000048e-06,1.8093649438326538,-0.44194212396709526,0.00052161971276824836,trajectory reached the configured collision radius
15,83,0.77501234717561684,-0.72750000000000004,fraction,250,0,collision,nan,0,32.533632391951379,0.036108435000000001,0.0010000000000000005,1.000000000000001e-06,1.8091173475254594,-0.44194212402108857,0.00052157396477480454,trajectory reached the configured collision radius
15,84,0.77508413638391493,-0.72750000000000004,fraction,250,0,collision,nan,0,32.536465906608129,0.039598141000000003,0.0010000000000000005,1.000000000000001e-06,1.8088698693411875,-0.44194212407499017,0.00052152829050557147,trajectory reached the configured collision radius
15,85,0.77515592559221302,-0.72750000000000004,fraction,250,0,collision,nan,0,32.539312513722642,0.034063979000000001,0.0010000000000000033,1.0000000000000065e-06,1.8086225108552967,-0.44194212412880002,0.00052148269038659379,trajectory reached the configured collision radius
15,86,0.775227714800511,-0.72750000000000004,fraction,250,0,collision,nan,0,32.542172329953367,0.059937722999999998,0.001,9.9999999999999995e-07,1.8083752736451153,-0.44194212418251705,0.00052143716484388044,trajectory reached the configured collision radius
15,87,0.77529950400880909,-0.72750000000000004,fraction,250,0,collision,nan,0,32.545045473481835,0.041868732999999998,0.0010000000000000106,1.0000000000000213e-06,1.8081281592893417,-0.44194212423614043,0.00052139171430332163,trajectory reached the configured collision radius
15,88,0.77537129321710718,-0.72750000000000004,fraction,250,0,collision,nan,0,32.547932064039308,0.052162879000000002,0.001,9.9999999999999995e-07,1.8078811693678551,-0.44194212428967045,0.00052134633919056074,trajectory reached the configured collision radius
15,89,0.77544308242540527,-0.72750000000000004,fraction,250,0,collision,nan,0,32.55083222293306,0.040717045,0.0010000000000000024,1.0000000000000048e-06,1.8076343054612551,-0.44194212434310648,0.0005213010399309721,trajectory reached the configured collision radius
15,90,0.77551487163370336,-0.72750000000000004,fraction,250,0,collision,nan,0,32.553746073073832,0.034692411999999999,0.0010000000000000007,1.0000000000000014e-06,1.8073875691506138,-0.44194212439644787,0.00052125581694951616,trajectory reached the configured collision radius
15,91,0.77558666084200134,-0.72750000000000004,fraction,250,0,collision,nan,0,32.556673739003919,0.034121642000000001,0.0010000000000000002,1.0000000000000004e-06,1.8071409620169745,-0.441942124449694,0.00052121067067067484,trajectory reached the configured collision radius
15,92,0.77565845005029943,-0.72750000000000004,fraction,250,0,collision,nan,0,32.55961534692544,0.041348352999999997,0.0010000000000000061,1.0000000000000122e-06,1.8068944856410307,-0.44194212450284454,0.00052116560151832688,trajectory reached the configured collision radius
15,93,0.77573023925859752,-0.72750000000000004,fraction,250,0,collision,nan,0,32.562571024729486,0.034983211,0.001,9.9999999999999995e-07,1.8066481416026683,-0.4419421245558991,0.00052112060991567127,trajectory reached the configured collision radius
15,94,0.77580202846689561,-0.72750000000000004,fraction,250,0,collision,nan,0,32.565540902025852,0.035156180000000002,0.0010000000000000044,1.0000000000000086e-06,1.8064019314805442,-0.44194212460885712,0.00052107569628509628,trajectory reached the configured collision radius
16,76,0.77450982271753033,-0.71133333333333337,fraction,250,0,collision,nan,0,32.524789433176778,0.034337744000000003,0.0010000000000000083,1.0000000000000165e-06,1.8098308841021664,-0.44194212416390694,0.00052145293736999482,trajectory reached the configured collision radius
16,77,0.77458161192582842,-0.71133333333333337,fraction,250,0,collision,nan,0,32.527531259583398,0.045354588000000001,0.001,9.9999999999999995e-07,1.8095774535891922,-0.44194212421814727,0.00052140696565055895,trajectory reached the configured collision radius
16,78,0.77465340113412651,-0.71133333333333337,fraction,250,0,collision,nan,0,32.530285460831536,0.035449093000000001,0.0010000000000000072,1.0000000000000144e-06,1.8093241758907987,-0.44194212427228685,0.00052136107501113535,trajectory reached the configured collision radius
16,79,0.7747251903424246,-0.71133333333333337,fraction,250,0,collision,nan,0,32.533052144274521,0.036516740999999998,0.001,9.9999999999999995e-07,1.8090710527452114,-0.44194212432632568,0.00052131526590680857,trajectory reached the configured collision radius
16,80,0.77479697955072258,-0.71133333333333337,fraction,250,0,collision,nan,0,32.535831418632789,0.069228256000000002,0.0010000000000000024,1.0000000000000048e-06,1.8088180858947445,-0.4419421243802632,0.00052126953879311894,trajectory reached the configured collision radius
16,81,0.77486876875902067,-0.71133333333333337,fraction,250,0,collision,nan,0,32.53862339401703,0.038396101000000002,0.0010000000000000005,1.000000000000001e-06,1.8085652770854241,-0.44194212443409842,0.00052122389412590777,trajectory reached the configured collision radius
16,82,0.77494055796731875,-0.71133333333333337,fraction,250,0,collision,nan,0,32.541428181951431,0.035960995000000003,0.0010000000000000005,1.000000000000001e-06,1.8083126280669348,-0.44194212448783138,0.00052117833236131823,trajectory reached the configured collision radius
16,83,0.77501234717561684,-0.71133333333333337,fraction,250,0,collision,nan,0,32.544245895397601,0.044328312000000002,0.0010000000000000026,1.0000000000000052e-06,1.8080601405921204,-0.44194212454146137,0.00052113285395568774,trajectory reached the configured collision radius
16,84,0.77508413638391493,-0.71133333333333337,fraction,250,0,collision,nan,0,32.547076648779218,0.045126021000000002,0.001,9.9999999999999995e-07,1.8078078164168596,-0.44194212459498788,0.00052108745936546423,trajectory reached the configured collision radius
16,85,0.77515592559221302,-0.71133333333333337,fraction,250,0,collision,nan,0,32.549920558006527,0.034664674999999999,0.0010000000000000102,1.0000000000000205e-06,1.8075556572996243,-0.4419421246484101,0.00052104214904718745,trajectory reached the configured collision radius
16,86,0.775227714800511,-0.71133333333333337,fraction,250,0,collision,nan,0,32.552777740502499,0.034449542,0.001,9.9999999999999995e-07,1.8073036650012932,-0.44194212470172789,0.00052099692345729525,trajectory reached the configured collision radius
16,87,0.77529950400880909,-0.71133333333333337,fraction,250,0,collision,nan,0,32.555648315228183,0.034277199000000001,0.0010000000000000037,1.0000000000000074e-06,1.807051841284685,-0.44194212475494099,0.0005209517830521487,trajectory reached the configured collision radius
16,88,0.77537129321710718,-0.71133333333333337,fraction,250,0,collision,nan,0,32.558532402709602,0.041248022000000002,0.0010000000000000002,1.0000000000000004e-06,1.8068001879142934,-0.44194212480804823,0.00052090672828787414,trajectory reached the configured collision radius
16,89,0.77544308242540527,-0.71133333333333337,fraction,250,0,collision,nan,0,32.561430125064796,0.035807456000000001,0.0010000000000000005,1.000000000000001e-06,1.8065487066559274,-0.44194212486104928,0.00052086175962032298,trajectory reached the configured collision radius
16,90,0.77551487163370336,-0.71133333333333337,fraction,250,0,collision,nan,0,32.564341606031661,0.034132895000000003,0.0010000000000000035,1.0000000000000069e-06,1.806297399276301,-0.4419421249139443,0.00052081687750491054,trajectory reached the configured collision radius
16,91,0.77558666084200134,-0.71133333333333337,fraction,250,0,collision,nan,0,32.56726697099603,0.034063516000000002,0.001,9.9999999999999995e-07,1.806046267542595,-0.44194212496673191,0.00052077208239657857,trajectory reached the configured collision radius
16,92,0.77565845005029943,-0.71133333333333337,fraction,250,0,collision,nan,0,32.570206347020871,0.067015138000000002,0.0010000000000000083,1.0000000000000165e-06,1.8057953132221713,-0.44194212501941166,0.0005207273747496519,trajectory reached the configured collision radius
16,93,0.77573023925859752,-0.71133333333333337,fraction,250,0,collision,nan,0,32.573159862875634,0.034124112999999998,0.0010000000000000002,1.0000000000000004e-06,1.8055445380819781,-0.4419421250719836,0.00052068275501775563,trajectory reached the configured collision radius
16,94,0.77580202846689561,-0.71133333333333337,fraction,250,0,collision,nan,0,32.576127649066542,0.034625817000000003,0.0010000000000000011,1.0000000000000023e-06,1.8052939438882718,-0.44194212512444664,0.00052063822365369921,trajectory reached the configured collision radius
17,76,0.77450982271753033,-0.69516666666666671,fraction,250,0,collision,nan,0,32.535381778878737,0.069151061999999999,0.0010000000000000061,1.0000000000000122e-06,1.8087401415944053,-0.44194212468957444,0.00052100723293774047,trajectory reached the configured collision radius
17,77,0.77458161192582842,-0.69516666666666671,fraction,250,0,collision,nan,0,32.538120908809717,0.054861650999999997,0.001,9.9999999999999995e-07,1.8084822459841483,-0.44194212474339106,0.00052096158124464022,trajectory reached the configured collision radius
17,78,0.77465340113412651,-0.69516666666666671,fraction,250,0,collision,nan,0,32.540872471923272,0.042069370000000002,0.0010000000000000022,1.0000000000000044e-06,1.8082245460755577,-0.44194212479709605,0.00052091602016239374,trajectory reached the configured collision radius
17,79,0.7747251903424246,-0.69516666666666671,fraction,250,0,collision,nan,0,32.543636576245838,0.042460843999999998,0.0010000000000000005,1.000000000000001e-06,1.8079670437752611,-0.44194212485068896,0.0005208705501740787,trajectory reached the configured collision radius
17,80,0.77479697955072258,-0.69516666666666671,fraction,250,0,collision,nan,0,32.54641333118375,0.054971144999999999,0.0010000000000000005,1.000000000000001e-06,1.8077097409945182,-0.4419421249041694,0.00052082517176323074,trajectory reached the configured collision radius
17,81,0.77486876875902067,-0.69516666666666671,fraction,250,0,collision,nan,0,32.549202847546681,0.03558762,0.0010000000000000024,1.0000000000000048e-06,1.8074526396488901,-0.44194212495753671,0.00052077988541371378,trajectory reached the configured collision radius
17,82,0.77494055796731875,-0.69516666666666671,fraction,250,0,collision,nan,0,32.552005237571379,0.036102151999999998,0.0010000000000000002,1.0000000000000004e-06,1.8071957416579492,-0.44194212501079011,0.00052073469160967265,trajectory reached the configured collision radius
17,83,0.77501234717561684,-0.69516666666666671,fraction,250,0,collision,nan,0,32.554820614945704,0.03421047,0.0010000000000000085,1.0000000000000169e-06,1.806939048945077,-0.44194212506392977,0.0005206895908354993,trajectory reached the configured collision radius
17,84,0.77508413638391493,-0.69516666666666671,fraction,250,0,collision,nan,0,32.557649094834069,0.052550378000000002,0.001,9.9999999999999995e-07,1.8066825634369905,-0.44194212511695408,0.00052064458357564062,trajectory reached the configured collision radius
17,85,0.77515592559221302,-0.69516666666666671,fraction,250,0,collision,nan,0,32.560490793901856,0.034167073999999999,0.0010000000000000048,1.0000000000000095e-06,1.806426287063682,-0.4419421251698632,0.00052059967031465757,trajectory reached the configured collision radius
17,86,0.775227714800511,-0.69516666666666671,fraction,250,0,collision,nan,0,32.563345830341888,0.034507906999999997,0.0010000000000000002,1.0000000000000004e-06,1.8061702217577875,-0.44194212522265669,0.0005205548515370233,trajectory reached the configured collision radius
17,87,0.77529950400880909,-0.69516666666666671,fraction,250,0,collision,nan,0,32.566214323900596,0.038927621000000003,0.0010000000000000009,1.0000000000000019e-06,1.8059143694545174,-0.44194212527533377,0.00052051012772710967,trajectory reached the configured collision radius
17,88,0.77537129321710718,-0.69516666666666671,fraction,250,0,collision,nan,0,32.569096395905078,0.066683623999999997,0.001000000000000002,1.000000000000004e-06,1.8056587320910931,-0.4419421253278939,0.00052046549936903832,trajectory reached the configured collision radius
17,89,0.77544308242540527,-0.69516666666666671,fraction,250,0,collision,nan,0,32.571992169290461,0.035851320999999998,0.001,9.9999999999999995e-07,1.805403311606524,-0.44194212538033656,0.00052042096694665269,trajectory reached the configured collision radius
17,90,0.77551487163370336,-0.69516666666666671,fraction,250,0,collision,nan,0,32.574901768628322,0.040421277999999998,0.00100000000000001,1.0000000000000201e-06,1.8051481099410662,-0.44194212543266109,0.00052037653094332448,trajectory reached the configured collision radius
17,91,0.77558666084200134,-0.69516666666666671,fraction,250,0,collision,nan,0,32.577825320155114,0.040508768000000001,0.001,9.9999999999999995e-07,1.8048931290359493,-0.4419421254848675,0.00052033219184194194,trajectory reached the configured collision radius
17,92,0.77565845005029943,-0.69516666666666671,fraction,250,0,collision,nan,0,32.580762951801788,0.036589175000000002,0.0010000000000000026,1.0000000000000052e-06,1.8046383708328311,-0.441942125536954,0.0005202879501247621,trajectory reached the configured collision radius
17,93,0.77573023925859752,-0.69516666666666671,fraction,250,0,collision,nan,0,32.583714793223542,0.034960617999999999,0.0010000000000000007,1.0000000000000014e-06,1.8043838372735059,-0.44194212558892126,0.00052024380627330375,trajectory reached the configured collision radius
17,94,0.77580202846689561,-0.69516666666666671,fraction,250,0,collision,nan,0,32.586680975830802,0.054854802000000001,0.0010000000000000002,1.0000000000000004e-06,1.8041295302992777,-0.44194212564076857,0.00052019976076823557,trajectory reached the configured collision radius
18,76,0.77450982271753033,-0.67900000000000005,fraction,250,0,collision,nan,0,32.545943702086966,0.054600920999999997,0.001000000000000002,1.000000000000004e-06,1.8075847357407293,-0.44194212521791093,0.00052055888075573924,trajectory reached the configured collision radius
18,77,0.77458161192582842,-0.67900000000000005,fraction,250,0,collision,nan,0,32.548680603062586,0.034423633000000002,0.0010000000000000007,1.0000000000000014e-06,1.8073230312702155,-0.44194212527118137,0.00052051365340388786,trajectory reached the configured collision radius
18,78,0.77465340113412651,-0.67900000000000005,fraction,250,0,collision,nan,0,32.551429995535145,0.047885441000000001,0.0010000000000000005,1.000000000000001e-06,1.8070615642359793,-0.44194212532433003,0.00052046852583446468,trajectory reached the configured collision radius
18,79,0.7747251903424246,-0.67900000000000005,fraction,250,0,collision,nan,0,32.554191988209325,0.034056685000000003,0.0010000000000000024,1.0000000000000048e-06,1.8068003367026872,-0.44194212537735561,0.00052042349855633109,trajectory reached the configured collision radius
18,80,0.77479697955072258,-0.67900000000000005,fraction,250,0,collision,nan,0,32.556966691182929,0.043253565000000001,0.001,9.9999999999999995e-07,1.8065393507400034,-0.44194212543025774,0.00052037857207877893,trajectory reached the configured collision radius
18,81,0.77486876875902067,-0.67900000000000005,fraction,250,0,collision,nan,0,32.559754215970308,0.034324814000000002,0.0010000000000000076,1.0000000000000152e-06,1.8062786084223814,-0.44194212548303619,0.00052033374691146518,trajectory reached the configured collision radius
18,82,0.77494055796731875,-0.67900000000000005,fraction,250,0,collision,nan,0,32.562554675526712,0.042187240000000001,0.001,9.9999999999999995e-07,1.8060181118286649,-0.44194212553569029,0.00052028902356429717,trajectory reached the configured collision radius
18,83,0.77501234717561684,-0.67900000000000005,fraction,250,0,collision,nan,0,32.565368184272621,0.045714293000000003,0.0010000000000000063,1.0000000000000127e-06,1.8057578630419,-0.44194212558821944,0.0005202444025474086,trajectory reached the configured collision radius
18,84,0.77508413638391493,-0.67900000000000005,fraction,250,0,collision,nan,0,32.568194858119234,0.041984378000000003,0.001,9.9999999999999995e-07,1.805497864148941,-0.44194212564062313,0.00052019988437103587,trajectory reached the configured collision radius
18,85,0.77515592559221302,-0.67900000000000005,fraction,250,0,collision,nan,0,32.571034814493864,0.034302331999999998,0.0010000000000000013,1.0000000000000027e-06,1.8052381172402021,-0.44194212569290048,0.00052015546954544279,trajectory reached the configured collision radius
18,86,0.775227714800511,-0.67900000000000005,fraction,250,0,collision,nan,0,32.573888172366203,0.051823470000000003,0.0010000000000000011,1.0000000000000023e-06,1.8049786244092207,-0.4419421257450511,0.00052011115858084233,trajectory reached the configured collision radius
18,87,0.77529950400880909,-0.67900000000000005,fraction,250,0,collision,nan,0,32.576755052275281,0.070813762000000002,0.001,9.9999999999999995e-07,1.8047193877523853,-0.44194212579707487,0.0005200669519872963,trajectory reached the configured collision radius
18,88,0.77537129321710718,-0.67900000000000005,fraction,250,0,collision,nan,0,32.579635576356559,0.065704919000000001,0.0010000000000000061,1.0000000000000122e-06,1.8044604093684686,-0.4419421258489703,0.00052002285027459767,trajectory reached the configured collision radius
18,89,0.77544308242540527,-0.67900000000000005,fraction,250,0,collision,nan,0,32.582529868370216,0.066907855000000002,0.001,9.9999999999999995e-07,1.804201691358402,-0.44194212590073745,0.0005199788539522333,trajectory reached the configured collision radius
18,90,0.77551487163370336,-0.67900000000000005,fraction,250,0,collision,nan,0,32.585438053729284,0.051330225,0.0010000000000000054,1.000000000000011e-06,1.8039432358246799,-0.44194212595237575,0.00051993496352922505,trajectory reached the configured collision radius
18,91,0.77558666084200134,-0.67900000000000005,fraction,250,0,collision,nan,0,32.588360259529281,0.035084807000000003,0.001,9.9999999999999995e-07,1.8036850448710806,-0.44194212600388455,0.00051989117951402927,trajectory reached the configured collision radius
18,92,0.77565845005029943,-0.67900000000000005,fraction,250,0,collision,nan,0,32.591296614577672,0.036352295,0.0010000000000000007,1.0000000000000014e-06,1.8034271206021186,-0.44194212605526328,0.00051984750241445827,trajectory reached the configured collision radius
18,93,0.77573023925859752,-0.67900000000000005,fraction,250,0,collision,nan,0,32.594247249424519,0.033883924000000003,0.0010000000000000028,1.0000000000000057e-06,1.8031694651226828,-0.44194212610651129,0.00051980393273755603,trajectory reached the configured collision radius
18,94,0.77580202846689561,-0.67900000000000005,fraction,250,0,collision,nan,0,32.597212296393828,0.037011820000000001,0.001,9.9999999999999995e-07,1.8029120805375105,-0.4419421261576279,0.0005197604709894204,trajectory reached the configured collision radius
19,76,0.77450982271753033,-0.66283333333333339,fraction,250,0,collision,nan,0,32.556485870735834,0.034908584999999999,0.0010000000000000005,1.000000000000001e-06,1.8063683235016244,-0.44194212574859731,0.00052010814524097455,trajectory reached the configured collision radius
19,77,0.77458161192582842,-0.66283333333333339,fraction,250,0,collision,nan,0,32.559220992229051,0.034642319999999997,0.0010000000000000026,1.0000000000000052e-06,1.806103433706107,-0.4419421258012064,0.00052006344117835066,trajectory reached the configured collision radius
19,78,0.77465340113412651,-0.66283333333333339,fraction,250,0,collision,nan,0,32.561968663564336,0.051132695999999998,0.001,9.9999999999999995e-07,1.8058388219724784,-0.44194212585368259,0.00052001884572659175,trajectory reached the configured collision radius
19,79,0.7747251903424246,-0.66283333333333339,fraction,250,0,collision,nan,0,32.564728994131009,0.039383863999999998,0.0010000000000000074,1.0000000000000148e-06,1.8055744905135529,-0.441942125906026,0.00051997435941823951,trajectory reached the configured collision radius
19,80,0.77479697955072258,-0.66283333333333339,fraction,250,0,collision,nan,0,32.567502094724354,0.042135276999999999,0.0010000000000001071,1.0000000000002143e-06,1.8053104415474837,-0.44194212595823568,0.00051992998278631525,trajectory reached the configured collision radius
19,81,0.77486876875902067,-0.66283333333333339,fraction,250,0,collision,nan,0,32.570288077571718,0.034091940000000001,0.0010000000000000072,1.0000000000000144e-06,1.8050466772975666,-0.44194212601031108,0.00051988571636396694,trajectory reached the configured collision radius
19,82,0.77494055796731875,-0.66283333333333339,fraction,250,0,collision,nan,0,32.573087056352492,0.034026885999999999,0.0010000000000000002,1.0000000000000004e-06,1.8047831999918051,-0.44194212606225247,0.00051984156068491164,trajectory reached the configured collision radius
19,83,0.77501234717561684,-0.66283333333333339,fraction,250,0,collision,nan,0,32.575899146227599,0.034100393999999999,0.001000000000000002,1.000000000000004e-06,1.8045200118627562,-0.44194212611405803,0.00051979751628284895,trajectory reached the configured collision radius
19,84,0.77508413638391493,-0.66283333333333339,fraction,250,0,collision,nan,0,32.578724463862699,0.038442626000000001,0.0010000000000000007,1.0000000000000014e-06,1.8042571151471338,-0.44194212616572792,0.00051975358369162322,trajectory reached the configured collision radius
19,85,0.77515592559221302,-0.66283333333333339,fraction,250,0,collision,nan,0,32.581563127454828,0.048513443000000003,0.0010000000000000002,1.0000000000000004e-06,1.8039945120854524,-0.44194212621726153,0.000519709763445061,trajectory reached the configured collision radius
19,86,0.775227714800511,-0.66283333333333339,fraction,250,0,collision,nan,0,32.584415256758774,0.038118757000000003,0.0010000000000000039,1.0000000000000078e-06,1.8037322049216968,-0.44194212626865786,0.00051966605607692946,trajectory reached the configured collision radius
19,87,0.77529950400880909,-0.66283333333333339,fraction,250,0,collision,nan,0,32.587280973114474,0.034611280000000001,0.001,9.9999999999999995e-07,1.8034701959029578,-0.4419421263199162,0.00051962246212080958,trajectory reached the configured collision radius
19,88,0.77537129321710718,-0.66283333333333339,fraction,250,0,collision,nan,0,32.590160399474669,0.057646994999999999,0.0010000000000000089,1.0000000000000177e-06,1.8032084872790803,-0.44194212637103664,0.00051957898210999102,trajectory reached the configured collision radius
19,89,0.77544308242540527,-0.66283333333333339,fraction,250,0,collision,nan,0,32.593053660433377,0.068019785999999999,0.001,9.9999999999999995e-07,1.8029470813021768,-0.4419421264220183,0.00051953561657739082,trajectory reached the configured collision radius
19,90,0.77551487163370336,-0.66283333333333339,fraction,250,0,collision,nan,0,32.595960882254666,0.046734039999999998,0.0010000000000000018,1.0000000000000036e-06,1.802685980226276,-0.44194212647286024,0.0005194923660554457,trajectory reached the configured collision radius
19,91,0.77558666084200134,-0.66283333333333339,fraction,250,0,collision,nan,0,32.598882192902678,0.034589439,0.0010000000000000011,1.0000000000000023e-06,1.8024251863068936,-0.44194212652356246,0.00051944923107597699,trajectory reached the configured collision radius
19,92,0.77565845005029943,-0.66283333333333339,fraction,250,0,collision,nan,0,32.601817722071523,0.035121234000000001,0.0010000000000000002,1.0000000000000004e-06,1.8021647018004807,-0.44194212657412396,0.00051940621217012211,trajectory reached the configured collision radius
19,93,0.77573023925859752,-0.66283333333333339,fraction,250,0,collision,nan,0,32.604767601216551,0.034078428000000001,0.0010000000000000078,1.0000000000000156e-06,1.8019045289641227,-0.44194212662454363,0.00051936330986815762,trajectory reached the configured collision radius
19,94,0.77580202846689561,-0.66283333333333339,fraction,250,0,collision,nan,0,32.607731963585806,0.041817543999999998,0.001,9.9999999999999995e-07,1.8016446700548412,-0.44194212667482213,0.0005193205246994385,trajectory reached the configured collision radius
20,76,0.77450982271753033,-0.64666666666666672,fraction,250,0,collision,nan,0,32.567018041638811,0.06108856,0.001,9.9999999999999995e-07,1.805094235480972,-0.44194212628132024,0.0005196552873877147,trajectory reached the configured collision radius
20,77,0.77458161192582842,-0.64666666666666672,fraction,250,0,collision,nan,0,32.56975181738153,0.045431529999999998,0.0010000000000000076,1.0000000000000152e-06,1.8048267548523795,-0.44194212633315688,0.0005196112007503725,trajectory reached the configured collision radius
20,78,0.77465340113412651,-0.64666666666666672,fraction,250,0,collision,nan,0,32.57249820139679,0.037088231999999999,0.001000000000000079,1.0000000000001579e-06,1.8045595918393413,-0.44194212638485192,0.00051956723122318521,trajectory reached the configured collision radius
20,79,0.7747251903424246,-0.64666666666666672,fraction,250,0,collision,nan,0,32.575257303766996,0.034384656,0.0010000000000000076,1.0000000000000152e-06,1.8042927487934239,-0.4419421264364039,0.00051952337936029527,trajectory reached the configured collision radius
20,80,0.77479697955072258,-0.64666666666666672,fraction,250,0,collision,nan,0,32.578029235992481,0.052198385,0.001,9.9999999999999995e-07,1.804026228071834,-0.44194212648781256,0.00051947964571645642,trajectory reached the configured collision radius
20,81,0.77486876875902067,-0.64666666666666672,fraction,250,0,collision,nan,0,32.580814111019137,0.045146039999999998,0.0010000000000000024,1.0000000000000048e-06,1.803760032037157,-0.44194212653907733,0.00051943603084658729,trajectory reached the configured collision radius
20,82,0.77494055796731875,-0.64666666666666672,fraction,250,0,collision,nan,0,32.583612043261432,0.034396256,0.0010000000000000005,1.000000000000001e-06,1.8034941630570487,-0.44194212659019783,0.00051939253530588645,trajectory reached the configured collision radius
20,83,0.77501234717561684,-0.64666666666666672,fraction,250,0,collision,nan,0,32.586423148628235,0.040550535999999998,0.0010000000000000002,1.0000000000000004e-06,1.8032286235038664,-0.44194212664117288,0.00051934915964968725,trajectory reached the configured collision radius
20,84,0.77508413638391493,-0.64666666666666672,fraction,250,0,collision,nan,0,32.589247544548499,0.059088946000000003,0.0010000000000000028,1.0000000000000057e-06,1.8029634157544474,-0.441942126692002,0.00051930590443340194,trajectory reached the configured collision radius
20,85,0.77515592559221302,-0.64666666666666672,fraction,250,0,collision,nan,0,32.592085349998008,0.041830972000000001,0.001,9.9999999999999995e-07,1.802698542189642,-0.4419421267426849,0.00051926277021240161,trajectory reached the configured collision radius
20,86,0.775227714800511,-0.64666666666666672,fraction,250,0,collision,nan,0,32.594936685525866,0.034219787000000002,0.0010000000000000104,1.0000000000000209e-06,1.8024340051940142,-0.44194212679322104,0.0005192197575419464,trajectory reached the configured collision radius
20,87,0.77529950400880909,-0.64666666666666672,fraction,250,0,collision,nan,0,32.597801673282824,0.063697851999999999,0.001,9.9999999999999995e-07,1.8021698071554284,-0.4419421268436094,0.00051917686697704863,trajectory reached the configured collision radius
20,88,0.77537129321710718,-0.64666666666666672,fraction,250,0,collision,nan,0,32.600680437048617,0.059703159999999998,0.0010000000000000033,1.0000000000000065e-06,1.801905950464687,-0.44194212689384926,0.00051913409907243936,trajectory reached the configured collision radius
20,89,0.77544308242540527,-0.64666666666666672,fraction,250,0,collision,nan,0,32.603573102261556,0.042895302000000003,0.0010000000000000005,1.000000000000001e-06,1.8016424375150728,-0.44194212694394036,0.00051909145438237846,trajectory reached the configured collision radius
20,90,0.77551487163370336,-0.64666666666666672,fraction,250,0,collision,nan,0,32.606479796047367,0.063862205000000005,0.0010000000000000002,1.0000000000000004e-06,1.801379270701966,-0.44194212699388208,0.00051904893346063001,trajectory reached the configured collision radius
20,91,0.77558666084200134,-0.64666666666666672,fraction,250,0,collision,nan,0,32.609400647249799,0.066399479999999997,0.0010000000000000039,1.0000000000000078e-06,1.8011164524223431,-0.44194212704367386,0.00051900653686028141,trajectory reached the configured collision radius
20,92,0.77565845005029943,-0.64666666666666672,fraction,250,0,collision,nan,0,32.612335786460946,0.067920592000000002,0.001,9.9999999999999995e-07,1.8008539850743579,-0.44194212709331449,0.00051896426513365007,trajectory reached the configured collision radius
20,93,0.77573023925859752,-0.64666666666666672,fraction,250,0,collision,nan,0,32.615285346053057,0.039054730000000003,0.0010000000000000072,1.0000000000000144e-06,1.8005918710567916,-0.44194212714280434,0.00051892211883219181,trajectory reached the configured collision radius
20,94,0.77580202846689561,-0.64666666666666672,fraction,250,0,collision,nan,0,32.618249460210464,0.049037267000000002,0.001,9.9999999999999995e-07,1.8003301127686193,-0.44194212719214171,0.00051888009850631453,trajectory reached the configured collision radius
21,76,0.77450982271753033,-0.63050000000000006,fraction,250,0,collision,nan,0,32.577549219576305,0.062466458000000002,0.001,9.9999999999999995e-07,1.8037655287052758,-0.44194212681576833,0.00051920056576475486,trajectory reached the configured collision radius
21,77,0.77458161192582842,-0.63050000000000006,fraction,250,0,collision,nan,0,32.58028206952487,0.038562952999999997,0.0010000000000000072,1.0000000000000144e-06,1.80349602577408,-0.44194212686672896,0.00051915718634349946,trajectory reached the configured collision radius
21,78,0.77465340113412651,-0.63050000000000006,fraction,250,0,collision,nan,0,32.583027586316113,0.034835091999999998,0.001,9.9999999999999995e-07,1.8032268789718313,-0.44194212691753809,0.00051911393221458805,trajectory reached the configured collision radius
21,79,0.7747251903424246,-0.63050000000000006,fraction,250,0,collision,nan,0,32.585785880731812,0.035785094000000003,0.0010000000000000026,1.0000000000000052e-06,1.8029580907799054,-0.44194212696819529,0.00051907080395209939,trajectory reached the configured collision radius
21,80,0.77479697955072258,-0.63050000000000006,fraction,250,0,collision,nan,0,32.588557064987803,0.037581666999999999,0.0010000000000000005,1.000000000000001e-06,1.8026896636855338,-0.44194212701870006,0.00051902780213043339,trajectory reached the configured collision radius
21,81,0.77486876875902067,-0.63050000000000006,fraction,250,0,collision,nan,0,32.591341252757921,0.043510614000000003,0.0010000000000000007,1.0000000000000014e-06,1.8024216001816329,-0.44194212706905089,0.00051898492732433711,trajectory reached the configured collision radius
21,82,0.77494055796731875,-0.63050000000000006,fraction,250,0,collision,nan,0,32.594138559199877,0.039119487000000001,0.0010000000000000022,1.0000000000000044e-06,1.8021539027662701,-0.44194212711924841,0.00051894218010867829,trajectory reached the configured collision radius
21,83,0.77501234717561684,-0.63050000000000006,fraction,250,0,collision,nan,0,32.59694910098041,0.037351858000000002,0.001,9.9999999999999995e-07,1.8018865739425258,-0.44194212716929065,0.0005188995610584887,trajectory reached the configured collision radius
21,84,0.77508413638391493,-0.63050000000000006,fraction,250,0,collision,nan,0,32.599772996301695,0.034629882000000001,0.001000000000000008,1.000000000000016e-06,1.8016196162180633,-0.44194212721917808,0.00051885707074880998,trajectory reached the configured collision radius
21,85,0.77515592559221302,-0.63050000000000006,fraction,250,0,collision,nan,0,32.602610364928303,0.066051614999999994,0.001,9.9999999999999995e-07,1.8013530321047582,-0.44194212726890952,0.0005188147097546056,trajectory reached the configured collision radius
21,86,0.775227714800511,-0.63050000000000006,fraction,250,0,collision,nan,0,32.605461328214382,0.044775172000000002,0.0010000000000000052,1.0000000000000105e-06,1.8010868241183202,-0.44194212731848426,0.00051877247865067349,trajectory reached the configured collision radius
21,87,0.77529950400880909,-0.63050000000000006,fraction,250,0,collision,nan,0,32.608326009132014,0.045846647999999997,0.0010000000000000002,1.0000000000000004e-06,1.800820994777989,-0.44194212736790195,0.00051873037801154407,trajectory reached the configured collision radius
21,88,0.77537129321710718,-0.63050000000000006,fraction,250,0,collision,nan,0,32.611204532299432,0.034523766999999997,0.0010000000000000009,1.0000000000000019e-06,1.8005555466059682,-0.44194212741716188,0.00051868840841136788,trajectory reached the configured collision radius
21,89,0.77544308242540527,-0.63050000000000006,fraction,250,0,collision,nan,0,32.614097024010597,0.035222516000000002,0.001000000000000002,1.000000000000004e-06,1.8002904821271628,-0.4419421274662636,0.00051864657042380953,trajectory reached the configured collision radius
21,90,0.77551487163370336,-0.63050000000000006,fraction,250,0,collision,nan,0,32.617003612264888,0.034016755000000003,0.001,9.9999999999999995e-07,1.800025803868579,-0.44194212751520573,0.00051860486462194932,trajectory reached the configured collision radius
21,91,0.77558666084200134,-0.63050000000000006,fraction,250,0,collision,nan,0,32.619924426797766,0.034114083000000003,0.0010000000000000104,1.0000000000000209e-06,1.7997615143589953,-0.44194212756398854,0.00051856329157815538,trajectory reached the configured collision radius
21,92,0.77565845005029943,-0.63050000000000006,fraction,250,0,collision,nan,0,32.622859599112296,0.034512899,0.001,9.9999999999999995e-07,1.7994976161283542,-0.44194212761261076,0.00051852185186393321,trajectory reached the configured collision radius
21,93,0.77573023925859752,-0.63050000000000006,fraction,250,0,collision,nan,0,32.625809262510352,0.041205032000000003,0.0010000000000000024,1.0000000000000048e-06,1.7992341117073924,-0.44194212766107227,0.00051848054604989289,trajectory reached the configured collision radius
21,94,0.77580202846689561,-0.63050000000000006,fraction,250,0,collision,nan,0,32.628773552126248,0.034553496000000003,0.0010000000000000007,1.0000000000000014e-06,1.7989710036269668,-0.44194212770937202,0.00051843937470550912,trajectory reached the configured collision radius
22,76,0.77450982271753033,-0.6143333333333334,fraction,250,0,collision,nan,0,32.588087786204817,0.038426936000000002,0.001,9.9999999999999995e-07,1.8023850295829327,-0.44194212735163413,0.00051874423741121993,trajectory reached the configured collision radius
22,77,0.77458161192582842,-0.6143333333333334,fraction,250,0,collision,nan,0,32.590820118232436,0.052418016999999997,0.0010000000000000024,1.0000000000000048e-06,1.8021140495340402,-0.44194212740161942,0.00051870165104671588,trajectory reached the configured collision radius
22,78,0.77465340113412651,-0.6143333333333334,fraction,250,0,collision,nan,0,32.593565175863262,0.050265331000000003,0.0010000000000000005,1.000000000000001e-06,1.8018434631142792,-0.44194212745144407,0.00051865919785036736,trajectory reached the configured collision radius
22,79,0.7747251903424246,-0.6143333333333334,fraction,250,0,collision,nan,0,32.596323070589285,0.033588466999999997,0.0010000000000000005,1.000000000000001e-06,1.8015732729263165,-0.44194212750110773,0.00051861687841424267,trajectory reached the configured collision radius
22,80,0.77479697955072258,-0.6143333333333334,fraction,250,0,collision,nan,0,32.59909391535021,0.034131059999999998,0.001000000000000002,1.000000000000004e-06,1.8013034815789621,-0.44194212755060952,0.00051857469333075387,trajectory reached the configured collision radius
22,81,0.77486876875902067,-0.6143333333333334,fraction,250,0,collision,nan,0,32.60187782455867,0.033412356999999997,0.0010000000000000002,1.0000000000000004e-06,1.8010340916866456,-0.44194212759994933,0.00051853264319253161,trajectory reached the configured collision radius
22,82,0.77494055796731875,-0.6143333333333334,fraction,250,0,collision,nan,0,32.604674914125511,0.033683207999999999,0.0010000000000000067,1.0000000000000135e-06,1.8007651058693104,-0.44194212764912588,0.00051849072859238763,trajectory reached the configured collision radius
22,83,0.77501234717561684,-0.6143333333333334,fraction,250,0,collision,nan,0,32.607485301486165,0.034829354,0.001,9.9999999999999995e-07,1.8004965267518922,-0.44194212769813901,0.00051844895012316506,trajectory reached the configured collision radius
22,84,0.77508413638391493,-0.6143333333333334,fraction,250,0,collision,nan,0,32.610309105626932,0.034443438,0.001000000000000007,1.0000000000000139e-06,1.8002283569640767,-0.44194212774698755,0.00051840730837771944,trajectory reached the configured collision radius
22,85,0.77515592559221302,-0.6143333333333334,fraction,250,0,collision,nan,0,32.613146447112541,0.038726512999999997,0.001,9.9999999999999995e-07,1.7999605991398941,-0.4419421277956711,0.00051836580394876044,trajectory reached the configured collision radius
22,86,0.775227714800511,-0.6143333333333334,fraction,250,0,collision,nan,0,32.615997448113824,0.033940476999999997,0.0010000000000000015,1.0000000000000031e-06,1.7996932559172862,-0.44194212784418918,0.00051832443742876738,trajectory reached the configured collision radius
22,87,0.77529950400880909,-0.6143333333333334,fraction,250,0,collision,nan,0,32.618862232436278,0.034491143000000002,0.0010000000000000011,1.0000000000000023e-06,1.7994263299377502,-0.44194212789254095,0.00051828320940990773,trajectory reached the configured collision radius
22,88,0.77537129321710718,-0.6143333333333334,fraction,250,0,collision,nan,0,32.621740925548799,0.048834672000000003,0.001,9.9999999999999995e-07,1.7991598238459181,-0.4419421279407254,0.00051824212048391205,trajectory reached the configured collision radius
22,89,0.77544308242540527,-0.6143333333333334,fraction,250,0,collision,nan,0,32.624633654613845,0.033783044999999998,0.0010000000000000061,1.0000000000000122e-06,1.7988937402890777,-0.44194212798874288,0.00051820117124195609,trajectory reached the configured collision radius
22,90,0.77551487163370336,-0.6143333333333334,fraction,250,0,collision,nan,0,32.627540548517736,0.033817192000000003,0.001,9.9999999999999995e-07,1.7986280819167069,-0.44194212803659133,0.00051816036227454786,trajectory reached the configured collision radius
22,91,0.77558666084200134,-0.6143333333333334,fraction,250,0,collision,nan,0,32.630461737901143,0.039927377999999999,0.0010000000000000052,1.0000000000000105e-06,1.7983628513801126,-0.4419421280842713,0.00051811969417145257,trajectory reached the configured collision radius
22,92,0.77565845005029943,-0.6143333333333334,fraction,250,0,collision,nan,0,32.633397355191732,0.035945996000000001,0.0010000000000000002,1.0000000000000004e-06,1.7980980513316969,-0.44194212813178158,0.00051807916752148189,trajectory reached the configured collision radius
22,93,0.77573023925859752,-0.6143333333333334,fraction,250,0,collision,nan,0,32.636347534635938,0.060557431000000002,0.0010000000000000007,1.0000000000000014e-06,1.7978336844246967,-0.44194212817912171,0.00051803878291244534,trajectory reached the configured collision radius
22,94,0.77580202846689561,-0.6143333333333334,fraction,250,0,collision,nan,0,32.639312412332394,0.063725689000000002,0.0010000000000000033,1.0000000000000065e-06,1.7975697533124173,-0.44194212822629103,0.00051799854093099291,trajectory reached the configured collision radius
23,76,0.77450982271753033,-0.59816666666666674,fraction,250,0,collision,nan,0,32.59864160573224,0.052386387,0.0010000000000000005,1.000000000000001e-06,1.8009553692572589,-0.44194212788861287,0.00051828655864897947,trajectory reached the configured collision radius
23,77,0.77458161192582842,-0.59816666666666674,fraction,250,0,collision,nan,0,32.601373817099073,0.037119292999999998,0.0010000000000000005,1.000000000000001e-06,1.8006834361652362,-0.44194212793752757,0.00051824484756826574,trajectory reached the configured collision radius
23,78,0.77465340113412651,-0.59816666666666674,fraction,250,0,collision,nan,0,32.604118813072091,0.040866195000000001,0.001000000000000002,1.000000000000004e-06,1.8004119332125865,-0.44194212798627291,0.00051820327723433755,trajectory reached the configured collision radius
23,79,0.7747251903424246,-0.59816666666666674,fraction,250,0,collision,nan,0,32.606876705863762,0.055632108999999999,0.001,9.9999999999999995e-07,1.8001408631152085,-0.44194212803484911,0.0005181618482555866,trajectory reached the configured collision radius
23,80,0.77479697955072258,-0.59816666666666674,fraction,250,0,collision,nan,0,32.609647609148581,0.034443413999999999,0.0010000000000000063,1.0000000000000127e-06,1.7998702285951189,-0.441942128083255,0.0005181205612406675,trajectory reached the configured collision radius
23,81,0.77486876875902067,-0.59816666666666674,fraction,250,0,collision,nan,0,32.612431638088744,0.033714288000000002,0.001,9.9999999999999995e-07,1.7996000323802073,-0.44194212813148948,0.00051807941679842505,trajectory reached the configured collision radius
23,82,0.77494055796731875,-0.59816666666666674,fraction,250,0,collision,nan,0,32.615228909359828,0.03448126,0.001000000000000008,1.000000000000016e-06,1.7993302772037634,-0.44194212817955236,0.00051803841553782373,trajectory reached the configured collision radius
23,83,0.77501234717561684,-0.59816666666666674,fraction,250,0,collision,nan,0,32.618039541177552,0.035596843000000003,0.001,9.9999999999999995e-07,1.7990609658043446,-0.44194212822744317,0.0005179975580678096,trajectory reached the configured collision radius
23,84,0.77508413638391493,-0.59816666666666674,fraction,250,0,collision,nan,0,32.620863653324569,0.034235362999999998,0.0010000000000000022,1.0000000000000044e-06,1.798792100925217,-0.44194212827516072,0.00051795684499727698,trajectory reached the configured collision radius
23,85,0.77515592559221302,-0.59816666666666674,fraction,250,0,collision,nan,0,32.623701367178164,0.034379404000000002,0.0010000000000000007,1.0000000000000014e-06,1.7985236853140065,-0.44194212832270469,0.00051791627693492269,trajectory reached the configured collision radius
23,86,0.775227714800511,-0.59816666666666674,fraction,250,0,collision,nan,0,32.626552805738534,0.034058775999999999,0.0010000000000000002,1.0000000000000004e-06,1.7982557217223081,-0.44194212837007474,0.00051787585448916052,trajectory reached the configured collision radius
23,87,0.77529950400880909,-0.59816666666666674,fraction,250,0,collision,nan,0,32.62941809365774,0.033714771999999997,0.0010000000000000039,1.0000000000000078e-06,1.7979882129053653,-0.44194212841726915,0.00051783557826801346,trajectory reached the configured collision radius
23,88,0.77537129321710718,-0.59816666666666674,fraction,250,0,collision,nan,0,32.632297357269103,0.037944476999999997,0.001,9.9999999999999995e-07,1.7977211616214637,-0.44194212846428799,0.00051779544887899608,trajectory reached the configured collision radius
23,89,0.77544308242540527,-0.59816666666666674,fraction,250,0,collision,nan,0,32.635190724617551,0.035207679999999998,0.0010000000000000085,1.0000000000000169e-06,1.7974545706316116,-0.44194212851113041,0.00051775546692902426,trajectory reached the configured collision radius
23,90,0.77551487163370336,-0.59816666666666674,fraction,250,0,collision,nan,0,32.638098325490304,0.033548248000000003,0.0010000000000000002,1.0000000000000004e-06,1.7971884426989702,-0.44194212855779602,0.00051771563302426265,trajectory reached the configured collision radius
23,91,0.77558666084200134,-0.59816666666666674,fraction,250,0,collision,nan,0,32.641020291448498,0.066852325000000004,0.0010000000000000013,1.0000000000000027e-06,1.7969227805883838,-0.44194212860428361,0.00051767594777001622,trajectory reached the configured collision radius
23,92,0.77565845005029943,-0.59816666666666674,fraction,250,0,collision,nan,0,32.643956755859584,0.034229120000000002,0.0010000000000000013,1.0000000000000027e-06,1.7966575870659647,-0.44194212865059296,0.00051763641177062295,trajectory reached the configured collision radius
23,93,0.77573023925859752,-0.59816666666666674,fraction,250,0,collision,nan,0,32.646907853929918,0.052866981,0.001,9.9999999999999995e-07,1.7963928648983751,-0.44194212869672322,0.00051759702562930517,trajectory reached the configured collision radius
23,94,0.77580202846689561,-0.59816666666666674,fraction,250,0,collision,nan,0,32.649873722739102,0.034919552,0.0010000000000000093,1.0000000000000186e-06,1.7961286168524233,-0.4419421287426738,0.00051755778994804218,trajectory reached the configured collision radius
24,76,0.77450982271753033,-0.58199999999999996,fraction,250,0,collision,nan,0,32.609218112505417,0.034231867999999999,0.0010000000000000026,1.0000000000000052e-06,1.7994790130001681,-0.44194212842639974,0.00051782778582646878,trajectory reached the configured collision radius
24,77,0.77458161192582842,-0.58199999999999996,fraction,250,0,collision,nan,0,32.611950591148251,0.034195576999999998,0.001,9.9999999999999995e-07,1.7992066317509023,-0.4419421284741526,0.00051778702893090533,trajectory reached the configured collision radius
24,78,0.77465340113412651,-0.58199999999999996,fraction,250,0,collision,nan,0,32.61469591369378,0.044532029000000001,0.001000000000000007,1.0000000000000139e-06,1.7989347161812594,-0.44194212852172893,0.00051774642007178511,trajectory reached the configured collision radius
24,79,0.7747251903424246,-0.58199999999999996,fraction,250,0,collision,nan,0,32.617454193086317,0.045379864999999998,0.001,9.9999999999999995e-07,1.7986632691125262,-0.44194212856912729,0.00051770595987212648,trajectory reached the configured collision radius
24,80,0.77479697955072258,-0.58199999999999996,fraction,250,0,collision,nan,0,32.620225543746791,0.033517013999999998,0.001000000000000008,1.000000000000016e-06,1.7983922933720964,-0.44194212861634707,0.00051766564895521384,trajectory reached the configured collision radius
24,81,0.77486876875902067,-0.58199999999999996,fraction,250,0,collision,nan,0,32.623010081599254,0.036625075,0.001,9.9999999999999995e-07,1.7981217917933083,-0.44194212866338767,0.00051762548794442355,trajectory reached the configured collision radius
24,82,0.77494055796731875,-0.58199999999999996,fraction,250,0,collision,nan,0,32.625807924096357,0.038752522999999997,0.0010000000000000024,1.0000000000000048e-06,1.7978517672150061,-0.44194212871024824,0.00051758547746324395,trajectory reached the configured collision radius
24,83,0.77501234717561684,-0.58199999999999996,fraction,250,0,collision,nan,0,32.628619190246987,0.033831869000000001,0.0010000000000000005,1.000000000000001e-06,1.7975822224811782,-0.44194212875692807,0.00051754561813503763,trajectory reached the configured collision radius
24,84,0.77508413638391493,-0.58199999999999996,fraction,250,0,collision,nan,0,32.63144400064315,0.036332359000000002,0.0010000000000000002,1.0000000000000004e-06,1.7973131604406039,-0.44194212880342676,0.00051750591058308227,trajectory reached the configured collision radius
24,85,0.77515592559221302,-0.58199999999999996,fraction,250,0,collision,nan,0,32.634282477488199,0.033749567000000001,0.0010000000000000028,1.0000000000000057e-06,1.7970445839463933,-0.44194212884974332,0.00051746635543037031,trajectory reached the configured collision radius
24,86,0.775227714800511,-0.58199999999999996,fraction,250,0,collision,nan,0,32.637134744625783,0.034689812,0.001,9.9999999999999995e-07,1.7967764958556947,-0.44194212889587703,0.000517426953299566,trajectory reached the configured collision radius
24,87,0.77529950400880909,-0.58199999999999996,fraction,250,0,collision,nan,0,32.64000092756887,0.052268045999999999,0.0010000000000000115,1.000000000000023e-06,1.7965088990291018,-0.44194212894182722,0.00051738770481286325,trajectory reached the configured collision radius
24,88,0.77537129321710718,-0.58199999999999996,fraction,250,0,collision,nan,0,32.64288115353002,0.035034734999999997,0.001,9.9999999999999995e-07,1.7962417963303465,-0.44194212898759383,0.00051734861059184894,trajectory reached the configured collision radius
24,89,0.77544308242540527,-0.58199999999999996,fraction,250,0,collision,nan,0,32.645775551451472,0.034366318,0.0010000000000000026,1.0000000000000052e-06,1.7959751906257431,-0.44194212903317542,0.00051730967125749228,trajectory reached the configured collision radius
24,90,0.77551487163370336,-0.58199999999999996,fraction,250,0,collision,nan,0,32.648684252037356,0.056017086000000001,0.0010000000000000007,1.0000000000000014e-06,1.7957090847836978,-0.44194212907857167,0.00051727088742987125,trajectory reached the configured collision radius
24,91,0.77558666084200134,-0.58199999999999996,fraction,250,0,collision,nan,0,32.651607387785134,0.034399485,0.001,9.9999999999999995e-07,1.7954434816742579,-0.44194212912378206,0.00051723225972816786,trajectory reached the configured collision radius
24,92,0.77565845005029943,-0.58199999999999996,fraction,250,0,collision,nan,0,32.654545093018505,0.038019338999999999,0.0010000000000000052,1.0000000000000105e-06,1.7951783841685354,-0.44194212916880521,0.00051719378877050398,trajectory reached the configured collision radius
24,93,0.77573023925859752,-0.58199999999999996,fraction,250,0,collision,nan,0,32.65749750392046,0.034788488999999999,0.001000000000000152,1.000000000000304e-06,1.794913795138134,-0.44194212921364101,0.00051715547517384411,trajectory reached the configured collision radius
24,94,0.77580202846689561,-0.58199999999999996,fraction,250,0,collision,nan,0,32.660464758570797,0.034229339999999997,0.001000000000000005,1.0000000000000101e-06,1.7946497174546858,-0.44194212925828863,0.00051711731955354128,trajectory reached the configured collision radius
25,76,0.77450982271753033,-0.5658333333333333,fraction,250,0,collision,nan,0,32.619824384378894,0.034621158999999999,0.0010000000000000087,1.0000000000000173e-06,1.7979582848904139,-0.44194212896468987,0.00051736817600616899,trajectory reached the configured collision radius
25,77,0.77458161192582842,-0.5658333333333333,fraction,250,0,collision,nan,0,32.622557510051891,0.067687132999999997,0.001,9.9999999999999995e-07,1.7976859428418968,-0.4419421290111949,0.00051732844911906621,trajectory reached the configured collision radius
25,78,0.77465340113412651,-0.5658333333333333,fraction,250,0,collision,nan,0,32.625303539268792,0.063466592000000002,0.001000000000000007,1.0000000000000139e-06,1.7974141010602775,-0.44194212905751507,0.00051728887727617431,trajectory reached the configured collision radius
25,79,0.7747251903424246,-0.5658333333333333,fraction,250,0,collision,nan,0,32.628062585718247,0.035257047999999999,0.001,9.9999999999999995e-07,1.7971427624646605,-0.44194212910364988,0.00051724946111362624,trajectory reached the configured collision radius
25,80,0.77479697955072258,-0.5658333333333333,fraction,250,0,collision,nan,0,32.630834764580541,0.033515175000000001,0.0010000000000000024,1.0000000000000048e-06,1.7968719299803488,-0.44194212914959757,0.00051721020126773852,trajectory reached the configured collision radius
25,81,0.77486876875902067,-0.5658333333333333,fraction,250,0,collision,nan,0,32.633620192554403,0.034204535000000001,0.0010000000000000005,1.000000000000001e-06,1.7966016065385537,-0.44194212919535847,0.00051717109837487755,trajectory reached the configured collision radius
25,82,0.77494055796731875,-0.5658333333333333,fraction,250,0,collision,nan,0,32.636418987883332,0.034228898000000001,0.0010000000000000002,1.0000000000000004e-06,1.7963317950758699,-0.44194212924093151,0.00051713215307140278,trajectory reached the configured collision radius
25,83,0.77501234717561684,-0.5658333333333333,fraction,250,0,collision,nan,0,32.639231270383029,0.034175694999999999,0.0010000000000000026,1.0000000000000052e-06,1.7960624985341371,-0.4419421292863161,0.00051709336599355105,trajectory reached the configured collision radius
25,84,0.77508413638391493,-0.5658333333333333,fraction,250,0,collision,nan,0,32.642057161469246,0.034984902999999998,0.0010000000000000002,1.0000000000000004e-06,1.7957937198598781,-0.44194212933151117,0.00051705473777735914,trajectory reached the configured collision radius
25,85,0.77515592559221302,-0.5658333333333333,fraction,250,0,collision,nan,0,32.64489678418618,0.03469999,0.00100000000000001,1.0000000000000201e-06,1.7955254620038836,-0.44194212937651628,0.00051701626905854012,trajectory reached the configured collision radius
25,86,0.775227714800511,-0.5658333333333333,fraction,250,0,collision,nan,0,32.647750263235928,0.066691615999999995,0.001,9.9999999999999995e-07,1.7952577279209034,-0.44194212942133093,0.0005169779604723585,trajectory reached the configured collision radius
25,87,0.77529950400880909,-0.5658333333333333,fraction,250,0,collision,nan,0,32.650617725007798,0.035644315000000003,0.0010000000000000039,1.0000000000000078e-06,1.7949905205690599,-0.44194212946595413,0.00051693981265357486,trajectory reached the configured collision radius
25,88,0.77537129321710718,-0.5658333333333333,fraction,250,0,collision,nan,0,32.653499297609393,0.03429165,0.0010000000000000005,1.000000000000001e-06,1.7947238429095387,-0.4419421295103852,0.00051690182623627477,trajectory reached the configured collision radius
25,89,0.77544308242540527,-0.5658333333333333,fraction,250,0,collision,nan,0,32.656395110897115,0.034157856,0.0010000000000000005,1.000000000000001e-06,1.7944576979059259,-0.44194212955462364,0.00051686400185377518,trajectory reached the configured collision radius
25,90,0.77551487163370336,-0.5658333333333333,fraction,250,0,collision,nan,0,32.659305296508577,0.034648223999999998,0.0010000000000000031,1.0000000000000061e-06,1.7941920885238549,-0.4419421295986683,0.00051682634013851053,trajectory reached the configured collision radius
25,91,0.77558666084200134,-0.5658333333333333,fraction,250,0,collision,nan,0,32.662229987894918,0.034390370000000003,0.001,9.9999999999999995e-07,1.7939270177303817,-0.44194212964251911,0.00051678884172185521,trajectory reached the configured collision radius
25,92,0.77565845005029943,-0.5658333333333333,fraction,250,0,collision,nan,0,32.66516932035406,0.038750279999999998,0.0010000000000000087,1.0000000000000173e-06,1.7936624884935115,-0.44194212968617491,0.00051675150723408565,trajectory reached the configured collision radius
25,93,0.77573023925859752,-0.5658333333333333,fraction,250,0,collision,nan,0,32.668123431065212,0.033809111000000003,0.0010000000000000002,1.0000000000000004e-06,1.7933985037815732,-0.44194212972963509,0.00051671433730412553,trajectory reached the configured collision radius
25,94,0.77580202846689561,-0.5658333333333333,fraction,250,0,collision,nan,0,32.671092459123308,0.044660087000000001,0.0010000000000000013,1.0000000000000027e-06,1.7931350665626484,-0.44194212977289921,0.00051667733255949676,trajectory reached the configured collision radius
26,76,0.77450982271753033,-0.54966666666666664,fraction,250,0,collision,nan,0,32.630467204809079,0.040601115,0.0010000000000000052,1.0000000000000105e-06,1.7963953887256536,-0.44194212950317857,0.0005169079876060315,trajectory reached the configured collision radius
26,77,0.77458161192582842,-0.54966666666666664,fraction,250,0,collision,nan,0,32.633201350101587,0.033593699999999997,0.001,9.9999999999999995e-07,1.7961235571499947,-0.44194212954835266,0.00051686936368604221,trajectory reached the configured collision radius
26,78,0.77465340113412651,-0.54966666666666664,fraction,250,0,collision,nan,0,32.635948458975925,0.034457961000000002,0.0010000000000000018,1.0000000000000036e-06,1.7958522594900408,-0.44194212959333373,0.00051683090154251818,trajectory reached the configured collision radius
26,79,0.7747251903424246,-0.54966666666666664,fraction,250,0,collision,nan,0,32.638708645878197,0.060014567999999997,0.0010000000000000005,1.000000000000001e-06,1.795581498755517,-0.44194212963812191,0.00051679260182318175,trajectory reached the configured collision radius
26,80,0.77479697955072258,-0.54966666666666664,fraction,250,0,collision,nan,0,32.641482026762098,0.033994265000000003,0.0010000000000000005,1.000000000000001e-06,1.7953112779623772,-0.44194212968271646,0.00051675446517586161,trajectory reached the configured collision radius
26,81,0.77486876875902067,-0.54966666666666664,fraction,250,0,collision,nan,0,32.644268719115217,0.054074348000000001,0.0010000000000000028,1.0000000000000057e-06,1.7950416001322689,-0.44194212972711572,0.00051671649224839435,trajectory reached the configured collision radius
26,82,0.77494055796731875,-0.54966666666666664,fraction,250,0,collision,nan,0,32.647068841986361,0.039825342999999999,0.001,9.9999999999999995e-07,1.7947724682923651,-0.44194212977131964,0.0005166786836885099,trajectory reached the configured collision radius
26,83,0.77501234717561684,-0.54966666666666664,fraction,250,0,collision,nan,0,32.649882516013065,0.034802347999999997,0.0010000000000000096,1.0000000000000192e-06,1.7945038854748234,-0.44194212981532743,0.00051664104014379928,trajectory reached the configured collision radius
26,84,0.77508413638391493,-0.54966666666666664,fraction,250,0,collision,nan,0,32.652709863450291,0.034469246000000002,0.001,9.9999999999999995e-07,1.7942358547164599,-0.44194212985913828,0.00051660356226150333,trajectory reached the configured collision radius
26,85,0.77515592559221302,-0.54966666666666664,fraction,250,0,collision,nan,0,32.655551008198671,0.044789645000000003,0.0010000000000000044,1.0000000000000086e-06,1.7939683790582834,-0.44194212990275167,0.00051656625068852613,trajectory reached the configured collision radius
26,86,0.775227714800511,-0.54966666666666664,fraction,250,0,collision,nan,0,32.658406075835096,0.070089932999999993,0.0010000000000000002,1.0000000000000004e-06,1.7937014615450537,-0.44194212994616672,0.00051652910607122022,trajectory reached the configured collision radius
26,87,0.77529950400880909,-0.54966666666666664,fraction,250,0,collision,nan,0,32.661275193642112,0.039135194999999998,0.0010000000000000007,1.0000000000000014e-06,1.7934351052248536,-0.44194212998938309,0.00051649212905535203,trajectory reached the configured collision radius
26,88,0.77537129321710718,-0.54966666666666664,fraction,250,0,collision,nan,0,32.664158490639281,0.035087161999999998,0.0010000000000000022,1.0000000000000044e-06,1.7931693131486206,-0.44194213003239929,0.00051645532028593685,trajectory reached the configured collision radius
26,89,0.77544308242540527,-0.54966666666666664,fraction,250,0,collision,nan,0,32.667056097614946,0.062441398000000002,0.001,9.9999999999999995e-07,1.7929040883695782,-0.44194213007521549,0.00051641868040712662,trajectory reached the configured collision radius
26,90,0.77551487163370336,-0.54966666666666664,fraction,250,0,collision,nan,0,32.669968147158215,0.034527833000000001,0.0010000000000000111,1.0000000000000222e-06,1.792639433942796,-0.44194213011783023,0.00051638221006211713,trajectory reached the configured collision radius
26,91,0.77558666084200134,-0.54966666666666664,fraction,250,0,collision,nan,0,32.672894773692796,0.033734653000000003,0.001,9.9999999999999995e-07,1.7923753529245798,-0.44194213016024314,0.00051634590989294482,trajectory reached the configured collision radius
26,92,0.77565845005029943,-0.54966666666666664,fraction,250,0,collision,nan,0,32.675836113509938,0.049300803999999997,0.0010000000000000022,1.0000000000000044e-06,1.7921118483719416,-0.44194213020245343,0.00051630978054044375,trajectory reached the configured collision radius
26,93,0.77573023925859752,-0.54966666666666664,fraction,250,0,collision,nan,0,32.678792304803906,0.035757804999999997,0.0010000000000000009,1.0000000000000019e-06,1.79184892334204,-0.44194213024446094,0.00051627382264402509,trajectory reached the configured collision radius
26,94,0.77580202846689561,-0.54966666666666664,fraction,250,0,collision,nan,0,32.681763487707215,0.052555222999999998,0.0010000000000000002,1.0000000000000004e-06,1.7915865808915079,-0.44194213028626445,0.00051623803684159057,trajectory reached the configured collision radius
27,76,0.77450982271753033,-0.53349999999999997,fraction,250,0,collision,nan,0,32.641153115940497,0.036899805000000001,0.0010000000000000011,1.0000000000000023e-06,1.7947924259025378,-0.44194213004156047,0.00051644748100329423,trajectory reached the configured collision radius
27,77,0.77458161192582842,-0.53349999999999997,fraction,250,0,collision,nan,0,32.643888647193442,0.034833165999999999,0.0010000000000000011,1.0000000000000023e-06,1.794521561243329,-0.44194213008532302,0.00051641003032905841,trajectory reached the configured collision radius
27,78,0.77465340113412651,-0.53349999999999997,fraction,250,0,collision,nan,0,32.646637202515343,0.04030794,0.0010000000000000002,1.0000000000000004e-06,1.7942512632224452,-0.44194213012888589,0.00051637274789356237,trajectory reached the configured collision radius
27,79,0.7747251903424246,-0.53349999999999997,fraction,250,0,collision,nan,0,32.649398897124414,0.066833799999999999,0.0010000000000000039,1.0000000000000078e-06,1.7939815349333539,-0.44194213017224854,0.00051633563435467635,trajectory reached the configured collision radius
27,80,0.77479697955072258,-0.53349999999999997,fraction,250,0,collision,nan,0,32.652173847762334,0.035503756999999997,0.001,9.9999999999999995e-07,1.79371237947559,-0.44194213021541007,0.00051629869037030313,trajectory reached the configured collision radius
27,81,0.77486876875902067,-0.53349999999999997,fraction,250,0,collision,nan,0,32.654962172720822,0.060487627000000002,0.0010000000000000109,1.0000000000000218e-06,1.7934437999542905,-0.44194213025836954,0.00051626191659829375,trajectory reached the configured collision radius
27,82,0.77494055796731875,-0.53349999999999997,fraction,250,0,collision,nan,0,32.657763991869814,0.034024398999999997,0.001,9.9999999999999995e-07,1.7931757994799884,-0.44194213030112611,0.00051622531369630226,trajectory reached the configured collision radius
27,83,0.77501234717561684,-0.53349999999999997,fraction,250,0,collision,nan,0,32.660579426684777,0.039177392999999998,0.0010000000000000041,1.0000000000000082e-06,1.7929083811681212,-0.44194213034367918,0.00051618888232177109,trajectory reached the configured collision radius
27,84,0.77508413638391493,-0.53349999999999997,fraction,250,0,collision,nan,0,32.663408600276071,0.052973236999999999,0.0010000000000000002,1.0000000000000004e-06,1.7926415481385976,-0.44194213038602864,0.00051615262313174583,trajectory reached the configured collision radius
27,85,0.77515592559221302,-0.53349999999999997,fraction,250,0,collision,nan,0,32.666251637418299,0.034076413,0.0010000000000000009,1.0000000000000019e-06,1.7923753035153667,-0.44194213042817315,0.00051611653678279741,trajectory reached the configured collision radius
27,86,0.775227714800511,-0.53349999999999997,fraction,250,0,collision,nan,0,32.669108664580101,0.039755012999999999,0.0010000000000000022,1.0000000000000044e-06,1.792109650426019,-0.44194213047011216,0.00051608062393092269,trajectory reached the configured collision radius
27,87,0.77529950400880909,-0.53349999999999997,fraction,250,0,collision,nan,0,32.671979809955353,0.049798793000000001,0.001,9.9999999999999995e-07,1.7918445920012551,-0.44194213051184478,0.00051604488523140034,trajectory reached the configured collision radius
27,88,0.77537129321710718,-0.53349999999999997,fraction,250,0,collision,nan,0,32.674865203494058,0.034162142999999999,0.0010000000000000093,1.0000000000000186e-06,1.791580131374388,-0.4419421305533705,0.00051600932133870911,trajectory reached the configured collision radius
27,89,0.77544308242540527,-0.53349999999999997,fraction,250,0,collision,nan,0,32.6777649769353,0.034500483999999998,0.001,9.9999999999999995e-07,1.7913162716808744,-0.44194213059468851,0.00051597393290633863,trajectory reached the configured collision radius
27,90,0.77551487163370336,-0.53349999999999997,fraction,250,0,collision,nan,0,32.680679263839409,0.037941718999999999,0.0010000000000000033,1.0000000000000065e-06,1.7910530160577542,-0.4419421306357979,0.000515938720586757,trajectory reached the configured collision radius
27,91,0.77558666084200134,-0.53349999999999997,fraction,250,0,collision,nan,0,32.683608199622149,0.033116765999999999,0.0010000000000000005,1.000000000000001e-06,1.7907903676431167,-0.44194213067669813,0.00051590368503118809,trajectory reached the configured collision radius
27,92,0.77565845005029943,-0.53349999999999997,fraction,250,0,collision,nan,0,32.686551921588908,0.034042255,0.0010000000000000002,1.0000000000000004e-06,1.7905283295754832,-0.44194213071738869,0.00051586882688952999,trajectory reached the configured collision radius
27,93,0.77573023925859752,-0.53349999999999997,fraction,250,0,collision,nan,0,32.689510568970242,0.034856829999999998,0.001000000000000005,1.0000000000000101e-06,1.7902669049932021,-0.44194213075786859,0.0005158341468101663,trajectory reached the configured collision radius
27,94,0.77580202846689561,-0.53349999999999997,fraction,250,0,collision,nan,0,32.692484282957807,0.042385093999999998,0.001,9.9999999999999995e-07,1.7900060970338754,-0.44194213079813738,0.00051579964543988161,trajectory reached the configured collision radius
28,76,0.77450982271753033,-0.51733333333333331,fraction,250,0,collision,nan,0,32.651888464450842,0.071634219999999998,0.001,9.9999999999999995e-07,1.7931514108381807,-0.44194213057952642,0.00051598691910799616,trajectory reached the configured collision radius
28,77,0.77458161192582842,-0.51733333333333331,fraction,250,0,collision,nan,0,32.6546257425885,0.035739097999999997,0.0010000000000000061,1.0000000000000122e-06,1.7928819558105213,-0.44194213062180132,0.00051595070943799884,trajectory reached the configured collision radius
28,78,0.77465340113412651,-0.51733333333333331,fraction,250,0,collision,nan,0,32.657376105785254,0.033908154000000003,0.001,9.9999999999999995e-07,1.792613099228118,-0.44194213066386967,0.00051591467420393814,trajectory reached the configured collision radius
28,79,0.7747251903424246,-0.51733333333333331,fraction,250,0,collision,nan,0,32.660139670046902,0.034646331000000002,0.0010000000000000093,1.0000000000000186e-06,1.7923448442613852,-0.44194213070573074,0.00051587881407246774,trajectory reached the configured collision radius
28,80,0.77479697955072258,-0.51733333333333331,fraction,250,0,collision,nan,0,32.662916552919107,0.034970811999999997,0.001,9.9999999999999995e-07,1.7920771940866702,-0.4419421307473837,0.00051584312971015753,trajectory reached the configured collision radius
28,81,0.77486876875902067,-0.51733333333333331,fraction,250,0,collision,nan,0,32.665706873514182,0.033721300000000003,0.0010000000000000031,1.0000000000000061e-06,1.7918101518858471,-0.44194213078882766,0.00051580762178347753,trajectory reached the configured collision radius
28,82,0.77494055796731875,-0.51733333333333331,fraction,250,0,collision,nan,0,32.66851075253954,0.034144127000000003,0.0010000000000000002,1.0000000000000004e-06,1.7915437208460101,-0.44194213083006234,0.00051577229095864298,trajectory reached the configured collision radius
28,83,0.77501234717561684,-0.51733333333333331,fraction,250,0,collision,nan,0,32.671328312326033,0.039387565999999999,0.0010000000000000005,1.000000000000001e-06,1.7912779041589513,-0.44194213087108664,0.0005157371379015289,trajectory reached the configured collision radius
28,84,0.77508413638391493,-0.51733333333333331,fraction,250,0,collision,nan,0,32.674159676857435,0.045534608999999997,0.0010000000000000024,1.0000000000000048e-06,1.7910127050207654,-0.44194213091189993,0.00051570216327755558,trajectory reached the configured collision radius
28,85,0.77515592559221302,-0.51733333333333331,fraction,250,0,collision,nan,0,32.677004971799853,0.066732694999999995,0.001,9.9999999999999995e-07,1.7907481266313912,-0.44194213095250123,0.0005156673677515995,trajectory reached the configured collision radius
28,86,0.775227714800511,-0.51733333333333331,fraction,250,0,collision,nan,0,32.679864324532858,0.051365608,0.0010000000000000093,1.0000000000000186e-06,1.7904841721942295,-0.44194213099289043,0.00051563275198786393,trajectory reached the configured collision radius
28,87,0.77529950400880909,-0.51733333333333331,fraction,250,0,collision,nan,0,32.682737864180574,0.035004895000000001,0.001,9.9999999999999995e-07,1.7902208449155315,-0.44194213103306612,0.00051559831664973999,trajectory reached the configured collision radius
28,88,0.77537129321710718,-0.51733333333333331,fraction,250,0,collision,nan,0,32.685625721643333,0.065605473999999997,0.0010000000000000037,1.0000000000000074e-06,1.7899581480039539,-0.44194213107302804,0.00051556406239973028,trajectory reached the configured collision radius
28,89,0.77544308242540527,-0.51733333333333331,fraction,250,0,collision,nan,0,32.688528029630895,0.041006980999999998,0.0010000000000000002,1.0000000000000004e-06,1.7896960846700694,-0.44194213111277536,0.00051552998989928876,trajectory reached the configured collision radius
28,90,0.77551487163370336,-0.51733333333333331,fraction,250,0,collision,nan,0,32.691444922695624,0.061159113000000001,0.0010000000000000005,1.000000000000001e-06,1.789434658125699,-0.44194213115230707,0.00051549609980870161,trajectory reached the configured collision radius
28,91,0.77558666084200134,-0.51733333333333331,fraction,250,0,collision,nan,0,32.694376537266983,0.033785124999999999,0.0010000000000000037,1.0000000000000074e-06,1.7891738715834649,-0.44194213119162284,0.00051546239278694192,trajectory reached the configured collision radius
28,92,0.77565845005029943,-0.51733333333333331,fraction,250,0,collision,nan,0,32.697323011686258,0.034125733999999998,0.001,9.9999999999999995e-07,1.7889137282561809,-0.44194213123072179,0.00051542886949157028,trajectory reached the configured collision radius
28,93,0.77573023925859752,-0.51733333333333331,fraction,250,0,collision,nan,0,32.700284486242708,0.059188313999999999,0.0010000000000000072,1.0000000000000144e-06,1.7886542313561102,-0.44194213126960291,0.00051539553057852402,trajectory reached the configured collision radius
28,94,0.77580202846689561,-0.51733333333333331,fraction,250,0,collision,nan,0,32.703261103210544,0.035141859999999997,0.0010000000000000002,1.0000000000000004e-06,1.7883953840945128,-0.44194213130826604,0.0005153623767020116,trajectory reached the configured collision radius
29,76,0.77450982271753033,-0.50116666666666665,fraction,250,0,collision,nan,0,32.662679441542686,0.057387168000000002,0.001,9.9999999999999995e-07,1.7914742843852918,-0.44194213111676695,0.00051552656791244243,trajectory reached the configured collision radius
29,77,0.77458161192582842,-0.50116666666666665,fraction,250,0,collision,nan,0,32.66541882283444,0.034606356999999997,0.0010000000000000057,1.0000000000000114e-06,1.7912066689413035,-0.4419421311574806,0.00051549166462357165,trajectory reached the configured collision radius
29,78,0.77465340113412651,-0.50116666666666665,fraction,250,0,collision,nan,0,32.668171350733616,0.034862631999999998,0.001,9.9999999999999995e-07,1.7909396828424211,-0.44194213119798065,0.0005154569417071056,trajectory reached the configured collision radius
29,79,0.7747251903424246,-0.50116666666666665,fraction,250,0,collision,nan,0,32.670937142050263,0.054584555,0.0010000000000000018,1.0000000000000036e-06,1.7906733293295389,-0.44194213123826726,0.00051542239983712942,trajectory reached the configured collision radius
29,80,0.77479697955072258,-0.50116666666666665,fraction,250,0,collision,nan,0,32.673716315150855,0.062052680999999998,0.0010000000000000007,1.0000000000000014e-06,1.7904076116493324,-0.44194213127833892,0.00051538803968758013,trajectory reached the configured collision radius
29,81,0.77486876875902067,-0.50116666666666665,fraction,250,0,collision,nan,0,32.676508989985876,0.044819803999999998,0.0010000000000000002,1.0000000000000004e-06,1.7901425330538205,-0.44194213131819549,0.00051535386193219367,trajectory reached the configured collision radius
29,82,0.77494055796731875,-0.50116666666666665,fraction,250,0,collision,nan,0,32.679315288118239,0.035185543999999999,0.0010000000000000033,1.0000000000000065e-06,1.7898780968000778,-0.44194213135783567,0.00051531986724439845,trajectory reached the configured collision radius
29,83,0.77501234717561684,-0.50116666666666665,fraction,250,0,collision,nan,0,32.682135332752566,0.042584007,0.001,9.9999999999999995e-07,1.7896143061495531,-0.44194213139725896,0.0005152860562971656,trajectory reached the configured collision radius
29,84,0.77508413638391493,-0.50116666666666665,fraction,250,0,collision,nan,0,32.68496924876456,0.034772154999999999,0.0010000000000000113,1.0000000000000226e-06,1.789351164367917,-0.4419421314364651,0.00051525242976297922,trajectory reached the configured collision radius
29,85,0.77515592559221302,-0.50116666666666665,fraction,250,0,collision,nan,0,32.687817162731847,0.035681596000000003,0.001,9.9999999999999995e-07,1.789088674724427,-0.44194213147545253,0.00051521898831363049,trajectory reached the configured collision radius
29,86,0.775227714800511,-0.50116666666666665,fraction,250,0,collision,nan,0,32.690679202964404,0.034041758999999998,0.0010000000000000033,1.0000000000000065e-06,1.7888268404914474,-0.44194213151422096,0.00051518573262018601,trajectory reached the configured collision radius
29,87,0.77529950400880909,-0.50116666666666665,fraction,250,0,collision,nan,0,32.693555499537148,0.044571969000000003,0.0010000000000000002,1.0000000000000004e-06,1.7885656649440513,-0.44194213155276957,0.00051515266335280916,trajectory reached the configured collision radius
29,88,0.77537129321710718,-0.50116666666666665,fraction,250,0,collision,nan,0,32.696446184321708,0.055276243000000003,0.0010000000000000005,1.000000000000001e-06,1.7883051513594161,-0.44194213159109752,0.00051511978118067578,trajectory reached the configured collision radius
29,89,0.77544308242540527,-0.50116666666666665,fraction,250,0,collision,nan,0,32.699351391020201,0.034631082000000001,0.0010000000000000035,1.0000000000000069e-06,1.7880453030162982,-0.44194213162920454,0.00051508708677183484,trajectory reached the configured collision radius
29,90,0.77551487163370336,-0.50116666666666665,fraction,250,0,collision,nan,0,32.7022712551992,0.054508429999999997,0.001,9.9999999999999995e-07,1.787786123194478,-0.44194213166708923,0.00051505458079302807,trajectory reached the configured collision radius
29,91,0.77558666084200134,-0.50116666666666665,fraction,250,0,collision,nan,0,32.705205914324381,0.034030079999999997,0.0010000000000000083,1.0000000000000165e-06,1.7875276151741646,-0.44194213170475122,0.00051502226390965462,trajectory reached the configured collision radius
29,92,0.77565845005029943,-0.50116666666666665,fraction,250,0,collision,nan,0,32.708155507796505,0.034280779999999997,0.0010000000000000002,1.0000000000000004e-06,1.7872697822354333,-0.44194213174218994,0.00051499013678552388,trajectory reached the configured collision radius
29,93,0.77573023925859752,-0.50116666666666665,fraction,250,0,collision,nan,0,32.711120176987663,0.034508766000000003,0.0010000000000000011,1.0000000000000023e-06,1.7870126276574925,-0.441942131779404,0.00051495820008277851,trajectory reached the configured collision radius
29,94,0.77580202846689561,-0.50116666666666665,fraction,250,0,collision,nan,0,32.714100065278707,0.033660465000000001,0.001000000000000002,1.000000000000004e-06,1.7867561547181519,-0.44194213181639341,0.00051492645446173026,trajectory reached the configured collision radius
30,76,0.77450982271753033,-0.48499999999999999,fraction,250,0,collision,nan,0,32.673532118186365,0.052031426999999998,0.0010000000000000002,1.0000000000000004e-06,1.7897629256014187,-0.44194213165296853,0.00051506669702191144,trajectory reached the configured collision radius
30,77,0.77458161192582842,-0.48499999999999999,fraction,250,0,collision,nan,0,32.676273954950368,0.034024023,0.0010000000000000007,1.0000000000000014e-06,1.7894975677794831,-0.44194213169204966,0.00051503316322954753,trajectory reached the configured collision radius
30,78,0.77465340113412651,-0.48499999999999999,fraction,250,0,collision,nan,0,32.679029000485087,0.034022907999999998,0.0010000000000000018,1.0000000000000036e-06,1.7892328693025854,-0.44194213173091107,0.00051499981548915475,trajectory reached the configured collision radius
30,79,0.7747251903424246,-0.48499999999999999,fraction,250,0,collision,nan,0,32.681797372422629,0.034155040999999997,0.0010000000000000002,1.0000000000000004e-06,1.7889688334758944,-0.44194213176955294,0.00051496665448095061,trajectory reached the configured collision radius
30,80,0.77479697955072258,-0.48499999999999999,fraction,250,0,collision,nan,0,32.684579189968474,0.034387836999999997,0.0010000000000000057,1.0000000000000114e-06,1.788705463610097,-0.44194213180797365,0.00051493368088498313,trajectory reached the configured collision radius
30,81,0.77486876875902067,-0.48499999999999999,fraction,250,0,collision,nan,0,32.687374573929759,0.033936453999999998,0.001,9.9999999999999995e-07,1.7884427630210571,-0.4419421318461727,0.00051490089538097411,trajectory reached the configured collision radius
30,82,0.77494055796731875,-0.48499999999999999,fraction,250,0,collision,nan,0,32.690183646744103,0.034249332,0.0010000000000000085,1.0000000000000169e-06,1.7881807350293328,-0.44194213188414966,0.00051486829864826153,trajectory reached the configured collision radius
30,83,0.77501234717561684,-0.48499999999999999,fraction,250,0,collision,nan,0,32.693006532509507,0.034398769000000003,0.001,9.9999999999999995e-07,1.7879193829598052,-0.44194213192190318,0.0005148358913656427,trajectory reached the configured collision radius
30,84,0.77508413638391493,-0.48499999999999999,fraction,250,0,collision,nan,0,32.695843357013885,0.034628898999999998,0.0010000000000000022,1.0000000000000044e-06,1.7876587101411541,-0.44194213195943299,0.00051480367421134971,trajectory reached the configured collision radius
30,85,0.77515592559221302,-0.48499999999999999,fraction,250,0,collision,nan,0,32.698694247766646,0.036111588999999999,0.0010000000000000007,1.0000000000000014e-06,1.7873987199054593,-0.44194213199673843,0.00051477164786283111,trajectory reached the configured collision radius
30,86,0.775227714800511,-0.48499999999999999,fraction,250,0,collision,nan,0,32.701559334029753,0.034633710999999998,0.0010000000000000002,1.0000000000000004e-06,1.7871394155876335,-0.44194213203381849,0.0005147398129967184,trajectory reached the configured collision radius
30,87,0.77529950400880909,-0.48499999999999999,fraction,250,0,collision,nan,0,32.704438746850542,0.041514163,0.0010000000000000041,1.0000000000000082e-06,1.7868808005249657,-0.4419421320706719,0.00051470817028864647,trajectory reached the configured collision radius
30,88,0.77537129321710718,-0.48499999999999999,fraction,250,0,collision,nan,0,32.707332619094238,0.034591879999999998,0.001,9.9999999999999995e-07,1.7866228780565607,-0.44194213210729938,0.00051467672041318174,trajectory reached the configured collision radius
30,89,0.77544308242540527,-0.48499999999999999,fraction,250,0,collision,nan,0,32.710241085478408,0.048142645999999997,0.0010000000000000076,1.0000000000000152e-06,1.7863656515227444,-0.44194213214369837,0.00051464546404362686,trajectory reached the configured collision radius
30,90,0.77551487163370336,-0.48499999999999999,fraction,250,0,collision,nan,0,32.713164282607273,0.034847940000000001,0.001,9.9999999999999995e-07,1.7861091242646103,-0.44194213217986966,0.00051461440185194185,trajectory reached the configured collision radius
30,91,0.77558666084200134,-0.48499999999999999,fraction,250,0,collision,nan,0,32.716102349007102,0.035074771999999997,0.0010000000000000011,1.0000000000000023e-06,1.7858532996233032,-0.4419421322158118,0.00051458353450860945,trajectory reached the configured collision radius
30,92,0.77565845005029943,-0.48499999999999999,fraction,250,0,collision,nan,0,32.719055425162722,0.035065529999999998,0.0010000000000000018,1.0000000000000036e-06,1.7855981809393928,-0.44194213225152407,0.00051455286268242294,trajectory reached the configured collision radius
30,93,0.77573023925859752,-0.48499999999999999,fraction,250,0,collision,nan,0,32.722023653554658,0.034268591000000001,0.001,9.9999999999999995e-07,1.7853437715522975,-0.44194213228700557,0.0005145223870404148,trajectory reached the configured collision radius
30,94,0.77580202846689561,-0.48499999999999999,fraction,250,0,collision,nan,0,32.725007178696913,0.036475071999999997,0.0010000000000000115,1.000000000000023e-06,1.7850900747996012,-0.44194213232225588,0.00051449210824768183,trajectory reached the configured collision radius
31,76,0.77450982271753033,-0.46883333333333332,fraction,250,0,collision,nan,0,32.6844524765012,0.038633839000000003,0.0010000000000000044,1.0000000000000086e-06,1.7880191621616823,-0.4419421321878132,0.00051460758017118674,trajectory reached the configured collision radius
31,77,0.77458161192582842,-0.46883333333333332,fraction,250,0,collision,nan,0,32.687197117759666,0.039977477999999997,0.001,9.9999999999999995e-07,1.7877564688349106,-0.44194213222519396,0.00051457547683315626,trajectory reached the configured collision radius
31,78,0.77465340113412651,-0.46883333333333332,fraction,250,0,collision,nan,0,32.689955030626109,0.034718005000000003,0.0010000000000000106,1.0000000000000213e-06,1.7874944639590968,-0.44194213226234935,0.00051454356497312483,trajectory reached the configured collision radius
31,79,0.7747251903424246,-0.46883333333333332,fraction,250,0,collision,nan,0,32.692726333573603,0.033933721999999999,0.001,9.9999999999999995e-07,1.7872331508975858,-0.4419421322992782,0.00051451184527622103,trajectory reached the configured collision radius
31,80,0.77479697955072258,-0.46883333333333332,fraction,250,0,collision,nan,0,32.695511146665645,0.033880460000000001,0.0010000000000000046,1.0000000000000091e-06,1.7869725330190216,-0.44194213233598134,0.00051448031842737778,trajectory reached the configured collision radius
31,81,0.77486876875902067,-0.46883333333333332,fraction,250,0,collision,nan,0,32.698309591586124,0.037104328999999998,0.0010000000000000002,1.0000000000000004e-06,1.7867126136969238,-0.44194213237245644,0.00051444898511105537,trajectory reached the configured collision radius
31,82,0.77494055796731875,-0.46883333333333332,fraction,250,0,collision,nan,0,32.701121791667653,0.034541091000000003,0.0010000000000000011,1.0000000000000023e-06,1.7864533963092672,-0.44194213240870345,0.00051441784601128932,trajectory reached the configured collision radius
31,83,0.77501234717561684,-0.46883333333333332,fraction,250,0,collision,nan,0,32.703947871922317,0.043879861999999999,0.0010000000000000013,1.0000000000000027e-06,1.7861948842380793,-0.4419421324447208,0.00051438690181148446,trajectory reached the configured collision radius
31,84,0.77508413638391493,-0.46883333333333332,fraction,250,0,collision,nan,0,32.706787959071782,0.034649829,0.001,9.9999999999999995e-07,1.7859370808689163,-0.44194213248050895,0.00051435615319436181,trajectory reached the configured collision radius
31,85,0.77515592559221302,-0.46883333333333332,fraction,250,0,collision,nan,0,32.709642181579213,0.034410134000000002,0.0010000000000000063,1.0000000000000127e-06,1.7856799895903503,-0.44194213251606651,0.00051432560084180821,trajectory reached the configured collision radius
31,86,0.775227714800511,-0.46883333333333332,fraction,250,0,collision,nan,0,32.712510669681187,0.034798981999999999,0.001,9.9999999999999995e-07,1.7854236137935759,-0.44194213255139231,0.00051429524543476258,trajectory reached the configured collision radius
31,87,0.77529950400880909,-0.46883333333333332,fraction,250,0,collision,nan,0,32.715393555420334,0.034641643999999999,0.0010000000000000059,1.0000000000000118e-06,1.7851679568717909,-0.44194213258648685,0.00051426508765311314,trajectory reached the configured collision radius
31,88,0.77537129321710718,-0.46883333333333332,fraction,250,0,collision,nan,0,32.71829097267964,0.034271342000000003,0.001,9.9999999999999995e-07,1.784913022219661,-0.44194213262134774,0.00051423512817555127,trajectory reached the configured collision radius
31,89,0.77544308242540527,-0.46883333333333332,fraction,250,0,collision,nan,0,32.721203057216243,0.034474263999999998,0.0010000000000000009,1.0000000000000019e-06,1.7846588132327461,-0.44194213265597537,0.00051420536767943844,trajectory reached the configured collision radius
31,90,0.77551487163370336,-0.46883333333333332,fraction,250,0,collision,nan,0,32.724129946697012,0.03428353,0.0010000000000000022,1.0000000000000044e-06,1.7844053333069909,-0.44194213269036897,0.00051417580684069816,trajectory reached the configured collision radius
31,91,0.77558666084200134,-0.46883333333333332,fraction,250,0,collision,nan,0,32.72707178073464,0.034274863000000003,0.001,9.9999999999999995e-07,1.7841525858379979,-0.44194213272452726,0.00051414644633362397,trajectory reached the configured collision radius
31,92,0.77565845005029943,-0.46883333333333332,fraction,250,0,collision,nan,0,32.730028700924336,0.047847177999999997,0.0010000000000000111,1.0000000000000222e-06,1.7839005742204401,-0.4419421327584499,0.00051411728683080989,trajectory reached the configured collision radius
31,93,0.77573023925859752,-0.46883333333333332,fraction,250,0,collision,nan,0,32.733000850882313,0.047406717000000001,0.001,9.9999999999999995e-07,1.7836493018473976,-0.44194213279213596,0.00051408832900290283,trajectory reached the configured collision radius
31,94,0.77580202846689561,-0.46883333333333332,fraction,250,0,collision,nan,0,32.735988376283593,0.040228339000000002,0.0010000000000000015,1.0000000000000031e-06,1.7833987721096756,-0.44194213282558492,0.00051405957351854654,trajectory reached the configured collision radius
32,76,0.77450982271753033,-0.45266666666666666,fraction,250,0,collision,nan,0,32.695446437991286,0.034038402000000002,0.0010000000000000052,1.0000000000000105e-06,1.7862447796499354,-0.44194213272097965,0.00051414949573115815,trajectory reached the configured collision radius
32,77,0.77458161192582842,-0.45266666666666666,fraction,250,0,collision,nan,0,32.698194230087005,0.034228556,0.001,9.9999999999999995e-07,1.785985147186679,-0.4419421327565945,0.00051411888173743549,trajectory reached the configured collision radius
32,78,0.77465340113412651,-0.45266666666666666,fraction,250,0,collision,nan,0,32.700955357363121,0.035197460999999999,0.0010000000000000018,1.0000000000000036e-06,1.7857262313909439,-0.44194213279197841,0.0005140884643971671,trajectory reached the configured collision radius
32,79,0.7747251903424246,-0.45266666666666666,fraction,250,0,collision,nan,0,32.703729939153099,0.052907948000000003,0.0010000000000000007,1.0000000000000014e-06,1.7854680356783708,-0.44194213282713113,0.00051405824439927118,trajectory reached the configured collision radius
32,80,0.77479697955072258,-0.45266666666666666,fraction,250,0,collision,nan,0,32.706518096399748,0.043218237999999999,0.0010000000000000002,1.0000000000000004e-06,1.7852105634696094,-0.44194213286205086,0.0005140282224323137,trajectory reached the configured collision radius
32,81,0.77486876875902067,-0.45266666666666666,fraction,250,0,collision,nan,0,32.709319951684243,0.052004354000000003,0.0010000000000000033,1.0000000000000065e-06,1.784953818189982,-0.44194213289673751,0.00051399839918437793,trajectory reached the configured collision radius
32,82,0.77494055796731875,-0.45266666666666666,fraction,250,0,collision,nan,0,32.712135629256075,0.045509073999999997,0.001,9.9999999999999995e-07,1.7846978032689,-0.44194213293119067,0.00051396877534297023,trajectory reached the configured collision radius
32,83,0.77501234717561684,-0.45266666666666666,fraction,250,0,collision,nan,0,32.714965255063419,0.036163400999999998,0.0010000000000000109,1.0000000000000218e-06,1.7844425221395404,-0.44194213296540863,0.00051393935159494385,trajectory reached the configured collision radius
32,84,0.77508413638391493,-0.45266666666666666,fraction,250,0,collision,nan,0,32.717808956784623,0.041872707000000002,0.001,9.9999999999999995e-07,1.784187978238299,-0.44194213299939139,0.00051391012862632684,trajectory reached the configured collision radius
32,85,0.77515592559221302,-0.45266666666666666,fraction,250,0,collision,nan,0,32.720666863859876,0.034298963000000002,0.0010000000000000035,1.0000000000000069e-06,1.7839341750042763,-0.44194213303313812,0.00051388110712223697,trajectory reached the configured collision radius
32,86,0.775227714800511,-0.45266666666666666,fraction,250,0,collision,nan,0,32.723539107524068,0.035191680000000003,0.0010000000000000005,1.000000000000001e-06,1.7836811158788162,-0.44194213306664776,0.00051385228776678032,trajectory reached the configured collision radius
32,87,0.77529950400880909,-0.45266666666666666,fraction,250,0,collision,nan,0,32.726425820840319,0.034880477,0.0010000000000000005,1.000000000000001e-06,1.7834288043049165,-0.4419421330999197,0.00051382367124289119,trajectory reached the configured collision radius
32,88,0.77537129321710718,-0.45266666666666666,fraction,250,0,collision,nan,0,32.729327138733851,0.037041486999999998,0.0010000000000000033,1.0000000000000065e-06,1.7831772437266877,-0.44194213313295294,0.00051379525823222027,trajectory reached the configured collision radius
32,89,0.77544308242540527,-0.45266666666666666,fraction,250,0,collision,nan,0,32.732243198027668,0.034917742000000002,0.001,9.9999999999999995e-07,1.7829264375888014,-0.44194213316574732,0.00051376704941500013,trajectory reached the configured collision radius
32,90,0.77551487163370336,-0.45266666666666666,fraction,250,0,collision,nan,0,32.735174137477856,0.034719043999999998,0.0010000000000000087,1.0000000000000173e-06,1.7826763893358,-0.44194213319830122,0.00051373904546990598,trajectory reached the configured collision radius
32,91,0.77558666084200134,-0.45266666666666666,fraction,250,0,collision,nan,0,32.738120097810722,0.033751116999999997,0.001,9.9999999999999995e-07,1.7824271024115945,-0.44194213323061471,0.00051371124707391019,trajectory reached the configured collision radius
32,92,0.77565845005029943,-0.45266666666666666,fraction,250,0,collision,nan,0,32.741081221760147,0.064423267000000006,0.0010000000000000011,1.0000000000000023e-06,1.7821785802586911,-0.44194213326268722,0.00051368365490217667,trajectory reached the configured collision radius
32,93,0.77573023925859752,-0.45266666666666666,fraction,250,0,collision,nan,0,32.744057654106243,0.033934896999999999,0.001000000000000002,1.000000000000004e-06,1.7819308263175651,-0.44194213329451693,0.00051365626962784222,trajectory reached the configured collision radius
32,94,0.77580202846689561,-0.45266666666666666,fraction,250,0,collision,nan,0,32.747049541714901,0.041977796999999997,0.001,9.9999999999999995e-07,1.7816838440260037,-0.44194213332610416,0.00051362909192190079,trajectory reached the configured collision radius
33,76,0.77450982271753033,-0.4365,fraction,250,0,collision,nan,0,32.706519889226065,0.035831400999999999,0.0010000000000000002,1.0000000000000004e-06,1.7844415299202687,-0.44194213325214216,0.0005136927272089498,trajectory reached the configured collision radius
33,77,0.77458161192582842,-0.4365,fraction,250,0,collision,nan,0,32.709271176406645,0.070704110000000001,0.0010000000000000028,1.0000000000000057e-06,1.7841853447673479,-0.44194213328592785,0.00051366365945880194,trajectory reached the configured collision radius
33,78,0.77465340113412651,-0.4365,fraction,250,0,collision,nan,0,32.712035863138468,0.034574752,0.001,9.9999999999999995e-07,1.7839299036126974,-0.44194213331947746,0.0005136347932896344,trajectory reached the configured collision radius
33,79,0.7747251903424246,-0.4365,fraction,250,0,collision,nan,0,32.714814069636937,0.054240291000000003,0.0010000000000000087,1.0000000000000173e-06,1.7836752099185751,-0.44194213335279064,0.00051360612939301009,trajectory reached the configured collision radius
33,80,0.77479697955072258,-0.4365,fraction,250,0,collision,nan,0,32.71760591774575,0.049588408,0.001,9.9999999999999995e-07,1.7834212671519782,-0.44194213338586597,0.00051357766846000879,trajectory reached the configured collision radius
33,81,0.77486876875902067,-0.4365,fraction,250,0,collision,nan,0,32.720411530965855,0.035646287999999998,0.0010000000000000057,1.0000000000000114e-06,1.7831680787842166,-0.44194213341870253,0.00051354941118120321,trajectory reached the configured collision radius
33,82,0.77494055796731875,-0.4365,fraction,250,0,collision,nan,0,32.723231034486361,0.052474346999999998,0.001,9.9999999999999995e-07,1.7829156482904369,-0.44194213345129968,0.00051352135824646935,trajectory reached the configured collision radius
33,83,0.77501234717561684,-0.4365,fraction,250,0,collision,nan,0,32.726064555215437,0.034019094999999999,0.0010000000000000013,1.0000000000000027e-06,1.7826639791491883,-0.44194213348365746,0.00051349351034493023,trajectory reached the configured collision radius
33,84,0.77508413638391493,-0.4365,fraction,250,0,collision,nan,0,32.728912221811804,0.034716018000000001,0.0010000000000000011,1.0000000000000023e-06,1.7824130748418503,-0.44194213351577433,0.00051346586816482557,trajectory reached the configured collision radius
33,85,0.77515592559221302,-0.4365,fraction,250,0,collision,nan,0,32.731774164717642,0.034232958000000001,0.001,9.9999999999999995e-07,1.7821629388522213,-0.44194213354764894,0.00051343843239338863,trajectory reached the configured collision radius
33,86,0.775227714800511,-0.4365,fraction,250,0,collision,nan,0,32.734650516191657,0.051225523000000002,0.0010000000000000065,1.0000000000000131e-06,1.7819135746659518,-0.44194213357928203,0.0005134112037167303,trajectory reached the configured collision radius
33,87,0.77529950400880909,-0.4365,fraction,250,0,collision,nan,0,32.737541410343219,0.042833062999999998,0.001,9.9999999999999995e-07,1.7816649857699538,-0.44194213361067158,0.00051338418281970109,trajectory reached the configured collision radius
33,88,0.77537129321710718,-0.4365,fraction,250,0,collision,nan,0,32.740446983166997,0.034536780000000003,0.0010000000000000052,1.0000000000000105e-06,1.7814171756518522,-0.44194213364181778,0.0005133573703857996,trajectory reached the configured collision radius
33,89,0.77544308242540527,-0.4365,fraction,250,0,collision,nan,0,32.743367372579009,0.046882629000000002,0.0010000000000000002,1.0000000000000004e-06,1.7811701477994402,-0.44194213367271934,0.00051333076709698716,trajectory reached the configured collision radius
33,90,0.77551487163370336,-0.4365,fraction,250,0,collision,nan,0,32.746302718452817,0.033376836,0.0010000000000000007,1.0000000000000014e-06,1.7809239057000008,-0.44194213370337521,0.00051330437363359305,trajectory reached the configured collision radius
33,91,0.77558666084200134,-0.4365,fraction,250,0,collision,nan,0,32.749253162657183,0.033602039,0.0010000000000000028,1.0000000000000057e-06,1.7806784528396737,-0.44194213373378527,0.00051327819067413408,trajectory reached the configured collision radius
33,92,0.77565845005029943,-0.4365,fraction,250,0,collision,nan,0,32.752218849094298,0.036928783999999999,0.001,9.9999999999999995e-07,1.780433792702828,-0.44194213376394875,0.00051325221889520552,trajectory reached the configured collision radius
33,93,0.77573023925859752,-0.4365,fraction,250,0,collision,nan,0,32.755199923738907,0.034090001000000002,0.0010000000000000085,1.0000000000000169e-06,1.7801899287712912,-0.44194213379386416,0.00051322645897132545,trajectory reached the configured collision radius
33,94,0.77580202846689561,-0.4365,fraction,250,0,collision,nan,0,32.758196534678873,0.034212871999999998,0.0010000000000000002,1.0000000000000004e-06,1.7799468645237557,-0.44194213382353154,0.00051320091157472359,trajectory reached the configured collision radius
34,76,0.77450982271753033,-0.42033333333333334,fraction,250,0,collision,nan,0,32.717678705449075,0.033689128999999998,0.001,9.9999999999999995e-07,1.7826111386870795,-0.44194213378096825,0.00051323756374505047,trajectory reached the configured collision radius
34,77,0.77458161192582842,-0.42033333333333334,fraction,250,0,collision,nan,0,32.720433830426174,0.034184127000000002,0.0010000000000000054,1.000000000000011e-06,1.782358777884643,-0.44194213381286485,0.00051321009721290542,trajectory reached the configured collision radius
34,78,0.77465340113412651,-0.42033333333333334,fraction,250,0,collision,nan,0,32.723202420190226,0.033999003,0.001,9.9999999999999995e-07,1.7821071875280292,-0.44194213384452019,0.0005131828369436389,trajectory reached the configured collision radius
34,79,0.7747251903424246,-0.42033333333333334,fraction,250,0,collision,nan,0,32.725984595861156,0.033680939,0.0010000000000000015,1.0000000000000031e-06,1.7818563711206299,-0.44194213387593345,0.00051315578363036411,trajectory reached the configured collision radius
34,80,0.77479697955072258,-0.42033333333333334,fraction,250,0,collision,nan,0,32.728780480206481,0.034129868000000001,0.0010000000000000009,1.0000000000000019e-06,1.7816063321702567,-0.44194213390710446,0.00051312893796563773,trajectory reached the configured collision radius
34,81,0.77486876875902067,-0.42033333333333334,fraction,250,0,collision,nan,0,32.731590197670975,0.033878322000000002,0.0010000000000000002,1.0000000000000004e-06,1.7813570741886973,-0.44194213393803178,0.00051310230064140335,trajectory reached the configured collision radius
34,82,0.77494055796731875,-0.42033333333333334,fraction,250,0,collision,nan,0,32.734413874407593,0.033515349999999999,0.0010000000000000041,1.0000000000000082e-06,1.7811086006912216,-0.4419421339687144,0.00051307587234884267,trajectory reached the configured collision radius
34,83,0.77501234717561684,-0.42033333333333334,fraction,250,0,collision,nan,0,32.737251638309218,0.057850952999999997,0.001,9.9999999999999995e-07,1.7808609151961465,-0.4419421339991525,0.00051304965377826103,trajectory reached the configured collision radius
34,84,0.77508413638391493,-0.42033333333333334,fraction,250,0,collision,nan,0,32.740103619040831,0.034318090000000002,0.00100000000000001,1.0000000000000201e-06,1.7806140212242898,-0.4419421340293444,0.00051302364561903874,trajectory reached the configured collision radius
34,85,0.77515592559221302,-0.42033333333333334,fraction,250,0,collision,nan,0,32.742969948072918,0.043564348000000003,0.001,9.9999999999999995e-07,1.7803679222984359,-0.44194213405929011,0.00051299784855941507,trajectory reached the configured collision radius
34,86,0.775227714800511,-0.42033333333333334,fraction,250,0,collision,nan,0,32.745850758714667,0.034384511,0.0010000000000000022,1.0000000000000044e-06,1.7801226219428925,-0.44194213408898797,0.00051297226328645893,trajectory reached the configured collision radius
34,87,0.77529950400880909,-0.42033333333333334,fraction,250,0,collision,nan,0,32.748746186149397,0.033967091999999997,0.0010000000000000007,1.0000000000000014e-06,1.7798781236827965,-0.44194213411843813,0.00051294689048587874,trajectory reached the configured collision radius
34,88,0.77537129321710718,-0.42033333333333334,fraction,250,0,collision,nan,0,32.7516563674696,0.034530994000000002,0.0010000000000000002,1.0000000000000004e-06,1.7796344310435932,-0.44194213414763944,0.00051292173084190051,trajectory reached the configured collision radius
34,89,0.77544308242540527,-0.42033333333333334,fraction,250,0,collision,nan,0,32.754581441713306,0.033595158,0.0010000000000000057,1.0000000000000114e-06,1.7793915475504769,-0.4419421341765909,0.00051289678503718152,trajectory reached the configured collision radius
34,90,0.77551487163370336,-0.42033333333333334,fraction,250,0,collision,nan,0,32.757521549901575,0.033846512000000002,0.001,9.9999999999999995e-07,1.7791494767276714,-0.44194213420529216,0.00051287205375260137,trajectory reached the configured collision radius
34,91,0.77558666084200134,-0.42033333333333334,fraction,250,0,collision,nan,0,32.760476835076183,0.033654844000000003,0.001000000000000005,1.0000000000000101e-06,1.7789082220978569,-0.44194213423374223,0.00051284753766717996,trajectory reached the configured collision radius
34,92,0.77565845005029943,-0.42033333333333334,fraction,250,0,collision,nan,0,32.763447442339036,0.033477031999999997,0.0010000000000000002,1.0000000000000004e-06,1.7786677871813674,-0.44194213426194062,0.00051282323745788336,trajectory reached the configured collision radius
34,93,0.77573023925859752,-0.42033333333333334,fraction,250,0,collision,nan,0,32.76643351889188,0.033604534999999998,0.0010000000000000005,1.000000000000001e-06,1.7784281754956677,-0.44194213428988638,0.00051279915379950978,trajectory reached the configured collision radius
34,94,0.77580202846689561,-0.42033333333333334,fraction,250,0,collision,nan,0,32.769435214077433,0.034178194000000002,0.0010000000000000041,1.0000000000000082e-06,1.7781893905544843,-0.44194213431757839,0.0005127752873645185,trajectory reached the configured collision radius
35,76,0.77450982271753033,-0.40416666666666667,fraction,250,0,collision,nan,0,32.728928772523012,0.034026393000000002,0.0010000000000000013,1.0000000000000027e-06,1.7807553124752902,-0.44194213430712054,0.00051278430061014947,trajectory reached the configured collision radius
35,77,0.77458161192582842,-0.40416666666666667,fraction,250,0,collision,nan,0,32.731688077011874,0.032939363999999999,0.001,9.9999999999999995e-07,1.7805071441109421,-0.4419421343370698,0.00051275848840136491,trajectory reached the configured collision radius
35,78,0.77465340113412651,-0.40416666666666667,fraction,250,0,collision,nan,0,32.734460912457536,0.032859634999999998,0.0010000000000000044,1.0000000000000086e-06,1.7802597717585473,-0.44194213436677282,0.00051273288689378076,trajectory reached the configured collision radius
35,79,0.7747251903424246,-0.40416666666666667,fraction,250,0,collision,nan,0,32.737247400908679,0.050366517999999999,0.001,9.9999999999999995e-07,1.7800131989573227,-0.4419421343962292,0.00051270749678100863,trajectory reached the configured collision radius
35,80,0.77479697955072258,-0.40416666666666667,fraction,250,0,collision,nan,0,32.740047666080997,0.032979895000000002,0.0010000000000000106,1.0000000000000213e-06,1.7797674292505294,-0.44194213442543812,0.00051268231875605788,trajectory reached the configured collision radius
35,81,0.77486876875902067,-0.40416666666666667,fraction,250,0,collision,nan,0,32.742861833388154,0.041689289999999997,0.001,9.9999999999999995e-07,1.7795224661851121,-0.44194213445439867,0.0005126573535111918,trajectory reached the configured collision radius
35,82,0.77494055796731875,-0.40416666666666667,fraction,250,0,collision,nan,0,32.74569002997282,0.032143442000000001,0.0010000000000000033,1.0000000000000065e-06,1.7792783133110477,-0.44194213448311037,0.00051263260173786034,trajectory reached the configured collision radius
35,83,0.77501234717561684,-0.40416666666666667,fraction,250,0,collision,nan,0,32.748532384739157,0.032534542999999999,0.0010000000000000002,1.0000000000000004e-06,1.7790349741809866,-0.44194213451157238,0.00051260806412656019,trajectory reached the configured collision radius
35,84,0.77508413638391493,-0.40416666666666667,fraction,250,0,collision,nan,0,32.751389028385397,0.031603178000000003,0.0010000000000000005,1.000000000000001e-06,1.7787924523497551,-0.44194213453978298,0.00051258374136674723,trajectory reached the configured collision radius
35,85,0.77515592559221302,-0.40416666666666667,fraction,250,0,collision,nan,0,32.754260093437829,0.037249207999999999,0.0010000000000000031,1.0000000000000061e-06,1.7785507513737455,-0.44194213456774328,0.000512559634146673,trajectory reached the configured collision radius
35,86,0.775227714800511,-0.40416666666666667,fraction,250,0,collision,nan,0,32.75714571428523,0.032005367999999999,0.001,9.9999999999999995e-07,1.7783098748103554,-0.44194213459545134,0.00051253574315329915,trajectory reached the configured collision radius
35,87,0.77529950400880909,-0.40416666666666667,fraction,250,0,collision,nan,0,32.760046027213768,0.036936150000000001,0.0010000000000000109,1.0000000000000218e-06,1.7780698262175245,-0.44194213462290655,0.00051251206907218386,trajectory reached the configured collision radius
35,88,0.77537129321710718,-0.40416666666666667,fraction,250,0,collision,nan,0,32.762961170443909,0.047194602000000002,0.001,9.9999999999999995e-07,1.7778306091530069,-0.4419421346501079,0.00051248861258727384,trajectory reached the configured collision radius
35,89,0.77544308242540527,-0.40416666666666667,fraction,250,0,collision,nan,0,32.765891284166486,0.063794301999999997,0.001000000000000002,1.000000000000004e-06,1.7775922271738533,-0.44194213467705507,0.00051246537438087627,trajectory reached the configured collision radius
35,90,0.77551487163370336,-0.40416666666666667,fraction,250,0,collision,nan,0,32.768836510581565,0.032178024999999999,0.0010000000000000009,1.0000000000000019e-06,1.7773546838356968,-0.44194213470374688,0.00051244235513343199,trajectory reached the configured collision radius
35,91,0.77558666084200134,-0.40416666666666667,fraction,250,0,collision,nan,0,32.771796993936476,0.031552776999999997,0.001,9.9999999999999995e-07,1.7771179826921464,-0.44194213473018273,0.00051241955552342366,trajectory reached the configured collision radius
35,92,0.77565845005029943,-0.40416666666666667,fraction,250,0,collision,nan,0,32.774772880566026,0.031383371,0.001000000000000008,1.000000000000016e-06,1.7768821272940358,-0.44194213475636218,0.00051239697622721422,trajectory reached the configured collision radius
35,93,0.77573023925859752,-0.40416666666666667,fraction,250,0,collision,nan,0,32.777764318933272,0.031189425999999999,0.001,9.9999999999999995e-07,1.7766471211887835,-0.44194213478228445,0.00051237461791886539,trajectory reached the configured collision radius
35,94,0.77580202846689561,-0.40416666666666667,fraction,250,0,collision,nan,0,32.780771459671001,0.031752242,0.0010000000000000028,1.0000000000000057e-06,1.7764129679195555,-0.44194213480794825,0.0005123524812700351,trajectory reached the configured collision radius
36,76,0.77450982271753033,-0.38800000000000001,fraction,250,0,collision,nan,0,32.740276007551337,0.031525867999999999,0.0010000000000000074,1.0000000000000148e-06,1.7788757450409762,-0.4419421348302553,0.00051233323970471822,trajectory reached the configured collision radius
36,77,0.77458161192582842,-0.38800000000000001,fraction,250,0,collision,nan,0,32.743039832796349,0.032463326000000001,0.001,9.9999999999999995e-07,1.7786321286496103,-0.44194213485820116,0.00051230913310222799,trajectory reached the configured collision radius
36,78,0.77465340113412651,-0.38800000000000001,fraction,250,0,collision,nan,0,32.745817256175108,0.032286365999999997,0.0010000000000000024,1.0000000000000048e-06,1.7783893329559493,-0.44194213488589595,0.00051228524139745695,trajectory reached the configured collision radius
36,79,0.7747251903424246,-0.38800000000000001,fraction,250,0,collision,nan,0,32.748608400690195,0.032005147999999997,0.0010000000000000005,1.000000000000001e-06,1.778147361529844,-0.44194213491334011,0.00051226156528354379,trajectory reached the configured collision radius
36,80,0.77479697955072258,-0.38800000000000001,fraction,250,0,collision,nan,0,32.751413391031811,0.050765128,0.0010000000000000005,1.000000000000001e-06,1.7779062179448852,-0.44194213494053186,0.00051223810545292605,trajectory reached the configured collision radius
36,81,0.77486876875902067,-0.38800000000000001,fraction,250,0,collision,nan,0,32.754232353608906,0.032703057000000001,0.0010000000000000026,1.0000000000000052e-06,1.7776659057778688,-0.44194213496747131,0.00051221486259723798,trajectory reached the configured collision radius
36,82,0.77494055796731875,-0.38800000000000001,fraction,250,0,collision,nan,0,32.757065416581248,0.032354243999999997,0.001,9.9999999999999995e-07,1.777426428608325,-0.44194213499415708,0.00051219183740719692,trajectory reached the configured collision radius
36,83,0.77501234717561684,-0.38800000000000001,fraction,250,0,collision,nan,0,32.759912709892092,0.031613558,0.0010000000000000102,1.0000000000000205e-06,1.777187790018085,-0.44194213502058866,0.00051216903057251352,trajectory reached the configured collision radius
36,84,0.77508413638391493,-0.38800000000000001,fraction,250,0,collision,nan,0,32.762774365302057,0.032487106000000002,0.001,9.9999999999999995e-07,1.7769499935906798,-0.44194213504676516,0.00051214644278171255,trajectory reached the configured collision radius
36,85,0.77515592559221302,-0.38800000000000001,fraction,250,0,collision,nan,0,32.765650516422482,0.031830088999999999,0.0010000000000000035,1.0000000000000069e-06,1.7767130429107767,-0.44194213507268582,0.00051212407472210782,trajectory reached the configured collision radius
36,86,0.775227714800511,-0.38800000000000001,fraction,250,0,collision,nan,0,32.768541298751671,0.037144151,0.0010000000000000002,1.0000000000000004e-06,1.7764769415637143,-0.4419421350983499,0.00051210192707958665,trajectory reached the configured collision radius
36,87,0.77529950400880909,-0.38800000000000001,fraction,250,0,collision,nan,0,32.771446849710117,0.033666677999999998,0.0010000000000000005,1.000000000000001e-06,1.7762416931348555,-0.44194213512375691,0.00051208000053855015,trajectory reached the configured collision radius
36,88,0.77537129321710718,-0.38800000000000001,fraction,250,0,collision,nan,0,32.774367308677512,0.032586516000000003,0.0010000000000000037,1.0000000000000074e-06,1.7760073012089721,-0.44194213514890562,0.0005120582957817433,trajectory reached the configured collision radius
36,89,0.77544308242540527,-0.38800000000000001,fraction,250,0,collision,nan,0,32.777302817030566,0.031964874999999997,0.001,9.9999999999999995e-07,1.7757737693696394,-0.44194213517379588,0.00051203681349011858,trajectory reached the configured collision radius
36,90,0.77551487163370336,-0.38800000000000001,fraction,250,0,collision,nan,0,32.780253518181496,0.031758362999999998,0.0010000000000000076,1.0000000000000152e-06,1.7755411011985798,-0.4419421351984264,0.00051201555434275008,trajectory reached the configured collision radius
36,91,0.77558666084200134,-0.38800000000000001,fraction,250,0,collision,nan,0,32.783219557617691,0.031697283,0.001,9.9999999999999995e-07,1.775309300275014,-0.44194213522279652,0.00051199451901659879,trajectory reached the configured collision radius
36,92,0.77565845005029943,-0.38800000000000001,fraction,250,0,collision,nan,0,32.786201082942156,0.032218786999999999,0.0010000000000000009,1.0000000000000019e-06,1.7750783701748638,-0.44194213524690557,0.00051197370818647288,trajectory reached the configured collision radius
36,93,0.77573023925859752,-0.38800000000000001,fraction,250,0,collision,nan,0,32.789198243915095,0.031553928000000002,0.0010000000000000026,1.0000000000000052e-06,1.7748483144701328,-0.44194213527075288,0.00051195312252477884,trajectory reached the configured collision radius
36,94,0.77580202846689561,-0.38800000000000001,fraction,250,0,collision,nan,0,32.792211192496723,0.032397655999999997,0.001,9.9999999999999995e-07,1.7746191367280755,-0.44194213529433746,0.00051193276270142295,trajectory reached the configured collision radius
37,76,0.77450982271753033,-0.37183333333333335,fraction,250,0,collision,nan,0,32.751726378471375,0.034514979000000001,0.001,9.9999999999999995e-07,1.7769741233556544,-0.4419421353500208,0.0005118846900636154,trajectory reached the configured collision radius
37,77,0.77458161192582842,-0.37183333333333335,fraction,250,0,collision,nan,0,32.754495065761908,0.032224660000000002,0.0010000000000000048,1.0000000000000095e-06,1.7767354102705379,-0.44194213537590915,0.0005118623385662514,trajectory reached the configured collision radius
37,78,0.77465340113412651,-0.37183333333333335,fraction,250,0,collision,nan,0,32.757277419446858,0.031588328999999998,0.001,9.9999999999999995e-07,1.7764975416887496,-0.44194213540154281,0.0005118402059228782,trajectory reached the configured collision radius
37,79,0.7747251903424246,-0.37183333333333335,fraction,250,0,collision,nan,0,32.760073563509323,0.043431259,0.0010000000000000104,1.0000000000000209e-06,1.776260521205842,-0.4419421354269214,0.00051181829282523936,trajectory reached the configured collision radius
37,80,0.77479697955072258,-0.37183333333333335,fraction,250,0,collision,nan,0,32.762883623641613,0.031516941999999999,0.001,9.9999999999999995e-07,1.77602435242067,-0.44194213545204375,0.00051179659996425245,trajectory reached the configured collision radius
37,81,0.77486876875902067,-0.37183333333333335,fraction,250,0,collision,nan,0,32.765707727276151,0.032394429000000002,0.0010000000000000031,1.0000000000000061e-06,1.7757890389349282,-0.44194213547690864,0.00051177512802998355,trajectory reached the configured collision radius
37,82,0.77494055796731875,-0.37183333333333335,fraction,250,0,collision,nan,0,32.768546003618731,0.031691540999999997,0.0010000000000000005,1.000000000000001e-06,1.7755545843526905,-0.44194213550151645,0.00051175387771150004,trajectory reached the configured collision radius
37,83,0.77501234717561684,-0.37183333333333335,fraction,250,0,collision,nan,0,32.771398583681474,0.044913754,0.0010000000000000005,1.000000000000001e-06,1.7753209922798052,-0.44194213552586548,0.00051173284969675598,trajectory reached the configured collision radius
37,84,0.77508413638391493,-0.37183333333333335,fraction,250,0,collision,nan,0,32.774265600317342,0.031456812000000001,0.0010000000000000028,1.0000000000000057e-06,1.7750882663234959,-0.44194213554995548,0.00051171204467246841,trajectory reached the configured collision radius
37,85,0.77515592559221302,-0.37183333333333335,fraction,250,0,collision,nan,0,32.777147188254382,0.031829689000000001,0.001,9.9999999999999995e-07,1.7748564100916748,-0.44194213557378564,0.00051169146332403028,trajectory reached the configured collision radius
37,86,0.775227714800511,-0.37183333333333335,fraction,250,0,collision,nan,0,32.780043484132165,0.036392239,0.0010000000000000109,1.0000000000000218e-06,1.7746254271925013,-0.44194213559735501,0.00051167110633536803,trajectory reached the configured collision radius
37,87,0.77529950400880909,-0.37183333333333335,fraction,250,0,collision,nan,0,32.782954626538398,0.043243168999999998,0.001,9.9999999999999995e-07,1.7743953212336614,-0.44194213562066309,0.00051165097438878287,trajectory reached the configured collision radius
37,88,0.77537129321710718,-0.37183333333333335,fraction,250,0,collision,nan,0,32.7858807560457,0.037068175000000002,0.001000000000000002,1.000000000000004e-06,1.7741660958218024,-0.44194213564370871,0.00051163106816489432,trajectory reached the configured collision radius
37,89,0.77544308242540527,-0.37183333333333335,fraction,250,0,collision,nan,0,32.788822015250943,0.040146104000000002,0.0010000000000000011,1.0000000000000023e-06,1.7739377545619557,-0.44194213566649126,0.0005116113883424317,trajectory reached the configured collision radius
37,90,0.77551487163370336,-0.37183333333333335,fraction,250,0,collision,nan,0,32.791778548814037,0.032088447999999999,0.0010000000000000002,1.0000000000000004e-06,1.7737103010567792,-0.44194213568901025,0.00051159193559815498,trajectory reached the configured collision radius
37,91,0.77558666084200134,-0.37183333333333335,fraction,250,0,collision,nan,0,32.794750503498676,0.032047744000000003,0.0010000000000000076,1.0000000000000152e-06,1.773483738905907,-0.44194213571126473,0.00051157271060664716,trajectory reached the configured collision radius
37,92,0.77565845005029943,-0.37183333333333335,fraction,250,0,collision,nan,0,32.797738028213494,0.031909624999999997,0.001,9.9999999999999995e-07,1.7732580717052491,-0.44194213573325364,0.00051155371404021106,trajectory reached the configured collision radius
37,93,0.77573023925859752,-0.37183333333333335,fraction,250,0,collision,nan,0,32.800741274054069,0.032799206999999997,0.0010000000000000031,1.0000000000000061e-06,1.7730333030462229,-0.44194213575497682,0.00051153494656874582,trajectory reached the configured collision radius
37,94,0.77580202846689561,-0.37183333333333335,fraction,250,0,collision,nan,0,32.803760394347222,0.033308918999999999,0.0010000000000000007,1.0000000000000014e-06,1.7728094365150551,-0.44194213577643326,0.00051151640885949417,trajectory reached the configured collision radius
38,76,0.77450982271753033,-0.35566666666666669,fraction,250,0,collision,nan,0,32.76328592286972,0.035630146000000001,0.001,9.9999999999999995e-07,1.7750521332340268,-0.44194213586605846,0.00051143896836833541,trajectory reached the configured collision radius
38,77,0.77458161192582842,-0.35566666666666669,fraction,250,0,collision,nan,0,32.766059814051594,0.032280766000000002,0.0010000000000000013,1.0000000000000027e-06,1.7748186668934856,-0.44194213588983777,0.00051141841972144806,trajectory reached the configured collision radius
38,78,0.77465340113412651,-0.35566666666666669,fraction,250,0,collision,nan,0,32.768847441052543,0.031420376,0.0010000000000000011,1.0000000000000023e-06,1.7745860679815211,-0.44194213591335879,0.00051139809364598228,trajectory reached the configured collision radius
38,79,0.7747251903424246,-0.35566666666666669,fraction,250,0,collision,nan,0,32.771648928864856,0.032064748999999997,0.0010000000000000002,1.0000000000000004e-06,1.7743543401145356,-0.44194213593662085,0.00051137799083136762,trajectory reached the configured collision radius
38,80,0.77479697955072258,-0.35566666666666669,fraction,250,0,collision,nan,0,32.774464404211642,0.044309307999999999,0.0010000000000000044,1.0000000000000086e-06,1.7741234869118259,-0.4419421359596224,0.00051135811196615223,trajectory reached the configured collision radius
38,81,0.77486876875902067,-0.35566666666666669,fraction,250,0,collision,nan,0,32.777293995579129,0.039656874000000002,0.001,9.9999999999999995e-07,1.7738935119951447,-0.44194213598236326,0.00051133845773790386,trajectory reached the configured collision radius
38,82,0.77494055796731875,-0.35566666666666669,fraction,250,0,collision,nan,0,32.780137833249526,0.045841152000000003,0.0010000000000000093,1.0000000000000186e-06,1.7736644189881936,-0.44194213600484239,0.00051131902883314766,trajectory reached the configured collision radius
38,83,0.77501234717561684,-0.35566666666666669,fraction,250,0,collision,nan,0,32.782996049335367,0.056395328000000002,0.001,9.9999999999999995e-07,1.773436211516066,-0.44194213602705934,0.00051129982593720437,trajectory reached the configured collision radius
38,84,0.77508413638391493,-0.35566666666666669,fraction,250,0,collision,nan,0,32.785868777813924,0.058683763,0.0010000000000000022,1.0000000000000044e-06,1.7732088932047283,-0.44194213604901333,0.0005112808497341071,trajectory reached the configured collision radius
38,85,0.77515592559221302,-0.35566666666666669,fraction,250,0,collision,nan,0,32.788756154563004,0.033087516999999997,0.0010000000000000009,1.0000000000000019e-06,1.7729824676804784,-0.44194213607070354,0.00051126210090646251,trajectory reached the configured collision radius
38,86,0.775227714800511,-0.35566666666666669,fraction,250,0,collision,nan,0,32.791658317397605,0.032638780999999999,0.0010000000000000002,1.0000000000000004e-06,1.7727569385693316,-0.44194213609212901,0.00051124358013532605,trajectory reached the configured collision radius
38,87,0.77529950400880909,-0.35566666666666669,fraction,250,0,collision,nan,0,32.794575406106617,0.035780885999999998,0.0010000000000000054,1.000000000000011e-06,1.77253230949643,-0.44194213611328881,0.00051122528810008852,trajectory reached the configured collision radius
38,88,0.77537129321710718,-0.35566666666666669,fraction,250,0,collision,nan,0,32.797507562491823,0.032381987000000001,0.001,9.9999999999999995e-07,1.7723085840853983,-0.44194213613418298,0.00051120722547834516,trajectory reached the configured collision radius
38,89,0.77544308242540527,-0.35566666666666669,fraction,250,0,collision,nan,0,32.800454930406545,0.031889374999999998,0.0010000000000000052,1.0000000000000105e-06,1.7720857659577536,-0.44194213615481004,0.00051118939294574929,trajectory reached the configured collision radius
38,90,0.77551487163370336,-0.35566666666666669,fraction,250,0,collision,nan,0,32.803417655796039,0.043689541999999998,0.0010000000000000002,1.0000000000000004e-06,1.7718638587321502,-0.44194213617516925,0.00051117179117586965,trajectory reached the configured collision radius
38,91,0.77558666084200134,-0.35566666666666669,fraction,250,0,collision,nan,0,32.806395886738599,0.033344489999999997,0.0010000000000000005,1.000000000000001e-06,1.7716428660237722,-0.44194213619526063,0.00051115442084009443,trajectory reached the configured collision radius
38,92,0.77565845005029943,-0.35566666666666669,fraction,250,0,collision,nan,0,32.809389773487602,0.043129977,0.0010000000000000039,1.0000000000000078e-06,1.7714227914434906,-0.44194213621508227,0.00051113728260742384,trajectory reached the configured collision radius
38,93,0.77573023925859752,-0.35566666666666669,fraction,250,0,collision,nan,0,32.812399468515054,0.031682953999999999,0.001,9.9999999999999995e-07,1.7712036385972592,-0.44194213623463457,0.00051112037714432824,trajectory reached the configured collision radius
38,94,0.77580202846689561,-0.35566666666666669,fraction,250,0,collision,nan,0,32.815425126555503,0.031534112000000003,0.0010000000000000054,1.000000000000011e-06,1.7709854110852026,-0.44194213625391549,0.00051110370511464978,trajectory reached the configured collision radius
39,76,0.77450982271753033,-0.33950000000000002,fraction,250,0,collision,nan,0,32.774960766244007,0.032700708000000002,0.0010000000000000109,1.0000000000000218e-06,1.7731114646732664,-0.441942136378001,0.00051099639946905538,trajectory reached the configured collision radius
39,77,0.77458161192582842,-0.33950000000000002,fraction,250,0,collision,nan,0,32.777740204229652,0.031169246000000001,0.001,9.9999999999999995e-07,1.7728835808872445,-0.4419421363996221,0.00051097769968810034,trajectory reached the configured collision radius
39,78,0.77465340113412651,-0.33950000000000002,fraction,250,0,collision,nan,0,32.780533448707899,0.031776405000000001,0.0010000000000000046,1.0000000000000091e-06,1.772656586573808,-0.44194213642098146,0.00051095922595839215,trajectory reached the configured collision radius
39,79,0.7747251903424246,-0.33950000000000002,fraction,250,0,collision,nan,0,32.783340625710508,0.032485351000000003,0.0010000000000000002,1.0000000000000004e-06,1.772430485365543,-0.44194213644207736,0.0005109409789661733,trajectory reached the configured collision radius
39,80,0.77479697955072258,-0.33950000000000002,fraction,250,0,collision,nan,0,32.786161863022365,0.052961052000000002,0.0010000000000000009,1.0000000000000019e-06,1.7722052808975408,-0.44194213646291003,0.00051092295939673884,trajectory reached the configured collision radius
39,81,0.77486876875902067,-0.33950000000000002,fraction,250,0,collision,nan,0,32.788997290214787,0.058303279999999999,0.0010000000000000015,1.0000000000000031e-06,1.7719809768069241,-0.44194213648347813,0.00051090516793437027,trajectory reached the configured collision radius
39,82,0.77494055796731875,-0.33950000000000002,fraction,250,0,collision,nan,0,32.791847038678981,0.032154080000000002,0.001,9.9999999999999995e-07,1.7717575767323317,-0.44194213650378122,0.00051088760526218674,trajectory reached the configured collision radius
39,83,0.77501234717561684,-0.33950000000000002,fraction,250,0,collision,nan,0,32.794711241660835,0.031492341,0.0010000000000000072,1.0000000000000144e-06,1.7715350843133815,-0.44194213652381797,0.00051087027206206316,trajectory reached the configured collision radius
39,84,0.77508413638391493,-0.33950000000000002,fraction,250,0,collision,nan,0,32.797590034296505,0.041994523999999998,0.001,9.9999999999999995e-07,1.7713135031901384,-0.44194213654358827,0.00051085316901447702,trajectory reached the configured collision radius
39,85,0.77515592559221302,-0.33950000000000002,fraction,250,0,collision,nan,0,32.800483553648199,0.032619473000000003,0.001000000000000005,1.0000000000000101e-06,1.7710928370025036,-0.44194213656309106,0.00051083629679844029,trajectory reached the configured collision radius
39,86,0.775227714800511,-0.33950000000000002,fraction,250,0,collision,nan,0,32.803391938741882,0.032906755000000003,0.0010000000000000002,1.0000000000000004e-06,1.7708730893896887,-0.44194213658232556,0.00051081965609132225,trajectory reached the configured collision radius
39,87,0.77529950400880909,-0.33950000000000002,fraction,250,0,collision,nan,0,32.806315330605024,0.032291368000000001,0.0010000000000000005,1.000000000000001e-06,1.7706542639895559,-0.441942136601291,0.00051080324756877385,trajectory reached the configured collision radius
39,88,0.77537129321710718,-0.33950000000000002,fraction,250,0,collision,nan,0,32.809253872305639,0.031462871000000003,0.0010000000000000028,1.0000000000000057e-06,1.7704363644379704,-0.4419421366199871,0.00051078707190456863,trajectory reached the configured collision radius
39,89,0.77544308242540527,-0.33950000000000002,fraction,250,0,collision,nan,0,32.812207708992332,0.031530708999999997,0.001,9.9999999999999995e-07,1.770219394368193,-0.44194213663841236,0.00051077112977047001,trajectory reached the configured collision radius
39,90,0.77551487163370336,-0.33950000000000002,fraction,250,0,collision,nan,0,32.81517698793526,0.031846121999999998,0.0010000000000000087,1.0000000000000173e-06,1.7700033574102001,-0.44194213665656601,0.00051075542183610847,trajectory reached the configured collision radius
39,91,0.77558666084200134,-0.33950000000000002,fraction,250,0,collision,nan,0,32.818161858568097,0.031231602000000001,0.001,9.9999999999999995e-07,1.7697882571899053,-0.44194213667444815,0.00051073994876882042,trajectory reached the configured collision radius
39,92,0.77565845005029943,-0.33950000000000002,fraction,250,0,collision,nan,0,32.821162472530837,0.031451211,0.0010000000000000011,1.0000000000000023e-06,1.7695740973284999,-0.44194213669205756,0.0005107247112335246,trajectory reached the configured collision radius
39,93,0.77573023925859752,-0.33950000000000002,fraction,250,0,collision,nan,0,32.82417898371439,0.033793028000000003,0.0010000000000000024,1.0000000000000048e-06,1.7693608814416459,-0.44194213670939331,0.00051070970989256133,trajectory reached the configured collision radius
39,94,0.77580202846689561,-0.33950000000000002,fraction,250,0,collision,nan,0,32.8272115483053,0.060471033,0.001,9.9999999999999995e-07,1.7691486131387466,-0.44194213672645516,0.00051069494540553415,trajectory reached the configured collision radius
40,76,0.77450982271753033,-0.32333333333333336,fraction,250,0,collision,nan,0,32.786757139907238,0.039403464999999999,0.0010000000000000002,1.0000000000000004e-06,1.771153816963867,-0.44194213688547285,0.00051055731691870712,trajectory reached the configured collision radius
40,77,0.77458161192582842,-0.32333333333333336,fraction,250,0,collision,nan,0,32.78954246918903,0.032560919000000001,0.001000000000000005,1.0000000000000101e-06,1.7709318441435138,-0.44194213690488848,0.0005105405103062831,trajectory reached the configured collision radius
40,78,0.77465340113412651,-0.32333333333333336,fraction,250,0,collision,nan,0,32.792341676976015,0.032081015999999997,0.001,9.9999999999999995e-07,1.7707107819571815,-0.44194213692403889,0.00051052393298835696,trajectory reached the configured collision radius
40,79,0.7747251903424246,-0.32333333333333336,fraction,250,0,collision,nan,0,32.795154890370675,0.037978178000000001,0.0010000000000000091,1.0000000000000182e-06,1.7704906340491573,-0.44194213694292228,0.00051050758564721215,trajectory reached the configured collision radius
40,80,0.77479697955072258,-0.32333333333333336,fraction,250,0,collision,nan,0,32.797982238252722,0.038393806000000003,0.001,9.9999999999999995e-07,1.770271404065809,-0.44194213696153933,0.00051049146896409115,trajectory reached the configured collision radius
40,81,0.77486876875902067,-0.32333333333333336,fraction,250,0,collision,nan,0,32.800823851311819,0.036765116,0.0010000000000000024,1.0000000000000048e-06,1.7700530956551368,-0.44194213697988843,0.00051047558361917201,trajectory reached the configured collision radius
40,82,0.77494055796731875,-0.32333333333333336,fraction,250,0,collision,nan,0,32.803679862082561,0.031370220999999997,0.0010000000000000007,1.0000000000000014e-06,1.7698357124661965,-0.44194213699796903,0.00051045993029139394,trajectory reached the configured collision radius
40,83,0.77501234717561684,-0.32333333333333336,fraction,250,0,collision,nan,0,32.806550404979575,0.032252838999999998,0.0010000000000000002,1.0000000000000004e-06,1.7696192581486141,-0.44194213701578022,0.0005104445096583551,trajectory reached the configured collision radius
40,84,0.77508413638391493,-0.32333333333333336,fraction,250,0,collision,nan,0,32.809435616333381,0.032089893000000001,0.0010000000000000041,1.0000000000000082e-06,1.7694037363519948,-0.44194213703332086,0.00051042932239626459,trajectory reached the configured collision radius
40,85,0.77515592559221302,-0.32333333333333336,fraction,250,0,collision,nan,0,32.812335634427981,0.037893345000000002,0.001,9.9999999999999995e-07,1.769189150725387,-0.44194213705059121,0.00051041436917971777,trajectory reached the configured collision radius
40,86,0.775227714800511,-0.32333333333333336,fraction,250,0,collision,nan,0,32.815250599538111,0.033030794000000002,0.0010000000000000076,1.0000000000000152e-06,1.7689755049166278,-0.44194213706759,0.00051039965068166581,trajectory reached the configured collision radius
40,87,0.77529950400880909,-0.32333333333333336,fraction,250,0,collision,nan,0,32.818180653968589,0.032684172999999997,0.001,9.9999999999999995e-07,1.7687628025717219,-0.44194213708431657,0.00051038516757322193,trajectory reached the configured collision radius
40,88,0.77537129321710718,-0.32333333333333336,fraction,250,0,collision,nan,0,32.821125942093666,0.032689850999999999,0.0010000000000000011,1.0000000000000023e-06,1.7685510473343236,-0.44194213710076985,0.00051037092052359681,trajectory reached the configured collision radius
40,89,0.77544308242540527,-0.32333333333333336,fraction,250,0,collision,nan,0,32.824086610398069,0.032239452000000002,0.001000000000000002,1.000000000000004e-06,1.7683402428449104,-0.44194213711694896,0.00051035691019993333,trajectory reached the configured collision radius
40,90,0.77551487163370336,-0.32333333333333336,fraction,250,0,collision,nan,0,32.827062807518843,0.031909054999999999,0.001,9.9999999999999995e-07,1.768130392740147,-0.4419421371328538,0.00051034313726714222,trajectory reached the configured collision radius
40,91,0.77558666084200134,-0.32333333333333336,fraction,250,0,collision,nan,0,32.830054684287774,0.039279901999999998,0.0010000000000000106,1.0000000000000213e-06,1.7679215006522684,-0.44194213714848368,0.00051032960238782898,trajectory reached the configured collision radius
40,92,0.77565845005029943,-0.32333333333333336,fraction,250,0,collision,nan,0,32.833062393776153,0.046278017999999997,0.001,9.9999999999999995e-07,1.7677135702081674,-0.44194213716383685,0.0005103163062220768,trajectory reached the configured collision radius
40,93,0.77573023925859752,-0.32333333333333336,fraction,250,0,collision,nan,0,32.836086091338672,0.031946117000000003,0.0010000000000000013,1.0000000000000027e-06,1.767506605028794,-0.44194213717891351,0.00051030324942737614,trajectory reached the configured collision radius
40,94,0.77580202846689561,-0.32333333333333336,fraction,250,0,collision,nan,0,32.839125934660458,0.032877356000000003,0.0010000000000000022,1.0000000000000044e-06,1.7673006087282666,-0.44194213719371261,0.00051029043265840915,trajectory reached the configured collision radius
41,76,0.77450982271753033,-0.3071666666666667,fraction,250,0,collision,nan,0,32.798681398712802,0.034553144000000001,0.0010000000000000005,1.000000000000001e-06,1.7691809036242974,-0.44194213738808863,0.00051012206352137458,trajectory reached the configured collision radius
41,77,0.77458161192582842,-0.3071666666666667,fraction,250,0,collision,nan,0,32.801472965884365,0.032215571999999998,0.0010000000000000002,1.0000000000000004e-06,1.7689651629775134,-0.44194213740525357,0.00051010719267799995,trajectory reached the configured collision radius
41,78,0.77465340113412651,-0.3071666666666667,fraction,250,0,collision,nan,0,32.804278485007003,0.032488389999999999,0.0010000000000000031,1.0000000000000061e-06,1.7687503532418538,-0.44194213742214966,0.0005100925541367897,trajectory reached the configured collision radius
41,79,0.7747251903424246,-0.3071666666666667,fraction,250,0,collision,nan,0,32.807098084288398,0.032423881000000002,0.001,9.9999999999999995e-07,1.7685364780689978,-0.44194213743877619,0.0005100781485752958,trajectory reached the configured collision radius
41,80,0.77479697955072258,-0.3071666666666667,fraction,250,0,collision,nan,0,32.809931893736945,0.040549653999999997,0.0010000000000000104,1.0000000000000209e-06,1.7683235411122415,-0.44194213745513289,0.00051006397666997173,trajectory reached the configured collision radius
41,81,0.77486876875902067,-0.3071666666666667,fraction,250,0,collision,nan,0,32.81278004519671,0.039009291000000001,0.001,9.9999999999999995e-07,1.7681115460261212,-0.44194213747121863,0.00051005003909611215,trajectory reached the configured collision radius
41,82,0.77494055796731875,-0.3071666666666667,fraction,250,0,collision,nan,0,32.81564267238155,0.031886718000000001,0.0010000000000000037,1.0000000000000074e-06,1.7679004964657816,-0.44194213748703293,0.00051003633652774963,trajectory reached the configured collision radius
41,83,0.77501234717561684,-0.3071666666666667,fraction,250,0,collision,nan,0,32.818519910912038,0.032490129999999999,0.0010000000000000002,1.0000000000000004e-06,1.7676903960865107,-0.44194213750257461,0.00051002286963750996,trajectory reached the configured collision radius
41,84,0.77508413638391493,-0.3071666666666667,fraction,250,0,collision,nan,0,32.821411898351634,0.036932355,0.0010000000000000005,1.000000000000001e-06,1.7674812485431008,-0.44194213751784317,0.00051000963909653531,trajectory reached the configured collision radius
41,85,0.77515592559221302,-0.3071666666666667,fraction,250,0,collision,nan,0,32.824318774244844,0.033370869999999997,0.0010000000000000033,1.0000000000000065e-06,1.7672730574893993,-0.44194213753283745,0.00050999664557433051,trajectory reached the configured collision radius
41,86,0.775227714800511,-0.3071666666666667,fraction,250,0,collision,nan,0,32.827240680155455,0.035124836,0.001,9.9999999999999995e-07,1.7670658265775365,-0.44194213754755779,0.00050998388973867671,trajectory reached the configured collision radius
41,87,0.77529950400880909,-0.3071666666666667,fraction,250,0,collision,nan,0,32.830177759706594,0.032758995999999999,0.0010000000000000087,1.0000000000000173e-06,1.7668595594574075,-0.44194213756200207,0.00050997137225549641,trajectory reached the configured collision radius
41,88,0.77537129321710718,-0.3071666666666667,fraction,250,0,collision,nan,0,32.833130158621152,0.040118954999999998,0.001,9.9999999999999995e-07,1.7666542597759816,-0.44194213757617029,0.00050995909378869506,trajectory reached the configured collision radius
41,89,0.77544308242540527,-0.3071666666666667,fraction,250,0,collision,nan,0,32.83609802476316,0.032699433999999999,0.0010000000000000011,1.0000000000000023e-06,1.7664499311766642,-0.44194213759006173,0.00050994705500010003,trajectory reached the configured collision radius
41,90,0.77551487163370336,-0.3071666666666667,fraction,250,0,collision,nan,0,32.839081508180826,0.042663331999999998,0.0010000000000000018,1.0000000000000036e-06,1.7662465772985743,-0.44194213760367568,0.00050993525654924787,trajectory reached the configured collision radius
41,91,0.77558666084200134,-0.3071666666666667,fraction,250,0,collision,nan,0,32.842080761150143,0.031993954999999998,0.001,9.9999999999999995e-07,1.7660442017758189,-0.44194213761701101,0.00050992369909329965,trajectory reached the configured collision radius
41,92,0.77565845005029943,-0.3071666666666667,fraction,250,0,collision,nan,0,32.845095938219437,0.031756761000000001,0.00100000000000001,1.0000000000000201e-06,1.7658428082368069,-0.44194213763006729,0.000509912383286918,trajectory reached the configured collision radius
41,93,0.77573023925859752,-0.3071666666666667,fraction,250,0,collision,nan,0,32.848127196256023,0.032570492999999999,0.001,9.9999999999999995e-07,1.7656424003033848,-0.44194213764284379,0.00050990130978200083,trajectory reached the configured collision radius
41,94,0.77580202846689561,-0.3071666666666667,fraction,250,0,collision,nan,0,32.851174694492641,0.049630647999999999,0.0010000000000000009,1.0000000000000019e-06,1.7654429815901365,-0.4419421376553398,0.000509890479227713,trajectory reached the configured collision radius
42,76,0.77450982271753033,-0.29100000000000004,fraction,250,0,collision,nan,0,32.810740038765658,0.057715951000000001,0.0010000000000000028,1.0000000000000057e-06,1.767194457206096,-0.44194213788545311,0.00050969099189695122,trajectory reached the configured collision radius
42,77,0.77458161192582842,-0.29100000000000004,fraction,250,0,collision,nan,0,32.813538193053127,0.036381800999999998,0.0010000000000000005,1.000000000000001e-06,1.7669852629014049,-0.44194213790032377,0.00050967809772607382,trajectory reached the configured collision radius
42,78,0.77465340113412651,-0.29100000000000004,fraction,250,0,collision,nan,0,32.816350374272119,0.044033605000000003,0.0010000000000000005,1.000000000000001e-06,1.7667770188985275,-0.44194213791492293,0.00050966543863028972,trajectory reached the configured collision radius
42,79,0.7747251903424246,-0.29100000000000004,fraction,250,0,collision,nan,0,32.819176711770616,0.034027569000000001,0.0010000000000000024,1.0000000000000048e-06,1.7665697288523166,-0.44194213792924969,0.00050965301528169604,trajectory reached the configured collision radius
42,80,0.77479697955072258,-0.29100000000000004,fraction,250,0,collision,nan,0,32.822017336722958,0.032663637000000002,0.001,9.9999999999999995e-07,1.766363396418871,-0.44194213794330406,0.00050964082835126378,trajectory reached the configured collision radius
42,81,0.77486876875902067,-0.29100000000000004,fraction,250,0,collision,nan,0,32.824872382164301,0.033341774999999997,0.0010000000000000093,1.0000000000000186e-06,1.7661580252550735,-0.44194213795708409,0.00050962887850873617,trajectory reached the configured collision radius
42,82,0.77494055796731875,-0.29100000000000004,fraction,250,0,collision,nan,0,32.827741983027025,0.033963960000000001,0.001,9.9999999999999995e-07,1.7659536190180385,-0.44194213797058995,0.00050961716642250389,trajectory reached the configured collision radius
42,83,0.77501234717561684,-0.29100000000000004,fraction,250,0,collision,nan,0,32.830626276176474,0.033326130000000002,0.0010000000000000037,1.0000000000000074e-06,1.7657501813644796,-0.44194213798382032,0.00050960569275955642,trajectory reached the configured collision radius
42,84,0.77508413638391493,-0.29100000000000004,fraction,250,0,collision,nan,0,32.83352540044973,0.033659679999999997,0.0010000000000000002,1.0000000000000004e-06,1.7655477159503248,-0.44194213799677462,0.00050959445818528641,trajectory reached the configured collision radius
42,85,0.77515592559221302,-0.29100000000000004,fraction,250,0,collision,nan,0,32.836439496693039,0.034428240999999998,0.0010000000000000005,1.000000000000001e-06,1.7653462264299862,-0.44194213800945231,0.00050958346336344817,trajectory reached the configured collision radius
42,86,0.775227714800511,-0.29100000000000004,fraction,250,0,collision,nan,0,32.839368707801945,0.052568627999999999,0.0010000000000000037,1.0000000000000074e-06,1.7651457164557254,-0.44194213802185289,0.00050957270895598714,trajectory reached the configured collision radius
42,87,0.77529950400880909,-0.29100000000000004,fraction,250,0,collision,nan,0,32.842313178761444,0.033907916000000003,0.001,9.9999999999999995e-07,1.7649461896772001,-0.4419421380339747,0.00050956219562295715,trajectory reached the configured collision radius
42,88,0.77537129321710718,-0.29100000000000004,fraction,250,0,collision,nan,0,32.845273056687326,0.038933178999999998,0.0010000000000000074,1.0000000000000148e-06,1.7647476497406025,-0.44194213804581789,0.00050955192402236612,trajectory reached the configured collision radius
42,89,0.77544308242540527,-0.29100000000000004,fraction,250,0,collision,nan,0,32.848248490869203,0.033544253000000003,0.001,9.9999999999999995e-07,1.7645501002881123,-0.44194213805738136,0.00050954189481005219,trajectory reached the configured collision radius
42,90,0.77551487163370336,-0.29100000000000004,fraction,250,0,collision,nan,0,32.851239632813225,0.034270269999999999,0.0010000000000000007,1.0000000000000014e-06,1.764353544957171,-0.44194213806866461,0.00050953210863957719,trajectory reached the configured collision radius
42,91,0.77558666084200134,-0.29100000000000004,fraction,250,0,collision,nan,0,32.854246636287584,0.034025055999999998,0.0010000000000000028,1.0000000000000057e-06,1.7641579873796978,-0.44194213807966609,0.00050952256616205755,trajectory reached the configured collision radius
42,92,0.77565845005029943,-0.29100000000000004,fraction,250,0,collision,nan,0,32.857269657367809,0.034027084999999999,0.001,9.9999999999999995e-07,1.7639634311814749,-0.44194213809038602,0.00050951326802604337,trajectory reached the configured collision radius
42,93,0.77573023925859752,-0.29100000000000004,fraction,250,0,collision,nan,0,32.860308854483812,0.040299973000000003,0.001000000000000007,1.0000000000000139e-06,1.7637698799812265,-0.44194213810082317,0.00050950421487738935,trajectory reached the configured collision radius
42,94,0.77580202846689561,-0.29100000000000004,fraction,250,0,collision,nan,0,32.863364388468348,0.034019542999999999,0.0010000000000000002,1.0000000000000004e-06,1.7635773373898507,-0.44194213811097693,0.00050949540735904667,trajectory reached the configured collision radius
43,76,0.77450982271753033,-0.27483333333333337,fraction,250,0,collision,nan,0,32.822939715271794,0.052438274,0.001,9.9999999999999995e-07,1.7651962340111185,-0.44194213837715979,0.00050926446506431957,trajectory reached the configured collision radius
43,77,0.77458161192582842,-0.27483333333333337,fraction,250,0,collision,nan,0,32.825744809081009,0.062059603999999997,0.0010000000000000028,1.0000000000000057e-06,1.7649938933120646,-0.44194213838969493,0.0005092535867717141,trajectory reached the configured collision radius
43,78,0.77465340113412651,-0.27483333333333337,fraction,250,0,collision,nan,0,32.828564006442967,0.033816992999999997,0.0010000000000000005,1.000000000000001e-06,1.7647925214166362,-0.44194213840195617,0.00050924294609318538,trajectory reached the configured collision radius
43,79,0.7747251903424246,-0.27483333333333337,fraction,250,0,collision,nan,0,32.83139743788427,0.034228042,0.0010000000000000005,1.000000000000001e-06,1.7645921219788649,-0.44194213841394248,0.00050923254369469851,trajectory reached the configured collision radius
43,80,0.77479697955072258,-0.27483333333333337,fraction,250,0,collision,nan,0,32.834245235783449,0.042890631999999998,0.0010000000000000028,1.0000000000000057e-06,1.7643926986536766,-0.44194213842565344,0.00050922238024109104,trajectory reached the configured collision radius
43,81,0.77486876875902067,-0.27483333333333337,fraction,250,0,collision,nan,0,32.837107534407146,0.058843696000000001,0.001,9.9999999999999995e-07,1.7641942550962864,-0.44194213843708835,0.00050921245639588689,trajectory reached the configured collision radius
43,82,0.77494055796731875,-0.27483333333333337,fraction,250,0,collision,nan,0,32.839984469946081,0.034479994,0.0010000000000000113,1.0000000000000226e-06,1.7639967949617348,-0.44194213844824548,0.00050920277282125225,trajectory reached the configured collision radius
43,83,0.77501234717561684,-0.27483333333333337,fraction,250,0,collision,nan,0,32.842876180553056,0.037048716000000002,0.001,9.9999999999999995e-07,1.7638003219043441,-0.44194213845912528,0.00050919333017783387,trajectory reached the configured collision radius
43,84,0.77508413638391493,-0.27483333333333337,fraction,250,0,collision,nan,0,32.845782806380754,0.036027946999999998,0.0010000000000000026,1.0000000000000052e-06,1.7636048395770634,-0.44194213846972608,0.00050918412912472316,trajectory reached the configured collision radius
43,85,0.77515592559221302,-0.27483333333333337,fraction,250,0,collision,nan,0,32.848704489621582,0.057372804999999999,0.0010000000000000007,1.0000000000000014e-06,1.763410351630931,-0.4419421384800481,0.0005091751703192529,trajectory reached the configured collision radius
43,86,0.775227714800511,-0.27483333333333337,fraction,250,0,collision,nan,0,32.851641374547455,0.034979802999999997,0.0010000000000000002,1.0000000000000004e-06,1.7632168617145041,-0.44194213849008995,0.00050916645441696599,trajectory reached the configured collision radius
43,87,0.77529950400880909,-0.27483333333333337,fraction,250,0,collision,nan,0,32.854593607551394,0.064725776999999998,0.0010000000000000057,1.0000000000000114e-06,1.7630243734730968,-0.44194213849985092,0.00050915798207144195,trajectory reached the configured collision radius
43,88,0.77537129321710718,-0.27483333333333337,fraction,250,0,collision,nan,0,32.857561337189765,0.037077430000000001,0.001,9.9999999999999995e-07,1.7628328905482942,-0.44194213850933023,0.00050914975393418068,trajectory reached the configured collision radius
43,89,0.77544308242540527,-0.27483333333333337,fraction,250,0,collision,nan,0,32.860544714225625,0.035012043999999999,0.0010000000000000044,1.0000000000000086e-06,1.7626424165771137,-0.44194213851852759,0.00050914177065450664,trajectory reached the configured collision radius
43,90,0.77551487163370336,-0.27483333333333337,fraction,250,0,collision,nan,0,32.863543891673494,0.033905655,0.0010000000000000002,1.0000000000000004e-06,1.762452955191403,-0.44194213852744191,0.00050913403287939285,trajectory reached the configured collision radius
43,91,0.77558666084200134,-0.27483333333333337,fraction,250,0,collision,nan,0,32.866559024844449,0.034935578000000002,0.0010000000000000002,1.0000000000000004e-06,1.7622645100170482,-0.44194213853607245,0.00050912654125337897,trajectory reached the configured collision radius
43,92,0.77565845005029943,-0.27483333333333337,fraction,250,0,collision,nan,0,32.86959027139352,0.033003589999999999,0.0010000000000000057,1.0000000000000114e-06,1.7620770846733038,-0.44194213854441861,0.0005091192964184031,trajectory reached the configured collision radius
43,93,0.77573023925859752,-0.27483333333333337,fraction,250,0,collision,nan,0,32.87263779136731,0.052469267,0.001,9.9999999999999995e-07,1.7618906827718896,-0.44194213855247955,0.00050911229901365828,trajectory reached the configured collision radius
43,94,0.77580202846689561,-0.27483333333333337,fraction,250,0,collision,nan,0,32.875701747253487,0.034098599,0.0010000000000000031,1.0000000000000061e-06,1.7617053079163199,-0.44194213856025483,0.00050910554967548171,trajectory reached the configured collision radius
44,76,0.77450982271753033,-0.25866666666666671,fraction,250,0,collision,nan,0,32.835287260671926,0.038221346000000003,0.0010000000000000072,1.0000000000000144e-06,1.7631880187595959,-0.44194213886279143,0.0005088428570451174,trajectory reached the configured collision radius
44,77,0.77458161192582842,-0.25866666666666671,fraction,250,0,collision,nan,0,32.838099650153836,0.063645841999999994,0.001,9.9999999999999995e-07,1.7629928321312056,-0.44194213887295225,0.00050883403213300394,trajectory reached the configured collision radius
44,78,0.77465340113412651,-0.25866666666666671,fraction,250,0,collision,nan,0,32.840926221564295,0.034564016000000003,0.0010000000000000018,1.0000000000000036e-06,1.762798631916656,-0.44194213888283662,0.00050882544714068653,trajectory reached the configured collision radius
44,79,0.7747251903424246,-0.25866666666666671,fraction,250,0,collision,nan,0,32.843767106648286,0.03343629,0.0010000000000000009,1.0000000000000019e-06,1.7626054217653848,-0.4419421388924436,0.0005088171027274387,trajectory reached the configured collision radius
44,80,0.77479697955072258,-0.25866666666666671,fraction,250,0,collision,nan,0,32.846622439030021,0.039703727000000001,0.0010000000000000002,1.0000000000000004e-06,1.7624132053272659,-0.44194213890177303,0.00050880899955131425,trajectory reached the configured collision radius
44,81,0.77486876875902067,-0.25866666666666671,fraction,250,0,collision,nan,0,32.849492354249207,0.034671068999999999,0.0010000000000000048,1.0000000000000095e-06,1.7622219862520982,-0.44194213891082362,0.00050880113826906311,trajectory reached the configured collision radius
44,82,0.77494055796731875,-0.25866666666666671,fraction,250,0,collision,nan,0,32.852376989798614,0.035835221,0.001,9.9999999999999995e-07,1.76203176818909,-0.441942138919595,0.00050879351953599073,trajectory reached the configured collision radius
44,83,0.77501234717561684,-0.25866666666666671,fraction,250,0,collision,nan,0,32.855276485162143,0.033622780999999997,0.0010000000000000072,1.0000000000000144e-06,1.76184255478623,-0.44194213892808609,0.00050878614400588231,trajectory reached the configured collision radius
44,84,0.77508413638391493,-0.25866666666666671,fraction,250,0,collision,nan,0,32.858190981854023,0.039718285999999998,0.001,9.9999999999999995e-07,1.7616543496898029,-0.44194213893629636,0.00050877901233089618,trajectory reached the configured collision radius
44,85,0.77515592559221302,-0.25866666666666671,fraction,250,0,collision,nan,0,32.861120623458568,0.034530564999999999,0.0010000000000000011,1.0000000000000023e-06,1.7614671565437678,-0.44194213894422507,0.00050877212516145791,trajectory reached the configured collision radius
44,86,0.775227714800511,-0.25866666666666671,fraction,250,0,collision,nan,0,32.864065555672219,0.046111838000000002,0.0010000000000000018,1.0000000000000036e-06,1.7612809789890862,-0.44194213895187123,0.00050876548314611079,trajectory reached the configured collision radius
44,87,0.77529950400880909,-0.25866666666666671,fraction,250,0,collision,nan,0,32.86702592634478,0.054585308999999999,0.001,9.9999999999999995e-07,1.761095820663134,-0.44194213895923484,0.00050875908693142518,trajectory reached the configured collision radius
44,88,0.77537129321710718,-0.25866666666666671,fraction,250,0,collision,nan,0,32.870001885523124,0.038897191999999997,0.0010000000000000117,1.0000000000000235e-06,1.7609116851990874,-0.44194213896631418,0.00050875293716189844,trajectory reached the configured collision radius
44,89,0.77544308242540527,-0.25866666666666671,fraction,250,0,collision,nan,0,32.872993585495585,0.034487757000000001,0.001,9.9999999999999995e-07,1.7607285762251017,-0.44194213897310913,0.00050874703447978582,trajectory reached the configured collision radius
44,90,0.77551487163370336,-0.25866666666666671,fraction,250,0,collision,nan,0,32.876001180837122,0.034321618999999998,0.0010000000000000015,1.0000000000000031e-06,1.7605464973637932,-0.44194213897961898,0.00050874137952502247,trajectory reached the configured collision radius
44,91,0.77558666084200134,-0.25866666666666671,fraction,250,0,collision,nan,0,32.879024828456323,0.036252175999999997,0.0010000000000000015,1.0000000000000031e-06,1.7603654522313181,-0.44194213898584278,0.0005087359729350503,trajectory reached the configured collision radius
44,92,0.77565845005029943,-0.25866666666666671,fraction,250,0,collision,nan,0,32.882064687643002,0.034327910000000003,0.001,9.9999999999999995e-07,1.7601854444367517,-0.44194213899177953,0.00050873081534471047,trajectory reached the configured collision radius
44,93,0.77573023925859752,-0.25866666666666671,fraction,250,0,collision,nan,0,32.885120920117494,0.056155483999999999,0.0010000000000000096,1.0000000000000192e-06,1.7600064775812541,-0.4419421389974294,0.00050872590738611006,trajectory reached the configured collision radius
44,94,0.77580202846689561,-0.25866666666666671,fraction,250,0,collision,nan,0,32.888193690080875,0.033918903,0.001,9.9999999999999995e-07,1.759828555257309,-0.44194213900279083,0.00050872124968847612,trajectory reached the configured collision radius
45,76,0.77450982271753033,-0.24250000000000005,fraction,250,0,collision,nan,0,32.847789703201222,0.034636231000000003,0.001,9.9999999999999995e-07,1.7611716292438246,-0.44194213934191856,0.00050842655349028147,trajectory reached the configured collision radius
45,77,0.77458161192582842,-0.24250000000000005,fraction,250,0,collision,nan,0,32.850609748840697,0.034414095999999998,0.0010000000000000039,1.0000000000000078e-06,1.7609838904326542,-0.44194213934966747,0.00050841981774623994,trajectory reached the configured collision radius
45,78,0.77465340113412651,-0.24250000000000005,fraction,250,0,collision,nan,0,32.853444056659811,0.039754373000000003,0.0010000000000000002,1.0000000000000004e-06,1.7607971547510592,-0.44194213935713805,0.00050841332399515458,trajectory reached the configured collision radius
45,79,0.7747251903424246,-0.24250000000000005,fraction,250,0,collision,nan,0,32.856292759664456,0.034853006999999998,0.0010000000000000007,1.0000000000000014e-06,1.760611425840249,-0.44194213936432925,0.00050840707288903227,trajectory reached the configured collision radius
45,80,0.77479697955072258,-0.24250000000000005,fraction,250,0,collision,nan,0,32.859155992767711,0.033868770999999999,0.0010000000000000024,1.0000000000000048e-06,1.7604267073414315,-0.44194213937124088,0.000508401065078621,trajectory reached the configured collision radius
45,81,0.77486876875902067,-0.24250000000000005,fraction,250,0,collision,nan,0,32.862033892827419,0.044776124,0.001,9.9999999999999995e-07,1.7602430028953375,-0.44194213937787102,0.00050839530121331148,trajectory reached the configured collision radius
45,82,0.77494055796731875,-0.24250000000000005,fraction,250,0,collision,nan,0,32.864926598683674,0.039649341999999997,0.0010000000000000102,1.0000000000000205e-06,1.7600603161416992,-0.44194213938422028,0.00050838978194106554,trajectory reached the configured collision radius
45,83,0.77501234717561684,-0.24250000000000005,fraction,250,0,collision,nan,0,32.86783425119868,0.048932127999999998,0.001,9.9999999999999995e-07,1.7598786507186446,-0.44194213939028715,0.00050838450790825491,trajectory reached the configured collision radius
45,84,0.77508413638391493,-0.24250000000000005,fraction,250,0,collision,nan,0,32.870756993295736,0.034829864000000002,0.0010000000000000028,1.0000000000000057e-06,1.7596980102622044,-0.4419421393960713,0.00050837947975963316,trajectory reached the configured collision radius
45,85,0.77515592559221302,-0.24250000000000005,fraction,250,0,collision,nan,0,32.873694970001132,0.033570706999999998,0.0010000000000000007,1.0000000000000014e-06,1.7595183984056426,-0.44194213940157168,0.00050837469813816275,trajectory reached the configured collision radius
45,86,0.775227714800511,-0.24250000000000005,fraction,250,0,collision,nan,0,32.876648328485579,0.044503156000000002,0.0010000000000000002,1.0000000000000004e-06,1.7593398187788458,-0.44194213940678773,0.00050837016368493015,trajectory reached the configured collision radius
45,87,0.77529950400880909,-0.24250000000000005,fraction,250,0,collision,nan,0,32.87961721810774,0.038440169000000003,0.0010000000000000059,1.0000000000000118e-06,1.7591622750076901,-0.44194213941171889,0.00050836587703904121,trajectory reached the configured collision radius
45,88,0.77537129321710718,-0.24250000000000005,fraction,250,0,collision,nan,0,32.882601790458239,0.038590650999999997,0.001,9.9999999999999995e-07,1.7589857707134231,-0.44194213941636412,0.00050836183883748779,trajectory reached the configured collision radius
45,89,0.77544308242540527,-0.24250000000000005,fraction,250,0,collision,nan,0,32.885602199404765,0.037162240999999999,0.0010000000000000039,1.0000000000000078e-06,1.7588103095119321,-0.4419421394207223,0.00050835804971504207,trajectory reached the configured collision radius
45,90,0.77551487163370336,-0.24250000000000005,fraction,250,0,collision,nan,0,32.888618601139065,0.033339198,0.0010000000000000005,1.000000000000001e-06,1.7586358950130625,-0.44194213942479393,0.00050835451030411714,trajectory reached the configured collision radius
45,91,0.77558666084200134,-0.24250000000000005,fraction,250,0,collision,nan,0,32.891651154224213,0.032998684,0.001,9.9999999999999995e-07,1.7584625308198516,-0.4419421394285768,0.00050835122123467184,trajectory reached the configured collision radius
45,92,0.77565845005029943,-0.24250000000000005,fraction,250,0,collision,nan,0,32.894700019643921,0.033805726000000001,0.0010000000000000072,1.0000000000000144e-06,1.7582902205278279,-0.44194213943207178,0.0005083481831340466,trajectory reached the configured collision radius
45,93,0.77573023925859752,-0.24250000000000005,fraction,250,0,collision,nan,0,32.897765360852375,0.03660542,0.001,9.9999999999999995e-07,1.7581189677242326,-0.44194213943527699,0.00050834539662685343,trajectory reached the configured collision radius
45,94,0.77580202846689561,-0.24250000000000005,fraction,250,0,collision,nan,0,32.900847343826044,0.041959044000000001,0.0010000000000000022,1.0000000000000044e-06,1.7579487759871073,-0.44194213943819188,0.00050834286233484454,trajectory reached the configured collision radius
46,76,0.77450982271753033,-0.22633333333333339,fraction,250,0,collision,nan,0,32.860454286013827,0.034414039,0.0010000000000000052,1.0000000000000105e-06,1.7591489210006996,-0.44194213981409852,0.00050801595233157927,trajectory reached the configured collision radius
46,77,0.77458161192582842,-0.22633333333333339,fraction,250,0,collision,nan,0,32.863282353246142,0.045918459000000002,0.001,9.9999999999999995e-07,1.7589689170896701,-0.44194213981940067,0.00050801133981245449,trajectory reached the configured collision radius
46,78,0.77465340113412651,-0.22633333333333339,fraction,250,0,collision,nan,0,32.866124764912975,0.033743810999999999,0.0010000000000000011,1.0000000000000023e-06,1.7587899321264724,-0.44194213982442232,0.00050800697112755508,trajectory reached the configured collision radius
46,79,0.7747251903424246,-0.22633333333333339,fraction,250,0,collision,nan,0,32.86898165532611,0.033988499999999998,0.0010000000000000015,1.0000000000000031e-06,1.7586119697405531,-0.44194213982916314,0.00050800284692110564,trajectory reached the configured collision radius
46,80,0.77479697955072258,-0.22633333333333339,fraction,250,0,collision,nan,0,32.871853160734048,0.033404529000000002,0.001,9.9999999999999995e-07,1.7584350335610353,-0.44194213983362196,0.00050799896783603902,trajectory reached the configured collision radius
46,81,0.77486876875902067,-0.22633333333333339,fraction,250,0,collision,nan,0,32.874739419359557,0.032709390999999997,0.0010000000000000074,1.0000000000000148e-06,1.758259127216133,-0.44194213983779845,0.00050799533451393296,trajectory reached the configured collision radius
46,82,0.77494055796731875,-0.22633333333333339,fraction,250,0,collision,nan,0,32.877640571439031,0.033704024999999999,0.001,9.9999999999999995e-07,1.7580842543326873,-0.44194213984169151,0.00050799194759488413,trajectory reached the configured collision radius
46,83,0.77501234717561684,-0.22633333333333339,fraction,250,0,collision,nan,0,32.880556759262092,0.032969999,0.0010000000000000044,1.0000000000000086e-06,1.7579104185356438,-0.44194213984530084,0.00050798880771742757,trajectory reached the configured collision radius
46,84,0.77508413638391493,-0.22633333333333339,fraction,250,0,collision,nan,0,32.883488127212651,0.034240780999999998,0.0010000000000000002,1.0000000000000004e-06,1.7577376234473066,-0.44194213984862496,0.00050798591551842515,trajectory reached the configured collision radius
46,85,0.77515592559221302,-0.22633333333333339,fraction,250,0,collision,nan,0,32.886434821810695,0.033744382000000003,0.0010000000000000005,1.000000000000001e-06,1.7575658726869383,-0.44194213985166414,0.00050798327163296476,trajectory reached the configured collision radius
46,86,0.775227714800511,-0.22633333333333339,fraction,250,0,collision,nan,0,32.889396991755156,0.037985847000000003,0.0010000000000000039,1.0000000000000078e-06,1.757395169869999,-0.4419421398544171,0.00050798087669425289,trajectory reached the configured collision radius
46,87,0.77529950400880909,-0.22633333333333339,fraction,250,0,collision,nan,0,32.892374787968258,0.038302658000000003,0.001,9.9999999999999995e-07,1.7572255186075953,-0.4419421398568828,0.00050797873133349243,trajectory reached the configured collision radius
46,88,0.77537129321710718,-0.22633333333333339,fraction,250,0,collision,nan,0,32.895368363640507,0.038400729000000002,0.0010000000000000063,1.0000000000000127e-06,1.7570569225057833,-0.44194213985906117,0.00050797683617979656,trajectory reached the configured collision radius
46,89,0.77544308242540527,-0.22633333333333339,fraction,250,0,collision,nan,0,32.898377874277195,0.033357372000000003,0.0010000000000000002,1.0000000000000004e-06,1.7568893851648995,-0.44194213986095127,0.00050797519186005012,trajectory reached the configured collision radius
46,90,0.77551487163370336,-0.22633333333333339,fraction,250,0,collision,nan,0,32.901403477745738,0.042982373999999997,0.0010000000000000005,1.000000000000001e-06,1.7567229101787947,-0.44194213986255199,0.00050797379899879941,trajectory reached the configured collision radius
46,91,0.77558666084200134,-0.22633333333333339,fraction,250,0,collision,nan,0,32.904445334324606,0.034345023000000002,0.0010000000000000044,1.0000000000000086e-06,1.7565575011342367,-0.4419421398638636,0.00050797265821814674,trajectory reached the configured collision radius
46,92,0.77565845005029943,-0.22633333333333339,fraction,250,0,collision,nan,0,32.907503606752279,0.034352531999999998,0.0010000000000003177,1.0000000000006354e-06,1.7563931616100477,-0.44194213986488384,0.00050797177013774738,trajectory reached the configured collision radius
46,93,0.77573023925859752,-0.22633333333333339,fraction,250,0,collision,nan,0,32.910578460285294,0.034094491999999997,0.0010000000000000039,1.0000000000000078e-06,1.7562298951763842,-0.44194213986561393,0.00050797113537393024,trajectory reached the configured collision radius
46,94,0.77580202846689561,-0.22633333333333339,fraction,250,0,collision,nan,0,32.913670062736813,0.034246497000000001,0.0010000000000000005,1.000000000000001e-06,1.7560677053938798,-0.44194213986605141,0.00050797075454115184,trajectory reached the configured collision radius
47,76,0.77450982271753033,-0.21016666666666672,fraction,250,0,collision,nan,0,32.8732884870128,0.033724735999999998,0.001,9.9999999999999995e-07,1.7571217920343916,-0.44194214027887541,0.00050761146446015148,trajectory reached the configured collision radius
47,77,0.77458161192582842,-0.21016666666666672,fraction,250,0,collision,nan,0,32.876124946871208,0.033663568999999997,0.0010000000000000011,1.0000000000000023e-06,1.7569498034734401,-0.4419421402816977,0.00050760900747115869,trajectory reached the configured collision radius
47,78,0.77465340113412651,-0.21016666666666672,fraction,250,0,collision,nan,0,32.878975835560453,0.032855172000000002,0.0010000000000000013,1.0000000000000027e-06,1.7567788487778755,-0.44194214028423784,0.00050760679592638043,trajectory reached the configured collision radius
47,79,0.7747251903424246,-0.21016666666666672,fraction,250,0,collision,nan,0,32.881841288745761,0.033944829000000003,0.001,9.9999999999999995e-07,1.7566089315621396,-0.4419421402864952,0.00050760483046182164,trajectory reached the configured collision radius
47,80,0.77479697955072258,-0.21016666666666672,fraction,250,0,collision,nan,0,32.884721444059849,0.033545474999999998,0.0010000000000000072,1.0000000000000144e-06,1.7564400554399611,-0.44194214028846912,0.00050760311171218033,trajectory reached the configured collision radius
47,81,0.77486876875902067,-0.21016666666666672,fraction,250,0,collision,nan,0,32.887616441140899,0.033736159000000002,0.001,9.9999999999999995e-07,1.7562722240238959,-0.44194214029015944,0.00050760164031076469,trajectory reached the configured collision radius
47,82,0.77494055796731875,-0.21016666666666672,fraction,250,0,collision,nan,0,32.890526421672725,0.032896556,0.0010000000000000046,1.0000000000000091e-06,1.7561054409246557,-0.44194214029156448,0.00050760041688944232,trajectory reached the configured collision radius
47,83,0.77501234717561684,-0.21016666666666672,fraction,250,0,collision,nan,0,32.893451529425441,0.049383261999999997,0.0010000000000000002,1.0000000000000004e-06,1.7559397097507445,-0.44194214029268414,0.0005075994420784657,trajectory reached the configured collision radius
47,84,0.77508413638391493,-0.21016666666666672,fraction,250,0,collision,nan,0,32.896391910297304,0.049531718000000002,0.0010000000000000007,1.0000000000000014e-06,1.7557750341076781,-0.44194214029351725,0.00050759871650643605,trajectory reached the configured collision radius
47,85,0.77515592559221302,-0.21016666666666672,fraction,250,0,collision,nan,0,32.899347712357397,0.053699780000000003,0.0010000000000000035,1.0000000000000069e-06,1.7556114175975521,-0.44194214029406398,0.00050759824080019277,trajectory reached the configured collision radius
47,86,0.775227714800511,-0.21016666666666672,fraction,250,0,collision,nan,0,32.902319085889815,0.033675044000000001,0.001,9.9999999999999995e-07,1.7554488638183179,-0.44194214029432255,0.00050759801558468074,trajectory reached the configured collision radius
47,87,0.77529950400880909,-0.21016666666666672,fraction,250,0,collision,nan,0,32.905306183438604,0.033755079,0.001000000000000007,1.0000000000000139e-06,1.7552873763631971,-0.44194214029429263,0.00050759804148287611,trajectory reached the configured collision radius
47,88,0.77537129321710718,-0.21016666666666672,fraction,250,0,collision,nan,0,32.908309159854042,0.036077040999999997,0.001,9.9999999999999995e-07,1.7551269588200265,-0.44194214029397372,0.0005075983191156619,trajectory reached the configured collision radius
47,89,0.77544308242540527,-0.21016666666666672,fraction,250,0,collision,nan,0,32.911328172339893,0.033295497,0.0010000000000000005,1.000000000000001e-06,1.7549676147705593,-0.44194214029336504,0.00050759884910173071,trajectory reached the configured collision radius
47,90,0.77551487163370336,-0.21016666666666672,fraction,250,0,collision,nan,0,32.914363380502422,0.042377256000000002,0.0010000000000000037,1.0000000000000074e-06,1.7548093477897895,-0.4419421402924657,0.00050759963205747034,trajectory reached the configured collision radius
47,91,0.77558666084200134,-0.21016666666666672,fraction,250,0,collision,nan,0,32.917414946400164,0.033386220000000001,0.001,9.9999999999999995e-07,1.7546521614451809,-0.44194214029127538,0.00050760066859681515,trajectory reached the configured collision radius
47,92,0.77565845005029943,-0.21016666666666672,fraction,250,0,collision,nan,0,32.920483034595208,0.059239983000000003,0.001000000000000005,1.0000000000000101e-06,1.7544960592959968,-0.44194214028979256,0.00050760195933118642,trajectory reached the configured collision radius
47,93,0.77573023925859752,-0.21016666666666672,fraction,250,0,collision,nan,0,32.923567812205683,0.032917210000000002,0.0010000000000000005,1.000000000000001e-06,1.7543410448924526,-0.44194214028801776,0.00050760350486931543,trajectory reached the configured collision radius
47,94,0.77580202846689561,-0.21016666666666672,fraction,250,0,collision,nan,0,32.926669448960006,0.037983513000000003,0.0010000000000000002,1.0000000000000004e-06,1.7541871217749758,-0.44194214028594914,0.00050760530581718413,trajectory reached the configured collision radius
48,76,0.77450982271753033,-0.19399999999999995,fraction,250,0,collision,nan,0,32.886300039524926,0.034629224,0.0010000000000000007,1.0000000000000014e-06,1.7550921876195027,-0.44194214073577881,0.00050721351443489698,trajectory reached the configured collision radius
48,77,0.77458161192582842,-0.19399999999999995,fraction,250,0,collision,nan,0,32.889145269326427,0.044464444999999998,0.0010000000000000022,1.0000000000000044e-06,1.7549284882325629,-0.44194214073608962,0.00050721324350369861,trajectory reached the configured collision radius
48,78,0.77465340113412651,-0.19399999999999995,fraction,250,0,collision,nan,0,32.892005014642692,0.033320967,0.001,9.9999999999999995e-07,1.7547658367246879,-0.44194214073611732,0.00050721321939613403,trajectory reached the configured collision radius
48,79,0.7747251903424246,-0.19399999999999995,fraction,250,0,collision,nan,0,32.894879412543609,0.041593449999999997,0.0010000000000000096,1.0000000000000192e-06,1.7546042366922154,-0.44194214073586102,0.0005072134427395828,trajectory reached the configured collision radius
48,80,0.77479697955072258,-0.19399999999999995,fraction,250,0,collision,nan,0,32.897768602097926,0.036149142000000002,0.001,9.9999999999999995e-07,1.7544436917305053,-0.44194214073531984,0.00050721391416010911,trajectory reached the configured collision radius
48,81,0.77486876875902067,-0.19399999999999995,fraction,250,0,collision,nan,0,32.900672724412331,0.033958065000000003,0.0010000000000000033,1.0000000000000065e-06,1.7542842054333156,-0.44194214073449362,0.00050721463428242972,trajectory reached the configured collision radius
48,82,0.77494055796731875,-0.19399999999999995,fraction,250,0,collision,nan,0,32.903591922672859,0.034272575,0.0010000000000000005,1.000000000000001e-06,1.7541257813923528,-0.44194214073338078,0.00050721560372977319,trajectory reached the configured collision radius
48,83,0.77501234717561684,-0.19399999999999995,fraction,250,0,collision,nan,0,32.906526342185977,0.035754213999999999,0.0010000000000000002,1.0000000000000004e-06,1.7539684231966526,-0.44194214073198118,0.0005072168231238087,trajectory reached the configured collision radius
48,84,0.77508413638391493,-0.19399999999999995,fraction,250,0,collision,nan,0,32.909476130421631,0.033756913999999999,0.0010000000000000046,1.0000000000000091e-06,1.7538121344320166,-0.44194214073029425,0.00050721829308454874,trajectory reached the configured collision radius
48,85,0.77515592559221302,-0.19399999999999995,fraction,250,0,collision,nan,0,32.912441437057055,0.033256938999999999,0.001,9.9999999999999995e-07,1.7536569186804891,-0.44194214072831883,0.0005072200142302543,trajectory reached the configured collision radius
48,86,0.775227714800511,-0.19399999999999995,fraction,250,0,collision,nan,0,32.915422414021592,0.033696106000000003,0.0010000000000000054,1.000000000000011e-06,1.7535027795195914,-0.44194214072605437,0.00050722198717733475,trajectory reached the configured collision radius
48,87,0.77529950400880909,-0.19399999999999995,fraction,250,0,collision,nan,0,32.918419215542997,0.039421026999999997,0.0010000000000000002,1.0000000000000004e-06,1.7533497205218989,-0.44194214072350047,0.00050722421254024855,trajectory reached the configured collision radius
48,88,0.77537129321710718,-0.19399999999999995,fraction,250,0,collision,nan,0,32.921431998194635,0.049968118999999998,0.0010000000000000005,1.000000000000001e-06,1.7531977452541891,-0.44194214072065591,0.00050722669093139136,trajectory reached the configured collision radius
48,89,0.77544308242540527,-0.19399999999999995,fraction,250,0,collision,nan,0,32.924460920944142,0.046101466000000001,0.0010000000000000046,1.0000000000000091e-06,1.7530468572769276,-0.44194214071752047,0.00050722942296103685,trajectory reached the configured collision radius
48,90,0.77551487163370336,-0.19399999999999995,fraction,250,0,collision,nan,0,32.927506145199196,0.034571297000000001,0.001000000000000922,1.0000000000018442e-06,1.7528970601434604,-0.44194214071409288,0.00050723240923760001,trajectory reached the configured collision radius
48,91,0.77558666084200134,-0.19399999999999995,fraction,250,0,collision,nan,0,32.930567834879028,0.033891536,0.0010000000000000041,1.0000000000000082e-06,1.7527483573993592,-0.4419421407103728,0.00050723565036530196,trajectory reached the configured collision radius
48,92,0.77565845005029943,-0.19399999999999995,fraction,250,0,collision,nan,0,32.933646156425986,0.033580293999999997,0.0010000000000000005,1.000000000000001e-06,1.7526007525816687,-0.44194214070635957,0.00050723914694865478,trajectory reached the configured collision radius
48,93,0.77573023925859752,-0.19399999999999995,fraction,250,0,collision,nan,0,32.936741278900413,0.053404475999999999,0.0010000000000000002,1.0000000000000004e-06,1.7524542492181505,-0.44194214070205262,0.00050724289958771918,trajectory reached the configured collision radius
48,94,0.77580202846689561,-0.19399999999999995,fraction,250,0,collision,nan,0,32.939853374015634,0.05200842,0.0010000000000000091,1.0000000000000182e-06,1.7523088508264288,-0.44194214069745108,0.00050724690888029203,trajectory reached the configured collision radius
49,76,0.77450982271753033,-0.17783333333333329,fraction,250,0,collision,nan,0,32.899496953970363,0.034514889999999999,0.0010000000000000048,1.0000000000000095e-06,1.7530621052138717,-0.44194214118432251,0.00050682254122238503,trajectory reached the configured collision radius
49,77,0.77458161192582842,-0.17783333333333329,fraction,250,0,collision,nan,0,32.902351338042422,0.041823411999999997,0.001,9.9999999999999995e-07,1.7529069621829927,-0.44194214118209324,0.00050682448506855142,trajectory reached the configured collision radius
49,78,0.77465340113412651,-0.17783333333333329,fraction,250,0,collision,nan,0,32.905220326758183,0.035222165,0.001000000000000008,1.000000000000016e-06,1.7527528801377752,-0.44194214117957992,0.00050682667688788335,trajectory reached the configured collision radius
49,79,0.7747251903424246,-0.17783333333333329,fraction,250,0,collision,nan,0,32.90810405864584,0.033823063,0.001,9.9999999999999995e-07,1.752599862653641,-0.44194214117678088,0.00050682911729879674,trajectory reached the configured collision radius
49,80,0.77479697955072258,-0.17783333333333329,fraction,250,0,collision,nan,0,32.911002674265461,0.033589549000000003,0.0010000000000000013,1.0000000000000027e-06,1.7524479133046833,-0.44194214117369657,0.00050683180691842781,trajectory reached the configured collision radius
49,81,0.77486876875902067,-0.17783333333333329,fraction,250,0,collision,nan,0,32.913916316249001,0.033254500999999999,0.0010000000000000013,1.0000000000000027e-06,1.7522970356631464,-0.44194214117032543,0.00050683474636257803,trajectory reached the configured collision radius
49,82,0.77494055796731875,-0.17783333333333329,fraction,250,0,collision,nan,0,32.916845129342526,0.033976443000000002,0.0010000000000000002,1.0000000000000004e-06,1.7521472332988446,-0.44194214116666714,0.00050683793624556231,trajectory reached the configured collision radius
49,83,0.77501234717561684,-0.17783333333333329,fraction,250,0,collision,nan,0,32.919789260448262,0.033517593999999998,0.001000000000000008,1.000000000000016e-06,1.7519985097786921,-0.44194214116272096,0.00050684137718018732,trajectory reached the configured collision radius
49,84,0.77508413638391493,-0.17783333333333329,fraction,250,0,collision,nan,0,32.922748858669102,0.033247889000000003,0.001,9.9999999999999995e-07,1.7518508686660681,-0.44194214115848612,0.00050684506977760266,trajectory reached the configured collision radius
49,85,0.77515592559221302,-0.17783333333333329,fraction,250,0,collision,nan,0,32.925724075352406,0.033410462000000002,0.0010000000000000031,1.0000000000000061e-06,1.751704313520277,-0.44194214115396202,0.00050684901464729377,trajectory reached the configured collision radius
49,86,0.775227714800511,-0.17783333333333329,fraction,250,0,collision,nan,0,32.928715064137229,0.043741996999999998,0.0010000000000000007,1.0000000000000014e-06,1.7515588478958342,-0.44194214114914759,0.00050685321239687118,trajectory reached the configured collision radius
49,87,0.77529950400880909,-0.17783333333333329,fraction,250,0,collision,nan,0,32.931721981000628,0.034084743000000001,0.001,9.9999999999999995e-07,1.7514144753420331,-0.44194214114404268,0.00050685766363207474,trajectory reached the configured collision radius
49,88,0.77537129321710718,-0.17783333333333329,fraction,250,0,collision,nan,0,32.934744984306612,0.035319410000000002,0.0010000000000000076,1.0000000000000152e-06,1.7512711994021275,-0.44194214113864605,0.00050686236895665859,trajectory reached the configured collision radius
49,89,0.77544308242540527,-0.17783333333333329,fraction,250,0,collision,nan,0,32.937784234855783,0.033723781000000001,0.001,9.9999999999999995e-07,1.7511290236127524,-0.44194214113295743,0.00050686732897223361,trajectory reached the configured collision radius
49,90,0.77551487163370336,-0.17783333333333329,fraction,250,0,collision,nan,0,32.940839895936158,0.065733716999999997,0.0010000000000000022,1.0000000000000044e-06,1.7509879515032227,-0.44194214112697611,0.00050687254427824,trajectory reached the configured collision radius
49,91,0.77558666084200134,-0.17783333333333329,fraction,250,0,collision,nan,0,32.943912133375989,0.033549903999999998,0.0010000000000000013,1.0000000000000027e-06,1.7508479865947868,-0.44194214112070085,0.00050687801547180048,trajectory reached the configured collision radius
49,92,0.77565845005029943,-0.17783333333333329,fraction,250,0,collision,nan,0,32.947001115597139,0.034373646000000001,0.0010000000000000002,1.0000000000000004e-06,1.7507091323999731,-0.44194214111413171,0.00050688374314764582,trajectory reached the configured collision radius
49,93,0.77573023925859752,-0.17783333333333329,fraction,250,0,collision,nan,0,32.95010701367076,0.033668042000000002,0.0010000000000000098,1.0000000000000196e-06,1.7505713924217314,-0.44194214110726732,0.00050688972789796755,trajectory reached the configured collision radius
49,94,0.77580202846689561,-0.17783333333333329,fraction,250,0,collision,nan,0,32.953230001373782,0.034615956000000003,0.001,9.9999999999999995e-07,1.7504347701528129,-0.44194214110010749,0.00050689597031234636,trajectory reached the configured collision radius
50,76,0.77450982271753033,-0.16166666666666663,fraction,250,0,collision,nan,0,32.912887540677204,0.062229067999999998,0.001,9.9999999999999995e-07,1.7510335995102231,-0.44194214162400541,0.00050643899897138587,trajectory reached the configured collision radius
50,77,0.77458161192582842,-0.16166666666666663,fraction,250,0,collision,nan,0,32.915751471133007,0.033638914999999998,0.0010000000000000028,1.0000000000000057e-06,1.7508872733371486,-0.44194214161920869,0.0005064431844709836,trajectory reached the configured collision radius
50,78,0.77465340113412651,-0.16166666666666663,fraction,250,0,collision,nan,0,32.918630097974699,0.064262274999999994,0.0010000000000000005,1.000000000000001e-06,1.7507420203461319,-0.44194214161412732,0.00050644761886411537,trajectory reached the configured collision radius
50,79,0.7747251903424246,-0.16166666666666663,fraction,250,0,collision,nan,0,32.921523561245984,0.064802730000000003,0.0010000000000000002,1.0000000000000004e-06,1.7505978440890795,-0.44194214160875972,0.00050645230276003244,trajectory reached the configured collision radius
50,80,0.77479697955072258,-0.16166666666666663,fraction,250,0,collision,nan,0,32.924432003056779,0.056255609999999998,0.0010000000000000041,1.0000000000000082e-06,1.7504547481161941,-0.44194214160310541,0.00050645723676666094,trajectory reached the configured collision radius
50,81,0.77486876875902067,-0.16166666666666663,fraction,250,0,collision,nan,0,32.927355567624588,0.033691583999999997,0.001,9.9999999999999995e-07,1.7503127359756154,-0.44194214159716411,0.00050646242149063629,trajectory reached the configured collision radius
50,82,0.77494055796731875,-0.16166666666666663,fraction,250,0,collision,nan,0,32.930294401316928,0.033258955999999999,0.001000000000000007,1.0000000000000139e-06,1.7501718112128053,-0.44194214159093409,0.00050646785753717682,trajectory reached the configured collision radius
50,83,0.77501234717561684,-0.16166666666666663,fraction,250,0,collision,nan,0,32.933248652695482,0.064657634000000005,0.0010000000000000002,1.0000000000000004e-06,1.7500319773700055,-0.44194214158441536,0.00050647354550997336,trajectory reached the configured collision radius
50,84,0.77508413638391493,-0.16166666666666663,fraction,250,0,collision,nan,0,32.9362184725601,0.033956307999999998,0.0010000000000000009,1.0000000000000019e-06,1.7498932379857317,-0.44194214157760786,0.00050647948601119863,trajectory reached the configured collision radius
50,85,0.77515592559221302,-0.16166666666666663,fraction,250,0,collision,nan,0,32.939204013995557,0.050589574999999998,0.0010000000000000026,1.0000000000000052e-06,1.7497555965941152,-0.44194214157050959,0.00050648567964130579,trajectory reached the configured collision radius
50,86,0.775227714800511,-0.16166666666666663,fraction,250,0,collision,nan,0,32.942205432418142,0.034045456000000002,0.001,9.9999999999999995e-07,1.749619056724385,-0.44194214156312062,0.00050649212699901676,trajectory reached the configured collision radius
50,87,0.77529950400880909,-0.16166666666666663,fraction,250,0,collision,nan,0,32.945222885624382,0.043495519000000003,0.0010000000000000078,1.0000000000000156e-06,1.7494836219002117,-0.44194214155543993,0.0005064988286812293,trajectory reached the configured collision radius
50,88,0.77537129321710718,-0.16166666666666663,fraction,250,0,collision,nan,0,32.94825653384045,0.046407958999999999,0.001,9.9999999999999995e-07,1.7493492956390457,-0.44194214154746703,0.00050650578528286952,trajectory reached the configured collision radius
50,89,0.77544308242540527,-0.16166666666666663,fraction,250,0,collision,nan,0,32.951306539773263,0.059416099999999999,0.0010000000000000007,1.0000000000000014e-06,1.7492160814514959,-0.44194214153920119,0.00050651299739688186,trajectory reached the configured collision radius
50,90,0.77551487163370336,-0.16166666666666663,fraction,250,0,collision,nan,0,32.954373068663031,0.067634685999999999,0.0010000000000000037,1.0000000000000074e-06,1.749083982840663,-0.44194214153064215,0.00050652046561407735,trajectory reached the configured collision radius
50,91,0.77558666084200134,-0.16166666666666663,fraction,250,0,collision,nan,0,32.957456288336282,0.043787552,0.001,9.9999999999999995e-07,1.7489530033014611,-0.44194214152178823,0.00050652819052304733,trajectory reached the configured collision radius
50,92,0.77565845005029943,-0.16166666666666663,fraction,250,0,collision,nan,0,32.960556369261852,0.034879787000000002,0.0010000000000000041,1.0000000000000082e-06,1.7488231463198127,-0.44194214151263944,0.00050653617271010146,trajectory reached the configured collision radius
50,93,0.77573023925859752,-0.16166666666666663,fraction,250,0,collision,nan,0,32.963673484607135,0.034184371999999998,0.0010000000000000005,1.000000000000001e-06,1.748694415371993,-0.44194214150319489,0.00050654441275911036,trajectory reached the configured collision radius
50,94,0.77580202846689561,-0.16166666666666663,fraction,250,0,collision,nan,0,32.966807810296203,0.045194229000000002,0.001,9.9999999999999995e-07,1.7485668139238484,-0.44194214149345395,0.00050655291125146628,trajectory reached the configured collision radius
51,76,0.77450982271753033,-0.14549999999999996,fraction,250,0,collision,nan,0,32.926480434003793,0.036378002,0.0010000000000000005,1.000000000000001e-06,1.7490087876559812,-0.44194214205430765,0.00050606335782424643,trajectory reached the configured collision radius
51,77,0.77458161192582842,-0.14549999999999996,fraction,250,0,collision,nan,0,32.929354311572204,0.047535867000000002,0.0010000000000000037,1.0000000000000074e-06,1.7488715321013049,-0.44194214204691923,0.00050606980996958039,trajectory reached the configured collision radius
51,78,0.77465340113412651,-0.14549999999999996,fraction,250,0,collision,nan,0,32.932242980062163,0.040438183000000003,0.001,9.9999999999999995e-07,1.7487353610119936,-0.44194214203924503,0.00050607651170057465,trajectory reached the configured collision radius
51,79,0.7747251903424246,-0.14549999999999996,fraction,250,0,collision,nan,0,32.935146581093782,0.040928357999999998,0.0010000000000000091,1.0000000000000182e-06,1.7486002779139593,-0.44194214203128429,0.00050608346361703555,trajectory reached the configured collision radius
51,80,0.77479697955072258,-0.14549999999999996,fraction,250,0,collision,nan,0,32.938065258389649,0.044004701,0.001,9.9999999999999995e-07,1.7484662863311879,-0.44194214202303611,0.00050609066631752812,trajectory reached the configured collision radius
51,81,0.77486876875902067,-0.14549999999999996,fraction,250,0,collision,nan,0,32.940999157816265,0.035102080000000001,0.0010000000000000015,1.0000000000000031e-06,1.7483333897853817,-0.44194214201449999,0.00050609812039937728,trajectory reached the configured collision radius
51,82,0.77494055796731875,-0.14549999999999996,fraction,250,0,collision,nan,0,32.943948427428779,0.051281555999999999,0.0010000000000000013,1.0000000000000027e-06,1.7482015917953604,-0.44194214200567511,0.00050610582645851997,trajectory reached the configured collision radius
51,83,0.77501234717561684,-0.14549999999999996,fraction,250,0,collision,nan,0,32.946913217514684,0.033610143000000002,0.001,9.9999999999999995e-07,1.7480708958764641,-0.44194214199656101,0.00050611378508945393,trajectory reached the configured collision radius
51,84,0.77508413638391493,-0.14549999999999996,fraction,250,0,collision,nan,0,32.949893680640685,0.033993932999999997,0.0010000000000000098,1.0000000000000196e-06,1.7479413055401667,-0.44194214198715687,0.00050612199688518605,trajectory reached the configured collision radius
51,85,0.77515592559221302,-0.14549999999999996,fraction,250,0,collision,nan,0,32.952889971699108,0.032568502999999999,0.001,9.9999999999999995e-07,1.7478128242933291,-0.44194214197746201,0.00050613046243710069,trajectory reached the configured collision radius
51,86,0.775227714800511,-0.14549999999999996,fraction,250,0,collision,nan,0,32.955902247956082,0.053641882000000002,0.001000000000000002,1.000000000000004e-06,1.7476854556377366,-0.44194214196747494,0.00050613918233494647,trajectory reached the configured collision radius
51,87,0.77529950400880909,-0.14549999999999996,fraction,250,0,collision,nan,0,32.95893066910196,0.061094063999999997,0.0010000000000000013,1.0000000000000027e-06,1.7475592030694325,-0.44194214195719667,0.00050614815716669144,trajectory reached the configured collision radius
51,88,0.77537129321710718,-0.14549999999999996,fraction,250,0,collision,nan,0,32.961975397301401,0.040039524999999999,0.001,9.9999999999999995e-07,1.7474340700781053,-0.44194214194662518,0.00050615738751846157,trajectory reached the configured collision radius
51,89,0.77544308242540527,-0.14549999999999996,fraction,250,0,collision,nan,0,32.96503659724597,0.033689843999999997,0.0010000000000000111,1.0000000000000222e-06,1.747310060146462,-0.44194214193576026,0.0005061668739744893,trajectory reached the configured collision radius
51,90,0.77551487163370336,-0.14549999999999996,fraction,250,0,collision,nan,0,32.968114436207891,0.033642132999999998,0.001,9.9999999999999995e-07,1.7471871767495861,-0.44194214192460113,0.00050617661711696918,trajectory reached the configured collision radius
51,91,0.77558666084200134,-0.14549999999999996,fraction,250,0,collision,nan,0,32.971209084094866,0.041157288,0.0010000000000000009,1.0000000000000019e-06,1.7470654233541527,-0.44194214191314701,0.00050618661752601822,trajectory reached the configured collision radius
51,92,0.77565845005029943,-0.14549999999999996,fraction,250,0,collision,nan,0,32.974320713506962,0.032819597999999998,0.0010000000000000033,1.0000000000000065e-06,1.7469448034178883,-0.44194214190139741,0.00050619687577957775,trajectory reached the configured collision radius
51,93,0.77573023925859752,-0.14549999999999996,fraction,250,0,collision,nan,0,32.977449499794574,0.044296163,0.001,9.9999999999999995e-07,1.7468253203886976,-0.44194214188935205,0.0005062073924532929,trajectory reached the configured collision radius
51,94,0.77580202846689561,-0.14549999999999996,fraction,250,0,collision,nan,0,32.980595621118084,0.035383919999999999,0.0010000000000000039,1.0000000000000078e-06,1.7467069777039952,-0.44194214187700892,0.00050621816812045735,trajectory reached the configured collision radius
52,76,0.77450982271753033,-0.1293333333333333,fraction,250,0,collision,nan,0,32.940284617942446,0.033017742000000003,0.0010000000000000072,1.0000000000000144e-06,1.7469898546705209,-0.44194214247469227,0.00050569610476779159,trajectory reached the configured collision radius
52,77,0.77458161192582842,-0.1293333333333333,fraction,250,0,collision,nan,0,32.943168852858491,0.041591336,0.001,9.9999999999999995e-07,1.74686191667075,-0.4419421424646896,0.00050570484662242055,trajectory reached the configured collision radius
52,78,0.77465340113412651,-0.1293333333333333,fraction,250,0,collision,nan,0,32.94606797621914,0.055261921999999998,0.0010000000000000013,1.0000000000000027e-06,1.7467350735037692,-0.44194214245440067,0.00050571383852748852,trajectory reached the configured collision radius
52,79,0.7747251903424246,-0.1293333333333333,fraction,250,0,collision,nan,0,32.948982131285973,0.040045364,0.0010000000000000015,1.0000000000000031e-06,1.7466093286673448,-0.44194214244382418,0.00050572308107322574,trajectory reached the configured collision radius
52,80,0.77479697955072258,-0.1293333333333333,fraction,250,0,collision,nan,0,32.951911463460291,0.033869979000000001,0.0010000000000000002,1.0000000000000004e-06,1.7464846856571552,-0.44194214243296015,0.00050573257484873518,trajectory reached the configured collision radius
52,81,0.77486876875902067,-0.1293333333333333,fraction,250,0,collision,nan,0,32.954856120326156,0.047595129,0.0010000000000000091,1.0000000000000182e-06,1.746361147966383,-0.44194214242180763,0.00050574232044192397,trajectory reached the configured collision radius
52,82,0.77494055796731875,-0.1293333333333333,fraction,250,0,collision,nan,0,32.957816251695924,0.041666387999999999,0.001,9.9999999999999995e-07,1.7462387190851636,-0.44194214241036633,0.0005057523184393562,trajectory reached the configured collision radius
52,83,0.77501234717561684,-0.1293333333333333,fraction,250,0,collision,nan,0,32.96079200965486,0.032506084999999997,0.0010000000000000024,1.0000000000000048e-06,1.7461174025000614,-0.44194214239863483,0.0005057625694263162,trajectory reached the configured collision radius
52,84,0.77508413638391493,-0.1293333333333333,fraction,250,0,collision,nan,0,32.963783548609484,0.033574065,0.0010000000000000009,1.0000000000000019e-06,1.7459972016934928,-0.44194214238661345,0.00050577307398659652,trajectory reached the configured collision radius
52,85,0.77515592559221302,-0.1293333333333333,fraction,250,0,collision,nan,0,32.966791025334913,0.033802059000000002,0.001,9.9999999999999995e-07,1.7458781201432716,-0.44194214237430085,0.00050578383270251728,trajectory reached the configured collision radius
52,86,0.775227714800511,-0.1293333333333333,fraction,250,0,collision,nan,0,32.969814599024701,0.033567791999999999,0.0010000000000000085,1.0000000000000169e-06,1.7457601613219484,-0.44194214236169593,0.00050579484615483224,trajectory reached the configured collision radius
52,87,0.77529950400880909,-0.1293333333333333,fraction,250,0,collision,nan,0,32.972854431342022,0.066724116999999999,0.001,9.9999999999999995e-07,1.7456433286961794,-0.44194214234879892,0.00050580611492262602,trajectory reached the configured collision radius
52,88,0.77537129321710718,-0.1293333333333333,fraction,250,0,collision,nan,0,32.975910686471082,0.039969030000000003,0.0010000000000000018,1.0000000000000036e-06,1.7455276257263017,-0.44194214233560875,0.00050581763958329517,trajectory reached the configured collision radius
52,89,0.77544308242540527,-0.1293333333333333,fraction,250,0,collision,nan,0,32.978983531171579,0.032958631000000002,0.0010000000000000013,1.0000000000000027e-06,1.7454130558654972,-0.44194214232212459,0.00050582942071240704,trajectory reached the configured collision radius
52,90,0.77551487163370336,-0.1293333333333333,fraction,250,0,collision,nan,0,32.982073134833385,0.032593962999999997,0.001,9.9999999999999995e-07,1.7452996225592483,-0.44194214230834628,0.00050584145888366797,trajectory reached the configured collision radius
52,91,0.77558666084200134,-0.1293333333333333,fraction,250,0,collision,nan,0,32.985179669532947,0.032845131999999999,0.0010000000000000087,1.0000000000000173e-06,1.7451873292447015,-0.44194214229427231,0.00050585375466884316,trajectory reached the configured collision radius
52,92,0.77565845005029943,-0.1293333333333333,fraction,250,0,collision,nan,0,32.988303310091624,0.032777844,0.0010000000000000002,1.0000000000000004e-06,1.7450761793499108,-0.44194214227990275,0.00050586630863764181,trajectory reached the configured collision radius
52,93,0.77573023925859752,-0.1293333333333333,fraction,250,0,collision,nan,0,32.991444234135258,0.034760225999999998,0.0010000000000000005,1.000000000000001e-06,1.7449661762931743,-0.44194214226523632,0.00050587912135769731,trajectory reached the configured collision radius
52,94,0.77580202846689561,-0.1293333333333333,fraction,250,0,collision,nan,0,32.994602622155575,0.034328194999999999,0.0010000000000000059,1.0000000000000118e-06,1.7448573234823193,-0.44194214225027312,0.00050589219339441905,trajectory reached the configured collision radius
53,76,0.77450982271753033,-0.11316666666666664,fraction,250,0,collision,nan,0,32.954309453389079,0.033688656999999997,0.0010000000000000031,1.0000000000000061e-06,1.7449790590900545,-0.44194214288460415,0.00050533774452673867,trajectory reached the configured collision radius
53,77,0.77458161192582842,-0.11316666666666664,fraction,250,0,collision,nan,0,32.957204466353716,0.037848140000000002,0.001,9.9999999999999995e-07,1.7448606786523349,-0.44194214287196604,0.00050534879717552674,trajectory reached the configured collision radius
53,78,0.77465340113412651,-0.11316666666666664,fraction,250,0,collision,nan,0,32.960114468482033,0.064072026000000004,0.0010000000000000096,1.0000000000000192e-06,1.7447434024965305,-0.44194214285904115,0.00050536010011320966,trajectory reached the configured collision radius
53,79,0.7747251903424246,-0.11316666666666664,fraction,250,0,collision,nan,0,32.963039604746363,0.033476121999999997,0.001,9.9999999999999995e-07,1.7446272340903337,-0.44194214284582944,0.00050537165392043322,trajectory reached the configured collision radius
53,80,0.77479697955072258,-0.11316666666666664,fraction,250,0,collision,nan,0,32.965980022297337,0.034689972999999999,0.0010000000000000015,1.0000000000000031e-06,1.7445121768993044,-0.44194214283232969,0.0005053834591768042,trajectory reached the configured collision radius
53,81,0.77486876875902067,-0.11316666666666664,fraction,250,0,collision,nan,0,32.968935870509441,0.035944660000000003,0.0010000000000000013,1.0000000000000027e-06,1.7443982343862718,-0.44194214281854133,0.00050539551646075151,trajectory reached the configured collision radius
53,82,0.77494055796731875,-0.11316666666666664,fraction,250,0,collision,nan,0,32.971907301026164,0.033843506000000002,0.001,9.9999999999999995e-07,1.7442854100110314,-0.44194214280446387,0.00050540782634955555,trajectory reached the configured collision radius
53,83,0.77501234717561684,-0.11316666666666664,fraction,250,0,collision,nan,0,32.974894467807232,0.034111122000000001,0.0010000000000000098,1.0000000000000196e-06,1.7441737072295933,-0.44194214279009647,0.00050542038941922638,trajectory reached the configured collision radius
53,84,0.77508413638391493,-0.11316666666666664,fraction,250,0,collision,nan,0,32.977897527177056,0.034328481000000001,0.001,9.9999999999999995e-07,1.7440631294938624,-0.44194214277543831,0.00050543320624444027,trajectory reached the configured collision radius
53,85,0.77515592559221302,-0.11316666666666664,fraction,250,0,collision,nan,0,32.980916637873939,0.034434674999999998,0.001000000000000002,1.000000000000004e-06,1.7439536802509323,-0.44194214276048926,0.00050544627739851572,trajectory reached the configured collision radius
53,86,0.775227714800511,-0.11316666666666664,fraction,250,0,collision,nan,0,32.983951961101056,0.032841388999999999,0.0010000000000000013,1.0000000000000027e-06,1.7438453629426856,-0.44194214274524807,0.00050545960345329578,trajectory reached the configured collision radius
53,87,0.77529950400880909,-0.11316666666666664,fraction,250,0,collision,nan,0,32.987003660578516,0.041562465,0.001,9.9999999999999995e-07,1.74373818100509,-0.44194214272971438,0.00050547318497912402,trajectory reached the configured collision radius
53,88,0.77537129321710718,-0.11316666666666664,fraction,250,0,collision,nan,0,32.990071902597109,0.033982875000000003,0.0010000000000000104,1.0000000000000209e-06,1.7436321378676716,-0.44194214271388743,0.00050548702254478277,trajectory reached the configured collision radius
53,89,0.77544308242540527,-0.11316666666666664,fraction,250,0,collision,nan,0,32.993156856073277,0.034383682999999998,0.001,9.9999999999999995e-07,1.7435272369529002,-0.44194214269776655,0.00050550111671737459,trajectory reached the configured collision radius
53,90,0.77551487163370336,-0.11316666666666664,fraction,250,0,collision,nan,0,32.996258692605629,0.034296774000000002,0.0010000000000000007,1.0000000000000014e-06,1.7434234816755418,-0.44194214268135068,0.00050551546806230409,trajectory reached the configured collision radius
53,91,0.77558666084200134,-0.11316666666666664,fraction,250,0,collision,nan,0,32.999377586532972,0.034265262999999997,0.0010000000000000037,1.0000000000000074e-06,1.7433208754420451,-0.44194214266464016,0.00050553007714319658,trajectory reached the configured collision radius
53,92,0.77565845005029943,-0.11316666666666664,fraction,250,0,collision,nan,0,33.002513714993988,0.043984856000000003,0.001,9.9999999999999995e-07,1.7432194216498509,-0.44194214264763321,0.00050554494452182406,trajectory reached the configured collision radius
53,93,0.77573023925859752,-0.11316666666666664,fraction,250,0,collision,nan,0,33.005667257988669,0.046154035000000003,0.0010000000000000033,1.0000000000000065e-06,1.7431191236867551,-0.44194214263032977,0.00050556007075804326,trajectory reached the configured collision radius
53,94,0.77580202846689561,-0.11316666666666664,fraction,250,0,collision,nan,0,33.008838398441128,0.039434859000000003,0.0010000000000000009,1.0000000000000019e-06,1.7430199849301482,-0.44194214261272929,0.00050557545640971837,trajectory reached the configured collision radius
54,76,0.77450982271753033,-0.096999999999999975,fraction,250,0,collision,nan,0,32.968564707280422,0.041020207000000003,0.0010000000000000005,1.000000000000001e-06,1.742978738871767,-0.44194214328346587,0.00050498880050231293,trajectory reached the configured collision radius
54,77,0.77458161192582842,-0.096999999999999975,fraction,250,0,collision,nan,0,32.971470930498029,0.033343218000000001,0.0010000000000000005,1.000000000000001e-06,1.7428701489461615,-0.44194214326817388,0.00050500218299643826,trajectory reached the configured collision radius
54,78,0.77465340113412651,-0.096999999999999975,fraction,250,0,collision,nan,0,32.974392247019495,0.038910131000000001,0.0010000000000000039,1.0000000000000078e-06,1.742762671831201,-0.44194214325259562,0.00050501581579284185,trajectory reached the configured collision radius
54,79,0.7747251903424246,-0.096999999999999975,fraction,250,0,collision,nan,0,32.977328803601011,0.035524964999999999,0.001,9.9999999999999995e-07,1.7426563109629531,-0.44194214323673026,0.00050502969946261765,trajectory reached the configured collision radius
54,80,0.77479697955072258,-0.096999999999999975,fraction,250,0,collision,nan,0,32.980280749218629,0.045582853999999999,0.0010000000000000074,1.0000000000000148e-06,1.7425510697751849,-0.44194214322057729,0.0005050438345758758,trajectory reached the configured collision radius
54,81,0.77486876875902067,-0.096999999999999975,fraction,250,0,collision,nan,0,32.983248235114196,0.065723967999999994,0.001,9.9999999999999995e-07,1.7424469516990406,-0.44194214320413555,0.00050505822170170589,trajectory reached the configured collision radius
54,82,0.77494055796731875,-0.096999999999999975,fraction,250,0,collision,nan,0,32.986231414842166,0.033528023999999997,0.0010000000000000009,1.0000000000000019e-06,1.7423439601624113,-0.44194214318740482,0.00050507286140813782,trajectory reached the configured collision radius
54,83,0.77501234717561684,-0.096999999999999975,fraction,250,0,collision,nan,0,32.989230444317826,0.033802146999999998,0.0010000000000000026,1.0000000000000052e-06,1.7422420985894913,-0.44194214317038427,0.00050508775426203628,trajectory reached the configured collision radius
54,84,0.77508413638391493,-0.096999999999999975,fraction,250,0,collision,nan,0,32.992245481867165,0.034003776999999999,0.001,9.9999999999999995e-07,1.742141370400291,-0.44194214315307312,0.00050510290082910749,trajectory reached the configured collision radius
54,85,0.77515592559221302,-0.096999999999999975,fraction,250,0,collision,nan,0,32.99527668827691,0.034101411999999998,0.0010000000000000072,1.0000000000000144e-06,1.7420417790101372,-0.4419421431354712,0.00050511830167382279,trajectory reached the configured collision radius
54,86,0.775227714800511,-0.096999999999999975,fraction,250,0,collision,nan,0,32.998324226847778,0.035918618999999999,0.0010000000000000002,1.0000000000000004e-06,1.741943327828974,-0.44194214311757707,0.00050513395735929986,trajectory reached the configured collision radius
54,87,0.77529950400880909,-0.096999999999999975,fraction,250,0,collision,nan,0,33.001388263447147,0.034145672000000002,0.0010000000000000005,1.000000000000001e-06,1.7418460202610475,-0.44194214309939089,0.00050514986844737791,trajectory reached the configured collision radius
54,88,0.77537129321710718,-0.096999999999999975,fraction,250,0,collision,nan,0,33.004468966564446,0.034349798000000001,0.0010000000000000046,1.0000000000000091e-06,1.7417498597041416,-0.44194214308091095,0.00050516603549842411,trajectory reached the configured collision radius
54,89,0.77544308242540527,-0.096999999999999975,fraction,250,0,collision,nan,0,33.007566507367798,0.047087142999999998,0.001,9.9999999999999995e-07,1.7416548495491191,-0.44194214306213786,0.00050518245907137148,trajectory reached the configured collision radius
54,90,0.77551487163370336,-0.096999999999999975,fraction,250,0,collision,nan,0,33.010681059761758,0.033628153000000001,0.0010000000000000033,1.0000000000000065e-06,1.7415609931792091,-0.44194214304306978,0.00050519913972361984,trajectory reached the configured collision radius
54,91,0.77558666084200134,-0.096999999999999975,fraction,250,0,collision,nan,0,33.013812800447425,0.033654125,0.0010000000000000009,1.0000000000000019e-06,1.7414682939695247,-0.44194214302370671,0.0005052160780109799,trajectory reached the configured collision radius
54,92,0.77565845005029943,-0.096999999999999975,fraction,250,0,collision,nan,0,33.016961908983227,0.033151827000000002,0.001,9.9999999999999995e-07,1.7413767552862702,-0.4419421430040481,0.00050523327448763467,trajectory reached the configured collision radius
54,93,0.77573023925859752,-0.096999999999999975,fraction,250,0,collision,nan,0,33.020128567848339,0.032756300000000002,0.0010000000000000093,1.0000000000000186e-06,1.7412863804862384,-0.4419421429840924,0.00050525072970609584,trajectory reached the configured collision radius
54,94,0.77580202846689561,-0.096999999999999975,fraction,250,0,collision,nan,0,33.023312962507461,0.033884540999999997,0.001,9.9999999999999995e-07,1.7411971729160158,-0.44194214296383988,0.0005052684442170656,trajectory reached the configured collision radius
55,76,0.77450982271753033,-0.080833333333333313,fraction,250,0,collision,nan,0,32.983060583820233,0.035503575000000002,0.001,9.9999999999999995e-07,1.7409913175891363,-0.44194214367067952,0.00050464981575918299,trajectory reached the configured collision radius
55,77,0.77458161192582842,-0.080833333333333313,fraction,250,0,collision,nan,0,32.985978462123441,0.033942424999999998,0.0010000000000000018,1.0000000000000036e-06,1.7408927439182018,-0.44194214365271811,0.0005046655450561189,trajectory reached the configured collision radius
55,78,0.77465340113412651,-0.080833333333333313,fraction,250,0,collision,nan,0,32.988911541533888,0.033266384000000003,0.0010000000000000011,1.0000000000000023e-06,1.7407952906646598,-0.44194214363447054,0.00050468152444504185,trajectory reached the configured collision radius
55,79,0.7747251903424246,-0.080833333333333313,fraction,250,0,collision,nan,0,32.99185997067061,0.046829982999999999,0.001,9.9999999999999995e-07,1.740698961231594,-0.44194214361593614,0.00050469775448756891,trajectory reached the configured collision radius
55,80,0.77479697955072258,-0.080833333333333313,fraction,250,0,collision,nan,0,32.994823900415447,0.034221270999999998,0.0010000000000000087,1.0000000000000173e-06,1.7406037590198831,-0.44194214359711398,0.00050471423574447772,trajectory reached the configured collision radius
55,81,0.77486876875902067,-0.080833333333333313,fraction,250,0,collision,nan,0,32.997803483960517,0.033451885000000001,0.001,9.9999999999999995e-07,1.7405096874276762,-0.44194214357800427,0.00050473096877564727,trajectory reached the configured collision radius
55,82,0.77494055796731875,-0.080833333333333313,fraction,250,0,collision,nan,0,33.000798876855725,0.033829509000000001,0.0010000000000000026,1.0000000000000052e-06,1.7404167498499172,-0.44194214355860534,0.00050474795414004361,trajectory reached the configured collision radius
55,83,0.77501234717561684,-0.080833333333333313,fraction,250,0,collision,nan,0,33.003810237059056,0.036958337000000001,0.0010000000000000009,1.0000000000000019e-06,1.7403249496779851,-0.44194214353891675,0.00050476519239561844,trajectory reached the configured collision radius
55,84,0.77508413638391493,-0.080833333333333313,fraction,250,0,collision,nan,0,33.006837724986845,0.033277600999999997,0.001,9.9999999999999995e-07,1.7402342902990824,-0.44194214351893818,0.00050478268409931209,trajectory reached the configured collision radius
55,85,0.77515592559221302,-0.080833333333333313,fraction,250,0,collision,nan,0,33.009881503566191,0.032936716999999997,0.0010000000000000096,1.0000000000000192e-06,1.7401447750957761,-0.44194214349866906,0.00050480042980698917,trajectory reached the configured collision radius
55,86,0.775227714800511,-0.080833333333333313,fraction,250,0,collision,nan,0,33.012941738288688,0.033524392,0.001,9.9999999999999995e-07,1.7400564074454852,-0.44194214347810806,0.00050481843007337988,trajectory reached the configured collision radius
55,87,0.77529950400880909,-0.080833333333333313,fraction,250,0,collision,nan,0,33.016018597265287,0.033791136999999999,0.0010000000000000015,1.0000000000000031e-06,1.7399691907199282,-0.44194214345725524,0.00050483668545205822,trajectory reached the configured collision radius
55,88,0.77537129321710718,-0.080833333333333313,fraction,250,0,collision,nan,0,33.019112251282664,0.033212806999999997,0.0010000000000000022,1.0000000000000044e-06,1.7398831282846279,-0.44194214343610938,0.00050485519649539051,trajectory reached the configured collision radius
55,89,0.77544308242540527,-0.080833333333333313,fraction,250,0,collision,nan,0,33.022222873861836,0.033555486000000002,0.001,9.9999999999999995e-07,1.7397982234983029,-0.44194214341466997,0.00050487396375448006,trajectory reached the configured collision radius
55,90,0.77551487163370336,-0.080833333333333313,fraction,250,0,collision,nan,0,33.02535064131748,0.033480146000000002,0.0010000000000000065,1.0000000000000131e-06,1.7397144797123072,-0.44194214339293664,0.00050489298777913057,trajectory reached the configured collision radius
55,91,0.77558666084200134,-0.080833333333333313,fraction,250,0,collision,nan,0,33.028495732819323,0.033239605999999998,0.0010000000000000002,1.0000000000000004e-06,1.7396319002700888,-0.44194214337090854,0.000504912269117779,trajectory reached the configured collision radius
55,92,0.77565845005029943,-0.080833333333333313,fraction,250,0,collision,nan,0,33.031658330455301,0.034911365999999999,0.0010000000000000002,1.0000000000000004e-06,1.7395504885064661,-0.44194214334858462,0.00050493180831750074,trajectory reached the configured collision radius
55,93,0.77573023925859752,-0.080833333333333313,fraction,250,0,collision,nan,0,33.034838619296039,0.035534892999999998,0.0010000000000000089,1.0000000000000177e-06,1.7394702477471733,-0.44194214332596504,0.000504951605923933,trajectory reached the configured collision radius
55,94,0.77580202846689561,-0.080833333333333313,fraction,250,0,collision,nan,0,33.038036787462303,0.033069289000000002,0.001,9.9999999999999995e-07,1.7393911813080614,-0.44194214330304815,0.00050497166248120314,trajectory reached the configured collision radius
56,76,0.77450982271753033,-0.06466666666666665,fraction,250,0,collision,nan,0,32.997807758034931,0.046692154999999999,0.001,9.9999999999999995e-07,1.7390193109530832,-0.4419421440456251,0.00050432135406376416,trajectory reached the configured collision radius
56,77,0.77458161192582842,-0.06466666666666665,fraction,250,0,collision,nan,0,33.000737750107163,0.033894159,0.0010000000000000028,1.0000000000000057e-06,1.7389309718981694,-0.44194214402498005,0.00050433944496201691,trajectory reached the configured collision radius
56,78,0.77465340113412651,-0.06466666666666665,fraction,250,0,collision,nan,0,33.003683055015401,0.033061124999999997,0.0010000000000000007,1.0000000000000014e-06,1.7388437599444138,-0.44194214400404969,0.0005043577855198655,trajectory reached the configured collision radius
56,79,0.7747251903424246,-0.06466666666666665,fraction,250,0,collision,nan,0,33.006643823325618,0.037626315,0.001,9.9999999999999995e-07,1.7387576784609786,-0.44194214398283294,0.00050437637628965076,trajectory reached the configured collision radius
56,80,0.77479697955072258,-0.06466666666666665,fraction,250,0,collision,nan,0,33.009620207911659,0.034225437999999997,0.0010000000000000059,1.0000000000000118e-06,1.7386727308148526,-0.44194214396132914,0.00050439521782305726,trajectory reached the configured collision radius
56,81,0.77486876875902067,-0.06466666666666665,fraction,250,0,collision,nan,0,33.01261236400412,0.032878579999999998,0.001,9.9999999999999995e-07,1.738588920370419,-0.4419421439395379,0.00050441431067098906,trajectory reached the configured collision radius
56,82,0.77494055796731875,-0.06466666666666665,fraction,250,0,collision,nan,0,33.015620449239286,0.056370173000000003,0.0010000000000000037,1.0000000000000074e-06,1.7385062504889806,-0.44194214391745823,0.00050443365538360447,trajectory reached the configured collision radius
56,83,0.77501234717561684,-0.06466666666666665,fraction,250,0,collision,nan,0,33.018644623710408,0.064207966000000005,0.0010000000000000005,1.000000000000001e-06,1.7384247245283504,-0.44194214389508985,0.00050445325251025194,trajectory reached the configured collision radius
56,84,0.77508413638391493,-0.06466666666666665,fraction,250,0,collision,nan,0,33.021685050019578,0.035565053999999999,0.0010000000000000002,1.0000000000000004e-06,1.7383443458423837,-0.44194214387243119,0.00050447310259945472,trajectory reached the configured collision radius
56,85,0.77515592559221302,-0.06466666666666665,fraction,250,0,collision,nan,0,33.024741893331814,0.033083188999999999,0.0010000000000000076,1.0000000000000152e-06,1.7382651177804667,-0.44194214384948288,0.00050449320619882414,trajectory reached the configured collision radius
56,86,0.775227714800511,-0.06466666666666665,fraction,250,0,collision,nan,0,33.027815321430047,0.033863336000000001,0.001,9.9999999999999995e-07,1.7381870436870237,-0.44194214382624325,0.00050451356385506599,trajectory reached the configured collision radius
56,87,0.77529950400880909,-0.06466666666666665,fraction,250,0,collision,nan,0,33.030905504771411,0.043438271000000001,0.001000000000000002,1.000000000000004e-06,1.7381101269010317,-0.44194214380271241,0.00050453417611394955,trajectory reached the configured collision radius
56,88,0.77537129321710718,-0.06466666666666665,fraction,250,0,collision,nan,0,33.03401261654551,0.041189415,0.0010000000000000018,1.0000000000000036e-06,1.7380343707555548,-0.44194214377888913,0.00050455504352026753,trajectory reached the configured collision radius
56,89,0.77544308242540527,-0.06466666666666665,fraction,250,0,collision,nan,0,33.037136832734582,0.032846599999999997,0.001,9.9999999999999995e-07,1.737959778577141,-0.4419421437547727,0.00050457616661776935,trajectory reached the configured collision radius
56,90,0.77551487163370336,-0.06466666666666665,fraction,250,0,collision,nan,0,33.040278332174317,0.034132098,0.0010000000000000074,1.0000000000000148e-06,1.7378863536852807,-0.44194214373036284,0.00050459754594919782,trajectory reached the configured collision radius
56,91,0.77558666084200134,-0.06466666666666665,fraction,250,0,collision,nan,0,33.043437296617434,0.042595710000000002,0.0010000000000000002,1.0000000000000004e-06,1.7378140993918991,-0.44194214370565871,0.00050461918205616039,trajectory reached the configured collision radius
56,92,0.77565845005029943,-0.06466666666666665,fraction,250,0,collision,nan,0,33.046613910798065,0.034043291000000003,0.0010000000000000002,1.0000000000000004e-06,1.7377430190007839,-0.4419421436806597,0.00050464107547922954,trajectory reached the configured collision radius
56,93,0.77573023925859752,-0.06466666666666665,fraction,250,0,collision,nan,0,33.049808362498972,0.035521598000000001,0.0010000000000000085,1.0000000000000169e-06,1.7376731158069523,-0.44194214365536522,0.00050466322675779898,trajectory reached the configured collision radius
56,94,0.77580202846689561,-0.06466666666666665,fraction,250,0,collision,nan,0,33.053020842619944,0.033377457999999999,0.001,9.9999999999999995e-07,1.7376043930961049,-0.4419421436297748,0.00050468563643008035,trajectory reached the configured collision radius
57,76,0.77450982271753033,-0.048499999999999988,fraction,250,0,collision,nan,0,33.012817411925724,0.035828882999999999,0.001,9.9999999999999995e-07,1.7370653336947566,-0.44194214440765744,0.00050400400097729296,trajectory reached the configured collision radius
57,77,0.77458161192582842,-0.048499999999999988,fraction,250,0,collision,nan,0,33.01575999163402,0.033624493999999998,0.0010000000000000026,1.0000000000000052e-06,1.7369874400387413,-0.44194214438431823,0.00050402446604575933,trajectory reached the configured collision radius
57,78,0.77465340113412651,-0.048499999999999988,fraction,250,0,collision,nan,0,33.018718000116259,0.032857703000000002,0.0010000000000000007,1.0000000000000014e-06,1.7369106792443074,-0.44194214436069373,0.00050404518012114874,trajectory reached the configured collision radius
57,79,0.7747251903424246,-0.048499999999999988,fraction,250,0,collision,nan,0,33.021691589975077,0.032554330999999999,0.0010000000000000002,1.0000000000000004e-06,1.7368350546461271,-0.44194214433678386,0.00050406614374685628,trajectory reached the configured collision radius
57,80,0.77479697955072258,-0.048499999999999988,fraction,250,0,collision,nan,0,33.024680916168684,0.033227249,0.0010000000000000067,1.0000000000000135e-06,1.7367605695767387,-0.44194214431258766,0.00050408735746574945,trajectory reached the configured collision radius
57,81,0.77486876875902067,-0.048499999999999988,fraction,250,0,collision,nan,0,33.027686136060744,0.033159345999999999,0.001,9.9999999999999995e-07,1.736687227366303,-0.44194214428810452,0.00050410882182012136,trajectory reached the configured collision radius
57,82,0.77494055796731875,-0.048499999999999988,fraction,250,0,collision,nan,0,33.030707409470544,0.033480830000000003,0.0010000000000000031,1.0000000000000061e-06,1.7366150313420987,-0.44194214426333378,0.00050413053735173297,trajectory reached the configured collision radius
57,83,0.77501234717561684,-0.048499999999999988,fraction,250,0,collision,nan,0,33.033744898726113,0.036591928000000003,0.0010000000000000007,1.0000000000000014e-06,1.7365439848281445,-0.44194214423827488,0.00050415250460171068,trajectory reached the configured collision radius
57,84,0.77508413638391493,-0.048499999999999988,fraction,250,0,collision,nan,0,33.03679876871756,0.034632281000000001,0.001,9.9999999999999995e-07,1.7364740911447833,-0.44194214421292699,0.00050417472411056722,trajectory reached the configured collision radius
57,85,0.77515592559221302,-0.048499999999999988,fraction,250,0,collision,nan,0,33.039869186952124,0.044880676000000001,0.0010000000000000093,1.0000000000000186e-06,1.7364053536080997,-0.44194214418728972,0.00050419719641816663,trajectory reached the configured collision radius
57,86,0.775227714800511,-0.048499999999999988,fraction,250,0,collision,nan,0,33.042956323611286,0.035559867000000002,0.001,9.9999999999999995e-07,1.7363377755296459,-0.44194214416136202,0.00050421992206368179,trajectory reached the configured collision radius
57,87,0.77529950400880909,-0.048499999999999988,fraction,250,0,collision,nan,0,33.046060351608581,0.037071327000000001,0.0010000000000000013,1.0000000000000027e-06,1.7362713602157787,-0.44194214413514388,0.00050424290158560773,trajectory reached the configured collision radius
57,88,0.77537129321710718,-0.048499999999999988,fraction,250,0,collision,nan,0,33.049181446649534,0.034100910999999998,0.0010000000000000024,1.0000000000000048e-06,1.736206110967369,-0.44194214410863392,0.00050426613552171891,trajectory reached the configured collision radius
57,89,0.77544308242540527,-0.048499999999999988,fraction,250,0,collision,nan,0,33.052319787293335,0.032698617999999999,0.001,9.9999999999999995e-07,1.7361420310791709,-0.44194214408183197,0.00050428962440904671,trajectory reached the configured collision radius
57,90,0.77551487163370336,-0.048499999999999988,fraction,250,0,collision,nan,0,33.055475555015796,0.049452950000000002,0.001000000000000005,1.0000000000000101e-06,1.7360791238393471,-0.44194214405473731,0.00050431336878386764,trajectory reached the configured collision radius
57,91,0.77558666084200134,-0.048499999999999988,fraction,250,0,collision,nan,0,33.058648934274494,0.036613973000000001,0.0010000000000000005,1.000000000000001e-06,1.7360173925289921,-0.44194214402734899,0.00050433736918170321,trajectory reached the configured collision radius
57,92,0.77565845005029943,-0.048499999999999988,fraction,250,0,collision,nan,0,33.061840112575709,0.033781128000000001,0.0010000000000000002,1.0000000000000004e-06,1.735956840421534,-0.44194214399966658,0.00050436162613727196,trajectory reached the configured collision radius
57,93,0.77573023925859752,-0.048499999999999988,fraction,250,0,collision,nan,0,33.065049280542581,0.033576865999999997,0.0010000000000000106,1.0000000000000213e-06,1.7358974707823021,-0.44194214397168963,0.00050438614018450323,trajectory reached the configured collision radius
57,94,0.77580202846689561,-0.048499999999999988,fraction,250,0,collision,nan,0,33.068276631986684,0.033020982999999997,0.001,9.9999999999999995e-07,1.7358392868678498,-0.44194214394341713,0.00050441091185651472,trajectory reached the configured collision radius
58,76,0.77450982271753033,-0.032333333333333325,fraction,250,0,collision,nan,0,33.028101273512696,0.054228817999999998,0.001,9.9999999999999995e-07,1.7351321068485037,-0.44194214475610832,0.00050369836500689452,trajectory reached the configured collision radius
58,77,0.77458161192582842,-0.032333333333333325,fraction,250,0,collision,nan,0,33.031056931364695,0.038064834999999998,0.0010000000000000013,1.0000000000000027e-06,1.7350648615739628,-0.4419421447300656,0.00050372121450864451,trajectory reached the configured collision radius
58,78,0.77465340113412651,-0.032333333333333325,fraction,250,0,collision,nan,0,33.034028138444974,0.034024683999999999,0.0010000000000000015,1.0000000000000031e-06,1.7349987539987208,-0.44194214470373855,0.00050374431214650123,trajectory reached the configured collision radius
58,79,0.7747251903424246,-0.032333333333333325,fraction,250,0,collision,nan,0,33.037015049489405,0.033199891000000002,0.001,9.9999999999999995e-07,1.7349337874225359,-0.44194214467712661,0.00050376765845527741,trajectory reached the configured collision radius
58,80,0.77479697955072258,-0.032333333333333325,fraction,250,0,collision,nan,0,33.040017821639189,0.067210402000000002,0.0010000000000000113,1.0000000000000226e-06,1.7348699651434489,-0.44194214465022935,0.0005037912539694676,trajectory reached the configured collision radius
58,81,0.77486876875902067,-0.032333333333333325,fraction,250,0,collision,nan,0,33.043036614492181,0.065568989999999994,0.001,9.9999999999999995e-07,1.7348072904573695,-0.4419421446230466,0.00050381509922320833,trajectory reached the configured collision radius
58,82,0.77494055796731875,-0.032333333333333325,fraction,250,0,collision,nan,0,33.046071590154746,0.033624467999999998,0.0010000000000000013,1.0000000000000027e-06,1.7347457666575612,-0.44194214459557701,0.0005038391947503342,trajectory reached the configured collision radius
58,83,0.77501234717561684,-0.032333333333333325,fraction,250,0,collision,nan,0,33.049122913296138,0.033675208999999998,0.001000000000000002,1.000000000000004e-06,1.7346853970344185,-0.44194214456781999,0.000503863541084268,trajectory reached the configured collision radius
58,84,0.77508413638391493,-0.032333333333333325,fraction,250,0,collision,nan,0,33.052190751203554,0.048142176000000002,0.001,9.9999999999999995e-07,1.7346261848749822,-0.44194214453977526,0.00050388813875808236,trajectory reached the configured collision radius
58,85,0.77515592559221302,-0.032333333333333325,fraction,250,0,collision,nan,0,33.05527527383866,0.035269109,0.0010000000000000072,1.0000000000000144e-06,1.7345681334625254,-0.44194214451144187,0.00050391298830444601,trajectory reached the configured collision radius
58,86,0.775227714800511,-0.032333333333333325,fraction,250,0,collision,nan,0,33.05837665389646,0.064691760000000001,0.0010000000000000002,1.0000000000000004e-06,1.7345112460761278,-0.4419421444828196,0.00050393809025563413,trajectory reached the configured collision radius
58,87,0.77529950400880909,-0.032333333333333325,fraction,250,0,collision,nan,0,33.061495066864751,0.039740530000000003,0.0010000000000000002,1.0000000000000004e-06,1.7344555259902223,-0.44194214445390723,0.00050396344514351749,trajectory reached the configured collision radius
58,88,0.77537129321710718,-0.032333333333333325,fraction,250,0,collision,nan,0,33.064630691085938,0.032948960999999999,0.0010000000000000061,1.0000000000000122e-06,1.7344009764741919,-0.44194214442470414,0.00050398905349955455,trajectory reached the configured collision radius
58,89,0.77544308242540527,-0.032333333333333325,fraction,250,0,collision,nan,0,33.067783707820631,0.051261537000000003,0.001,9.9999999999999995e-07,1.7343476007919347,-0.44194214439520979,0.00050401491585477202,trajectory reached the configured collision radius
58,90,0.77551487163370336,-0.032333333333333325,fraction,250,0,collision,nan,0,33.070954301312142,0.047359548000000001,0.0010000000000000018,1.0000000000000036e-06,1.734295402201252,-0.44194214436542423,0.00050404103273977887,trajectory reached the configured collision radius
58,91,0.77558666084200134,-0.032333333333333325,fraction,250,0,collision,nan,0,33.074142658854093,0.036430258,0.0010000000000000022,1.0000000000000044e-06,1.7342443839535846,-0.4419421443353459,0.0005040674046847747,trajectory reached the configured collision radius
58,92,0.77565845005029943,-0.032333333333333325,fraction,250,0,collision,nan,0,33.077348970858807,0.034996169000000001,0.001,9.9999999999999995e-07,1.7341945492934059,-0.44194214430497436,0.00050409403221952681,trajectory reached the configured collision radius
58,93,0.77573023925859752,-0.032333333333333325,fraction,250,0,collision,nan,0,33.080573430928396,0.034119126999999999,0.0010000000000000041,1.0000000000000082e-06,1.7341459014577185,-0.44194214427430911,0.00050412091587339301,trajectory reached the configured collision radius
58,94,0.77580202846689561,-0.032333333333333325,fraction,250,0,collision,nan,0,33.0838162359276,0.033739966000000003,0.0010000000000000011,1.0000000000000023e-06,1.7340984436755922,-0.44194214424334938,0.00050414805617530947,trajectory reached the configured collision radius
59,76,0.77450982271753033,-0.016166666666666663,fraction,250,0,collision,nan,0,33.043671659099132,0.055536703,0.0010000000000000007,1.0000000000000014e-06,1.733222465475649,-0.44194214509028068,0.00050340507881811605,trajectory reached the configured collision radius
59,77,0.77458161192582842,-0.016166666666666663,fraction,250,0,collision,nan,0,33.046640903839354,0.047652671000000001,0.0010000000000000002,1.0000000000000004e-06,1.733166063518105,-0.44194214506152779,0.00050343032062851129,trajectory reached the configured collision radius
59,78,0.77465340113412651,-0.016166666666666663,fraction,250,0,collision,nan,0,33.04962582311267,0.03548163,0.0010000000000000061,1.0000000000000122e-06,1.7331108031762053,-0.44194214503249196,0.00050345580948843915,trajectory reached the configured collision radius
59,79,0.7747251903424246,-0.016166666666666663,fraction,250,0,collision,nan,0,33.052626573891231,0.033447255000000002,0.001,9.9999999999999995e-07,1.7330566877150853,-0.44194214500317214,0.00050348154592465061,trajectory reached the configured collision radius
59,80,0.77479697955072258,-0.016166666666666663,fraction,250,0,collision,nan,0,33.05564331560528,0.043401958999999997,0.0010000000000000035,1.0000000000000069e-06,1.7330037203985034,-0.44194214497356871,0.00050350753046379327,trajectory reached the configured collision radius
59,81,0.77486876875902067,-0.016166666666666663,fraction,250,0,collision,nan,0,33.058676210195287,0.045378993999999999,0.0010000000000000005,1.000000000000001e-06,1.7329519044884201,-0.44194214494368034,0.00050353376363242587,trajectory reached the configured collision radius
59,82,0.77494055796731875,-0.016166666666666663,fraction,250,0,collision,nan,0,33.061725422166333,0.05439418,0.001,9.9999999999999995e-07,1.7329012432446782,-0.44194214491350664,0.00050356024595703871,trajectory reached the configured collision radius
59,83,0.77501234717561684,-0.016166666666666663,fraction,250,0,collision,nan,0,33.064791118642937,0.055668097999999999,0.0010000000000000083,1.0000000000000165e-06,1.7328517399246457,-0.44194214488304662,0.00050358697796400826,trajectory reached the configured collision radius
59,84,0.77508413638391493,-0.016166666666666663,fraction,250,0,collision,nan,0,33.067873469426601,0.043355527999999997,0.001,9.9999999999999995e-07,1.7328033977828252,-0.44194214485229971,0.00050361396017960616,trajectory reached the configured collision radius
59,85,0.77515592559221302,-0.016166666666666663,fraction,250,0,collision,nan,0,33.070972647053651,0.034170832999999998,0.0010000000000000018,1.0000000000000036e-06,1.7327562200705031,-0.44194214482126565,0.00050364119313005609,trajectory reached the configured collision radius
59,86,0.775227714800511,-0.016166666666666663,fraction,250,0,collision,nan,0,33.074088826855935,0.033137358999999998,0.0010000000000000018,1.0000000000000036e-06,1.7327102100352705,-0.44194214478994348,0.00050366867734144615,trajectory reached the configured collision radius
59,87,0.77529950400880909,-0.016166666666666663,fraction,250,0,collision,nan,0,33.077222187022059,0.033359418000000002,0.001,9.9999999999999995e-07,1.7326653709208144,-0.44194214475833282,0.00050369641333983337,trajectory reached the configured collision radius
59,88,0.77537129321710718,-0.016166666666666663,fraction,250,0,collision,nan,0,33.08037290866141,0.033664865000000002,0.0010000000000000061,1.0000000000000122e-06,1.7326217059663116,-0.44194214472643278,0.00050372440165115395,trajectory reached the configured collision radius
59,89,0.77544308242540527,-0.016166666666666663,fraction,250,0,collision,nan,0,33.083541175869037,0.03336807,0.0010000000000000002,1.0000000000000004e-06,1.7325792184061566,-0.44194214469424259,0.00050375264280132378,trajectory reached the configured collision radius
59,90,0.77551487163370336,-0.016166666666666663,fraction,250,0,collision,nan,0,33.086727175792873,0.033425048999999998,0.001,9.9999999999999995e-07,1.7325379114694817,-0.44194214466176202,0.0005037811373161821,trajectory reached the configured collision radius
59,91,0.77558666084200134,-0.016166666666666663,fraction,250,0,collision,nan,0,33.089931098702856,0.034479463000000002,0.0010000000000000104,1.0000000000000209e-06,1.7324977883797368,-0.44194214462899001,0.00050380988572156795,trajectory reached the configured collision radius
59,92,0.77565845005029943,-0.016166666666666663,fraction,250,0,collision,nan,0,33.093153138062185,0.041856084000000002,0.001,9.9999999999999995e-07,1.732458852354327,-0.44194214459592629,0.00050383888854328425,trajectory reached the configured collision radius
59,93,0.77573023925859752,-0.016166666666666663,fraction,250,0,collision,nan,0,33.096393490599581,0.037733919999999997,0.0010000000000000005,1.000000000000001e-06,1.7324211066040243,-0.44194214456256958,0.00050386814630716699,trajectory reached the configured collision radius
59,94,0.77580202846689561,-0.016166666666666663,fraction,250,0,collision,nan,0,33.099652356385448,0.033959850999999999,0.0010000000000000065,1.0000000000000131e-06,1.7323845543327114,-0.44194214452891989,0.00050389765953909771,trajectory reached the configured collision radius
60,76,0.77450982271753033,0,fraction,250,0,collision,nan,0,33.059541519124245,0.034841856999999997,0.0010000000000000052,1.0000000000000105e-06,1.7313393668733146,-0.44194214540944948,0.00050312480051258328,trajectory reached the configured collision radius
60,77,0.77458161192582842,0,fraction,250,0,collision,nan,0,33.062524879487967,0.033189482999999999,0.001,9.9999999999999995e-07,1.7312939948482544,-0.44194214537798293,0.00050315244003138913,trajectory reached the configured collision radius
60,78,0.77465340113412651,0,fraction,250,0,collision,nan,0,33.065524044902716,0.038823978000000002,0.0010000000000000046,1.0000000000000091e-06,1.7312497674364822,-0.44194214534623466,0.00050318032530019508,trajectory reached the configured collision radius
60,79,0.7747251903424246,0,fraction,250,0,collision,nan,0,33.068539174688162,0.034084287999999997,0.0010000000000000005,1.000000000000001e-06,1.7312066878691228,-0.44194214531420389,0.00050320845683827326,trajectory reached the configured collision radius
60,80,0.77479697955072258,0,fraction,250,0,collision,nan,0,33.071570430677092,0.038374000999999998,0.0010000000000000002,1.0000000000000004e-06,1.7311647593763735,-0.44194214528189074,0.00050323683516511133,trajectory reached the configured collision radius
60,81,0.77486876875902067,0,fraction,250,0,collision,nan,0,33.07461797726954,0.033527972000000003,0.0010000000000000061,1.0000000000000122e-06,1.7311239851871618,-0.44194214524929415,0.00050326546080035276,trajectory reached the configured collision radius
60,82,0.77494055796731875,0,fraction,250,0,collision,nan,0,33.077681981488652,0.033569806000000001,0.001,9.9999999999999995e-07,1.7310843685288391,-0.44194214521641279,0.00050329433426387065,trajectory reached the configured collision radius
60,83,0.77501234717561684,0,fraction,250,0,collision,nan,0,33.080762613036995,0.034247777,0.0010000000000000028,1.0000000000000057e-06,1.7310459126268822,-0.44194214518324748,0.00050332345607576555,trajectory reached the configured collision radius
60,84,0.77508413638391493,0,fraction,250,0,collision,nan,0,33.083860044356136,0.033640426000000001,0.0010000000000000009,1.0000000000000019e-06,1.7310086207044848,-0.44194214514979629,0.0005033528267563332,trajectory reached the configured collision radius
60,85,0.77515592559221302,0,fraction,250,0,collision,nan,0,33.086974450686306,0.037828806,0.001,9.9999999999999995e-07,1.7309724959823403,-0.44194214511605939,0.00050338244682614371,trajectory reached the configured collision radius
60,86,0.775227714800511,0,fraction,250,0,collision,nan,0,33.090106010128551,0.033546167000000002,0.0010000000000000098,1.0000000000000196e-06,1.7309375416781787,-0.44194214508203594,0.00050341231680603232,trajectory reached the configured collision radius
60,87,0.77529950400880909,0,fraction,250,0,collision,nan,0,33.093254903708612,0.034119244999999999,0.0010000000000000002,1.0000000000000004e-06,1.7309037610065041,-0.44194214504772522,0.00050344243721709802,trajectory reached the configured collision radius
60,88,0.77537129321710718,0,fraction,250,0,collision,nan,0,33.096421315442043,0.033796914999999997,0.0010000000000000005,1.000000000000001e-06,1.7308711571782049,-0.44194214501312612,0.00050347280858079654,trajectory reached the configured collision radius
60,89,0.77544308242540527,0,fraction,250,0,collision,nan,0,33.099605432401717,0.033946905999999999,0.0010000000000000059,1.0000000000000118e-06,1.7308397334001846,-0.44194214497823853,0.00050350343141889462,trajectory reached the configured collision radius
60,90,0.77551487163370336,0,fraction,250,0,collision,nan,0,33.102807444787501,0.044797986999999997,0.001,9.9999999999999995e-07,1.7308094928750331,-0.44194214494306205,0.00050353430625355022,trajectory reached the configured collision radius
60,91,0.77558666084200134,0,fraction,250,0,collision,nan,0,33.106027545996604,0.033408710000000001,0.0010000000000000013,1.0000000000000027e-06,1.7307804388006498,-0.44194214490759542,0.00050356543360733773,trajectory reached the configured collision radius
60,92,0.77565845005029943,0,fraction,250,0,collision,nan,0,33.109265932697888,0.033439908999999997,0.0010000000000000028,1.0000000000000057e-06,1.7307525743697929,-0.44194214487183803,0.00050359681400325557,trajectory reached the configured collision radius
60,93,0.77573023925859752,0,fraction,250,0,collision,nan,0,33.112522804906554,0.033299870000000002,0.001,9.9999999999999995e-07,1.7307259027698623,-0.44194214483579025,0.00050362844796484219,trajectory reached the configured collision radius
60,94,0.77580202846689561,0,fraction,250,0,collision,nan,0,33.115798366061995,0.034205873999999997,0.0010000000000000026,1.0000000000000052e-06,1.7307004271823279,-0.44194214479944971,0.00050366033601614293,trajectory reached the configured collision radius
61,76,0.77450982271753033,0.016166666666666663,fraction,250,0,collision,nan,0,33.075724488013705,0.033965894000000003,0.0010000000000000028,1.0000000000000057e-06,1.7294858993149851,-0.44194214571286117,0.00050285821497419992,trajectory reached the configured collision radius
61,77,0.77458161192582842,0.016166666666666663,fraction,250,0,collision,nan,0,33.07872251465777,0.034710546000000002,0.0010000000000000007,1.0000000000000014e-06,1.7294517352179966,-0.44194214567867918,0.00050288825503162261,trajectory reached the configured collision radius
61,78,0.77465340113412651,0.016166666666666663,fraction,250,0,collision,nan,0,33.081736482479776,0.037853191000000001,0.001,9.9999999999999995e-07,1.7294187178171454,-0.4419421456442173,0.00050291853932966923,trajectory reached the configured collision radius
61,79,0.7747251903424246,0.016166666666666663,fraction,250,0,collision,nan,0,33.084766553265816,0.033272629999999997,0.001000000000000008,1.000000000000016e-06,1.7293868503106744,-0.44194214560947515,0.00050294906838093984,trajectory reached the configured collision radius
61,80,0.77479697955072258,0.016166666666666663,fraction,250,0,collision,nan,0,33.08781289137378,0.034194872000000001,0.001,9.9999999999999995e-07,1.7293561358964387,-0.44194214557445138,0.00050297984269847705,trajectory reached the configured collision radius
61,81,0.77486876875902067,0.016166666666666663,fraction,250,0,collision,nan,0,33.090875663788694,0.033666140999999997,0.0010000000000000022,1.0000000000000044e-06,1.7293265777717506,-0.44194214553914629,0.00050301086279587719,trajectory reached the configured collision radius
61,82,0.77494055796731875,0.016166666666666663,fraction,250,0,collision,nan,0,33.093955040180084,0.058895965000000002,0.0010000000000000013,1.0000000000000027e-06,1.7292981791329427,-0.44194214550355865,0.00050304212918725973,trajectory reached the configured collision radius
61,83,0.77501234717561684,0.016166666666666663,fraction,250,0,collision,nan,0,33.097051192960897,0.041313809999999999,0.0010000000000000002,1.0000000000000004e-06,1.7292709431752471,-0.44194214546768718,0.00050307364238731146,trajectory reached the configured collision radius
61,84,0.77508413638391493,0.016166666666666663,fraction,250,0,collision,nan,0,33.100164297347931,0.050186201999999999,0.0010000000000000089,1.0000000000000177e-06,1.7292448730924546,-0.44194214543153232,0.00050310540291131651,trajectory reached the configured collision radius
61,85,0.77515592559221302,0.016166666666666663,fraction,250,0,collision,nan,0,33.103294531424268,0.033629731000000003,0.001,9.9999999999999995e-07,1.729219972076538,-0.44194214539509269,0.00050313741127517187,trajectory reached the configured collision radius
61,86,0.775227714800511,0.016166666666666663,fraction,250,0,collision,nan,0,33.106442076202896,0.057019921000000001,0.0010000000000000002,1.0000000000000004e-06,1.7291962433174981,-0.44194214535836834,0.00050316966799546258,trajectory reached the configured collision radius
61,87,0.77529950400880909,0.016166666666666663,fraction,250,0,collision,nan,0,33.109607115692491,0.063106102999999997,0.0010000000000000059,1.0000000000000118e-06,1.7291736900030157,-0.44194214532135817,0.00050320217358947809,trajectory reached the configured collision radius
61,88,0.77537129321710718,0.016166666666666663,fraction,250,0,collision,nan,0,33.112789836965305,0.034198761000000001,0.001,9.9999999999999995e-07,1.7291523153181139,-0.44194214528406156,0.00050323492857523241,trajectory reached the configured collision radius
61,89,0.77544308242540527,0.016166666666666663,fraction,250,0,collision,nan,0,33.115990430226532,0.041125869000000002,0.0010000000000000015,1.0000000000000031e-06,1.7291321224448615,-0.44194214524647779,0.00050326793347155857,trajectory reached the configured collision radius
61,90,0.77551487163370336,0.016166666666666663,fraction,250,0,collision,nan,0,33.119209088885526,0.033238104999999997,0.0010000000000000026,1.0000000000000052e-06,1.7291131145621881,-0.44194214520860697,0.00050330118879813787,trajectory reached the configured collision radius
61,91,0.77558666084200134,0.016166666666666663,fraction,250,0,collision,nan,0,33.12244600963006,0.033646651,0.001,9.9999999999999995e-07,1.7290952948453542,-0.44194214517044761,0.00050333469507554685,trajectory reached the configured collision radius
61,92,0.77565845005029943,0.016166666666666663,fraction,250,0,collision,nan,0,33.125701392501199,0.036545655000000003,0.0010000000000000033,1.0000000000000065e-06,1.7290786664658528,-0.44194214513199886,0.00050336845282534571,trajectory reached the configured collision radius
61,93,0.77573023925859752,0.016166666666666663,fraction,250,0,collision,nan,0,33.128975440972255,0.034510074000000002,0.0010000000000000013,1.0000000000000027e-06,1.7290632325909903,-0.44194214509326069,0.00050340246257010626,trajectory reached the configured collision radius
61,94,0.77580202846689561,0.016166666666666663,fraction,250,0,collision,nan,0,33.132268362028015,0.033212033000000002,0.001,9.9999999999999995e-07,1.7290489963836213,-0.44194214505423229,0.00050343672483351548,trajectory reached the configured collision radius
62,76,0.77450982271753033,0.032333333333333325,fraction,250,0,collision,nan,0,33.092234938491352,0.043316796999999997,0.001,9.9999999999999995e-07,1.7276652913739623,-0.44194214599972842,0.00050260603528766196,trajectory reached the configured collision radius
62,77,0.77458161192582842,0.032333333333333325,fraction,250,0,collision,nan,0,33.095248206126115,0.040529631000000003,0.0010000000000000076,1.0000000000000152e-06,1.7276425042526464,-0.44194214596283354,0.00050263847604391058,trajectory reached the configured collision radius
62,78,0.77465340113412651,0.032333333333333325,fraction,250,0,collision,nan,0,33.098277557106123,0.033974560000000001,0.001,9.9999999999999995e-07,1.7276208650010172,-0.4419421459256605,0.00050267115932521209,trajectory reached the configured collision radius
62,79,0.7747251903424246,0.032333333333333325,fraction,250,0,collision,nan,0,33.101323155812523,0.032846744999999997,0.0010000000000000005,1.000000000000001e-06,1.7276003767860475,-0.44194214588820829,0.00050270408563834264,trajectory reached the configured collision radius
62,80,0.77479697955072258,0.032333333333333325,fraction,250,0,collision,nan,0,33.104385169259743,0.033574298000000002,0.0010000000000000039,1.0000000000000078e-06,1.7275810427750555,-0.4419421458504767,0.00050273725549087646,trajectory reached the configured collision radius
62,81,0.77486876875902067,0.032333333333333325,fraction,250,0,collision,nan,0,33.107463767152801,0.033970517999999998,0.001,9.9999999999999995e-07,1.727562866135623,-0.44194214581246494,0.00050277066939126869,trajectory reached the configured collision radius
62,82,0.77494055796731875,0.032333333333333325,fraction,250,0,collision,nan,0,33.110559121946203,0.03331253,0.0010000000000000044,1.0000000000000086e-06,1.7275458500352332,-0.44194214577417251,0.0005028043278489171,trajectory reached the configured collision radius
62,83,0.77501234717561684,0.032333333333333325,fraction,250,0,collision,nan,0,33.113671408905361,0.033061594999999999,0.0010000000000000007,1.0000000000000014e-06,1.7275299976411123,-0.44194214573559848,0.00050283823137413201,trajectory reached the configured collision radius
62,84,0.77508413638391493,0.032333333333333325,fraction,250,0,collision,nan,0,33.116800806168342,0.033976500999999999,0.0010000000000000002,1.0000000000000004e-06,1.7275153121200029,-0.44194214569674267,0.00050287238047827564,trajectory reached the configured collision radius
62,85,0.77515592559221302,0.032333333333333325,fraction,250,0,collision,nan,0,33.119947494810326,0.034360445000000003,0.0010000000000000109,1.0000000000000218e-06,1.7275017966378545,-0.44194214565760426,0.00050290677567373587,trajectory reached the configured collision radius
62,86,0.775227714800511,0.032333333333333325,fraction,250,0,collision,nan,0,33.12311165891002,0.033452895000000003,0.001,9.9999999999999995e-07,1.7274894543596679,-0.44194214561818213,0.00050294141747400591,trajectory reached the configured collision radius
62,87,0.77529950400880909,0.032333333333333325,fraction,250,0,collision,nan,0,33.126293485617012,0.033154320000000001,0.0010000000000000007,1.0000000000000014e-06,1.7274782884492206,-0.44194214557847628,0.00050297630639377464,trajectory reached the configured collision radius
62,88,0.77537129321710718,0.032333333333333325,fraction,250,0,collision,nan,0,33.129493165221703,0.064172335999999996,0.0010000000000000046,1.0000000000000091e-06,1.7274683020688721,-0.44194214553848599,0.00050301144294897062,trajectory reached the configured collision radius
62,89,0.77544308242540527,0.032333333333333325,fraction,250,0,collision,nan,0,33.132710891227532,0.033940033000000001,0.001,9.9999999999999995e-07,1.7274594983792013,-0.44194214549821031,0.00050304682765680002,trajectory reached the configured collision radius
62,90,0.77551487163370336,0.032333333333333325,fraction,250,0,collision,nan,0,33.135946860424575,0.033971143000000002,0.0010000000000000018,1.0000000000000036e-06,1.7274518805389474,-0.44194214545764876,0.00050308246103585301,trajectory reached the configured collision radius
62,91,0.77558666084200134,0.032333333333333325,fraction,250,0,collision,nan,0,33.13920127296565,0.033372263999999999,0.0010000000000000024,1.0000000000000048e-06,1.7274454517046387,-0.4419421454168006,0.00050311834360618776,trajectory reached the configured collision radius
62,92,0.77565845005029943,0.032333333333333325,fraction,250,0,collision,nan,0,33.142474332444962,0.042943864999999998,0.001,9.9999999999999995e-07,1.7274402150303858,-0.44194214537566495,0.00050315447588938607,trajectory reached the configured collision radius
62,93,0.77573023925859752,0.032333333333333325,fraction,250,0,collision,nan,0,33.145766245978017,0.043926051000000001,0.0010000000000000026,1.0000000000000052e-06,1.7274361736676878,-0.44194214533424186,0.00050319085840867166,trajectory reached the configured collision radius
62,94,0.77580202846689561,0.032333333333333325,fraction,250,0,collision,nan,0,33.149077224285399,0.052303543000000001,0.0010000000000000018,1.0000000000000036e-06,1.7274333307651601,-0.44194214529253023,0.0005032274916889867,trajectory reached the configured collision radius
63,76,0.77450982271753033,0.048499999999999988,fraction,250,0,collision,nan,0,33.109088040871363,0.036163420000000002,0.001000000000000002,1.000000000000004e-06,1.7258809218841993,-0.44194214626923245,0.00050236900423280845,trajectory reached the configured collision radius
63,77,0.77458161192582842,0.048499999999999988,fraction,250,0,collision,nan,0,33.112117150619753,0.068601112000000006,0.001,9.9999999999999995e-07,1.7258696714809096,-0.44194214622962863,0.00050240384307103096,trajectory reached the configured collision radius
63,78,0.77465340113412651,0.048499999999999988,fraction,250,0,collision,nan,0,33.115162492392976,0.064171806999999997,0.0010000000000000089,1.0000000000000177e-06,1.7258595692187233,-0.44194214618974897,0.00050243892251668567,trajectory reached the configured collision radius
63,79,0.7747251903424246,0.048499999999999988,fraction,250,0,collision,nan,0,33.118224233305654,0.033909370000000001,0.001,9.9999999999999995e-07,1.7258506182355471,-0.4419421461495916,0.00050247424307168392,trajectory reached the configured collision radius
63,80,0.77479697955072258,0.048499999999999988,fraction,250,0,collision,nan,0,33.121302543170891,0.032660043999999999,0.0010000000000000007,1.0000000000000014e-06,1.7258428216706245,-0.44194214610915727,0.00050250980523923569,trajectory reached the configured collision radius
63,81,0.77486876875902067,0.048499999999999988,fraction,250,0,collision,nan,0,33.124397594559063,0.048286952000000001,0.0010000000000000037,1.0000000000000074e-06,1.7258361826643307,-0.44194214606844473,0.00050254560952378222,trajectory reached the configured collision radius
63,82,0.77494055796731875,0.048499999999999988,fraction,250,0,collision,nan,0,33.127509562859615,0.036331809999999999,0.001,9.9999999999999995e-07,1.7258307043580001,-0.44194214602745313,0.00050258165643109936,trajectory reached the configured collision radius
63,83,0.77501234717561684,0.048499999999999988,fraction,250,0,collision,nan,0,33.13063862634305,0.034381895000000003,0.0010000000000000037,1.0000000000000074e-06,1.7258263898938384,-0.44194214598618203,0.00050261794646841126,trajectory reached the configured collision radius
63,84,0.77508413638391493,0.048499999999999988,fraction,250,0,collision,nan,0,33.133784966226315,0.033653476000000002,0.0010000000000000009,1.0000000000000019e-06,1.7258232424145661,-0.44194214594463099,0.00050265448014433353,trajectory reached the configured collision radius
63,85,0.77515592559221302,0.048499999999999988,fraction,250,0,collision,nan,0,33.136948766738307,0.033494459999999997,0.001,9.9999999999999995e-07,1.7258212650633815,-0.44194214590279929,0.00050269125796907751,trajectory reached the configured collision radius
63,86,0.775227714800511,0.048499999999999988,fraction,250,0,collision,nan,0,33.140130215188812,0.042896364999999999,0.0010000000000000093,1.0000000000000186e-06,1.7258204609838268,-0.44194214586068598,0.00050272828045444886,trajectory reached the configured collision radius
63,87,0.77529950400880909,0.048499999999999988,fraction,250,0,collision,nan,0,33.143329502038348,0.033715341000000003,0.0010000000000000002,1.0000000000000004e-06,1.7258208333194665,-0.44194214581829128,0.00050276554811390026,trajectory reached the configured collision radius
63,88,0.77537129321710718,0.048499999999999988,fraction,250,0,collision,nan,0,33.146546820970514,0.034308532000000003,0.0010000000000000002,1.0000000000000004e-06,1.7258223852137711,-0.44194214577561336,0.00050280306146272566,trajectory reached the configured collision radius
63,89,0.77544308242540527,0.048499999999999988,fraction,250,0,collision,nan,0,33.149782368966257,0.044758232000000002,0.001000000000000008,1.000000000000016e-06,1.7258251198100865,-0.44194214573265206,0.00050284082101805948,trajectory reached the configured collision radius
63,90,0.77551487163370336,0.048499999999999988,fraction,250,0,collision,nan,0,33.153036346380368,0.033802655000000001,0.001,9.9999999999999995e-07,1.7258290402512344,-0.44194214568940693,0.00050287882729896198,trajectory reached the configured collision radius
63,91,0.77558666084200134,0.048499999999999988,fraction,250,0,collision,nan,0,33.156308957020222,0.034313056000000001,0.0010000000000000005,1.000000000000001e-06,1.7258341496795815,-0.44194214564587747,0.00050291708082663648,trajectory reached the configured collision radius
63,92,0.77565845005029943,0.048499999999999988,fraction,250,0,collision,nan,0,33.159600408226922,0.034731694,0.0010000000000000059,1.0000000000000118e-06,1.7258404512366785,-0.44194214560206246,0.00050295558212438962,trajectory reached the configured collision radius
63,93,0.77573023925859752,0.048499999999999988,fraction,250,0,collision,nan,0,33.162910910958502,0.033357171999999997,0.001,9.9999999999999995e-07,1.7258479480633107,-0.44194214555796141,0.00050299433171785294,trajectory reached the configured collision radius
63,94,0.77580202846689561,0.048499999999999988,fraction,250,0,collision,nan,0,33.166240679876026,0.041179818999999999,0.0010000000000000007,1.0000000000000014e-06,1.7258566432991715,-0.44194214551357347,0.00050303333013507927,trajectory reached the configured collision radius
64,76,0.77450982271753033,0.06466666666666665,fraction,250,0,collision,nan,0,33.126299827920867,0.063389996000000004,0.0010000000000000007,1.0000000000000014e-06,1.7241363305980746,-0.44194214652051805,0.00050214789585813983,trajectory reached the configured collision radius
64,77,0.77458161192582842,0.06466666666666665,fraction,250,0,collision,nan,0,33.129345409934835,0.033732587000000001,0.0010000000000000035,1.0000000000000069e-06,1.724136766961933,-0.44194214647821251,0.00050218512727050494,trajectory reached the configured collision radius
64,78,0.77465340113412651,0.06466666666666665,fraction,250,0,collision,nan,0,33.13240737968259,0.033226168,0.001,9.9999999999999995e-07,1.7241383508453854,-0.44194214643563356,0.00050222259717522819,trajectory reached the configured collision radius
64,79,0.7747251903424246,0.06466666666666665,fraction,250,0,collision,nan,0,33.135485907161531,0.043186258999999998,0.001000000000000005,1.0000000000000101e-06,1.7241410853601971,-0.44194214639277968,0.00050226030607066201,trajectory reached the configured collision radius
64,80,0.77479697955072258,0.06466666666666665,fraction,250,0,collision,nan,0,33.138581165136735,0.033274801,0.0010000000000000005,1.000000000000001e-06,1.7241449736205348,-0.44194214634965023,0.00050229825445675968,trajectory reached the configured collision radius
64,81,0.77486876875902067,0.06466666666666665,fraction,250,0,collision,nan,0,33.141693329201665,0.032926718000000001,0.0010000000000000002,1.0000000000000004e-06,1.7241500187428573,-0.44194214630624495,0.0005023364428352737,trajectory reached the configured collision radius
64,82,0.77494055796731875,0.06466666666666665,fraction,250,0,collision,nan,0,33.144822577841445,0.058819199000000003,0.0010000000000000087,1.0000000000000173e-06,1.7241562238457999,-0.44194214626256262,0.00050237487170972327,trajectory reached the configured collision radius
64,83,0.77501234717561684,0.06466666666666665,fraction,250,0,collision,nan,0,33.147969092497988,0.033290255999999997,0.001,9.9999999999999995e-07,1.7241635920500511,-0.44194214621860306,0.00050241354158552377,trajectory reached the configured collision radius
64,84,0.77508413638391493,0.06466666666666665,fraction,250,0,collision,nan,0,33.151133057636514,0.033607531000000003,0.0010000000000000009,1.0000000000000019e-06,1.7241721264782801,-0.44194214617436584,0.00050245245297008475,trajectory reached the configured collision radius
64,85,0.77515592559221302,0.06466666666666665,fraction,250,0,collision,nan,0,33.154314660814329,0.041728058999999998,0.0010000000000000033,1.0000000000000065e-06,1.7241818302549357,-0.44194214612984967,0.00050249160637286922,trajectory reached the configured collision radius
64,86,0.775227714800511,0.06466666666666665,fraction,250,0,collision,nan,0,33.157514092751377,0.034066633999999998,0.001,9.9999999999999995e-07,1.7241927065062728,-0.44194214608505461,0.00050253100230550352,trajectory reached the configured collision radius
64,87,0.77529950400880909,0.06466666666666665,fraction,250,0,collision,nan,0,33.16073154740301,0.059901495999999999,0.0010000000000000031,1.0000000000000061e-06,1.7242047583601627,-0.44194214603997944,0.00050257064128189091,trajectory reached the configured collision radius
64,88,0.77537129321710718,0.06466666666666665,fraction,250,0,collision,nan,0,33.163967222034536,0.033940857999999997,0.0010000000000000013,1.0000000000000027e-06,1.7242179889460205,-0.44194214599462395,0.0005026105238183045,trajectory reached the configured collision radius
64,89,0.77544308242540527,0.06466666666666665,fraction,250,0,collision,nan,0,33.167221317298527,0.048708916999999997,0.001,9.9999999999999995e-07,1.7242324013947372,-0.44194214594898706,0.00050265065043350273,trajectory reached the configured collision radius
64,90,0.77551487163370336,0.06466666666666665,fraction,250,0,collision,nan,0,33.170494037313411,0.034486026000000003,0.001000000000000005,1.0000000000000101e-06,1.7242479988385655,-0.44194214590306807,0.00050269102164888157,trajectory reached the configured collision radius
64,91,0.77558666084200134,0.06466666666666665,fraction,250,0,collision,nan,0,33.173785589745854,0.033848229000000001,0.0010000000000000009,1.0000000000000019e-06,1.7242647844110499,-0.44194214585686697,0.00050273163798854402,trajectory reached the configured collision radius
64,92,0.77565845005029943,0.06466666666666665,fraction,250,0,collision,nan,0,33.177096185893994,0.059887070000000001,0.001,9.9999999999999995e-07,1.7242827612470155,-0.44194214581038216,0.00050277249997950329,trajectory reached the configured collision radius
64,93,0.77573023925859752,0.06466666666666665,fraction,250,0,collision,nan,0,33.180426040774229,0.036150338999999997,0.0010000000000000054,1.000000000000011e-06,1.724301932482466,-0.44194214576361424,0.00050281360815179396,trajectory reached the configured collision radius
64,94,0.77580202846689561,0.06466666666666665,fraction,250,0,collision,nan,0,33.183775373210267,0.033709116999999997,0.0010000000000000007,1.0000000000000014e-06,1.7243223012544964,-0.44194214571656104,0.00050285496303861062,trajectory reached the configured collision radius
65,76,0.77450982271753033,0.080833333333333313,fraction,250,0,collision,nan,0,33.143887265957517,0.034119424000000002,0.0010000000000000011,1.0000000000000023e-06,1.7224352296050935,-0.44194214675269161,0.00050194351713710357,trajectory reached the configured collision radius
65,77,0.77458161192582842,0.080833333333333313,fraction,250,0,collision,nan,0,33.14694998232779,0.033589235000000002,0.001,9.9999999999999995e-07,1.7224474926719784,-0.44194214670769605,0.00050198313260356702,trajectory reached the configured collision radius
65,78,0.77465340113412651,0.080833333333333313,fraction,250,0,collision,nan,0,33.150029249737024,0.033705826000000001,0.0010000000000000111,1.0000000000000222e-06,1.7224609017556436,-0.44194214666242831,0.00050202298425527047,trajectory reached the configured collision radius
65,79,0.7747251903424246,0.080833333333333313,fraction,250,0,collision,nan,0,33.15312524122799,0.033767473999999999,0.0010000000000000002,1.0000000000000004e-06,1.7224754599452392,-0.44194214661688824,0.00050206307258824376,trajectory reached the configured collision radius
65,80,0.77479697955072258,0.080833333333333313,fraction,250,0,collision,nan,0,33.156238132683043,0.035987676000000003,0.0010000000000000007,1.0000000000000014e-06,1.7224911703336632,-0.44194214657107517,0.00050210339810071044,trajectory reached the configured collision radius
65,81,0.77486876875902067,0.080833333333333313,fraction,250,0,collision,nan,0,33.159368102888891,0.03776243,0.0010000000000000037,1.0000000000000074e-06,1.722508036017431,-0.4419421465249882,0.00050214396129312164,trajectory reached the configured collision radius
65,82,0.77494055796731875,0.080833333333333313,fraction,250,0,collision,nan,0,33.16251533360127,0.034717703000000003,0.001,9.9999999999999995e-07,1.7225260600966521,-0.44194214647862706,0.00050218476266825182,trajectory reached the configured collision radius
65,83,0.77501234717561684,0.080833333333333313,fraction,250,0,collision,nan,0,33.165680009612323,0.037160238999999998,0.0010000000000000033,1.0000000000000065e-06,1.7225452456749881,-0.44194214643199087,0.00050222580273132295,trajectory reached the configured collision radius
65,84,0.77508413638391493,0.080833333333333313,fraction,250,0,collision,nan,0,33.168862318819826,0.033665872999999999,0.0010000000000000011,1.0000000000000023e-06,1.7225655958595836,-0.4419421463850785,0.00050226708199009693,trajectory reached the configured collision radius
65,85,0.77515592559221302,0.080833333333333313,fraction,250,0,collision,nan,0,33.172062452298022,0.033957761000000003,0.001,9.9999999999999995e-07,1.7225871137610818,-0.44194214633789064,0.00050230860095499717,trajectory reached the configured collision radius
65,86,0.775227714800511,0.080833333333333313,fraction,250,0,collision,nan,0,33.175280604370926,0.034664010000000002,0.0010000000000000072,1.0000000000000144e-06,1.7226098024935581,-0.44194214629042561,0.00050235036013922968,trajectory reached the configured collision radius
65,87,0.77529950400880909,0.080833333333333313,fraction,250,0,collision,nan,0,33.17851697268793,0.034156725999999998,0.0010000000000000005,1.000000000000001e-06,1.7226336651745475,-0.44194214624268263,0.00050239236005890245,trajectory reached the configured collision radius
65,88,0.77537129321710718,0.080833333333333313,fraction,250,0,collision,nan,0,33.181771758300272,0.035080721000000002,0.001,9.9999999999999995e-07,1.7226587049249644,-0.44194214619466143,0.0005024346012331819,trajectory reached the configured collision radius
65,89,0.77544308242540527,0.080833333333333313,fraction,250,0,collision,nan,0,33.185045165741876,0.054854506999999997,0.0010000000000000109,1.0000000000000218e-06,1.7226849248691967,-0.44194214614636124,0.00050247708418441051,trajectory reached the configured collision radius
65,90,0.77551487163370336,0.080833333333333313,fraction,250,0,collision,nan,0,33.188337403111056,0.033056858000000001,0.0010000000000000002,1.0000000000000004e-06,1.7227123281350176,-0.44194214609778204,0.00050251980943823334,trajectory reached the configured collision radius
65,91,0.77558666084200134,0.080833333333333313,fraction,250,0,collision,nan,0,33.191648682154778,0.034257192999999998,0.0010000000000000002,1.0000000000000004e-06,1.7227409178536874,-0.44194214604892212,0.00050256277752383895,trajectory reached the configured collision radius
65,92,0.77565845005029943,0.080833333333333313,fraction,250,0,collision,nan,0,33.194979218356217,0.038831375000000001,0.0010000000000000111,1.0000000000000222e-06,1.722770697159979,-0.44194214599978099,0.00050260598897404582,trajectory reached the configured collision radius
65,93,0.77573023925859752,0.080833333333333313,fraction,250,0,collision,nan,0,33.198329231024026,0.036781370000000001,0.0010000000000000002,1.0000000000000004e-06,1.7228016691921744,-0.44194214595035874,0.00050264944432548968,trajectory reached the configured collision radius
65,94,0.77580202846689561,0.080833333333333313,fraction,250,0,collision,nan,0,33.201698943385011,0.038308864999999998,0.001,9.9999999999999995e-07,1.7228338370921406,-0.44194214590065389,0.0005026931441188705,trajectory reached the configured collision radius
66,76,0.77450982271753033,0.096999999999999975,fraction,250,0,collision,nan,0,33.161868332940998,0.041540467999999997,0.001,9.9999999999999995e-07,1.7207815155809398,-0.4419421469648222,0.00050175670970978314,trajectory reached the configured collision radius
66,77,0.77458161192582842,0.096999999999999975,fraction,250,0,collision,nan,0,33.164948880940038,0.039672411999999997,0.0010000000000000106,1.0000000000000213e-06,1.7208057347201302,-0.44194214691714928,0.00050179869756944819,trajectory reached the configured collision radius
66,78,0.77465340113412651,0.096999999999999975,fraction,250,0,collision,nan,0,33.16804615150452,0.034397539999999997,0.001,9.9999999999999995e-07,1.720831097506125,-0.44194214686920713,0.00050184091912114403,trajectory reached the configured collision radius
66,79,0.7747251903424246,0.096999999999999975,fraction,250,0,collision,nan,0,33.17116032089654,0.03901665,0.0010000000000000011,1.0000000000000023e-06,1.7208576070099091,-0.44194214682099514,0.00050188337486019199,trajectory reached the configured collision radius
66,80,0.77479697955072258,0.096999999999999975,fraction,250,0,collision,nan,0,33.174291568296269,0.033457757999999997,0.0010000000000000033,1.0000000000000065e-06,1.7208852663076077,-0.4419421467725122,0.00050192606528461602,trajectory reached the configured collision radius
66,81,0.77486876875902067,0.096999999999999975,fraction,250,0,collision,nan,0,33.177440075867707,0.032945074999999997,0.001,9.9999999999999995e-07,1.7209140784806769,-0.44194214672375881,0.00050196899089523478,trajectory reached the configured collision radius
66,82,0.77494055796731875,0.096999999999999975,fraction,250,0,collision,nan,0,33.180606028826631,0.033972090000000003,0.0010000000000000039,1.0000000000000078e-06,1.7209440466157007,-0.44194214667473286,0.00050201215219576676,trajectory reached the configured collision radius
66,83,0.77501234717561684,0.096999999999999975,fraction,250,0,collision,nan,0,33.183789615509802,0.048843706000000001,0.0010000000000000009,1.0000000000000019e-06,1.7209751738045815,-0.44194214662543457,0.00050205554969301599,trajectory reached the configured collision radius
66,84,0.77508413638391493,0.096999999999999975,fraction,250,0,collision,nan,0,33.186991027446702,0.033549981999999999,0.001,9.9999999999999995e-07,1.7210074631445436,-0.441942146575863,0.00050209918389693511,trajectory reached the configured collision radius
66,85,0.77515592559221302,0.096999999999999975,fraction,250,0,collision,nan,0,33.190210459433402,0.033688889,0.001000000000000008,1.000000000000016e-06,1.7210409177381354,-0.44194214652601771,0.00050214305532080841,trajectory reached the configured collision radius
66,86,0.775227714800511,0.096999999999999975,fraction,250,0,collision,nan,0,33.193448109608234,0.033276912999999998,0.0010000000000000005,1.000000000000001e-06,1.7210755406933147,-0.44194214647589763,0.00050218716448135201,trajectory reached the configured collision radius
66,87,0.77529950400880909,0.096999999999999975,fraction,250,0,collision,nan,0,33.196704179530066,0.033107969000000001,0.001,9.9999999999999995e-07,1.7211113351236105,-0.44194214642550272,0.0005022315118989423,trajectory reached the configured collision radius
66,88,0.77537129321710718,0.096999999999999975,fraction,250,0,collision,nan,0,33.199978874258129,0.059157245999999997,0.0010000000000000113,1.0000000000000226e-06,1.7211483041480728,-0.44194214637483176,0.00050227609809771307,trajectory reached the configured collision radius
66,89,0.77544308242540527,0.096999999999999975,fraction,250,0,collision,nan,0,33.203272402435744,0.033612708999999998,0.0010000000000000002,1.0000000000000004e-06,1.7211864508914565,-0.4419421463238844,0.00050232092360573031,trajectory reached the configured collision radius
66,90,0.77551487163370336,0.096999999999999975,fraction,250,0,collision,nan,0,33.206584976374387,0.033346422000000001,0.0010000000000000002,1.0000000000000004e-06,1.7212257784842828,-0.44194214627265999,0.00050236598895521737,trajectory reached the configured collision radius
66,91,0.77558666084200134,0.096999999999999975,fraction,250,0,collision,nan,0,33.209916812142076,0.033640787999999998,0.00100000000000001,1.0000000000000201e-06,1.7212662900630373,-0.44194214622115746,0.00050241129468270426,trajectory reached the configured collision radius
66,92,0.77565845005029943,0.096999999999999975,fraction,250,0,collision,nan,0,33.213268129654004,0.040049157000000002,0.001,9.9999999999999995e-07,1.7213079887702771,-0.44194214616937644,0.00050245684132922035,trajectory reached the configured collision radius
66,93,0.77573023925859752,0.096999999999999975,fraction,250,0,collision,nan,0,33.216639152765026,0.058912746000000002,0.0010000000000000002,1.0000000000000004e-06,1.7213508777547424,-0.44194214611731614,0.00050250262944056179,trajectory reached the configured collision radius
66,94,0.77580202846689561,0.096999999999999975,fraction,250,0,collision,nan,0,33.220030109366114,0.039643537999999999,0.0010000000000000111,1.0000000000000222e-06,1.7213949601716569,-0.44194214606497634,0.00050254865956743985,trajectory reached the configured collision radius
67,76,0.77450982271753033,0.11316666666666664,fraction,250,0,collision,nan,0,33.180262104421423,0.033798621000000001,0.0010000000000000076,1.0000000000000152e-06,1.7191792829422463,-0.44194214715593433,0.0005015883517127251,trajectory reached the configured collision radius
67,77,0.77458161192582842,0.11316666666666664,fraction,250,0,collision,nan,0,33.183361220128376,0.033684855,0.0010000000000000002,1.0000000000000004e-06,1.7192155764679029,-0.44194214710560187,0.0005016326970273382,trajectory reached the configured collision radius
67,78,0.77465340113412651,0.11316666666666664,fraction,250,0,collision,nan,0,33.186477238835344,0.038513355999999999,0.0010000000000000005,1.000000000000001e-06,1.719253010420553,-0.4419421470550024,0.00050167727336154983,trajectory reached the configured collision radius
67,79,0.7747251903424246,0.11316666666666664,fraction,250,0,collision,nan,0,33.18961034021433,0.035987164000000002,0.0010000000000000061,1.0000000000000122e-06,1.7192915878581745,-0.44194214700413587,0.0005017220812116932,trajectory reached the configured collision radius
67,80,0.77479697955072258,0.11316666666666664,fraction,250,0,collision,nan,0,33.192760706938351,0.037929758000000001,0.001,9.9999999999999995e-07,1.7193313118457612,-0.44194214695300127,0.00050176712107738919,trajectory reached the configured collision radius
67,81,0.77486876875902067,0.11316666666666664,fraction,250,0,collision,nan,0,33.195928524749142,0.038026328999999998,0.001000000000000002,1.000000000000004e-06,1.7193721854552535,-0.44194214690159805,0.00050181239346167993,trajectory reached the configured collision radius
67,82,0.77494055796731875,0.11316666666666664,fraction,250,0,collision,nan,0,33.199113982527685,0.034240197,0.001000000000000002,1.000000000000004e-06,1.7194142117658109,-0.44194214684992578,0.00050185789887118742,trajectory reached the configured collision radius
67,83,0.77501234717561684,0.11316666666666664,fraction,250,0,collision,nan,0,33.202317272366315,0.034064570000000002,0.001,9.9999999999999995e-07,1.7194573938637867,-0.44194214679798322,0.0005019036378162351,trajectory reached the configured collision radius
67,84,0.77508413638391493,0.11316666666666664,fraction,250,0,collision,nan,0,33.20553858964287,0.033540945000000003,0.0010000000000000044,1.0000000000000086e-06,1.7195017348429102,-0.44194214674577065,0.00050194961081104824,trajectory reached the configured collision radius
67,85,0.77515592559221302,0.11316666666666664,fraction,250,0,collision,nan,0,33.208778133097645,0.054720729000000003,0.0010000000000000009,1.0000000000000019e-06,1.7195472378045182,-0.44194214669328646,0.00050199581837385781,trajectory reached the configured collision radius
67,86,0.775227714800511,0.11316666666666664,fraction,250,0,collision,nan,0,33.212036104911519,0.037723669000000001,0.001,9.9999999999999995e-07,1.7195939058575764,-0.44194214664053039,0.00050204226102715927,trajectory reached the configured collision radius
67,87,0.77529950400880909,0.11316666666666664,fraction,250,0,collision,nan,0,33.21531271078743,0.033987340999999997,0.0010000000000000067,1.0000000000000135e-06,1.7196417421189383,-0.44194214658750203,0.00050208893929778748,trajectory reached the configured collision radius
67,88,0.77537129321710718,0.11316666666666664,fraction,250,0,collision,nan,0,33.218608160033867,0.033497576000000001,0.0010000000000000005,1.000000000000001e-06,1.7196907497134859,-0.44194214653420028,0.00050213585371722421,trajectory reached the configured collision radius
67,89,0.77544308242540527,0.11316666666666664,fraction,250,0,collision,nan,0,33.221922665650084,0.034780895999999999,0.001,9.9999999999999995e-07,1.7197409317743853,-0.4419421464806243,0.00050218300482171433,trajectory reached the configured collision radius
67,90,0.77551487163370336,0.11316666666666664,fraction,250,0,collision,nan,0,33.22525644441577,0.053461203999999998,0.0010000000000000076,1.0000000000000152e-06,1.7197922914433366,-0.44194214642677421,0.00050223039315252312,trajectory reached the configured collision radius
67,91,0.77558666084200134,0.11316666666666664,fraction,250,0,collision,nan,0,33.228609716981438,0.048919372000000003,0.0010000000000000005,1.000000000000001e-06,1.7198448318707045,-0.44194214637264861,0.00050227801925612544,trajectory reached the configured collision radius
67,92,0.77565845005029943,0.11316666666666664,fraction,250,0,collision,nan,0,33.23198270796248,0.050444199000000002,0.001,9.9999999999999995e-07,1.7198985562158979,-0.44194214631824658,0.00050232588368447832,trajectory reached the configured collision radius
67,93,0.77573023925859752,0.11316666666666664,fraction,250,0,collision,nan,0,33.235375646036466,0.038409146999999998,0.0010000000000000061,1.0000000000000122e-06,1.7199534676476189,-0.44194214626356815,0.00050237398699524494,trajectory reached the configured collision radius
67,94,0.77580202846689561,0.11316666666666664,fraction,250,0,collision,nan,0,33.238788764042297,0.058143203999999997,0.0010000000000000007,1.0000000000000014e-06,1.7200095693442268,-0.44194214620861233,0.00050242232975203967,trajectory reached the configured collision radius
68,76,0.77450982271753033,0.1293333333333333,fraction,250,0,collision,nan,0,33.199088848330014,0.042308637000000003,0.001000000000000002,1.000000000000004e-06,1.7176328379882793,-0.44194214732500953,0.00050143935969859611,trajectory reached the configured collision radius
68,77,0.77458161192582842,0.1293333333333333,fraction,250,0,collision,nan,0,33.202207310690866,0.045417738999999999,0.001,9.9999999999999995e-07,1.7176813126342678,-0.44194214727203757,0.00050148604410796705,trajectory reached the configured collision radius
68,78,0.77465340113412651,0.1293333333333333,fraction,250,0,collision,nan,0,33.205342866154297,0.039583849999999997,0.0010000000000000065,1.0000000000000131e-06,1.7177309236584259,-0.44194214721880232,0.00050153295669300504,trajectory reached the configured collision radius
68,79,0.7747251903424246,0.1293333333333333,fraction,250,0,collision,nan,0,33.208495698009393,0.041404941000000001,0.0010000000000000002,1.0000000000000004e-06,1.7177816741119671,-0.44194214716530195,0.00050158009795297598,trajectory reached the configured collision radius
68,80,0.77479697955072258,0.1293333333333333,fraction,250,0,collision,nan,0,33.211665992633733,0.063497065000000005,0.001,9.9999999999999995e-07,1.7178335670550511,-0.44194214711153662,0.00050162746839114308,trajectory reached the configured collision radius
68,81,0.77486876875902067,0.1293333333333333,fraction,250,0,collision,nan,0,33.214853939564676,0.058618692999999999,0.0010000000000000091,1.0000000000000182e-06,1.7178866055569841,-0.44194214705750512,0.00050167506851486396,trajectory reached the configured collision radius
68,82,0.77494055796731875,0.1293333333333333,fraction,250,0,collision,nan,0,33.218059731572197,0.051826345000000003,0.0010000000000000002,1.0000000000000004e-06,1.7179407926963701,-0.44194214700320761,0.00050172289883577156,trajectory reached the configured collision radius
68,83,0.77501234717561684,0.1293333333333333,fraction,250,0,collision,nan,0,33.221283564733518,0.033690854999999999,0.0010000000000000007,1.0000000000000014e-06,1.7179961315613792,-0.44194214694864259,0.00050177095986999492,trajectory reached the configured collision radius
68,84,0.77508413638391493,0.1293333333333333,fraction,250,0,collision,nan,0,33.224525638510698,0.033820339999999997,0.001000000000000005,1.0000000000000101e-06,1.7180526252499153,-0.44194214689381001,0.00050181925213828673,trajectory reached the configured collision radius
68,85,0.77515592559221302,0.1293333333333333,fraction,250,0,collision,nan,0,33.227786155829939,0.035512478,0.001,9.9999999999999995e-07,1.7181102768699434,-0.44194214683870908,0.00050186777616624328,trajectory reached the configured collision radius
68,86,0.775227714800511,0.1293333333333333,fraction,250,0,collision,nan,0,33.231065323163442,0.034419935999999998,0.0010000000000000013,1.0000000000000027e-06,1.7181690895396711,-0.44194214678333921,0.00050191653248452353,trajectory reached the configured collision radius
68,87,0.77529950400880909,0.1293333333333333,fraction,250,0,collision,nan,0,33.234363350613513,0.047318233000000001,0.0010000000000000035,1.0000000000000069e-06,1.7182290663878734,-0.44194214672769921,0.00050196552162904567,trajectory reached the configured collision radius
68,88,0.77537129321710718,0.1293333333333333,fraction,250,0,collision,nan,0,33.237680451999665,0.034202713000000003,0.001,9.9999999999999995e-07,1.7182902105542504,-0.44194214667178855,0.00050201474414120922,trajectory reached the configured collision radius
68,89,0.77544308242540527,0.1293333333333333,fraction,250,0,collision,nan,0,33.241016844947531,0.034003811000000002,0.0010000000000000015,1.0000000000000031e-06,1.7183525251896186,-0.44194214661560699,0.0005020642005681286,trajectory reached the configured collision radius
68,90,0.77551487163370336,0.1293333333333333,fraction,250,0,collision,nan,0,33.24437275098132,0.034027384000000001,0.0010000000000000037,1.0000000000000074e-06,1.7184160134564557,-0.44194214655915304,0.00050211389146291965,trajectory reached the configured collision radius
68,91,0.77558666084200134,0.1293333333333333,fraction,250,0,collision,nan,0,33.247748395618608,0.041486013000000002,0.001,9.9999999999999995e-07,1.7184806785290889,-0.4419421465024268,0.00050216381738490772,trajectory reached the configured collision radius
68,92,0.77565845005029943,0.1293333333333333,fraction,250,0,collision,nan,0,33.251144008468245,0.052069920999999998,0.0010000000000000009,1.0000000000000019e-06,1.718546523594269,-0.4419421464454274,0.00050221397889991929,trajectory reached the configured collision radius
68,93,0.77573023925859752,0.1293333333333333,fraction,250,0,collision,nan,0,33.254559823330595,0.061073447000000003,0.0010000000000000054,1.000000000000011e-06,1.7186135518514682,-0.44194214638815343,0.0005022643765805868,trajectory reached the configured collision radius
68,94,0.77580202846689561,0.1293333333333333,fraction,250,0,collision,nan,0,33.257996078302455,0.037617620999999997,0.001,9.9999999999999995e-07,1.718681766513432,-0.44194214633060475,0.00050231501100660809,trajectory reached the configured collision radius
69,76,0.77450982271753033,0.14549999999999996,fraction,250,0,collision,nan,0,33.218370129742333,0.058600971000000002,0.0010000000000000002,1.0000000000000004e-06,1.7161467141174485,-0.44194214747098226,0.00050131069064673992,trajectory reached the configured collision radius
69,77,0.77458161192582842,0.14549999999999996,fraction,250,0,collision,nan,0,33.221508765131027,0.034089379000000003,0.0010000000000000005,1.000000000000001e-06,1.7162074644740328,-0.44194214741539523,0.00050135969221573921,trajectory reached the configured collision radius
69,78,0.77465340113412651,0.14549999999999996,fraction,250,0,collision,nan,0,33.224664694234235,0.045607221000000003,0.0010000000000000065,1.0000000000000131e-06,1.7162693463557708,-0.44194214735954718,0.00050140891895365455,trajectory reached the configured collision radius
69,79,0.7747251903424246,0.14549999999999996,fraction,250,0,collision,nan,0,33.227838104183,0.045595825,0.001,9.9999999999999995e-07,1.7163323628143061,-0.44194214730343812,0.00050145837136492425,trajectory reached the configured collision radius
69,80,0.77479697955072258,0.14549999999999996,fraction,250,0,collision,nan,0,33.231029185291028,0.050036161000000003,0.0010000000000000013,1.0000000000000027e-06,1.7163965169126068,-0.44194214724706654,0.0005015080499586852,trajectory reached the configured collision radius
69,81,0.77486876875902067,0.14549999999999996,fraction,250,0,collision,nan,0,33.234238131128691,0.033652742999999999,0.0010000000000000028,1.0000000000000057e-06,1.7164618117251056,-0.44194214719043184,0.00050155795524893922,trajectory reached the configured collision radius
69,82,0.77494055796731875,0.14549999999999996,fraction,250,0,collision,nan,0,33.237465138598488,0.060222168999999999,0.001,9.9999999999999995e-07,1.7165282503380972,-0.4419421471335343,0.00050160808775477855,trajectory reached the configured collision radius
69,83,0.77501234717561684,0.14549999999999996,fraction,250,0,collision,nan,0,33.240710408012774,0.041767685999999998,0.0010000000000000031,1.0000000000000061e-06,1.7165958358499662,-0.44194214707637186,0.00050165844800057456,trajectory reached the configured collision radius
69,84,0.77508413638391493,0.14549999999999996,fraction,250,0,collision,nan,0,33.243974143174682,0.057278588999999998,0.0010000000000000015,1.0000000000000031e-06,1.716664571371662,-0.4419421470189448,0.00050170903651621565,trajectory reached the configured collision radius
69,85,0.77515592559221302,0.14549999999999996,fraction,250,0,collision,nan,0,33.247256551460403,0.059357300000000002,0.001,9.9999999999999995e-07,1.7167344600268912,-0.44194214696125234,0.00050175985383729574,trajectory reached the configured collision radius
69,86,0.775227714800511,0.14549999999999996,fraction,250,0,collision,nan,0,33.250557843904197,0.035476135999999998,0.0010000000000000041,1.0000000000000082e-06,1.7168055049526749,-0.44194214690329348,0.000501810900505398,trajectory reached the configured collision radius
69,87,0.77529950400880909,0.14549999999999996,fraction,250,0,collision,nan,0,33.253878235286635,0.042737487999999997,0.0010000000000000011,1.0000000000000023e-06,1.7168777092996081,-0.44194214684506744,0.00050186217706829931,trajectory reached the configured collision radius
69,88,0.77537129321710718,0.14549999999999996,fraction,250,0,collision,nan,0,33.257217944224173,0.063459973000000003,0.001,9.9999999999999995e-07,1.7169510762324061,-0.44194214678657384,0.00050191368408024969,trajectory reached the configured collision radius
69,89,0.77544308242540527,0.14549999999999996,fraction,250,0,collision,nan,0,33.260577193262804,0.034579563000000001,0.0010000000000000041,1.0000000000000082e-06,1.7170256089303095,-0.44194214672781212,0.00050196542210229143,trajectory reached the configured collision radius
69,90,0.77551487163370336,0.14549999999999996,fraction,250,0,collision,nan,0,33.26395620897366,0.039951964,0.0010000000000000013,1.0000000000000027e-06,1.7171013105875994,-0.44194214666878107,0.00050201739170244099,trajectory reached the configured collision radius
69,91,0.77558666084200134,0.14549999999999996,fraction,250,0,collision,nan,0,33.267355222052068,0.034406567999999998,0.001,9.9999999999999995e-07,1.7171781844141332,-0.44194214660948017,0.00050206959345607764,trajectory reached the configured collision radius
69,92,0.77565845005029943,0.14549999999999996,fraction,250,0,collision,nan,0,33.270774467419571,0.033469586000000003,0.0010000000000000026,1.0000000000000052e-06,1.7172562336358808,-0.44194214654990882,0.00050212202794622967,trajectory reached the configured collision radius
69,93,0.77573023925859752,0.14549999999999996,fraction,250,0,collision,nan,0,33.274214184328386,0.034081957000000003,0.0010000000000000026,1.0000000000000052e-06,1.7173354614955167,-0.44194214649006597,0.0005021746957638996,trajectory reached the configured collision radius
69,94,0.77580202846689561,0.14549999999999996,fraction,250,0,collision,nan,0,33.277674616470371,0.034442346999999998,0.001,9.9999999999999995e-07,1.7174158712530903,-0.44194214642995122,0.00050222759750840446,trajectory reached the configured collision radius
70,76,0.77450982271753033,0.16166666666666663,fraction,250,0,collision,nan,0,33.238128926911642,0.034166832000000001,0.001,9.9999999999999995e-07,1.7147256882136848,-0.4419421475927362,0.00050120334406413101,trajectory reached the configured collision radius
70,77,0.77458161192582842,0.16166666666666663,fraction,250,0,collision,nan,0,33.241288614267503,0.065053079,0.0010000000000000007,1.0000000000000014e-06,1.7147987961240549,-0.44194214753456229,0.00050125463712092017,trajectory reached the configured collision radius
70,78,0.77465340113412651,0.16166666666666663,fraction,250,0,collision,nan,0,33.24446580739221,0.039679609999999997,0.0010000000000000044,1.0000000000000086e-06,1.7148730299318324,-0.44194214747613031,0.00050130615218692558,trajectory reached the configured collision radius
70,79,0.7747251903424246,0.16166666666666663,fraction,250,0,collision,nan,0,33.247660697505061,0.033110821999999998,0.001,9.9999999999999995e-07,1.7149483926975817,-0.44194214741744003,0.0005013578897741913,trajectory reached the configured collision radius
70,80,0.77479697955072258,0.16166666666666663,fraction,250,0,collision,nan,0,33.250873479108378,0.032551482,0.0010000000000000022,1.0000000000000044e-06,1.7150248874957414,-0.44194214735849074,0.00050140985040026016,trajectory reached the configured collision radius
70,81,0.77486876875902067,0.16166666666666663,fraction,250,0,collision,nan,0,33.254104350064573,0.033101793999999997,0.001000000000000002,1.000000000000004e-06,1.7151025174150396,-0.44194214729928155,0.00050146203458840326,trajectory reached the configured collision radius
70,82,0.77494055796731875,0.16166666666666663,fraction,250,0,collision,nan,0,33.257353511674843,0.033052682,0.001,9.9999999999999995e-07,1.7151812855588269,-0.44194214723981196,0.00050151444286785068,trajectory reached the configured collision radius
70,83,0.77501234717561684,0.16166666666666663,fraction,250,0,collision,nan,0,33.260621168760295,0.033400658,0.0010000000000000039,1.0000000000000078e-06,1.7152611950455614,-0.44194214718008118,0.00050156707577400802,trajectory reached the configured collision radius
70,84,0.77508413638391493,0.16166666666666663,fraction,250,0,collision,nan,0,33.263907529745751,0.033168683999999997,0.0010000000000000011,1.0000000000000023e-06,1.7153422490093111,-0.44194214712008867,0.00050161993384872461,trajectory reached the configured collision radius
70,85,0.77515592559221302,0.16166666666666663,fraction,250,0,collision,nan,0,33.267212806745611,0.033301825,0.001,9.9999999999999995e-07,1.7154244506001817,-0.44194214705983353,0.00050167301764057141,trajectory reached the configured collision radius
70,86,0.775227714800511,0.16166666666666663,fraction,250,0,collision,nan,0,33.270537215652794,0.033141487999999997,0.0010000000000000044,1.0000000000000086e-06,1.7155078029848621,-0.44194214699931467,0.00050172632770508288,trajectory reached the configured collision radius
70,87,0.77529950400880909,0.16166666666666663,fraction,250,0,collision,nan,0,33.273880976230089,0.047227842999999999,0.0010000000000000011,1.0000000000000023e-06,1.7155923093471499,-0.44194214693853229,0.0005017798646050392,trajectory reached the configured collision radius
70,88,0.77537129321710718,0.16166666666666663,fraction,250,0,collision,nan,0,33.277244312204182,0.045541320000000003,0.001,9.9999999999999995e-07,1.7156779728886062,-0.44194214687748545,0.00050183362891082482,trajectory reached the configured collision radius
70,89,0.77544308242540527,0.16166666666666663,fraction,250,0,collision,nan,0,33.280627451362697,0.033593124000000002,0.0010000000000000037,1.0000000000000074e-06,1.7157647968290424,-0.44194214681617294,0.00050188762120065452,trajectory reached the configured collision radius
70,90,0.77551487163370336,0.16166666666666663,fraction,250,0,collision,nan,0,33.284030625654381,0.065466178999999999,0.0010000000000000018,1.0000000000000036e-06,1.7158527844072697,-0.44194214675459403,0.00050194184206096425,trajectory reached the configured collision radius
70,91,0.77558666084200134,0.16166666666666663,fraction,250,0,collision,nan,0,33.287454071292224,0.033938740000000002,0.001,9.9999999999999995e-07,1.7159419388818071,-0.44194214669274845,0.00050199629208674205,trajectory reached the configured collision radius
70,92,0.77565845005029943,0.16166666666666663,fraction,250,0,collision,nan,0,33.290898028859608,0.041221437,0.001000000000000002,1.000000000000004e-06,1.7160322635315022,-0.44194214663063497,0.00050205097188186641,trajectory reached the configured collision radius
70,93,0.77573023925859752,0.16166666666666663,fraction,250,0,collision,nan,0,33.294362743420251,0.033611791000000002,0.0010000000000000035,1.0000000000000069e-06,1.7161237616563805,-0.44194214656825292,0.00050210588205950365,trajectory reached the configured collision radius
70,94,0.77580202846689561,0.16166666666666663,fraction,250,0,collision,nan,0,33.297848464631166,0.033496030000000003,0.001,9.9999999999999995e-07,1.7162164365784349,-0.44194214650560176,0.00050216102324247011,trajectory reached the configured collision radius
71,76,0.77450982271753033,0.17783333333333329,fraction,250,0,collision,nan,0,33.258389760067693,0.033581327000000001,0.0010000000000000002,1.0000000000000004e-06,1.7133747983042147,-0.44194214768910306,0.00050111836417482956,trajectory reached the configured collision radius
71,77,0.77458161192582842,0.17783333333333329,fraction,250,0,collision,nan,0,33.261571436697061,0.033241435,0.0010000000000000002,1.0000000000000004e-06,1.7134603322195401,-0.4419421476283738,0.00050117191914008784,trajectory reached the configured collision radius
71,78,0.77465340113412651,0.17783333333333329,fraction,250,0,collision,nan,0,33.264770843630721,0.034002769000000002,0.001000000000000008,1.000000000000016e-06,1.7135469856646441,-0.44194214756739014,0.00050122569281301898,trajectory reached the configured collision radius
71,79,0.7747251903424246,0.17783333333333329,fraction,250,0,collision,nan,0,33.26798817644525,0.033101803999999999,0.001,9.9999999999999995e-07,1.7136347617187171,-0.44194214750615124,0.0005012796857159766,trajectory reached the configured collision radius
71,80,0.77479697955072258,0.17783333333333329,fraction,250,0,collision,nan,0,33.271223634108004,0.032964123999999997,0.0010000000000000007,1.0000000000000014e-06,1.7137236634777873,-0.4419421474446566,0.00050133389837775204,trajectory reached the configured collision radius
71,81,0.77486876875902067,0.17783333333333329,fraction,250,0,collision,nan,0,33.274477419057277,0.034062105000000002,0.0010000000000000046,1.0000000000000091e-06,1.7138136940552902,-0.44194214738290472,0.00050138833133378589,trajectory reached the configured collision radius
71,82,0.77494055796731875,0.17783333333333329,fraction,250,0,collision,nan,0,33.277749737284296,0.034229687000000002,0.001,9.9999999999999995e-07,1.7139048565825359,-0.44194214732089615,0.0005014429851264296,trajectory reached the configured collision radius
71,83,0.77501234717561684,0.17783333333333329,fraction,250,0,collision,nan,0,33.281040798418204,0.033689475000000003,0.0010000000000000015,1.0000000000000031e-06,1.7139971542093169,-0.44194214725862946,0.00050149786030521839,trajectory reached the configured collision radius
71,84,0.77508413638391493,0.17783333333333329,fraction,250,0,collision,nan,0,33.284350815812772,0.033415368000000001,0.0010000000000000037,1.0000000000000074e-06,1.7140905901044703,-0.44194214719610414,0.0005015529574271759,trajectory reached the configured collision radius
71,85,0.77515592559221302,0.17783333333333329,fraction,250,0,collision,nan,0,33.287680006636677,0.035671517,0.001,9.9999999999999995e-07,1.71418516745658,-0.44194214713331947,0.00050160827705709489,trajectory reached the configured collision radius
71,86,0.775227714800511,0.17783333333333329,fraction,250,0,collision,nan,0,33.291028591966004,0.037735404,0.0010000000000000015,1.0000000000000031e-06,1.714280889474556,-0.44194214707027424,0.00050166381976784807,trajectory reached the configured collision radius
71,87,0.77529950400880909,0.17783333333333329,fraction,250,0,collision,nan,0,33.294396796879106,0.043737397999999997,0.0010000000000000037,1.0000000000000074e-06,1.7143777593883989,-0.44194214700696849,0.00050171958614074377,trajectory reached the configured collision radius
71,88,0.77537129321710718,0.17783333333333329,fraction,250,0,collision,nan,0,33.297784850555772,0.033978992999999999,0.001,9.9999999999999995e-07,1.7144757804499449,-0.44194214694340089,0.0005017755767658189,trajectory reached the configured collision radius
71,89,0.77544308242540527,0.17783333333333329,fraction,250,0,collision,nan,0,33.301192986377664,0.033565182999999998,0.0010000000000000009,1.0000000000000019e-06,1.7145749559335799,-0.44194214687957106,0.00050183179224225758,trajectory reached the configured collision radius
71,90,0.77551487163370336,0.17783333333333329,fraction,250,0,collision,nan,0,33.304621442033678,0.033261191000000002,0.0010000000000000061,1.0000000000000122e-06,1.7146752891370769,-0.44194214681547794,0.00050188823317869806,trajectory reached the configured collision radius
71,91,0.77558666084200134,0.17783333333333329,fraction,250,0,collision,nan,0,33.308070459626769,0.055004046000000001,0.001,9.9999999999999995e-07,1.7147767833825869,-0.44194214675112053,0.00050194490019365545,trajectory reached the configured collision radius
71,92,0.77565845005029943,0.17783333333333329,fraction,250,0,collision,nan,0,33.311540285785959,0.034945525999999998,0.0010000000000000002,1.0000000000000004e-06,1.7148794420173119,-0.44194214668649873,0.00050200179391593968,trajectory reached the configured collision radius
71,93,0.77573023925859752,0.17783333333333329,fraction,250,0,collision,nan,0,33.315031171780213,0.033237827999999997,0.0010000000000000111,1.0000000000000222e-06,1.7149832684147734,-0.44194214662161141,0.00050205891498507772,trajectory reached the configured collision radius
71,94,0.77580202846689561,0.17783333333333329,fraction,250,0,collision,nan,0,33.318543373637354,0.033830315999999999,0.0010000000000000002,1.0000000000000004e-06,1.7150882659755213,-0.44194214655645747,0.00050211626405171337,trajectory reached the configured collision radius
72,76,0.77450982271753033,0.19399999999999995,fraction,250,0,collision,nan,0,33.279178834708759,0.033771970999999998,0.0010000000000000022,1.0000000000000044e-06,1.7120993625981715,-0.44194214775885865,0.00050105684219362034,trajectory reached the configured collision radius
72,77,0.77458161192582842,0.19399999999999995,fraction,250,0,collision,nan,0,33.282383502856369,0.034651909000000002,0.001,9.9999999999999995e-07,1.7121973768895378,-0.44194214769561035,0.00050111262540046162,trajectory reached the configured collision radius
72,78,0.77465340113412651,0.19399999999999995,fraction,250,0,collision,nan,0,33.285606139483278,0.035264199000000003,0.0010000000000000039,1.0000000000000078e-06,1.7122965036440527,-0.44194214763211098,0.00050116862388404845,trajectory reached the configured collision radius
72,79,0.7747251903424246,0.19399999999999995,fraction,250,0,collision,nan,0,33.288846944818253,0.033849738999999997,0.0010000000000000011,1.0000000000000023e-06,1.7123967459707319,-0.44194214756835953,0.00050122483818015656,trajectory reached the configured collision radius
72,80,0.77479697955072258,0.19399999999999995,fraction,250,0,collision,nan,0,33.292106122597048,0.033492301000000002,0.001,9.9999999999999995e-07,1.7124981069988019,-0.44194214750435551,0.00050128126883193112,trajectory reached the configured collision radius
72,81,0.77486876875902067,0.19399999999999995,fraction,250,0,collision,nan,0,33.295383880145025,0.032885084000000002,0.0010000000000000061,1.0000000000000122e-06,1.7126005898784404,-0.4419421474400983,0.00050133791639021797,trajectory reached the configured collision radius
72,82,0.77494055796731875,0.19399999999999995,fraction,250,0,collision,nan,0,33.298680428463342,0.037696167000000003,0.0010000000000000005,1.000000000000001e-06,1.7127041977813269,-0.44194214737558712,0.00050139478141381305,trajectory reached the configured collision radius
72,83,0.77501234717561684,0.19399999999999995,fraction,250,0,collision,nan,0,33.301995982317322,0.033443555,0.001,9.9999999999999995e-07,1.7128089339014831,-0.44194214731082121,0.00050145186446984085,trajectory reached the configured collision radius
72,84,0.77508413638391493,0.19399999999999995,fraction,250,0,collision,nan,0,33.305330760327365,0.033988188000000003,0.0010000000000000065,1.0000000000000131e-06,1.712914801455911,-0.44194214724579989,0.0005015091661340022,trajectory reached the configured collision radius
72,85,0.77515592559221302,0.19399999999999995,fraction,250,0,collision,nan,0,33.308684985063209,0.035221420000000003,0.0010000000000000007,1.0000000000000014e-06,1.7130218036854274,-0.44194214718052255,0.00050156668699096786,trajectory reached the configured collision radius
72,86,0.775227714800511,0.19399999999999995,fraction,250,0,collision,nan,0,33.312058883140011,0.035659886000000002,0.001,9.9999999999999995e-07,1.7131299438555336,-0.44194214711498808,0.0005016244276347425,trajectory reached the configured collision radius
72,87,0.77529950400880909,0.19399999999999995,fraction,250,0,collision,nan,0,33.31545268531849,0.036036221,0.0010000000000000052,1.0000000000000105e-06,1.7132392252572299,-0.44194214704919565,0.00050168238866896381,trajectory reached the configured collision radius
72,88,0.77537129321710718,0.19399999999999995,fraction,250,0,collision,nan,0,33.318866626607786,0.057713225999999999,0.0010000000000000011,1.0000000000000023e-06,1.7133496512079278,-0.44194214698314488,0.00050174057070737717,trajectory reached the configured collision radius
72,89,0.77544308242540527,0.19399999999999995,fraction,250,0,collision,nan,0,33.322300946371037,0.056720115000000002,0.001,9.9999999999999995e-07,1.7134612250525019,-0.44194214691683509,0.00050179897437418813,trajectory reached the configured collision radius
72,90,0.77551487163370336,0.19399999999999995,fraction,250,0,collision,nan,0,33.325755888434891,0.036494187999999997,0.0010000000000000028,1.0000000000000057e-06,1.713573950164142,-0.44194214685026473,0.00050185760030448633,trajectory reached the configured collision radius
72,91,0.77558666084200134,0.19399999999999995,fraction,250,0,collision,nan,0,33.32923170120236,0.032995161000000002,0.0010000000000000028,1.0000000000000057e-06,1.7136878299456006,-0.44194214678343385,0.00050191644914471722,trajectory reached the configured collision radius
72,92,0.77565845005029943,0.19399999999999995,fraction,250,0,collision,nan,0,33.332728637768845,0.033926544000000003,0.001,9.9999999999999995e-07,1.7138028678301898,-0.44194214671634086,0.00050197552155309855,trajectory reached the configured collision radius
72,93,0.77573023925859752,0.19399999999999995,fraction,250,0,collision,nan,0,33.336246956042345,0.036851325999999997,0.0010000000000000009,1.0000000000000019e-06,1.7139190672830298,-0.4419421466489854,0.00050203481820014343,trajectory reached the configured collision radius
72,94,0.77580202846689561,0.19399999999999995,fraction,250,0,collision,nan,0,33.339786918867347,0.034194976000000002,0.0010000000000000083,1.0000000000000165e-06,1.7140364318022354,-0.44194214658136616,0.0005020943397691447,trajectory reached the configured collision radius
73,76,0.77450982271753033,0.21016666666666661,fraction,250,0,collision,nan,0,33.300524201389081,0.034080898999999998,0.0010000000000000046,1.0000000000000091e-06,1.7109050000223416,-0.4419421478007195,0.00050101991867660713,trajectory reached the configured collision radius
73,77,0.77458161192582842,0.21016666666666661,fraction,250,0,collision,nan,0,33.303752935703038,0.059152670999999997,0.0010000000000000007,1.0000000000000014e-06,1.7110155342480393,-0.44194214773499257,0.00050107789218089877,trajectory reached the configured collision radius
73,78,0.77465340113412651,0.21016666666666661,fraction,250,0,collision,nan,0,33.306999891606125,0.048224637000000001,0.001,9.9999999999999995e-07,1.7111271732192066,-0.4419421476690179,0.00050113607741577508,trajectory reached the configured collision radius
73,79,0.7747251903424246,0.21016666666666661,fraction,250,0,collision,nan,0,33.310265274304328,0.034733792999999999,0.0010000000000000074,1.0000000000000148e-06,1.7112399200874988,-0.44194214760279471,0.00050119447493377465,trajectory reached the configured collision radius
73,80,0.77479697955072258,0.21016666666666661,fraction,250,0,collision,nan,0,33.313549292634853,0.033995922999999997,0.0010000000000000005,1.000000000000001e-06,1.7113537780286823,-0.44194214753632216,0.00050125308529589741,trajectory reached the configured collision radius
73,81,0.77486876875902067,0.21016666666666661,fraction,250,0,collision,nan,0,33.316852159152596,0.033492822999999998,0.001,9.9999999999999995e-07,1.7114687502433885,-0.44194214746960031,0.00050131190907200338,trajectory reached the configured collision radius
73,82,0.77494055796731875,0.21016666666666661,fraction,250,0,collision,nan,0,33.3201740902201,0.033801066999999997,0.0010000000000000087,1.0000000000000173e-06,1.711584839957957,-0.44194214740262733,0.00050137094684106671,trajectory reached the configured collision radius
73,83,0.77501234717561684,0.21016666666666661,fraction,250,0,collision,nan,0,33.32351530610039,0.034086011999999999,0.0010000000000000002,1.0000000000000004e-06,1.711702050425268,-0.44194214733540332,0.00050143019919155157,trajectory reached the configured collision radius
73,84,0.77508413638391493,0.21016666666666661,fraction,250,0,collision,nan,0,33.326876031051825,0.032799190999999998,0.0010000000000000002,1.0000000000000004e-06,1.7118203849257569,-0.44194214726792697,0.00050148966672181093,trajectory reached the configured collision radius
73,85,0.77515592559221302,0.21016666666666661,fraction,250,0,collision,nan,0,33.33025649342634,0.053279745000000003,0.0010000000000000076,1.0000000000000152e-06,1.7119398467682736,-0.44194214720019803,0.00050154935004044564,trajectory reached the configured collision radius
73,86,0.775227714800511,0.21016666666666661,fraction,250,0,collision,nan,0,33.333656925771201,0.034077264000000003,0.0010000000000000005,1.000000000000001e-06,1.7120604392911334,-0.44194214713221491,0.00050160924976668387,trajectory reached the configured collision radius
73,87,0.77529950400880909,0.21016666666666661,fraction,250,0,collision,nan,0,33.337077564932223,0.033581153000000002,0.001,9.9999999999999995e-07,1.7121821658632304,-0.441942147063978,0.00050166936653087363,trajectory reached the configured collision radius
73,88,0.77537129321710718,0.21016666666666661,fraction,250,0,collision,nan,0,33.340518652162586,0.033842470999999999,0.0010000000000000046,1.0000000000000091e-06,1.7123050298850608,-0.44194214699548523,0.00050172970097483842,trajectory reached the configured collision radius
73,89,0.77544308242540527,0.21016666666666661,fraction,250,0,collision,nan,0,33.343980433233249,0.033192986000000001,0.0010000000000000013,1.0000000000000027e-06,1.7124290347899249,-0.44194214692673672,0.00050179025375237264,trajectory reached the configured collision radius
73,90,0.77551487163370336,0.21016666666666661,fraction,250,0,collision,nan,0,33.34746315854742,0.034918085000000001,0.001,9.9999999999999995e-07,1.7125541840452028,-0.44194214685773114,0.00050185102552971819,trajectory reached the configured collision radius
73,91,0.77558666084200134,0.21016666666666661,fraction,250,0,collision,nan,0,33.350967083259164,0.033539963999999999,0.0010000000000000018,1.0000000000000036e-06,1.7126804811535543,-0.44194214678846727,0.00050191201698605251,trajectory reached the configured collision radius
73,92,0.77565845005029943,0.21016666666666661,fraction,250,0,collision,nan,0,33.354492467394643,0.035439249999999999,0.0010000000000000048,1.0000000000000095e-06,1.7128079296543477,-0.44194214671894499,0.0005019732288140085,trajectory reached the configured collision radius
73,93,0.77573023925859752,0.21016666666666661,fraction,250,0,collision,nan,0,33.358039575978644,0.036126205000000002,0.001,9.9999999999999995e-07,1.7129365331250204,-0.44194214664916315,0.00050203466172022283,trajectory reached the configured collision radius
73,94,0.77580202846689561,0.21016666666666661,fraction,250,0,collision,nan,0,33.361608679164114,0.034284838999999998,0.0010000000000000002,1.0000000000000004e-06,1.7130662951826334,-0.44194214657912073,0.00050209631642589812,trajectory reached the configured collision radius
74,76,0.77450982271753033,0.22633333333333328,fraction,250,0,collision,nan,0,33.322455934330797,0.046688765,0.001,9.9999999999999995e-07,1.7097976523767375,-0.44194214781334062,0.00050100878593778387,trajectory reached the configured collision radius
74,77,0.77458161192582842,0.22633333333333328,fraction,250,0,collision,nan,0,33.325709890367861,0.039445649999999999,0.0010000000000000031,1.0000000000000061e-06,1.7099207305037865,-0.4419421477451797,0.00050106890731872625,trajectory reached the configured collision radius
74,78,0.77465340113412651,0.22633333333333328,fraction,250,0,collision,nan,0,33.328982337492491,0.033366293999999998,0.0010000000000000015,1.0000000000000031e-06,1.7100449050636142,-0.44194214767677453,0.00050112923678467857,trajectory reached the configured collision radius
74,79,0.7747251903424246,0.22633333333333328,fraction,250,0,collision,nan,0,33.33227348624542,0.036779262,0.001,9.9999999999999995e-07,1.7101701792652628,-0.44194214760812472,0.00050118977490873112,trajectory reached the configured collision radius
74,80,0.77479697955072258,0.22633333333333328,fraction,250,0,collision,nan,0,33.335583550932547,0.033954020000000001,0.0010000000000000041,1.0000000000000082e-06,1.7102965563461605,-0.44194214753922928,0.00050125052227365451,trajectory reached the configured collision radius
74,81,0.77486876875902067,0.22633333333333328,fraction,250,0,collision,nan,0,33.338912749715867,0.034031139000000002,0.0010000000000000011,1.0000000000000023e-06,1.7104240395731134,-0.44194214747008753,0.00050131147947226912,trajectory reached the configured collision radius
74,82,0.77494055796731875,0.22633333333333328,fraction,250,0,collision,nan,0,33.34226130470757,0.033422065000000001,0.001,9.9999999999999995e-07,1.7105526322432902,-0.44194214740069832,0.00050137264710782841,trajectory reached the configured collision radius
74,83,0.77501234717561684,0.22633333333333328,fraction,250,0,collision,nan,0,33.345629442066517,0.034273791999999997,0.0010000000000000037,1.0000000000000074e-06,1.7106823376853331,-0.44194214733106169,0.00050143402579443466,trajectory reached the configured collision radius
74,84,0.77508413638391493,0.22633333333333328,fraction,250,0,collision,nan,0,33.349017392098723,0.033509670999999998,0.0010000000000000015,1.0000000000000031e-06,1.7108131592603411,-0.44194214726117603,0.00050149561615738978,trajectory reached the configured collision radius
74,85,0.77515592559221302,0.22633333333333328,fraction,250,0,collision,nan,0,33.352425389359723,0.033428620999999999,0.001,9.9999999999999995e-07,1.7109451003631539,-0.4419421471910408,0.00050155741883371795,trajectory reached the configured collision radius
74,86,0.775227714800511,0.22633333333333328,fraction,250,0,collision,nan,0,33.355853672760979,0.032883203999999999,0.0010000000000000024,1.0000000000000048e-06,1.7110781644234829,-0.44194214712065538,0.000501619434472549,trajectory reached the configured collision radius
74,87,0.77529950400880909,0.22633333333333328,fraction,250,0,collision,nan,0,33.359302485679173,0.033233498,0.0010000000000000033,1.0000000000000065e-06,1.7112123549072364,-0.44194214705001866,0.00050168166373562183,trajectory reached the configured collision radius
74,88,0.77537129321710718,0.22633333333333328,fraction,250,0,collision,nan,0,33.362772076069128,0.033619710999999997,0.001,9.9999999999999995e-07,1.7113476753178134,-0.4419421469791297,0.00050174410729777314,trajectory reached the configured collision radius
74,89,0.77544308242540527,0.22633333333333328,fraction,250,0,collision,nan,0,33.366262696580527,0.033646348,0.0010000000000000007,1.0000000000000014e-06,1.711484129197498,-0.44194214690798828,0.0005018067658474236,trajectory reached the configured collision radius
74,90,0.77551487163370336,0.22633333333333328,fraction,250,0,collision,nan,0,33.36977460467773,0.037649425,0.001000000000000008,1.000000000000016e-06,1.7116217201289357,-0.44194214683659272,0.00050186964008717061,trajectory reached the configured collision radius
74,91,0.77558666084200134,0.22633333333333328,fraction,250,0,collision,nan,0,33.373308062763947,0.033453780000000002,0.0010000000000000002,1.0000000000000004e-06,1.7117604517366931,-0.44194214676494209,0.00050193273073427416,trajectory reached the configured collision radius
74,92,0.77565845005029943,0.22633333333333328,fraction,250,0,collision,nan,0,33.376863338309398,0.035000312999999998,0.001,9.9999999999999995e-07,1.7119003276887876,-0.4419421466930365,0.00050199603852130496,trajectory reached the configured collision radius
74,93,0.77573023925859752,0.22633333333333328,fraction,250,0,collision,nan,0,33.380440703983659,0.034137489,0.0010000000000000054,1.000000000000011e-06,1.7120413516984576,-0.44194214662087417,0.00050205956419668493,trajectory reached the configured collision radius
74,94,0.77580202846689561,0.22633333333333328,fraction,250,0,collision,nan,0,33.384040437791718,0.034479033999999999,0.0010000000000000015,1.0000000000000031e-06,1.7121835275259112,-0.44194214654845398,0.00050212330852540134,trajectory reached the configured collision radius
75,76,0.77450982271753033,0.24249999999999994,fraction,250,0,collision,nan,0,33.345006331574304,0.033982660999999997,0.0010000000000000115,1.000000000000023e-06,1.7087836082388435,-0.44194214779530988,0.00050102469051542173,trajectory reached the configured collision radius
75,77,0.77458161192582842,0.24249999999999994,fraction,250,0,collision,nan,0,33.348286755522793,0.049149169999999999,0.0010000000000000002,1.0000000000000004e-06,1.7089192378178673,-0.44194214772476509,0.00050108691266610651,trajectory reached the configured collision radius
75,78,0.77465340113412651,0.24249999999999994,fraction,250,0,collision,nan,0,33.351585958080513,0.035563620999999997,0.0010000000000000002,1.0000000000000004e-06,1.70905595498742,-0.4419421476539796,0.00050114933917470926,trajectory reached the configured collision radius
75,79,0.7747251903424246,0.24249999999999994,fraction,250,0,collision,nan,0,33.354904155518611,0.037458733000000001,0.00100000000000001,1.0000000000000201e-06,1.7091937630306413,-0.44194214758295286,0.00050121197063907031,trajectory reached the configured collision radius
75,80,0.77479697955072258,0.24249999999999994,fraction,250,0,collision,nan,0,33.358241568017959,0.039068664000000003,0.0010000000000000002,1.0000000000000004e-06,1.7093326652639567,-0.44194214751168448,0.00050127480766799922,trajectory reached the configured collision radius
75,81,0.77486876875902067,0.24249999999999994,fraction,250,0,collision,nan,0,33.36159841976481,0.037916704000000002,0.0010000000000000002,1.0000000000000004e-06,1.7094726650382539,-0.44194214744017274,0.00050133785088176622,trajectory reached the configured collision radius
75,82,0.77494055796731875,0.24249999999999994,fraction,250,0,collision,nan,0,33.364974939049709,0.034298084,0.0010000000000000113,1.0000000000000226e-06,1.7096137657400015,-0.44194214736841758,0.00050140110091247147,trajectory reached the configured collision radius
75,83,0.77501234717561684,0.24249999999999994,fraction,250,0,collision,nan,0,33.368371358368663,0.034766589000000001,0.0010000000000000002,1.0000000000000004e-06,1.7097559707926198,-0.44194214729641801,0.00050146455840446847,trajectory reached the configured collision radius
75,84,0.77508413638391493,0.24249999999999994,fraction,250,0,collision,nan,0,33.371787914527921,0.035064173999999997,0.0010000000000000002,1.0000000000000004e-06,1.7098992836577238,-0.44194214722417285,0.00050152822401493583,trajectory reached the configured collision radius
75,85,0.77515592559221302,0.24249999999999994,fraction,250,0,collision,nan,0,33.37522484875268,0.034061060999999997,0.0010000000000000078,1.0000000000000156e-06,1.7100437078364505,-0.44194214715168195,0.00050159209841425031,trajectory reached the configured collision radius
75,86,0.775227714800511,0.24249999999999994,fraction,250,0,collision,nan,0,33.378682406798021,0.063447454,0.0010000000000000005,1.000000000000001e-06,1.7101892468709698,-0.44194214707894386,0.0005016561822865595,trajectory reached the configured collision radius
75,87,0.77529950400880909,0.24249999999999994,fraction,250,0,collision,nan,0,33.382160839063808,0.033633971999999998,0.001,9.9999999999999995e-07,1.7103359043459938,-0.44194214700595769,0.00050172047633029074,trajectory reached the configured collision radius
75,88,0.77537129321710718,0.24249999999999994,fraction,250,0,collision,nan,0,33.385660400713626,0.034292491000000001,0.0010000000000000035,1.0000000000000069e-06,1.7104836838902842,-0.4419421469327231,0.00050178498125870408,trajectory reached the configured collision radius
75,89,0.77544308242540527,0.24249999999999994,fraction,250,0,collision,nan,0,33.389181351797198,0.033617889999999997,0.0010000000000000024,1.0000000000000048e-06,1.7106325891783651,-0.44194214685923849,0.00050184969780046472,trajectory reached the configured collision radius
75,90,0.77551487163370336,0.24249999999999994,fraction,250,0,collision,nan,0,33.392723957376596,0.033888136999999999,0.001,9.9999999999999995e-07,1.7107826239321742,-0.44194214678550359,0.00050191462670023013,trajectory reached the configured collision radius
75,91,0.77558666084200134,0.24249999999999994,fraction,250,0,collision,nan,0,33.396288487656705,0.033089252999999999,0.0010000000000000007,1.0000000000000014e-06,1.7109337919229977,-0.44194214671151671,0.00050197976871932002,trajectory reached the configured collision radius
75,92,0.77565845005029943,0.24249999999999994,fraction,250,0,collision,nan,0,33.399875218120251,0.034992247999999997,0.0010000000000000096,1.0000000000000192e-06,1.7110860969731687,-0.4419421466372776,0.00050204512463631625,trajectory reached the configured collision radius
75,93,0.77573023925859752,0.24249999999999994,fraction,250,0,collision,nan,0,33.403484429666719,0.033573382999999998,0.0010000000000000002,1.0000000000000004e-06,1.7112395429582674,-0.4419421465627843,0.00050211069524774637,trajectory reached the configured collision radius
75,94,0.77580202846689561,0.24249999999999994,fraction,250,0,collision,nan,0,33.407116408755762,0.034455409999999999,0.001,9.9999999999999995e-07,1.7113941338090295,-0.44194214648803715,0.00050217648136884584,trajectory reached the configured collision radius
76,76,0.77450982271753033,0.2586666666666666,fraction,250,0,collision,nan,0,33.3682101398485,0.033978150999999998,0.0010000000000000002,1.0000000000000004e-06,1.7078695287494325,-0.44194214774514751,0.00050106893566548055,trajectory reached the configured collision radius
76,77,0.77458161192582842,0.2586666666666666,fraction,250,0,collision,nan,0,33.371518379677504,0.035197216000000003,0.0010000000000000002,1.0000000000000004e-06,1.7080177000424732,-0.44194214767227336,0.00050113320657348712,trajectory reached the configured collision radius
76,78,0.77465340113412651,0.2586666666666666,fraction,250,0,collision,nan,0,33.374845705506445,0.033333843000000002,0.0010000000000000091,1.0000000000000182e-06,1.7081669496304153,-0.44194214759916206,0.00050119767805094318,trajectory reached the configured collision radius
76,79,0.7747251903424246,0.2586666666666666,fraction,250,0,collision,nan,0,33.378192339774969,0.037353904,0.001,9.9999999999999995e-07,1.7083172808896196,-0.44194214752581329,0.00050126235072503738,trajectory reached the configured collision radius
76,80,0.77479697955072258,0.2586666666666666,fraction,250,0,collision,nan,0,33.381558508989137,0.034021253000000001,0.0010000000000000002,1.0000000000000004e-06,1.7084686972351824,-0.44194214745222637,0.00050132722523547782,trajectory reached the configured collision radius
76,81,0.77486876875902067,0.2586666666666666,fraction,250,0,collision,nan,0,33.38494444382232,0.034150563000000002,0.0010000000000000106,1.0000000000000213e-06,1.7086212021224474,-0.44194214737839999,0.00050139230223485241,trajectory reached the configured collision radius
76,82,0.77494055796731875,0.2586666666666666,fraction,250,0,collision,nan,0,33.388350379218942,0.033871282000000003,0.001,9.9999999999999995e-07,1.7087747990482369,-0.44194214730433357,0.00050145758238915596,trajectory reached the configured collision radius
76,83,0.77501234717561684,0.2586666666666666,fraction,250,0,collision,nan,0,33.391776554500751,0.035317177999999998,0.0010000000000000002,1.0000000000000004e-06,1.7089294915524667,-0.44194214723002584,0.00050152306637831173,trajectory reached the configured collision radius
76,84,0.77508413638391493,0.2586666666666666,fraction,250,0,collision,nan,0,33.395223213477685,0.033441729000000003,0.001000000000000008,1.000000000000016e-06,1.7090852832195702,-0.44194214715547658,0.00050158875489662467,trajectory reached the configured collision radius
76,85,0.77515592559221302,0.2586666666666666,fraction,250,0,collision,nan,0,33.398690604561324,0.043139232,0.0010000000000000007,1.0000000000000014e-06,1.7092421776802729,-0.44194214708068452,0.00050165464865339286,trajectory reached the configured collision radius
76,86,0.775227714800511,0.2586666666666666,fraction,250,0,collision,nan,0,33.40217898088185,0.035460074000000001,0.001,9.9999999999999995e-07,1.7094001786130721,-0.44194214700564899,0.00050172074837346421,trajectory reached the configured collision radius
76,87,0.77529950400880909,0.2586666666666666,fraction,250,0,collision,nan,0,33.405688600409725,0.033684580999999998,0.0010000000000000031,1.0000000000000061e-06,1.7095592897461516,-0.44194214693036882,0.00050178705479777879,trajectory reached the configured collision radius
76,88,0.77537129321710718,0.2586666666666666,fraction,250,0,collision,nan,0,33.409219726080117,0.034161381999999997,0.0010000000000000026,1.0000000000000052e-06,1.7097195148591815,-0.44194214685484279,0.00050185356868405679,trajectory reached the configured collision radius
76,89,0.77544308242540527,0.2586666666666666,fraction,250,0,collision,nan,0,33.412772625921868,0.033199100000000002,0.001,9.9999999999999995e-07,1.709880857785254,-0.44194214677907095,0.00050192029080736895,trajectory reached the configured collision radius
76,90,0.77551487163370336,0.2586666666666666,fraction,250,0,collision,nan,0,33.416347573190926,0.061245502,0.0010000000000000005,1.000000000000001e-06,1.710043322412869,-0.44194214670305104,0.00050198722196086794,trajectory reached the configured collision radius
76,91,0.77558666084200134,0.2586666666666666,fraction,250,0,collision,nan,0,33.419944846507718,0.033298104000000002,0.0010000000000000106,1.0000000000000213e-06,1.7102069126880759,-0.44194214662678283,0.00050205436295646007,trajectory reached the configured collision radius
76,92,0.77565845005029943,0.2586666666666666,fraction,250,0,collision,nan,0,33.42356472999915,0.033652867000000003,0.0010000000000000005,1.000000000000001e-06,1.7103716326166909,-0.44194214655026481,0.00050212171462550115,trajectory reached the configured collision radius
76,93,0.77573023925859752,0.2586666666666666,fraction,250,0,collision,nan,0,33.427207513445303,0.033145365000000003,0.001,9.9999999999999995e-07,1.7105374862665703,-0.44194214647349628,0.00050218927781961844,trajectory reached the configured collision radius
76,94,0.77580202846689561,0.2586666666666666,fraction,250,0,collision,nan,0,33.430873492431253,0.034080630000000001,0.001000000000000002,1.000000000000004e-06,1.7107044777701061,-0.44194214639647605,0.00050225705341145753,trajectory reached the configured collision radius
77,76,0.77450982271753033,0.27483333333333326,fraction,250,0,collision,nan,0,33.392104807888536,0.056496765999999997,0.001,9.9999999999999995e-07,1.7070624754144796,-0.44194214766129958,0.00050114288385128274,trajectory reached the configured collision radius
77,77,0.77458161192582842,0.27483333333333326,fraction,250,0,collision,nan,0,33.39544232617952,0.037068240000000002,0.0010000000000000054,1.000000000000011e-06,1.7072231604758887,-0.44194214758615613,0.00050120914636917358,trajectory reached the configured collision radius
77,78,0.77465340113412651,0.27483333333333326,fraction,250,0,collision,nan,0,33.398799259819903,0.039943908,0.0010000000000000007,1.0000000000000014e-06,1.707384914171922,-0.44194214751077926,0.00050127560562928189,trajectory reached the configured collision radius
77,79,0.7747251903424246,0.27483333333333326,fraction,250,0,collision,nan,0,33.402175837904551,0.039426559,0.001,9.9999999999999995e-07,1.7075477399938743,-0.44194214743516841,0.00050134226229340325,trajectory reached the configured collision radius
77,80,0.77479697955072258,0.27483333333333326,fraction,250,0,collision,nan,0,33.405572293765694,0.040256074000000003,0.0010000000000000041,1.0000000000000082e-06,1.7077116414780233,-0.44194214735932275,0.00050140911703737509,trajectory reached the configured collision radius
77,81,0.77486876875902067,0.27483333333333326,fraction,250,0,collision,nan,0,33.408988865078371,0.037401689000000002,0.0010000000000000015,1.0000000000000031e-06,1.7078766222072519,-0.44194214728324138,0.00050147617055160707,trajectory reached the configured collision radius
77,82,0.77494055796731875,0.27483333333333326,fraction,250,0,collision,nan,0,33.41242579396998,0.032401974,0.001,9.9999999999999995e-07,1.7080426858126876,-0.44194214720692393,0.00050154342354163776,trajectory reached the configured collision radius
77,83,0.77501234717561684,0.27483333333333326,fraction,250,0,collision,nan,0,33.415883327132192,0.032754483000000001,0.0010000000000000022,1.0000000000000044e-06,1.7082098359753781,-0.4419421471303685,0.00050161087672866904,trajectory reached the configured collision radius
77,84,0.77508413638391493,0.27483333333333326,fraction,250,0,collision,nan,0,33.419361715937931,0.034077815999999997,0.0010000000000000037,1.0000000000000074e-06,1.7083780764281535,-0.44194214705357487,0.0005016785308501558,trajectory reached the configured collision radius
77,85,0.77515592559221302,0.27483333333333326,fraction,250,0,collision,nan,0,33.422861216560555,0.033628575000000001,0.001,9.9999999999999995e-07,1.7085474109574583,-0.44194214697654199,0.00050174638666040743,trajectory reached the configured collision radius
77,86,0.775227714800511,0.27483333333333326,fraction,250,0,collision,nan,0,33.426382090098173,0.050112807000000002,0.0010000000000000005,1.000000000000001e-06,1.7087178434053365,-0.44194214689926892,0.00050181444493125281,trajectory reached the configured collision radius
77,87,0.77529950400880909,0.27483333333333326,fraction,250,0,collision,nan,0,33.429924602700147,0.053385176999999999,0.0010000000000000102,1.0000000000000205e-06,1.7088893776714749,-0.44194214682175409,0.00050188270645267396,trajectory reached the configured collision radius
77,88,0.77537129321710718,0.27483333333333326,fraction,250,0,collision,nan,0,33.43348902570068,0.033928026999999999,0.0010000000000000002,1.0000000000000004e-06,1.7090620177154281,-0.4419421467439974,0.00050195117203346868,trajectory reached the configured collision radius
77,89,0.77544308242540527,0.27483333333333326,fraction,250,0,collision,nan,0,33.437075635753153,0.034302886999999997,0.001,9.9999999999999995e-07,1.7092357675586753,-0.44194214666599724,0.00050201984250205047,trajectory reached the configured collision radius
77,90,0.77551487163370336,0.27483333333333326,fraction,250,0,collision,nan,0,33.440684714971908,0.052848073000000002,0.0010000000000000033,1.0000000000000065e-06,1.7094106312871544,-0.44194214658775255,0.00050208871870708921,trajectory reached the configured collision radius
77,91,0.77558666084200134,0.27483333333333326,fraction,250,0,collision,nan,0,33.444316551076795,0.035418709,0.0010000000000000033,1.0000000000000065e-06,1.7095866130536139,-0.44194214650926256,0.00050215780151836452,trajectory reached the configured collision radius
77,92,0.77565845005029943,0.27483333333333326,fraction,250,0,collision,nan,0,33.447971437543728,0.034489527999999998,0.001,9.9999999999999995e-07,1.7097637170802071,-0.44194214643052571,0.00050222709182754779,trajectory reached the configured collision radius
77,93,0.77573023925859752,0.27483333333333326,fraction,250,0,collision,nan,0,33.451649673759349,0.033737953000000001,0.0010000000000000002,1.0000000000000004e-06,1.7099419476611604,-0.44194214635154144,0.00050229659054904494,trajectory reached the configured collision radius
77,94,0.77580202846689561,0.27483333333333326,fraction,250,0,collision,nan,0,33.455351565181594,0.033399405,0.0010000000000000063,1.0000000000000127e-06,1.7101213091655985,-0.44194214627230749,0.00050236629862089653,trajectory reached the configured collision radius
78,76,0.77450982271753033,0.29099999999999993,fraction,250,0,collision,nan,0,33.416730772606435,0.033410478,0.001,9.9999999999999995e-07,1.7063699400555679,-0.44194214754213645,0.00050124795918660408,trajectory reached the configured collision radius
78,77,0.77458161192582842,0.29099999999999993,fraction,250,0,collision,nan,0,33.420099161372008,0.038811361000000003,0.0010000000000000098,1.0000000000000196e-06,1.7065430917671105,-0.44194214746478883,0.00050131615079250112,trajectory reached the configured collision radius
78,78,0.77465340113412651,0.29099999999999993,fraction,250,0,collision,nan,0,33.423487319169574,0.036882285000000001,0.0010000000000000005,1.000000000000001e-06,1.7067173021915598,-0.44194214738721144,0.0005013845353002012,trajectory reached the configured collision radius
78,79,0.7747251903424246,0.29099999999999993,fraction,250,0,collision,nan,0,33.426895482292842,0.034386018999999997,0.001,9.9999999999999995e-07,1.7068925749598838,-0.44194214730940429,0.00050145311341182356,trajectory reached the configured collision radius
78,80,0.77479697955072258,0.29099999999999993,fraction,250,0,collision,nan,0,33.430323891458009,0.033877671999999998,0.0010000000000000067,1.0000000000000135e-06,1.7070689137550987,-0.44194214723136566,0.0005015218858452743,trajectory reached the configured collision radius
78,81,0.77486876875902067,0.29099999999999993,fraction,250,0,collision,nan,0,33.433772791916589,0.033771007999999998,0.0010000000000000009,1.0000000000000019e-06,1.707246322313972,-0.4419421471530951,0.00050159085333484647,trajectory reached the configured collision radius
78,82,0.77494055796731875,0.29099999999999993,fraction,250,0,collision,nan,0,33.437242433568905,0.034754212999999999,0.001,9.9999999999999995e-07,1.7074248044290825,-0.44194214707459117,0.00050166001663184804,trajectory reached the configured collision radius
78,83,0.77501234717561684,0.29099999999999993,fraction,250,0,collision,nan,0,33.440733071084203,0.033758667999999999,0.0010000000000000031,1.0000000000000061e-06,1.7076043639506764,-0.44194214699585382,0.00050172937650519694,trajectory reached the configured collision radius
78,84,0.77508413638391493,0.29099999999999993,fraction,250,0,collision,nan,0,33.444244964022936,0.034337762000000001,0.0010000000000000028,1.0000000000000057e-06,1.7077850047888992,-0.44194214691688111,0.00050179893374209885,trajectory reached the configured collision radius
78,85,0.77515592559221302,0.29099999999999993,fraction,250,0,collision,nan,0,33.447778376963434,0.037749191000000001,0.001,9.9999999999999995e-07,1.7079667309157793,-0.44194214683767247,0.00050186868914866623,trajectory reached the configured collision radius
78,86,0.775227714800511,0.29099999999999993,fraction,250,0,collision,nan,0,33.451333579632212,0.035443267000000001,0.0010000000000000007,1.0000000000000014e-06,1.7081495463677803,-0.44194214675822668,0.00050193864355072481,trajectory reached the configured collision radius
78,87,0.77529950400880909,0.29099999999999993,fraction,250,0,collision,nan,0,33.454910847039706,0.035541639999999999,0.00100000000000001,1.0000000000000201e-06,1.7083334552479219,-0.44194214667854337,0.00050200879779447303,trajectory reached the configured collision radius
78,88,0.77537129321710718,0.29099999999999993,fraction,250,0,collision,nan,0,33.4585104596188,0.034024604999999999,0.0010000000000000002,1.0000000000000004e-06,1.7085184617283034,-0.44194214659862047,0.0005020791527472169,trajectory reached the configured collision radius
78,89,0.77544308242540527,0.29099999999999993,fraction,250,0,collision,nan,0,33.462132703369569,0.034410275999999997,0.001,9.9999999999999995e-07,1.7087045700528982,-0.44194214651845692,0.0005021497092982895,trajectory reached the configured collision radius
78,90,0.77551487163370336,0.29099999999999993,fraction,250,0,collision,nan,0,33.465777870007358,0.033689573,0.0010000000000000028,1.0000000000000057e-06,1.7088917845400213,-0.44194214643805274,0.00050222046835976324,trajectory reached the configured collision radius
78,91,0.77558666084200134,0.29099999999999993,fraction,250,0,collision,nan,0,33.469446257117234,0.033449932000000002,0.0010000000000000041,1.0000000000000082e-06,1.7090801095852615,-0.44194214635740575,0.00050229143086736715,trajectory reached the configured collision radius
78,92,0.77565845005029943,0.29099999999999993,fraction,250,0,collision,nan,0,33.473138168312239,0.033528928999999999,0.0010000000000000002,1.0000000000000004e-06,1.7092695496644441,-0.44194214627651457,0.00050236259778138961,trajectory reached the configured collision radius
78,93,0.77573023925859752,0.29099999999999993,fraction,250,0,collision,nan,0,33.476853913398102,0.036700113999999999,0.001,9.9999999999999995e-07,1.7094601093367296,-0.44194214619537903,0.00050243397008760122,trajectory reached the configured collision radius
78,94,0.77580202846689561,0.29099999999999993,fraction,250,0,collision,nan,0,33.480593808542736,0.033446866999999998,0.0010000000000000039,1.0000000000000078e-06,1.709651793247801,-0.44194214611399679,0.00050250554879827363,trajectory reached the configured collision radius
79,76,0.77450982271753033,0.30716666666666659,fraction,250,0,collision,nan,0,33.442131783314736,0.033629618999999999,0.001,9.9999999999999995e-07,1.7057998770337985,-0.44194214738594734,0.0005013856497761009,trajectory reached the configured collision radius
79,77,0.77458161192582842,0.30716666666666659,fraction,250,0,collision,nan,0,33.445532781178557,0.036152779000000003,0.0010000000000000046,1.0000000000000091e-06,1.7059854280961035,-0.44194214730646691,0.00050145570232457625,trajectory reached the configured collision radius
79,78,0.77465340113412651,0.30716666666666659,fraction,250,0,collision,nan,0,33.448953928798204,0.060847817999999998,0.0010000000000000013,1.0000000000000027e-06,1.7061720278081818,-0.44194214722676028,0.00050152594395005599,trajectory reached the configured collision radius
79,79,0.7747251903424246,0.30716666666666659,fraction,250,0,collision,nan,0,33.452395470273778,0.062078027000000001,0.001,9.9999999999999995e-07,1.7063596799689591,-0.4419421471468275,0.00050159637540133674,trajectory reached the configured collision radius
79,80,0.77479697955072258,0.30716666666666659,fraction,250,0,collision,nan,0,33.455857654331638,0.033699002999999998,0.0010000000000000022,1.0000000000000044e-06,1.7065483884371535,-0.44194214706666707,0.00050166699744494392,trajectory reached the configured collision radius
79,81,0.77486876875902067,0.30716666666666659,fraction,250,0,collision,nan,0,33.459340734441298,0.036026163999999999,0.0010000000000000035,1.0000000000000069e-06,1.7067381571334304,-0.44194214698627843,0.00050173781086582602,trajectory reached the configured collision radius
79,82,0.77494055796731875,0.30716666666666659,fraction,250,0,collision,nan,0,33.462844968938349,0.036237633999999998,0.001,9.9999999999999995e-07,1.7069289900426881,-0.44194214690565975,0.0005018088164679839,trajectory reached the configured collision radius
79,83,0.77501234717561684,0.30716666666666659,fraction,250,0,collision,nan,0,33.466370621149487,0.034726183000000001,0.0010000000000000005,1.000000000000001e-06,1.7071208912163212,-0.4419421468248107,0.00050188001507520455,trajectory reached the configured collision radius
79,84,0.77508413638391493,0.30716666666666659,fraction,250,0,collision,nan,0,33.469917959522782,0.035204895999999999,0.0010000000000000102,1.0000000000000205e-06,1.7073138647746005,-0.44194214674372995,0.00050195140753176023,trajectory reached the configured collision radius
79,85,0.77515592559221302,0.30716666666666659,fraction,250,0,collision,nan,0,33.473487257761704,0.032745689000000001,0.0010000000000000005,1.000000000000001e-06,1.7075079149092161,-0.44194214666241632,0.00050202299470314155,trajectory reached the configured collision radius
79,86,0.775227714800511,0.30716666666666659,fraction,250,0,collision,nan,0,33.477078794963298,0.033660845000000002,0.001,9.9999999999999995e-07,1.7077030458859017,-0.441942146580869,0.00050209477747691804,trajectory reached the configured collision radius
79,87,0.77529950400880909,0.30716666666666659,fraction,250,0,collision,nan,0,33.480692855761511,0.034449664999999997,0.0010000000000000031,1.0000000000000061e-06,1.707899262047162,-0.44194214649908709,0.00050216675676348203,trajectory reached the configured collision radius
79,88,0.77537129321710718,0.30716666666666659,fraction,250,0,collision,nan,0,33.484329730474748,0.035827471,0.0010000000000000033,1.0000000000000065e-06,1.7080965678151412,-0.44194214641706842,0.00050223893349692799,trajectory reached the configured collision radius
79,89,0.77544308242540527,0.30716666666666659,fraction,250,0,collision,nan,0,33.487989715259175,0.034445364999999999,0.001,9.9999999999999995e-07,1.7082949676945931,-0.44194214633481299,0.00050231130863594002,trajectory reached the configured collision radius
79,90,0.77551487163370336,0.30716666666666659,fraction,250,0,collision,nan,0,33.491673112265154,0.033658059999999997,0.001,9.9999999999999995e-07,1.7084944662760144,-0.44194214625231881,0.00050238388316471694,trajectory reached the configured collision radius
79,91,0.77558666084200134,0.30716666666666659,fraction,250,0,collision,nan,0,33.495380229801768,0.038875206000000002,0.0010000000000000061,1.0000000000000122e-06,1.7086950682388777,-0.44194214616958477,0.0005024566580939221,trajectory reached the configured collision radius
79,92,0.77565845005029943,0.30716666666666659,fraction,250,0,collision,nan,0,33.499111382504957,0.033397682999999997,0.001000000000000002,1.000000000000004e-06,1.7088967783550757,-0.44194214608660976,0.00050252963446169589,trajectory reached the configured collision radius
79,93,0.77573023925859752,0.30716666666666659,fraction,250,0,collision,nan,0,33.502866891512085,0.033917636000000001,0.001,9.9999999999999995e-07,1.7090996014924518,-0.44194214600339271,0.00050260281333471099,trajectory reached the configured collision radius
79,94,0.77580202846689561,0.30716666666666659,fraction,250,0,collision,nan,0,33.506647084641543,0.033815150000000002,0.0010000000000000002,1.0000000000000004e-06,1.7093035426184433,-0.44194214591993203,0.00050267619580923826,trajectory reached the configured collision radius
80,76,0.77450982271753033,0.32333333333333325,fraction,250,0,collision,nan,0,33.468355270191068,0.033991180000000003,0.001,9.9999999999999995e-07,1.7053607378557736,-0.44194214719093755,0.00050155750987742405,trajectory reached the configured collision radius
80,77,0.77458161192582842,0.32333333333333325,fraction,250,0,collision,nan,0,33.471790782381809,0.033509602999999999,0.0010000000000000002,1.0000000000000004e-06,1.7055585997397718,-0.44194214710940127,0.00050162934934117943,trajectory reached the configured collision radius
80,78,0.77465340113412651,0.32333333333333325,fraction,250,0,collision,nan,0,33.475246855194065,0.034692489999999999,0.0010000000000000076,1.0000000000000152e-06,1.7057575002088365,-0.44194214702764373,0.0005017013741051851,trajectory reached the configured collision radius
80,79,0.7747251903424246,0.32333333333333325,fraction,250,0,collision,nan,0,33.47872374121755,0.035780043999999997,0.0010000000000000007,1.0000000000000014e-06,1.7059574432617961,-0.44194214694566242,0.00050177358497199398,trajectory reached the configured collision radius
80,80,0.77479697955072258,0.32333333333333325,fraction,250,0,collision,nan,0,33.482221697890182,0.046782587,0.001,9.9999999999999995e-07,1.7061584329662043,-0.44194214686345712,0.00050184598276408799,trajectory reached the configured collision radius
80,81,0.77486876875902067,0.32333333333333325,fraction,250,0,collision,nan,0,33.485740987622769,0.053488900999999998,0.0010000000000000028,1.0000000000000057e-06,1.7063604734607662,-0.441942146781027,0.00050191856832453388,trajectory reached the configured collision radius
80,82,0.77494055796731875,0.32333333333333325,fraction,250,0,collision,nan,0,33.48928187792891,0.034011853000000002,0.0010000000000000031,1.0000000000000061e-06,1.7065635689578991,-0.44194214669837062,0.0005019913425177761,trajectory reached the configured collision radius
80,83,0.77501234717561684,0.32333333333333325,fraction,250,0,collision,nan,0,33.492844641557696,0.033671227999999997,0.0010000000000000002,1.0000000000000004e-06,1.7067677237463099,-0.44194214661548675,0.00050206430623036852,trajectory reached the configured collision radius
80,84,0.77508413638391493,0.32333333333333325,fraction,250,0,collision,nan,0,33.496429556632123,0.033495896999999997,0.0010000000000000005,1.000000000000001e-06,1.7069729421938977,-0.44194214653237446,0.00050213746037183836,trajectory reached the configured collision radius
80,85,0.77515592559221302,0.32333333333333325,fraction,250,0,collision,nan,0,33.500036906790818,0.034194335999999999,0.0010000000000000109,1.0000000000000218e-06,1.7071792287505676,-0.4419421464490329,0.00050221080587545231,trajectory reached the configured collision radius
80,86,0.775227714800511,0.32333333333333325,fraction,250,0,collision,nan,0,33.503666981336188,0.034196486999999998,0.0010000000000000007,1.0000000000000014e-06,1.7073865879512018,-0.44194214636546048,0.00050228434369913651,trajectory reached the configured collision radius
80,87,0.77529950400880909,0.32333333333333325,fraction,250,0,collision,nan,0,33.507320075384975,0.03358618,0.001,9.9999999999999995e-07,1.7075950244189022,-0.44194214628165618,0.00050235807482639958,trajectory reached the configured collision radius
80,88,0.77537129321710718,0.32333333333333325,fraction,250,0,collision,nan,0,33.510996490026137,0.038030841000000003,0.0010000000000000015,1.0000000000000031e-06,1.7078045428681348,-0.44194214619761835,0.00050243200026724177,trajectory reached the configured collision radius
80,89,0.77544308242540527,0.32333333333333325,fraction,250,0,collision,nan,0,33.514696532483264,0.035102818000000001,0.001000000000000007,1.0000000000000139e-06,1.7080151481083405,-0.44194214611334637,0.00050250612105914145,trajectory reached the configured collision radius
80,90,0.77551487163370336,0.32333333333333325,fraction,250,0,collision,nan,0,33.51842051628185,0.039051255999999999,0.0010000000000000002,1.0000000000000004e-06,1.7082268450473153,-0.44194214602883825,0.00050258043826809367,trajectory reached the configured collision radius
80,91,0.77558666084200134,0.32333333333333325,fraction,250,0,collision,nan,0,33.522168761423394,0.044050318999999998,0.001,9.9999999999999995e-07,1.7084396386950784,-0.44194214594409359,0.0005026549529896947,trajectory reached the configured collision radius
80,92,0.77565845005029943,0.32333333333333325,fraction,250,0,collision,nan,0,33.5259415945645,0.033751768000000001,0.0010000000000000018,1.0000000000000036e-06,1.7086535341677009,-0.4419421458591094,0.00050272966635023393,trajectory reached the configured collision radius
80,93,0.77573023925859752,0.32333333333333325,fraction,250,0,collision,nan,0,33.529739349202757,0.033683998,0.0010000000000000074,1.0000000000000148e-06,1.7088685366914402,-0.44194214577388619,0.00050280457950784799,trajectory reached the configured collision radius
80,94,0.77580202846689561,0.32333333333333325,fraction,250,0,collision,nan,0,33.533562365869678,0.046150222999999997,0.0010000000000000002,1.0000000000000004e-06,1.709084651606932,-0.44194214568842127,0.00050287969365373755,trajectory reached the configured collision radius
81,76,0.77450982271753033,0.33949999999999991,fraction,250,0,collision,nan,0,33.495452764354809,0.034306979000000001,0.0010000000000000052,1.0000000000000105e-06,1.7050615082428739,-0.44194214695522577,0.00050176516178547189,trajectory reached the configured collision radius
81,77,0.77458161192582842,0.33949999999999991,fraction,250,0,collision,nan,0,33.498924886073908,0.033912867999999999,0.0010000000000000013,1.0000000000000027e-06,1.7052715701071457,-0.44194214687171818,0.00050183870798838168,trajectory reached the configured collision radius
81,78,0.77465340113412651,0.33949999999999991,fraction,250,0,collision,nan,0,33.502418012986915,0.034863346000000003,0.001,9.9999999999999995e-07,1.7054826606527078,-0.44194214678799176,0.00050191243579941671,trajectory reached the configured collision radius
81,79,0.7747251903424246,0.33949999999999991,fraction,250,0,collision,nan,0,33.505932406942932,0.041833198000000002,0.0010000000000000018,1.0000000000000036e-06,1.7056947841149235,-0.44194214670404591,0.00050198634608282912,trajectory reached the configured collision radius
81,80,0.77479697955072258,0.33949999999999991,fraction,250,0,collision,nan,0,33.509468334883039,0.042817383000000001,0.0010000000000000046,1.0000000000000091e-06,1.7059079448078893,-0.44194214661987929,0.0005020604397251412,trajectory reached the configured collision radius
81,81,0.77486876875902067,0.33949999999999991,fraction,250,0,collision,nan,0,33.513026068974696,0.034220526000000001,0.001,9.9999999999999995e-07,1.7061221471271597,-0.4419421465354908,0.00050213471763591033,trajectory reached the configured collision radius
81,82,0.77494055796731875,0.33949999999999991,fraction,250,0,collision,nan,0,33.516605886747762,0.038065590000000003,0.0010000000000000002,1.0000000000000004e-06,1.7063373955527203,-0.4419421464508797,0.00050220918074859436,trajectory reached the configured collision radius
81,83,0.77501234717561684,0.33949999999999991,fraction,250,0,collision,nan,0,33.520208071237292,0.041395638999999998,0.0010000000000000083,1.0000000000000165e-06,1.7065536946520488,-0.44194214636604456,0.00050228383002138991,trajectory reached the configured collision radius
81,84,0.77508413638391493,0.33949999999999991,fraction,250,0,collision,nan,0,33.523832911129794,0.034246934,0.0010000000000000011,1.0000000000000023e-06,1.7067710490832078,-0.44194214628098372,0.00050235866643811471,trajectory reached the configured collision radius
81,85,0.77515592559221302,0.33949999999999991,fraction,250,0,collision,nan,0,33.527480700915213,0.038324058000000001,0.001,9.9999999999999995e-07,1.7069894635982692,-0.44194214619569666,0.00050243369100917657,trajectory reached the configured collision radius
81,86,0.775227714800511,0.33949999999999991,fraction,250,0,collision,nan,0,33.531151741042862,0.033474731000000001,0.0010000000000000011,1.0000000000000023e-06,1.7072089430466297,-0.44194214611018118,0.00050250890477251042,trajectory reached the configured collision radius
81,87,0.77529950400880909,0.33949999999999991,fraction,250,0,collision,nan,0,33.534846338084016,0.066892413999999997,0.0010000000000000091,1.0000000000000182e-06,1.7074294923787343,-0.44194214602443677,0.00050258430879459789,trajectory reached the configured collision radius
81,88,0.77537129321710718,0.33949999999999991,fraction,250,0,collision,nan,0,33.538564804898677,0.034510172999999998,0.0010000000000000005,1.000000000000001e-06,1.707651116649763,-0.44194214593846204,0.00050265990417153086,trajectory reached the configured collision radius
81,89,0.77544308242540527,0.33949999999999991,fraction,250,0,collision,nan,0,33.542307460808971,0.033062591000000002,0.001,9.9999999999999995e-07,1.7078738210235729,-0.44194214585225516,0.00050273569203008333,trajectory reached the configured collision radius
81,90,0.77551487163370336,0.33949999999999991,fraction,250,0,collision,nan,0,33.546074631778176,0.033760748,0.0010000000000000011,1.0000000000000023e-06,1.7080976107767103,-0.4419421457658152,0.00050281167352886423,trajectory reached the configured collision radius
81,91,0.77558666084200134,0.33949999999999991,fraction,250,0,collision,nan,0,33.549866650595675,0.033315761999999999,0.0010000000000000093,1.0000000000000186e-06,1.7083224913028401,-0.44194214567914036,0.00050288784985950041,trajectory reached the configured collision radius
81,92,0.77565845005029943,0.33949999999999991,fraction,250,0,collision,nan,0,33.553683857069139,0.032765560999999999,0.0010000000000000007,1.0000000000000014e-06,1.7085484681170682,-0.44194214559222922,0.00050296422224786795,trajectory reached the configured collision radius
81,93,0.77573023925859752,0.33949999999999991,fraction,250,0,collision,nan,0,33.557526598221834,0.047150702000000003,0.001,9.9999999999999995e-07,1.7087755468606463,-0.44194214550508037,0.0005030407919553874,trajectory reached the configured collision radius
81,94,0.77580202846689561,0.33949999999999991,fraction,250,0,collision,nan,0,33.561395228499322,0.033459398000000001,0.0010000000000000005,1.000000000000001e-06,1.7090037333058101,-0.44194214541769206,0.0005031175602803541,trajectory reached the configured collision radius
82,76,0.77450982271753033,0.35566666666666658,fraction,250,0,collision,nan,0,33.523480378395483,0.033336139000000001,0.0010000000000000002,1.0000000000000004e-06,1.7049117477010129,-0.44194214667683995,0.00050201029730732535,trajectory reached the configured collision radius
82,77,0.77458161192582842,0.35566666666666658,fraction,250,0,collision,nan,0,33.526991422245558,0.033219378000000001,0.001,9.9999999999999995e-07,1.7051338752827783,-0.44194214659145054,0.00050208546364977514,trajectory reached the configured collision radius
82,78,0.77465340113412651,0.35566666666666658,fraction,250,0,collision,nan,0,33.530523953684607,0.033147050999999997,0.0010000000000000044,1.0000000000000086e-06,1.7053570219924896,-0.44194214650584629,0.00050216080803417633,trajectory reached the configured collision radius
82,79,0.7747251903424246,0.35566666666666658,fraction,250,0,collision,nan,0,33.534078244692196,0.033410185000000002,0.0010000000000000018,1.0000000000000036e-06,1.7055811923438029,-0.44194214642002588,0.00050223633139528229,trajectory reached the configured collision radius
82,80,0.77479697955072258,0.35566666666666658,fraction,250,0,collision,nan,0,33.537654572610151,0.034085954000000002,0.001,9.9999999999999995e-07,1.7058063909403327,-0.44194214633398782,0.00050231203469271711,trajectory reached the configured collision radius
82,81,0.77486876875902067,0.35566666666666658,fraction,250,0,collision,nan,0,33.541253220284915,0.033650016999999997,0.0010000000000000009,1.0000000000000019e-06,1.7060326224788402,-0.44194214624773098,0.00050238791891185186,trajectory reached the configured collision radius
82,82,0.77494055796731875,0.35566666666666658,fraction,250,0,collision,nan,0,33.54487447621311,0.033626369000000003,0.0010000000000000096,1.0000000000000192e-06,1.7062598917526373,-0.44194214616125471,0.00050246398506472909,trajectory reached the configured collision radius
82,83,0.77501234717561684,0.35566666666666658,fraction,250,0,collision,nan,0,33.54851863469456,0.037018938000000001,0.0010000000000000002,1.0000000000000004e-06,1.7064882036550326,-0.44194214607455679,0.00050254023419099656,trajectory reached the configured collision radius
82,84,0.77508413638391493,0.35566666666666658,fraction,250,0,collision,nan,0,33.55218599598728,0.033577796,0.001,9.9999999999999995e-07,1.7067175631829434,-0.44194214598763665,0.00050261666735895261,trajectory reached the configured collision radius
82,85,0.77515592559221302,0.35566666666666658,fraction,250,0,collision,nan,0,33.55587686646971,0.033437716999999999,0.001000000000000002,1.000000000000004e-06,1.7069479754406993,-0.44194214590049308,0.00050269328566652247,trajectory reached the configured collision radius
82,86,0.775227714800511,0.35566666666666658,fraction,250,0,collision,nan,0,33.559591558808592,0.034575817000000002,0.0010000000000000057,1.0000000000000114e-06,1.7071794456439959,-0.44194214581312385,0.00050277009024238262,trajectory reached the configured collision radius
82,87,0.77529950400880909,0.35566666666666658,fraction,250,0,collision,nan,0,33.563330392131562,0.034196367999999998,0.001,9.9999999999999995e-07,1.7074119791239595,-0.44194214572552803,0.00050284708224702696,trajectory reached the configured collision radius
82,88,0.77537129321710718,0.35566666666666658,fraction,250,0,collision,nan,0,33.567093692205539,0.033422658000000001,0.001,9.9999999999999995e-07,1.7076455813315057,-0.44194214563770423,0.00050292426287400856,trajectory reached the configured collision radius
82,89,0.77544308242540527,0.35566666666666658,fraction,250,0,collision,nan,0,33.570881791622462,0.033338325000000002,0.0010000000000000022,1.0000000000000044e-06,1.7078802578417538,-0.44194214554965094,0.00050300163335109172,trajectory reached the configured collision radius
82,90,0.77551487163370336,0.35566666666666658,fraction,250,0,collision,nan,0,33.574695029990913,0.034103690999999998,0.001000000000000007,1.0000000000000139e-06,1.7081160143587442,-0.44194214546136645,0.00050307919494152671,trajectory reached the configured collision radius
82,91,0.77558666084200134,0.35566666666666658,fraction,250,0,collision,nan,0,33.57853375413378,0.033738553999999997,0.0010000000000000005,1.000000000000001e-06,1.7083528567202693,-0.44194214537284909,0.00050315694894538,trajectory reached the configured collision radius
82,92,0.77565845005029943,0.35566666666666658,fraction,250,0,collision,nan,0,33.582398318293905,0.033990777999999999,0.001,9.9999999999999995e-07,1.708590790902986,-0.44194214528409792,0.00050323489670091141,trajectory reached the configured collision radius
82,93,0.77573023925859752,0.35566666666666658,fraction,250,0,collision,nan,0,33.586289084345836,0.033191696,0.0010000000000000007,1.0000000000000014e-06,1.7088298230277641,-0.44194214519511066,0.00050331303958597786,trajectory reached the configured collision radius
82,94,0.77580202846689561,0.35566666666666658,fraction,250,0,collision,nan,0,33.590206422017218,0.041222265000000001,0.0010000000000000083,1.0000000000000165e-06,1.7090699593651357,-0.44194214510588531,0.00050339137901954205,trajectory reached the configured collision radius
83,76,0.77450982271753033,0.37183333333333324,fraction,250,0,collision,nan,0,33.552499357980594,0.034730652000000001,0.00100000000000001,1.0000000000000201e-06,1.7049216315594227,-0.44194214635371409,0.00050229467865498683,trajectory reached the configured collision radius
83,77,0.77458161192582842,0.37183333333333324,fraction,250,0,collision,nan,0,33.556051886309064,0.033693476999999999,0.0010000000000000013,1.0000000000000027e-06,1.7051556660508833,-0.44194214626654121,0.00050237137183261043,trajectory reached the configured collision radius
83,78,0.77465340113412651,0.37183333333333324,fraction,250,0,collision,nan,0,33.559626427218475,0.033364911999999997,0.0010000000000000061,1.0000000000000122e-06,1.7053907106883639,-0.44194214617915611,0.00050244823965862981,trajectory reached the configured collision radius
83,79,0.7747251903424246,0.37183333333333324,fraction,250,0,collision,nan,0,33.563223263810208,0.033795450999999997,0.001,9.9999999999999995e-07,1.705626770311476,-0.4419421460915578,0.00050252528314812341,trajectory reached the configured collision radius
83,80,0.77479697955072258,0.37183333333333324,fraction,250,0,collision,nan,0,33.566842684846563,0.032810705000000003,0.001,9.9999999999999995e-07,1.7058638498625127,-0.44194214600374532,0.00050260250334392502,trajectory reached the configured collision radius
83,81,0.77486876875902067,0.37183333333333324,fraction,250,0,collision,nan,0,33.570484984903359,0.033274112000000002,0.001000000000000005,1.0000000000000101e-06,1.706101954390167,-0.44194214591571684,0.00050267990131760087,trajectory reached the configured collision radius
83,82,0.77494055796731875,0.37183333333333324,fraction,250,0,collision,nan,0,33.574150464526241,0.033501534999999999,0.0010000000000000022,1.0000000000000044e-06,1.7063410890533017,-0.44194214582747138,0.00050275747817045001,trajectory reached the configured collision radius
83,83,0.77501234717561684,0.37183333333333324,fraction,250,0,collision,nan,0,33.577839430393084,0.033656519000000003,0.001,9.9999999999999995e-07,1.7065812591249001,-0.44194214573900781,0.00050283523503460677,trajectory reached the configured collision radius
83,84,0.77508413638391493,0.37183333333333324,fraction,250,0,collision,nan,0,33.581552195481365,0.033004446999999999,0.0010000000000000002,1.0000000000000004e-06,1.7068224699963093,-0.44194214565032397,0.0005029131730741117,trajectory reached the configured collision radius
83,85,0.77515592559221302,0.37183333333333324,fraction,250,0,collision,nan,0,33.58528907924147,0.032425384000000002,0.0010000000000000072,1.0000000000000144e-06,1.7070647271814368,-0.44194214556141942,0.00050299129348606189,trajectory reached the configured collision radius
83,86,0.775227714800511,0.37183333333333324,fraction,250,0,collision,nan,0,33.589050407776284,0.033085627999999999,0.0010000000000000018,1.0000000000000036e-06,1.7073080363213466,-0.44194214547229144,0.0005030695975018352,trajectory reached the configured collision radius
83,87,0.77529950400880909,0.37183333333333324,fraction,250,0,collision,nan,0,33.592836514026175,0.049138162999999999,0.001,9.9999999999999995e-07,1.7075524031888705,-0.44194214538293947,0.00050314808638830583,trajectory reached the configured collision radius
83,88,0.77537129321710718,0.37183333333333324,fraction,250,0,collision,nan,0,33.59664773796127,0.064432006999999999,0.0010000000000000002,1.0000000000000004e-06,1.7077978336936057,-0.44194214529336134,0.00050322676144914252,trajectory reached the configured collision radius
83,89,0.77544308242540527,0.37183333333333324,fraction,250,0,collision,nan,0,33.600484426779602,0.034944786999999998,0.001000000000000005,1.0000000000000101e-06,1.708044333886876,-0.44194214520355585,0.00050330562402615573,trajectory reached the configured collision radius
83,90,0.77551487163370336,0.37183333333333324,fraction,250,0,collision,nan,0,33.604346935112936,0.034229669999999997,0.0010000000000000035,1.0000000000000069e-06,1.7082919099672236,-0.44194214511352126,0.00050338467550072811,trajectory reached the configured collision radius
83,91,0.77558666084200134,0.37183333333333324,fraction,250,0,collision,nan,0,33.608235625240212,0.039479715999999998,0.0010000000000000002,1.0000000000000004e-06,1.7085405682858763,-0.44194214502325524,0.00050346391729522123,trajectory reached the configured collision radius
83,92,0.77565845005029943,0.37183333333333324,fraction,250,0,collision,nan,0,33.612150867306497,0.033567969000000003,0.001,9.9999999999999995e-07,1.708790315352499,-0.44194214493275674,0.00050354335087454704,trajectory reached the configured collision radius
83,93,0.77573023925859752,0.37183333333333324,fraction,250,0,collision,nan,0,33.616093039552887,0.034200561999999997,0.0010000000000000013,1.0000000000000027e-06,1.7090411578413915,-0.44194214484202382,0.00050362297774773695,trajectory reached the configured collision radius
83,94,0.77580202846689561,0.37183333333333324,fraction,250,0,collision,nan,0,33.620062528552779,0.054883831000000001,0.0010000000000000104,1.0000000000000209e-06,1.7092931025976748,-0.44194214475105426,0.000503702799469581,trajectory reached the configured collision radius
84,76,0.77450982271753033,0.3879999999999999,fraction,250,0,collision,nan,0,33.58257671740288,0.032834037000000003,0.001,9.9999999999999995e-07,1.7051019953461173,-0.44194214598368908,0.00050262013852822216,trajectory reached the configured collision radius
84,77,0.77458161192582842,0.3879999999999999,fraction,250,0,collision,nan,0,33.586173580624944,0.033132338999999997,0.0010000000000000011,1.0000000000000023e-06,1.7053477522716272,-0.44194214589483682,0.0005026982582456164,trajectory reached the configured collision radius
84,78,0.77465340113412651,0.3879999999999999,fraction,250,0,collision,nan,0,33.589793029583547,0.033915811999999997,0.0010000000000000083,1.0000000000000165e-06,1.7055945111906601,-0.44194214580577568,0.00050277654944317252,trajectory reached the configured collision radius
84,79,0.7747251903424246,0.3879999999999999,fraction,250,0,collision,nan,0,33.593435359633382,0.034593080999999998,0.0010000000000000002,1.0000000000000004e-06,1.7058422773234112,-0.4419421457165042,0.00050285501322728339,trajectory reached the configured collision radius
84,80,0.77479697955072258,0.3879999999999999,fraction,250,0,collision,nan,0,33.597100872122937,0.033220126000000003,0.001,9.9999999999999995e-07,1.7060910560071885,-0.44194214562702072,0.00050293365073528955,trajectory reached the configured collision radius
84,81,0.77486876875902067,0.3879999999999999,fraction,250,0,collision,nan,0,33.600789874558487,0.036650352999999997,0.0010000000000000026,1.0000000000000052e-06,1.7063408527006034,-0.44194214553732475,0.00050301246313655336,trajectory reached the configured collision radius
84,82,0.77494055796731875,0.3879999999999999,fraction,250,0,collision,nan,0,33.60450268077107,0.046722951999999998,0.0010000000000000048,1.0000000000000095e-06,1.7065916729878541,-0.44194214544741406,0.00050309145163360692,trajectory reached the configured collision radius
84,83,0.77501234717561684,0.3879999999999999,fraction,250,0,collision,nan,0,33.60823961109184,0.03272104,0.0010000000000000002,1.0000000000000004e-06,1.7068435225834053,-0.44194214535728743,0.00050317061746331035,trajectory reached the configured collision radius
84,84,0.77508413638391493,0.3879999999999999,fraction,250,0,collision,nan,0,33.612000992531399,0.033230401999999999,0.001,9.9999999999999995e-07,1.7070964073365869,-0.44194214526694303,0.00050324996189813134,trajectory reached the configured collision radius
84,85,0.77515592559221302,0.3879999999999999,fraction,250,0,collision,nan,0,33.615787158966207,0.032659830000000001,0.0010000000000000026,1.0000000000000052e-06,1.7073503332365125,-0.44194214517637981,0.00050332948624734909,trajectory reached the configured collision radius
84,86,0.775227714800511,0.3879999999999999,fraction,250,0,collision,nan,0,33.619598451331569,0.032916580000000001,0.0010000000000000057,1.0000000000000114e-06,1.7076053064173387,-0.44194214508559576,0.00050340919185843562,trajectory reached the configured collision radius
84,87,0.77529950400880909,0.3879999999999999,fraction,250,0,collision,nan,0,33.623435217820806,0.034383869999999997,0.0010000000000000002,1.0000000000000004e-06,1.7078613331635031,-0.441942144994589,0.00050348908011840061,trajectory reached the configured collision radius
84,88,0.77537129321710718,0.3879999999999999,fraction,250,0,collision,nan,0,33.627297814092167,0.037435086999999999,0.001,9.9999999999999995e-07,1.7081184199153125,-0.44194214490335831,0.00050356915245526417,trajectory reached the configured collision radius
84,89,0.77544308242540527,0.3879999999999999,fraction,250,0,collision,nan,0,33.631186603482291,0.033712257000000002,0.0010000000000000009,1.0000000000000019e-06,1.7083765732748102,-0.44194214481190108,0.00050364941033952647,trajectory reached the configured collision radius
84,90,0.77551487163370336,0.3879999999999999,fraction,250,0,collision,nan,0,33.635101957227747,0.034946316999999998,0.0010000000000000098,1.0000000000000196e-06,1.7086358000118362,-0.44194214472021637,0.00050372985528572567,trajectory reached the configured collision radius
84,91,0.77558666084200134,0.3879999999999999,fraction,250,0,collision,nan,0,33.639044254694944,0.033969113000000002,0.0010000000000000018,1.0000000000000036e-06,1.7088961070703506,-0.44194214462830228,0.00050381048885406805,trajectory reached the configured collision radius
84,92,0.77565845005029943,0.3879999999999999,fraction,250,0,collision,nan,0,33.643013883617122,0.038219828999999997,0.001,9.9999999999999995e-07,1.7091575015750431,-0.44194214453615638,0.0005038913126521261,trajectory reached the configured collision radius
84,93,0.77573023925859752,0.3879999999999999,fraction,250,0,collision,nan,0,33.647011240341207,0.032896652999999998,0.001,9.9999999999999995e-07,1.7094199908382695,-0.441942144443777,0.0005039723283365694,trajectory reached the configured collision radius
84,94,0.77580202846689561,0.3879999999999999,fraction,250,0,collision,nan,0,33.651036730083369,0.033908923000000001,0.0010000000000000015,1.0000000000000031e-06,1.7096835823672258,-0.44194214435116208,0.00050405353761504013,trajectory reached the configured collision radius
85,76,0.77450982271753033,0.40416666666666656,fraction,250,0,collision,nan,0,33.613785974682528,0.036801384999999999,0.0010000000000000009,1.0000000000000019e-06,1.7054643812191077,-0.44194214556450873,0.00050298857908862775,trajectory reached the configured collision radius
85,77,0.77458161192582842,0.40416666666666656,fraction,250,0,collision,nan,0,33.617430356925638,0.039954607000000003,0.001,9.9999999999999995e-07,1.705721649333827,-0.44194214547408961,0.00050306801776960584,trajectory reached the configured collision radius
85,78,0.77465340113412651,0.40416666666666656,fraction,250,0,collision,nan,0,33.621097952746616,0.052141184,0.0010000000000000011,1.0000000000000023e-06,1.705979912420897,-0.44194214538346488,0.00050314762504747289,trajectory reached the configured collision radius
85,79,0.7747251903424246,0.40416666666666656,fraction,250,0,collision,nan,0,33.624789071052987,0.041431916999999999,0.0010000000000000083,1.0000000000000165e-06,1.7062391761437856,-0.44194214529263171,0.0005032274021322204,trajectory reached the configured collision radius
85,80,0.77479697955072258,0.40416666666666656,fraction,250,0,collision,nan,0,33.62850402711905,0.063333360000000005,0.0010000000000000005,1.000000000000001e-06,1.7064994462993401,-0.44194214520158975,0.00050330735026829954,trajectory reached the configured collision radius
85,81,0.77486876875902067,0.40416666666666656,fraction,250,0,collision,nan,0,33.632243142760458,0.034286013999999997,0.001,9.9999999999999995e-07,1.7067607288227005,-0.44194214511033697,0.00050338747073590338,trajectory reached the configured collision radius
85,82,0.77494055796731875,0.40416666666666656,fraction,250,0,collision,nan,0,33.63600674651633,0.032717304000000003,0.0010000000000000013,1.0000000000000027e-06,1.7070230297921678,-0.44194214501887208,0.00050346776485213319,trajectory reached the configured collision radius
85,83,0.77501234717561684,0.40416666666666656,fraction,250,0,collision,nan,0,33.639795173836937,0.033921758000000003,0.0010000000000000083,1.0000000000000165e-06,1.707286355434394,-0.44194214492719297,0.00050354823397239748,trajectory reached the configured collision radius
85,84,0.77508413638391493,0.40416666666666656,fraction,250,0,collision,nan,0,33.643608767277321,0.034554723000000002,0.0010000000000000005,1.000000000000001e-06,1.7075507121297706,-0.44194214483529837,0.00050362887949169778,trajectory reached the configured collision radius
85,85,0.77515592559221302,0.40416666666666656,fraction,250,0,collision,nan,0,33.647447876698486,0.032704379999999998,0.001,9.9999999999999995e-07,1.7078161064180493,-0.44194214474318594,0.00050370970284609759,trajectory reached the configured collision radius
85,86,0.775227714800511,0.40416666666666656,fraction,250,0,collision,nan,0,33.651312859476072,0.035828234,0.0010000000000000007,1.0000000000000014e-06,1.7080825450041839,-0.44194214465085474,0.00050379070551417079,trajectory reached the configured collision radius
85,87,0.77529950400880909,0.40416666666666656,fraction,250,0,collision,nan,0,33.655204080715237,0.033016087999999999,0.0010000000000000083,1.0000000000000165e-06,1.7083500347644345,-0.44194214455830233,0.0005038718890185539,trajectory reached the configured collision radius
85,88,0.77537129321710718,0.40416666666666656,fraction,250,0,collision,nan,0,33.659121913473697,0.033207543999999999,0.001000000000000002,1.000000000000004e-06,1.7086185827527101,-0.44194214446552699,0.00050395325492749894,trajectory reached the configured collision radius
85,89,0.77544308242540527,0.40416666666666656,fraction,250,0,collision,nan,0,33.663066738993422,0.033729290000000002,0.001,9.9999999999999995e-07,1.7088881962072917,-0.44194214437252688,0.0005040348048566144,trajectory reached the configured collision radius
85,90,0.77551487163370336,0.40416666666666656,fraction,250,0,collision,nan,0,33.667038946939705,0.033955068999999997,0.001,9.9999999999999995e-07,1.7091588825575792,-0.44194214427930034,0.00050411654047050178,trajectory reached the configured collision radius
85,91,0.77558666084200134,0.40416666666666656,fraction,250,0,collision,nan,0,33.671038935650039,0.035324963000000001,0.0010000000000000015,1.0000000000000031e-06,1.7094306494314948,-0.44194214418584443,0.00050419846348463758,trajectory reached the configured collision radius
85,92,0.77565845005029943,0.40416666666666656,fraction,250,0,collision,nan,0,33.675067112390543,0.034156148999999997,0.0010000000000000104,1.0000000000000209e-06,1.7097035046629478,-0.4419421440921571,0.00050428057566718554,trajectory reached the configured collision radius
85,93,0.77573023925859752,0.40416666666666656,fraction,250,0,collision,nan,0,33.679123893624173,0.046151767000000003,0.001000000000000002,1.000000000000004e-06,1.7099774562996761,-0.441942143998237,0.00050436287884099342,trajectory reached the configured collision radius
85,94,0.77580202846689561,0.40416666666666656,fraction,250,0,collision,nan,0,33.683209705285989,0.049428110999999997,0.001,9.9999999999999995e-07,1.7102525126115207,-0.44194214390408154,0.00050444537488563345,trajectory reached the configured collision radius
86,76,0.77450982271753033,0.42033333333333323,fraction,250,0,collision,nan,0,33.646208005311479,0.048924412,0.0010000000000000009,1.0000000000000019e-06,1.7060210859574783,-0.44194214509382268,0.00050340196943038232,trajectory reached the configured collision radius
86,77,0.77458161192582842,0.42033333333333323,fraction,250,0,collision,nan,0,33.649903479071007,0.033801999999999999,0.00100000000000001,1.0000000000000201e-06,1.7062896261952756,-0.44194214500195783,0.0005034826119270729,trajectory reached the configured collision radius
86,78,0.77465340113412651,0.42033333333333323,fraction,250,0,collision,nan,0,33.653622856621674,0.033338089000000001,0.0010000000000000005,1.000000000000001e-06,1.7065591558692352,-0.4419421449098892,0.00050356342048968501,trajectory reached the configured collision radius
86,79,0.7747251903424246,0.42033333333333323,fraction,250,0,collision,nan,0,33.657366461924767,0.033723345000000002,0.001,9.9999999999999995e-07,1.7068296811581447,-0.44194214481761535,0.00050364439644562506,trajectory reached the configured collision radius
86,80,0.77479697955072258,0.42033333333333323,fraction,250,0,collision,nan,0,33.661134625726419,0.033855959999999997,0.0010000000000000009,1.0000000000000019e-06,1.7071012083928467,-0.44194214472513377,0.00050372554116065937,trajectory reached the configured collision radius
86,81,0.77486876875902067,0.42033333333333323,fraction,250,0,collision,nan,0,33.664927685746427,0.058759229000000003,0.0010000000000000104,1.0000000000000209e-06,1.7073737440616532,-0.44194214463244363,0.00050380685604035599,trajectory reached the configured collision radius
86,82,0.77494055796731875,0.42033333333333323,fraction,250,0,collision,nan,0,33.668745986875905,0.034385410999999998,0.0010000000000000009,1.0000000000000019e-06,1.7076472948159025,-0.44194214453954306,0.00050388834253141119,trajectory reached the configured collision radius
86,83,0.77501234717561684,0.42033333333333323,fraction,250,0,collision,nan,0,33.672589881378777,0.032983942000000002,0.001,9.9999999999999995e-07,1.7079218674760615,-0.44194214444642965,0.00050397000212319936,trajectory reached the configured collision radius
86,84,0.77508413638391493,0.42033333333333323,fraction,250,0,collision,nan,0,33.67645972910335,0.033193623999999998,0.0010000000000000005,1.000000000000001e-06,1.708197469037668,-0.44194214435310236,0.00050405183634918277,trajectory reached the configured collision radius
86,85,0.77515592559221302,0.42033333333333323,fraction,250,0,collision,nan,0,33.680355897699513,0.033367052000000001,0.0010000000000000065,1.0000000000000131e-06,1.7084741066778513,-0.44194214425955858,0.0005041338467885589,trajectory reached the configured collision radius
86,86,0.775227714800511,0.42033333333333323,fraction,250,0,collision,nan,0,33.684278762844933,0.035593776000000001,0.0010000000000000031,1.0000000000000061e-06,1.708751787761984,-0.44194214416579691,0.00050421603506788169,trajectory reached the configured collision radius
86,87,0.77529950400880909,0.42033333333333323,fraction,250,0,collision,nan,0,33.688228708477467,0.033080485,0.001,9.9999999999999995e-07,1.7090305198505649,-0.44194214407181504,0.00050429840286273008,trajectory reached the configured collision radius
86,88,0.77537129321710718,0.42033333333333323,fraction,250,0,collision,nan,0,33.692206127039078,0.033256580000000001,0.001,9.9999999999999995e-07,1.7093103107066252,-0.44194214397761078,0.00050438095189954987,trajectory reached the configured collision radius
86,89,0.77544308242540527,0.42033333333333323,fraction,250,0,collision,nan,0,33.696211419725174,0.033023944,0.0010000000000000007,1.0000000000000014e-06,1.7095911683030849,-0.44194214388318248,0.00050446368395743314,trajectory reached the configured collision radius
86,90,0.77551487163370336,0.42033333333333323,fraction,250,0,collision,nan,0,33.700244996746044,0.034149394,0.0010000000000000078,1.0000000000000156e-06,1.7098731008308574,-0.44194214378852753,0.00050454660087008495,trajectory reached the configured collision radius
86,91,0.77558666084200134,0.42033333333333323,fraction,250,0,collision,nan,0,33.704307277595795,0.033733572000000003,0.0010000000000000033,1.0000000000000065e-06,1.710156116706973,-0.44194214369364393,0.00050462970452781004,trajectory reached the configured collision radius
86,92,0.77565845005029943,0.42033333333333323,fraction,250,0,collision,nan,0,33.708398691333301,0.033204172999999997,0.0010000000000000002,1.0000000000000004e-06,1.7104402245831554,-0.44194214359852879,0.00050471299687958988,trajectory reached the configured collision radius
86,93,0.77573023925859752,0.42033333333333323,fraction,250,0,collision,nan,0,33.712519676871196,0.033235700999999999,0.001,9.9999999999999995e-07,1.7107254333548929,-0.44194214350318056,0.00050479647993529621,trajectory reached the configured collision radius
86,94,0.77580202846689561,0.42033333333333323,fraction,250,0,collision,nan,0,33.716670683278728,0.033352930000000003,0.0010000000000000002,1.0000000000000004e-06,1.7110117521707104,-0.4419421434075963,0.00050488015576789281,trajectory reached the configured collision radius
87,76,0.77450982271753033,0.43649999999999989,fraction,250,0,collision,nan,0,33.679932038071541,0.033998517999999998,0.0010000000000000104,1.0000000000000209e-06,1.7067852097080571,-0.44194214456918823,0.0005038623410281661,trajectory reached the configured collision radius
87,77,0.77458161192582842,0.43649999999999989,fraction,250,0,collision,nan,0,33.68368263003557,0.032938236000000003,0.0010000000000000005,1.000000000000001e-06,1.7070647542138226,-0.44194214447600733,0.00050394406433069744,trajectory reached the configured collision radius
87,78,0.77465340113412651,0.43649999999999989,fraction,250,0,collision,nan,0,33.68745788748943,0.033302287,0.001,9.9999999999999995e-07,1.7073452845199071,-0.44194214438262414,0.00050402595159685498,trajectory reached the configured collision radius
87,79,0.7747251903424246,0.43649999999999989,fraction,250,0,collision,nan,0,33.691258151190205,0.033457992999999998,0.0010000000000000009,1.0000000000000019e-06,1.7076268074036576,-0.44194214428903722,0.00050410800428684439,trajectory reached the configured collision radius
87,80,0.77479697955072258,0.43649999999999989,fraction,250,0,collision,nan,0,33.695083769152312,0.032738473999999997,0.0010000000000000102,1.0000000000000205e-06,1.7079093298156021,-0.44194214419524452,0.00050419022390368775,trajectory reached the configured collision radius
87,81,0.77486876875902067,0.43649999999999989,fraction,250,0,collision,nan,0,33.698935096853425,0.034765549,0.0010000000000000013,1.0000000000000027e-06,1.7081928588856556,-0.44194214410124416,0.0005042726119946912,trajectory reached the configured collision radius
87,82,0.77494055796731875,0.43649999999999989,fraction,250,0,collision,nan,0,33.702812497447049,0.034799426000000001,0.001,9.9999999999999995e-07,1.7084774019296003,-0.44194214400703452,0.00050435517015305728,trajectory reached the configured collision radius
87,83,0.77501234717561684,0.43649999999999989,fraction,250,0,collision,nan,0,33.706716341983238,0.033248393000000001,0.0010000000000000002,1.0000000000000004e-06,1.708762966455726,-0.44194214391261322,0.00050443790001943576,trajectory reached the configured collision radius
87,84,0.77508413638391493,0.43649999999999989,fraction,250,0,collision,nan,0,33.710647009639182,0.032392639000000001,0.0010000000000000037,1.0000000000000074e-06,1.7090495601719555,-0.44194214381797875,0.00050452080328367076,trajectory reached the configured collision radius
87,85,0.77515592559221302,0.43649999999999989,fraction,250,0,collision,nan,0,33.714604887954124,0.033435125000000003,0.0010000000000000059,1.0000000000000118e-06,1.7093371909930068,-0.44194214372312873,0.00050460388168649623,trajectory reached the configured collision radius
87,86,0.775227714800511,0.43649999999999989,fraction,250,0,collision,nan,0,33.718590373076651,0.033204505000000002,0.0010000000000000005,1.000000000000001e-06,1.7096258670481801,-0.44194214362806084,0.00050468713702138325,trajectory reached the configured collision radius
87,87,0.77529950400880909,0.43649999999999989,fraction,250,0,collision,nan,0,33.722603870018176,0.032888982999999997,0.001,9.9999999999999995e-07,1.7099155966891053,-0.4419421435327735,0.00050477057113646048,trajectory reached the configured collision radius
87,88,0.77537129321710718,0.43649999999999989,fraction,250,0,collision,nan,0,33.72664579291726,0.033497679000000002,0.0010000000000000002,1.0000000000000004e-06,1.7102063884982257,-0.44194214343726351,0.00050485418593643942,trajectory reached the configured collision radius
87,89,0.77544308242540527,0.43649999999999989,fraction,250,0,collision,nan,0,33.730716565314061,0.033568030999999998,0.0010000000000000031,1.0000000000000061e-06,1.7104982512972164,-0.44194214334152976,0.00050493798338472717,trajectory reached the configured collision radius
87,90,0.77551487163370336,0.43649999999999989,fraction,250,0,collision,nan,0,33.734816620433577,0.036021843999999997,0.0010000000000000087,1.0000000000000173e-06,1.7107911941561946,-0.44194214324556846,0.00050502196550548755,trajectory reached the configured collision radius
87,91,0.77558666084200134,0.43649999999999989,fraction,250,0,collision,nan,0,33.738946401480582,0.037444012999999998,0.0010000000000000013,1.0000000000000027e-06,1.7110852264029606,-0.4419421431493778,0.00050510613438596835,trajectory reached the configured collision radius
87,92,0.77565845005029943,0.43649999999999989,fraction,250,0,collision,nan,0,33.743106361945969,0.03322572,0.0010000000000000002,1.0000000000000004e-06,1.7113803576329534,-0.44194214305295521,0.00050519049217876138,trajectory reached the configured collision radius
87,93,0.77573023925859752,0.43649999999999989,fraction,250,0,collision,nan,0,33.747296965923113,0.034198166000000002,0.001,9.9999999999999995e-07,1.7116765977193815,-0.44194214295629797,0.00050527504110421098,trajectory reached the configured collision radius
87,94,0.77580202846689561,0.43649999999999989,fraction,250,0,collision,nan,0,33.751518688438885,0.033994437000000002,0.0010000000000000002,1.0000000000000004e-06,1.71197395682397,-0.44194214285940325,0.00050535978345298688,trajectory reached the configured collision radius
88,76,0.77450982271753033,0.45266666666666655,fraction,250,0,collision,nan,0,33.715056821875955,0.034148947999999998,0.0010000000000000106,1.0000000000000213e-06,1.7077707042408998,-0.44194214398807768,0.00050437178047366669,trajectory reached the configured collision radius
88,77,0.77458161192582842,0.45266666666666655,fraction,250,0,collision,nan,0,33.718867092691461,0.033707728999999999,0.0010000000000000011,1.0000000000000023e-06,1.7080609555336748,-0.44194214389371878,0.0005044544534229912,trajectory reached the configured collision radius
88,78,0.77465340113412651,0.45266666666666655,fraction,250,0,collision,nan,0,33.72270287305313,0.035446533000000002,0.001,9.9999999999999995e-07,1.7083521913800037,-0.44194214379915869,0.00050453728874845581,trajectory reached the configured collision radius
88,79,0.7747251903424246,0.45266666666666655,fraction,250,0,collision,nan,0,33.726564522550895,0.032835221999999997,0.0010000000000000002,1.0000000000000004e-06,1.7086444192521104,-0.44194214370439611,0.00050462028806052867,trajectory reached the configured collision radius
88,80,0.77479697955072258,0.45266666666666655,fraction,250,0,collision,nan,0,33.730452408568347,0.033323622999999997,0.0010000000000000052,1.0000000000000105e-06,1.7089376468195667,-0.44194214360942824,0.00050470345301736571,trajectory reached the configured collision radius
88,81,0.77486876875902067,0.45266666666666655,fraction,250,0,collision,nan,0,33.734366906507425,0.033344950999999998,0.0010000000000000037,1.0000000000000074e-06,1.7092318819563739,-0.44194214351425398,0.00050478678532650545,trajectory reached the configured collision radius
88,82,0.77494055796731875,0.45266666666666655,fraction,250,0,collision,nan,0,33.738308400021907,0.038878017000000001,0.0010000000000000002,1.0000000000000004e-06,1.7095271327483543,-0.44194214341887056,0.00050487028674658474,trajectory reached the configured collision radius
88,83,0.77501234717561684,0.45266666666666655,fraction,250,0,collision,nan,0,33.742277281257806,0.033044125000000001,0.001,9.9999999999999995e-07,1.7098234075008054,-0.4419421433232763,0.0005049539590891366,trajectory reached the configured collision radius
88,84,0.77508413638391493,0.45266666666666655,fraction,250,0,collision,nan,0,33.746273951105003,0.032842788999999997,0.0010000000000000007,1.0000000000000014e-06,1.710120714746568,-0.44194214322746866,0.00050503780422048335,trajectory reached the configured collision radius
88,85,0.77515592559221302,0.45266666666666655,fraction,250,0,collision,nan,0,33.750298819454919,0.032821370000000002,0.001000000000000007,1.0000000000000139e-06,1.7104190632542668,-0.44194214313144536,0.00050512182406367383,trajectory reached the configured collision radius
88,86,0.775227714800511,0.45266666666666655,fraction,250,0,collision,nan,0,33.754352305470647,0.033054735000000002,0.0010000000000000035,1.0000000000000069e-06,1.7107184620371045,-0.44194214303520418,0.00050520602060051144,trajectory reached the configured collision radius
88,87,0.77529950400880909,0.45266666666666655,fraction,250,0,collision,nan,0,33.758434837865146,0.047865149000000003,0.0010000000000000002,1.0000000000000004e-06,1.7110189203618649,-0.44194214293874251,0.00050529039587366732,trajectory reached the configured collision radius
88,88,0.77537129321710718,0.45266666666666655,fraction,250,0,collision,nan,0,33.762546855191211,0.033749915999999998,0.001,9.9999999999999995e-07,1.7113204477584336,-0.44194214284205802,0.00050537495198890042,trajectory reached the configured collision radius
88,89,0.77544308242540527,0.45266666666666655,fraction,250,0,collision,nan,0,33.766688806141026,0.033784683000000003,0.001,9.9999999999999995e-07,1.7116230540296338,-0.4419421427451477,0.0005054596911173246,trajectory reached the configured collision radius
88,90,0.77551487163370336,0.45266666666666655,fraction,250,0,collision,nan,0,33.770861149858113,0.033245232999999999,0.0010000000000000022,1.0000000000000044e-06,1.7119267492614927,-0.44194214264800957,0.00050554461549780607,trajectory reached the configured collision radius
88,91,0.77558666084200134,0.45266666666666655,fraction,250,0,collision,nan,0,33.775064356261169,0.060683484000000003,0.0010000000000000104,1.0000000000000209e-06,1.7122315438340772,-0.44194214255064096,0.00050562972743945194,trajectory reached the configured collision radius
88,92,0.77565845005029943,0.45266666666666655,fraction,250,0,collision,nan,0,33.779298906379566,0.033125590000000003,0.0010000000000000033,1.0000000000000065e-06,1.7125374484326759,-0.44194214245303759,0.00050571502932417482,trajectory reached the configured collision radius
88,93,0.77573023925859752,0.45266666666666655,fraction,250,0,collision,nan,0,33.783565292702278,0.033680527000000002,0.0010000000000000002,1.0000000000000004e-06,1.7128444740594426,-0.44194214235519835,0.0005058005236094178,trajectory reached the configured collision radius
88,94,0.77580202846689561,0.45266666666666655,fraction,250,0,collision,nan,0,33.787864019541544,0.032848042000000001,0.001,9.9999999999999995e-07,1.713152632045768,-0.44194214225711892,0.00050588621283096757,trajectory reached the configured collision radius
89,76,0.77450982271753033,0.46883333333333321,fraction,250,0,collision,nan,0,33.75169199962189,0.033760490999999997,0.001,9.9999999999999995e-07,1.7089924188369989,-0.44194214334788723,0.000504932418587665,trajectory reached the configured collision radius
89,77,0.77458161192582842,0.46883333333333321,fraction,250,0,collision,nan,0,33.755567141180421,0.057936471000000003,0.0010000000000000041,1.0000000000000082e-06,1.7092930491616913,-0.44194214325249748,0.00050501590159251174,trajectory reached the configured collision radius
89,78,0.77465340113412651,0.46883333333333321,fraction,250,0,collision,nan,0,33.759468731763882,0.052291280000000002,0.0010000000000000044,1.0000000000000086e-06,1.7095946657589245,-0.44194214315690755,0.00050509954599832398,trajectory reached the configured collision radius
89,79,0.7747251903424246,0.46883333333333321,fraction,250,0,collision,nan,0,33.763397152190549,0.043303126999999997,0.0010000000000000002,1.0000000000000004e-06,1.7098972769076708,-0.4419421430611154,0.00050518335358542979,trajectory reached the configured collision radius
89,80,0.77479697955072258,0.46883333333333321,fraction,250,0,collision,nan,0,33.767352791686641,0.033619664,0.001,9.9999999999999995e-07,1.7102008911119042,-0.44194214296511852,0.00050526732618735219,trajectory reached the configured collision radius
89,81,0.77486876875902067,0.46883333333333321,fraction,250,0,collision,nan,0,33.771336048132177,0.033719142000000001,0.0010000000000000005,1.000000000000001e-06,1.7105055171088039,-0.44194214286891453,0.00050535146569261307,trajectory reached the configured collision radius
89,82,0.77494055796731875,0.46883333333333321,fraction,250,0,collision,nan,0,33.775347328317274,0.033754415000000003,0.0010000000000000063,1.0000000000000127e-06,1.7108111638771697,-0.44194214277250177,0.00050543577404675523,trajectory reached the configured collision radius
89,83,0.77501234717561684,0.46883333333333321,fraction,250,0,collision,nan,0,33.779387048207283,0.033739419999999999,0.0010000000000000037,1.0000000000000074e-06,1.7111178406461922,-0.44194214267587706,0.00050552025325423244,trajectory reached the configured collision radius
89,84,0.77508413638391493,0.46883333333333321,fraction,250,0,collision,nan,0,33.783455633217883,0.034087118,0.0010000000000000005,1.000000000000001e-06,1.7114255569045635,-0.44194214257903891,0.00050560490538060143,trajectory reached the configured collision radius
89,85,0.77515592559221302,0.46883333333333321,fraction,250,0,collision,nan,0,33.787553518500459,0.038600616999999997,0.001,9.9999999999999995e-07,1.7117343224102137,-0.44194214248198421,0.00050568973255465802,trajectory reached the configured collision radius
89,86,0.775227714800511,0.46883333333333321,fraction,250,0,collision,nan,0,33.791681149237384,0.035729487999999997,0.001,9.9999999999999995e-07,1.712044147199957,-0.44194214238471047,0.00050577473697070588,trajectory reached the configured collision radius
89,87,0.77529950400880909,0.46883333333333321,fraction,250,0,collision,nan,0,33.795838980950329,0.033382571999999999,0.0010000000000000022,1.0000000000000044e-06,1.7123550416001874,-0.44194214228721468,0.00050585992089089316,trajectory reached the configured collision radius
89,88,0.77537129321710718,0.46883333333333321,fraction,250,0,collision,nan,0,33.800027479818148,0.034165137999999998,0.0010000000000000113,1.0000000000000226e-06,1.7126670162374844,-0.44194214218949412,0.00050594528664773761,trajectory reached the configured collision radius
89,89,0.77544308242540527,0.46883333333333321,fraction,250,0,collision,nan,0,33.804247123009098,0.041029392999999997,0.0010000000000000028,1.0000000000000057e-06,1.7129800820500387,-0.44194214209154647,0.00050603083664656678,trajectory reached the configured collision radius
89,90,0.77551487163370336,0.46883333333333321,fraction,250,0,collision,nan,0,33.808498399023279,0.033141476000000003,0.0010000000000000002,1.0000000000000004e-06,1.7132942502994031,-0.44194214199336773,0.00050611657336830642,trajectory reached the configured collision radius
89,91,0.77558666084200134,0.46883333333333321,fraction,250,0,collision,nan,0,33.812781808051248,0.062114429999999998,0.001,9.9999999999999995e-07,1.7136095325828562,-0.44194214189495618,0.00050620249937216426,trajectory reached the configured collision radius
89,92,0.77565845005029943,0.46883333333333321,fraction,250,0,collision,nan,0,33.817097862344703,0.033607682,0.001,9.9999999999999995e-07,1.7139259408461465,-0.44194214179630797,0.00050628861729857372,trajectory reached the configured collision radius
89,93,0.77573023925859752,0.46883333333333321,fraction,250,0,collision,nan,0,33.821447086602504,0.034813617999999998,0.0010000000000000005,1.000000000000001e-06,1.7142434873970456,-0.44194214169741991,0.000506374929872166,trajectory reached the configured collision radius
89,94,0.77580202846689561,0.46883333333333321,fraction,250,0,collision,nan,0,33.825830018372443,0.034978111999999999,0.0010000000000000024,1.0000000000000048e-06,1.7145621849193207,-0.44194214159828876,0.00050646143990497566,trajectory reached the configured collision radius
90,76,0.77450982271753033,0.48499999999999988,fraction,250,0,collision,nan,0,33.789959734054491,0.046152937999999998,0.0010000000000000109,1.0000000000000218e-06,1.7104661410297679,-0.44194214264595172,0.00050554641468984534,trajectory reached the configured collision radius
90,77,0.77458161192582842,0.48499999999999988,fraction,250,0,collision,nan,0,33.793905688979123,0.032917413,0.0010000000000000013,1.0000000000000027e-06,1.710776791970692,-0.44194214254968883,0.0005056305594481398,trajectory reached the configured collision radius
90,78,0.77465340113412651,0.48499999999999988,fraction,250,0,collision,nan,0,33.797879143643364,0.03299183,0.001,9.9999999999999995e-07,1.7110884345508826,-0.44194214245322544,0.00050571486535450549,trajectory reached the configured collision radius
90,79,0.7747251903424246,0.48499999999999988,fraction,250,0,collision,nan,0,33.801880502934907,0.038544526000000003,0.001,9.9999999999999995e-07,1.7114010779864748,-0.4419421423565591,0.00050579933438130371,trajectory reached the configured collision radius
90,80,0.77479697955072258,0.48499999999999988,fraction,250,0,collision,nan,0,33.805910180855719,0.033560421,0.001000000000000002,1.000000000000004e-06,1.711714731750446,-0.44194214225968809,0.00050588396856016777,trajectory reached the configured collision radius
90,81,0.77486876875902067,0.48499999999999988,fraction,250,0,collision,nan,0,33.809968600794271,0.039517126999999999,0.0010000000000000111,1.0000000000000222e-06,1.7120294055821361,-0.44194214216260919,0.00050596876998415541,trajectory reached the configured collision radius
90,82,0.77494055796731875,0.48499999999999988,fraction,250,0,collision,nan,0,33.814056195808931,0.044836182000000002,0.0010000000000000018,1.0000000000000036e-06,1.712345109496811,-0.44194214206531995,0.00050605374080985119,trajectory reached the configured collision radius
90,83,0.77501234717561684,0.48499999999999988,fraction,250,0,collision,nan,0,33.818173408919876,0.041329126000000001,0.001,9.9999999999999995e-07,1.7126618537956562,-0.44194214196781778,0.00050613888325963356,trajectory reached the configured collision radius
90,84,0.77508413638391493,0.48499999999999988,fraction,250,0,collision,nan,0,33.822320693414433,0.038609947999999998,0.001,9.9999999999999995e-07,1.7129796490764666,-0.44194214187010017,0.00050622419962401339,trajectory reached the configured collision radius
90,85,0.77515592559221302,0.48499999999999988,fraction,250,0,collision,nan,0,33.826498513162761,0.037337567000000002,0.0010000000000000005,1.000000000000001e-06,1.7132985062444328,-0.44194214177216384,0.00050630969226405449,trajectory reached the configured collision radius
90,86,0.775227714800511,0.48499999999999988,fraction,250,0,collision,nan,0,33.830707342944251,0.033481168999999998,0.0010000000000000031,1.0000000000000061e-06,1.7136184365235687,-0.44194214167400653,0.00050639536361390784,trajectory reached the configured collision radius
90,87,0.77529950400880909,0.48499999999999988,fraction,250,0,collision,nan,0,33.83494766879074,0.033923217999999998,0.0010000000000000109,1.0000000000000218e-06,1.7139394514687671,-0.44194214157562511,0.00050648121618345214,trajectory reached the configured collision radius
90,88,0.77537129321710718,0.48499999999999988,fraction,250,0,collision,nan,0,33.839219988337099,0.040659920000000002,0.0010000000000000026,1.0000000000000052e-06,1.7142615629780455,-0.44194214147701583,0.00050656725256102003,trajectory reached the configured collision radius
90,89,0.77544308242540527,0.48499999999999988,fraction,250,0,collision,nan,0,33.843524811191237,0.034999265000000002,0.0010000000000000005,1.000000000000001e-06,1.7145847833056149,-0.44194214137817633,0.00050665347541629512,trajectory reached the configured collision radius
90,90,0.77551487163370336,0.48499999999999988,fraction,250,0,collision,nan,0,33.847862659314629,0.034560935000000001,0.001,9.9999999999999995e-07,1.7149091250754915,-0.44194214127910308,0.0005067398875032486,trajectory reached the configured collision radius
90,91,0.77558666084200134,0.48499999999999988,fraction,250,0,collision,nan,0,33.852234067420206,0.034205589000000002,0.001,9.9999999999999995e-07,1.7152346012954598,-0.44194214117979241,0.00050682649166327589,trajectory reached the configured collision radius
90,92,0.77565845005029943,0.48499999999999988,fraction,250,0,collision,nan,0,33.856639583385572,0.034459649000000002,0.0010000000000000002,1.0000000000000004e-06,1.7155612253720056,-0.44194214108024099,0.00050691329082841235,trajectory reached the configured collision radius
90,93,0.77573023925859752,0.48499999999999988,fraction,250,0,collision,nan,0,33.8610797686813,0.037254487000000003,0.0010000000000000013,1.0000000000000027e-06,1.7158890111256646,-0.44194214098044549,0.00050700028802472112,trajectory reached the configured collision radius
90,94,0.77580202846689561,0.48499999999999988,fraction,250,0,collision,nan,0,33.865555198819905,0.033877658999999997,0.0010000000000000044,1.0000000000000086e-06,1.7162179728071922,-0.44194214088040218,0.00050708748637579395,trajectory reached the configured collision radius
91,76,0.77450982271753033,0.50116666666666654,fraction,250,0,collision,nan,0,33.82999664231879,0.033419424000000003,0.0010000000000000117,1.0000000000000235e-06,1.7122086281330202,-0.44194214187956765,0.00050621593439597831,trajectory reached the configured collision radius
91,77,0.77458161192582842,0.50116666666666654,fraction,250,0,collision,nan,0,33.834020251813207,0.033293168999999997,0.0010000000000000015,1.0000000000000031e-06,1.7125289105788106,-0.44194214178259905,0.00050630058361783342,trajectory reached the configured collision radius
91,78,0.77465340113412651,0.50116666666666654,fraction,250,0,collision,nan,0,33.838072542295286,0.033911838,0.001,9.9999999999999995e-07,1.7128501944869907,-0.44194214168542945,0.00050638539458088851,trajectory reached the configured collision radius
91,79,0.7747251903424246,0.50116666666666654,fraction,250,0,collision,nan,0,33.842153946117733,0.033098246999999997,0.001,9.9999999999999995e-07,1.7131724901634802,-0.44194214158805534,0.00050647036947452527,trajectory reached the configured collision radius
91,80,0.77479697955072258,0.50116666666666654,fraction,250,0,collision,nan,0,33.8462649055665,0.032322099,0.0010000000000000007,1.0000000000000014e-06,1.713495808208134,-0.44194214149047473,0.00050655551055433633,trajectory reached the configured collision radius
91,81,0.77486876875902067,0.50116666666666654,fraction,250,0,collision,nan,0,33.85040587316535,0.036593571999999998,0.0010000000000000057,1.0000000000000114e-06,1.7138201595251883,-0.44194214139268423,0.00050664082014442897,trajectory reached the configured collision radius
91,82,0.77494055796731875,0.50116666666666654,fraction,250,0,collision,nan,0,33.854577311990397,0.046265372999999999,0.0010000000000000057,1.0000000000000114e-06,1.7141455553346379,-0.44194214129468162,0.00050672630063988027,trajectory reached the configured collision radius
91,83,0.77501234717561684,0.50116666666666654,fraction,250,0,collision,nan,0,33.858779695994869,0.032974167999999998,0.0010000000000000009,1.0000000000000019e-06,1.7144720071835868,-0.44194214119646369,0.00050681195450920098,trajectory reached the configured collision radius
91,84,0.77508413638391493,0.50116666666666654,fraction,250,0,collision,nan,0,33.863013510349347,0.033261704000000003,0.001,9.9999999999999995e-07,1.7147995269584417,-0.44194214109802726,0.00050689778429698963,trajectory reached the configured collision radius
91,85,0.77515592559221302,0.50116666666666654,fraction,250,0,collision,nan,0,33.867279251792681,0.045028776999999999,0.001,9.9999999999999995e-07,1.7151281268974723,-0.44194214099936857,0.00050698379262664891,trajectory reached the configured collision radius
91,86,0.775227714800511,0.50116666666666654,fraction,250,0,collision,nan,0,33.871577428998542,0.033027599999999997,0.0010000000000000002,1.0000000000000004e-06,1.7154578196039332,-0.44194214090048628,0.00050706998220320578,trajectory reached the configured collision radius
91,87,0.77529950400880909,0.50116666666666654,fraction,250,0,collision,nan,0,33.875908562954798,0.033301887000000002,0.0010000000000000018,1.0000000000000036e-06,1.7157886180597264,-0.4419421408013755,0.00050715635581624434,trajectory reached the configured collision radius
91,88,0.77537129321710718,0.50116666666666654,fraction,250,0,collision,nan,0,33.880273187359151,0.033683104999999998,0.0010000000000000074,1.0000000000000148e-06,1.7161205356398475,-0.44194214070203336,0.00050724291634303149,trajectory reached the configured collision radius
91,89,0.77544308242540527,0.50116666666666654,fraction,250,0,collision,nan,0,33.884671849029729,0.033635787,0.0010000000000000067,1.0000000000000135e-06,1.7164535861271839,-0.44194214060245635,0.0005073296667516844,trajectory reached the configured collision radius
91,90,0.77551487163370336,0.50116666666666654,fraction,250,0,collision,nan,0,33.889105108331655,0.034383727000000003,0.001000000000000002,1.000000000000004e-06,1.7167877837281227,-0.44194214050264063,0.00050741661010450891,trajectory reached the configured collision radius
91,91,0.77558666084200134,0.50116666666666654,fraction,250,0,collision,nan,0,33.893573539623709,0.035011463,0.0010000000000000005,1.000000000000001e-06,1.7171231430889493,-0.44194214040258295,0.00050750374956152024,trajectory reached the configured collision radius
91,92,0.77565845005029943,0.50116666666666654,fraction,250,0,collision,nan,0,33.898077731719141,0.033791607000000001,0.001,9.9999999999999995e-07,1.7174596793127308,-0.44194214030227857,0.00050759108838400384,trajectory reached the configured collision radius
91,93,0.77573023925859752,0.50116666666666654,fraction,250,0,collision,nan,0,33.902618288368799,0.035402546999999999,0.001,9.9999999999999995e-07,1.7177974079772065,-0.44194214020172418,0.00050767862993836754,trajectory reached the configured collision radius
91,94,0.77580202846689561,0.50116666666666654,fraction,250,0,collision,nan,0,33.907195828762887,0.033221448000000001,0.001,9.9999999999999995e-07,1.7181363451534066,-0.44194214010091615,0.00050776637770006522,trajectory reached the configured collision radius
92,76,0.77450982271753033,0.5173333333333332,fraction,250,0,collision,nan,0,33.871956111069657,0.033008505,0.001,9.9999999999999995e-07,1.7142376236381773,-0.44194214104602653,0.00050694311874770789,trajectory reached the configured collision radius
92,77,0.77458161192582842,0.5173333333333332,fraction,250,0,collision,nan,0,33.876065299328673,0.033491361999999997,0.0010000000000000013,1.0000000000000027e-06,1.714567118205685,-0.44194214094853146,0.00050702810587162654,trajectory reached the configured collision radius
92,78,0.77465340113412651,0.5173333333333332,fraction,250,0,collision,nan,0,33.880204504114189,0.03428345,0.0010000000000000083,1.0000000000000165e-06,1.7148976294763898,-0.44194214085083244,0.00050711325631449871,trajectory reached the configured collision radius
92,79,0.7747251903424246,0.5173333333333332,fraction,250,0,collision,nan,0,33.884374189336363,0.033223005,0.0010000000000000037,1.0000000000000074e-06,1.7152291690257342,-0.4419421407529272,0.00050719857251101607,trajectory reached the configured collision radius
92,80,0.77479697955072258,0.5173333333333332,fraction,250,0,collision,nan,0,33.888574829799879,0.040881503999999999,0.0010000000000000005,1.000000000000001e-06,1.7155617487658539,-0.44194214065481191,0.00050728405696987445,trajectory reached the configured collision radius
92,81,0.77486876875902067,0.5173333333333332,fraction,250,0,collision,nan,0,33.892806911543481,0.036079550000000002,0.001,9.9999999999999995e-07,1.7158953809578383,-0.44194214055648423,0.00050736971227634579,trajectory reached the configured collision radius
92,82,0.77494055796731875,0.5173333333333332,fraction,250,0,collision,nan,0,33.897070932191184,0.035174816999999997,0.001,9.9999999999999995e-07,1.7162300782244861,-0.44194214045794045,0.00050745554109499582,trajectory reached the configured collision radius
92,83,0.77501234717561684,0.5173333333333332,fraction,250,0,collision,nan,0,33.901367401319732,0.035082009999999997,0.0010000000000000005,1.000000000000001e-06,1.7165658535637336,-0.44194214035917734,0.00050754154617249018,trajectory reached the configured collision radius
92,84,0.77508413638391493,0.5173333333333332,fraction,250,0,collision,nan,0,33.905696840837315,0.034062279000000001,0.0010000000000000031,1.0000000000000061e-06,1.7169027203625333,-0.44194214026019224,0.00050762773034057857,trajectory reached the configured collision radius
92,85,0.77515592559221302,0.5173333333333332,fraction,250,0,collision,nan,0,33.91005978537985,0.036341999999999999,0.0010000000000000106,1.0000000000000213e-06,1.7172406924113419,-0.44194214016098099,0.00050771409651905158,trajectory reached the configured collision radius
92,86,0.775227714800511,0.5173333333333332,fraction,250,0,collision,nan,0,33.914456782721231,0.033746182,0.0010000000000000044,1.0000000000000086e-06,1.7175797839193354,-0.44194214006154042,0.00050780064771900558,trajectory reached the configured collision radius
92,87,0.77529950400880909,0.5173333333333332,fraction,250,0,collision,nan,0,33.918888394201652,0.03386952,0.0010000000000000011,1.0000000000000023e-06,1.7179200095302218,-0.44194213996186638,0.00050788738704611299,trajectory reached the configured collision radius
92,88,0.77537129321710718,0.5173333333333332,fraction,250,0,collision,nan,0,33.923355195171531,0.032468855999999997,0.001,9.9999999999999995e-07,1.7182613843387398,-0.4419421398619558,0.00050797431770412333,trajectory reached the configured collision radius
92,89,0.77544308242540527,0.5173333333333332,fraction,250,0,collision,nan,0,33.927857775455728,0.033131226999999999,0.001,9.9999999999999995e-07,1.7186039239078994,-0.44194213976180435,0.00050806144299837916,trajectory reached the configured collision radius
92,90,0.77551487163370336,0.5173333333333332,fraction,250,0,collision,nan,0,33.932396739833948,0.032682342000000003,0.001,9.9999999999999995e-07,1.7189476442870435,-0.44194213966140805,0.00050814876633964131,trajectory reached the configured collision radius
92,91,0.77558666084200134,0.5173333333333332,fraction,250,0,collision,nan,0,33.9369727085449,0.032739844999999997,0.001,9.9999999999999995e-07,1.7192925620306891,-0.44194213956076212,0.00050823629124797736,trajectory reached the configured collision radius
92,92,0.77565845005029943,0.5173333333333332,fraction,250,0,collision,nan,0,33.941586317807051,0.03215664,0.0010000000000000002,1.0000000000000004e-06,1.7196386942182402,-0.44194213945986344,0.00050832402135684001,trajectory reached the configured collision radius
92,93,0.77573023925859752,0.5173333333333332,fraction,250,0,collision,nan,0,33.946238220364911,0.033323395999999998,0.0010000000000000007,1.0000000000000014e-06,1.7199860584744209,-0.44194213935870624,0.00050841196041731627,trajectory reached the configured collision radius
92,94,0.77580202846689561,0.5173333333333332,fraction,250,0,collision,nan,0,33.950929086056853,0.033491307999999997,0.0010000000000000018,1.0000000000000036e-06,1.7203346729911244,-0.44194213925728765,0.00050850011230260032,trajectory reached the configured collision radius
93,76,0.77450982271753033,0.53349999999999986,fraction,250,0,collision,nan,0,33.916011083957862,0.033154350999999999,0.0010000000000000015,1.0000000000000031e-06,1.7165718498967453,-0.44194214014266237,0.00050773004170283278,trajectory reached the configured collision radius
93,77,0.77458161192582842,0.53349999999999986,fraction,250,0,collision,nan,0,33.920215090169187,0.033268755999999997,0.001000000000000008,1.000000000000016e-06,1.7169101079384224,-0.44194214004483012,0.00050781519058734929,trajectory reached the configured collision radius
93,78,0.77465340113412651,0.53349999999999986,fraction,250,0,collision,nan,0,33.924450632260935,0.032964526000000001,0.0010000000000000041,1.0000000000000082e-06,1.7172494044874465,-0.44194213994679044,0.00050790050550723366,trajectory reached the configured collision radius
93,79,0.7747251903424246,0.53349999999999986,fraction,250,0,collision,nan,0,33.928718210685787,0.032971641000000003,0.0010000000000000007,1.0000000000000014e-06,1.7175897526011064,-0.44194213984854047,0.00050798598917450736,trajectory reached the configured collision radius
93,80,0.77479697955072258,0.53349999999999986,fraction,250,0,collision,nan,0,33.933018337926285,0.032901223,0.001,9.9999999999999995e-07,1.7179311657232519,-0.44194213975007635,0.00050807164438395897,trajectory reached the configured collision radius
93,81,0.77486876875902067,0.53349999999999986,fraction,250,0,collision,nan,0,33.937351538876641,0.033473457999999998,0.001,9.9999999999999995e-07,1.7182736576986046,-0.44194213965139556,0.00050815747401604264,trajectory reached the configured collision radius
93,82,0.77494055796731875,0.53349999999999986,fraction,250,0,collision,nan,0,33.941718351241164,0.033201306,0.0010000000000000002,1.0000000000000004e-06,1.7186172427875575,-0.4419421395524939,0.00050824348103998456,trajectory reached the configured collision radius
93,83,0.77501234717561684,0.53349999999999986,fraction,250,0,collision,nan,0,33.946119325947208,0.033183246999999999,0.0010000000000000011,1.0000000000000023e-06,1.7189619356815051,-0.4419421394533678,0.00050832966851686043,trajectory reached the configured collision radius
93,84,0.77508413638391493,0.53349999999999986,fraction,250,0,collision,nan,0,33.950555027577288,0.032766872000000002,0.0010000000000000044,1.0000000000000086e-06,1.7193077515191246,-0.441942139354014,0.00050841603960296818,trajectory reached the configured collision radius
93,85,0.77515592559221302,0.53349999999999986,fraction,250,0,collision,nan,0,33.955026034814786,0.043757550999999999,0.0010000000000000111,1.0000000000000222e-06,1.7196547059030138,-0.4419421392544281,0.00050850259755320427,trajectory reached the configured collision radius
93,86,0.775227714800511,0.53349999999999986,fraction,250,0,collision,nan,0,33.959532940910925,0.035114085000000003,0.0010000000000000052,1.0000000000000105e-06,1.7200028149173852,-0.44194213915460617,0.000508589345724682,trajectory reached the configured collision radius
93,87,0.77529950400880909,0.53349999999999986,fraction,250,0,collision,nan,0,33.964076354171389,0.046879241000000002,0.0010000000000000018,1.0000000000000036e-06,1.7203520951463886,-0.4419421390545446,0.00050867628758045653,trajectory reached the configured collision radius
93,88,0.77537129321710718,0.53349999999999986,fraction,250,0,collision,nan,0,33.968656898458583,0.032807722999999997,0.0010000000000000007,1.0000000000000014e-06,1.7207025636932183,-0.44194213895423851,0.00050876342669335716,trajectory reached the configured collision radius
93,89,0.77544308242540527,0.53349999999999986,fraction,250,0,collision,nan,0,33.973275213720989,0.033683844999999997,0.0010000000000000002,1.0000000000000004e-06,1.7210542382001395,-0.44194213885368411,0.00050885076675012794,trajectory reached the configured collision radius
93,90,0.77551487163370336,0.53349999999999986,fraction,250,0,collision,nan,0,33.97793195654036,0.034001875000000001,0.001,9.9999999999999995e-07,1.721407136869473,-0.4419421387528768,0.00050893831155559026,trajectory reached the configured collision radius
93,91,0.77558666084200134,0.53349999999999986,fraction,250,0,collision,nan,0,33.982627800703895,0.032820526000000003,0.001,9.9999999999999995e-07,1.7217612784853895,-0.44194213865181164,0.00050902606503705082,trajectory reached the configured collision radius
93,92,0.77565845005029943,0.53349999999999986,fraction,250,0,collision,nan,0,33.987363437801491,0.032221205000000003,0.001,9.9999999999999995e-07,1.7221166824368672,-0.44194213855048398,0.00050911403124896508,trajectory reached the configured collision radius
93,93,0.77573023925859752,0.53349999999999986,fraction,250,0,collision,nan,0,33.992139577845165,0.033503039999999998,0.001,9.9999999999999995e-07,1.7224733687415283,-0.44194213844888897,0.00050920221437765305,trajectory reached the configured collision radius
93,94,0.77580202846689561,0.53349999999999986,fraction,250,0,collision,nan,0,33.996956949922279,0.033995204000000001,0.001,9.9999999999999995e-07,1.7228313580707999,-0.44194213834702123,0.00050929061874637415,trajectory reached the configured collision radius
94,76,0.77450982271753033,0.54966666666666653,fraction,250,0,collision,nan,0,33.962357439708732,0.033188724000000003,0.001,9.9999999999999995e-07,1.7192309646393458,-0.44194213916691283,0.00050857865193570007,trajectory reached the configured collision radius
94,77,0.77458161192582842,0.54966666666666653,fraction,250,0,collision,nan,0,33.966667112645119,0.033735758999999997,0.0010000000000000002,1.0000000000000004e-06,1.7195775099699953,-0.44194213906894475,0.00050866377649172738,trajectory reached the configured collision radius
94,78,0.77465340113412651,0.54966666666666653,fraction,250,0,collision,nan,0,33.971010061707908,0.032516680999999999,0.0010000000000000015,1.0000000000000031e-06,1.7199251235435284,-0.44194213897076456,0.0005087490711074091,trajectory reached the configured collision radius
94,79,0.7747251903424246,0.54966666666666653,fraction,250,0,collision,nan,0,33.975386830028562,0.049939492000000002,0.0010000000000000059,1.0000000000000118e-06,1.7202738201511083,-0.44194213887236888,0.00050883453880817267,trajectory reached the configured collision radius
94,80,0.77479697955072258,0.54966666666666653,fraction,250,0,collision,nan,0,33.979797974123102,0.033523074999999999,0.0010000000000000083,1.0000000000000165e-06,1.720623615029178,-0.44194213877375349,0.0005089201827121752,trajectory reached the configured collision radius
94,81,0.77486876875902067,0.54966666666666653,fraction,250,0,collision,nan,0,33.984244064326781,0.041443267999999998,0.0010000000000000028,1.0000000000000057e-06,1.7209745238758398,-0.44194213867491489,0.00050900600603353988,trajectory reached the configured collision radius
94,82,0.77494055796731875,0.54966666666666653,fraction,250,0,collision,nan,0,33.98872568524876,0.045272737,0.0010000000000000007,1.0000000000000014e-06,1.7213265628682892,-0.4419421385758493,0.0005090920120858364,trajectory reached the configured collision radius
94,83,0.77501234717561684,0.54966666666666653,fraction,250,0,collision,nan,0,33.993243436244725,0.032844294000000003,0.001,9.9999999999999995e-07,1.7216797486804438,-0.44194213847655239,0.00050917820428559169,trajectory reached the configured collision radius
94,84,0.77508413638391493,0.54966666666666653,fraction,250,0,collision,nan,0,33.99779793190816,0.033979985999999997,0.001,9.9999999999999995e-07,1.7220340985019598,-0.44194213837702023,0.0005092645861560492,trajectory reached the configured collision radius
94,85,0.77515592559221302,0.54966666666666653,fraction,250,0,collision,nan,0,34.002389802583082,0.033831611999999997,0.001,9.9999999999999995e-07,1.7223896300576491,-0.44194213827724849,0.00050935116133100315,trajectory reached the configured collision radius
94,86,0.775227714800511,0.54966666666666653,fraction,250,0,collision,nan,0,34.007019694897089,0.036698910000000001,0.001,9.9999999999999995e-07,1.7227463616278806,-0.44194213817723205,0.00050943793355883935,trajectory reached the configured collision radius
94,87,0.77529950400880909,0.54966666666666653,fraction,250,0,collision,nan,0,34.011688272318757,0.040939596000000002,0.001,9.9999999999999995e-07,1.7231043120700844,-0.44194213807696764,0.00050952490670675744,trajectory reached the configured collision radius
94,88,0.77537129321710718,0.54966666666666653,fraction,250,0,collision,nan,0,34.016396215736847,0.041641613000000001,0.0010000000000000005,1.000000000000001e-06,1.7234635008409736,-0.44194213797644955,0.00050961208476515583,trajectory reached the configured collision radius
94,89,0.77544308242540527,0.54966666666666653,fraction,250,0,collision,nan,0,34.021144224065168,0.033818837999999997,0.0010000000000000011,1.0000000000000023e-06,1.7238239480198874,-0.44194213787567294,0.00050969947185218857,trajectory reached the configured collision radius
94,90,0.77551487163370336,0.54966666666666653,fraction,250,0,collision,nan,0,34.02593301487294,0.033633479000000001,0.0010000000000000018,1.0000000000000036e-06,1.7241856743332111,-0.44194213777463337,0.00050978707221854976,trajectory reached the configured collision radius
94,91,0.77558666084200134,0.54966666666666653,fraction,250,0,collision,nan,0,34.030763325044639,0.032877875000000001,0.0010000000000000028,1.0000000000000057e-06,1.7245487011799081,-0.44194213767332524,0.00050987489025246756,trajectory reached the configured collision radius
94,92,0.77565845005029943,0.54966666666666653,fraction,250,0,collision,nan,0,34.035635911465384,0.033688454999999999,0.0010000000000000035,1.0000000000000069e-06,1.7249130506581858,-0.441942137571743,0.00050996293048487511,trajectory reached the configured collision radius
94,93,0.77573023925859752,0.54966666666666653,fraction,250,0,collision,nan,0,34.040551551740599,0.034656929000000003,0.0010000000000000044,1.0000000000000086e-06,1.7252787455935896,-0.44194213746988187,0.00051005119759488053,trajectory reached the configured collision radius
94,94,0.77580202846689561,0.54966666666666653,fraction,250,0,collision,nan,0,34.045511044944206,0.033634433999999998,0.0010000000000000048,1.0000000000000095e-06,1.7256458095681058,-0.44194213736773502,0.00051013969641540815,trajectory reached the configured collision radius
95,76,0.77450982271753033,0.56583333333333319,fraction,250,0,collision,nan,0,34.011218114234808,0.037104000999999998,0.0010000000000000007,1.0000000000000014e-06,1.7222354632475898,-0.44194213811641148,0.00050949069338880658,trajectory reached the configured collision radius
95,77,0.77458161192582842,0.56583333333333319,fraction,250,0,collision,nan,0,34.015646290092882,0.066870652000000003,0.0010000000000000035,1.0000000000000069e-06,1.7225897947211306,-0.44194213801852239,0.00050957559708915358,trajectory reached the configured collision radius
95,78,0.77465340113412651,0.56583333333333319,fraction,250,0,collision,nan,0,34.020109750310795,0.034035335,0.0010000000000000098,1.0000000000000196e-06,1.7229452337402644,-0.44194213792041459,0.00050966067636339779,trajectory reached the configured collision radius
95,79,0.7747251903424246,0.56583333333333319,fraction,250,0,collision,nan,0,34.024609088341748,0.032913080999999997,0.0010000000000000059,1.0000000000000118e-06,1.7233017971309612,-0.4419421378220843,0.00050974593459099198,trajectory reached the configured collision radius
95,80,0.77479697955072258,0.56583333333333319,fraction,250,0,collision,nan,0,34.029144912658829,0.03392187,0.0010000000000000022,1.0000000000000044e-06,1.7236595022336392,-0.44194213772352658,0.00050983137525537569,trajectory reached the configured collision radius
95,81,0.77486876875902067,0.56583333333333319,fraction,250,0,collision,nan,0,34.033717847256774,0.032840012000000002,0.0010000000000000007,1.0000000000000014e-06,1.7240183669224249,-0.44194213762473833,0.00050991700194763772,trajectory reached the configured collision radius
95,82,0.77494055796731875,0.56583333333333319,fraction,250,0,collision,nan,0,34.038328532176109,0.033096888999999997,0.0010000000000000002,1.0000000000000004e-06,1.7243784096251695,-0.44194213752571404,0.00051000281837040612,trajectory reached the configured collision radius
95,83,0.77501234717561684,0.56583333333333319,fraction,250,0,collision,nan,0,34.042977624048696,0.050285080000000003,0.001,9.9999999999999995e-07,1.7247396493444433,-0.44194213742645017,0.00051008882834186744,trajectory reached the configured collision radius
95,84,0.77508413638391493,0.56583333333333319,fraction,250,0,collision,nan,0,34.047665796664447,0.033178304999999998,0.001,9.9999999999999995e-07,1.7251021056794107,-0.44194213732694099,0.00051017503579996659,trajectory reached the configured collision radius
95,85,0.77515592559221302,0.56583333333333319,fraction,250,0,collision,nan,0,34.052393741567045,0.032601803999999998,0.001,9.9999999999999995e-07,1.7254657988487905,-0.44194213722718295,0.00051026144480678052,trajectory reached the configured collision radius
95,86,0.775227714800511,0.56583333333333319,fraction,250,0,collision,nan,0,34.057162168668448,0.057104346,0.001,9.9999999999999995e-07,1.7258307497145939,-0.44194213712716984,0.00051034805955305464,trajectory reached the configured collision radius
95,87,0.77529950400880909,0.56583333333333319,fraction,250,0,collision,nan,0,34.06197180689604,0.033534838999999997,0.001,9.9999999999999995e-07,1.7261969798073231,-0.441942137026897,0.00051043488436299347,trajectory reached the configured collision radius
95,88,0.77537129321710718,0.56583333333333319,fraction,250,0,collision,nan,0,34.06682340486644,0.032885933999999999,0.0010000000000000002,1.0000000000000004e-06,1.7265645113519683,-0.44194213692635992,0.00051052192369921109,trajectory reached the configured collision radius
95,89,0.77544308242540527,0.56583333333333319,fraction,250,0,collision,nan,0,34.071717731586034,0.032290520000000003,0.0010000000000000002,1.0000000000000004e-06,1.7269333672954306,-0.44194213682555228,0.00051060918216788926,trajectory reached the configured collision radius
95,90,0.77551487163370336,0.56583333333333319,fraction,250,0,collision,nan,0,34.076655577186457,0.034177693000000002,0.0010000000000000002,1.0000000000000004e-06,1.7273035713351439,-0.44194213672446847,0.00051069666452420058,trajectory reached the configured collision radius
95,91,0.77558666084200134,0.56583333333333319,fraction,250,0,collision,nan,0,34.081637753692355,0.033377159000000003,0.0010000000000000002,1.0000000000000004e-06,1.7276751479490386,-0.44194213662310322,0.00051078437567797822,trajectory reached the configured collision radius
95,92,0.77565845005029943,0.56583333333333319,fraction,250,0,collision,nan,0,34.086665095820244,0.032419502000000003,0.001,9.9999999999999995e-07,1.7280481224268027,-0.44194213652144998,0.00051087232069954331,trajectory reached the configured collision radius
95,93,0.77573023925859752,0.56583333333333319,fraction,250,0,collision,nan,0,34.091738461820157,0.033313368000000003,0.001,9.9999999999999995e-07,1.7284225209029556,-0.44194213641950264,0.00051096050482593428,trajectory reached the configured collision radius
95,94,0.77580202846689561,0.56583333333333319,fraction,250,0,collision,nan,0,34.096858734349986,0.033038396999999997,0.001,9.9999999999999995e-07,1.7287983703911314,-0.4419421363172556,0.00051104893346729126,trajectory reached the configured collision radius
96,76,0.77450982271753033,0.58200000000000007,fraction,250,0,collision,nan,0,34.062848167601778,0.053369917000000003,0.001,9.9999999999999995e-07,1.7256065004117782,-0.44194213698911383,0.00051046759688688976,trajectory reached the configured collision radius
96,77,0.77458161192582842,0.58200000000000007,fraction,250,0,collision,nan,0,34.067410159920463,0.032523311999999999,0.001,9.9999999999999995e-07,1.7259680954397272,-0.44194213689153217,0.00051055207204018962,trajectory reached the configured collision radius
96,78,0.77465340113412651,0.58200000000000007,fraction,250,0,collision,nan,0,34.072009773394385,0.032895848999999998,0.001,9.9999999999999995e-07,1.726330848839587,-0.44194213679372346,0.00051063672996112472,trajectory reached the configured collision radius
96,79,0.7747251903424246,0.58200000000000007,fraction,250,0,collision,nan,0,34.076647661442287,0.033881590000000003,0.001,9.9999999999999995e-07,1.7266947798329579,-0.44194213669568255,0.0005107215744284472,trajectory reached the configured collision radius
96,80,0.77479697955072258,0.58200000000000007,fraction,250,0,collision,nan,0,34.081324494506219,0.032548204999999997,0.0010000000000000007,1.0000000000000014e-06,1.7270599082381446,-0.44194213659740555,0.00051080660933761014,trajectory reached the configured collision radius
96,81,0.77486876875902067,0.58200000000000007,fraction,250,0,collision,nan,0,34.086040960634705,0.043544162999999997,0.0010000000000000015,1.0000000000000031e-06,1.7274262544925758,-0.44194213649888725,0.00051089183870497989,trajectory reached the configured collision radius
96,82,0.77494055796731875,0.58200000000000007,fraction,250,0,collision,nan,0,34.090797766095882,0.033466872000000002,0.0010000000000000026,1.0000000000000052e-06,1.7277938396764936,-0.44194213640012298,0.00051097726667219336,trajectory reached the configured collision radius
96,83,0.77501234717561684,0.58200000000000007,fraction,250,0,collision,nan,0,34.095595636013684,0.032783593999999999,0.0010000000000000039,1.0000000000000078e-06,1.7281626855374013,-0.44194213630110774,0.00051106289751071327,trajectory reached the configured collision radius
96,84,0.77508413638391493,0.58200000000000007,fraction,250,0,collision,nan,0,34.100435315033181,0.032712084000000002,0.0010000000000000054,1.000000000000011e-06,1.7285328145159844,-0.4419421362018357,0.0005111487356265922,trajectory reached the configured collision radius
96,85,0.77515592559221302,0.58200000000000007,fraction,250,0,collision,nan,0,34.105317568016105,0.033404850999999999,0.0010000000000000067,1.0000000000000135e-06,1.7289042497728944,-0.44194213610230265,0.00051123478556538776,trajectory reached the configured collision radius
96,86,0.775227714800511,0.58200000000000007,fraction,250,0,collision,nan,0,34.110243180764094,0.033396096,0.0010000000000000076,1.0000000000000152e-06,1.7292770152169099,-0.4419421360025016,0.00051132105201737231,trajectory reached the configured collision radius
96,87,0.77529950400880909,0.58200000000000007,fraction,250,0,collision,nan,0,34.115212960777122,0.033261554999999998,0.001000000000000008,1.000000000000016e-06,1.7296511355344431,-0.44194213590242803,0.00051140753982289653,trajectory reached the configured collision radius
96,88,0.77537129321710718,0.58200000000000007,fraction,250,0,collision,nan,0,34.120227738046495,0.033295105999999998,0.001000000000000008,1.000000000000016e-06,1.7300266362202585,-0.44194213580207564,0.00051149425397802441,trajectory reached the configured collision radius
96,89,0.77544308242540527,0.58200000000000007,fraction,250,0,collision,nan,0,34.125288365879541,0.034199198,0.0010000000000000072,1.0000000000000144e-06,1.7304035436097902,-0.44194213570143809,0.00051158119964039048,trajectory reached the configured collision radius
96,90,0.77551487163370336,0.58200000000000007,fraction,250,0,collision,nan,0,34.13039572176843,0.032973959999999997,0.0010000000000000059,1.0000000000000118e-06,1.7307818849128616,-0.44194213560050893,0.00051166838213533982,trajectory reached the configured collision radius
96,91,0.77558666084200134,0.58200000000000007,fraction,250,0,collision,nan,0,34.135550708293771,0.032679940999999997,0.0010000000000000044,1.0000000000000086e-06,1.7311616882491661,-0.44194213549928218,0.00051175580696237314,trajectory reached the configured collision radius
96,92,0.77565845005029943,0.58200000000000007,fraction,250,0,collision,nan,0,34.140754254073961,0.033287270000000001,0.0010000000000000028,1.0000000000000057e-06,1.731542982685276,-0.44194213539775118,0.00051184347980178728,trajectory reached the configured collision radius
96,93,0.77573023925859752,0.58200000000000007,fraction,250,0,collision,nan,0,34.146007314757142,0.033675418999999998,0.0010000000000000015,1.0000000000000031e-06,1.7319257982735936,-0.44194213529590848,0.00051193140652171427,trajectory reached the configured collision radius
96,94,0.77580202846689561,0.58200000000000007,fraction,250,0,collision,nan,0,34.151310874060378,0.033224003000000002,0.0010000000000000005,1.000000000000001e-06,1.7323101660929692,-0.44194213519374714,0.00051201959318540071,trajectory reached the configured collision radius
97,76,0.77450982271753033,0.59816666666666674,fraction,250,0,collision,nan,0,34.117541060970858,0.033170947999999999,0.001,9.9999999999999995e-07,1.7293655925378597,-0.44194213578346692,0.00051151033209275625,trajectory reached the configured collision radius
97,77,0.77458161192582842,0.59816666666666674,fraction,250,0,collision,nan,0,34.122255303452746,0.034388114999999997,0.001,9.9999999999999995e-07,1.7297339115299184,-0.44194213568643659,0.0005115941586852328,trajectory reached the configured collision radius
97,78,0.77465340113412651,0.59816666666666674,fraction,250,0,collision,nan,0,34.1270099114383,0.03286269,0.001,9.9999999999999995e-07,1.7301034535793127,-0.44194213558916851,0.00051167817710379951,trajectory reached the configured collision radius
97,79,0.7747251903424246,0.59816666666666674,fraction,250,0,collision,nan,0,34.131805610665445,0.033330855999999999,0.001,9.9999999999999995e-07,1.7304742407380014,-0.44194213549165756,0.00051176239157618979,trajectory reached the configured collision radius
97,80,0.77479697955072258,0.59816666666666674,fraction,250,0,collision,nan,0,34.136643146381267,0.037081485999999997,0.0010000000000000002,1.0000000000000004e-06,1.7308462957528685,-0.44194213539389815,0.00051184680646126576,trajectory reached the configured collision radius
97,81,0.77486876875902067,0.59816666666666674,fraction,250,0,collision,nan,0,34.141523284032623,0.032609140000000002,0.0010000000000000002,1.0000000000000004e-06,1.7312196420921031,-0.44194213529588566,0.00051193142625373216,trajectory reached the configured collision radius
97,82,0.77494055796731875,0.59816666666666674,fraction,250,0,collision,nan,0,34.14644680999443,0.033698210999999999,0.0010000000000000005,1.000000000000001e-06,1.7315943039734423,-0.44194213519761349,0.00051201625558916985,trajectory reached the configured collision radius
97,83,0.77501234717561684,0.59816666666666674,fraction,250,0,collision,nan,0,34.151414532320238,0.033621238999999997,0.0010000000000000002,1.0000000000000004e-06,1.7319703063928515,-0.44194213509907743,0.00051210129924906861,trajectory reached the configured collision radius
97,84,0.77508413638391493,0.59816666666666674,fraction,250,0,collision,nan,0,34.156427281534498,0.045790124000000001,0.0010000000000000005,1.000000000000001e-06,1.7323476751551414,-0.44194213500027074,0.00051218656216631792,trajectory reached the configured collision radius
97,85,0.77515592559221302,0.59816666666666674,fraction,250,0,collision,nan,0,34.161485911458328,0.034921356000000001,0.0010000000000000005,1.000000000000001e-06,1.7327264369059219,-0.44194213490118728,0.00051227204943078003,trajectory reached the configured collision radius
97,86,0.775227714800511,0.59816666666666674,fraction,250,0,collision,nan,0,34.166591300071538,0.037332870999999997,0.0010000000000000002,1.0000000000000004e-06,1.7331066191646638,-0.44194213480182143,0.00051235776629511261,trajectory reached the configured collision radius
97,87,0.77529950400880909,0.59816666666666674,fraction,250,0,collision,nan,0,34.171744350416098,0.034261708000000002,0.0010000000000000002,1.0000000000000004e-06,1.7334882503598568,-0.44194213470216637,0.00051244371818094409,trajectory reached the configured collision radius
97,88,0.77537129321710718,0.59816666666666674,fraction,250,0,collision,nan,0,34.176945991543469,0.033016917,0.001,9.9999999999999995e-07,1.7338713598654922,-0.44194213460221549,0.00051252991068525622,trajectory reached the configured collision radius
97,89,0.77544308242540527,0.59816666666666674,fraction,250,0,collision,nan,0,34.182197179500818,0.041065853999999999,0.001,9.9999999999999995e-07,1.7342559780391897,-0.44194213450196168,0.0005126163495869948,trajectory reached the configured collision radius
97,90,0.77551487163370336,0.59816666666666674,fraction,250,0,collision,nan,0,34.187498898370912,0.033087498,0.0010000000000000297,1.0000000000000595e-06,1.7346421362626228,-0.44194213440139873,0.00051270304085411771,trajectory reached the configured collision radius
97,91,0.77558666084200134,0.59816666666666674,fraction,250,0,collision,nan,0,34.192852161358303,0.036042752999999997,0.001,9.9999999999999995e-07,1.7350298669834272,-0.44194213430051832,0.0005127899906507815,trajectory reached the configured collision radius
97,92,0.77565845005029943,0.59816666666666674,fraction,250,0,collision,nan,0,34.198258011926747,0.033601538,0.001,9.9999999999999995e-07,1.7354192037594456,-0.44194213419931361,0.00051287720534511311,trajectory reached the configured collision radius
97,93,0.77573023925859752,0.59816666666666674,fraction,250,0,collision,nan,0,34.203717524994957,0.033131240999999999,0.0010000000000000007,1.0000000000000014e-06,1.7358101813049489,-0.44194213409777683,0.00051296469151701572,trajectory reached the configured collision radius
97,94,0.77580202846689561,0.59816666666666674,fraction,250,0,collision,nan,0,34.209231808189863,0.033785295999999999,0.0010000000000000026,1.0000000000000052e-06,1.736202835539354,-0.44194213399589938,0.00051305245596659267,trajectory reached the configured collision radius
98,76,0.77450982271753033,0.6143333333333334,fraction,250,0,collision,nan,0,34.175636496541259,0.033666796999999998,0.0010000000000000035,1.0000000000000069e-06,1.7335341439162566,-0.44194213449865033,0.00051261920472406449,trajectory reached the configured collision radius
98,77,0.77458161192582842,0.6143333333333334,fraction,250,0,collision,nan,0,34.180525397494904,0.033343678000000002,0.0010000000000000046,1.0000000000000091e-06,1.7339086353707187,-0.44194213440243402,0.00051270214848889541,trajectory reached the configured collision radius
98,78,0.77465340113412651,0.6143333333333334,fraction,250,0,collision,nan,0,34.185457920454922,0.033216219999999998,0.0010000000000000052,1.0000000000000105e-06,1.734284431200644,-0.44194213430596646,0.00051278529516116263,trajectory reached the configured collision radius
98,79,0.7747251903424246,0.6143333333333334,fraction,250,0,collision,nan,0,34.190434879558154,0.033012958000000002,0.0010000000000000054,1.000000000000011e-06,1.7346615568135837,-0.441942134209243,0.00051286864947066061,trajectory reached the configured collision radius
98,80,0.77479697955072258,0.6143333333333334,fraction,250,0,collision,nan,0,34.19545711159315,0.033357367999999998,0.0010000000000000052,1.0000000000000105e-06,1.7350400384301794,-0.44194213411225675,0.00051295221629449458,trajectory reached the configured collision radius
98,81,0.77486876875902067,0.6143333333333334,fraction,250,0,collision,nan,0,34.2005254768317,0.033955251999999998,0.0010000000000000046,1.0000000000000091e-06,1.7354199031157509,-0.44194213401500243,0.00051303600066248843,trajectory reached the configured collision radius
98,82,0.77494055796731875,0.6143333333333334,fraction,250,0,collision,nan,0,34.205640859898089,0.033383239000000002,0.0010000000000000037,1.0000000000000074e-06,1.735801178813394,-0.441942133917473,0.00051312000776270264,trajectory reached the configured collision radius
98,83,0.77501234717561684,0.6143333333333334,fraction,250,0,collision,nan,0,34.210804170680255,0.032995970999999999,0.0010000000000000026,1.0000000000000052e-06,1.7361838943784822,-0.44194213381966319,0.00051320424294734005,trajectory reached the configured collision radius
98,84,0.77508413638391493,0.6143333333333334,fraction,250,0,collision,nan,0,34.216016345285283,0.032965688999999999,0.0010000000000000015,1.0000000000000031e-06,1.7365680796151153,-0.44194213372156588,0.00051328871173883018,trajectory reached the configured collision radius
98,85,0.77515592559221302,0.6143333333333334,fraction,250,0,collision,nan,0,34.221278347034868,0.032573900000000003,0.0010000000000000007,1.0000000000000014e-06,1.7369537653139717,-0.44194213362317447,0.0005133734198362051,trajectory reached the configured collision radius
98,86,0.775227714800511,0.6143333333333334,fraction,250,0,collision,nan,0,34.226591167512233,0.055122613000000001,0.0010000000000000002,1.0000000000000004e-06,1.7373409832919697,-0.44194213352448197,0.00051345837312168627,trajectory reached the configured collision radius
98,87,0.77529950400880909,0.6143333333333334,fraction,250,0,collision,nan,0,34.23195582765878,0.035351746000000003,0.001,9.9999999999999995e-07,1.7377297664341955,-0.44194213342548111,0.00051354357766770966,trajectory reached the configured collision radius
98,88,0.77537129321710718,0.6143333333333334,fraction,250,0,collision,nan,0,34.237373378920033,0.034886008000000003,0.001,9.9999999999999995e-07,1.7381201487373221,-0.44194213332616472,0.00051362903974409672,trajectory reached the configured collision radius
98,89,0.77544308242540527,0.6143333333333334,fraction,250,0,collision,nan,0,34.242844904454586,0.032932344000000002,0.001,9.9999999999999995e-07,1.7385121653555984,-0.44194213322652481,0.00051371476582568886,trajectory reached the configured collision radius
98,90,0.77551487163370336,0.6143333333333334,fraction,250,0,collision,nan,0,34.248371520395239,0.033920693000000002,0.0010000000000000002,1.0000000000000004e-06,1.7389058526489165,-0.44194213312655373,0.00051380076260023439,trajectory reached the configured collision radius
98,91,0.77558666084200134,0.6143333333333334,fraction,250,0,collision,nan,0,34.25395437717826,0.034766066999999998,0.0010000000000000015,1.0000000000000031e-06,1.7393012482331525,-0.44194213302624291,0.00051388703697665837,trajectory reached the configured collision radius
98,92,0.77565845005029943,0.6143333333333334,fraction,250,0,collision,nan,0,34.259594660936479,0.032686300000000001,0.0010000000000000059,1.0000000000000118e-06,1.7396983910332602,-0.44194213292558387,0.00051397359609376314,trajectory reached the configured collision radius
98,93,0.77573023925859752,0.6143333333333334,fraction,250,0,collision,nan,0,34.265293594965129,0.033849878999999999,0.001000000000000007,1.0000000000000139e-06,1.7400973213388373,-0.44194213282456862,0.00051406044732925252,trajectory reached the configured collision radius
98,94,0.77580202846689561,0.6143333333333334,fraction,250,0,collision,nan,0,34.27105244126048,0.034676290999999998,0.0010000000000000013,1.0000000000000027e-06,1.7404980808625674,-0.441942132723187,0.00051414759830920086,trajectory reached the configured collision radius
99,76,0.77450982271753033,0.63050000000000006,fraction,250,0,collision,nan,0,34.237530294602287,0.033950653999999997,0.001,9.9999999999999995e-07,1.7381327119508283,-0.44194213313490682,0.0005137935776221732,trajectory reached the configured collision radius
99,77,0.77458161192582842,0.63050000000000006,fraction,250,0,collision,nan,0,34.242621388932044,0.033975748,0.001,9.9999999999999995e-07,1.738512817394416,-0.44194213303978958,0.00051387538674909825,trajectory reached the configured collision radius
99,78,0.77465340113412651,0.63050000000000006,fraction,250,0,collision,nan,0,34.247760014809181,0.034109830000000001,0.001,9.9999999999999995e-07,1.7388943284207796,-0.44194213294440576,0.00051395741197610796,trajectory reached the configured collision radius
99,79,0.7747251903424246,0.63050000000000006,fraction,250,0,collision,nan,0,34.252947096101124,0.032918201000000001,0.001,9.9999999999999995e-07,1.739277274428777,-0.44194213284874923,0.00051403965858878582,trajectory reached the configured collision radius
99,80,0.77479697955072258,0.63050000000000006,fraction,250,0,collision,nan,0,34.258183583370574,0.03338762,0.001,9.9999999999999995e-07,1.7396616857733902,-0.44194213275281358,0.00051412213203796628,trajectory reached the configured collision radius
99,81,0.77486876875902067,0.63050000000000006,fraction,250,0,collision,nan,0,34.263470454895348,0.039247039999999997,0.0010000000000000002,1.0000000000000004e-06,1.7400475938035653,-0.44194213265659188,0.00051420483794575899,trajectory reached the configured collision radius
99,82,0.77494055796731875,0.63050000000000006,fraction,250,0,collision,nan,0,34.268808717734146,0.045543266999999998,0.0010000000000000009,1.0000000000000019e-06,1.7404350309017094,-0.44194213256007742,0.00051428778211190518,trajectory reached the configured collision radius
99,83,0.77501234717561684,0.63050000000000006,fraction,250,0,collision,nan,0,34.274199408847238,0.033632918999999997,0.0010000000000000024,1.0000000000000048e-06,1.7408240305253835,-0.44194213246326336,0.00051437097052038324,trajectory reached the configured collision radius
99,84,0.77508413638391493,0.63050000000000006,fraction,250,0,collision,nan,0,34.279643596269679,0.040067394999999999,0.0010000000000000063,1.0000000000000127e-06,1.7412146272505531,-0.44194213236614227,0.00051445440934626871,trajectory reached the configured collision radius
99,85,0.77515592559221302,0.63050000000000006,fraction,250,0,collision,nan,0,34.285142380341867,0.043248445000000003,0.0010000000000000093,1.0000000000000186e-06,1.7416068568173082,-0.4419421322687061,0.0005145381049629662,trajectory reached the configured collision radius
99,86,0.775227714800511,0.63050000000000006,fraction,250,0,collision,nan,0,34.290696895004217,0.033731010999999998,0.0010000000000000033,1.0000000000000065e-06,1.7420007561777229,-0.44194213217094769,0.00051462206394966409,trajectory reached the configured collision radius
99,87,0.77529950400880909,0.63050000000000006,fraction,250,0,collision,nan,0,34.29630830914904,0.032601528999999997,0.0010000000000000007,1.0000000000000014e-06,1.7423963635457571,-0.44194213207285837,0.00051470629309926478,trajectory reached the configured collision radius
99,88,0.77537129321710718,0.63050000000000006,fraction,250,0,collision,nan,0,34.30197782805098,0.032041601000000003,0.001,9.9999999999999995e-07,1.7427937184501829,-0.44194213197443011,0.00051479079942651251,trajectory reached the configured collision radius
99,89,0.77544308242540527,0.63050000000000006,fraction,250,0,collision,nan,0,34.307706694860407,0.032952339999999997,0.001,9.9999999999999995e-07,1.7431928617895462,-0.44194213187565473,0.0005148755901765948,trajectory reached the configured collision radius
99,90,0.77551487163370336,0.63050000000000006,fraction,250,0,collision,nan,0,34.313496192180303,0.033269772000000003,0.0010000000000000002,1.0000000000000004e-06,1.7435938358903333,-0.4419421317765227,0.0005149606728340675,trajectory reached the configured collision radius
99,91,0.77558666084200134,0.63050000000000006,fraction,250,0,collision,nan,0,34.319347643724271,0.033387244000000003,0.0010000000000000035,1.0000000000000069e-06,1.7439966845679979,-0.44194213167702545,0.00051504605513232288,trajectory reached the configured collision radius
99,92,0.77565845005029943,0.63050000000000006,fraction,250,0,collision,nan,0,34.32526241605737,0.033755842000000001,0.0010000000000000076,1.0000000000000152e-06,1.7444014531908461,-0.44194213157715245,0.00051513174506326667,trajectory reached the configured collision radius
99,93,0.77573023925859752,0.63050000000000006,fraction,250,0,collision,nan,0,34.331241920434472,0.034675800999999999,0.0010000000000000007,1.0000000000000014e-06,1.7448081887475708,-0.44194213147689504,0.0005152177508876562,trajectory reached the configured collision radius
99,94,0.77580202846689561,0.63050000000000006,fraction,250,0,collision,nan,0,34.337287614733107,0.034904184999999997,0.001,9.9999999999999995e-07,1.7452169399179778,-0.44194213137624255,0.00051530408114582775,trajectory reached the configured collision radius
100,76,0.77450982271753033,0.64666666666666672,fraction,250,0,collision,nan,0,34.303686949460769,0.033092908999999997,0.0010000000000000005,1.000000000000001e-06,1.7431798844400375,-0.44194213169400537,0.00051503148499121038,trajectory reached the configured collision radius
100,77,0.77458161192582842,0.64666666666666672,fraction,250,0,collision,nan,0,34.309014476300604,0.032787240000000002,0.0010000000000000015,1.0000000000000031e-06,1.743565041353917,-0.44194213160030194,0.00051511188445898539,trajectory reached the configured collision radius
100,78,0.77465340113412651,0.64666666666666672,fraction,250,0,collision,nan,0,34.314394290680603,0.032153454999999997,0.0010000000000000037,1.0000000000000074e-06,1.743951728686048,-0.44194213150631401,0.00051519251527042587,trajectory reached the configured collision radius
100,79,0.7747251903424246,0.64666666666666672,fraction,250,0,collision,nan,0,34.319827455087868,0.032165005000000003,0.0010000000000000087,1.0000000000000173e-06,1.7443399805938482,-0.44194213141203487,0.00051527338331506893,trajectory reached the configured collision radius
100,80,0.77479697955072258,0.64666666666666672,fraction,250,0,collision,nan,0,34.325315064027528,0.032915365000000002,0.001000000000000007,1.0000000000000139e-06,1.7447298323648124,-0.44194213131745758,0.00051535449466697588,trajectory reached the configured collision radius
100,81,0.77486876875902067,0.64666666666666672,fraction,250,0,collision,nan,0,34.330858245299034,0.032377492000000001,0.0010000000000000022,1.0000000000000044e-06,1.7451213204621145,-0.44194213122257409,0.00051543585559155113,trajectory reached the configured collision radius
100,82,0.77494055796731875,0.64666666666666672,fraction,250,0,collision,nan,0,34.33645816133383,0.032855374,0.0010000000000000002,1.0000000000000004e-06,1.745514482572226,-0.44194213112737685,0.00051551747255262025,trajectory reached the configured collision radius
100,83,0.77501234717561684,0.64666666666666672,fraction,250,0,collision,nan,0,34.342116010604173,0.033252338999999999,0.001,9.9999999999999995e-07,1.7459093576551772,-0.44194213103185831,0.00051559935221981966,trajectory reached the configured collision radius
100,84,0.77508413638391493,0.64666666666666672,fraction,250,0,collision,nan,0,34.347833029100528,0.033279667999999998,0.001,9.9999999999999995e-07,1.7463059859970014,-0.44194213093600943,0.00051568150147632405,trajectory reached the configured collision radius
100,85,0.77515592559221302,0.64666666666666672,fraction,250,0,collision,nan,0,34.353610491885604,0.033790971000000003,0.0010000000000000005,1.000000000000001e-06,1.7467044092648831,-0.44194213083982264,0.00051576392742692251,trajectory reached the configured collision radius
100,86,0.775227714800511,0.64666666666666672,fraction,250,0,collision,nan,0,34.35944971472869,0.035448707000000003,0.0010000000000000044,1.0000000000000086e-06,1.7471046705650122,-0.44194213074328942,0.00051584663740640135,trajectory reached the configured collision radius
100,87,0.77529950400880909,0.64666666666666672,fraction,250,0,collision,nan,0,34.365352055827266,0.033239649000000003,0.0010000000000000065,1.0000000000000131e-06,1.7475068145034822,-0.44194213064639959,0.00051592963898836324,trajectory reached the configured collision radius
100,88,0.77537129321710718,0.64666666666666672,fraction,250,0,collision,nan,0,34.371318917616101,0.035471734999999997,0.0010000000000000005,1.000000000000001e-06,1.7479108872499911,-0.44194213054914522,0.00051601293999441634,trajectory reached the configured collision radius
100,89,0.77544308242540527,0.64666666666666672,fraction,250,0,collision,nan,0,34.377351748676432,0.032995122000000002,0.001,9.9999999999999995e-07,1.7483169366050493,-0.44194213045151559,0.00051609654850375193,trajectory reached the configured collision radius
100,90,0.77551487163370336,0.64666666666666672,fraction,250,0,collision,nan,0,34.383452045746331,0.034430447000000003,0.0010000000000000002,1.0000000000000004e-06,1.7487250120704894,-0.44194213035350161,0.00051618047286317601,trajectory reached the configured collision radius
100,91,0.77558666084200134,0.64666666666666672,fraction,250,0,collision,nan,0,34.389621355843403,0.032778283999999998,0.0010000000000000061,1.0000000000000122e-06,1.7491351649239293,-0.4419421302550926,0.00051626472169764598,trajectory reached the configured collision radius
100,92,0.77565845005029943,0.64666666666666672,fraction,250,0,collision,nan,0,34.395861278499964,0.033515446999999997,0.0010000000000000022,1.0000000000000044e-06,1.7495474482964957,-0.44194213015627765,0.0005163493039211667,trajectory reached the configured collision radius
100,93,0.77573023925859752,0.64666666666666672,fraction,250,0,collision,nan,0,34.402173468126442,0.033171358999999997,0.001,9.9999999999999995e-07,1.7499619172554535,-0.44194213005704669,0.00051643422874834012,trajectory reached the configured collision radius
100,94,0.77580202846689561,0.64666666666666672,fraction,250,0,collision,nan,0,34.408559636508627,0.035295306999999998,0.0010000000000000002,1.0000000000000004e-06,1.7503786288906338,-0.44194212995738724,0.00051651950570636167,trajectory reached the configured collision radius
101,76,0.77450982271753033,0.66283333333333339,fraction,250,0,collision,nan,0,34.374655738676744,0.032286855000000003,0.0010000000000000065,1.0000000000000131e-06,1.7486905766064538,-0.44194213017988815,0.00051632909541626511,trajectory reached the configured collision radius
101,77,0.77458161192582842,0.66283333333333339,fraction,250,0,collision,nan,0,34.380262839632266,0.033257983999999997,0.0010000000000000074,1.0000000000000148e-06,1.749080215377973,-0.44194213008795608,0.00051640777717356073,trajectory reached the configured collision radius
101,78,0.77465340113412651,0.66283333333333339,fraction,250,0,collision,nan,0,34.385928101840101,0.032371061999999999,0.0010000000000000018,1.0000000000000036e-06,1.7494715371343157,-0.44194212999571936,0.00051648670721305128,trajectory reached the configured collision radius
101,79,0.7747251903424246,0.66283333333333339,fraction,250,0,collision,nan,0,34.391652766480526,0.032902371999999999,0.0010000000000000002,1.0000000000000004e-06,1.749864581708465,-0.44194212990317089,0.00051656589205797997,trajectory reached the configured collision radius
101,80,0.77479697955072258,0.66283333333333339,fraction,250,0,collision,nan,0,34.397438113938598,0.032400779999999997,0.001,9.9999999999999995e-07,1.7502593902753425,-0.4419421298103024,0.00051664533843565053,trajectory reached the configured collision radius
101,81,0.77486876875902067,0.66283333333333339,fraction,250,0,collision,nan,0,34.403285465441932,0.033392436999999997,0.0010000000000000002,1.0000000000000004e-06,1.7506560054070042,-0.44194212971710589,0.00051672505328501377,trajectory reached the configured collision radius
101,82,0.77494055796731875,0.66283333333333339,fraction,250,0,collision,nan,0,34.409196184788421,0.032432694999999997,0.0010000000000000024,1.0000000000000048e-06,1.7510544711308393,-0.4419421296235726,0.00051680504376441924,trajectory reached the configured collision radius
101,83,0.77501234717561684,0.66283333333333339,fraction,250,0,collision,nan,0,34.415171680157854,0.033328379999999998,0.0010000000000000089,1.0000000000000177e-06,1.7514548329899866,-0.44194212952969425,0.00051688531725974064,trajectory reached the configured collision radius
101,84,0.77508413638391493,0.66283333333333339,fraction,250,0,collision,nan,0,34.421213406032201,0.033821169999999998,0.0010000000000000009,1.0000000000000019e-06,1.7518571381077344,-0.44194212943546063,0.00051696588139288997,trajectory reached the configured collision radius
101,85,0.77515592559221302,0.66283333333333339,fraction,250,0,collision,nan,0,34.427322865203337,0.034262140000000003,0.001,9.9999999999999995e-07,1.7522614352541057,-0.44194212934086358,0.00051704674403064098,trajectory reached the configured collision radius
101,86,0.775227714800511,0.66283333333333339,fraction,250,0,collision,nan,0,34.433501610907662,0.033902217999999998,0.0010000000000000002,1.0000000000000004e-06,1.7526677749168609,-0.44194212924589277,0.00051712791329392273,trajectory reached the configured collision radius
101,87,0.77529950400880909,0.66283333333333339,fraction,250,0,collision,nan,0,34.439751249065672,0.032877864999999999,0.0010000000000000076,1.0000000000000152e-06,1.7530762093753549,-0.44194212915053827,0.00051720939756737239,trajectory reached the configured collision radius
101,88,0.77537129321710718,0.66283333333333339,fraction,250,0,collision,nan,0,34.446073440652633,0.032669178,0.0010000000000000011,1.0000000000000023e-06,1.7534867927787179,-0.44194212905479002,0.00051729120550945279,trajectory reached the configured collision radius
101,89,0.77544308242540527,0.66283333333333339,fraction,250,0,collision,nan,0,34.452469904200072,0.032941380999999999,0.001,9.9999999999999995e-07,1.753899581227796,-0.44194212895863744,0.00051737334606294632,trajectory reached the configured collision radius
101,90,0.77551487163370336,0.66283333333333339,fraction,250,0,collision,nan,0,34.458942418442717,0.033401269999999997,0.0010000000000000013,1.0000000000000027e-06,1.754314632861723,-0.44194212886206924,0.00051745582846589734,trajectory reached the configured collision radius
101,91,0.77558666084200134,0.66283333333333339,fraction,250,0,collision,nan,0,34.465492825114275,0.032376787999999997,0.0010000000000000048,1.0000000000000095e-06,1.754732007948699,-0.44194212876507383,0.00051753866226304486,trajectory reached the configured collision radius
101,92,0.77565845005029943,0.66283333333333339,fraction,250,0,collision,nan,0,34.472123031912716,0.032424277000000001,0.001,9.9999999999999995e-07,1.7551517689822456,-0.44194212866763977,0.00051762185731784075,trajectory reached the configured collision radius
101,93,0.77573023925859752,0.66283333333333339,fraction,250,0,collision,nan,0,34.478835015629528,0.032278488000000001,0.0010000000000000011,1.0000000000000023e-06,1.7555739807818476,-0.4419421285697554,0.00051770542382484114,trajectory reached the configured collision radius
101,94,0.77580202846689561,0.66283333333333339,fraction,250,0,collision,nan,0,34.485630825480371,0.032731288999999997,0.0010000000000000037,1.0000000000000074e-06,1.7559987105999473,-0.4419421284714074,0.00051778937232284774,trajectory reached the configured collision radius
102,76,0.77450982271753033,0.67900000000000005,fraction,250,0,collision,nan,0,34.451091581724953,0.034021854999999997,0.0010000000000000013,1.0000000000000027e-06,1.7546734536757473,-0.44194212859958515,0.0005176799588486918,trajectory reached the configured collision radius
102,77,0.77458161192582842,0.67900000000000005,fraction,250,0,collision,nan,0,34.457033423188577,0.033760155999999999,0.001,9.9999999999999995e-07,1.7550669804874039,-0.44194212850984438,0.00051775656471516956,trajectory reached the configured collision radius
102,78,0.77465340113412651,0.67900000000000005,fraction,250,0,collision,nan,0,34.4630408071163,0.032550977000000002,0.001,9.9999999999999995e-07,1.7554623746556277,-0.44194212841977853,0.00051783343657118392,trajectory reached the configured collision radius
102,79,0.7747251903424246,0.67900000000000005,fraction,250,0,collision,nan,0,34.469115210518382,0.032432507999999999,0.001000000000000002,1.000000000000004e-06,1.7558596827579041,-0.44194212832937929,0.00051791058155854428,trajectory reached the configured collision radius
102,80,0.77479697955072258,0.67900000000000005,fraction,250,0,collision,nan,0,34.475258159599932,0.034330405000000001,0.0010000000000000076,1.0000000000000152e-06,1.7562589529703603,-0.44194212823863793,0.00051798800704026024,trajectory reached the configured collision radius
102,81,0.77486876875902067,0.67900000000000005,fraction,250,0,collision,nan,0,34.481471231941015,0.032340081999999999,0.0010000000000000002,1.0000000000000004e-06,1.7566602351355356,-0.44194212814754513,0.00051806572060859564,trajectory reached the configured collision radius
102,82,0.77494055796731875,0.67900000000000005,fraction,250,0,collision,nan,0,34.487756058781905,0.031734910999999998,0.001,9.9999999999999995e-07,1.7570635808323865,-0.44194212805609184,0.00051814373009323976,trajectory reached the configured collision radius
102,83,0.77501234717561684,0.67900000000000005,fraction,250,0,collision,nan,0,34.494114327448983,0.032374080999999999,0.001000000000000002,1.000000000000004e-06,1.7574690434508458,-0.44194212796426802,0.00051822204356988884,trajectory reached the configured collision radius
102,84,0.77508413638391493,0.67900000000000005,fraction,250,0,collision,nan,0,34.500547783912367,0.033410536999999997,0.0010000000000000044,1.0000000000000086e-06,1.7578766782696962,-0.44194212787206427,0.00051830066936924999,trajectory reached the configured collision radius
102,85,0.77515592559221302,0.67900000000000005,fraction,250,0,collision,nan,0,34.507058235487975,0.032980166999999998,0.001,9.9999999999999995e-07,1.7582865425383829,-0.4419421277794704,0.0005183796160861938,trajectory reached the configured collision radius
102,86,0.775227714800511,0.67900000000000005,fraction,250,0,collision,nan,0,34.513647553702008,0.032817820999999997,0.0010000000000000007,1.0000000000000014e-06,1.7586986955635027,-0.44194212768647512,0.00051845889258955399,trajectory reached the configured collision radius
102,87,0.77529950400880909,0.67900000000000005,fraction,250,0,collision,nan,0,34.520317677317138,0.032984740999999998,0.001000000000000007,1.0000000000000139e-06,1.7591131987994399,-0.44194212759306806,0.0005185385080320584,trajectory reached the configured collision radius
102,88,0.77537129321710718,0.67900000000000005,fraction,250,0,collision,nan,0,34.527070615541625,0.032397000000000002,0.0010000000000000002,1.0000000000000004e-06,1.7595301159440104,-0.44194212749923811,0.00051861847186083099,trajectory reached the configured collision radius
102,89,0.77544308242540527,0.67900000000000005,fraction,250,0,collision,nan,0,34.533908451430271,0.032669632999999997,0.0010000000000000011,1.0000000000000023e-06,1.7599495130391449,-0.4419421274049728,0.00051869879382824343,trajectory reached the configured collision radius
102,90,0.77551487163370336,0.67900000000000005,fraction,250,0,collision,nan,0,34.540833345489986,0.033679885,0.0010000000000000022,1.0000000000000044e-06,1.7603714585769954,-0.44194212731026106,0.00051877948400321297,trajectory reached the configured collision radius
102,91,0.77558666084200134,0.67900000000000005,fraction,250,0,collision,nan,0,34.547847539509426,0.034781248000000001,0.001,9.9999999999999995e-07,1.7607960236118751,-0.44194212721509002,0.00051886055278297229,trajectory reached the configured collision radius
102,92,0.77565845005029943,0.67900000000000005,fraction,250,0,collision,nan,0,34.554953360622669,0.032627160000000002,0.0010000000000000109,1.0000000000000218e-06,1.7612232818781908,-0.44194212711944714,0.0005189420109052242,trajectory reached the configured collision radius
102,93,0.77573023925859752,0.67900000000000005,fraction,250,0,collision,nan,0,34.562153225632237,0.032884965000000002,0.001,9.9999999999999995e-07,1.7616533099149365,-0.44194212702331853,0.00051902386946084053,trajectory reached the configured collision radius
102,94,0.77580202846689561,0.67900000000000005,fraction,250,0,collision,nan,0,34.569449645608799,0.033404507999999999,0.0010000000000000044,1.0000000000000086e-06,1.7620861871974829,-0.44194212692669127,0.00051910613990713923,trajectory reached the configured collision radius
103,76,0.77450982271753033,0.69516666666666671,fraction,250,0,collision,nan,0,34.533782281911314,0.032821834000000001,0.0010000000000000007,1.0000000000000014e-06,1.7611270241366841,-0.44194212696450941,0.00051907394218903425,trajectory reached the configured collision radius
103,77,0.77458161192582842,0.69516666666666671,fraction,250,0,collision,nan,0,34.54013058569511,0.032360538000000001,0.0010000000000000096,1.0000000000000192e-06,1.7615237735505713,-0.4419421268774803,0.0005191480338851553,trajectory reached the configured collision radius
103,78,0.77465340113412651,0.69516666666666671,fraction,250,0,collision,nan,0,34.546553896357025,0.032802971,0.0010000000000000002,1.0000000000000004e-06,1.7619226095276281,-0.44194212679010714,0.00051922240802805086,trajectory reached the configured collision radius
103,79,0.7747251903424246,0.69516666666666671,fraction,250,0,collision,nan,0,34.553054010817618,0.034200613999999997,0.001,9.9999999999999995e-07,1.7623235865642282,-0.44194212670238026,0.00051929707226360965,trajectory reached the configured collision radius
103,80,0.77479697955072258,0.69516666666666671,fraction,250,0,collision,nan,0,34.559632789583496,0.033050165999999999,0.0010000000000000061,1.0000000000000122e-06,1.7627267610613178,-0.44194212661429066,0.00051937203446742125,trajectory reached the configured collision radius
103,81,0.77486876875902067,0.69516666666666671,fraction,250,0,collision,nan,0,34.566292159745558,0.033422511000000002,0.0010000000000000007,1.0000000000000014e-06,1.7631321914064717,-0.44194212652582882,0.00051944730275252263,trajectory reached the configured collision radius
103,82,0.77494055796731875,0.69516666666666671,fraction,250,0,collision,nan,0,34.573034118137564,0.033296470000000002,0.0010000000000000002,1.0000000000000004e-06,1.7635399380592647,-0.44194212643698438,0.00051952288547725176,trajectory reached the configured collision radius
103,83,0.77501234717561684,0.69516666666666671,fraction,250,0,collision,nan,0,34.57986073469251,0.033321765000000003,0.0010000000000000091,1.0000000000000182e-06,1.7639500636413543,-0.44194212634774704,0.00051959879125336374,trajectory reached the configured collision radius
103,84,0.77508413638391493,0.69516666666666671,fraction,250,0,collision,nan,0,34.586774156002775,0.035782704999999998,0.001,9.9999999999999995e-07,1.7643626330314874,-0.44194212625810653,0.00051967502895451201,trajectory reached the configured collision radius
103,85,0.77515592559221302,0.69516666666666671,fraction,250,0,collision,nan,0,34.593776609092487,0.032686662999999998,0.0010000000000000009,1.0000000000000019e-06,1.7647777134651581,-0.44194212616805167,0.00051975160772489378,trajectory reached the configured collision radius
103,86,0.775227714800511,0.69516666666666671,fraction,250,0,collision,nan,0,34.600870405427351,0.033477141000000002,0.0010000000000000022,1.0000000000000044e-06,1.7651953746394602,-0.44194212607757183,0.00051982853698811311,trajectory reached the configured collision radius
103,87,0.77529950400880909,0.69516666666666671,fraction,250,0,collision,nan,0,34.608057945175723,0.032433101999999998,0.0010000000000000002,1.0000000000000004e-06,1.7656156888239982,-0.44194212598665389,0.00051990582645648233,trajectory reached the configured collision radius
103,88,0.77537129321710718,0.69516666666666671,fraction,250,0,collision,nan,0,34.615341721739242,0.033537866,0.0010000000000000065,1.0000000000000131e-06,1.7660387309770806,-0.44194212589528759,0.00051998348614036181,trajectory reached the configured collision radius
103,89,0.77544308242540527,0.69516666666666671,fraction,250,0,collision,nan,0,34.622724326576041,0.032733805999999997,0.001,9.9999999999999995e-07,1.766464578868866,-0.44194212580345932,0.0005200615263578984,trajectory reached the configured collision radius
103,90,0.77551487163370336,0.69516666666666671,fraction,250,0,collision,nan,0,34.63020845433411,0.034734599999999997,0.0010000000000000083,1.0000000000000165e-06,1.7668933132104641,-0.44194212571115749,0.00052013995774496773,trajectory reached the configured collision radius
103,91,0.77558666084200134,0.69516666666666671,fraction,250,0,collision,nan,0,34.637796908331687,0.065468503999999997,0.001,9.9999999999999995e-07,1.7673250177909947,-0.44194212561836782,0.00052021879126536261,trajectory reached the configured collision radius
103,92,0.77565845005029943,0.69516666666666671,fraction,250,0,collision,nan,0,34.645492606394576,0.035118782000000001,0.0010000000000000048,1.0000000000000095e-06,1.7677597796213145,-0.44194212552507767,0.00052029803822118033,trajectory reached the configured collision radius
103,93,0.77573023925859752,0.69516666666666671,fraction,250,0,collision,nan,0,34.65329858709363,0.033259332000000003,0.0010000000000000002,1.0000000000000004e-06,1.7681976890864184,-0.44194212543127226,0.00052037771026338482,trajectory reached the configured collision radius
103,94,0.77580202846689561,0.69516666666666671,fraction,250,0,collision,nan,0,34.661218016411667,0.032907328999999999,0.0010000000000000009,1.0000000000000019e-06,1.7686388401060744,-0.44194212533693844,0.00052045781940267038,trajectory reached the configured collision radius
104,76,0.77450982271753033,0.71133333333333337,fraction,250,0,collision,nan,0,34.623684356572333,0.032661147000000001,0.0010000000000000007,1.0000000000000014e-06,1.7680336933551055,-0.44194212529231175,0.00052049571242639614,trajectory reached the configured collision radius
104,77,0.77458161192582842,0.71133333333333337,fraction,250,0,collision,nan,0,34.630534132944597,0.032738799999999998,0.0010000000000000046,1.0000000000000091e-06,1.7684328180625775,-0.44194212520867843,0.00052056671857008438,trajectory reached the configured collision radius
104,78,0.77465340113412651,0.71133333333333337,fraction,250,0,collision,nan,0,34.637471341309968,0.032969128,0.001,9.9999999999999995e-07,1.7688342829397572,-0.44194212512468878,0.00052063801823778837,trajectory reached the configured collision radius
104,79,0.7747251903424246,0.71133333333333337,fraction,250,0,collision,nan,0,34.644498226886689,0.032755687999999998,0.0010000000000000048,1.0000000000000095e-06,1.7692381515040441,-0.44194212504033203,0.00052070961925160784,trajectory reached the configured collision radius
104,80,0.77479697955072258,0.71133333333333337,fraction,250,0,collision,nan,0,34.651617120083877,0.032549159000000001,0.0010000000000000002,1.0000000000000004e-06,1.7696444895236272,-0.4419421249555992,0.00052078152964896119,trajectory reached the configured collision radius
104,81,0.77486876875902067,0.71133333333333337,fraction,250,0,collision,nan,0,34.658830440807748,0.042890329999999997,0.0010000000000000009,1.0000000000000019e-06,1.7700533651148227,-0.44194212487048029,0.00052085375768811087,trajectory reached the configured collision radius
104,82,0.77494055796731875,0.71133333333333337,fraction,250,0,collision,nan,0,34.666140703042636,0.033723943999999999,0.0010000000000000009,1.0000000000000019e-06,1.7704648488443773,-0.4419421247849652,0.00052092631185370606,trajectory reached the configured collision radius
104,83,0.77501234717561684,0.71133333333333337,fraction,250,0,collision,nan,0,34.673550519717878,0.035126826,0.0010000000000000002,1.0000000000000004e-06,1.7708790138362946,-0.44194212469904326,0.00052099920086210285,trajectory reached the configured collision radius
104,84,0.77508413638391493,0.71133333333333337,fraction,250,0,collision,nan,0,34.681062607902348,0.031963882999999998,0.0010000000000000013,1.0000000000000027e-06,1.7712959358850533,-0.44194212461270388,0.00052107243366688715,trajectory reached the configured collision radius
104,85,0.77515592559221302,0.71133333333333337,fraction,250,0,collision,nan,0,34.688679794339606,0.031928043000000003,0.0010000000000000005,1.000000000000001e-06,1.7717156935742684,-0.44194212452593629,0.00052114601946417409,trajectory reached the configured collision radius
104,86,0.775227714800511,0.71133333333333337,fraction,250,0,collision,nan,0,34.696405021347672,0.032987777000000003,0.0010000000000000005,1.000000000000001e-06,1.7721383684012091,-0.44194212443872938,0.00052121996769768713,trajectory reached the configured collision radius
104,87,0.77529950400880909,0.71133333333333337,fraction,250,0,collision,nan,0,34.704241353129753,0.033913183,0.0010000000000000028,1.0000000000000057e-06,1.7725640449085487,-0.44194212435107078,0.0005212942880639317,trajectory reached the configured collision radius
104,88,0.77537129321710718,0.71133333333333337,fraction,250,0,collision,nan,0,34.712191982508799,0.033137683000000001,0.001,9.9999999999999995e-07,1.7729928108222524,-0.44194212426294882,0.00052136899051681259,trajectory reached the configured collision radius
104,89,0.77544308242540527,0.71133333333333337,fraction,250,0,collision,nan,0,34.720260238143005,0.033090827000000003,0.0010000000000000074,1.0000000000000148e-06,1.7734247571975992,-0.44194212417435147,0.00052144408527229154,trajectory reached the configured collision radius
104,90,0.77551487163370336,0.71133333333333337,fraction,250,0,collision,nan,0,34.728449592238675,0.032159412999999998,0.0010000000000000002,1.0000000000000004e-06,1.7738599785719507,-0.44194212408526601,0.00052151958281235016,trajectory reached the configured collision radius
104,91,0.77558666084200134,0.71133333333333337,fraction,250,0,collision,nan,0,34.736763668827983,0.032083094999999999,0.0010000000000000002,1.0000000000000004e-06,1.7742985731265226,-0.44194212399567967,0.00052159549388875728,trajectory reached the configured collision radius
104,92,0.77565845005029943,0.71133333333333337,fraction,250,0,collision,nan,0,34.745206252642873,0.034527011000000003,0.0010000000000000083,1.0000000000000165e-06,1.7747406428563013,-0.44194212390557902,0.00052167182952614832,trajectory reached the configured collision radius
104,93,0.77573023925859752,0.71133333333333337,fraction,250,0,collision,nan,0,34.753781298648036,0.031807493999999999,0.0010000000000000007,1.0000000000000014e-06,1.7751862937493623,-0.44194212381495068,0.00052174860102447795,trajectory reached the configured collision radius
104,94,0.77580202846689561,0.71133333333333337,fraction,250,0,collision,nan,0,34.762492942283878,0.034217137000000002,0.001,9.9999999999999995e-07,1.7756356359754368,-0.44194212372378089,0.00052182581996064318,trajectory reached the configured collision radius
105,76,0.77450982271753033,0.72750000000000004,fraction,250,0,collision,nan,0,34.72197032822708,0.032584439999999999,0.001,9.9999999999999995e-07,1.7753506594940793,-0.4419421236095451,0.00052192255891769009,trajectory reached the configured collision radius
105,77,0.77458161192582842,0.72750000000000004,fraction,250,0,collision,nan,0,34.72945015305843,0.033563474000000003,0.0010000000000000044,1.0000000000000086e-06,1.7757508916454887,-0.44194212353027174,0.00052198968016195784,trajectory reached the configured collision radius
105,78,0.77465340113412651,0.72750000000000004,fraction,250,0,collision,nan,0,34.73703418257864,0.032183940000000001,0.001,9.9999999999999995e-07,1.7761537424420826,-0.44194212345064393,0.00052205709234430281,trajectory reached the configured collision radius
105,79,0.7747251903424246,0.72750000000000004,fraction,250,0,collision,nan,0,34.744725315030898,0.061668078000000001,0.0010000000000000074,1.0000000000000148e-06,1.7765592849291167,-0.44194212337065397,0.0005221248026757373,trajectory reached the configured collision radius
105,80,0.77479697955072258,0.72750000000000004,fraction,250,0,collision,nan,0,34.752526567926886,0.033779557000000002,0.001,9.9999999999999995e-07,1.7769675947396995,-0.44194212329029264,0.00052219281851242211,trajectory reached the configured collision radius
105,81,0.77486876875902067,0.72750000000000004,fraction,250,0,collision,nan,0,34.760441084606242,0.033929903999999997,0.0010000000000000054,1.000000000000011e-06,1.7773787502043095,-0.44194212320955123,0.00052226114735433055,trajectory reached the configured collision radius
105,82,0.77494055796731875,0.72750000000000004,fraction,250,0,collision,nan,0,34.768472141240721,0.033684769000000003,0.0010000000000000002,1.0000000000000004e-06,1.7777928324646843,-0.44194212312841996,0.00052232979684294653,trajectory reached the configured collision radius
105,83,0.77501234717561684,0.72750000000000004,fraction,250,0,collision,nan,0,34.776623154340179,0.033636392000000001,0.0010000000000000002,1.0000000000000004e-06,1.7782099255935295,-0.44194212304688973,0.00052239877475834058,trajectory reached the configured collision radius
105,84,0.77508413638391493,0.72750000000000004,fraction,250,0,collision,nan,0,34.784897688790693,0.032903857000000002,0.0010000000000000098,1.0000000000000196e-06,1.778630116719772,-0.44194212296495106,0.00052246808901514497,trajectory reached the configured collision radius
105,85,0.77515592559221302,0.72750000000000004,fraction,250,0,collision,nan,0,34.793299466468362,0.033404715000000001,0.0010000000000000002,1.0000000000000004e-06,1.7790534961592044,-0.44194212288259466,0.00052253774765743976,trajectory reached the configured collision radius
105,86,0.775227714800511,0.72750000000000004,fraction,250,0,collision,nan,0,34.801832375496616,0.032487546999999999,0.001,9.9999999999999995e-07,1.7794801575519148,-0.44194212279980993,0.00052260775885251925,trajectory reached the configured collision radius
105,87,0.77529950400880909,0.72750000000000004,fraction,250,0,collision,nan,0,34.810500480187088,0.032263200999999998,0.0010000000000000048,1.0000000000000095e-06,1.7799101980053662,-0.44194212271658767,0.00052267813088306659,trajectory reached the configured collision radius
105,88,0.77537129321710718,0.72750000000000004,fraction,250,0,collision,nan,0,34.819308031723239,0.033403923000000002,0.0010000000000000031,1.0000000000000061e-06,1.7803437182438555,-0.4419421226329176,0.00052274887213763009,trajectory reached the configured collision radius
105,89,0.77544308242540527,0.72750000000000004,fraction,250,0,collision,nan,0,34.828259479688974,0.032008090000000003,0.0010000000000000002,1.0000000000000004e-06,1.7807808227657538,-0.44194212254878917,0.00052281999109949696,trajectory reached the configured collision radius
105,90,0.77551487163370336,0.72750000000000004,fraction,250,0,collision,nan,0,34.837359484463313,0.032257741999999999,0.001,9.9999999999999995e-07,1.7812216200060713,-0.44194212246419234,0.00052289149633300556,trajectory reached the configured collision radius
105,91,0.77558666084200134,0.72750000000000004,fraction,250,0,collision,nan,0,34.846612930626797,0.032589075000000002,0.0010000000000000002,1.0000000000000004e-06,1.7816662225076534,-0.44194212237911623,0.00052296339646771075,trajectory reached the configured collision radius
105,92,0.77565845005029943,0.72750000000000004,fraction,250,0,collision,nan,0,34.856024941427542,0.032917551000000003,0.0010000000000000015,1.0000000000000031e-06,1.7821147470985603,-0.44194212229355123,0.00052303570017954524,trajectory reached the configured collision radius
105,93,0.77573023925859752,0.72750000000000004,fraction,250,0,collision,nan,0,34.865600894435829,0.035345168000000003,0.0010000000000000039,1.0000000000000078e-06,1.7825673150772672,-0.44194212220748647,0.00052310841616871624,trajectory reached the configured collision radius
105,94,0.77580202846689561,0.72750000000000004,fraction,250,0,collision,nan,0,34.875346438502746,0.035610211000000003,0.0010000000000000065,1.0000000000000131e-06,1.7830240524051986,-0.44194212212091122,0.00052318155313399862,trajectory reached the configured collision radius
106,76,0.77450982271753033,0.7436666666666667,fraction,250,0,collision,nan,0,34.830090879060705,0.036070919999999999,0.00100000000000001,1.0000000000000201e-06,1.7829958869410079,-0.44194212195551191,0.00052332125081263161,trajectory reached the configured collision radius
106,77,0.77458161192582842,0.7436666666666667,fraction,250,0,collision,nan,0,34.838379056895462,0.033462398999999997,0.0010000000000000002,1.0000000000000004e-06,1.7833950370682761,-0.4419421218820474,0.00052338328751028672,trajectory reached the configured collision radius
106,78,0.77465340113412651,0.7436666666666667,fraction,250,0,collision,nan,0,34.846794845654699,0.033389400999999999,0.001,9.9999999999999995e-07,1.7837970773956222,-0.44194212180826847,0.00052344558221685935,trajectory reached the configured collision radius
106,79,0.7747251903424246,0.7436666666666667,fraction,250,0,collision,nan,0,34.855342140280072,0.032383729,0.0010000000000000065,1.0000000000000131e-06,1.7842020889731163,-0.44194212173416964,0.00052350813973367906,trajectory reached the configured collision radius
106,80,0.77479697955072258,0.7436666666666667,fraction,250,0,collision,nan,0,34.864025012082415,0.033353696000000002,0.0010000000000000018,1.0000000000000036e-06,1.7846101555962608,-0.44194212165974461,0.00052357096480231508,trajectory reached the configured collision radius
106,81,0.77486876875902067,0.7436666666666667,fraction,250,0,collision,nan,0,34.872847719439321,0.032215541,0.001,9.9999999999999995e-07,1.7850213639054846,-0.44194212158498891,0.00052363406208391801,trajectory reached the configured collision radius
106,82,0.77494055796731875,0.7436666666666667,fraction,250,0,collision,nan,0,34.881814719318285,0.033176575999999999,0.001,9.9999999999999995e-07,1.785435803488584,-0.44194212150989576,0.00052369743613559893,trajectory reached the configured collision radius
106,83,0.77501234717561684,0.7436666666666667,fraction,250,0,collision,nan,0,34.890930679707267,0.032626450000000001,0.0010000000000000018,1.0000000000000036e-06,1.7858535669857849,-0.44194212143446038,0.00052376109138401643,trajectory reached the configured collision radius
106,84,0.77508413638391493,0.7436666666666667,fraction,250,0,collision,nan,0,34.900200493015774,0.033540130000000001,0.0010000000000000085,1.0000000000000169e-06,1.7862747501964178,-0.44194212135867711,0.00052382503209508018,trajectory reached the configured collision radius
106,85,0.77515592559221302,0.7436666666666667,fraction,250,0,collision,nan,0,34.909629290563814,0.031603157999999999,0.0010000000000000063,1.0000000000000127e-06,1.7866994521875954,-0.44194212128254168,0.00052388926233989269,trajectory reached the configured collision radius
106,86,0.775227714800511,0.7436666666666667,fraction,250,0,collision,nan,0,34.91922245825463,0.032886445,0.0010000000000000026,1.0000000000000052e-06,1.7871277754042567,-0.44194212120604914,0.00052395378595605953,trajectory reached the configured collision radius
106,87,0.77529950400880909,0.7436666666666667,fraction,250,0,collision,nan,0,34.928985653549162,0.033747198999999999,0.0010000000000000013,1.0000000000000027e-06,1.7875598257798828,-0.44194212112919501,0.00052401860650397899,trajectory reached the configured collision radius
106,88,0.77537129321710718,0.7436666666666667,fraction,250,0,collision,nan,0,34.938924823877649,0.032861516,0.0010000000000000013,1.0000000000000027e-06,1.7879957128472079,-0.44194212105197539,0.00052408372721719223,trajectory reached the configured collision radius
106,89,0.77544308242540527,0.7436666666666667,fraction,250,0,collision,nan,0,34.949046226636476,0.033268614000000002,0.0010000000000000018,1.0000000000000036e-06,1.7884355498482047,-0.44194212097438701,0.00052414915094625486,trajectory reached the configured collision radius
106,90,0.77551487163370336,0.7436666666666667,fraction,250,0,collision,nan,0,34.959356450924993,0.032556374999999999,0.0010000000000000037,1.0000000000000074e-06,1.7888794538416872,-0.44194212089642632,0.00052421488009503445,trajectory reached the configured collision radius
106,91,0.77558666084200134,0.7436666666666667,fraction,250,0,collision,nan,0,34.969862441239563,0.032310879000000001,0.0010000000000000093,1.0000000000000186e-06,1.7893275458085678,-0.44194212081809175,0.00052428091654861263,trajectory reached the configured collision radius
106,92,0.77565845005029943,0.7436666666666667,fraction,250,0,collision,nan,0,34.980571523293314,0.033254324000000002,0.0010000000000000041,1.0000000000000082e-06,1.7897799507509706,-0.4419421207393805,0.00052434726159125429,trajectory reached the configured collision radius
106,93,0.77573023925859752,0.7436666666666667,fraction,250,0,collision,nan,0,34.991491432236593,0.032576832,0.0010000000000000002,1.0000000000000004e-06,1.7902367977855635,-0.44194212066029309,0.00052441391581351698,trajectory reached the configured collision radius
106,94,0.77580202846689561,0.7436666666666667,fraction,250,0,collision,nan,0,35.002630343525283,0.032334673000000001,0.001,9.9999999999999995e-07,1.7906982202266499,-0.44194212058082866,0.00052448087900647039,trajectory reached the configured collision radius
107,76,0.77450982271753033,0.75983333333333336,fraction,250,0,collision,nan,0,34.94985478456848,0.033733370999999998,0.0010000000000000091,1.0000000000000182e-06,1.7908263954201462,-0.44194212038780145,0.00052464350394461248,trajectory reached the configured collision radius
107,77,0.77458161192582842,0.75983333333333336,fraction,250,0,collision,nan,0,34.959205628477307,0.034169359000000003,0.0010000000000000024,1.0000000000000048e-06,1.7912203103800381,-0.44194212032246571,0.00052469853751919526,trajectory reached the configured collision radius
107,78,0.77465340113412651,0.75983333333333336,fraction,250,0,collision,nan,0,34.968718079864715,0.031760458999999998,0.0010000000000000007,1.0000000000000014e-06,1.7916172946820368,-0.4419421202569328,0.0005247537315706299,trajectory reached the configured collision radius
107,79,0.7747251903424246,0.75983333333333336,fraction,250,0,collision,nan,0,34.978397643905517,0.032670045000000002,0.0010000000000000002,1.0000000000000004e-06,1.7920174299057052,-0.44194212019120449,0.00052480908437865597,trajectory reached the configured collision radius
107,80,0.77479697955072258,0.75983333333333336,fraction,250,0,collision,nan,0,34.988250105137254,0.033194914999999998,0.001,9.9999999999999995e-07,1.7924207998115367,-0.44194212012528339,0.00052486459362275154,trajectory reached the configured collision radius
107,81,0.77486876875902067,0.75983333333333336,fraction,250,0,collision,nan,0,34.998281546542927,0.032940830999999997,0.0010000000000000002,1.0000000000000004e-06,1.7928274903503545,-0.44194212005917299,0.00052492025630876328,trajectory reached the configured collision radius
107,82,0.77494055796731875,0.75983333333333336,fraction,250,0,collision,nan,0,35.00849837027863,0.032447802999999997,0.0010000000000000005,1.000000000000001e-06,1.7932375896617234,-0.44194211999287786,0.00052497606868663702,trajectory reached the configured collision radius
107,83,0.77501234717561684,0.75983333333333336,fraction,250,0,collision,nan,0,35.018907320245518,0.033015346000000001,0.0010000000000000013,1.0000000000000027e-06,1.7936511880604609,-0.44194211992640353,0.00052503202615845402,trajectory reached the configured collision radius
107,84,0.77508413638391493,0.75983333333333336,fraction,250,0,collision,nan,0,35.029515506671117,0.032455906,0.001000000000000005,1.0000000000000101e-06,1.7940683780071003,-0.44194211985975607,0.00052508812317498654,trajectory reached the configured collision radius
107,85,0.77515592559221302,0.75983333333333336,fraction,250,0,collision,nan,0,35.040330432950114,0.032846533999999997,0.0010000000000000065,1.0000000000000131e-06,1.794489254060587,-0.44194211979294334,0.00052514435311969956,trajectory reached the configured collision radius
107,86,0.775227714800511,0.75983333333333336,fraction,250,0,collision,nan,0,35.051360024985748,0.032532356999999998,0.0010000000000000007,1.0000000000000014e-06,1.7949139128092073,-0.44194211972597525,0.00052520070817832704,trajectory reached the configured collision radius
107,87,0.77529950400880909,0.75983333333333336,fraction,250,0,collision,nan,0,35.062612663308919,0.033281901000000003,0.001,9.9999999999999995e-07,1.7953424527749096,-0.44194211965886171,0.00052525717919190101,trajectory reached the configured collision radius
107,88,0.77537129321710718,0.75983333333333336,fraction,250,0,collision,nan,0,35.074097218312623,0.033260074000000001,0.001000000000000002,1.000000000000004e-06,1.7957749742870361,-0.44194211959161611,0.00052531375549111933,trajectory reached the configured collision radius
107,89,0.77544308242540527,0.75983333333333336,fraction,250,0,collision,nan,0,35.085823088965391,0.032725182999999998,0.0010000000000000024,1.0000000000000048e-06,1.7962115793187536,-0.44194211952425244,0.00052537042470936267,trajectory reached the configured collision radius
107,90,0.77551487163370336,0.75983333333333336,fraction,250,0,collision,nan,0,35.097800245406489,0.034190141,0.001,9.9999999999999995e-07,1.7966523712789291,-0.44194211945678868,0.00052542717257112424,trajectory reached the configured collision radius
107,91,0.77558666084200134,0.75983333333333336,fraction,250,0,collision,nan,0,35.110039275940736,0.033204614,0.0010000000000000111,1.0000000000000222e-06,1.7970974547519984,-0.44194211938924305,0.00052548398265254363,trajectory reached the configured collision radius
107,92,0.77565845005029943,0.75983333333333336,fraction,250,0,collision,nan,0,35.122551438944718,0.033029098999999999,0.001,9.9999999999999995e-07,1.7975469351745239,-0.44194211932163879,0.00052554083610953091,trajectory reached the configured collision radius
107,93,0.77573023925859752,0.75983333333333336,fraction,250,0,collision,nan,0,35.135348720340197,0.032654953,0.0010000000000000065,1.0000000000000131e-06,1.7980009184372496,-0.44194211925400129,0.00052559771136893776,trajectory reached the configured collision radius
107,94,0.77580202846689561,0.75983333333333336,fraction,250,0,collision,nan,0,35.148443897367514,0.031903519999999998,0.0010000000000000002,1.0000000000000004e-06,1.798459510397945,-0.44194211918635967,0.00052565458377666911,trajectory reached the configured collision radius
108,76,0.77450982271753033,0.77600000000000002,fraction,250,0,collision,nan,0,35.083525104292889,0.032771487000000002,0.0010000000000000005,1.000000000000001e-06,1.798604694522403,-0.44194211899014257,0.00052581952669466983,trajectory reached the configured collision radius
108,77,0.77458161192582842,0.77600000000000002,fraction,250,0,collision,nan,0,35.094313246377631,0.032764691999999998,0.0010000000000000033,1.0000000000000065e-06,1.7989850842623352,-0.44194211893684632,0.00052586431927368845,trajectory reached the configured collision radius
108,78,0.77465340113412651,0.77600000000000002,fraction,250,0,collision,nan,0,35.105314834475855,0.033016418999999998,0.0010000000000000067,1.0000000000000135e-06,1.7993684131201744,-0.44194211888363411,0.00052590903755704566,trajectory reached the configured collision radius
108,79,0.7747251903424246,0.77600000000000002,fraction,250,0,collision,nan,0,35.116538163709393,0.033351866000000001,0.0010000000000000002,1.0000000000000004e-06,1.7997547387059196,-0.44194211883052709,0.0005259536636114451,trajectory reached the configured collision radius
108,80,0.77479697955072258,0.77600000000000002,fraction,250,0,collision,nan,0,35.127992012241272,0.033841937000000002,0.001,9.9999999999999995e-07,1.8001441177945723,-0.44194211877754913,0.00052599817747942998,trajectory reached the configured collision radius
108,81,0.77486876875902067,0.77600000000000002,fraction,250,0,collision,nan,0,35.139685679303362,0.033372317999999998,0.0010000000000000067,1.0000000000000135e-06,1.8005366059487162,-0.44194211872472638,0.00052604255695433855,trajectory reached the configured collision radius
108,82,0.77494055796731875,0.77600000000000002,fraction,250,0,collision,nan,0,35.151629027074286,0.042795037000000001,0.0010000000000000002,1.0000000000000004e-06,1.8009322570768178,-0.44194211867208905,0.00052608677732759426,trajectory reached the configured collision radius
108,83,0.77501234717561684,0.77600000000000002,fraction,250,0,collision,nan,0,35.163832526818595,0.032546657,0.0010000000000000009,1.0000000000000019e-06,1.8013311229147029,-0.44194211861966881,0.00052613081110409218,trajectory reached the configured collision radius
108,84,0.77508413638391493,0.77600000000000002,fraction,250,0,collision,nan,0,35.176307309872087,0.033181785999999998,0.0010000000000000007,1.0000000000000014e-06,1.8017332524186285,-0.44194211856750315,0.00052617462768117518,trajectory reached the configured collision radius
108,85,0.77515592559221302,0.77600000000000002,fraction,250,0,collision,nan,0,35.189065224052214,0.032993538000000003,0.0010000000000000018,1.0000000000000036e-06,1.8021386910535631,-0.44194211851563259,0.00052621819298585783,trajectory reached the configured collision radius
108,86,0.775227714800511,0.77600000000000002,fraction,250,0,collision,nan,0,35.202118896251832,0.032482800999999999,0.001,9.9999999999999995e-07,1.8025474799603309,-0.44194211846410181,0.00052626146906420857,trajectory reached the configured collision radius
108,87,0.77529950400880909,0.77600000000000002,fraction,250,0,collision,nan,0,35.215481801984026,0.032727921,0.001000000000000005,1.0000000000000101e-06,1.8029596549777125,-0.44194211841296177,0.00052630441361518963,trajectory reached the configured collision radius
108,88,0.77537129321710718,0.77600000000000002,fraction,250,0,collision,nan,0,35.229168342905034,0.032644659999999999,0.0010000000000000022,1.0000000000000044e-06,1.8033752454970386,-0.44194211836226838,0.0005263469794609194,trajectory reached the configured collision radius
108,89,0.77544308242540527,0.77600000000000002,fraction,250,0,collision,nan,0,35.243193933355393,0.031705220999999999,0.0010000000000000002,1.0000000000000004e-06,1.8037942731156975,-0.44194211831208441,0.00052638911394270243,trajectory reached the configured collision radius
108,90,0.77551487163370336,0.77600000000000002,fraction,250,0,collision,nan,0,35.257575097274263,0.032590241999999998,0.001,9.9999999999999995e-07,1.8042167500550528,-0.44194211826248125,0.00052643075823117548,trajectory reached the configured collision radius
108,91,0.77558666084200134,0.77600000000000002,fraction,250,0,collision,nan,0,35.272329576992156,0.031982552999999997,0.001,9.9999999999999995e-07,1.8046426772980959,-0.44194211821353602,0.00052647184653629271,trajectory reached the configured collision radius
108,92,0.77565845005029943,0.77600000000000002,fraction,250,0,collision,nan,0,35.287476455693707,0.032448788999999999,0.001,9.9999999999999995e-07,1.8050720423936797,-0.44194211816533702,0.00052651230520022938,trajectory reached the configured collision radius
108,93,0.77573023925859752,0.77600000000000002,fraction,250,0,collision,nan,0,35.303036295649541,0.031800489000000001,0.001,9.9999999999999995e-07,1.8055048168622407,-0.44194211811798267,0.0005265520516528297,trajectory reached the configured collision radius
108,94,0.77580202846689561,0.77600000000000002,fraction,250,0,collision,nan,0,35.319031294777666,0.046572522999999998,0.0010000000000000018,1.0000000000000036e-06,1.8059409531265833,-0.44194211807158412,0.00052659099320560615,trajectory reached the configured collision radius
109,76,0.77450982271753033,0.79216666666666669,fraction,250,0,collision,nan,0,35.233912108826416,0.031655343000000002,0.0010000000000000013,1.0000000000000027e-06,1.8059477330253,-0.44194211788301785,0.00052674922388018422,trajectory reached the configured collision radius
109,77,0.77458161192582842,0.79216666666666669,fraction,250,0,collision,nan,0,35.246710095125927,0.032279573999999998,0.0010000000000000002,1.0000000000000004e-06,1.8062975976632332,-0.44194211784863779,0.00052677806763565802,trajectory reached the configured collision radius
109,78,0.77465340113412651,0.79216666666666669,fraction,250,0,collision,nan,0,35.259805413297727,0.032824115000000001,0.0010000000000000085,1.0000000000000169e-06,1.8066494126538843,-0.44194211781497966,0.00052680630463377187,trajectory reached the configured collision radius
109,79,0.7747251903424246,0.79216666666666669,fraction,250,1,collision,2.6730508462254572,2.6730508462254572,35.273211631191195,0.033840400999999999,0.0010000000000000089,1.0000000000000177e-06,1.8070031371022506,-0.44194211778211251,0.00052683387665613168,trajectory reached the configured collision radius
109,80,0.77479697955072258,0.79216666666666669,fraction,250,1,collision,2.7343832906017185,2.7343832906017185,35.286943251586308,0.032548955999999997,0.001,9.9999999999999995e-07,1.8073587179447275,-0.44194211775011272,0.00052686071951269116,trajectory reached the configured collision radius
109,81,0.77486876875902067,0.79216666666666669,fraction,250,1,collision,2.7769173907687708,2.7769173907687708,35.301015799860686,0.032640634000000002,0.001000000000000002,1.000000000000004e-06,1.807716088055219,-0.44194211771906466,0.00052688676233992682,trajectory reached the configured collision radius
109,82,0.77494055796731875,0.79216666666666669,fraction,250,1,collision,2.8127871277407337,2.8127871277407337,35.315445922171833,0.033339557999999998,0.001,9.9999999999999995e-07,1.8080751640487696,-0.44194211768906266,0.00052691192680188266,trajectory reached the configured collision radius
109,83,0.77501234717561684,0.79216666666666669,fraction,250,1,collision,2.8450500388539703,2.8450500388539703,35.330251495734608,0.031599963000000002,0.0010000000000000083,1.0000000000000165e-06,1.8084358437306571,-0.44194211766020991,0.00052693612617867069,trajectory reached the configured collision radius
109,84,0.77508413638391493,0.79216666666666669,fraction,250,1,collision,2.8750468799774276,2.8750468799774276,35.345451752990208,0.031408439000000003,0.0010000000000000059,1.0000000000000118e-06,1.8087980031253961,-0.44194211763262159,0.00052695926432345171,trajectory reached the configured collision radius
109,85,0.77515592559221302,0.79216666666666669,fraction,250,1,collision,2.9035112298152916,2.9035112298152916,35.361067421858458,0.032252173000000002,0.001,9.9999999999999995e-07,1.8091614930091489,-0.44194211760642432,0.00052698123446589932,trajectory reached the configured collision radius
109,86,0.775227714800511,0.79216666666666669,fraction,250,1,collision,2.9308994864016764,2.9308994864016764,35.37712088462505,0.032385803999999997,0.0010000000000000007,1.0000000000000014e-06,1.80952613485118,-0.44194211758176044,0.00052700191783526019,trajectory reached the configured collision radius
109,87,0.77529950400880909,0.79216666666666669,fraction,250,1,collision,2.9575214182669014,2.9575214182669014,35.39363635849795,0.031336749999999997,0.0010000000000000011,1.0000000000000023e-06,1.8098917160503598,-0.44194211755878804,0.000527021182070951,trajectory reached the configured collision radius
109,88,0.77537129321710718,0.79216666666666669,fraction,250,1,collision,2.9836013662814103,2.9836013662814103,35.410640101539315,0.031957175999999997,0.001,9.9999999999999995e-07,1.8102579843285269,-0.44194211753768337,0.00052703887938220244,trajectory reached the configured collision radius
109,89,0.77544308242540527,0.79216666666666669,fraction,250,1,collision,3.0093104470170786,3.0093104470170786,35.428160648334043,0.033611308999999999,0.0010000000000000011,1.0000000000000023e-06,1.8106246411095304,-0.44194211751864432,0.00052705484440937391,trajectory reached the configured collision radius
109,90,0.77551487163370336,0.79216666666666669,fraction,250,1,collision,3.0347850047401481,3.0347850047401481,35.446229080679728,0.033279519,0.0010000000000000005,1.000000000000001e-06,1.8109913336731858,-0.44194211750189127,0.00052706889172992016,trajectory reached the configured collision radius
109,91,0.77558666084200134,0.79216666666666669,fraction,250,1,collision,3.0601379154888622,3.0601379154888622,35.46487933984568,0.034324296999999997,0.0010000000000000076,1.0000000000000152e-06,1.8113576458263807,-0.44194211748767376,0.00052708081293869366,trajectory reached the configured collision radius
109,92,0.77565845005029943,0.79216666666666669,fraction,250,1,collision,3.0854659076357303,3.0854659076357303,35.484148588188475,0.031830654,0.0010000000000000005,1.000000000000001e-06,1.8117230867649883,-0.44194211747627177,0.00052709037321612676,trajectory reached the configured collision radius
109,93,0.77573023925859752,0.79216666666666669,fraction,250,1,collision,3.110854540517153,3.110854540517153,35.504077629885749,0.032266915,0.0010000000000000002,1.0000000000000004e-06,1.8120870777227431,-0.44194211746800127,0.00052709730727710884,trajectory reached the configured collision radius
109,94,0.77580202846689561,0.79216666666666669,fraction,250,1,collision,3.1363817493034443,3.1363817493034443,35.524711402764432,0.033590506999999999,0.0010000000000000002,1.0000000000000004e-06,1.8124489358958673,-0.44194211746322198,0.00052710131456699776,trajectory reached the configured collision radius
110,76,0.77450982271753033,0.80833333333333335,fraction,250,1,collision,3.0272702535676679,3.0272702535676679,35.404379848110892,0.031655344000000002,0.001,9.9999999999999995e-07,1.8122535363446004,-0.44194211723610699,0.00052729170215387274,trajectory reached the configured collision radius
110,77,0.77458161192582842,0.80833333333333335,fraction,250,1,collision,3.0464496580101166,3.0464496580101166,35.420098744844168,0.033177694000000001,0.0010000000000000005,1.000000000000001e-06,1.8125374792182831,-0.44194211723312798,0.00052729419886803433,trajectory reached the configured collision radius
110,78,0.77465340113412651,0.80833333333333335,fraction,250,1,collision,3.0657651274753421,3.0657651274753421,35.436260935821259,0.032012264999999998,0.0010000000000000048,1.0000000000000095e-06,1.8128201012662943,-0.44194211723230625,0.000527294887607194,trajectory reached the configured collision radius
110,79,0.7747251903424246,0.80833333333333335,fraction,250,1,collision,3.085248803014077,3.085248803014077,35.452891092767608,0.032116637000000003,0.001,9.9999999999999995e-07,1.8131010326449397,-0.44194211723383575,0.00052729360572074794,trajectory reached the configured collision radius
110,80,0.77479697955072258,0.80833333333333335,fraction,250,1,collision,3.1049323125818531,3.1049323125818531,35.470015982023341,0.032507754999999999,0.0010000000000000102,1.0000000000000205e-06,1.8133798498546299,-0.44194211723793209,0.00052729017263530267,trajectory reached the configured collision radius
110,81,0.77486876875902067,0.80833333333333335,fraction,250,1,collision,3.1248471887261555,3.1248471887261555,35.487664708410897,0.032132031999999998,0.001,9.9999999999999995e-07,1.8136560674785962,-0.44194211724483434,0.0005272843874417158,trajectory reached the configured collision radius
110,82,0.77494055796731875,0.80833333333333335,fraction,250,1,collision,3.1450252532889347,3.1450252532889347,35.50586899563929,0.032498750999999999,0.0010000000000000024,1.0000000000000048e-06,1.8139291284515395,-0.44194211725480992,0.00052727602608795929,trajectory reached the configured collision radius
110,83,0.77501234717561684,0.80833333333333335,fraction,250,1,collision,3.1654989843168155,3.1654989843168155,35.524663510108489,0.034424720999999998,0.0010000000000000022,1.0000000000000044e-06,1.8141983925545029,-0.44194211726815819,0.0005272648381007411,trajectory reached the configured collision radius
110,84,0.77508413638391493,0.80833333333333335,fraction,250,1,collision,3.1863018780698686,3.1863018780698686,35.544086236417584,0.031687816000000001,0.001,9.9999999999999995e-07,1.8144631227566577,-0.44194211728521321,0.00052725054274137284,trajectory reached the configured collision radius
110,85,0.77515592559221302,0.80833333333333335,fraction,250,1,collision,3.2074688178408897,3.2074688178408897,35.564178914811365,0.031773347,0.0010000000000000002,1.0000000000000004e-06,1.814722468930771,-0.44194211730635113,0.00052723282447831937,trajectory reached the configured collision radius
110,86,0.775227714800511,0.80833333333333335,fraction,250,1,collision,3.2290364609162805,3.2290364609162805,35.584987553250151,0.032517829999999998,0.0010000000000000018,1.0000000000000036e-06,1.8149754483472005,-0.4419421173319964,0.00052721132763090643,trajectory reached the configured collision radius
110,87,0.77529950400880909,0.80833333333333335,fraction,250,1,collision,3.2510436554221416,3.2510436554221416,35.60656302999994,0.032338007000000002,0.0010000000000000046,1.0000000000000091e-06,1.8152209221957167,-0.4419421173626274,0.00052718565000112671,trajectory reached the configured collision radius
110,88,0.77537129321710718,0.80833333333333335,fraction,250,1,collision,3.2735318996459681,3.2735318996459681,35.628961806564377,0.034519449000000001,0.0010000000000000054,1.000000000000011e-06,1.8154575671744879,-0.44194211739878841,0.00052715533526312734,trajectory reached the configured collision radius
110,89,0.77544308242540527,0.80833333333333335,fraction,250,1,collision,3.2965458583929146,3.2965458583929146,35.652246776236197,0.034129930000000003,0.0010000000000000033,1.0000000000000065e-06,1.8156838409179086,-0.44194211744109796,0.00052711986381724933,trajectory reached the configured collision radius
110,90,0.77551487163370336,0.80833333333333335,fraction,250,1,collision,3.3201339535396062,3.3201339535396062,35.676488280503428,0.033419530000000003,0.0010000000000000007,1.0000000000000014e-06,1.8158979396718347,-0.44194211749026296,0.0005270786417335265,trajectory reached the configured collision radius
110,91,0.77558666084200134,0.80833333333333335,fraction,250,1,collision,3.3443490496307557,3.3443490496307557,35.701765334771558,0.032256206000000003,0.001,9.9999999999999995e-07,1.8160977461387571,-0.441942117547095,0.00052703098730009221,trajectory reached the configured collision radius
110,92,0.77565845005029943,0.80833333333333335,fraction,250,1,collision,3.3692492606893678,3.3692492606893678,35.728167117490841,0.031992552,0.0010000000000000013,1.0000000000000027e-06,1.8162807647585382,-0.44194211761252933,0.00052697611454509115,trajectory reached the configured collision radius
110,93,0.77573023925859752,0.80833333333333335,fraction,250,1,collision,3.3948989114292325,3.3948989114292325,35.755794793686661,0.032723889999999999,0.001000000000000002,1.000000000000004e-06,1.8164440407858544,-0.44194211768764879,0.00052691311290174758,trajectory reached the configured collision radius
110,94,0.77580202846689561,0.80833333333333335,fraction,250,1,collision,3.4213696960468356,3.4213696960468356,35.784763767520438,0.032675477000000001,0.0010000000000000002,1.0000000000000004e-06,1.8165840582738286,-0.44194211777371378,0.00052684092191224597,trajectory reached the configured collision radius
111,76,0.77450982271753033,0.82450000000000001,fraction,250,1,collision,3.2572887526231957,3.2572887526231957,35.598464159580828,0.031921020000000001,0.0010000000000000009,1.0000000000000019e-06,1.8166139741613367,-0.44194211727594496,0.00052725831148429285,trajectory reached the configured collision radius
111,77,0.77458161192582842,0.82450000000000001,fraction,250,1,collision,3.2759566764821302,3.2759566764821302,35.618611949718591,0.032665699999999999,0.001,9.9999999999999995e-07,1.8167579665611986,-0.44194211732737604,0.00052721520079345222,trajectory reached the configured collision radius
111,78,0.77465340113412651,0.82450000000000001,fraction,250,1,collision,3.2950838189270417,3.2950838189270417,35.639479955249925,0.032871230000000001,0.0010000000000000039,1.0000000000000078e-06,1.8168912721164372,-0.44194211738425532,0.00052716751902226011,trajectory reached the configured collision radius
111,79,0.7747251903424246,0.82450000000000001,fraction,250,1,collision,3.314702640481678,3.314702640481678,35.661119558650064,0.031871043000000002,0.0010000000000000005,1.000000000000001e-06,1.8170124377839434,-0.44194211744712114,0.00052711481373718058,trajectory reached the configured collision radius
111,80,0.77479697955072258,0.82450000000000001,fraction,250,1,collision,3.3348486233648407,3.3348486233648407,35.683587809126806,0.045117530000000003,0.0010000000000000007,1.0000000000000014e-06,1.8171197935107661,-0.44194211751658163,0.00052705657389038381,trajectory reached the configured collision radius
111,81,0.77486876875902067,0.82450000000000001,fraction,250,1,collision,3.3555607106797738,3.3555607106797738,35.706948288587938,0.033602439999999997,0.0010000000000000005,1.000000000000001e-06,1.8172114131625643,-0.44194211759332463,0.00052699222014947515,trajectory reached the configured collision radius
111,82,0.77494055796731875,0.82450000000000001,fraction,250,1,collision,3.3768818252786468,3.3768818252786468,35.731272149824541,0.033023370000000003,0.0010000000000000039,1.0000000000000078e-06,1.8172850669012435,-0.44194211767813379,0.00052692109324147364,trajectory reached the configured collision radius
111,83,0.77501234717561684,0.82450000000000001,fraction,250,1,collision,3.3988594870290045,3.3988594870290045,35.756639369853247,0.033052557000000003,0.001,9.9999999999999995e-07,1.817338162760171,-0.4419421177719039,0.00052684243981402821,trajectory reached the configured collision radius
111,84,0.77508413638391493,0.82450000000000001,fraction,250,1,collision,3.4215465523336652,3.4215465523336652,35.783140274204783,0.031988014000000002,0.0010000000000000002,1.0000000000000004e-06,1.8173676744584737,-0.44194211787566207,0.00052675539516840208,trajectory reached the configured collision radius
111,85,0.77515592559221302,0.82450000000000001,fraction,250,1,collision,3.4450021069755592,3.4450021069755592,35.810877405806721,0.03324945,0.001000000000000002,1.000000000000004e-06,1.8173700515325468,-0.44194211799059135,0.00052665896201666181,trajectory reached the configured collision radius
111,86,0.775227714800511,0.82450000000000001,fraction,250,1,collision,3.4692925528712393,3.4692925528712393,35.839967836462961,0.034011619999999999,0.0010000000000000035,1.0000000000000069e-06,1.8173411065257734,-0.44194211811806305,0.00052655198414036208,trajectory reached the configured collision radius
111,87,0.77529950400880909,0.82450000000000001,fraction,250,1,collision,3.4944929424991753,3.4944929424991753,35.870546053133587,0.032748457000000002,0.0010000000000000013,1.0000000000000027e-06,1.8172758721040621,-0.44194211825967544,0.0005264331134450862,trajectory reached the configured collision radius
111,88,0.77537129321710718,0.82450000000000001,fraction,250,1,collision,3.5206886330943941,3.5206886330943941,35.902767599745374,0.032738164,0.001,9.9999999999999995e-07,1.8171684182993715,-0.44194211841730274,0.00052630076836855655,trajectory reached the configured collision radius
111,89,0.77544308242540527,0.82450000000000001,fraction,250,1,collision,3.547977358656091,3.547977358656091,35.936813725386926,0.032537053000000003,0.0010000000000000011,1.0000000000000023e-06,1.8170116162359555,-0.44194211859315641,0.00052615308083419059,trajectory reached the configured collision radius
111,90,0.77551487163370336,0.82450000000000001,fraction,250,1,collision,3.5764718548898857,3.5764718548898857,35.972897392566672,0.031825671,0.0010000000000000005,1.000000000000001e-06,1.8167968290420595,-0.44194211878986672,0.00052598782783421362,trajectory reached the configured collision radius
111,91,0.77558666084200134,0.82450000000000001,fraction,250,1,collision,3.6063032265704726,3.6063032265704726,36.011271153494647,0.033324999000000001,0.0010000000000000111,1.0000000000000222e-06,1.8165135022008145,-0.44194211901058839,0.00052580234209364488,trajectory reached the configured collision radius
111,92,0.77565845005029943,0.82450000000000001,fraction,250,1,collision,3.637625327836294,3.637625327836294,36.052237638727362,0.038791341999999999,0.0010000000000000059,1.0000000000000118e-06,1.8161486126952886,-0.4419421192591359,0.00052559339381506322,trajectory reached the configured collision radius
111,93,0.77573023925859752,0.82450000000000001,fraction,250,1,collision,3.6706205491879924,3.6706205491879924,36.096163773345658,0.033798438,0.0010000000000000046,1.0000000000000091e-06,1.8156859161726446,-0.44194211954017393,0.00052535703174565998,trajectory reached the configured collision radius
111,94,0.77580202846689561,0.82450000000000001,fraction,250,1,collision,3.705507597871831,3.705507597871831,36.143500434880487,0.032295346000000003,0.001,9.9999999999999995e-07,1.8151048991230687,-0.44194211985946769,0.00052508836590587434,trajectory reached the configured collision radius
112,76,0.77450982271753033,0.84066666666666667,fraction,250,1,collision,3.4457763314372709,3.4457763314372709,35.818043501877675,0.033010030000000003,0.001,9.9999999999999995e-07,1.8177868110411175,-0.44194211826244334,0.00052643078993298809,trajectory reached the configured collision radius
112,77,0.77458161192582842,0.84066666666666667,fraction,250,1,collision,3.4670294099742596,3.4670294099742596,35.845169894307496,0.034933287,0.001,9.9999999999999995e-07,1.8176396006367521,-0.4419421184097066,0.0005263071469170747,trajectory reached the configured collision radius
112,78,0.77465340113412651,0.84066666666666667,fraction,250,1,collision,3.4890663469313625,3.4890663469313625,35.873593471423682,0.031970816999999999,0.001000000000000005,1.0000000000000101e-06,1.817455946418556,-0.44194211857008842,0.00052617245651395206,trajectory reached the configured collision radius
112,79,0.7747251903424246,0.84066666666666667,fraction,250,1,collision,3.5119534834253696,3.5119534834253696,35.903440494068228,0.032906589999999999,0.0010000000000000005,1.000000000000001e-06,1.8172306788939963,-0.44194211874514439,0.00052602540301216504,trajectory reached the configured collision radius
112,80,0.77479697955072258,0.84066666666666667,fraction,250,1,collision,3.5357661066936119,3.5357661066936119,35.934856570269218,0.032246695999999998,0.001000000000000002,1.000000000000004e-06,1.8169576901544355,-0.44194211893668511,0.00052586445484702822,trajectory reached the configured collision radius
112,81,0.77486876875902067,0.84066666666666667,fraction,250,1,collision,3.5605901860339548,3.5605901860339548,35.96801082988226,0.032464027999999999,0.001,9.9999999999999995e-07,1.8166297150988744,-0.44194211914682918,0.00052568781786797175,trajectory reached the configured collision radius
112,82,0.77494055796731875,0.84066666666666667,fraction,250,1,collision,3.5865245577324227,3.5865245577324227,36.003101291546422,0.031820302000000002,0.0010000000000000002,1.0000000000000004e-06,1.8162380482791207,-0.44194211937807443,0.00052549337568121664,trajectory reached the configured collision radius
112,83,0.77501234717561684,0.84066666666666667,fraction,250,1,collision,3.6136837076165311,3.6136837076165311,36.040361855957492,0.033324344999999998,0.001,9.9999999999999995e-07,1.815772172897745,-0.44194211963338725,0.00052527861261625862,trajectory reached the configured collision radius
112,84,0.77508413638391493,0.84066666666666667,fraction,250,1,collision,3.6422013611086315,3.6422013611086315,36.080071555837542,0.03403159,0.001,9.9999999999999995e-07,1.8152192680517987,-0.4419421199163206,0.00052504051299140007,trajectory reached the configured collision radius
112,85,0.77515592559221302,0.84066666666666667,fraction,250,1,collision,3.6722351827666428,3.6722351827666428,36.122566998003428,0.033885470000000001,0.0010000000000000067,1.0000000000000135e-06,1.8145635442847059,-0.44194212023117085,0.00052477542753264709,trajectory reached the configured collision radius
112,86,0.775227714800511,0.84066666666666667,fraction,250,1,collision,3.7039730291754269,3.7039730291754269,36.168259419531026,0.033910439000000001,0.0010000000000000031,1.0000000000000061e-06,1.8137853322906077,-0.44194212058318488,0.00052447889345663505,trajectory reached the configured collision radius
112,87,0.77529950400880909,0.84066666666666667,fraction,250,1,collision,3.7376414229549657,3.7376414229549657,36.21765857899458,0.033542530000000001,0.0010000000000000113,1.0000000000000226e-06,1.8128598089032295,-0.44194212097885011,0.00052414538788702594,trajectory reached the configured collision radius
112,88,0.77537129321710718,0.84066666666666667,fraction,250,1,collision,3.7735172800910939,3.7735172800910939,36.271407061663439,0.033328507,0.001,9.9999999999999995e-07,1.8117551767689277,-0.44194212142629224,0.0005237679832039131,trajectory reached the configured collision radius
112,89,0.77544308242540527,0.84066666666666667,fraction,250,1,collision,3.8119445355991228,3.8119445355991228,36.330330975809176,0.033379226999999997,0.0010000000000000002,1.0000000000000004e-06,1.8104299975575513,-0.44194212193585047,0.00052333785449155056,trajectory reached the configured collision radius
112,90,0.77551487163370336,0.84066666666666667,fraction,250,1,collision,3.8533583836959155,3.8533583836959155,36.395517449200497,0.037147777999999999,0.001,9.9999999999999995e-07,1.8088291700698482,-0.44194212252090948,0.00052284355752989003,trajectory reached the configured collision radius
112,91,0.77558666084200134,0.84066666666666667,fraction,250,1,collision,3.8983218075156678,3.8983218075156678,36.468437973735433,0.032520891000000003,0.0010000000000000098,1.0000000000000196e-06,1.8068776544105216,-0.44194212319916137,0.00052226993918915365,trajectory reached the configured collision radius
112,92,0.77565845005029943,0.84066666666666667,fraction,250,1,collision,3.9475828507670725,3.9475828507670725,36.551154596137657,0.032580818999999997,0.0010000000000000002,1.0000000000000004e-06,1.8044702735245277,-0.44194212399456673,0.00052159643707489606,trajectory reached the configured collision radius
112,93,0.77573023925859752,0.84066666666666667,fraction,250,1,collision,4.0021688506978723,4.0021688506978723,36.646686288549816,0.032788241000000003,0.0010000000000000048,1.0000000000000095e-06,1.8014543058169037,-0.44194212494052421,0.00052079432220195543,trajectory reached the configured collision radius
112,94,0.77580202846689561,0.84066666666666667,fraction,250,1,collision,4.063551134322557,4.063551134322557,36.759712862595826,0.032628720999999999,0.0010000000000000011,1.0000000000000023e-06,1.7975979166104241,-0.44194212608522399,0.00051982203120947324,trajectory reached the configured collision radius
113,76,0.77450982271753033,0.85683333333333334,fraction,250,1,collision,3.6040119369145946,3.6040119369145946,36.056521943402416,0.031711255000000001,0.001,9.9999999999999995e-07,1.8145367270878052,-0.44194212035145464,0.00052467412022683243,trajectory reached the configured collision radius
113,77,0.77458161192582842,0.85683333333333334,fraction,250,1,collision,3.6298336057118581,3.6298336057118581,36.094682491352785,0.031770254999999997,0.0010000000000000091,1.0000000000000182e-06,1.8138227808819172,-0.44194212065947264,0.00052441460716664157,trajectory reached the configured collision radius
113,78,0.77465340113412651,0.85683333333333334,fraction,250,1,collision,3.6569993005260724,3.6569993005260724,36.135421529941759,0.031762509000000001,0.0010000000000000002,1.0000000000000004e-06,1.8130054303973475,-0.44194212099776742,0.00052412943711503722,trajectory reached the configured collision radius
113,79,0.7747251903424246,0.85683333333333334,fraction,250,1,collision,3.6856660965088528,3.6856660965088528,36.179104540772954,0.031871845000000003,0.0010000000000000002,1.0000000000000004e-06,1.8120666384570929,-0.44194212137092015,0.0005238147026760321,trajectory reached the configured collision radius
113,80,0.77479697955072258,0.85683333333333334,fraction,250,1,collision,3.7160216534277026,3.7160216534277026,36.226180792672046,0.033045999,0.0010000000000000089,1.0000000000000177e-06,1.8109839867552229,-0.4419421217845152,0.00052346563669215861,trajectory reached the configured collision radius
113,81,0.77486876875902067,0.85683333333333334,fraction,250,1,collision,3.7482929497390187,3.7482929497390187,36.277211147574761,0.032236532999999998,0.0010000000000000011,1.0000000000000023e-06,1.8097292370227267,-0.44194212224543628,0.00052307635381394638,trajectory reached the configured collision radius
113,82,0.77494055796731875,0.85683333333333334,fraction,250,1,collision,3.7827584357700763,3.7827584357700763,36.332908468573464,0.031798711,0.0010000000000000091,1.0000000000000182e-06,1.8082662711989514,-0.44194212276228595,0.00052263949018039701,trajectory reached the configured collision radius
113,83,0.77501234717561684,0.85683333333333334,fraction,250,1,collision,3.8197653730910166,3.8197653730910166,36.394198178750663,0.033447312,0.0010000000000000044,1.0000000000000086e-06,1.8065480659000919,-0.44194212334597632,0.00052214569014237479,trajectory reached the configured collision radius
113,84,0.77508413638391493,0.85683333333333334,fraction,250,1,collision,3.859755305731349,3.859755305731349,36.462312386184891,0.032040868,0.001,9.9999999999999995e-07,1.8045121140413867,-0.4419421240105938,0.00052158285731720793,trajectory reached the configured collision radius
113,85,0.77515592559221302,0.85683333333333334,fraction,250,1,collision,3.9033027919660199,3.9033027919660199,36.538942729302363,0.032412090999999997,0.0010000000000000037,1.0000000000000074e-06,1.802073249999016,-0.44194212477468614,0.00052093503214529872,trajectory reached the configured collision radius
113,86,0.775227714800511,0.85683333333333334,fraction,250,1,collision,3.9511767991392683,3.9511767991392683,36.626502273150216,0.032236602000000003,0.0010000000000000067,1.0000000000000135e-06,1.7991119284690278,-0.44194212566325131,0.00052018065999946705,trajectory reached the configured collision radius
113,87,0.77529950400880909,0.85683333333333334,fraction,250,1,collision,4.0044431148394146,4.0044431148394146,36.728605637082751,0.032400600000000002,0.0010000000000000024,1.0000000000000048e-06,1.7954540930653031,-0.44194212671087996,0.00051928983874533396,trajectory reached the configured collision radius
113,88,0.77537129321710718,0.85683333333333334,fraction,250,1,collision,4.0646465152673548,4.0646465152673548,36.851030082178831,0.032468645999999997,0.0010000000000000005,1.000000000000001e-06,1.7908344261514944,-0.44194212796684845,0.000518219843158081,trajectory reached the configured collision radius
113,89,0.77544308242540527,0.85683333333333334,fraction,250,1,collision,4.1341631131744396,4.1341631131744396,37.003884064839099,0.032682313999999997,0.0010000000000000072,1.0000000000000144e-06,1.7848240989412212,-0.44194212950323369,0.00051690794044281308,trajectory reached the configured collision radius
113,90,0.77551487163370336,0.85683333333333334,fraction,250,1,collision,4.2169644920083291,4.2169644920083291,37.207434583486226,0.032563617000000003,0.0010000000000000052,1.0000000000000105e-06,1.7766762740857021,-0.44194213142507593,0.00051526219833195085,trajectory reached the configured collision radius
113,91,0.77558666084200134,0.85683333333333334,fraction,250,1,collision,4.3205778545235702,4.3205778545235702,37.512976978507126,0.034008668999999998,0.001,9.9999999999999995e-07,1.7649839247610071,-0.44194213384976427,0.00051317832087379226,trajectory reached the configured collision radius
113,92,0.77565845005029943,0.85683333333333334,fraction,250,1,collision,4.462732566877575,4.462732566877575,38.142603908922119,0.033814737999999997,0.0010000000000000093,1.0000000000000186e-06,1.7479642222082554,-0.44194213615438527,0.00051118976003238707,trajectory reached the configured collision radius
113,93,0.77573023925859752,0.85683333333333334,fraction,250,1,outer_limit,4.7138486668666832,4.7138486668666832,7.8096153553964855,0.006947918,2.2360679774997898,5.0000000000000009,-0.80707734535744524,59.009844743816778,34.496387155365468,trajectory reached the configured outer_limit radius
113,94,0.77580202846689561,0.85683333333333334,fraction,250,0,outer_limit,nan,0,7.0319045432505227,0.0064689810000000004,2.2360679774997898,5.0000000000000009,-0.80596423590127653,59.05705173844801,34.387739828469236,trajectory reached the configured outer_limit radius
114,76,0.77450982271753033,0.873,fraction,250,1,collision,3.7126697592009581,3.7126697592009581,36.277913327312916,0.034735490000000001,0.0010000000000000076,1.0000000000000152e-06,1.807179539202205,-0.44194212318034332,0.00052228586264475949,trajectory reached the configured collision radius
114,77,0.77458161192582842,0.873,fraction,250,1,collision,3.7438343702026038,3.7438343702026038,36.331153601816993,0.032784515,0.001,9.9999999999999995e-07,1.8055864023916477,-0.44194212370325731,0.00052184320127832346,trajectory reached the configured collision radius
114,78,0.77465340113412651,0.873,fraction,250,1,collision,3.7771959314347261,3.7771959314347261,36.389508696670397,0.032391675000000002,0.001,9.9999999999999995e-07,1.8037540536532188,-0.44194212428593993,0.00052134950168403551,trajectory reached the configured collision radius
114,79,0.7747251903424246,0.873,fraction,250,1,collision,3.8131105548602067,3.8131105548602067,36.454050545915251,0.034460551999999998,0.0010000000000000018,1.0000000000000036e-06,1.8016290933515702,-0.44194212493981661,0.00052079492274973522,trajectory reached the configured collision radius
114,80,0.77479697955072258,0.873,fraction,250,1,collision,3.8520339469623401,3.8520339469623401,36.526228854684177,0.034779583000000003,0.0010000000000000024,1.0000000000000048e-06,1.7991404175726686,-0.44194212567957342,0.00052016679260721821,trajectory reached the configured collision radius
114,81,0.77486876875902067,0.873,fraction,250,1,collision,3.8945637406792275,3.8945637406792275,36.608072844935471,0.032291761000000002,0.0010000000000000002,1.0000000000000004e-06,1.7961908969690357,-0.44194212652443199,0.00051944849104967124,trajectory reached the configured collision radius
114,82,0.77494055796731875,0.873,fraction,250,1,collision,3.9415075927820848,3.9415075927820848,36.702548804634986,0.033726337000000002,0.0010000000000000013,1.0000000000000027e-06,1.7926437053288564,-0.44194212750004774,0.00051861778185843615,trajectory reached the configured collision radius
114,83,0.77501234717561684,0.873,fraction,250,1,collision,3.9939988979524519,3.9939988979524519,36.814244646504839,0.033464305999999999,0.0010000000000000078,1.0000000000000156e-06,1.7882987292108445,-0.44194212864131438,0.00051764433336499353,trajectory reached the configured collision radius
114,84,0.77508413638391493,0.873,fraction,250,1,collision,4.0537076172796676,4.0537076172796676,36.950822326672601,0.033654340999999997,0.001,9.9999999999999995e-07,1.7828495209671213,-0.44194212999620608,0.00051648629082572085,trajectory reached the configured collision radius
114,85,0.77515592559221302,0.873,fraction,250,1,collision,4.1232614926342253,4.1232614926342253,37.126578434646852,0.033580177000000003,0.0010000000000000002,1.0000000000000004e-06,1.7758003335488919,-0.44194213162877938,0.00051508745141385314,trajectory reached the configured collision radius
114,86,0.775227714800511,0.873,fraction,250,1,collision,4.2072030201086896,4.2072030201086896,37.373346232556813,0.032893577,0.0010000000000000009,1.0000000000000019e-06,1.7663075313948169,-0.44194213360310258,0.00051339069870152249,trajectory reached the configured collision radius
114,87,0.77529950400880909,0.873,fraction,250,1,collision,4.3146317012660029,4.3146317012660029,37.790675146982437,0.033112540000000003,0.0010000000000000013,1.0000000000000027e-06,1.7531268068577981,-0.44194213574581576,0.00051154286130680954,trajectory reached the configured collision radius
114,88,0.77537129321710718,0.873,fraction,250,1,collision,4.4695237086997865,4.4695237086997865,39.703959414835303,0.036091033000000002,0.0010000000000000041,1.0000000000000082e-06,1.774275336943276,-0.44194212526913018,0.00052051539509447248,trajectory reached the configured collision radius
114,89,0.77544308242540527,0.873,fraction,250,1,outer_limit,4.8320722645992964,4.8320722645992964,7.3189473070818849,0.0067591869999999998,2.2360679774997898,5.0000000000000009,-0.80680668369701503,59.015655998601602,34.454309081196271,trajectory reached the configured outer_limit radius
114,90,0.77551487163370336,0.873,fraction,250,0,outer_limit,nan,0,6.8572279720532654,0.0059706990000000003,2.2360679774997898,5.0000000000000009,-0.8057522955839318,59.068378554601253,34.373539323548137,trajectory reached the configured outer_limit radius
114,91,0.77558666084200134,0.873,fraction,250,0,outer_limit,nan,0,6.5909742118131467,0.0060581970000000004,2.2360679774997898,5.0000000000000009,-0.80488329730285824,59.116358398443758,34.319677382298558,trajectory reached the configured outer_limit radius
114,92,0.77565845005029943,0.873,fraction,250,0,outer_limit,nan,0,6.4027586778826286,0.0064610780000000003,2.2360679774997898,5.0000000000000009,-0.80420739092122595,59.155088404184795,34.281802421399959,trajectory reached the configured outer_limit radius
114,93,0.77573023925859752,0.873,fraction,250,0,outer_limit,nan,0,6.2568625899248822,0.0064229889999999996,2.2360679774997898,5.0000000000000009,-0.8036717879965658,59.186511707940227,34.253883967289248,trajectory reached the configured outer_limit radius
114,94,0.77580202846689561,0.873,fraction,250,0,outer_limit,nan,0,6.1375805742516043,0.00645366,2.2360679774997898,5.0000000000000009,-0.80323840201487395,59.21240535387534,34.232626933980519,trajectory reached the configured outer_limit radius
115,76,0.77450982271753033,0.88916666666666666,fraction,250,1,collision,3.7265261873030679,3.7265261873030679,36.383894162878548,0.031864259999999998,0.001,9.9999999999999995e-07,1.8003360318587904,-0.44194212536026189,0.00052043801416327029,trajectory reached the configured collision radius
115,77,0.77458161192582842,0.88916666666666666,fraction,250,1,collision,3.7594272594076052,3.7594272594076052,36.446656882283548,0.032955853,0.001,9.9999999999999995e-07,1.7980915392974008,-0.44194212601215849,0.00051988414625739191,trajectory reached the configured collision radius
115,78,0.77465340113412651,0.88916666666666666,fraction,250,1,collision,3.7949810382909921,3.7949810382909921,36.516652980060336,0.033765570000000002,0.0010000000000000002,1.0000000000000004e-06,1.7955046727054531,-0.44194212674081218,0.00051926436420167345,trajectory reached the configured collision radius
115,79,0.7747251903424246,0.88916666666666666,fraction,250,1,collision,3.83368522607566,3.83368522607566,36.595745927394233,0.033221135999999998,0.001,9.9999999999999995e-07,1.7924909307045047,-0.44194212756178214,0.00051856517183565759,trajectory reached the configured collision radius
115,80,0.77479697955072258,0.88916666666666666,fraction,250,1,collision,3.8762018409312451,3.8762018409312451,36.686628945884124,0.031877190999999999,0.0010000000000000057,1.0000000000000114e-06,1.7889339817353924,-0.44194212849518216,0.00051776907965897197,trajectory reached the configured collision radius
115,81,0.77486876875902067,0.88916666666666666,fraction,250,1,collision,3.9234415890345447,3.9234415890345447,36.793405323414561,0.033563068000000001,0.0010000000000000111,1.0000000000000222e-06,1.7846685199774261,-0.44194212956720191,0.00051685324650892043,trajectory reached the configured collision radius
115,82,0.77494055796731875,0.88916666666666666,fraction,250,1,collision,3.9767121398100498,3.9767121398100498,36.922785585761154,0.032740312000000001,0.0010000000000000011,1.0000000000000023e-06,1.7794508185959954,-0.44194213081155015,0.00051578815295063685,trajectory reached the configured collision radius
115,83,0.77501234717561684,0.88916666666666666,fraction,250,1,collision,4.0380004920331878,4.0380004920331878,37.086905630584781,0.032600692000000001,0.0010000000000000011,1.0000000000000023e-06,1.7729071461425931,-0.44194213226803597,0.00051453868056631222,trajectory reached the configured collision radius
115,84,0.77508413638391493,0.88916666666666666,fraction,250,1,collision,4.1105725818831207,4.1105725818831207,37.311410505715834,0.032673726,0.0010000000000000024,1.0000000000000048e-06,1.7644532443368912,-0.44194213396129772,0.00051308226088213446,trajectory reached the configured collision radius
115,85,0.77515592559221302,0.88916666666666666,fraction,250,1,collision,4.2004645758935277,4.2004645758935277,37.66809821839319,0.033107610000000003,0.001,9.9999999999999995e-07,1.7533611716277828,-0.44194213572282165,0.00051156272646484956,trajectory reached the configured collision radius
115,86,0.775227714800511,0.88916666666666666,fraction,250,1,collision,4.3212792586716811,4.3212792586716811,38.59912974990781,0.034168315999999997,0.001,9.9999999999999995e-07,1.7467827759525127,-0.44194213398134974,0.00051306498893051845,trajectory reached the configured collision radius
115,87,0.77529950400880909,0.88916666666666666,fraction,250,1,outer_limit,4.5208024347114062,4.5208024347114062,7.5225848646340507,0.006784188,2.2360679774997898,5.0000000000000009,-0.80707141000197469,59.00823991935151,34.490688863825724,trajectory reached the configured outer_limit radius
115,88,0.77537129321710718,0.88916666666666666,fraction,250,0,outer_limit,nan,0,6.9548995119592876,0.0065544389999999996,2.2360679774997898,5.0000000000000009,-0.80631393241179816,59.0390679324234,34.413139496222904,trajectory reached the configured outer_limit radius
115,89,0.77544308242540527,0.88916666666666666,fraction,250,0,outer_limit,nan,0,6.6581091892570043,0.0058138230000000001,2.2360679774997898,5.0000000000000009,-0.80548001841043937,59.083207501153865,34.356078450998389,trajectory reached the configured outer_limit radius
115,90,0.77551487163370336,0.88916666666666666,fraction,250,0,outer_limit,nan,0,6.4553886256562603,0.0065507450000000002,2.2360679774997898,5.0000000000000009,-0.80479737455470912,59.121294188562665,34.314889312892007,trajectory reached the configured outer_limit radius
115,91,0.77558666084200134,0.88916666666666666,fraction,250,0,outer_limit,nan,0,6.3010262806377,0.005959738,2.2360679774997898,5.0000000000000009,-0.80424272373010253,59.15312674146962,34.283951360121975,trajectory reached the configured outer_limit radius
115,92,0.77565845005029943,0.88916666666666666,fraction,250,0,outer_limit,nan,0,6.1761997870628811,0.0054347229999999998,2.2360679774997898,5.0000000000000009,-0.80378592776900959,59.179869184057964,34.259974583841192,trajectory reached the configured outer_limit radius
115,93,0.77573023925859752,0.88916666666666666,fraction,250,0,outer_limit,nan,0,6.0713061921424565,0.0053329780000000004,2.2360679774997898,5.0000000000000009,-0.80340427288568206,59.20257084088967,34.240964151734723,trajectory reached the configured outer_limit radius
115,94,0.77580202846689561,0.88916666666666666,fraction,250,0,outer_limit,nan,0,5.9807774350227669,0.0053197590000000003,2.2360679774997898,5.0000000000000009,-0.80308142209108468,59.222040498785404,34.225638797292106,trajectory reached the configured outer_limit radius
116,76,0.77450982271753033,0.90533333333333332,fraction,250,1,collision,3.6134508610793454,3.6134508610793454,36.271425780916374,0.032343073,0.001,9.9999999999999995e-07,1.8002127369177912,-0.44194212543531408,0.00052037427777443886,trajectory reached the configured collision radius
116,77,0.77458161192582842,0.90533333333333332,fraction,250,1,collision,3.6405894665401246,3.6405894665401246,36.323932420786591,0.032146397,0.0010000000000000002,1.0000000000000004e-06,1.7983003676833667,-0.44194212598667237,0.00051990581086645501,trajectory reached the configured collision radius
116,78,0.77465340113412651,0.90533333333333332,fraction,250,1,collision,3.6695864491425425,3.6695864491425425,36.381454210681767,0.031884752000000002,0.001,9.9999999999999995e-07,1.7961521547398764,-0.44194212659087428,0.00051939195965739371,trajectory reached the configured collision radius
116,79,0.7747251903424246,0.90533333333333332,fraction,250,1,collision,3.7007253722632121,3.7007253722632121,36.445033696717331,0.034178633999999999,0.0010000000000000033,1.0000000000000065e-06,1.793720769342442,-0.44194212725670207,0.00051882510826625414,trajectory reached the configured collision radius
116,80,0.77479697955072258,0.90533333333333332,fraction,250,1,collision,3.7343642212817412,3.7343642212817412,36.516077137399414,0.033002061999999999,0.0010000000000000002,1.0000000000000004e-06,1.7909446702309046,-0.44194212799503135,0.0005181958079419881,trajectory reached the configured collision radius
116,81,0.77486876875902067,0.90533333333333332,fraction,250,1,collision,3.7709649425299272,3.7709649425299272,36.596546361291146,0.035414420000000002,0.0010000000000000041,1.0000000000000082e-06,1.7877421326983958,-0.44194212881942513,0.00051749224807458001,trajectory reached the configured collision radius
116,82,0.77494055796731875,0.90533333333333332,fraction,250,1,collision,3.8111396521743073,3.8111396521743073,36.6892966018127,0.032461996,0.0010000000000000002,1.0000000000000004e-06,1.7840019731478107,-0.44194212974681768,0.00051669964106157234,trajectory reached the configured collision radius
116,83,0.77501234717561684,0.90533333333333332,fraction,250,1,collision,3.8557264951344554,3.8557264951344554,36.798717830690194,0.033016438000000002,0.001,9.9999999999999995e-07,1.7795687671914413,-0.44194213079801686,0.00051579974864497213,trajectory reached the configured collision radius
116,84,0.77508413638391493,0.90533333333333332,fraction,250,1,collision,3.9059219324772307,3.9059219324772307,36.932079625464354,0.032536052000000003,0.0010000000000000009,1.0000000000000019e-06,1.7742190996063187,-0.44194213199680121,0.00051477159386039448,trajectory reached the configured collision radius
116,85,0.77515592559221302,0.90533333333333332,fraction,250,1,collision,3.96353015989791,3.96353015989791,37.102771867683295,0.032476245000000001,0.0010000000000000028,1.0000000000000057e-06,1.7676262421251017,-0.44194213336214111,0.00051359808354222239,trajectory reached the configured collision radius
116,86,0.775227714800511,0.90533333333333332,fraction,250,1,collision,4.0314856265098538,4.0314856265098538,37.339951463639586,0.033687399,0.0010000000000000005,1.000000000000001e-06,1.7593403484083863,-0.44194213486450934,0.00051230369113926472,trajectory reached the configured collision radius
116,87,0.77529950400880909,0.90533333333333332,fraction,250,1,collision,4.1151270202280319,4.1151270202280319,37.730424629580803,0.035175858999999997,0.0010000000000000072,1.0000000000000144e-06,1.7492312026224974,-0.44194213611997857,0.00051121950517113955,trajectory reached the configured collision radius
116,88,0.77537129321710718,0.90533333333333332,fraction,250,1,collision,4.2261591306541693,4.2261591306541693,39.009274336063044,0.035945782000000003,0.001,9.9999999999999995e-07,1.7583946307155225,-0.44194212967864327,0.00051675794822207048,trajectory reached the configured collision radius
116,89,0.77544308242540527,0.90533333333333332,fraction,250,1,outer_limit,4.4028767507594297,4.4028767507594297,7.3944914209202608,0.007434197,2.2360679774997898,5.0000000000000009,-0.80706764980722312,59.008264137294766,34.489948120354669,trajectory reached the configured outer_limit radius
116,90,0.77551487163370336,0.90533333333333332,fraction,250,0,outer_limit,nan,0,6.8937533260614208,0.0062863620000000002,2.2360679774997898,5.0000000000000009,-0.80644582052896141,59.032548938274651,34.423454622158076,trajectory reached the configured outer_limit radius
116,91,0.77558666084200134,0.90533333333333332,fraction,250,0,outer_limit,nan,0,6.6155458032298631,0.0057877620000000001,2.2360679774997898,5.0000000000000009,-0.80571699777524342,59.070399580740059,34.371544959325874,trajectory reached the configured outer_limit radius
116,92,0.77565845005029943,0.90533333333333332,fraction,250,0,outer_limit,nan,0,6.4215625502659872,0.0057139299999999999,2.2360679774997898,5.0000000000000009,-0.80509325312063151,59.104702660808783,34.332495893904195,trajectory reached the configured outer_limit radius
116,93,0.77573023925859752,0.90533333333333332,fraction,250,0,outer_limit,nan,0,6.2722821893284832,0.005789565,2.2360679774997898,5.0000000000000009,-0.80457119406761024,59.134281815790068,34.302280989956564,trajectory reached the configured outer_limit radius
116,94,0.77580202846689561,0.90533333333333332,fraction,250,0,outer_limit,nan,0,6.1507803843308677,0.0065518549999999997,2.2360679774997898,5.0000000000000009,-0.80413153146229244,59.15970443990556,34.278296144686287,trajectory reached the configured outer_limit radius
117,76,0.77450982271753033,0.92149999999999999,fraction,250,1,collision,3.4083807090544833,3.4083807090544833,35.990312997190514,0.034956792,0.0010000000000000002,1.0000000000000004e-06,1.8058416510591755,-0.44194212379277803,0.00052176738198109532,trajectory reached the configured collision radius
117,77,0.77458161192582842,0.92149999999999999,fraction,250,1,collision,3.4268750809018154,3.4268750809018154,36.024415682470426,0.031559825,0.001,9.9999999999999995e-07,1.8046775684034924,-0.44194212415203404,0.00052146299964582162,trajectory reached the configured collision radius
117,78,0.77465340113412651,0.92149999999999999,fraction,250,1,collision,3.4462610203419177,3.4462610203419177,36.060613008301011,0.031469115999999998,0.0010000000000000035,1.0000000000000069e-06,1.8034167286499772,-0.44194212453472087,0.00052113857005671774,trajectory reached the configured collision radius
117,79,0.7747251903424246,0.92149999999999999,fraction,250,1,collision,3.4666263449721373,3.4666263449721373,36.099171799966513,0.031431450999999999,0.001,9.9999999999999995e-07,1.8020462145567293,-0.44194212494354124,0.00052079176197267489,trajectory reached the configured collision radius
117,80,0.77479697955072258,0.92149999999999999,fraction,250,1,collision,3.4880731825789888,3.4880731825789888,36.140413344225763,0.031543870000000002,0.001,9.9999999999999995e-07,1.800550621598533,-0.44194212538164912,0.00052041985255734541,trajectory reached the configured collision radius
117,81,0.77486876875902067,0.92149999999999999,fraction,250,1,collision,3.5107213591036395,3.5107213591036395,36.184729317216956,0.031481185000000002,0.0010000000000000018,1.0000000000000036e-06,1.7989114086095368,-0.44194212585274745,0.00052001964038117542,trajectory reached the configured collision radius
117,82,0.77494055796731875,0.92149999999999999,fraction,250,1,collision,3.5347128733535786,3.5347128733535786,36.232604000856462,0.033626080000000003,0.001,9.9999999999999995e-07,1.7971060282750038,-0.44194212636121644,0.00051958733483736504,trajectory reached the configured collision radius
117,83,0.77501234717561684,0.92149999999999999,fraction,250,1,collision,3.5602179115108457,3.5602179115108457,36.284646023831726,0.032701102000000003,0.0010000000000000041,1.0000000000000082e-06,1.7951067437906505,-0.44194212691227253,0.00051911841511554572,trajectory reached the configured collision radius
117,84,0.77508413638391493,0.92149999999999999,fraction,250,1,collision,3.5874430947552152,3.5874430947552152,36.34163499109772,0.031706007000000001,0.0010000000000000024,1.0000000000000048e-06,1.7928789894123189,-0.44194212751217127,0.00051860745062493518,trajectory reached the configured collision radius
117,85,0.77515592559221302,0.92149999999999999,fraction,250,1,collision,3.6166430511503886,3.6166430511503886,36.404592256059338,0.032472195000000002,0.001,9.9999999999999995e-07,1.7903790545114708,-0.44194212816846418,0.00051804787502960519,trajectory reached the configured collision radius
117,86,0.775227714800511,0.92149999999999999,fraction,250,1,collision,3.648137089314655,3.648137089314655,36.47489258277156,0.032949684,0.0010000000000000002,1.0000000000000004e-06,1.7875507432633277,-0.44194212889030571,0.00051743171188642985,trajectory reached the configured collision radius
117,87,0.77529950400880909,0.92149999999999999,fraction,250,1,collision,3.6823339849129395,3.6823339849129395,36.554448784432921,0.034169690000000003,0.001,9.9999999999999995e-07,1.7843204539130268,-0.44194212968878632,0.00051674927374030532,trajectory reached the configured collision radius
117,88,0.77537129321710718,0.92149999999999999,fraction,250,1,collision,3.719770224637017,3.719770224637017,36.646035261933008,0.034438807000000002,0.0010000000000000009,1.0000000000000019e-06,1.7805897939419695,-0.44194213057716936,0.00051598893807967459,trajectory reached the configured collision radius
117,89,0.77544308242540527,0.92149999999999999,fraction,250,1,collision,3.7611717409310312,3.7611717409310312,36.753898304261497,0.033748489999999999,0.001,9.9999999999999995e-07,1.7762244186238447,-0.44194213157058615,0.0005151373786183187,trajectory reached the configured collision radius
117,90,0.77551487163370336,0.92149999999999999,fraction,250,1,collision,3.8075593163742099,3.8075593163742099,36.885024865051243,0.033493758999999998,0.001,9.9999999999999995e-07,1.7710377645268609,-0.44194213268360694,0.00051418161885512031,trajectory reached the configured collision radius
117,91,0.77558666084200134,0.92149999999999999,fraction,250,1,collision,3.8604419300503312,3.8604419300503312,37.052161883017469,0.033881888999999998,0.001,9.9999999999999995e-07,1.764772710901449,-0.44194213391943232,0.00051311832018724902,trajectory reached the configured collision radius
117,92,0.77565845005029943,0.92149999999999999,fraction,250,1,collision,3.9222069126081807,3.9222069126081807,37.28262513285916,0.033334853999999997,0.0010000000000000057,1.0000000000000114e-06,1.7571242591697032,-0.44194213522067133,0.00051199635306836092,trajectory reached the configured collision radius
117,93,0.77573023925859752,0.92149999999999999,fraction,250,1,collision,3.9970203422890034,3.9970203422890034,37.65504225227992,0.033436818,0.001,9.9999999999999995e-07,1.7482733247568085,-0.44194213617089778,0.00051117548395053275,trajectory reached the configured collision radius
117,94,0.77580202846689561,0.92149999999999999,fraction,250,1,collision,4.093382238903116,4.093382238903116,38.718543209386759,0.034585345000000003,0.0010000000000000089,1.0000000000000177e-06,1.7538361064513037,-0.4419421311604475,0.00051548912086286881,trajectory reached the configured collision radius
118,76,0.77450982271753033,0.93766666666666665,fraction,250,1,collision,3.1720468603997398,3.1720468603997398,35.656959031162096,0.031569971000000002,0.00100000000000001,1.0000000000000201e-06,1.8128911744529028,-0.44194212159176544,0.00052362834267954386,trajectory reached the configured collision radius
118,77,0.77458161192582842,0.93766666666666665,fraction,250,1,collision,3.1838002216023225,3.1838002216023225,35.677939262739834,0.031908276999999999,0.0010000000000000022,1.0000000000000044e-06,1.8122358545816624,-0.44194212181314024,0.00052344146888047669,trajectory reached the configured collision radius
118,78,0.77465340113412651,0.93766666666666665,fraction,250,1,collision,3.1959517174727123,3.1959517174727123,35.699724535585297,0.032234102000000001,0.0010000000000000009,1.0000000000000019e-06,1.8115460740641918,-0.44194212204361771,0.00052324684056566546,trajectory reached the configured collision radius
118,79,0.7747251903424246,0.93766666666666665,fraction,250,1,collision,3.2085261493316586,3.2085261493316586,35.722376495957953,0.031286963000000001,0.0010000000000000011,1.0000000000000023e-06,1.8108188461951416,-0.44194212228389806,0.00052304385677185588,trajectory reached the configured collision radius
118,80,0.77479697955072258,0.93766666666666665,fraction,250,1,collision,3.2215507811354307,3.2215507811354307,35.745964118908859,0.032007596999999999,0.0010000000000000041,1.0000000000000082e-06,1.8100508209009043,-0.44194212253475978,0.00052283185016022908,trajectory reached the configured collision radius
118,81,0.77486876875902067,0.93766666666666665,fraction,250,1,collision,3.2350556859582742,3.2350556859582742,35.770564918985308,0.032300210000000003,0.0010000000000000048,1.0000000000000095e-06,1.8092382266167661,-0.44194212279706835,0.00052261007734781875,trajectory reached the configured collision radius
118,82,0.77494055796731875,0.93766666666666665,fraction,250,1,collision,3.2490741567596935,3.2490741567596935,35.796266421970898,0.032332468000000003,0.001,9.9999999999999995e-07,1.8083768004052359,-0.44194212307179176,0.00052237770746826288,trajectory reached the configured collision radius
118,83,0.77501234717561684,0.93766666666666665,fraction,250,1,collision,3.2636431964437134,3.2636431964437134,35.823167968222499,0.031880741999999997,0.001000000000000005,1.0000000000000101e-06,1.8074617033942584,-0.44194212336001421,0.00052213380856986106,trajectory reached the configured collision radius
118,84,0.77508413638391493,0.93766666666666665,fraction,250,1,collision,3.2788041066159774,3.2788041066159774,35.851382941660205,0.031601564999999998,0.001,9.9999999999999995e-07,1.8064874177363051,-0.44194212366295549,0.00052187733135570461,trajectory reached the configured collision radius
118,85,0.77515592559221302,0.93766666666666665,fraction,250,1,collision,3.2946032001082939,3.2946032001082939,35.881041550856025,0.032537692,0.0010000000000000005,1.000000000000001e-06,1.805447620114651,-0.4419421239819939,0.00052160708964125199,trajectory reached the configured collision radius
118,86,0.775227714800511,0.93766666666666665,fraction,250,1,collision,3.3110926703871812,3.3110926703871812,35.912294335184775,0.032044274999999997,0.0010000000000000009,1.0000000000000019e-06,1.8043350251973584,-0.44194212431869245,0.00052132173673171192,trajectory reached the configured collision radius
118,87,0.77529950400880909,0.93766666666666665,fraction,250,1,collision,3.3283316616118683,3.3283316616118683,35.945316635214567,0.032022340000000003,0.001,9.9999999999999995e-07,1.8031411902144621,-0.44194212467483329,0.00052101973670379699,trajectory reached the configured collision radius
118,88,0.77537129321710718,0.93766666666666665,fraction,250,1,collision,3.3463875984711997,3.3463875984711997,35.980314364481799,0.031600575999999998,0.0010000000000000013,1.0000000000000027e-06,1.8018562686851025,-0.44194212505245584,0.00052069932928753594,trajectory reached the configured collision radius
118,89,0.77544308242540527,0.93766666666666665,fraction,250,1,collision,3.3653378563502039,3.3653378563502039,36.017531565559388,0.031092957000000001,0.001,9.9999999999999995e-07,1.800468696869975,-0.44194212545390776,0.00052035848667847894,trajectory reached the configured collision radius
118,90,0.77551487163370336,0.93766666666666665,fraction,250,1,collision,3.3852718833781092,3.3852718833781092,36.057260456186462,0.032015253,0.001,9.9999999999999995e-07,1.7989647901021999,-0.44194212588190496,0.00051999486014932879,trajectory reached the configured collision radius
118,91,0.77558666084200134,0.93766666666666665,fraction,250,1,collision,3.406293931675163,3.406293931675163,36.099855020359939,0.031260843000000003,0.0010000000000000005,1.000000000000001e-06,1.7973282167400471,-0.44194212633960833,0.00051960571376920002,trajectory reached the configured collision radius
118,92,0.77565845005029943,0.93766666666666665,fraction,250,1,collision,3.4285266235220777,3.4285266235220777,36.145749760192857,0.032464287000000001,0.001,9.9999999999999995e-07,1.7955393035146217,-0.44194212683071632,0.00051918784192381555,trajectory reached the configured collision radius
118,93,0.77573023925859752,0.93766666666666665,fraction,250,1,collision,3.4521156833507209,3.4521156833507209,36.195486154662696,0.033398538999999998,0.001,9.9999999999999995e-07,1.7935741049421008,-0.44194212735958138,0.00051873746681005471,trajectory reached the configured collision radius
118,94,0.77580202846689561,0.93766666666666665,fraction,250,1,collision,3.4772363321996651,3.4772363321996651,36.249750968964264,0.032063687,0.001,9.9999999999999995e-07,1.7914031371258068,-0.44194212793135401,0.00051825011210976238,trajectory reached the configured collision radius
119,76,0.77450982271753033,0.95383333333333331,fraction,250,1,collision,2.9392052478046895,2.9392052478046895,35.325687122774262,0.031867692000000003,0.0010000000000000005,1.000000000000001e-06,1.8197789593433489,-0.44194211930602967,0.00052555396210730453,trajectory reached the configured collision radius
119,77,0.77458161192582842,0.95383333333333331,fraction,250,1,collision,2.9465651632315226,2.9465651632315226,35.339076310448206,0.032529008999999998,0.001,9.9999999999999995e-07,1.8193803553335031,-0.44194211945248529,0.00052543079208666765,trajectory reached the configured collision radius
119,78,0.77465340113412651,0.95383333333333331,fraction,250,1,collision,2.9541141842447041,2.9541141842447041,35.352805383028389,0.031360905000000001,0.0010000000000000007,1.0000000000000014e-06,1.8189688202414533,-0.44194211960261226,0.0005253045043667943,trajectory reached the configured collision radius
119,79,0.7747251903424246,0.95383333333333331,fraction,250,1,collision,2.961860315949068,2.961860315949068,35.366891143525855,0.031555565000000001,0.0010000000000000111,1.0000000000000222e-06,1.8185435999985122,-0.4419421197566053,0.00052517493303687421,trajectory reached the configured collision radius
119,80,0.77479697955072258,0.95383333333333331,fraction,250,1,collision,2.969812080816193,2.969812080816193,35.381351656550592,0.033114024999999998,0.0010000000000000002,1.0000000000000004e-06,1.818103878758069,-0.44194211991467358,0.00052504189963554593,trajectory reached the configured collision radius
119,81,0.77486876875902067,0.95383333333333331,fraction,250,1,collision,2.9779785652037689,2.9779785652037689,35.396206377687577,0.031021103000000001,0.001,9.9999999999999995e-07,1.8176487723852808,-0.44194212007704187,0.00052490521191788471,trajectory reached the configured collision radius
119,82,0.77494055796731875,0.95383333333333331,fraction,250,1,collision,2.9863694713052684,2.9863694713052684,35.411476299890204,0.031004193999999999,0.0010000000000000098,1.0000000000000196e-06,1.8171773210967561,-0.44194212024395357,0.00052476466247147497,trajectory reached the configured collision radius
119,83,0.77501234717561684,0.95383333333333331,fraction,250,1,collision,2.9949951753431625,2.9949951753431625,35.427184119689393,0.030885082000000001,0.001,9.9999999999999995e-07,1.8166884811148154,-0.44194212041567066,0.00052462002715931413,trajectory reached the configured collision radius
119,84,0.77508413638391493,0.95383333333333331,fraction,250,1,collision,3.0038667929088638,3.0038667929088638,35.44335442647801,0.031640239000000001,0.0010000000000000048,1.0000000000000095e-06,1.8161811151790794,-0.44194212059247717,0.00052447106336369492,trajectory reached the configured collision radius
119,85,0.77515592559221302,0.95383333333333331,fraction,250,1,collision,3.0129962525696121,3.0129962525696121,35.460013918877259,0.030753580999999999,0.001,9.9999999999999995e-07,1.8156539817239488,-0.4419421207746812,0.00052431750799976915,trajectory reached the configured collision radius
119,86,0.775227714800511,0.95383333333333331,fraction,250,1,collision,3.0223963790252317,3.0223963790252317,35.477191652937158,0.032178288999999999,0.0010000000000000085,1.0000000000000169e-06,1.8151057224966143,-0.44194212096261626,0.00052415907526281893,trajectory reached the configured collision radius
119,87,0.77529950400880909,0.95383333333333331,fraction,250,1,collision,3.0320809873638601,3.0320809873638601,35.494919327978792,0.030608597000000001,0.001,9.9999999999999995e-07,1.8145348483424772,-0.44194212115664655,0.00052399545406573095,trajectory reached the configured collision radius
119,88,0.77537129321710718,0.95383333333333331,fraction,250,1,collision,3.0420649902870749,3.0420649902870749,35.513231617174796,0.031096550000000001,0.0010000000000000009,1.0000000000000019e-06,1.8139397228288519,-0.4419421213571682,0.00052382630511515354,trajectory reached the configured collision radius
119,89,0.77544308242540527,0.95383333333333331,fraction,250,1,collision,3.0523645204722309,3.0523645204722309,35.53216655146489,0.031616644999999999,0.0010000000000000085,1.0000000000000169e-06,1.8133185433089736,-0.44194212156461443,0.00052365125756500056,trajectory reached the configured collision radius
119,90,0.77551487163370336,0.95383333333333331,fraction,250,1,collision,3.0629970708383008,3.0629970708383008,35.551765967620469,0.031571069,0.0010000000000000009,1.0000000000000019e-06,1.8126693189375889,-0.44194212177945941,0.00052346990517263079,trajectory reached the configured collision radius
119,91,0.77558666084200134,0.95383333333333331,fraction,250,1,collision,3.0739816558874731,3.0739816558874731,35.572076033619197,0.032896165999999998,0.001,9.9999999999999995e-07,1.8119898450437371,-0.44194212200222316,0.00052328180186932464,trajectory reached the configured collision radius
119,92,0.77565845005029943,0.95383333333333331,fraction,250,1,collision,3.0853389981637771,3.0853389981637771,35.593147868035736,0.033286543000000002,0.001,9.9999999999999995e-07,1.8112776731229421,-0.44194212223347845,0.00052308645663588316,trajectory reached the configured collision radius
119,93,0.77573023925859752,0.95383333333333331,fraction,250,1,collision,3.0970917446936248,3.0970917446936248,35.615038274344229,0.032594708999999999,0.001,9.9999999999999995e-07,1.8105300755359928,-0.44194212247385722,0.00052288332755220576,trajectory reached the configured collision radius
119,94,0.77580202846689561,0.95383333333333331,fraction,250,1,collision,3.1092647194637082,3.1092647194637082,35.637810616720451,0.032804051000000001,0.0010000000000000005,1.000000000000001e-06,1.8097440037743373,-0.44194212272405742,0.00052267181485957429,trajectory reached the configured collision radius
120,76,0.77450982271753033,0.96999999999999997,fraction,250,1,collision,2.7192652321903696,2.7192652321903696,35.002128235248833,0.032326157000000001,0.001,9.9999999999999995e-07,1.8268134784651795,-0.44194211685330614,0.00052761244360867898,trajectory reached the configured collision radius
120,77,0.77458161192582842,0.96999999999999997,fraction,250,1,collision,2.7238029019354206,2.7238029019354206,35.011133778858323,0.031491435999999998,0.001,9.9999999999999995e-07,1.8265370315464131,-0.44194211696230573,0.00052752113476393079,trajectory reached the configured collision radius
120,78,0.77465340113412651,0.96999999999999997,fraction,250,1,collision,2.7284367646354517,2.7284367646354517,35.02029988089248,0.031789355999999998,0.001,9.9999999999999995e-07,1.8262551355499979,-0.4419421170729253,0.00052742845296486986,trajectory reached the configured collision radius
120,79,0.7747251903424246,0.96999999999999997,fraction,250,1,collision,2.7331698423893718,2.7331698423893718,35.029632068235266,0.032287800999999998,0.0010000000000000005,1.000000000000001e-06,1.8259675742471204,-0.4419421171852243,0.00052733434681733393,trajectory reached the configured collision radius
120,80,0.77479697955072258,0.96999999999999997,fraction,250,1,collision,2.7380052950222424,2.7380052950222424,35.039136151755116,0.031696417999999997,0.0010000000000000011,1.0000000000000023e-06,1.8256741186917183,-0.4419421172992678,0.00052723876210659742,trajectory reached the configured collision radius
120,81,0.77486876875902067,0.96999999999999997,fraction,250,1,collision,2.7429464286150229,2.7429464286150229,35.048818245985146,0.031844747999999999,0.001000000000000002,1.000000000000004e-06,1.8253745262692094,-0.4419421174151224,0.00052714164159866955,trajectory reached the configured collision radius
120,82,0.77494055796731875,0.96999999999999997,fraction,250,1,collision,2.7479967047167282,2.7479967047167282,35.058684790541918,0.033729156000000003,0.0010000000000000033,1.0000000000000065e-06,1.8250685396582258,-0.44194211753285906,0.00052704292482431189,trajectory reached the configured collision radius
120,83,0.77501234717561684,0.96999999999999997,fraction,250,1,collision,2.7531597502922383,2.7531597502922383,35.068742573449022,0.033223832000000002,0.0010000000000000039,1.0000000000000078e-06,1.8247558856960808,-0.44194211765255309,0.00052694254784417343,trajectory reached the configured collision radius
120,84,0.77508413638391493,0.96999999999999997,fraction,250,1,collision,2.7584393685052842,2.7584393685052842,35.078998756609842,0.032353906000000002,0.0010000000000000041,1.0000000000000082e-06,1.8244362741370503,-0.44194211777428444,0.00052684044299279402,trajectory reached the configured collision radius
120,85,0.77515592559221302,0.96999999999999997,fraction,250,1,collision,2.7638395503925381,2.7638395503925381,35.08946090363137,0.034540179999999997,0.0010000000000000039,1.0000000000000078e-06,1.8241093962914812,-0.44194211789813709,0.00052673653859936257,trajectory reached the configured collision radius
120,86,0.775227714800511,0.96999999999999997,fraction,250,1,collision,2.7693644875397117,2.7693644875397117,35.100137010289949,0.033168754000000002,0.0010000000000000026,1.0000000000000052e-06,1.8237749235322336,-0.4419421180242003,0.00052663075868278407,trajectory reached the configured collision radius
120,87,0.77529950400880909,0.96999999999999997,fraction,250,1,collision,2.7750185858722998,2.7750185858722998,35.111035537954628,0.031780830000000003,0.0010000000000000015,1.0000000000000031e-06,1.8234325056526794,-0.44194211815256829,0.00052652302261790612,trajectory reached the configured collision radius
120,88,0.77537129321710718,0.96999999999999997,fraction,250,1,collision,2.7808064806480681,2.7808064806480681,35.122165450275411,0.032288732000000001,0.0010000000000000005,1.000000000000001e-06,1.8230817690590484,-0.44194211828334234,0.00052641324477001685,trajectory reached the configured collision radius
120,89,0.77544308242540527,0.96999999999999997,fraction,250,1,collision,2.7867330528249457,2.7867330528249457,35.133536253584616,0.03195924,0.0010000000000000002,1.0000000000000004e-06,1.8227223147767406,-0.44194211841662928,0.0005263013340937523,trajectory reached the configured collision radius
120,90,0.77551487163370336,0.96999999999999997,fraction,250,1,collision,2.792803446923195,2.792803446923195,35.145158041423294,0.033114563999999999,0.001,9.9999999999999995e-07,1.82235371624795,-0.44194211855254201,0.00052618719369224856,trajectory reached the configured collision radius
120,91,0.77558666084200134,0.96999999999999997,fraction,250,1,collision,2.7990230905774287,2.7990230905774287,35.157041543743205,0.032578531000000001,0.001,9.9999999999999995e-07,1.8219755168944403,-0.44194211869120287,0.0005260707203320283,trajectory reached the configured collision radius
120,92,0.77565845005029943,0.96999999999999997,fraction,250,1,collision,2.8053977159563384,2.8053977159563384,35.169198181361644,0.032791842000000002,0.0010000000000000009,1.0000000000000019e-06,1.821587227415312,-0.44194211883274037,0.00052595180390799592,trajectory reached the configured collision radius
120,93,0.77573023925859752,0.96999999999999997,fraction,250,1,collision,2.8119333832830562,2.8119333832830562,35.181640126371526,0.032747141,0.0010000000000000072,1.0000000000000144e-06,1.821188322785396,-0.44194211897729263,0.00052583032685261911,trajectory reached the configured collision radius
120,94,0.77580202846689561,0.96999999999999997,fraction,250,1,collision,2.8186365067118522,2.8186365067118522,35.194380369308568,0.032714563000000002,0.0010000000000000028,1.0000000000000057e-06,1.8207782389143823,-0.44194211912500658,0.00052570616348205268,trajectory reached the configured collision radius
