x_index,fraction_index,leaf_path,subdivision_depth,x0_lo,x0_hi,fraction_lo,fraction_hi,admissible,forbidden,resolved,completed_returns,requested_returns,status,event_type,event_index,positive_return_index,tau_lo,tau_hi,clock_lo,clock_hi,x_lo,x_hi,xdot_lo,xdot_hi,ydot_lo,ydot_hi,transversality_lo,transversality_hi,R_lo,R_hi,h_lo,h_hi,event_energy_residual_lo,event_energy_residual_hi,speed_squared_lo,speed_squared_hi,energy_graph_residual_lo,energy_graph_residual_hi,event_scan_nodes,solver_step_retries,message
42,0,r,0,0.79162975416641179,0.79162975416641268,-0.90000000000000013,-0.89999999999999991,1,0,1,0,1,validated_inner_limit_inward,validated_inner_limit_inward,0,-1,34.202929488158546,34.202929488308456,34.202929488158546,34.202929488308456,-1.8419638775034127e-07,-1.8419638771108746e-07,80899179.230038032,80899179.251426443,-434474896.68677825,-434474896.6197114,-0.0002209710665948899,-0.00022097106658379762,0.0009999999999749595,0.0010000000000250405,-2.3914368938607162,-2.3914368938607122,-1.144166350514e-14,1.1442808790271892e-14,0.00021248372635514922,0.00021248372635518039,-1.5693826446727677e-17,1.5680273919571608e-17,41046,0,validated_inner_limit_inward: first event is the inner study limit; this is not a collision proof
42,1,r,0,0.79162975416641179,0.79162975416641268,-0.84375000000000022,-0.84374999999999978,1,0,1,0,1,validated_inner_limit_inward,validated_inner_limit_inward,0,-1,34.411021246382347,34.411021246555144,34.411021246382347,34.411021246555144,-1.8102941527097489e-07,-1.8102941522251611e-07,79499234.314693719,79499234.340861276,-434733234.06421715,-434733233.98378849,-0.00022097106658171847,-0.00022097106656844524,0.00099999999997002855,0.0010000000000299715,-2.3914368938607162,-2.3914368938607122,-1.2565764361832051e-14,1.1859142419694977e-14,0.00021248372635514922,0.00021248372635518039,-1.5734484028195883e-17,1.5720931501039814e-17,41295,0,validated_inner_limit_inward: first event is the inner study limit; this is not a collision proof
42,2,r,0,0.79162975416641179,0.79162975416641268,-0.78750000000000031,-0.78749999999999987,1,0,1,0,1,validated_inner_limit_inward,validated_inner_limit_inward,0,-1,34.686240425401714,34.686240425615651,34.686240425401714,34.686240425615651,-1.8210965084907769e-07,-1.8210965078702485e-07,79975653.528701797,79975653.562324807,-434645841.93220615,-434645841.82794547,-0.00022097106594180606,-0.00022097106592459237,0.00099999999996110882,0.0010000000000388912,-2.3914368938607162,-2.3914368938607122,-1.1594320354046097e-14,1.1484441081481043e-14,0.00021248372635514922,0.00021248372635518039,-1.5707378973883745e-17,1.5707378973883745e-17,41625,0,validated_inner_limit_inward: first event is the inner study limit; this is not a collision proof
42,3,r,0,0.79162975416641179,0.79162975416641268,-0.73125000000000018,-0.73124999999999973,1,0,1,0,1,validated_inner_limit_inward,validated_inner_limit_inward,0,-1,35.132080803924204,35.13208080425327,35.132080803924204,35.13208080425327,-1.9228235489192182e-07,-1.9228235480341042e-07,84469296.210307777,84469296.260202512,-433794941.29257864,-433794941.1223622,-0.00022097106410081361,-0.00022097106407247718,0.00099999999993593994,0.0010000000000640601,-2.3914368938607162,-2.3914368938607122,-1.1330645646595621e-14,1.1359537931664465e-14,0.00021248372635514922,0.00021248372635518039,-1.5707378973883745e-17,1.5707378973883745e-17,42159,0,validated_inner_limit_inward: first event is the inner study limit; this is not a collision proof
42,4,r,0,0.79162975416641179,0.79162975416641268,-0.67500000000000027,-0.67499999999999982,1,0,1,1,1,validated_requested_returns,validated_negative_half_crossing,0,0,3.1189749099576067,3.1189749107386575,3.1189749099576067,3.1189749107386575,0.79077254432827404,0.79077254434052913,-0.0059373689485325513,-0.0059373689117310823,-0.01285537786002847,-0.012855377817545584,-0.01285537786002847,-0.012855377817545584,0.88925392567493011,0.88925392568182071,-2.3914368938607162,-2.3914368938607122,-5.9424243303851654e-11,5.9424021259246729e-11,0.00021248372635514922,0.00021248372635518039,-1.5734484028195883e-17,1.5693826446727677e-17,5361,0,validated_negative_half_crossing: all requested positive returns were rigorously enclosed
42,4,r,0,0.79162975416641179,0.79162975416641268,-0.67500000000000027,-0.67499999999999982,1,0,1,1,1,validated_requested_returns,validated_positive_return,1,0,4.4641102102208325,4.4641102155578816,4.4641102102208325,4.4641102155578816,0.77538896931191015,0.77538896951991965,-0.047134337743643596,-0.047134337181216596,0.022647840079113052,0.022647840758917084,0.022647840079113052,0.022647840758917084,0.88056173509408764,0.88056173521219938,-2.3914368938607162,-2.3914368938607122,-9.5327989946270009e-10,9.5327923332888531e-10,0.00021248372635514922,0.00021248372635518039,-1.5734484028195883e-17,1.5693826446727677e-17,5361,0,validated_positive_return: all requested positive returns were rigorously enclosed
42,5,r,0,0.79162975416641179,0.79162975416641268,-0.61875000000000024,-0.6187499999999998,1,0,1,0,1,validated_outer_limit_outward,validated_negative_half_crossing,0,0,2.4659371930797369,2.465937193223958,2.4659371930797369,2.465937193223958,0.80100798843024335,0.80100798843574894,0.025908343074504812,0.025908343088830436,-0.026379463735354589,-0.026379463716598314,-0.026379463735354589,-0.026379463716598314,0.8949904962792864,0.89499049628236216,-2.3914368938607162,-2.3914368938607122,-2.7418289860747791e-11,2.7416069414698541e-11,0.00021248372635514922,0.00021248372635518039,-1.5720931501039814e-17,1.5707378973883745e-17,5664,0,validated_negative_half_crossing: trajectory box reached the outer study limit; this is not an escape proof
42,5,r,0,0.79162975416641179,0.79162975416641268,-0.61875000000000024,-0.6187499999999998,1,0,1,0,1,validated_outer_limit_outward,validated_outer_limit_outward,1,-1,4.7174698186502066,4.7174698191690085,4.7174698186502066,4.7174698191690085,3.4694189796297006,3.4694192066316552,2.2906664634969434,2.2906678490081389,-5.1485328072736269,-5.1485317017567498,66.210594303994654,66.21060248155402,2.2360679527335532,2.2360680022660269,-2.3914368938607162,-2.3914368938607122,-0.0007931376418923719,0.00079313761335697563,0.00021248372635514922,0.00021248372635518039,-1.5720931501039814e-17,1.5707378973883745e-17,5664,0,validated_outer_limit_outward: trajectory box reached the outer study limit; this is not an escape proof
42,6,r,0,0.79162975416641179,0.79162975416641268,-0.56250000000000022,-0.56249999999999978,1,0,1,0,1,validated_outer_limit_outward,validated_negative_half_crossing,0,0,2.2252091414759714,2.2252091415714168,2.2252091414759714,2.2252091415714168,0.80422845685239874,0.80422845685674116,0.036382818732010602,0.036382818743402594,-0.02942323813877195,-0.029423238124133971,-0.02942323813877195,-0.029423238124133971,0.89678785498711944,0.8967878549895405,-2.3914368938607162,-2.3914368938607122,-2.1798118865490324e-11,2.1795010241021373e-11,0.00021248372635514922,0.00021248372635518039,-1.5707378973883745e-17,1.5693826446727677e-17,5118,0,validated_negative_half_crossing: trajectory box reached the outer study limit; this is not an escape proof
42,6,r,0,0.79162975416641179,0.79162975416641268,-0.56250000000000022,-0.56249999999999978,1,0,1,0,1,validated_outer_limit_outward,validated_outer_limit_outward,1,-1,4.2620756654108831,4.2620756657149261,4.2620756654108831,4.2620756657149261,3.4633644764122749,3.4633646034577463,2.2808086660069904,2.2808094387568492,-5.1408965127646047,-5.1408958954620951,66.09669244352034,66.096696992067905,2.2360679637392566,2.236067991260323,-2.3914368938607162,-2.3914368938607122,-0.00044148731825544019,0.00044148728949267024,0.00021248372635514922,0.00021248372635518039,-1.5707378973883745e-17,1.5693826446727677e-17,5118,0,validated_outer_limit_outward: trajectory box reached the outer study limit; this is not an escape proof
42,7,r,0,0.79162975416641179,0.79162975416641268,-0.5062500000000002,-0.50624999999999976,1,0,1,0,1,validated_outer_limit_outward,validated_negative_half_crossing,0,0,2.0699078230893311,2.0699078231642747,2.0699078230893311,2.0699078231642747,0.8061025222231798,0.80610252222687895,0.042613856472837566,0.042613856482564064,-0.030830596777194946,-0.03083059676481566,-0.030830596777194946,-0.03083059676481566,0.89783212363068177,0.89783212363274179,-2.3914368938607162,-2.3914368938607122,-1.865219090291248e-11,1.8648194100023829e-11,0.00021248372635514922,0.00021248372635518039,-1.5720931501039814e-17,1.5693826446727677e-17,4812,0,validated_negative_half_crossing: trajectory box reached the outer study limit; this is not an escape proof
42,7,r,0,0.79162975416641179,0.79162975416641268,-0.5062500000000002,-0.50624999999999976,1,0,1,0,1,validated_outer_limit_outward,validated_outer_limit_outward,1,-1,4.0072299119057018,4.0072299121301365,4.0072299119057018,4.0072299121301365,3.4603253794095434,3.4603254644338883,2.2753061163210404,2.2753066504066237,-5.1373055197713651,-5.1373050972128249,66.036841177802771,66.036844361325436,2.2360679676507584,2.2360679873488216,-2.3914368938607162,-2.3914368938607122,-0.0003105610825855365,0.00031056106507776349,0.00021248372635514922,0.00021248372635518039,-1.5720931501039814e-17,1.5693826446727677e-17,4812,0,validated_outer_limit_outward: trajectory box reached the outer study limit; this is not an escape proof
42,8,r,0,0.79162975416641179,0.79162975416641268,-0.45000000000000018,-0.4499999999999999,1,0,1,0,1,validated_outer_limit_outward,validated_negative_half_crossing,0,0,1.9544184369587507,1.9544184370219619,1.9544184369587507,1.9544184370219619,0.80737536899649087,0.80737536899976559,0.046928740829398082,0.046928740838058106,-0.031576793706464087,-0.031576793695559512,-0.031576793706464087,-0.031576793695559512,0.89854068855922764,0.89854068856104985,-2.3914368938607162,-2.3914368938607122,-1.6563195259777785e-11,1.6559642546098985e-11,0.00021248372635514922,0.00021248372635518039,-1.5693826446727677e-17,1.565316886525947e-17,4599,0,validated_negative_half_crossing: trajectory box reached the outer study limit; this is not an escape proof
42,8,r,0,0.79162975416641179,0.79162975416641268,-0.45000000000000018,-0.4499999999999999,1,0,1,0,1,validated_outer_limit_outward,validated_outer_limit_outward,1,-1,3.8311844284226493,3.8311844286065333,3.8311844284226493,3.8311844286065333,3.458477093025619,3.4584771661459168,2.2716992044989088,2.2716996498003583,-5.1352353080644786,-5.135234952431782,65.999200619741359,65.999203238819504,2.2360679695572201,2.2360679854423595,-2.3914368938607162,-2.3914368938607122,-0.00025459657763349242,0.00025459655569193274,0.00021248372635514922,0.00021248372635518039,-1.5693826446727677e-17,1.565316886525947e-17,4599,0,validated_outer_limit_outward: trajectory box reached the outer study limit; this is not an escape proof
42,9,r,0,0.79162975416641179,0.79162975416641268,-0.39375000000000027,-0.39374999999999982,1,0,1,0,1,validated_outer_limit_outward,validated_negative_half_crossing,0,0,1.862024849877941,1.8620248499333649,1.862024849877941,1.8620248499333649,0.80830022595540951,0.80830022595837114,0.050130806750153994,0.050130806758018287,-0.031962364856403386,-0.031962364846577856,-0.031962364856403386,-0.031962364846577856,0.89905518515573313,0.89905518515738014,-2.3914368938607162,-2.3914368938607122,-1.5013990051215842e-11,1.5010659382141966e-11,0.00021248372635514922,0.00021248372635518039,-1.5680273919571608e-17,1.5693826446727677e-17,4440,0,validated_negative_half_crossing: trajectory box reached the outer study limit; this is not an escape proof
42,9,r,0,0.79162975416641179,0.79162975416641268,-0.39375000000000027,-0.39374999999999982,1,0,1,0,1,validated_outer_limit_outward,validated_outer_limit_outward,1,-1,3.6974549286419403,3.6974549287987699,3.6974549286419403,3.6974549287987699,3.4572466969853677,3.4572467557881059,2.2691328967753357,2.2691332623571507,-5.133929404565305,-5.1339291144033101,65.973363308466489,65.973365475887192,2.236067970830439,2.2360679841691407,-2.3914368938607162,-2.3914368938607122,-0.00021140982386214091,0.00021140979981737473,0.00021248372635514922,0.00021248372635518039,-1.5680273919571608e-17,1.5693826446727677e-17,4440,0,validated_outer_limit_outward: trajectory box reached the outer study limit; this is not an escape proof
42,10,r,0,0.79162975416641179,0.79162975416641268,-0.33750000000000019,-0.33749999999999986,1,0,1,0,1,validated_outer_limit_outward,validated_negative_half_crossing,0,0,1.7846128503055316,1.7846128503540657,1.7846128503055316,1.7846128503540657,0.80899196782784533,0.8089919678305223,0.052588479665687957,0.052588479672823166,-0.032113567591376749,-0.032113567582534551,-0.032113567591376749,-0.032113567582534551,0.89943980778473742,0.89943980778622545,-2.3914368938607162,-2.3914368938607122,-1.3589129821411916e-11,1.3585355063128191e-11,0.00021248372635514922,0.00021248372635518039,-1.5693826446727677e-17,1.5666721392415539e-17,4311,0,validated_negative_half_crossing: trajectory box reached the outer study limit; this is not an escape proof
42,10,r,0,0.79162975416641179,0.79162975416641268,-0.33750000000000019,-0.33749999999999986,1,0,1,0,1,validated_outer_limit_outward,validated_outer_limit_outward,1,-1,3.5901438842682305,3.5901438844041236,3.5901438842682305,3.5901438844041236,3.4563893224512117,3.4563893733242996,2.2672216833297245,2.2672219988510403,-5.1330732789512066,-5.1330730283339401,65.954782039156257,65.954783907429302,2.2360679717579481,2.2360679832416315,-2.3914368938607162,-2.3914368938607122,-0.00018222535283030084,0.00018222533145717534,0.00021248372635514922,0.00021248372635518039,-1.5693826446727677e-17,1.5666721392415539e-17,4311,0,validated_outer_limit_outward: trajectory box reached the outer study limit; this is not an escape proof
42,11,r,0,0.79162975416641179,0.79162975416641268,-0.28125000000000022,-0.28124999999999978,1,0,1,0,1,validated_outer_limit_outward,validated_negative_half_crossing,0,0,1.717601054783906,1.7176010548248941,1.717601054783906,1.7176010548248941,0.80951167025496551,0.80951167025733661,0.054499233633217188,0.054499233639566588,-0.032093410284647503,-0.032093410276824538,-0.032093410284647503,-0.032093410276824538,0.89972866479565139,0.899728664796969,-2.3914368938607162,-2.3914368938607122,-1.2056800002824275e-11,1.2053025244540549e-11,0.00021248372635514922,0.00021248372635518039,-1.5693826446727677e-17,1.5680273919571608e-17,4206,0,validated_negative_half_crossing: trajectory box reached the outer study limit; this is not an escape proof
42,11,r,0,0.79162975416641179,0.79162975416641268,-0.28125000000000022,-0.28124999999999978,1,0,1,0,1,validated_outer_limit_outward,validated_outer_limit_outward,1,-1,3.5008963104932582,3.5008963106091775,3.5008963104932582,3.5008963106091775,3.4557804555652689,3.4557804996805732,2.2657622754301201,2.2657625475043783,-5.1325101314656445,-5.132509914987172,65.94110877781722,65.941110384768777,2.2360679725780224,2.2360679824215572,-2.3914368938607162,-2.3914368938607122,-0.00015665555338273407,0.00015665553030430601,0.00021248372635514922,0.00021248372635518039,-1.5693826446727677e-17,1.5680273919571608e-17,4206,0,validated_outer_limit_outward: trajectory box reached the outer study limit; this is not an escape proof
42,12,r,0,0.79162975416641179,0.79162975416641268,-0.22500000000000014,-0.22499999999999981,1,0,1,0,1,validated_outer_limit_outward,validated_negative_half_crossing,0,0,1.6581375132111353,1.6581375132492462,1.6581375132111353,1.6581375132492462,0.8098952857423013,0.80989528574452485,0.055980043001597583,0.055980043007539192,-0.031937064116507541,-0.031937064109189686,-0.031937064116507541,-0.031937064109189686,0.89994182353211105,0.8999418235333464,-2.3914368938607162,-2.3914368938607122,-1.131561511158452e-11,1.131206239790572e-11,0.00021248372635514922,0.00021248372635518039,-1.5666721392415539e-17,1.565316886525947e-17,4113,0,validated_negative_half_crossing: trajectory box reached the outer study limit; this is not an escape proof
42,12,r,0,0.79162975416641179,0.79162975416641268,-0.22500000000000014,-0.22499999999999981,1,0,1,0,1,validated_outer_limit_outward,validated_outer_limit_outward,1,-1,3.4247833701181896,3.4247833702248451,3.4247833701181896,3.4247833702248451,3.4553491563109637,3.4553491976115311,2.264635626540715,2.2646358783895275,-5.1321520380008536,-5.1321518369247148,65.930989941712028,65.930991422522268,2.2360679729992587,2.2360679820003209,-2.3914368938607162,-2.3914368938607122,-0.0001441074654167096,0.00014410744745418924,0.00021248372635514922,0.00021248372635518039,-1.5666721392415539e-17,1.565316886525947e-17,4113,0,validated_outer_limit_outward: trajectory box reached the outer study limit; this is not an escape proof
42,13,r,0,0.79162975416641179,0.79162975416641268,-0.16875000000000023,-0.16874999999999984,1,0,1,0,1,validated_outer_limit_outward,validated_negative_half_crossing,0,0,1.6043176706818367,1.6043176707175617,1.6043176706818367,1.6043176707175617,0.81016549802803506,0.81016549803012894,0.057105096571372825,0.057105096576953202,-0.031665732892332057,-0.031665732885456051,-0.031665732892332057,-0.031665732885456051,0.90009193865295511,0.90009193865411818,-2.3914368938607162,-2.3914368938607122,-1.0661249660870453e-11,1.0657252857981803e-11,0.00021248372635514922,0.00021248372635518039,-1.565316886525947e-17,1.5666721392415539e-17,4032,0,validated_negative_half_crossing: trajectory box reached the outer study limit; this is not an escape proof
42,13,r,0,0.79162975416641179,0.79162975416641268,-0.16875000000000023,-0.16874999999999984,1,0,1,0,1,validated_outer_limit_outward,validated_outer_limit_outward,1,-1,3.3586584548156142,3.3586584549145924,3.3586584548156142,3.3586584549145924,3.4550516395360997,3.4550516778149842,2.2637666657669171,2.2637668986549819,-5.1319454079079625,-5.1319452218382962,65.923582236097644,65.923583604226366,2.2360679733481521,2.2360679816514275,-2.3914368938607162,-2.3914368938607122,-0.00013308851038118519,0.00013308849111126619,0.00021248372635514922,0.00021248372635518039,-1.565316886525947e-17,1.5666721392415539e-17,4032,0,validated_outer_limit_outward: trajectory box reached the outer study limit; this is not an escape proof
42,14,r,0,0.79162975416641179,0.79162975416641268,-0.11250000000000016,-0.11249999999999977,1,0,1,0,1,validated_outer_limit_outward,validated_negative_half_crossing,0,0,1.5547979535668135,1.5547979536008234,1.5547979535668135,1.5547979536008234,0.81033731067178383,0.81033731067377024,0.057923708786662989,0.057923708791942405,-0.031292881492549621,-0.031292881486044942,-0.031292881492549621,-0.031292881486044942,0.90018737531237569,0.90018737531347892,-2.3914368938607162,-2.3914368938607122,-1.0113909709730251e-11,1.01099129068416e-11,0.00021248372635514922,0.00021248372635518039,-1.565316886525947e-17,1.5666721392415539e-17,3963,0,validated_negative_half_crossing: trajectory box reached the outer study limit; this is not an escape proof
42,14,r,0,0.79162975416641179,0.79162975416641268,-0.11250000000000016,-0.11249999999999977,1,0,1,0,1,validated_outer_limit_outward,validated_outer_limit_outward,1,-1,3.3003939770006014,3.3003939770933433,3.3003939770006014,3.3003939770933433,3.4548592449235342,3.4548592791681556,2.2631053819228737,2.2631055939741489,-5.1318555427075552,-5.1318553741842443,65.918329385033886,65.918330639312501,2.2360679736461471,2.2360679813534325,-2.3914368938607162,-2.3914368938607122,-0.00012236721585168198,0.00012236719237534999,0.00021248372635514922,0.00021248372635518039,-1.565316886525947e-17,1.5666721392415539e-17,3963,0,validated_outer_limit_outward: trajectory box reached the outer study limit; this is not an escape proof
42,15,r,0,0.79162975416641179,0.79162975416641268,-0.056250000000000133,-0.0562499999999998,1,0,1,0,1,validated_outer_limit_outward,validated_negative_half_crossing,0,0,1.5085859002751691,1.508585900307849,1.5085859002751691,1.508585900307849,0.81042094147476251,0.81042094147666266,0.058469657323878994,0.058469657328904058,-0.030827321944261746,-0.030827321938059003,-0.030827321944261746,-0.030827321938059003,0.90023382600009128,0.90023382600114654,-2.3914368938607162,-2.3914368938607122,-9.6707086782998886e-12,9.6673780092260131e-12,0.00021248372635514922,0.00021248372635518039,-1.5666721392415539e-17,1.565316886525947e-17,3903,0,validated_negative_half_crossing: trajectory box reached the outer study limit; this is not an escape proof
42,15,r,0,0.79162975416641179,0.79162975416641268,-0.056250000000000133,-0.0562499999999998,1,0,1,0,1,validated_outer_limit_outward,validated_outer_limit_outward,1,-1,3.2484874389128957,3.2484874390010314,3.2484874389128957,3.2484874390010314,3.4547523836993492,3.4547524150180928,2.2626170939668349,2.2626172908937305,-5.1318589464068554,-5.1318587906202779,65.914848737113843,65.91484990976268,2.2360679738619309,2.2360679811376487,-2.3914368938607162,-2.3914368938607122,-0.00011457386307256456,0.00011457384692903361,0.00021248372635514922,0.00021248372635518039,-1.5666721392415539e-17,1.565316886525947e-17,3903,0,validated_outer_limit_outward: trajectory box reached the outer study limit; this is not an escape proof
42,16,r,0,0.79162975416641179,0.79162975416641268,-1.1102230246251565e-16,1.1102230246251565e-16,1,0,1,0,1,validated_outer_limit_outward,validated_negative_half_crossing,0,0,1.4649174389992672,1.4649174390308088,1.4649174389992672,1.4649174390308088,0.81042342900464515,0.81042342900646347,0.058766398628680307,0.058766398633468289,-0.030274857962923892,-0.030274857957004204,-0.030274857962923892,-0.030274857957004204,0.90023520760112752,0.90023520760213738,-2.3914368938607162,-2.3914368938607122,-9.2499341519669542e-12,9.2457153044733786e-12,0.00021248372635514922,0.00021248372635518039,-1.565316886525947e-17,1.5626063810947333e-17,3843,0,validated_negative_half_crossing: trajectory box reached the outer study limit; this is not an escape proof
42,16,r,0,0.79162975416641179,0.79162975416641268,-1.1102230246251565e-16,1.1102230246251565e-16,1,0,1,0,1,validated_outer_limit_outward,validated_outer_limit_outward,1,-1,3.2018414009762548,3.2018414010609293,3.2018414009762548,3.2018414010609293,3.4547172504651829,3.4547172826585126,2.2622770639757079,2.2622772596396219,-5.1319391887202759,-5.1319390323386269,65.912869155215205,65.912870304172941,2.2360679740148925,2.2360679809846871,-2.3914368938607162,-2.3914368938607122,-0.00011175572444699355,0.00011175570648447319,0.00021248372635514922,0.00021248372635518039,-1.565316886525947e-17,1.5626063810947333e-17,3843,0,validated_outer_limit_outward: trajectory box reached the outer study limit; this is not an escape proof
42,17,r,0,0.79162975416641179,0.79162975416641268,0.0562499999999998,0.056250000000000133,1,0,1,0,1,validated_outer_limit_outward,validated_negative_half_crossing,0,0,1.4231804945498454,1.4231804945805069,1.4231804945498454,1.4231804945805069,0.81034956954931048,0.8103495695510573,0.058830130963667085,0.058830130968241162,-0.029639208129958457,-0.029639208124287539,-0.029639208129958457,-0.029639208124287539,0.90019418435652565,0.90019418435749587,-2.3914368938607162,-2.3914368938607122,-8.8788976171372269e-12,8.8751228588535014e-12,0.00021248372635514922,0.00021248372635518039,-1.5666721392415539e-17,1.565316886525947e-17,3795,0,validated_negative_half_crossing: trajectory box reached the outer study limit; this is not an escape proof
42,17,r,0,0.79162975416641179,0.79162975416641268,0.0562499999999998,0.056250000000000133,1,0,1,0,1,validated_outer_limit_outward,validated_outer_limit_outward,1,-1,3.1596328515188774,3.1596328516002896,3.1596328515188774,3.1596328516002896,3.4547439329201239,3.4547439633050581,2.2620673556189792,2.2620675413291402,-5.1320845303147014,-5.1320843821391646,65.912195022087545,65.912196114766246,2.2360679741716551,2.2360679808279245,-2.3914368938607162,-2.3914368938607122,-0.0001064051269850097,0.0001064051089088025,0.00021248372635514922,0.00021248372635518039,-1.5666721392415539e-17,1.565316886525947e-17,3795,0,validated_outer_limit_outward: trajectory box reached the outer study limit; this is not an escape proof
42,18,r,0,0.79162975416641179,0.79162975416641268,0.11249999999999977,0.11250000000000016,1,0,1,0,1,validated_outer_limit_outward,validated_negative_half_crossing,0,0,1.382864560813984,1.3828645608435663,1.382864560813984,1.3828645608435663,0.81020247994241823,0.81020247994408257,0.058671651882029864,0.058671651886370212,-0.028922539936983505,-0.02892253993159136,-0.028922539936983505,-0.02892253993159136,0.90011248182792036,0.90011248182884485,-2.3914368938607162,-2.3914368938607122,-8.4527940202860918e-12,8.4487972173974413e-12,0.00021248372635514922,0.00021248372635518039,-1.565316886525947e-17,1.5666721392415539e-17,3750,0,validated_negative_half_crossing: trajectory box reached the outer study limit; this is not an escape proof
42,18,r,0,0.79162975416641179,0.79162975416641268,0.11249999999999977,0.11250000000000016,1,0,1,0,1,validated_outer_limit_outward,validated_outer_limit_outward,1,-1,3.1212318350080106,3.121231835085966,3.1212318350080106,3.121231835085966,3.4548252622869047,3.4548252907996582,2.2619748776429942,2.261975053198761,-5.1322865452192019,-5.1322864054564938,65.912684301051286,65.912685336992439,2.2360679743281668,2.2360679806714128,-2.3914368938607162,-2.3914368938607122,-0.00010099751324332829,0.00010099749846403938,0.00021248372635514922,0.00021248372635518039,-1.565316886525947e-17,1.5666721392415539e-17,3750,0,validated_outer_limit_outward: trajectory box reached the outer study limit; this is not an escape proof
42,19,r,0,0.79162975416641179,0.79162975416641268,0.16874999999999984,0.16875000000000023,1,0,1,0,1,validated_outer_limit_outward,validated_negative_half_crossing,0,0,1.3435252696216908,1.3435252696506439,1.3435252696216908,1.3435252696506439,0.8099839363261998,0.80998393632779908,0.058297494589659715,0.05829749459380739,-0.028125778044595772,-0.02812577803942844,-0.028125778044595772,-0.02812577803942844,0.89999107569253145,0.89999107569341985,-2.3914368938607162,-2.3914368938607122,-8.1121775963310938e-12,8.1079587488375182e-12,0.00021248372635514922,0.00021248372635518039,-1.565316886525947e-17,1.5666721392415539e-17,3708,0,validated_negative_half_crossing: trajectory box reached the outer study limit; this is not an escape proof
42,19,r,0,0.79162975416641179,0.79162975416641268,0.16874999999999984,0.16875000000000023,1,0,1,0,1,validated_outer_limit_outward,validated_outer_limit_outward,1,-1,3.0861488131225867,3.0861488131981787,3.0861488131225867,3.0861488131981787,3.4549561136152596,3.4549561403030187,2.261990198379396,2.2619903650516133,-5.1325392362022324,-5.1325391040781456,65.91423504353439,65.91423603308013,2.2360679744422023,2.2360679805573778,-2.3914368938607162,-2.3914368938607122,-9.6626605738947546e-05,9.6626589424886333e-05,0.00021248372635514922,0.00021248372635518039,-1.565316886525947e-17,1.5666721392415539e-17,3708,0,validated_outer_limit_outward: trajectory box reached the outer study limit; this is not an escape proof
42,20,r,0,0.79162975416641179,0.79162975416641268,0.22499999999999981,0.22500000000000014,1,0,1,0,1,validated_outer_limit_outward,validated_negative_half_crossing,0,0,1.3047575691426583,1.304757569171034,1.3047575691426583,1.304757569171034,0.80969456788294425,0.80969456788447847,0.057710601248845646,0.057710601252802959,-0.027248770258352907,-0.02724877025340737,-0.027248770258352907,-0.02724877025340737,0.89983029949148985,0.89983029949234228,-2.3914368938607162,-2.3914368938607122,-7.7713391277711708e-12,7.7675643694874452e-12,0.00021248372635514922,0.00021248372635518039,-1.5666721392415539e-17,1.565316886525947e-17,3666,0,validated_negative_half_crossing: trajectory box reached the outer study limit; this is not an escape proof
42,20,r,0,0.79162975416641179,0.79162975416641268,0.22499999999999981,0.22500000000000014,1,0,1,0,1,validated_outer_limit_outward,validated_outer_limit_outward,1,-1,3.0539996340903932,3.0539996341642577,3.0539996340903932,3.0539996341642577,3.4551329644939823,3.455132991933421,2.2621067832227499,2.2621069502937932,-5.1328385066875812,-5.1328383732293643,65.916776898914833,65.916777880667439,2.2360679745177201,2.2360679804818595,-2.3914368938607162,-2.3914368938607122,-9.5524571577243478e-05,9.5524554240000725e-05,0.00021248372635514922,0.00021248372635518039,-1.5666721392415539e-17,1.565316886525947e-17,3666,0,validated_outer_limit_outward: trajectory box reached the outer study limit; this is not an escape proof
42,21,r,0,0.79162975416641179,0.79162975416641268,0.28124999999999978,0.28125000000000022,1,0,1,0,1,validated_outer_limit_outward,validated_negative_half_crossing,0,0,1.2661734091068055,1.2661734091349075,1.2661734091068055,1.2661734091349075,0.80933394681070336,0.8093339468121783,0.05691067142329774,0.056910671427088791,-0.026290353694569203,-0.0262903536898265,-0.026290353694569203,-0.0262903536898265,0.89962989435139573,0.89962989435221541,-2.3914368938607162,-2.3914368938607122,-7.4584782794318016e-12,7.4555916995677762e-12,0.00021248372635514922,0.00021248372635518039,-1.5693826446727677e-17,1.5680273919571608e-17,3633,0,validated_negative_half_crossing: trajectory box reached the outer study limit; this is not an escape proof
42,21,r,0,0.79162975416641179,0.79162975416641268,0.28124999999999978,0.28125000000000022,1,0,1,0,1,validated_outer_limit_outward,validated_outer_limit_outward,1,-1,3.0244818048473259,3.0244818049196178,3.0244818048473259,3.0244818049196178,3.4553536367965174,3.4553536627820867,2.2623205544067653,2.2623207145581734,-5.1331818249373757,-5.1331816974752584,65.920266076394768,65.920267021938855,2.2360679746030678,2.2360679803965118,-2.3914368938607162,-2.3914368938607122,-9.2186588119602675e-05,9.2186567087537696e-05,0.00021248372635514922,0.00021248372635518039,-1.5693826446727677e-17,1.5680273919571608e-17,3633,0,validated_outer_limit_outward: trajectory box reached the outer study limit; this is not an escape proof
42,22,r,0,0.79162975416641179,0.79162975416641268,0.33749999999999986,0.33750000000000019,1,0,1,0,1,validated_outer_limit_outward,validated_negative_half_crossing,0,0,1.2273808835781119,1.2273808836055751,1.2273808835781119,1.2273808836055751,0.80890059335090014,0.80890059335230102,0.05589425390442615,0.055894253908012489,-0.025248340072240274,-0.025248340067742587,-0.025248340072240274,-0.025248340067742587,0.89938901113528191,0.89938901113606062,-2.3914368938607162,-2.3914368938607122,-7.0730088452819473e-12,7.0696781762080718e-12,0.00021248372635514922,0.00021248372635518039,-1.5693826446727677e-17,1.5666721392415539e-17,3600,0,validated_negative_half_crossing: trajectory box reached the outer study limit; this is not an escape proof
42,22,r,0,0.79162975416641179,0.79162975416641268,0.33749999999999986,0.33750000000000019,1,0,1,0,1,validated_outer_limit_outward,validated_outer_limit_outward,1,-1,2.99735838792735,2.9973583879975543,2.99735838792735,2.9973583879975543,3.4556171540889169,3.4556171783332008,2.2626296322521449,2.2626297842848753,-5.1335680827547536,-5.1335679623834807,65.924682622118311,65.924683526553039,2.2360679746983179,2.2360679803012617,-2.3914368938607162,-2.3914368938607122,-8.8333572250576253e-05,8.8333552923813841e-05,0.00021248372635514922,0.00021248372635518039,-1.5693826446727677e-17,1.5666721392415539e-17,3600,0,validated_outer_limit_outward: trajectory box reached the outer study limit; this is not an escape proof
42,23,r,0,0.79162975416641179,0.79162975416641268,0.39374999999999982,0.39375000000000027,1,0,1,0,1,validated_outer_limit_outward,validated_negative_half_crossing,0,0,1.1879620355369944,1.187962035564007,1.1879620355369944,1.187962035564007,0.80839189859748417,0.80839189859881888,0.054654602549155454,0.054654602552549607,-0.024119422907121008,-0.024119422902847239,-0.024119422907121008,-0.024119422902847239,0.89910616647728769,0.89910616647802988,-2.3914368938607162,-2.3914368938607122,-6.7246208601545732e-12,6.7210681464757727e-12,0.00021248372635514922,0.00021248372635518039,-1.5680273919571608e-17,1.5693826446727677e-17,3570,0,validated_negative_half_crossing: trajectory box reached the outer study limit; this is not an escape proof
42,23,r,0,0.79162975416641179,0.79162975416641268,0.39374999999999982,0.39375000000000027,1,0,1,0,1,validated_outer_limit_outward,validated_outer_limit_outward,1,-1,2.9724473776474376,2.9724473777164904,2.9724473776474376,2.9724473777164904,3.4559237148802495,3.4559237403778238,2.2630342943956783,2.2630344492231327,-5.1339975502599673,-5.1339974264810726,65.930029882305377,65.930030791457199,2.2360679747442478,2.2360679802553323,-2.3914368938607162,-2.3914368938607122,-8.8390220014389342e-05,8.8390201767651888e-05,0.00021248372635514922,0.00021248372635518039,-1.5680273919571608e-17,1.5693826446727677e-17,3570,0,validated_outer_limit_outward: trajectory box reached the outer study limit; this is not an escape proof
42,24,r,0,0.79162975416641179,0.79162975416641268,0.4499999999999999,0.45000000000000018,1,0,1,0,1,validated_outer_limit_outward,validated_negative_half_crossing,0,0,1.1474460579046406,1.1474460579315151,1.1474460579046406,1.1474460579315151,0.80780395260888194,0.80780395261015547,0.053181275480668637,0.053181275483892315,-0.02289899470190224,-0.022898994697832371,-0.02289899470190224,-0.022898994697832371,0.89877914562415273,0.89877914562486116,-2.3914368938607162,-2.3914368938607122,-6.4022120938034277e-12,6.3988814247295522e-12,0.00021248372635514922,0.00021248372635518039,-1.5693826446727677e-17,1.565316886525947e-17,3543,0,validated_negative_half_crossing: trajectory box reached the outer study limit; this is not an escape proof
42,24,r,0,0.79162975416641179,0.79162975416641268,0.4499999999999999,0.45000000000000018,1,0,1,0,1,validated_outer_limit_outward,validated_outer_limit_outward,1,-1,2.9496153971824119,2.9496153972502932,2.9496153971824119,2.9496153972502932,3.4562747744761979,3.4562747974383354,2.2635371339179153,2.2635372788123216,-5.1344719459764585,-5.1344718314718643,65.93633607700778,65.93633694156955,2.236067974812102,2.2360679801874777,-2.3914368938607162,-2.3914368938607122,-8.4464892381674872e-05,8.4464869473777071e-05,0.00021248372635514922,0.00021248372635518039,-1.5693826446727677e-17,1.565316886525947e-17,3543,0,validated_outer_limit_outward: trajectory box reached the outer study limit; this is not an escape proof
42,25,r,0,0.79162975416641179,0.79162975416641268,0.50624999999999976,0.5062500000000002,1,0,1,0,1,validated_outer_limit_outward,validated_negative_half_crossing,0,0,1.1052731922947441,1.1052731923212462,1.1052731922947441,1.1052731923212462,0.80713124580763607,0.80713124580883766,0.051459408862055134,0.051459408865077702,-0.02158084392354373,-0.021580843919712267,-0.02158084392354373,-0.021580843919712267,0.89840483402953486,0.89840483403020355,-2.3914368938607162,-2.3914368938607122,-6.0249583100357995e-12,6.021627640961924e-12,0.00021248372635514922,0.00021248372635518039,-1.5720931501039814e-17,1.5693826446727677e-17,3519,0,validated_negative_half_crossing: trajectory box reached the outer study limit; this is not an escape proof
42,25,r,0,0.79162975416641179,0.79162975416641268,0.50624999999999976,0.5062500000000002,1,0,1,0,1,validated_outer_limit_outward,validated_outer_limit_outward,1,-1,2.9287753170480149,2.9287753171147357,2.9287753170480149,2.9287753171147357,3.4566732360467411,3.4566732597641576,2.2641433797908546,2.2641435257483558,-5.1349947199005719,-5.1349946036852057,65.943658094745842,65.94365895625549,2.2360679748637917,2.2360679801357879,-2.3914368938607162,-2.3914368938607122,-8.3950476778227312e-05,8.3950459043080627e-05,0.00021248372635514922,0.00021248372635518039,-1.5720931501039814e-17,1.5693826446727677e-17,3519,0,validated_outer_limit_outward: trajectory box reached the outer study limit; this is not an escape proof
42,26,r,0,0.79162975416641179,0.79162975416641268,0.56249999999999978,0.56250000000000022,1,0,1,0,1,validated_outer_limit_outward,validated_negative_half_crossing,0,0,1.0607414897734961,1.0607414897998466,1.0607414897734961,1.0607414897998466,0.80636617998339266,0.80636617998452909,0.049468524211918725,0.049468524214750356,-0.020156672423801949,-0.020156672420189939,-0.020156672423801949,-0.020156672420189939,0.89797894183738669,0.89797894183801941,-2.3914368938607162,-2.3914368938607122,-5.6803450831921509e-12,5.6776805479330505e-12,0.00021248372635514922,0.00021248372635518039,-1.5707378973883745e-17,1.5693826446727677e-17,3495,0,validated_negative_half_crossing: trajectory box reached the outer study limit; this is not an escape proof
42,26,r,0,0.79162975416641179,0.79162975416641268,0.56249999999999978,0.56250000000000022,1,0,1,0,1,validated_outer_limit_outward,validated_outer_limit_outward,1,-1,2.9098881776282686,2.9098881776944245,2.9098881776282686,2.9098881776944245,3.457123846016823,3.4571238699765909,2.2648616189348507,2.2648617649503779,-5.1355714702231516,-5.1355713536186052,65.952089117681453,65.952089976395271,2.2360679748907133,2.2360679801088663,-2.3914368938607162,-2.3914368938607122,-8.3530020958733076e-05,8.3530005554166564e-05,0.00021248372635514922,0.00021248372635518039,-1.5707378973883745e-17,1.5693826446727677e-17,3495,0,validated_outer_limit_outward: trajectory box reached the outer study limit; this is not an escape proof
42,27,r,0,0.79162975416641179,0.79162975416641268,0.6187499999999998,0.61875000000000024,1,0,1,0,1,validated_outer_limit_outward,validated_negative_half_crossing,0,0,1.0129219152154485,1.0129219152409878,1.0129219152154485,1.0129219152409878,0.80549826559236271,0.80549826559340953,0.047180599987161627,0.047180599989740633,-0.018615319757141171,-0.018615319753819654,-0.018615319757141171,-0.018615319753819654,0.8974955518510177,0.89749555185160079,-2.3914368938607162,-2.3914368938607122,-5.2158277696889854e-12,5.2144955020594352e-12,0.00021248372635514922,0.00021248372635518039,-1.5720931501039814e-17,1.5707378973883745e-17,3477,0,validated_negative_half_crossing: trajectory box reached the outer study limit; this is not an escape proof
42,27,r,0,0.79162975416641179,0.79162975416641268,0.6187499999999998,0.61875000000000024,1,0,1,0,1,validated_outer_limit_outward,validated_outer_limit_outward,1,-1,2.8929709334541802,2.8929709335181517,2.8929709334541802,2.8929709335181517,3.4576338610844042,3.4576338829876798,2.265704969384926,2.2657051064087441,-5.1362107710582245,-5.136210662495408,65.961771670492766,65.961772485193947,2.2360679749810481,2.2360679800185315,-2.3914368938607162,-2.3914368938607122,-7.9515194670420897e-05,7.9515175627875578e-05,0.00021248372635514922,0.00021248372635518039,-1.5720931501039814e-17,1.5707378973883745e-17,3477,0,validated_outer_limit_outward: trajectory box reached the outer study limit; this is not an escape proof
42,28,r,0,0.79162975416641179,0.79162975416641268,0.67499999999999982,0.67500000000000027,1,0,1,0,1,validated_outer_limit_outward,validated_negative_half_crossing,0,0,0.96051233060635977,0.96051233063098052,0.96051233060635977,0.96051233063098052,0.80451275666666489,0.80451275666761368,0.044556882361362932,0.044556882363672896,-0.016941467905104816,-0.016941467902100674,-0.016941467905104816,-0.016941467902100674,0.89694635105265075,0.89694635105317955,-2.3914368938607162,-2.3914368938607122,-4.7113424272993143e-12,4.709121981250064e-12,0.00021248372635514922,0.00021248372635518039,-1.5734484028195883e-17,1.5693826446727677e-17,3459,0,validated_negative_half_crossing: trajectory box reached the outer study limit; this is not an escape proof
42,28,r,0,0.79162975416641179,0.79162975416641268,0.67499999999999982,0.67500000000000027,1,0,1,0,1,validated_outer_limit_outward,validated_outer_limit_outward,1,-1,2.8781136980832818,2.8781136981450857,2.8781136980832818,2.8781136981450857,3.4582142407714751,3.458214262029915,2.2666931800561056,2.266693312839692,-5.1369256143857855,-5.1369255091347306,65.972920796711392,65.972921585771203,2.2360679750630053,2.2360679799365744,-2.3914368938607162,-2.3914368938607122,-7.6991500179701688e-05,7.6991479318166967e-05,0.00021248372635514922,0.00021248372635518039,-1.5734484028195883e-17,1.5693826446727677e-17,3459,0,validated_outer_limit_outward: trajectory box reached the outer study limit; this is not an escape proof
42,29,r,0,0.79162975416641179,0.79162975416641268,0.73124999999999973,0.73125000000000018,1,0,1,0,1,validated_outer_limit_outward,validated_negative_half_crossing,0,0,0.90156443062815128,0.90156443065186431,0.90156443062815128,0.90156443065186431,0.80338818074599783,0.80338818074684981,0.041542343623193166,0.041542343625226102,-0.015113337062509617,-0.015113337059819066,-0.015113337062509617,-0.015113337059819066,0.89631924041939315,0.89631924041986832,-2.3914368938607162,-2.3914368938607122,-4.213074333847544e-12,4.2112979770081438e-12,0.00021248372635514922,0.00021248372635518039,-1.5707378973883745e-17,1.5707378973883745e-17,3441,0,validated_negative_half_crossing: trajectory box reached the outer study limit; this is not an escape proof
42,29,r,0,0.79162975416641179,0.79162975416641268,0.73124999999999973,0.73125000000000018,1,0,1,0,1,validated_outer_limit_outward,validated_outer_limit_outward,1,-1,2.86551512815854,2.8655151282184796,2.86551512815854,2.8655151282184796,3.4588818806227755,3.4588819023158961,2.2678565691283183,2.2678567016496047,-5.137736075727461,-5.137735969979639,65.985867411670057,65.985868192039916,2.2360679751256636,2.236067979873916,-2.3914368938607162,-2.3914368938607122,-7.5913009709438484e-05,7.5913000557648047e-05,0.00021248372635514922,0.00021248372635518039,-1.5707378973883745e-17,1.5707378973883745e-17,3441,0,validated_outer_limit_outward: trajectory box reached the outer study limit; this is not an escape proof
42,30,r,0,0.79162975416641179,0.79162975416641268,0.78749999999999987,0.78750000000000031,1,0,1,0,1,validated_outer_limit_outward,validated_negative_half_crossing,0,0,0.83291716229022461,0.83291716231294921,0.83291716229022461,0.83291716231294921,0.80209143589416021,0.80209143589490828,0.038055281794901807,0.038055281796640389,-0.013098184138233224,-0.0130981841358756,-0.013098184138233224,-0.0130981841358756,0.89559557608005202,0.89559557608046958,-2.3914368938607162,-2.3914368938607122,-3.6826097726816442e-12,3.680833415842244e-12,0.00021248372635514922,0.00021248372635518039,-1.5707378973883745e-17,1.5707378973883745e-17,3432,0,validated_negative_half_crossing: trajectory box reached the outer study limit; this is not an escape proof
42,30,r,0,0.79162975416641179,0.79162975416641268,0.78749999999999987,0.78750000000000031,1,0,1,0,1,validated_outer_limit_outward,validated_outer_limit_outward,1,-1,2.8555579351397355,2.8555579351974205,2.8555579351397355,2.8555579351974205,3.4596641513544477,3.4596641713913958,2.2692439756826261,2.2692441006845629,-5.1386747959849277,-5.1386746968687138,66.001146292837063,66.001147035527737,2.2360679752088233,2.2360679797907563,-2.3914368938607162,-2.3914368938607122,-7.2433423667916941e-05,7.2433403090599313e-05,0.00021248372635514922,0.00021248372635518039,-1.5707378973883745e-17,1.5707378973883745e-17,3432,0,validated_outer_limit_outward: trajectory box reached the outer study limit; this is not an escape proof
42,31,r,0,0.79162975416641179,0.79162975416641268,0.84374999999999978,0.84375000000000022,1,0,1,0,1,validated_outer_limit_outward,validated_negative_half_crossing,0,0,0.74884062356881553,0.7488406235903704,0.74884062356881553,0.7488406235903704,0.8005666188434013,0.80056661884403058,0.033965405950678533,0.033965405952096898,-0.010842185593080011,-0.010842185591098962,-0.010842185593080011,-0.010842185591098962,0.8947438844962291,0.89474388449658071,-2.3914368938607162,-2.3914368938607122,-3.0822011609643596e-12,3.0815350271495845e-12,0.00021248372635514922,0.00021248372635518039,-1.5734484028195883e-17,1.5720931501039814e-17,3423,0,validated_negative_half_crossing: trajectory box reached the outer study limit; this is not an escape proof
42,31,r,0,0.79162975416641179,0.79162975416641268,0.84374999999999978,0.84375000000000022,1,0,1,0,1,validated_outer_limit_outward,validated_outer_limit_outward,1,-1,2.8489898153423039,2.8489898153974718,2.8489898153423039,2.8489898153974718,3.4606094870400828,3.4606095063159246,2.2709412203105783,2.2709413405284029,-5.1397998191437972,-5.1397997238139466,66.019700948966275,66.019701663304986,2.236067975297285,2.2360679797022947,-2.3914368938607162,-2.3914368938607122,-6.96504058055325e-05,6.9650381817609741e-05,0.00021248372635514922,0.00021248372635518039,-1.5734484028195883e-17,1.5720931501039814e-17,3423,0,validated_outer_limit_outward: trajectory box reached the outer study limit; this is not an escape proof
42,32,r,0,0.79162975416641179,0.79162975416641268,0.89999999999999991,0.90000000000000013,1,0,1,0,1,validated_outer_limit_outward,validated_negative_half_crossing,0,0,0.63698760102026808,0.63698760103995977,0.63698760102026808,0.63698760103995977,0.79870324211183863,0.79870324211233301,0.029038228259864182,0.029038228260909224,-0.0082418927267014393,-0.0082418927251517952,-0.0082418927267014393,-0.0082418927251517952,0.89370198730440265,0.8937019873046792,-2.3914368938607162,-2.3914368938607122,-2.4051871605479391e-12,2.4038548929183889e-12,0.00021248372635514922,0.00021248372635518039,-1.5693826446727677e-17,1.5680273919571608e-17,3420,0,validated_negative_half_crossing: trajectory box reached the outer study limit; this is not an escape proof
42,32,r,0,0.79162975416641179,0.79162975416641268,0.89999999999999991,0.90000000000000013,1,0,1,0,1,validated_outer_limit_outward,validated_outer_limit_outward,1,-1,2.8474594765988264,2.8474594766503949,2.8474594765988264,2.8474594766503949,3.461818183052169,3.4618182015297632,2.2731245751913232,2.2731246898257895,-5.1412319631019656,-5.1412318720586345,66.043478181564083,66.043478861355752,2.2360679754114403,2.2360679795881393,-2.3914368938607162,-2.3914368938607122,-6.6228190235051443e-05,6.6228171135662706e-05,0.00021248372635514922,0.00021248372635518039,-1.5693826446727677e-17,1.5680273919571608e-17,3420,0,validated_outer_limit_outward: trajectory box reached the outer study limit; this is not an escape proof
43,0,r,0,0.79216727586354363,0.79216727586354452,-0.90000000000000013,-0.89999999999999991,1,0,1,0,1,validated_inner_limit_inward,validated_inner_limit_inward,0,-1,34.431623810149915,34.431623810324623,34.431623810149915,34.431623810324623,-1.8170059010151072e-07,-1.8170059005249081e-07,79795852.827061862,79795852.853559658,-434678887.14381987,-434678887.06231135,-0.00022097106654308483,-0.00022097106652963218,0.00099999999996961829,0.0010000000000303818,-2.3914368938607162,-2.3914368938607122,-1.1261252376153026e-14,1.1470564296102514e-14,0.00022807012505308272,0.0002280701250531295,-2.3472977034311171e-17,2.3500082088623309e-17,41319,0,validated_inner_limit_inward: first event is the inner study limit; this is not a collision proof
43,1,r,0,0.79216727586354363,0.79216727586354452,-0.84375000000000022,-0.84374999999999978,1,0,1,0,1,validated_inner_limit_inward,validated_inner_limit_inward,0,-1,34.776348414097349,34.776348414328368,34.776348414097349,34.776348414328368,-1.8318670107204157e-07,-1.8318670100551467e-07,80451391.361072183,80451391.397304773,-434558036.05318403,-434558035.93909943,-0.00022097106572983814,-0.0002209710657109805,0.00099999999995739088,0.0010000000000426092,-2.3914368938607162,-2.3914368938607122,-1.217718782200589e-14,1.163709639707929e-14,0.00022807012505308272,0.0002280701250531295,-2.3540739670091515e-17,2.3567844724403653e-17,41733,0,validated_inner_limit_inward: first event is the inner study limit; this is not a collision proof
43,2,r,0,0.79216727586354363,0.79216727586354452,-0.78750000000000031,-0.78749999999999987,1,0,1,0,1,validated_inner_limit_inward,validated_inner_limit_inward,0,-1,35.441365048103854,35.441365048566574,35.441365048103854,35.441365048566574,-2.016173682779404e-07,-2.0161736815999672e-07,88593607.599387437,88593607.667988062,-432971460.74180591,-432971460.49520111,-0.00022097106279086052,-0.00022097106274955816,0.00099999999990660121,0.0010000000000933986,-2.3914368938607162,-2.3914368938607122,-1.1302892429584754e-14,1.1359535807770015e-14,0.00022807012505308272,0.0002280701250531295,-2.3513634615779377e-17,2.3513634615779377e-17,42531,0,validated_inner_limit_inward: first event is the inner study limit; this is not a collision proof
43,3,r,0,0.79216727586354363,0.79216727586354452,-0.73125000000000018,-0.73124999999999973,1,0,1,0,1,validated_outer_limit_outward,validated_negative_half_crossing,0,0,2.6748305545798692,2.6748305547983247,2.6748305545798692,2.6748305547983247,0.79842741970780806,0.79842741971476738,0.017630203591817384,0.017630203609794403,-0.023520480097656716,-0.023520480073734161,-0.023520480097656716,-0.023520480073734161,0.89354765944957193,0.89354765945346604,-2.3914368938607162,-2.3914368938607122,-3.4447555918859507e-11,3.4446001606625032e-11,0.00022807012505308272,0.0002280701250531295,-2.3513634615779377e-17,2.3540739670091515e-17,6207,0,validated_negative_half_crossing: trajectory box reached the outer study limit; this is not an escape proof
43,3,r,0,0.79216727586354363,0.79216727586354452,-0.73125000000000018,-0.73124999999999973,1,0,1,0,1,validated_outer_limit_outward,validated_outer_limit_outward,1,-1,5.1699675140786638,5.1699675149935285,5.1699675140786638,5.1699675149935285,3.474956779839919,3.4749571842325442,2.2985443095678435,2.2985468305213894,-5.1560172830456263,-5.1560152844894844,66.309219724045121,66.309234756287879,2.236067931364659,2.2360680236349215,-2.3914368938607162,-2.3914368938607122,-0.0014602965972017046,0.0014602965338212925,0.00022807012505308272,0.0002280701250531295,-2.3513634615779377e-17,2.3540739670091515e-17,6207,0,validated_outer_limit_outward: trajectory box reached the outer study limit; this is not an escape proof
43,4,r,0,0.79216727586354363,0.79216727586354452,-0.67500000000000027,-0.67499999999999982,1,0,1,0,1,validated_outer_limit_outward,validated_negative_half_crossing,0,0,2.3131328234498003,2.3131328235583624,2.3131328234498003,2.3131328235583624,0.80362256572859925,0.80362256573342727,0.034240033744915459,0.034240033757588169,-0.029085326395519404,-0.029085326379187419,-0.029085326395519404,-0.029085326379187419,0.89644997949054539,0.89644997949323824,-2.3914368938607162,-2.3914368938607122,-2.4207524873531838e-11,2.4204638293667813e-11,0.00022807012505308272,0.0002280701250531295,-2.3513634615779377e-17,2.3513634615779377e-17,5268,0,validated_negative_half_crossing: trajectory box reached the outer study limit; this is not an escape proof
43,4,r,0,0.79216727586354363,0.79216727586354452,-0.67500000000000027,-0.67499999999999982,1,0,1,0,1,validated_outer_limit_outward,validated_outer_limit_outward,1,-1,4.3876980598027329,4.3876980601584785,4.3876980598027329,4.3876980601584785,3.4645453198841505,3.4645454711556822,2.2828956644676239,2.2828965827245593,-5.1423136256983959,-5.1423128917330638,66.119693753447393,66.119699156467505,2.2360679611850345,2.2360679938145456,-2.3914368938607162,-2.3914368938607122,-0.00052401490853526411,0.00052401488539999264,0.00022807012505308272,0.0002280701250531295,-2.3513634615779377e-17,2.3513634615779377e-17,5268,0,validated_outer_limit_outward: trajectory box reached the outer study limit; this is not an escape proof
43,5,r,0,0.79216727586354363,0.79216727586354452,-0.61875000000000024,-0.6187499999999998,1,0,1,0,1,validated_outer_limit_outward,validated_negative_half_crossing,0,0,2.1202154668858304,2.1202154669651843,2.1202154668858304,2.1202154669651843,0.80612888395727145,0.80612888396123361,0.042440303317143255,0.042440303327588517,-0.031207655669588965,-0.031207655656295224,-0.031207655669588965,-0.031207655656295224,0.89784680428081465,0.8978468042830211,-2.3914368938607162,-2.3914368938607122,-1.9990675781400569e-11,1.9987345112326693e-11,0.00022807012505308272,0.0002280701250531295,-2.3513634615779377e-17,2.3500082088623309e-17,4875,0,validated_negative_half_crossing: trajectory box reached the outer study limit; this is not an escape proof
43,5,r,0,0.79216727586354363,0.79216727586354452,-0.61875000000000024,-0.6187499999999998,1,0,1,0,1,validated_outer_limit_outward,validated_outer_limit_outward,1,-1,4.0594224558506813,4.0594224560918262,4.0594224558506813,4.0594224560918262,3.4604410848537701,3.4604411828800661,2.2756441394161788,2.2756447367966168,-5.1373853862030732,-5.1373849092373316,66.039719246527454,66.039722762615298,2.2360679668386796,2.2360679881608996,-2.3914368938607162,-2.3914368938607122,-0.00034166731023788088,0.00034166728710260941,0.00022807012505308272,0.0002280701250531295,-2.3513634615779377e-17,2.3500082088623309e-17,4875,0,validated_outer_limit_outward: trajectory box reached the outer study limit; this is not an escape proof
43,6,r,0,0.79216727586354363,0.79216727586354452,-0.56250000000000022,-0.56249999999999978,1,0,1,0,1,validated_outer_limit_outward,validated_negative_half_crossing,0,0,1.9873061050295837,1.9873061050942882,1.9873061050295837,1.9873061050942882,0.8077470840894041,0.8077470840928439,0.047814184147504532,0.047814184156632591,-0.032339930393808863,-0.032339930382337949,-0.032339930393808863,-0.032339930382337949,0.89874750853029028,0.89874750853220386,-2.3914368938607162,-2.3914368938607122,-1.7424062193072132e-11,1.7420731523998256e-11,0.00022807012505308272,0.0002280701250531295,-2.348652956146724e-17,2.3513634615779377e-17,4623,0,validated_negative_half_crossing: trajectory box reached the outer study limit; this is not an escape proof
43,6,r,0,0.79216727586354363,0.79216727586354452,-0.56250000000000022,-0.56249999999999978,1,0,1,0,1,validated_outer_limit_outward,validated_outer_limit_outward,1,-1,3.8515900867372994,3.8515900869262532,3.8515900867372994,3.8515900869262532,3.4581489550919078,3.4581490304052953,2.2712325148565218,2.2712329734379266,-5.1347908183881383,-5.134790452129721,65.993323799910684,65.993326496725047,2.2360679693219545,2.2360679856776251,-2.3914368938607162,-2.3914368938607122,-0.00026216386561372929,0.00026216384611643662,0.00022807012505308272,0.0002280701250531295,-2.348652956146724e-17,2.3513634615779377e-17,4623,0,validated_outer_limit_outward: trajectory box reached the outer study limit; this is not an escape proof
43,7,r,0,0.79216727586354363,0.79216727586354452,-0.5062500000000002,-0.50624999999999976,1,0,1,0,1,validated_outer_limit_outward,validated_negative_half_crossing,0,0,1.8855895013267983,1.88558950138234,1.8855895013267983,1.88558950138234,0.80891149317141109,0.80891149317449063,0.051737044360708709,0.051737044368921896,-0.033001705253069384,-0.03300170524284661,-0.033001705253069384,-0.03300170524284661,0.89939507068440794,0.8993950706861199,-2.3914368938607162,-2.3914368938607122,-1.5643486506178306e-11,1.563971174789458e-11,0.00022807012505308272,0.0002280701250531295,-2.3500082088623309e-17,2.348652956146724e-17,4446,0,validated_negative_half_crossing: trajectory box reached the outer study limit; this is not an escape proof
43,7,r,0,0.79216727586354363,0.79216727586354452,-0.5062500000000002,-0.50624999999999976,1,0,1,0,1,validated_outer_limit_outward,validated_outer_limit_outward,1,-1,3.7004474155489335,3.7004474157063174,3.7004474155489335,3.7004474157063174,3.4566783289481453,3.4566783864363115,2.2681972800090917,2.2681976420917365,-5.1332155176060619,-5.133215231336143,65.962587172890622,65.96258933171994,2.2360679708026363,2.2360679841969433,-2.3914368938607162,-2.3914368938607122,-0.00021083726204551567,0.00021083723657966402,0.00022807012505308272,0.0002280701250531295,-2.3500082088623309e-17,2.348652956146724e-17,4446,0,validated_outer_limit_outward: trajectory box reached the outer study limit; this is not an escape proof
43,8,r,0,0.79216727586354363,0.79216727586354452,-0.45000000000000018,-0.4499999999999999,1,0,1,0,1,validated_outer_limit_outward,validated_negative_half_crossing,0,0,1.802879271436711,1.802879271484304,1.802879271436711,1.802879271484304,0.80979219107247091,0.80979219107522671,0.054754163398743803,0.054754163406126849,-0.033378955384143975,-0.033378955375037031,-0.033378955384143975,-0.033378955375037031,0.89988454319010891,0.89988454319164002,-2.3914368938607162,-2.3914368938607122,-1.4026113603904378e-11,1.4022116801015727e-11,0.00022807012505308272,0.0002280701250531295,-2.3472977034311171e-17,2.3459424507155102e-17,4302,0,validated_negative_half_crossing: trajectory box reached the outer study limit; this is not an escape proof
43,8,r,0,0.79216727586354363,0.79216727586354452,-0.45000000000000018,-0.4499999999999999,1,0,1,0,1,validated_outer_limit_outward,validated_outer_limit_outward,1,-1,3.5822909467305601,3.5822909468648589,3.5822909467305601,3.5822909468648589,3.4556681566282661,3.4556682092426829,2.2659694111425424,2.2659697310556606,-5.1321959829770787,-5.1321957273413732,65.940801964528191,65.940803843797809,2.2360679718020471,2.2360679831975325,-2.3914368938607162,-2.3914368938607122,-0.00018275082408081289,0.00018275080685725698,0.00022807012505308272,0.0002280701250531295,-2.3472977034311171e-17,2.3459424507155102e-17,4302,0,validated_outer_limit_outward: trajectory box reached the outer study limit; this is not an escape proof
43,9,r,0,0.79216727586354363,0.79216727586354452,-0.39375000000000027,-0.39374999999999982,1,0,1,0,1,validated_outer_limit_outward,validated_negative_half_crossing,0,0,1.7328422031171833,1.7328422031574173,1.7328422031171833,1.7328422031574173,0.81047237128316807,0.81047237128561456,0.057134401569556369,0.057134401576145522,-0.033556628915888356,-0.033556628907815522,-0.033556628915888356,-0.033556628907815522,0.9002623902414052,0.90026239024276389,-2.3914368938607162,-2.3914368938607122,-1.2478018618367059e-11,1.2474021815478409e-11,0.00022807012505308272,0.0002280701250531295,-2.3472977034311171e-17,2.3513634615779377e-17,4188,0,validated_negative_half_crossing: trajectory box reached the outer study limit; this is not an escape proof
43,9,r,0,0.79216727586354363,0.79216727586354452,-0.39375000000000027,-0.39374999999999982,1,0,1,0,1,validated_outer_limit_outward,validated_outer_limit_outward,1,-1,3.4857020229138649,3.4857020230274776,3.4857020229138649,3.4857020230274776,3.454950869416392,3.4549509117339285,2.2642739724538758,2.2642742360157295,-5.1315217669793309,-5.1315215578892239,65.924801611163943,65.924803174038388,2.2360679726813415,2.2360679823182381,-2.3914368938607162,-2.3914368938607122,-0.00015256157797693959,0.00015256156137866128,0.00022807012505308272,0.0002280701250531295,-2.3472977034311171e-17,2.3513634615779377e-17,4188,0,validated_outer_limit_outward: trajectory box reached the outer study limit; this is not an escape proof
43,10,r,0,0.79216727586354363,0.79216727586354452,-0.33750000000000019,-0.33749999999999986,1,0,1,0,1,validated_outer_limit_outward,validated_negative_half_crossing,0,0,1.6717583160351446,1.6717583160721827,1.6717583160351446,1.6717583160721827,0.8109985707087487,0.81099857071103598,0.059028936325312427,0.059028936331460731,-0.033579808062523128,-0.033579808054993242,-0.033579808062523128,-0.033579808054993242,0.90055459063221077,0.90055459063348064,-2.3914368938607162,-2.3914368938607122,-1.1681100531291122e-11,1.1677103728402471e-11,0.00022807012505308272,0.0002280701250531295,-2.348652956146724e-17,2.3472977034311171e-17,4089,0,validated_negative_half_crossing: trajectory box reached the outer study limit; this is not an escape proof
43,10,r,0,0.79216727586354363,0.79216727586354452,-0.33750000000000019,-0.33749999999999986,1,0,1,0,1,validated_outer_limit_outward,validated_outer_limit_outward,1,-1,3.4043116607478527,3.4043116608511093,3.4043116607478527,3.4043116608511093,3.4544363411015002,3.4544363788668733,2.2629587265052296,2.2629589629245981,-5.1310816143256321,-5.1310814270527159,65.912861675886205,65.912863080820173,2.236067973153534,2.2360679818460456,-2.3914368938607162,-2.3914368938607122,-0.00013722587357278826,0.00013722585390496533,0.00022807012505308272,0.0002280701250531295,-2.348652956146724e-17,2.3472977034311171e-17,4089,0,validated_outer_limit_outward: trajectory box reached the outer study limit; this is not an escape proof
43,11,r,0,0.79216727586354363,0.79216727586354452,-0.28125000000000022,-0.28124999999999978,1,0,1,0,1,validated_outer_limit_outward,validated_negative_half_crossing,0,0,1.6172524741775807,1.6172524742121475,1.6172524741775807,1.6172524742121475,0.81139926230296977,0.81139926230512427,0.06053057520063914,0.060530575206418975,-0.033474984892625952,-0.033474984885551229,-0.033474984892625952,-0.033474984885551229,0.90077703251302421,0.90077703251422003,-2.3914368938607162,-2.3914368938607122,-1.1012302181256928e-11,1.1008083333763352e-11,0.00022807012505308272,0.0002280701250531295,-2.348652956146724e-17,2.348652956146724e-17,4002,0,validated_negative_half_crossing: trajectory box reached the outer study limit; this is not an escape proof
43,11,r,0,0.79216727586354363,0.79216727586354452,-0.28125000000000022,-0.28124999999999978,1,0,1,0,1,validated_outer_limit_outward,validated_outer_limit_outward,1,-1,3.3342105193973239,3.3342105194930665,3.3342105193973239,3.3342105194930665,3.4540710045378527,3.4540710416392533,2.2619311808219518,2.2619314062693334,-5.1308102511775306,-5.1308100709820446,65.903947312139678,65.903948635680109,2.2360679734859286,2.236067981513651,-2.3914368938607162,-2.3914368938607122,-0.00012874859470457523,0.00012874858322220462,0.00022807012505308272,0.0002280701250531295,-2.348652956146724e-17,2.348652956146724e-17,4002,0,validated_outer_limit_outward: trajectory box reached the outer study limit; this is not an escape proof
43,12,r,0,0.79216727586354363,0.79216727586354452,-0.22500000000000014,-0.22499999999999981,1,0,1,0,1,validated_outer_limit_outward,validated_negative_half_crossing,0,0,1.567710962231784,1.5677109622643881,1.567710962231784,1.5677109622643881,0.81169298387759581,0.81169298387963595,0.061699883699187594,0.061699883704646782,-0.03325887480187259,-0.033258874795189727,-0.03325887480187259,-0.033258874795189727,0.9009400556516487,0.9009400556527809,-2.3914368938607162,-2.3914368938607122,-1.0432987807007521e-11,1.0428768959513945e-11,0.00022807012505308272,0.0002280701250531295,-2.3472977034311171e-17,2.3472977034311171e-17,3933,0,validated_negative_half_crossing: trajectory box reached the outer study limit; this is not an escape proof
43,12,r,0,0.79216727586354363,0.79216727586354452,-0.22500000000000014,-0.22499999999999981,1,0,1,0,1,validated_outer_limit_outward,validated_outer_limit_outward,1,-1,3.2728307530079133,3.2728307530968181,3.2728307530079133,3.2728307530968181,3.4538206435041019,3.4538206757171497,2.2611312211209968,2.2611314223759371,-5.1306664160046509,-5.1306662564854726,65.897392361334454,65.897393556029371,2.2360679738072,2.2360679811923796,-2.3914368938607162,-2.3914368938607122,-0.00011669316114648609,0.00011669314523032881,0.00022807012505308272,0.0002280701250531295,-2.3472977034311171e-17,2.3472977034311171e-17,3933,0,validated_outer_limit_outward: trajectory box reached the outer study limit; this is not an escape proof
43,13,r,0,0.79216727586354363,0.79216727586354452,-0.16875000000000023,-0.16874999999999984,1,0,1,0,1,validated_outer_limit_outward,validated_negative_half_crossing,0,0,1.5219815568148354,1.5219815568461093,1.5219815568148354,1.5219815568461093,0.81189232837184833,0.81189232837380376,0.062578089838564596,0.06257808984377633,-0.03294254293969525,-0.032942542933308158,-0.03294254293969525,-0.032942542933308158,0.90105068024603829,0.90105068024712331,-2.3914368938607162,-2.3914368938607122,-1.0000222872008635e-11,9.9960040245150594e-12,0.00022807012505308272,0.0002280701250531295,-2.3472977034311171e-17,2.3472977034311171e-17,3864,0,validated_negative_half_crossing: trajectory box reached the outer study limit; this is not an escape proof
43,13,r,0,0.79216727586354363,0.79216727586354452,-0.16875000000000023,-0.16874999999999984,1,0,1,0,1,validated_outer_limit_outward,validated_outer_limit_outward,1,-1,3.2183983290009515,3.2183983290855296,3.2183983290009515,3.2183983290855296,3.4536621958951832,3.4536622277660172,2.2605177457330772,2.260517940646253,-5.1306225762589452,-5.1306224207676987,65.8927450349981,65.892746181785554,2.23606797400452,2.2360679809950592,-2.3914368938607162,-2.3914368938607122,-0.00011171532781872884,0.00011171531036779925,0.00022807012505308272,0.0002280701250531295,-2.3472977034311171e-17,2.3472977034311171e-17,3864,0,validated_outer_limit_outward: trajectory box reached the outer study limit; this is not an escape proof
43,14,r,0,0.79216727586354363,0.79216727586354452,-0.11250000000000016,-0.11249999999999977,1,0,1,0,1,validated_outer_limit_outward,validated_negative_half_crossing,0,0,1.4792060008929038,1.4792060009229924,1.4792060008929038,1.4792060009229924,0.81200607669035829,0.81200607669223301,0.063194017504459424,0.063194017509435305,-0.032533519853057129,-0.032533519846951728,-0.032533519853057129,-0.032533519846951728,0.90111379785816081,0.90111379785920098,-2.3914368938607162,-2.3914368938607122,-9.5852215054037515e-12,9.5807806133052509e-12,0.00022807012505308272,0.0002280701250531295,-2.3459424507155102e-17,2.348652956146724e-17,3807,0,validated_negative_half_crossing: trajectory box reached the outer study limit; this is not an escape proof
43,14,r,0,0.79216727586354363,0.79216727586354452,-0.11250000000000016,-0.11249999999999977,1,0,1,0,1,validated_outer_limit_outward,validated_outer_limit_outward,1,-1,3.1696390056271886,3.1696390057075838,3.1696390056271886,3.1696390057075838,3.4535795025698857,3.4535795316433791,2.2600616394531432,2.2600618201598062,-5.1306595495431591,-5.1306594060858526,65.889687112158086,65.889688182404612,2.2360679742018923,2.2360679807976878,-2.3914368938607162,-2.3914368938607122,-0.00010449250527244658,0.00010449248969734981,0.00022807012505308272,0.0002280701250531295,-2.3459424507155102e-17,2.348652956146724e-17,3807,0,validated_outer_limit_outward: trajectory box reached the outer study limit; this is not an escape proof
43,15,r,0,0.79216727586354363,0.79216727586354452,-0.056250000000000133,-0.0562499999999998,1,0,1,0,1,validated_outer_limit_outward,validated_negative_half_crossing,0,0,1.4387200408040788,1.4387200408330361,1.4387200408040788,1.4387200408330361,0.81204041267198579,0.81204041267378269,0.063568054778505717,0.063568054783253516,-0.032036962914656769,-0.032036962908818273,-0.032036962914656769,-0.032036962908818273,0.90113284962428586,0.90113284962528284,-2.3914368938607162,-2.3914368938607122,-9.18443099351407e-12,9.1799901014155694e-12,0.00022807012505308272,0.0002280701250531295,-2.3459424507155102e-17,2.3459424507155102e-17,3753,0,validated_negative_half_crossing: trajectory box reached the outer study limit; this is not an escape proof
43,15,r,0,0.79216727586354363,0.79216727586354452,-0.056250000000000133,-0.0562499999999998,1,0,1,0,1,validated_outer_limit_outward,validated_outer_limit_outward,1,-1,3.125609070705722,3.1256090707828563,3.125609070705722,3.1256090707828563,3.4535609061626995,3.4535609353100734,2.2597416958897241,2.2597418730990069,-5.1307636032363817,-5.1307634616133777,65.887988077618388,65.887989118023498,2.2360679743419669,2.2360679806576127,-2.3914368938607162,-2.3914368938607122,-0.00010123626145741582,0.00010123625031610572,0.00022807012505308272,0.0002280701250531295,-2.3459424507155102e-17,2.3459424507155102e-17,3753,0,validated_outer_limit_outward: trajectory box reached the outer study limit; this is not an escape proof
43,16,r,0,0.79216727586354363,0.79216727586354452,-1.1102230246251565e-16,1.1102230246251565e-16,1,0,1,0,1,validated_outer_limit_outward,validated_negative_half_crossing,0,0,1.3999903099956321,1.3999903100236706,1.3999903099956321,1.3999903100236706,0.81199964767437582,0.81199964767609945,0.063714532757780953,0.063714532762318782,-0.031456325950596623,-0.03145632594500998,-0.031456325950596623,-0.03145632594500998,0.9011102305902291,0.90111023059118545,-2.3914368938607162,-2.3914368938607122,-8.8042906298824164e-12,8.8002938269937658e-12,0.00022807012505308272,0.0002280701250531295,-2.3445871979999033e-17,2.3432319452842965e-17,3705,0,validated_negative_half_crossing: trajectory box reached the outer study limit; this is not an escape proof
43,16,r,0,0.79216727586354363,0.79216727586354452,-1.1102230246251565e-16,1.1102230246251565e-16,1,0,1,0,1,validated_outer_limit_outward,validated_outer_limit_outward,1,-1,3.085592409030725,3.0855924091045419,3.085592409030725,3.0855924091045419,3.4535978523910713,3.4535978790572388,2.2595422477201828,2.2595424127961925,-5.1309246860467148,-5.1309245548370237,65.887478168077337,65.887479144066759,2.2360679744997896,2.2360679804997901,-2.3914368938607162,-2.3914368938607122,-9.524866987931091e-05,9.5248654531587817e-05,0.00022807012505308272,0.0002280701250531295,-2.3445871979999033e-17,2.3432319452842965e-17,3705,0,validated_outer_limit_outward: trajectory box reached the outer study limit; this is not an escape proof
43,17,r,0,0.79216727586354363,0.79216727586354452,0.0562499999999998,0.056250000000000133,1,0,1,0,1,validated_outer_limit_outward,validated_negative_half_crossing,0,0,1.3625723109664329,1.3625723109937244,1.3625723109664329,1.3625723109937244,0.81188666469979198,0.81188666470145021,0.063643193993155794,0.063643193997501957,-0.030793756190694493,-0.030793756185333043,-0.030793756190694493,-0.030793756185333043,0.90104753742507504,0.90104753742599519,-2.3914368938607162,-2.3914368938607122,-8.4632301167175683e-12,8.4592333138289177e-12,0.00022807012505308272,0.0002280701250531295,-2.3459424507155102e-17,2.3459424507155102e-17,3663,0,validated_negative_half_crossing: trajectory box reached the outer study limit; this is not an escape proof
43,17,r,0,0.79216727586354363,0.79216727586354452,0.0562499999999998,0.056250000000000133,1,0,1,0,1,validated_outer_limit_outward,validated_outer_limit_outward,1,-1,3.0490351020484221,3.0490351021199258,3.0490351020484221,3.0490351021199258,3.4536840115461089,3.4536840380018705,2.2594516293053863,2.2594517909650897,-5.1311354073747406,-5.1311352783750097,65.888031440800773,65.888032391641289,2.2360679746027867,2.2360679803967933,-2.3914368938607162,-2.3914368938607122,-9.2616453969185386e-05,9.2616438507775456e-05,0.00022807012505308272,0.0002280701250531295,-2.3459424507155102e-17,2.3459424507155102e-17,3663,0,validated_outer_limit_outward: trajectory box reached the outer study limit; this is not an escape proof
43,18,r,0,0.79216727586354363,0.79216727586354452,0.11249999999999977,0.11250000000000016,1,0,1,0,1,validated_outer_limit_outward,validated_negative_half_crossing,0,0,1.3260808468624954,1.3260808468891732,1.3260808468624954,1.3260808468891732,0.81170319118120149,0.81170319118279632,0.063360105698344715,0.063360105702511618,-0.03005032874622432,-0.030050328741077732,-0.03005032874622432,-0.030050328741077732,0.90094572044113819,0.90094572044202326,-2.3914368938607162,-2.3914368938607122,-8.1323836553792717e-12,8.127942763280771e-12,0.00022807012505308272,0.0002280701250531295,-2.3459424507155102e-17,2.348652956146724e-17,3621,0,validated_negative_half_crossing: trajectory box reached the outer study limit; this is not an escape proof
43,18,r,0,0.79216727586354363,0.79216727586354452,0.11249999999999977,0.11250000000000016,1,0,1,0,1,validated_outer_limit_outward,validated_outer_limit_outward,1,-1,3.0155023942575543,3.0155023943270622,3.0155023942575543,3.0155023943270622,3.4538147385261344,3.453814764452531,2.2594612519058441,2.259461409449504,-5.1313903418652487,-5.1313902159374019,65.889555261064899,65.889556185887045,2.2360679746935688,2.2360679803060108,-2.3914368938607162,-2.3914368938607122,-8.9977816855935089e-05,8.9977793720663612e-05,0.00022807012505308272,0.0002280701250531295,-2.3459424507155102e-17,2.348652956146724e-17,3621,0,validated_outer_limit_outward: trajectory box reached the outer study limit; this is not an escape proof
43,19,r,0,0.79216727586354363,0.79216727586354452,0.16874999999999984,0.16875000000000023,1,0,1,0,1,validated_outer_limit_outward,validated_negative_half_crossing,0,0,1.2901678181320906,1.2901678181581127,1.2901678181320906,1.2901678181581127,0.8114499591339901,0.81144995913551921,0.062868210545118347,0.062868210549096123,-0.029226176075233049,-0.029226176070309223,-0.029226176075233049,-0.029226176070309223,0.90080517268385518,0.90080517268470384,-2.3914368938607162,-2.3914368938607122,-7.787548383930698e-12,7.7833295364371224e-12,0.00022807012505308272,0.0002280701250531295,-2.3472977034311171e-17,2.3472977034311171e-17,3585,0,validated_negative_half_crossing: trajectory box reached the outer study limit; this is not an escape proof
43,19,r,0,0.79216727586354363,0.79216727586354452,0.16874999999999984,0.16875000000000023,1,0,1,0,1,validated_outer_limit_outward,validated_outer_limit_outward,1,-1,2.9846496012421833,2.9846496013096213,2.9846496012421833,2.9846496013096213,3.4539867181451802,3.4539867432438434,2.2595649727076004,2.2595651251297553,-5.1316856247676661,-5.1316855029108455,65.89198342375029,65.891984318386037,2.2360679747864989,2.2360679802130807,-2.3914368938607162,-2.3914368938607122,-8.7023429955479514e-05,8.7023411538211803e-05,0.00022807012505308272,0.0002280701250531295,-2.3472977034311171e-17,2.3472977034311171e-17,3585,0,validated_outer_limit_outward: trajectory box reached the outer study limit; this is not an escape proof
43,20,r,0,0.79216727586354363,0.79216727586354452,0.22499999999999981,0.22500000000000014,1,0,1,0,1,validated_outer_limit_outward,validated_negative_half_crossing,0,0,1.2545041385063349,1.2545041385319149,1.2545041385063349,1.2545041385319149,0.81112678411219696,0.81112678411366435,0.062167620302592388,0.062167620306399878,-0.028320542210291726,-0.028320542205573507,-0.028320542210291726,-0.028320542205573507,0.90062577362198393,0.9006257736227985,-2.3914368938607162,-2.3914368938607122,-7.4642514391598525e-12,7.4598105470613518e-12,0.00022807012505308272,0.0002280701250531295,-2.3472977034311171e-17,2.3472977034311171e-17,3549,0,validated_negative_half_crossing: trajectory box reached the outer study limit; this is not an escape proof
43,20,r,0,0.79216727586354363,0.79216727586354452,0.22499999999999981,0.22500000000000014,1,0,1,0,1,validated_outer_limit_outward,validated_outer_limit_outward,1,-1,2.9562020775823559,2.9562020776481308,2.9562020775823559,2.9562020776481308,3.4541977492813709,3.4541977734829903,2.259758717346859,2.259758864768318,-5.1320186863780037,-5.1320185686274336,65.895271938471055,65.895272804687224,2.2360679748666956,2.236067980132884,-2.3914368938607162,-2.3914368938607122,-8.4312928379404184e-05,8.4312902401961765e-05,0.00022807012505308272,0.0002280701250531295,-2.3472977034311171e-17,2.3472977034311171e-17,3549,0,validated_outer_limit_outward: trajectory box reached the outer study limit; this is not an escape proof
43,21,r,0,0.79216727586354363,0.79216727586354452,0.28124999999999978,0.28125000000000022,1,0,1,0,1,validated_outer_limit_outward,validated_negative_half_crossing,0,0,1.2187634385285064,1.2187634385536739,1.2187634385285064,1.2187634385536739,0.81073257807468324,0.81073257807608956,0.061255705849626363,0.061255705853263266,-0.027331775379319193,-0.027331775374807726,-0.027331775379319193,-0.027331775374807726,0.90040689583914413,0.90040689583992495,-2.3914368938607162,-2.3914368938607122,-7.1411765389939319e-12,7.1378458699200564e-12,0.00022807012505308272,0.0002280701250531295,-2.348652956146724e-17,2.348652956146724e-17,3519,0,validated_negative_half_crossing: trajectory box reached the outer study limit; this is not an escape proof
43,21,r,0,0.79216727586354363,0.79216727586354452,0.28124999999999978,0.28125000000000022,1,0,1,0,1,validated_outer_limit_outward,validated_outer_limit_outward,1,-1,2.9299413313555802,2.9299413314197866,2.9299413313555802,2.9299413314197866,3.4544466242740435,3.4544466474226372,2.260040270373036,2.260040412409253,-5.1323881045208601,-5.1323879913210879,65.899396687020328,65.899397523923483,2.2360679749425998,2.2360679800569798,-2.3914368938607162,-2.3914368938607122,-8.1562461900830385e-05,8.1562446041516523e-05,0.00022807012505308272,0.0002280701250531295,-2.348652956146724e-17,2.348652956146724e-17,3519,0,validated_outer_limit_outward: trajectory box reached the outer study limit; this is not an escape proof
43,22,r,0,0.79216727586354363,0.79216727586354452,0.33749999999999986,0.33750000000000019,1,0,1,0,1,validated_outer_limit_outward,validated_negative_half_crossing,0,0,1.1826055635540746,1.1826055635788069,1.1826055635540746,1.1826055635788069,0.81026529977324668,0.81026529977459094,0.060127001963411669,0.06012700196686975,-0.026257261528866128,-0.026257261524562238,-0.026257261528866128,-0.026257261524562238,0.90014737669630895,0.90014737669705558,-2.3914368938607162,-2.3914368938607122,-6.8134387021245857e-12,6.8101080330507102e-12,0.00022807012505308272,0.0002280701250531295,-2.348652956146724e-17,2.3472977034311171e-17,3492,0,validated_negative_half_crossing: trajectory box reached the outer study limit; this is not an escape proof
43,22,r,0,0.79216727586354363,0.79216727586354452,0.33749999999999986,0.33750000000000019,1,0,1,0,1,validated_outer_limit_outward,validated_outer_limit_outward,1,-1,2.9056955303080971,2.9056955303708141,2.9056955303080971,2.9056955303708141,3.4547330862499073,3.4547331083602564,2.2604092034724097,2.2604093403428513,-5.1327935528068362,-5.1327934440148866,65.904352604379952,65.904353413836375,2.2360679750118546,2.236067979987725,-2.3914368938607162,-2.3914368938607122,-7.8976998338475823e-05,7.897697207681631e-05,0.00022807012505308272,0.0002280701250531295,-2.348652956146724e-17,2.3472977034311171e-17,3492,0,validated_outer_limit_outward: trajectory box reached the outer study limit; this is not an escape proof
43,23,r,0,0.79216727586354363,0.79216727586354452,0.39374999999999982,0.39375000000000027,1,0,1,0,1,validated_outer_limit_outward,validated_negative_half_crossing,0,0,1.1456577477409762,1.1456577477654184,1.1456577477409762,1.1456577477654184,0.8097218359508308,0.80972183595211511,0.058772915652384926,0.058772915655673642,-0.025093291392695744,-0.025093291388591468,-0.025093291392695744,-0.025093291388591468,0.89984545114749059,0.89984545114820413,-2.3914368938607162,-2.3914368938607122,-6.496581050896566e-12,6.4928062926128405e-12,0.00022807012505308272,0.0002280701250531295,-2.3472977034311171e-17,2.3513634615779377e-17,3465,0,validated_negative_half_crossing: trajectory box reached the outer study limit; this is not an escape proof
43,23,r,0,0.79216727586354363,0.79216727586354452,0.39374999999999982,0.39375000000000027,1,0,1,0,1,validated_outer_limit_outward,validated_outer_limit_outward,1,-1,2.8833333806914445,2.8833333807530619,2.8833333806914445,2.8833333807530619,3.4550578615076173,3.4550578828270355,2.2608669406781097,2.2608670736013474,-5.1332358355718641,-5.1332357301451879,65.91015433938442,65.910155128002074,2.2360679750649379,2.2360679799346417,-2.3914368938607162,-2.3914368938607122,-7.6996056861844409e-05,7.6996034579224215e-05,0.00022807012505308272,0.0002280701250531295,-2.3472977034311171e-17,2.3513634615779377e-17,3465,0,validated_outer_limit_outward: trajectory box reached the outer study limit; this is not an escape proof
43,24,r,0,0.79216727586354363,0.79216727586354452,0.4499999999999999,0.45000000000000018,1,0,1,0,1,validated_outer_limit_outward,validated_negative_half_crossing,0,0,1.1074906865256031,1.1074906865498353,1.1074906865256031,1.1074906865498353,0.80909779434529716,0.80909779434651974,0.057181193983294493,0.057181193986413782,-0.023834842061816547,-0.023834842057917832,-0.023834842061816547,-0.023834842057917832,0.89949863498801219,0.89949863498869176,-2.3914368938607162,-2.3914368938607122,-6.1697313924469199e-12,6.1664007233730445e-12,0.00022807012505308272,0.0002280701250531295,-2.3472977034311171e-17,2.3459424507155102e-17,3438,0,validated_negative_half_crossing: trajectory box reached the outer study limit; this is not an escape proof
43,24,r,0,0.79216727586354363,0.79216727586354452,0.4499999999999999,0.45000000000000018,1,0,1,0,1,validated_outer_limit_outward,validated_outer_limit_outward,1,-1,2.862760891545034,2.862760891605781,2.862760891545034,2.862760891605781,3.4554227761679441,3.4554227972166185,2.2614169773399468,2.2614171082469512,-5.1337170221613784,-5.1337169182562263,65.91683858172901,65.91683935760733,2.2360679751082349,2.2360679798913448,-2.3914368938607162,-2.3914368938607122,-7.5727000648839748e-05,7.572697563773545e-05,0.00022807012505308272,0.0002280701250531295,-2.3472977034311171e-17,2.3459424507155102e-17,3438,0,validated_outer_limit_outward: trajectory box reached the outer study limit; this is not an escape proof
43,25,r,0,0.79216727586354363,0.79216727586354452,0.50624999999999976,0.5062500000000002,1,0,1,0,1,validated_outer_limit_outward,validated_negative_half_crossing,0,0,1.0675852364202358,1.0675852364442697,1.0675852364202358,1.0675852364442697,0.80838717107319968,0.80838717107436331,0.055335061008980675,0.055335061011926284,-0.022475236564656966,-0.022475236560955573,-0.022475236564656966,-0.022475236560955573,0.89910353746006344,0.89910353746071048,-2.3914368938607162,-2.3914368938607122,-5.8557603210829257e-12,5.8524296520090502e-12,0.00022807012505308272,0.0002280701250531295,-2.3500082088623309e-17,2.348652956146724e-17,3417,0,validated_negative_half_crossing: trajectory box reached the outer study limit; this is not an escape proof
43,25,r,0,0.79216727586354363,0.79216727586354452,0.50624999999999976,0.5062500000000002,1,0,1,0,1,validated_outer_limit_outward,validated_outer_limit_outward,1,-1,2.8439210175780643,2.843921017638213,2.8439210175780643,2.843921017638213,3.4558309844522017,3.4558310059824477,2.2620653023638444,2.2620654341227349,-5.1342407125635967,-5.1342406074728455,65.924468587691393,65.924469363512486,2.2360679751343011,2.2360679798652785,-2.3914368938607162,-2.3914368938607122,-7.5551959184849693e-05,7.5551936959072918e-05,0.00022807012505308272,0.0002280701250531295,-2.3500082088623309e-17,2.348652956146724e-17,3417,0,validated_outer_limit_outward: trajectory box reached the outer study limit; this is not an escape proof
43,26,r,0,0.79216727586354363,0.79216727586354452,0.56249999999999978,0.56250000000000022,1,0,1,0,1,validated_outer_limit_outward,validated_negative_half_crossing,0,0,1.0252823983281329,1.0252823983515136,1.0252823983281329,1.0252823983515136,0.80758182285148983,0.80758182285257418,0.053211856023499468,0.053211856026218154,-0.021005614702333253,-0.021005614698892217,-0.021005614702333253,-0.021005614698892217,0.89865556407974789,0.89865556408035119,-2.3914368938607162,-2.3914368938607122,-5.440092820663267e-12,5.4374282854041667e-12,0.00022807012505308272,0.0002280701250531295,-2.348652956146724e-17,2.3513634615779377e-17,3396,0,validated_negative_half_crossing: trajectory box reached the outer study limit; this is not an escape proof
43,26,r,0,0.79216727586354363,0.79216727586354452,0.56249999999999978,0.56250000000000022,1,0,1,0,1,validated_outer_limit_outward,validated_outer_limit_outward,1,-1,2.8267967625868091,2.826796762645345,2.8267967625868091,2.826796762645345,3.4562873654970452,3.4562873865659749,2.2628211306524464,2.2628212592599768,-5.1348124963353357,-5.1348123936798178,65.933142037853514,65.933142794479807,2.2360679751973107,2.2360679798022689,-2.3914368938607162,-2.3914368938607122,-7.3640439666178281e-05,7.3640422669996042e-05,0.00022807012505308272,0.0002280701250531295,-2.348652956146724e-17,2.3513634615779377e-17,3396,0,validated_outer_limit_outward: trajectory box reached the outer study limit; this is not an escape proof
43,27,r,0,0.79216727586354363,0.79216727586354452,0.6187499999999998,0.61875000000000024,1,0,1,0,1,validated_outer_limit_outward,validated_negative_half_crossing,0,0,0.97970280767552775,0.97970280769819407,0.97970280767552775,0.97970280769819407,0.80667061233501991,0.80667061233601878,0.050780860767966604,0.05078086077044857,-0.01941409016545096,-0.019414090162287005,-0.01941409016545096,-0.019414090162287005,0.8981484355801217,0.8981484355806777,-2.3914368938607162,-2.3914368938607122,-4.9953374769984293e-12,4.992894986344254e-12,0.00022807012505308272,0.0002280701250531295,-2.3513634615779377e-17,2.3500082088623309e-17,3375,0,validated_negative_half_crossing: trajectory box reached the outer study limit; this is not an escape proof
43,27,r,0,0.79216727586354363,0.79216727586354452,0.6187499999999998,0.61875000000000024,1,0,1,0,1,validated_outer_limit_outward,validated_outer_limit_outward,1,-1,2.8114192874485,2.8114192875053434,2.8114192874485,2.8114192875053434,3.4567991954412074,3.4567992160328238,2.2636981291829894,2.2636982545568034,-5.1354407515239107,-5.1354406513732602,65.943004321991225,65.943005059010517,2.2360679752614963,2.2360679797380834,-2.3914368938607162,-2.3914368938607122,-7.1686213289012812e-05,7.1686197600229207e-05,0.00022807012505308272,0.0002280701250531295,-2.3513634615779377e-17,2.3500082088623309e-17,3375,0,validated_outer_limit_outward: trajectory box reached the outer study limit; this is not an escape proof
43,28,r,0,0.79216727586354363,0.79216727586354452,0.67499999999999982,0.67500000000000027,1,0,1,0,1,validated_outer_limit_outward,validated_negative_half_crossing,0,0,0.92960763529726198,0.92960763531913959,0.92960763529726198,0.92960763531913959,0.80563796280153332,0.80563796280244226,0.047999706661056504,0.047999706663287248,-0.017684346151968112,-0.017684346149094449,-0.017684346151968112,-0.017684346149094449,0.89757337460596132,0.89757337460646758,-2.3914368938607162,-2.3914368938607122,-4.5292658512607886e-12,4.5270454052115383e-12,0.00022807012505308272,0.0002280701250531295,-2.3513634615779377e-17,2.3513634615779377e-17,3360,0,validated_negative_half_crossing: trajectory box reached the outer study limit; this is not an escape proof
43,28,r,0,0.79216727586354363,0.79216727586354452,0.67499999999999982,0.67500000000000027,1,0,1,0,1,validated_outer_limit_outward,validated_outer_limit_outward,1,-1,2.7978844980323156,2.7978844980872029,2.7978844980323156,2.7978844980872029,3.4573773299791166,3.4573773493562201,2.2647165793395287,2.2647166987934706,-5.1361380240770425,-5.1361379290141107,65.954271869763971,65.954272575460706,2.236067975338091,2.2360679796614886,-2.3914368938607162,-2.3914368938607122,-6.8773645239161851e-05,6.8773626594520465e-05,0.00022807012505308272,0.0002280701250531295,-2.3513634615779377e-17,2.3513634615779377e-17,3360,0,validated_outer_limit_outward: trajectory box reached the outer study limit; this is not an escape proof
43,29,r,0,0.79216727586354363,0.79216727586354452,0.73124999999999973,0.73125000000000018,1,0,1,0,1,validated_outer_limit_outward,validated_negative_half_crossing,0,0,0.873137890713093,0.87313789073418113,0.873137890713093,0.87313789073418113,0.80446124786307982,0.80446124786389861,0.044808082407695377,0.044808082409665106,-0.015793134672899216,-0.015793134670315172,-0.015793134672899216,-0.015793134670315172,0.89691763716802886,0.89691763716848527,-2.3914368938607162,-2.3914368938607122,-4.0631942255231479e-12,4.0614178686837477e-12,0.00022807012505308272,0.0002280701250531295,-2.3513634615779377e-17,2.3540739670091515e-17,3348,0,validated_negative_half_crossing: trajectory box reached the outer study limit; this is not an escape proof
43,29,r,0,0.79216727586354363,0.79216727586354452,0.73124999999999973,0.73125000000000018,1,0,1,0,1,validated_outer_limit_outward,validated_outer_limit_outward,1,-1,2.7863860990714961,2.7863860991246652,2.7863860990714961,2.7863860991246652,3.4580383935910581,3.4580384124018999,2.2659073512033698,2.265907467227338,-5.136923617014558,-5.136923524697159,65.967275274132433,65.967275959829095,2.236067975399008,2.2360679796005716,-2.3914368938607162,-2.3914368938607122,-6.6818184848216333e-05,6.6818165350923664e-05,0.00022807012505308272,0.0002280701250531295,-2.3513634615779377e-17,2.3540739670091515e-17,3348,0,validated_outer_limit_outward: trajectory box reached the outer study limit; this is not an escape proof
43,30,r,0,0.79216727586354363,0.79216727586354452,0.78749999999999987,0.78750000000000031,1,0,1,0,1,validated_outer_limit_outward,validated_negative_half_crossing,0,0,0.80727273698325541,0.80727273700351376,0.80727273698325541,0.80727273700351376,0.80310561128366209,0.80310561128438218,0.04111575041775474,0.041115750419449752,-0.013705380756286913,-0.013705380754019069,-0.013705380756286913,-0.013705380754019069,0.89616159886689084,0.89616159886729252,-2.3914368938607162,-2.3914368938607122,-3.5567104816891515e-12,3.5549341248497512e-12,0.00022807012505308272,0.0002280701250531295,-2.3513634615779377e-17,2.3513634615779377e-17,3336,0,validated_negative_half_crossing: trajectory box reached the outer study limit; this is not an escape proof
43,30,r,0,0.79216727586354363,0.79216727586354452,0.78749999999999987,0.78750000000000031,1,0,1,0,1,validated_outer_limit_outward,validated_outer_limit_outward,1,-1,2.7772852961165624,2.7772852961678982,2.7772852961165624,2.7772852961678982,3.4588092378612392,3.4588092555250904,2.2673199751694524,2.2673200857660429,-5.1378288487788941,-5.1378287611775182,65.982546930724808,65.982547588740744,2.236067975464807,2.2360679795347727,-2.3914368938607162,-2.3914368938607122,-6.4210446510060137e-05,6.4210428888600291e-05,0.00022807012505308272,0.0002280701250531295,-2.3513634615779377e-17,2.3513634615779377e-17,3336,0,validated_outer_limit_outward: trajectory box reached the outer study limit; this is not an escape proof
43,31,r,0,0.79216727586354363,0.79216727586354452,0.84374999999999978,0.84375000000000022,1,0,1,0,1,validated_outer_limit_outward,validated_negative_half_crossing,0,0,0.72653072774902583,0.72653072776817373,0.72653072774902583,0.72653072776817373,0.80151216032950323,0.80151216033010819,0.036776725657013308,0.036776725658399463,-0.011363159557484884,-0.011363159555581651,-0.011363159557484884,-0.011363159555581651,0.89527211524178685,0.89527211524212469,-2.3914368938607162,-2.3914368938607122,-2.9729552153412442e-12,2.971400903106769e-12,0.00022807012505308272,0.0002280701250531295,-2.3540739670091515e-17,2.3567844724403653e-17,3330,0,validated_negative_half_crossing: trajectory box reached the outer study limit; this is not an escape proof
43,31,r,0,0.79216727586354363,0.79216727586354452,0.84374999999999978,0.84375000000000022,1,0,1,0,1,validated_outer_limit_outward,validated_outer_limit_outward,1,-1,2.7712769049243904,2.7712769049733437,2.7712769049243904,2.7712769049733437,3.4597373345405007,3.4597373513150855,2.2690413611388847,2.269041466666561,-5.1389093843706632,-5.1389093009047295,66.00102497252179,66.001025601875611,2.2360679755483419,2.2360679794512377,-2.3914368938607162,-2.3914368938607122,-6.1422320470683189e-05,6.142230597561138e-05,0.00022807012505308272,0.0002280701250531295,-2.3540739670091515e-17,2.3567844724403653e-17,3330,0,validated_outer_limit_outward: trajectory box reached the outer study limit; this is not an escape proof
43,32,r,0,0.79216727586354363,0.79216727586354452,0.89999999999999991,0.90000000000000013,1,0,1,0,1,validated_outer_limit_outward,validated_negative_half_crossing,0,0,0.61908007208338001,0.61908007210101679,0.61908007208338001,0.61908007210101679,0.7995643862284969,0.7995643862289783,0.03152150316673865,0.031521503167777583,-0.0086546169401835616,-0.0086546169386763089,-0.0086546169401835616,-0.0086546169386763089,0.894183642340038,0.89418364234030712,-2.3914368938607162,-2.3914368938607122,-2.3478996524772811e-12,2.347233518662506e-12,0.00022807012505308272,0.0002280701250531295,-2.3472977034311171e-17,2.3500082088623309e-17,3327,0,validated_negative_half_crossing: trajectory box reached the outer study limit; this is not an escape proof
43,32,r,0,0.79216727586354363,0.79216727586354452,0.89999999999999991,0.90000000000000013,1,0,1,0,1,validated_outer_limit_outward,validated_outer_limit_outward,1,-1,2.7698800332695352,2.7698800333156597,2.7698800332695352,2.7698800333156597,3.4609210130679662,3.4609210298092727,2.2712500183230993,2.2712501214611556,-5.1402811869592746,-5.1402811048713275,66.024645318144124,66.024645927809516,2.2360679756349335,2.2360679793646465,-2.3914368938607162,-2.3914368938607122,-5.9359295335070783e-05,5.9359275269343925e-05,0.00022807012505308272,0.0002280701250531295,-2.3472977034311171e-17,2.3500082088623309e-17,3327,0,validated_outer_limit_outward: trajectory box reached the outer study limit; this is not an escape proof
44,0,r,0,0.79270479756067547,0.79270479756067636,-0.90000000000000013,-0.89999999999999991,1,0,1,0,1,validated_inner_limit_inward,validated_inner_limit_inward,0,-1,34.76191048164209,34.76191048186999,34.76191048164209,34.76191048186999,-1.8276794700882349e-07,-1.8276794694376067e-07,80266532.434121355,80266532.469582528,-434592219.0290677,-434592218.91682124,-0.00022097106587565441,-0.00022097106585709686,0.00099999999995806698,0.0010000000000419331,-2.3914368938607162,-2.3914368938607122,-1.1344520300373903e-14,1.1304029737445656e-14,0.00024987004106232869,0.00024987004106239119,-3.1387652893455353e-17,3.1360547839143216e-17,41715,0,validated_inner_limit_inward: first event is the inner study limit; this is not a collision proof
44,1,r,0,0.79270479756067547,0.79270479756067636,-0.84375000000000022,-0.84374999999999978,1,0,1,0,1,validated_inner_limit_inward,validated_inner_limit_inward,0,-1,35.614973930139016,35.614973930711059,35.614973930139016,35.614973930711059,-2.0673451047147757e-07,-2.067345103283884e-07,90854560.075706631,90854560.160192087,-432502672.89715415,-432502672.58793771,-0.00022097106214377939,-0.00022097106209184101,0.00099999999988253474,0.0010000000001174653,-2.3914368938607162,-2.3914368938607122,-1.138616035984629e-14,1.1276268070041718e-14,0.00024987004106232869,0.00024987004106239119,-3.1441863002079629e-17,3.1414757947767491e-17,42738,0,validated_inner_limit_inward: first event is the inner study limit; this is not a collision proof
44,2,r,0,0.79270479756067547,0.79270479756067636,-0.78750000000000031,-0.78749999999999987,1,0,1,0,1,validated_outer_limit_outward,validated_negative_half_crossing,0,0,2.5548455272370978,2.5548455274024202,2.5548455272370978,2.5548455274024202,0.8007156919258791,0.80071569193211933,0.024810715416880257,0.024810715433143976,-0.026221589805609295,-0.026221589784301554,-0.026221589805609295,-0.026221589784301554,0.89482718550895579,0.89482718551244256,-2.3914368938607162,-2.3914368938607122,-3.1064262273616805e-11,3.106137569375278e-11,0.00024987004106232869,0.00024987004106239119,-3.1441863002079629e-17,3.1414757947767491e-17,5802,0,validated_negative_half_crossing: trajectory box reached the outer study limit; this is not an escape proof
44,2,r,0,0.79270479756067547,0.79270479756067636,-0.78750000000000031,-0.78749999999999987,1,0,1,0,1,validated_outer_limit_outward,validated_outer_limit_outward,1,-1,4.8327250380746074,4.8327250386811835,4.8327250380746074,4.8327250386811835,3.4701684493450307,3.4701687081134804,2.2918515751508979,2.2918531797335784,-5.1494931293738002,-5.1494918551691136,66.224511649192678,66.2245211829471,2.2360679483146462,2.2360680066849339,-2.3914368938607162,-2.3914368938607122,-0.0009266754543659772,0.00092667541264290776,0.00024987004106232869,0.00024987004106239119,-3.1441863002079629e-17,3.1414757947767491e-17,5802,0,validated_outer_limit_outward: trajectory box reached the outer study limit; this is not an escape proof
44,3,r,0,0.79270479756067547,0.79270479756067636,-0.73125000000000018,-0.73124999999999973,1,0,1,0,1,validated_outer_limit_outward,validated_negative_half_crossing,0,0,2.2380865254226454,2.2380865255176823,2.2380865254226454,2.2380865255176823,0.80517319695620404,0.8051731969607806,0.039123025151634065,0.039123025163691608,-0.030670819016838415,-0.030670819001401985,-0.030670819016838415,-0.030670819001401985,0.89731443594550742,0.89731443594805749,-2.3914368938607162,-2.3914368938607122,-2.3046675678983775e-11,2.3043345009909899e-11,0.00024987004106232869,0.00024987004106239119,-3.1441863002079629e-17,3.1414757947767491e-17,5079,0,validated_negative_half_crossing: trajectory box reached the outer study limit; this is not an escape proof
44,3,r,0,0.79270479756067547,0.79270479756067636,-0.73125000000000018,-0.73124999999999973,1,0,1,0,1,validated_outer_limit_outward,validated_outer_limit_outward,1,-1,4.2279945189132375,4.2279945192103039,4.2279945189132375,4.2279945192103039,3.462045906881829,3.4620460217221281,2.2786403931539567,2.2786411150706045,-5.1392417432636561,-5.1392411722494922,66.071752499937489,66.071756806464222,2.2360679641774657,2.2360679908221144,-2.3914368938607162,-2.3914368938607122,-0.00041995272204076173,0.00041995269441486016,0.00024987004106232869,0.00024987004106239119,-3.1441863002079629e-17,3.1414757947767491e-17,5079,0,validated_outer_limit_outward: trajectory box reached the outer study limit; this is not an escape proof
44,4,r,0,0.79270479756067547,0.79270479756067636,-0.67500000000000027,-0.67499999999999982,1,0,1,0,1,validated_outer_limit_outward,validated_negative_half_crossing,0,0,2.0604363597132722,2.0604363597847346,2.0604363597132722,2.0604363597847346,0.80753248979108938,0.80753248979488979,0.046811904803458725,0.046811904813566931,-0.032615639369696275,-0.032615639356974181,-0.032615639369696275,-0.032615639356974181,0.89862811540207743,0.89862811540419196,-2.3914368938607162,-2.3914368938607122,-1.9253043603839615e-11,1.9249490890160814e-11,0.00024987004106232869,0.00024987004106239119,-3.1441863002079629e-17,3.1414757947767491e-17,4728,0,validated_negative_half_crossing: trajectory box reached the outer study limit; this is not an escape proof
44,4,r,0,0.79270479756067547,0.79270479756067636,-0.67500000000000027,-0.67499999999999982,1,0,1,0,1,validated_outer_limit_outward,validated_outer_limit_outward,1,-1,3.937397977435086,3.937397977647016,3.937397977435086,3.937397977647016,3.4585740030372567,3.4585740885545162,2.2722222352371872,2.2722227549870779,-5.1351961770740866,-5.1351957617354262,66.002728261431926,66.002731316383461,2.2360679682505746,2.2360679867490054,-2.3914368938607162,-2.3914368938607122,-0.00029681881716214775,0.00029681879419740653,0.00024987004106232869,0.00024987004106239119,-3.1441863002079629e-17,3.1414757947767491e-17,4728,0,validated_outer_limit_outward: trajectory box reached the outer study limit; this is not an escape proof
44,5,r,0,0.79270479756067547,0.79270479756067636,-0.61875000000000024,-0.6187499999999998,1,0,1,0,1,validated_outer_limit_outward,validated_negative_half_crossing,0,0,1.9366205615218552,1.936620561580104,1.9366205615218552,1.936620561580104,0.80912590147613095,0.80912590147943464,0.052055403093186153,0.052055403102036275,-0.033748191071847122,-0.033748191060884454,-0.033748191071847122,-0.033748191060884454,0.89951425862858392,0.89951425863042023,-2.3914368938607162,-2.3914368938607122,-1.6789014622986542e-11,1.6785239864702817e-11,0.00024987004106232869,0.00024987004106239119,-3.1414757947767491e-17,3.1387652893455353e-17,4500,0,validated_negative_half_crossing: trajectory box reached the outer study limit; this is not an escape proof
44,5,r,0,0.79270479756067547,0.79270479756067636,-0.61875000000000024,-0.6187499999999998,1,0,1,0,1,validated_outer_limit_outward,validated_outer_limit_outward,1,-1,3.7469507583389214,3.7469507585057507,3.7469507583389214,3.7469507585057507,3.4565643146783445,3.4565643776911315,2.2681938329680658,2.2681942245848776,-5.1329909061674961,-5.1329905953059214,65.961282036012264,65.961284357020503,2.2360679703585635,2.2360679846410161,-2.3914368938607162,-2.3914368938607122,-0.00022641862932459844,0.0002264186074967256,0.00024987004106232869,0.00024987004106239119,-3.1414757947767491e-17,3.1387652893455353e-17,4500,0,validated_outer_limit_outward: trajectory box reached the outer study limit; this is not an escape proof
44,6,r,0,0.79270479756067547,0.79270479756067636,-0.56250000000000022,-0.56249999999999978,1,0,1,0,1,validated_outer_limit_outward,validated_negative_half_crossing,0,0,1.8414180261638957,1.8414180262094901,1.8414180261638957,1.8414180262094901,0.81030906435096706,0.81030906435378147,0.055989127788514087,0.055989127796117741,-0.034466731811467179,-0.034466731802147425,-0.034466731811467179,-0.034466731802147425,0.90017168604159459,0.90017168604315778,-2.3914368938607162,-2.3914368938607122,-1.4354739619193424e-11,1.4350076682489998e-11,0.00024987004106232869,0.00024987004106239119,-3.1414757947767491e-17,3.1387652893455353e-17,4332,0,validated_negative_half_crossing: trajectory box reached the outer study limit; this is not an escape proof
44,6,r,0,0.79270479756067547,0.79270479756067636,-0.56250000000000022,-0.56249999999999978,1,0,1,0,1,validated_outer_limit_outward,validated_outer_limit_outward,1,-1,3.6061452089618693,3.6061452090934893,3.6061452089618693,3.6061452090934893,3.4552478895035588,3.4552479379514818,2.2653647019871697,2.2653650073345633,-5.1316294382538965,-5.1316291968795662,65.933234810354435,65.933236630784791,2.2360679718476235,2.2360679831519561,-2.3914368938607162,-2.3914368938607122,-0.00017786175487799483,0.00017786173532385874,0.00024987004106232869,0.00024987004106239119,-3.1414757947767491e-17,3.1387652893455353e-17,4332,0,validated_outer_limit_outward: trajectory box reached the outer study limit; this is not an escape proof
44,7,r,0,0.79270479756067547,0.79270479756067636,-0.5062500000000002,-0.50624999999999976,1,0,1,0,1,validated_outer_limit_outward,validated_negative_half_crossing,0,0,1.7638033054459747,1.7638033054865392,1.7638033054459747,1.7638033054865392,0.81122688346163907,0.81122688346421212,0.059080196441216398,0.059080196448182222,-0.034920581531399687,-0.034920581522905683,-0.034920581531399687,-0.034920581522905683,0.90068134401776034,0.90068134401918865,-2.3914368938607162,-2.3914368938607122,-1.315503261878348e-11,1.3150591726684979e-11,0.00024987004106232869,0.00024987004106239119,-3.1414757947767491e-17,3.1387652893455353e-17,4197,0,validated_negative_half_crossing: trajectory box reached the outer study limit; this is not an escape proof
44,7,r,0,0.79270479756067547,0.79270479756067636,-0.5062500000000002,-0.50624999999999976,1,0,1,0,1,validated_outer_limit_outward,validated_outer_limit_outward,1,-1,3.4949689874102581,3.4949689875254428,3.4949689874102581,3.4949689875254428,3.4543322642654841,3.4543323085776141,2.2632575986323133,2.2632578707428546,-5.1307434136406869,-5.1307431968449242,65.913073164397687,65.913074768168713,2.2360679726002308,2.2360679823993488,-2.3914368938607162,-2.3914368938607122,-0.0001563051369544155,0.00015630511319386642,0.00024987004106232869,0.00024987004106239119,-3.1414757947767491e-17,3.1387652893455353e-17,4197,0,validated_outer_limit_outward: trajectory box reached the outer study limit; this is not an escape proof
44,8,r,0,0.79270479756067547,0.79270479756067636,-0.45000000000000018,-0.4499999999999999,1,0,1,0,1,validated_outer_limit_outward,validated_negative_half_crossing,0,0,1.6979651500950483,1.6979651501318207,1.6979651500950483,1.6979651501318207,0.81195221195915401,0.81195221196154388,0.061564608723580626,0.061564608730038856,-0.03518065788651397,-0.035180657878643003,-0.03518065788651397,-0.035180657878643003,0.90108390949963924,0.90108390950096529,-2.3914368938607162,-2.3914368938607122,-1.2242651337146526e-11,1.2237766355838176e-11,0.00024987004106232869,0.00024987004106239119,-3.1387652893455353e-17,3.1333442784831078e-17,4089,0,validated_negative_half_crossing: trajectory box reached the outer study limit; this is not an escape proof
44,8,r,0,0.79270479756067547,0.79270479756067636,-0.45000000000000018,-0.4499999999999999,1,0,1,0,1,validated_outer_limit_outward,validated_outer_limit_outward,1,-1,3.4034631334939363,3.4034631335968575,3.4034631334939363,3.4034631335968575,3.4536776647292204,3.4536777031154711,2.2616365667050329,2.2616368049756264,-5.1301601730477646,-5.1301599838232077,65.898123334105179,65.898124744477983,2.2360679731589421,2.2360679818406375,-2.3914368938607162,-2.3914368938607122,-0.00013767258479902011,0.00013767256888286283,0.00024987004106232869,0.00024987004106239119,-3.1387652893455353e-17,3.1333442784831078e-17,4089,0,validated_outer_limit_outward: trajectory box reached the outer study limit; this is not an escape proof
44,9,r,0,0.79270479756067547,0.79270479756067636,-0.39375000000000027,-0.39374999999999982,1,0,1,0,1,validated_outer_limit_outward,validated_negative_half_crossing,0,0,1.6404674777219297,1.640467477755855,1.6404674777219297,1.640467477755855,0.81252675335624791,0.81252675335848734,0.063577734980288667,0.06357773498633644,-0.035286052812682461,-0.035286052805323896,-0.035286052812682461,-0.035286052805323896,0.90140265883579906,0.90140265883704118,-2.3914368938607162,-2.3914368938607122,-1.148858785882112e-11,1.1483702877512769e-11,0.00024987004106232869,0.00024987004106239119,-3.1414757947767491e-17,3.1387652893455353e-17,3996,0,validated_negative_half_crossing: trajectory box reached the outer study limit; this is not an escape proof
44,9,r,0,0.79270479756067547,0.79270479756067636,-0.39375000000000027,-0.39374999999999982,1,0,1,0,1,validated_outer_limit_outward,validated_outer_limit_outward,1,-1,3.3259609260030683,3.3259609260968968,3.3259609260030683,3.3259609260968968,3.4532070994861606,3.4532071342241237,2.2603684027819253,2.2603686184194243,-5.1297860297671845,-5.1297858585165406,65.886896707479679,65.886897983761443,2.2360679735706031,2.2360679814289766,-2.3914368938607162,-2.3914368938607122,-0.00012460077925879887,0.00012460075151921046,0.00024987004106232869,0.00024987004106239119,-3.1414757947767491e-17,3.1387652893455353e-17,3996,0,validated_outer_limit_outward: trajectory box reached the outer study limit; this is not an escape proof
44,10,r,0,0.79270479756067547,0.79270479756067636,-0.33750000000000019,-0.33749999999999986,1,0,1,0,1,validated_outer_limit_outward,validated_negative_half_crossing,0,0,1.5891097106553345,1.5891097106873142,1.5891097106553345,1.5891097106873142,0.81297655767712618,0.81297655767925492,0.065204161657949206,0.065204161663678983,-0.035260609394648916,-0.035260609387676008,-0.035260609394648916,-0.035260609387676008,0.90165212675240014,0.90165212675358053,-2.3914368938607162,-2.3914368938607122,-1.0929257499014966e-11,1.092459456231154e-11,0.00024987004106232869,0.00024987004106239119,-3.1387652893455353e-17,3.1333442784831078e-17,3915,0,validated_negative_half_crossing: trajectory box reached the outer study limit; this is not an escape proof
44,10,r,0,0.79270479756067547,0.79270479756067636,-0.33750000000000019,-0.33749999999999986,1,0,1,0,1,validated_outer_limit_outward,validated_outer_limit_outward,1,-1,3.2589365192116744,3.2589365192989299,3.2589365192116744,3.2589365192989299,3.4528738422265577,3.4528738734940521,2.259370755013919,2.2593709514181946,-5.1295647666617681,-5.129564611235689,65.878482359050679,65.878483527474913,2.2360679738754916,2.236067981124088,-2.3914368938607162,-2.3914368938607122,-0.00011420543410167738,0.00011420540937479018,0.00024987004106232869,0.00024987004106239119,-3.1387652893455353e-17,3.1333442784831078e-17,3915,0,validated_outer_limit_outward: trajectory box reached the outer study limit; this is not an escape proof
44,11,r,0,0.79270479756067547,0.79270479756067636,-0.28125000000000022,-0.28124999999999978,1,0,1,0,1,validated_outer_limit_outward,validated_negative_half_crossing,0,0,1.5423951551501116,1.5423951551805526,1.5423951551501116,1.5423951551805526,0.81331891389065625,0.81331891389269284,0.066499995266273773,0.066499995271739304,-0.035119923774749477,-0.035119923768095938,-0.035119923774749477,-0.035119923768095938,0.90184195616008922,0.90184195616121832,-2.3914368938607162,-2.3914368938607122,-1.04620756502527e-11,1.0457856802759125e-11,0.00024987004106232869,0.00024987004106239119,-3.1387652893455353e-17,3.1360547839143216e-17,3843,0,validated_negative_half_crossing: trajectory box reached the outer study limit; this is not an escape proof
44,11,r,0,0.79270479756067547,0.79270479756067636,-0.28125000000000022,-0.28124999999999978,1,0,1,0,1,validated_outer_limit_outward,validated_outer_limit_outward,1,-1,3.2000508563030521,3.2000508563852392,3.2000508563030521,3.2000508563852392,3.4526474769158377,3.4526475065618105,2.258589233484209,2.2585894185192772,-5.1294601313902808,-5.1294599846791149,65.872283472353644,65.872284569954729,2.2360679741079199,2.2360679808916597,-2.3914368938607162,-2.3914368938607122,-0.00010723308730575809,0.0001072330650231379,0.00024987004106232869,0.00024987004106239119,-3.1387652893455353e-17,3.1360547839143216e-17,3843,0,validated_outer_limit_outward: trajectory box reached the outer study limit; this is not an escape proof
44,12,r,0,0.79270479756067547,0.79270479756067636,-0.22500000000000014,-0.22499999999999981,1,0,1,0,1,validated_outer_limit_outward,validated_negative_half_crossing,0,0,1.4992554681037682,1.4992554681327828,1.4992554681037682,1.4992554681327828,0.8135657834584753,0.81356578346042208,0.06750402200499471,0.067504022010202669,-0.03487468784696169,-0.034874687840617875,-0.03487468784696169,-0.034874687840617875,0.90197881541557023,0.90197881541664937,-2.3914368938607162,-2.3914368938607122,-1.000355354108251e-11,9.9991126489840099e-12,0.00024987004106232869,0.00024987004106239119,-3.1387652893455353e-17,3.1333442784831078e-17,3780,0,validated_negative_half_crossing: trajectory box reached the outer study limit; this is not an escape proof
44,12,r,0,0.79270479756067547,0.79270479756067636,-0.22500000000000014,-0.22499999999999981,1,0,1,0,1,validated_outer_limit_outward,validated_outer_limit_outward,1,-1,3.1476755123871949,3.1476755124649154,3.1476755123871949,3.1476755124649154,3.4525071551971158,3.4525071838001842,2.2579861289992875,2.2579863053763729,-5.1294474527140661,-5.1294473123555298,65.867888813217533,65.867889854022536,2.2360679743080114,2.2360679806915682,-2.3914368938607162,-2.3914368938607122,-0.00010155270570066932,0.00010155269114875409,0.00024987004106232869,0.00024987004106239119,-3.1387652893455353e-17,3.1333442784831078e-17,3780,0,validated_outer_limit_outward: trajectory box reached the outer study limit; this is not an escape proof
44,13,r,0,0.79270479756067547,0.79270479756067636,-0.16875000000000023,-0.16874999999999984,1,0,1,0,1,validated_outer_limit_outward,validated_negative_half_crossing,0,0,1.4588960551480175,1.4588960551758219,1.4588960551480175,1.4588960551758219,0.81372566089490406,0.81372566089677123,0.06824377443291206,0.068243774437886665,-0.034532438541592755,-0.03453243853552284,-0.034532438541592755,-0.03453243853552284,0.90206743699953174,0.90206743700056657,-2.3914368938607162,-2.3914368938607122,-9.5952135126253779e-12,9.5901064867121022e-12,0.00024987004106232869,0.00024987004106239119,-3.1360547839143216e-17,3.1360547839143216e-17,3723,0,validated_negative_half_crossing: trajectory box reached the outer study limit; this is not an escape proof
44,13,r,0,0.79270479756067547,0.79270479756067636,-0.16875000000000023,-0.16874999999999984,1,0,1,0,1,validated_outer_limit_outward,validated_outer_limit_outward,1,-1,3.1006335072146047,3.100633507288721,3.1006335072146047,3.100633507288721,3.4524380251438878,3.4524380530495593,2.257534331451077,2.2575345013973913,-5.1295092608410195,-5.1295091250880809,65.865004188543978,65.865005186604833,2.236067974465525,2.2360679805340546,-2.3914368938607162,-2.3914368938607122,-9.718035278183379e-05,9.7180333682445053e-05,0.00024987004106232869,0.00024987004106239119,-3.1360547839143216e-17,3.1360547839143216e-17,3723,0,validated_outer_limit_outward: trajectory box reached the outer study limit; this is not an escape proof
44,14,r,0,0.79270479756067547,0.79270479756067636,-0.11250000000000016,-0.11249999999999977,1,0,1,0,1,validated_outer_limit_outward,validated_negative_half_crossing,0,0,1.4207036410728213,1.4207036410996738,1.4207036410728213,1.4207036410996738,0.81380464792045193,0.8138046479222476,0.06873904306889897,0.068739043073666614,-0.034098539249694006,-0.034098539243871705,-0.034098539249694006,-0.034098539243871705,0.90211121704613118,0.90211121704712638,-2.3914368938607162,-2.3914368938607122,-9.2252872008202758e-12,9.2204022195119251e-12,0.00024987004106232869,0.00024987004106239119,-3.1360547839143216e-17,3.1360547839143216e-17,3675,0,validated_negative_half_crossing: trajectory box reached the outer study limit; this is not an escape proof
44,14,r,0,0.79270479756067547,0.79270479756067636,-0.11250000000000016,-0.11249999999999977,1,0,1,0,1,validated_outer_limit_outward,validated_outer_limit_outward,1,-1,3.0580484903815499,3.0580484904522565,3.0580484903815499,3.0580484904522565,3.452429208686921,3.4524292333174369,2.2572138450572772,2.2572140002118601,-5.1296328128330115,-5.1296326901492852,65.86341339122616,65.863414315330488,2.2360679746272338,2.2360679803723458,-2.3914368938607162,-2.3914368938607122,-9.0358105865107063e-05,9.0358087902586703e-05,0.00024987004106232869,0.00024987004106239119,-3.1360547839143216e-17,3.1360547839143216e-17,3675,0,validated_outer_limit_outward: trajectory box reached the outer study limit; this is not an escape proof
44,15,r,0,0.79270479756067547,0.79270479756067636,-0.056250000000000133,-0.0562499999999998,1,0,1,0,1,validated_outer_limit_outward,validated_negative_half_crossing,0,0,1.3841879445363194,1.3841879445623171,1.3841879445363194,1.3841879445623171,0.81380710298143333,0.81380710298316072,0.069004005523606235,0.069004005528178189,-0.033576759007671771,-0.033576759002083047,-0.033576759007671771,-0.033576759002083047,0.90211257777587461,0.90211257777683196,-2.3914368938607162,-2.3914368938607122,-8.8709040113599258e-12,8.8662410746565001e-12,0.00024987004106232869,0.00024987004106239119,-3.1414757947767491e-17,3.1333442784831078e-17,3627,0,validated_negative_half_crossing: trajectory box reached the outer study limit; this is not an escape proof
44,15,r,0,0.79270479756067547,0.79270479756067636,-0.056250000000000133,-0.0562499999999998,1,0,1,0,1,validated_outer_limit_outward,validated_outer_limit_outward,1,-1,3.0192522287373191,3.019252228805319,3.0192522287373191,3.019252228805319,3.4524725839543482,3.4524726078752468,2.2570096549954246,2.2570098046460756,-5.1298086434467365,-5.129808524870187,65.862954598839238,65.862955487420933,2.2360679747489627,2.2360679802506169,-2.3914368938607162,-2.3914368938607122,-8.683821022259508e-05,8.6838187314697279e-05,0.00024987004106232869,0.00024987004106239119,-3.1414757947767491e-17,3.1333442784831078e-17,3627,0,validated_outer_limit_outward: trajectory box reached the outer study limit; this is not an escape proof
44,16,r,0,0.79270479756067547,0.79270479756067636,-1.1102230246251565e-16,1.1102230246251565e-16,1,0,1,0,1,validated_outer_limit_outward,validated_negative_half_crossing,0,0,1.3489429978425886,1.3489429978677865,1.3489429978425886,1.3489429978677865,0.81373604562507418,0.81373604562673341,0.069048557283604789,0.069048557287983578,-0.032969624881145687,-0.032969624875786918,-0.032969624881145687,-0.032969624875786918,0.9020731930531326,0.9020731930540522,-2.3914368938607162,-2.3914368938607122,-8.5162987772946508e-12,8.5116358405912251e-12,0.00024987004106232869,0.00024987004106239119,-3.1387652893455353e-17,3.1306337730518941e-17,3585,0,validated_negative_half_crossing: trajectory box reached the outer study limit; this is not an escape proof
44,16,r,0,0.79270479756067547,0.79270479756067636,-1.1102230246251565e-16,1.1102230246251565e-16,1,0,1,0,1,validated_outer_limit_outward,validated_outer_limit_outward,1,-1,2.9837253915211148,2.9837253915866171,2.9837253915211148,2.9837253915866171,3.4525620367423988,3.4525620594497068,2.2569104245668377,2.2569105673606651,-5.1300296261863734,-5.1300295132168614,65.863505748156982,65.863506598023235,2.2360679748605499,2.2360679801390297,-2.3914368938607162,-2.3914368938607122,-8.3085920039138728e-05,8.3085893663792376e-05,0.00024987004106232869,0.00024987004106239119,-3.1387652893455353e-17,3.1306337730518941e-17,3585,0,validated_outer_limit_outward: trajectory box reached the outer study limit; this is not an escape proof
44,17,r,0,0.79270479756067547,0.79270479756067636,0.0562499999999998,0.056250000000000133,1,0,1,0,1,validated_outer_limit_outward,validated_negative_half_crossing,0,0,1.3146201651494756,1.3146201651740692,1.3146201651494756,1.3146201651740692,0.81359341005294084,0.81359341005453689,0.06887915240580772,0.068879152410012676,-0.032278637026464094,-0.032278637021319015,-0.032278637026464094,-0.032278637021319015,0.901994129721996,0.90199412972288062,-2.3914368938607162,-2.3914368938607122,-8.1861184497711292e-12,8.1812334684627785e-12,0.00024987004106232869,0.00024987004106239119,-3.1414757947767491e-17,3.1333442784831078e-17,3543,0,validated_negative_half_crossing: trajectory box reached the outer study limit; this is not an escape proof
44,17,r,0,0.79270479756067547,0.79270479756067636,0.0562499999999998,0.056250000000000133,1,0,1,0,1,validated_outer_limit_outward,validated_outer_limit_outward,1,-1,2.9510583216255757,2.9510583216892416,2.9510583216255757,2.9510583216892416,3.4526929676628018,3.4526929910087572,2.256907611220162,2.2569077539135094,-5.1302904135285354,-5.130290299667676,65.864974948059796,65.864975787216267,2.2360679749414309,2.2360679800581487,-2.3914368938607162,-2.3914368938607122,-8.1764541675966029e-05,8.1764517460669595e-05,0.00024987004106232869,0.00024987004106239119,-3.1414757947767491e-17,3.1333442784831078e-17,3543,0,validated_outer_limit_outward: trajectory box reached the outer study limit; this is not an escape proof
44,18,r,0,0.79270479756067547,0.79270479756067636,0.11249999999999977,0.11250000000000016,1,0,1,0,1,validated_outer_limit_outward,validated_negative_half_crossing,0,0,1.280908213632612,1.2809082136566725,1.280908213632612,1.2809082136566725,0.81338019931535044,0.81338019931688832,0.068499323331004627,0.06849932333504255,-0.031504393892585206,-0.031504393887637344,-0.031504393892585206,-0.031504393887637344,0.90187593343838068,0.90187593343923322,-2.3914368938607162,-2.3914368938607122,-7.879696894974586e-12,7.8750339582711604e-12,0.00024987004106232869,0.00024987004106239119,-3.1360547839143216e-17,3.1360547839143216e-17,3510,0,validated_negative_half_crossing: trajectory box reached the outer study limit; this is not an escape proof
44,18,r,0,0.79270479756067547,0.79270479756067636,0.11249999999999977,0.11250000000000016,1,0,1,0,1,validated_outer_limit_outward,validated_outer_limit_outward,1,-1,2.9209243283128137,2.9209243283745607,2.9209243283128137,2.9209243283745607,3.4528619820341531,3.4528620034290674,2.2569949258128541,2.2569950598349435,-5.1305870377102911,-5.1305869315571409,65.867294372657327,65.867295168998325,2.2360679750324914,2.2360679799670882,-2.3914368938607162,-2.3914368938607122,-7.7824896152378642e-05,7.7824881827837089e-05,0.00024987004106232869,0.00024987004106239119,-3.1360547839143216e-17,3.1360547839143216e-17,3510,0,validated_outer_limit_outward: trajectory box reached the outer study limit; this is not an escape proof
44,19,r,0,0.79270479756067547,0.79270479756067636,0.16874999999999984,0.16875000000000023,1,0,1,0,1,validated_outer_limit_outward,validated_negative_half_crossing,0,0,1.2475175261194471,1.2475175261430034,1.2475175261194471,1.2475175261430034,0.81309656839020972,0.81309656839168665,0.067909973834206883,0.067909973838074691,-0.030646652814489028,-0.030646652809744362,-0.030646652814489028,-0.030646652809744362,0.90171867474851031,0.90171867474932921,-2.3914368938607162,-2.3914368938607122,-7.5590644854628408e-12,7.5541795041544901e-12,0.00024987004106232869,0.00024987004106239119,-3.1360547839143216e-17,3.1360547839143216e-17,3477,0,validated_negative_half_crossing: trajectory box reached the outer study limit; this is not an escape proof
44,19,r,0,0.79270479756067547,0.79270479756067636,0.16874999999999984,0.16875000000000023,1,0,1,0,1,validated_outer_limit_outward,validated_outer_limit_outward,1,-1,2.8930611363409615,2.8930611364011081,2.8930611363409615,2.8930611364011081,3.4530666789079736,3.4530667001442152,2.2571679450777169,2.2571680766831346,-5.130916693929386,-5.1309165893530988,65.870416180126142,65.870416958481798,2.2360679751044676,2.236067979895112,-2.3914368938607162,-2.3914368938607122,-7.5984642421644821e-05,7.5984621275893005e-05,0.00024987004106232869,0.00024987004106239119,-3.1360547839143216e-17,3.1360547839143216e-17,3477,0,validated_outer_limit_outward: trajectory box reached the outer study limit; this is not an escape proof
44,20,r,0,0.79270479756067547,0.79270479756067636,0.22499999999999981,0.22500000000000014,1,0,1,0,1,validated_outer_limit_outward,validated_negative_half_crossing,0,0,1.2141664498894722,1.2141664499127105,1.2141664498894722,1.2141664499127105,0.81274185062271032,0.8127418506241334,0.067109494960736801,0.067109494964456479,-0.02970433830815038,-0.029704338303586795,-0.02970433830815038,-0.029704338303586795,0.90152196347216651,0.90152196347295577,-2.3914368938607162,-2.3914368938607122,-7.2728489897144755e-12,7.2684080976159748e-12,0.00024987004106232869,0.00024987004106239119,-3.1387652893455353e-17,3.1333442784831078e-17,3444,0,validated_negative_half_crossing: trajectory box reached the outer study limit; this is not an escape proof
44,20,r,0,0.79270479756067547,0.79270479756067636,0.22499999999999981,0.22500000000000014,1,0,1,0,1,validated_outer_limit_outward,validated_outer_limit_outward,1,-1,2.8672578570085072,2.8672578570674969,2.8672578570085072,2.8672578570674969,3.4533055365414915,3.4533055573377389,2.2574239225733637,2.2574240513072286,-5.1312775674675413,-5.1312774651384707,65.874310227781379,65.874310988836811,2.2360679751594832,2.2360679798400964,-2.3914368938607162,-2.3914368938607122,-7.428213967841657e-05,7.4282114553625433e-05,0.00024987004106232869,0.00024987004106239119,-3.1387652893455353e-17,3.1333442784831078e-17,3444,0,validated_outer_limit_outward: trajectory box reached the outer study limit; this is not an escape proof
44,21,r,0,0.79270479756067547,0.79270479756067636,0.28124999999999978,0.28125000000000022,1,0,1,0,1,validated_outer_limit_outward,validated_negative_half_crossing,0,0,1.180568193827024,1.1805681938497672,1.180568193827024,1.1805681938497672,0.81231453265758724,0.8123145326589496,0.066093724528112963,0.066093724531655781,-0.028675501647604452,-0.028675501643243676,-0.028675501647604452,-0.028675501643243676,0.9012849342231275,0.90128493422388323,-2.3914368938607162,-2.3914368938607122,-6.950662267968255e-12,6.9468875096845295e-12,0.00024987004106232869,0.00024987004106239119,-3.1387652893455353e-17,3.1360547839143216e-17,3417,0,validated_negative_half_crossing: trajectory box reached the outer study limit; this is not an escape proof
44,21,r,0,0.79270479756067547,0.79270479756067636,0.28124999999999978,0.28125000000000022,1,0,1,0,1,validated_outer_limit_outward,validated_outer_limit_outward,1,-1,2.8433458630982718,2.8433458631557795,2.8433458630982718,2.8433458631557795,3.4535778500297716,3.4535778700598998,2.2577616769595998,2.257761801517558,-5.1316687756691071,-5.1316686767953348,65.878962905357369,65.878963643219109,2.2360679752242438,2.2360679797753358,-2.3914368938607162,-2.3914368938607122,-7.2049711832278263e-05,7.2049689322284394e-05,0.00024987004106232869,0.00024987004106239119,-3.1387652893455353e-17,3.1360547839143216e-17,3417,0,validated_outer_limit_outward: trajectory box reached the outer study limit; this is not an escape proof
44,22,r,0,0.79270479756067547,0.79270479756067636,0.33749999999999986,0.33750000000000019,1,0,1,0,1,validated_outer_limit_outward,validated_negative_half_crossing,0,0,1.1464167540024186,1.1464167540249228,1.1464167540024186,1.1464167540249228,0.8118121751919346,0.81181217519324311,0.064855747391049587,0.064855747394440125,-0.027557227962877635,-0.027557227958698711,-0.027557227962877635,-0.027557227958698711,0.90100620152801092,0.90100620152873701,-2.3914368938607162,-2.3914368938607122,-6.6624483707755644e-12,6.6584515678869138e-12,0.00024987004106232869,0.00024987004106239119,-3.1387652893455353e-17,3.1333442784831078e-17,3390,0,validated_negative_half_crossing: trajectory box reached the outer study limit; this is not an escape proof
44,22,r,0,0.79270479756067547,0.79270479756067636,0.33749999999999986,0.33750000000000019,1,0,1,0,1,validated_outer_limit_outward,validated_outer_limit_outward,1,-1,2.8211925839743084,2.8211925840308796,2.8211925839743084,2.8211925840308796,3.4538837317569682,3.4538837509417117,2.2581816024140169,2.258181723042946,-5.132090360991576,-5.1320902655544023,65.884377165967251,65.884377884130245,2.2360679752699522,2.2360679797296275,-2.3914368938607162,-2.3914368938607122,-7.0188918982694304e-05,7.0188892948408466e-05,0.00024987004106232869,0.00024987004106239119,-3.1387652893455353e-17,3.1333442784831078e-17,3390,0,validated_outer_limit_outward: trajectory box reached the outer study limit; this is not an escape proof
44,23,r,0,0.79270479756067547,0.79270479756067636,0.39374999999999982,0.39375000000000027,1,0,1,0,1,validated_outer_limit_outward,validated_negative_half_crossing,0,0,1.111370077362571,1.1113700773847406,1.111370077362571,1.1113700773847406,0.81123126842930127,0.81123126843054794,0.063385509734020976,0.063385509737239762,-0.026345479034739466,-0.026345479030765631,-0.026345479034739466,-0.026345479030765631,0.90068377826476997,0.90068377826546198,-2.3914368938607162,-2.3914368938607122,-6.3338223554865181e-12,6.3300475972027925e-12,0.00024987004106232869,0.00024987004106239119,-3.1414757947767491e-17,3.1387652893455353e-17,3363,0,validated_negative_half_crossing: trajectory box reached the outer study limit; this is not an escape proof
44,23,r,0,0.79270479756067547,0.79270479756067636,0.39374999999999982,0.39375000000000027,1,0,1,0,1,validated_outer_limit_outward,validated_outer_limit_outward,1,-1,2.8006976709374873,2.8006976709932014,2.8006976709374873,2.8006976709932014,3.4542241709313579,3.4542241911788469,2.2586857896232844,2.2586859127518037,-5.1325433581422066,-5.1325432597424587,65.89057377016114,65.890574493217329,2.236067975304096,2.2360679796954837,-2.3914368938607162,-2.3914368938607122,-7.0355935918087198e-05,7.035591835347077e-05,0.00024987004106232869,0.00024987004106239119,-3.1414757947767491e-17,3.1387652893455353e-17,3363,0,validated_outer_limit_outward: trajectory box reached the outer study limit; this is not an escape proof
44,24,r,0,0.79270479756067547,0.79270479756067636,0.4499999999999999,0.45000000000000018,1,0,1,0,1,validated_outer_limit_outward,validated_negative_half_crossing,0,0,1.075027949134149,1.0750279491560928,1.075027949134149,1.0750279491560928,0.8105669995496052,0.81056699955079536,0.061669189458141704,0.061669189461197545,-0.025034848815515987,-0.025034848811730667,-0.025034848815515987,-0.025034848811730667,0.90031494464415351,0.90031494464481443,-2.3914368938607162,-2.3914368938607122,-6.0316196481835505e-12,6.0278448898998249e-12,0.00024987004106232869,0.00024987004106239119,-3.1387652893455353e-17,3.1333442784831078e-17,3342,0,validated_negative_half_crossing: trajectory box reached the outer study limit; this is not an escape proof
44,24,r,0,0.79270479756067547,0.79270479756067636,0.4499999999999999,0.45000000000000018,1,0,1,0,1,validated_outer_limit_outward,validated_outer_limit_outward,1,-1,2.7817913310526921,2.7817913311076268,2.7817913310526921,2.7817913311076268,3.4546011717409089,3.4546011916253745,2.2592782987251736,2.2592784197294269,-5.1330299337815459,-5.1330298371002607,65.897594053842738,65.897594764657896,2.2360679753403345,2.2360679796592451,-2.3914368938607162,-2.3914368938607122,-6.9169097400845203e-05,6.9169079949915613e-05,0.00024987004106232869,0.00024987004106239119,-3.1387652893455353e-17,3.1333442784831078e-17,3342,0,validated_outer_limit_outward: trajectory box reached the outer study limit; this is not an escape proof
44,25,r,0,0.79270479756067547,0.79270479756067636,0.50624999999999976,0.5062500000000002,1,0,1,0,1,validated_outer_limit_outward,validated_negative_half_crossing,0,0,1.03690059616658,1.0369005961881059,1.03690059616658,1.0369005961881059,0.80981289085117814,0.80981289085230179,0.059688216158246939,0.05968821616111096,-0.023618190680307898,-0.023618190676742267,-0.023618190680307898,-0.023618190676742267,0.89989604446912541,0.89989604446974969,-2.3914368938607162,-2.3914368938607122,-5.6783466817478256e-12,5.6750160126739502e-12,0.00024987004106232869,0.00024987004106239119,-3.1414757947767491e-17,3.1387652893455353e-17,3321,0,validated_negative_half_crossing: trajectory box reached the outer study limit; this is not an escape proof
44,25,r,0,0.79270479756067547,0.79270479756067636,0.50624999999999976,0.5062500000000002,1,0,1,0,1,validated_outer_limit_outward,validated_outer_limit_outward,1,-1,2.7644349863409787,2.7644349863945603,2.7644349863409787,2.7644349863945603,3.4550179873976066,3.4550180056205293,2.2599656030070325,2.2599657170580199,-5.1335536710997465,-5.1335535807428982,65.905504688010154,65.905505365799627,2.2360679754017556,2.236067979597824,-2.3914368938607162,-2.3914368938607122,-6.6200504363678192e-05,6.6200493847645703e-05,0.00024987004106232869,0.00024987004106239119,-3.1414757947767491e-17,3.1387652893455353e-17,3321,0,validated_outer_limit_outward: trajectory box reached the outer study limit; this is not an escape proof
44,26,r,0,0.79270479756067547,0.79270479756067636,0.56249999999999978,0.56250000000000022,1,0,1,0,1,validated_outer_limit_outward,validated_negative_half_crossing,0,0,0.9963610047702246,0.99636100479104961,0.9963610047702246,0.99636100479104961,0.80896023366721603,0.80896023366825986,0.057417749131485764,0.05741774913412255,-0.022086043095343413,-0.022086043092036656,-0.022086043095343413,-0.022086043092036656,0.89942216654206164,0.89942216654264184,-2.3914368938607162,-2.3914368938607122,-5.2591264676493665e-12,5.2560178431804161e-12,0.00024987004106232869,0.00024987004106239119,-3.1414757947767491e-17,3.1387652893455353e-17,3303,0,validated_negative_half_crossing: trajectory box reached the outer study limit; this is not an escape proof
44,26,r,0,0.79270479756067547,0.79270479756067636,0.56249999999999978,0.56250000000000022,1,0,1,0,1,validated_outer_limit_outward,validated_outer_limit_outward,1,-1,2.7486249086611925,2.7486249087131052,2.7486249086611925,2.7486249087131052,3.4554795198937152,3.4554795373897478,2.2607573507613226,2.2607574607933398,-5.134120022910321,-5.1341199358643408,65.914405706767056,65.914406362173636,2.2360679754653243,2.2360679795342553,-2.3914368938607162,-2.3914368938607122,-6.4031478814285947e-05,6.4031459430680115e-05,0.00024987004106232869,0.00024987004106239119,-3.1414757947767491e-17,3.1387652893455353e-17,3303,0,validated_outer_limit_outward: trajectory box reached the outer study limit; this is not an escape proof
44,27,r,0,0.79270479756067547,0.79270479756067636,0.6187499999999998,0.61875000000000024,1,0,1,0,1,validated_outer_limit_outward,validated_negative_half_crossing,0,0,0.95256773300786701,0.95256773302810072,0.95256773300786701,0.95256773302810072,0.80799717743283239,0.80799717743379595,0.054824259159104792,0.054824259161519472,-0.020425717415244259,-0.020425717412194837,-0.020425717415244259,-0.020425717412194837,0.89888663213601772,0.89888663213655362,-2.3914368938607162,-2.3914368938607122,-4.8392401197361323e-12,4.8363535398721069e-12,0.00024987004106232869,0.00024987004106239119,-3.1414757947767491e-17,3.1387652893455353e-17,3285,0,validated_negative_half_crossing: trajectory box reached the outer study limit; this is not an escape proof
44,27,r,0,0.79270479756067547,0.79270479756067636,0.6187499999999998,0.61875000000000024,1,0,1,0,1,validated_outer_limit_outward,validated_outer_limit_outward,1,-1,2.7344003416018081,2.7344003416525182,2.7344003416018081,2.7344003416525182,3.4559929917363479,3.4559930101355625,2.2616676412637551,2.2616677531350131,-5.1347370720628875,-5.1347369826582474,65.924443976739028,65.924444633938805,2.2360679755052435,2.2360679794943361,-2.3914368938607162,-2.3914368938607122,-6.3917836257587624e-05,6.3917818181380426e-05,0.00024987004106232869,0.00024987004106239119,-3.1414757947767491e-17,3.1387652893455353e-17,3285,0,validated_outer_limit_outward: trajectory box reached the outer study limit; this is not an escape proof
44,28,r,0,0.79270479756067547,0.79270479756067636,0.67499999999999982,0.67500000000000027,1,0,1,0,1,validated_outer_limit_outward,validated_negative_half_crossing,0,0,0.90433118416006775,0.90433118417966341,0.90433118416006775,0.90433118417966341,0.80690719310815917,0.80690719310904013,0.051861521301920045,0.051861521304099399,-0.018619778021651764,-0.018619778018868948,-0.018619778021651764,-0.018619778018868948,0.89828013064308576,0.89828013064357604,-2.3914368938607162,-2.3914368938607122,-4.4075854077618715e-12,4.4051429171076961e-12,0.00024987004106232869,0.00024987004106239119,-3.1441863002079629e-17,3.1414757947767491e-17,3270,0,validated_negative_half_crossing: trajectory box reached the outer study limit; this is not an escape proof
44,28,r,0,0.79270479756067547,0.79270479756067636,0.67499999999999982,0.67500000000000027,1,0,1,0,1,validated_outer_limit_outward,validated_outer_limit_outward,1,-1,2.7218593955551125,2.7218593956041572,2.7218593955551125,2.7218593956041572,3.4565691130829062,3.4565691298199934,2.2627172296543976,2.2627173344107918,-5.1354168636822983,-5.1354167806929292,65.935836564596428,65.93583718740868,2.2360679755726669,2.2360679794269127,-2.3914368938607162,-2.3914368938607122,-6.0808080036167667e-05,6.0808073214957403e-05,0.00024987004106232869,0.00024987004106239119,-3.1441863002079629e-17,3.1414757947767491e-17,3270,0,validated_outer_limit_outward: trajectory box reached the outer study limit; this is not an escape proof
44,29,r,0,0.79270479756067547,0.79270479756067636,0.73124999999999973,0.73125000000000018,1,0,1,0,1,validated_outer_limit_outward,validated_negative_half_crossing,0,0,0.84986263007451912,0.8498626300934522,0.84986263007451912,0.8498626300934522,0.80566629999558503,0.80566629999637995,0.048463550827959521,0.048463550829892114,-0.016643332379652508,-0.016643332377145537,-0.016643332379652508,-0.016643332377145537,0.89758915991425892,0.89758915991470167,-2.3914368938607162,-2.3914368938607122,-3.9601655288379334e-12,3.957723038183758e-12,0.00024987004106232869,0.00024987004106239119,-3.1441863002079629e-17,3.1414757947767491e-17,3255,0,validated_negative_half_crossing: trajectory box reached the outer study limit; this is not an escape proof
44,29,r,0,0.79270479756067547,0.79270479756067636,0.73124999999999973,0.73125000000000018,1,0,1,0,1,validated_outer_limit_outward,validated_outer_limit_outward,1,-1,2.7111901829078877,2.7111901829555833,2.7111901829078877,2.7111901829555833,3.4572242332483545,3.457224250381894,2.2639375560276118,2.2639376608705231,-5.1361779151954368,-5.1361778315716098,65.948913776161532,65.948914393679686,2.2360679756175572,2.2360679793820224,-2.3914368938607162,-2.3914368938607122,-6.0116369070328801e-05,6.0116356507933233e-05,0.00024987004106232869,0.00024987004106239119,-3.1441863002079629e-17,3.1414757947767491e-17,3255,0,validated_outer_limit_outward: trajectory box reached the outer study limit; this is not an escape proof
44,30,r,0,0.79270479756067547,0.79270479756067636,0.78749999999999987,0.78750000000000031,1,0,1,0,1,validated_outer_limit_outward,validated_negative_half_crossing,0,0,0.78625220279044283,0.78625220280859931,0.78625220279044283,0.78625220280859931,0.80423756153115122,0.80423756153185033,0.044531009398847965,0.044531009400512855,-0.014458716149108805,-0.0144587161469084,-0.014458716149108805,-0.0144587161469084,0.89679293124508475,0.89679293124547443,-2.3914368938607162,-2.3914368938607122,-3.4658942382748137e-12,3.4638958368304884e-12,0.00024987004106232869,0.00024987004106239119,-3.1441863002079629e-17,3.1414757947767491e-17,3246,0,validated_negative_half_crossing: trajectory box reached the outer study limit; this is not an escape proof
44,30,r,0,0.79270479756067547,0.79270479756067636,0.78749999999999987,0.78750000000000031,1,0,1,0,1,validated_outer_limit_outward,validated_outer_limit_outward,1,-1,2.7027359874609478,2.7027359875070047,2.7027359874609478,2.7027359875070047,3.4579847359432887,3.457984752640205,2.2653789769894304,2.2653790789337669,-5.1370502578704498,-5.1370501765055119,65.964206783738717,65.964207383799177,2.2360679756741111,2.2360679793254685,-2.3914368938607162,-2.3914368938607122,-5.8381765484227799e-05,5.8381751330216503e-05,0.00024987004106232869,0.00024987004106239119,-3.1441863002079629e-17,3.1414757947767491e-17,3246,0,validated_outer_limit_outward: trajectory box reached the outer study limit; this is not an escape proof
44,31,r,0,0.79270479756067547,0.79270479756067636,0.84374999999999978,0.84375000000000022,1,0,1,0,1,validated_outer_limit_outward,validated_negative_half_crossing,0,0,0.70821566736277319,0.70821566738013109,0.70821566736277319,0.70821566738013109,0.80255853589098225,0.80255853589157489,0.039901473418763073,0.039901473420144676,-0.012003510121514457,-0.012003510119649851,-0.012003510121514457,-0.012003510119649851,0.89585631431105195,0.89585631431138268,-2.3914368938607162,-2.3914368938607122,-2.9227731346281871e-12,2.9212188223937119e-12,0.00024987004106232869,0.00024987004106239119,-3.1441863002079629e-17,3.1414757947767491e-17,3240,0,validated_negative_half_crossing: trajectory box reached the outer study limit; this is not an escape proof
44,31,r,0,0.79270479756067547,0.79270479756067636,0.84374999999999978,0.84375000000000022,1,0,1,0,1,validated_outer_limit_outward,validated_outer_limit_outward,1,-1,2.6971500205248473,2.6971500205691563,2.6971500205248473,2.6971500205691563,3.4588972716512441,3.45889728775769,2.2671298032657932,2.2671299016690178,-5.1380873240197866,-5.1380872454982729,65.982651356504974,65.98265193599083,2.2360679757363813,2.2360679792631983,-2.3914368938607162,-2.3914368938607122,-5.6373969130163459e-05,5.6373948780219507e-05,0.00024987004106232869,0.00024987004106239119,-3.1441863002079629e-17,3.1414757947767491e-17,3240,0,validated_outer_limit_outward: trajectory box reached the outer study limit; this is not an escape proof
44,32,r,0,0.79270479756067547,0.79270479756067636,0.89999999999999991,0.90000000000000013,1,0,1,0,1,validated_outer_limit_outward,validated_negative_half_crossing,0,0,0.6043318914202207,0.60433189143614574,0.6043318914202207,0.60433189143614574,0.80050558712200359,0.80050558712247555,0.034269697010835314,0.034269697011875648,-0.0091567626650626704,-0.0091567626635838204,-0.0091567626650626704,-0.0091567626635838204,0.89470977815267205,0.89470977815293573,-2.3914368938607162,-2.3914368938607122,-2.3103741142449508e-12,2.3090418466154006e-12,0.00024987004106232869,0.00024987004106239119,-3.1387652893455353e-17,3.1360547839143216e-17,3237,0,validated_negative_half_crossing: trajectory box reached the outer study limit; this is not an escape proof
44,32,r,0,0.79270479756067547,0.79270479756067636,0.89999999999999991,0.90000000000000013,1,0,1,0,1,validated_outer_limit_outward,validated_outer_limit_outward,1,-1,2.6958516331551468,2.6958516331967344,2.6958516331551468,2.6958516331967344,3.4600585597272016,3.4600585750993758,2.2693715170447102,2.2693716108500972,-5.1394005991403287,-5.1394005242627738,66.006179869751193,66.006180422061718,2.2360679758211206,2.236067979178459,-2.3914368938607162,-2.3914368938607122,-5.37036678451841e-05,5.3703651929026819e-05,0.00024987004106232869,0.00024987004106239119,-3.1387652893455353e-17,3.1360547839143216e-17,3237,0,validated_outer_limit_outward: trajectory box reached the outer study limit; this is not an escape proof
