velocity_row,x_index,x0,velocity_parameter,velocity_mode,requested_iterates,completed_iterates,status,last_return_tau,max_return_tau,terminal_tau,elapsed_seconds,terminal_R,terminal_rho,terminal_theta,terminal_v,terminal_w,message
0,19,0.78991792693810259,-0.96999999999999997,fraction,250,0,collision,nan,0,34.402647383214735,0.087591831999999994,0.001,9.9999999999999995e-07,1.7798664920636595,-0.44194212747345463,0.00051864044260500333,trajectory reached the configured collision radius
0,20,0.78992019711219896,-0.96999999999999997,fraction,250,0,collision,nan,0,34.404890234809606,0.091242982,0.0010000000000000098,1.0000000000000196e-06,1.7798606028970576,-0.44194212747425965,0.00051863975679904096,trajectory reached the configured collision radius
0,21,0.78992246728629545,-0.96999999999999997,fraction,250,0,collision,nan,0,34.40714083944588,0.087232306999999995,0.001,9.9999999999999995e-07,1.7798547280312282,-0.44194212747505957,0.00051863907512519132,trajectory reached the configured collision radius
0,22,0.78992473746039182,-0.96999999999999997,fraction,250,0,collision,nan,0,34.409399249815777,0.084105580999999999,0.0010000000000000039,1.0000000000000078e-06,1.7798488675505686,-0.44194212747585454,0.00051863839760221469,trajectory reached the configured collision radius
0,23,0.78992700763448831,-0.96999999999999997,fraction,250,0,collision,nan,0,34.411665519137024,0.086764595999999999,0.001,9.9999999999999995e-07,1.7798430215399321,-0.4419421274766448,0.00051863772424897065,trajectory reached the configured collision radius
0,24,0.78992927780858468,-0.96999999999999997,fraction,250,0,collision,nan,0,34.413939701162512,0.084518297000000006,0.0010000000000000013,1.0000000000000027e-06,1.7798371900849217,-0.44194212747742995,0.00051863705508444868,trajectory reached the configured collision radius
0,25,0.78993154798268117,-0.96999999999999997,fraction,250,0,collision,nan,0,34.416221850188556,0.084326927999999995,0.0010000000000000009,1.0000000000000019e-06,1.7798313732716808,-0.44194212747821071,0.00051863639012775101,trajectory reached the configured collision radius
0,26,0.78993381815677755,-0.96999999999999997,fraction,250,0,collision,nan,0,34.41851202105839,0.088375955000000006,0.0010000000000000002,1.0000000000000004e-06,1.7798255711870139,-0.44194212747898581,0.00051863572939813438,trajectory reached the configured collision radius
0,27,0.78993608833087392,-0.96999999999999997,fraction,250,0,collision,nan,0,34.42081026917473,0.090689096999999996,0.0010000000000000024,1.0000000000000048e-06,1.7798197839183623,-0.44194212747975636,0.00051863507291495352,trajectory reached the configured collision radius
0,28,0.78993835850497041,-0.96999999999999997,fraction,250,0,collision,nan,0,34.423116650502358,0.093386475999999996,0.0010000000000000002,1.0000000000000004e-06,1.7798140115538139,-0.4419421274805217,0.0005186344206976999,trajectory reached the configured collision radius
0,29,0.78994062867906678,-0.96999999999999997,fraction,250,0,collision,nan,0,34.425431221576524,0.078988420000000004,0.0010000000000000054,1.000000000000011e-06,1.7798082541820563,-0.44194212748128203,0.00051863377276600365,trajectory reached the configured collision radius
0,30,0.78994289885316327,-0.96999999999999997,fraction,250,0,collision,nan,0,34.427754039514312,0.086324507999999994,0.001,9.9999999999999995e-07,1.77980251189253,-0.44194212748203721,0.00051863312913960895,trajectory reached the configured collision radius
0,31,0.78994516902725964,-0.96999999999999997,fraction,250,0,collision,nan,0,34.430085162016645,0.079508630999999996,0.0010000000000000102,1.0000000000000205e-06,1.7797967847752332,-0.44194212748278761,0.00051863248983842491,trajectory reached the configured collision radius
0,32,0.78994743920135613,-0.96999999999999997,fraction,250,0,collision,nan,0,34.432424647380877,0.080524174000000004,0.001,9.9999999999999995e-07,1.7797910729209117,-0.44194212748353273,0.00051863185488243803,trajectory reached the configured collision radius
0,33,0.7899497093754525,-0.96999999999999997,fraction,250,0,collision,nan,0,34.434772554506296,0.083305199999999996,0.001000000000000008,1.000000000000016e-06,1.7797853764209355,-0.44194212748427297,0.00051863122429182738,trajectory reached the configured collision radius
0,34,0.78995197954954888,-0.96999999999999997,fraction,250,0,collision,nan,0,34.437128942903044,0.083096049000000005,0.001,9.9999999999999995e-07,1.7797796953674054,-0.44194212748500794,0.000518630598086871,trajectory reached the configured collision radius
0,35,0.78995424972364536,-0.96999999999999997,fraction,250,0,collision,nan,0,34.439493872699735,0.080647363,0.0010000000000000048,1.0000000000000095e-06,1.7797740298530353,-0.44194212748573763,0.00051862997628799993,trajectory reached the configured collision radius
0,36,0.78995651989774174,-0.96999999999999997,fraction,250,0,collision,nan,0,34.44186740465458,0.078446434999999995,0.001,9.9999999999999995e-07,1.7797683799713155,-0.44194212748646183,0.00051862935891576782,trajectory reached the configured collision radius
0,37,0.78995879007183822,-0.96999999999999997,fraction,250,0,collision,nan,0,34.444249600159509,0.084946259999999996,0.0010000000000000028,1.0000000000000057e-06,1.7797627458164362,-0.44194212748718115,0.00051862874599090407,trajectory reached the configured collision radius
1,19,0.78991792693810259,-0.95383333333333331,fraction,250,0,collision,nan,0,34.417391624979835,0.082391962999999999,0.001,9.9999999999999995e-07,1.7795554064977566,-0.44194212752894246,0.00051859315833792635,trajectory reached the configured collision radius
1,20,0.78992019711219896,-0.95383333333333331,fraction,250,0,collision,nan,0,34.41963667269706,0.084747383999999995,0.0010000000000000063,1.0000000000000127e-06,1.7795510350836157,-0.44194212752937445,0.00051859279015485909,trajectory reached the configured collision radius
1,21,0.78992246728629545,-0.95383333333333331,fraction,250,0,collision,nan,0,34.421889488173534,0.096042955999999999,0.0010000000000000002,1.0000000000000004e-06,1.7795466782249392,-0.44194212752980216,0.00051859242585157602,trajectory reached the configured collision radius
1,22,0.78992473746039182,-0.95383333333333331,fraction,250,0,collision,nan,0,34.424150124294577,0.087249004000000005,0.0010000000000000022,1.0000000000000044e-06,1.7795423359970957,-0.4419421275302251,0.00051859206544407367,trajectory reached the configured collision radius
1,23,0.78992700763448831,-0.95383333333333331,fraction,250,0,collision,nan,0,34.426418634477407,0.082577578999999998,0.0010000000000000002,1.0000000000000004e-06,1.779538008476002,-0.44194212753064316,0.00051859170894839185,trajectory reached the configured collision radius
1,24,0.78992927780858468,-0.95383333333333331,fraction,250,0,collision,nan,0,34.428695072676582,0.087646283000000005,0.0010000000000000007,1.0000000000000014e-06,1.7795336957380259,-0.44194212753105694,0.00051859135638067052,trajectory reached the configured collision radius
1,25,0.78993154798268117,-0.95383333333333331,fraction,250,0,collision,nan,0,34.430979493392663,0.080123945000000002,0.0010000000000000018,1.0000000000000036e-06,1.7795293978601008,-0.441942127531466,0.00051859100775715743,trajectory reached the configured collision radius
1,26,0.78993381815677755,-0.95383333333333331,fraction,250,0,collision,nan,0,34.433271951680581,0.087567395000000006,0.0010000000000000002,1.0000000000000004e-06,1.7795251149197107,-0.44194212753187057,0.00051859066309421255,trajectory reached the configured collision radius
1,27,0.78993608833087392,-0.95383333333333331,fraction,250,0,collision,nan,0,34.435572503152727,0.083077696000000006,0.0010000000000000041,1.0000000000000082e-06,1.7795208469948398,-0.44194212753227058,0.00051859032240830988,trajectory reached the configured collision radius
1,28,0.78993835850497041,-0.95383333333333331,fraction,250,0,collision,nan,0,34.437881203991594,0.086943212000000006,0.001,9.9999999999999995e-07,1.7795165941640483,-0.44194212753266537,0.00051858998571598189,trajectory reached the configured collision radius
1,29,0.78994062867906678,-0.95383333333333331,fraction,250,0,collision,nan,0,34.440198110953006,0.085310705000000001,0.0010000000000000083,1.0000000000000165e-06,1.7795123565063999,-0.44194212753305573,0.00051858965303392009,trajectory reached the configured collision radius
1,30,0.78994289885316327,-0.95383333333333331,fraction,250,0,collision,nan,0,34.442523281376879,0.091067863999999998,0.001,9.9999999999999995e-07,1.7795081341015571,-0.44194212753344148,0.00051858932437888298,trajectory reached the configured collision radius
1,31,0.78994516902725964,-0.95383333333333331,fraction,250,0,collision,nan,0,34.444856773194516,0.087224614000000006,0.0010000000000000091,1.0000000000000182e-06,1.7795039270297197,-0.44194212753382206,0.00051858899976777058,trajectory reached the configured collision radius
1,32,0.78994743920135613,-0.95383333333333331,fraction,250,0,collision,nan,0,34.447198644933721,0.083887234000000005,0.001,9.9999999999999995e-07,1.77949973537165,-0.44194212753419854,0.00051858867921754251,trajectory reached the configured collision radius
1,33,0.7899497093754525,-0.95383333333333331,fraction,250,0,collision,nan,0,34.449548955731501,0.087661561999999998,0.0010000000000000052,1.0000000000000105e-06,1.7794955592086663,-0.44194212753456968,0.00051858836274533242,trajectory reached the configured collision radius
1,34,0.78995197954954888,-0.95383333333333331,fraction,250,0,collision,nan,0,34.451907765338206,0.087361251000000001,0.0010000000000000002,1.0000000000000004e-06,1.7794913986226875,-0.44194212753493622,0.00051858805036831483,trajectory reached the configured collision radius
1,35,0.78995424972364536,-0.95383333333333331,fraction,250,0,collision,nan,0,34.45427513412897,0.085487651999999997,0.0010000000000000028,1.0000000000000057e-06,1.7794872536962263,-0.44194212753529805,0.00051858774210383968,trajectory reached the configured collision radius
1,36,0.78995651989774174,-0.95383333333333331,fraction,250,0,collision,nan,0,34.456651123109907,0.085370796999999998,0.0010000000000000002,1.0000000000000004e-06,1.7794831245123117,-0.44194212753565509,0.00051858743796933185,trajectory reached the configured collision radius
1,37,0.78995879007183822,-0.95383333333333331,fraction,250,0,collision,nan,0,34.459035793927974,0.088284259000000004,0.0010000000000000018,1.0000000000000036e-06,1.7794790111546581,-0.44194212753600698,0.00051858713798234987,trajectory reached the configured collision radius
2,19,0.78991792693810259,-0.93766666666666665,fraction,250,0,collision,nan,0,34.430776328901317,0.094518900000000003,0.0010000000000000026,1.0000000000000052e-06,1.7793036898822652,-0.4419421275724279,0.00051855609914186972,trajectory reached the configured collision radius
2,20,0.78992019711219896,-0.93766666666666665,fraction,250,0,collision,nan,0,34.433023330388295,0.084217322999999997,0.001,9.9999999999999995e-07,1.7793005833104869,-0.44194212757255424,0.00051855599135731641,trajectory reached the configured collision radius
2,21,0.78992246728629545,-0.93766666666666665,fraction,250,0,collision,nan,0,34.435278113169367,0.083063318999999997,0.0010000000000000074,1.0000000000000148e-06,1.7792974913853812,-0.44194212757267659,0.00051855588721853591,trajectory reached the configured collision radius
2,22,0.78992473746039182,-0.93766666666666665,fraction,250,0,collision,nan,0,34.43754073031009,0.082726033000000004,0.001,9.9999999999999995e-07,1.7792944141745546,-0.44194212757279427,0.00051855578673912499,trajectory reached the configured collision radius
2,23,0.78992700763448831,-0.93766666666666665,fraction,250,0,collision,nan,0,34.439811235412378,0.085976816999999997,0.0010000000000000085,1.0000000000000169e-06,1.7792913517460318,-0.44194212757290779,0.00051855568993274372,trajectory reached the configured collision radius
2,24,0.78992927780858468,-0.93766666666666665,fraction,250,0,collision,nan,0,34.442089682617556,0.082409169000000004,0.0010000000000000002,1.0000000000000004e-06,1.7792883041682908,-0.44194212757301721,0.00051855559681315388,trajectory reached the configured collision radius
2,25,0.78993154798268117,-0.93766666666666665,fraction,250,0,collision,nan,0,34.44437612661789,0.087149583000000003,0.0010000000000000037,1.0000000000000074e-06,1.7792852715102641,-0.44194212757312218,0.00051855550739418523,trajectory reached the configured collision radius
2,26,0.78993381815677755,-0.93766666666666665,fraction,250,0,collision,nan,0,34.446670622660655,0.084666125999999994,0.001,9.9999999999999995e-07,1.7792822538413158,-0.44194212757322288,0.00051855542168976793,trajectory reached the configured collision radius
2,27,0.78993608833087392,-0.93766666666666665,fraction,250,0,collision,nan,0,34.448973226557484,0.084204744999999998,0.0010000000000000013,1.0000000000000027e-06,1.7792792512312572,-0.4419421275733188,0.00051855533971389013,trajectory reached the configured collision radius
2,28,0.78993835850497041,-0.93766666666666665,fraction,250,0,collision,nan,0,34.451283994690023,0.093225303999999995,0.0010000000000000007,1.0000000000000014e-06,1.7792762637503863,-0.44194212757341039,0.000518555261480647,trajectory reached the configured collision radius
2,29,0.78994062867906678,-0.93766666666666665,fraction,250,0,collision,nan,0,34.453602984020449,0.086593764000000004,0.0010000000000000005,1.000000000000001e-06,1.7792732914694482,-0.44194212757349821,0.00051855518700421493,trajectory reached the configured collision radius
2,30,0.78994289885316327,-0.93766666666666665,fraction,250,0,collision,nan,0,34.45593025209746,0.07951801,0.001000000000000002,1.000000000000004e-06,1.7792703344596785,-0.44194212757358098,0.00051855511629885442,trajectory reached the configured collision radius
2,31,0.78994516902725964,-0.93766666666666665,fraction,250,0,collision,nan,0,34.458265857061086,0.082834827,0.001,9.9999999999999995e-07,1.7792673927927245,-0.44194212757365964,0.00051855504937889352,trajectory reached the configured collision radius
2,32,0.78994743920135613,-0.93766666666666665,fraction,250,0,collision,nan,0,34.460609857658433,0.086074765999999997,0.0010000000000000039,1.0000000000000078e-06,1.7792644665407735,-0.44194212757373369,0.00051855498625880331,trajectory reached the configured collision radius
2,33,0.7899497093754525,-0.93766666666666665,fraction,250,0,collision,nan,0,34.46296231324412,0.084348867999999994,0.001,9.9999999999999995e-07,1.7792615557764302,-0.44194212757380341,0.00051855492695307502,trajectory reached the configured collision radius
2,34,0.78995197954954888,-0.93766666666666665,fraction,250,0,collision,nan,0,34.465323283793801,0.082917086000000001,0.0010000000000000067,1.0000000000000135e-06,1.7792586605728922,-0.44194212757386808,0.00051855487147634406,trajectory reached the configured collision radius
2,35,0.78995424972364536,-0.93766666666666665,fraction,250,0,collision,nan,0,34.46769282990897,0.083826710999999998,0.001,9.9999999999999995e-07,1.7792557810037135,-0.44194212757392892,0.00051855481984330301,trajectory reached the configured collision radius
2,36,0.78995651989774174,-0.93766666666666665,fraction,250,0,collision,nan,0,34.470071012828818,0.081162643000000007,0.0010000000000000104,1.0000000000000209e-06,1.7792529171430451,-0.44194212757398493,0.00051855477206876391,trajectory reached the configured collision radius
2,37,0.78995879007183822,-0.93766666666666665,fraction,250,0,collision,nan,0,34.472457894436452,0.080965694000000005,0.001,9.9999999999999995e-07,1.7792500690654689,-0.44194212757403634,0.00051855472816759768,trajectory reached the configured collision radius
3,19,0.78991792693810259,-0.92149999999999999,fraction,250,0,collision,nan,0,34.443344469175479,0.084366169000000005,0.0010000000000000002,1.0000000000000004e-06,1.779090109351523,-0.44194212760815166,0.00051852565243920524,trajectory reached the configured collision radius
3,20,0.78992019711219896,-0.92149999999999999,fraction,250,0,collision,nan,0,34.44559327989402,0.087729606000000002,0.0010000000000000039,1.0000000000000078e-06,1.7790881065758335,-0.4419421276080156,0.00051852576843041157,trajectory reached the configured collision radius
3,21,0.78992246728629545,-0.92149999999999999,fraction,250,0,collision,nan,0,34.447849884786677,0.084164907999999997,0.001,9.9999999999999995e-07,1.7790861184290641,-0.44194212760787538,0.00051852588784402664,trajectory reached the configured collision radius
3,22,0.78992473746039182,-0.92149999999999999,fraction,250,0,collision,nan,0,34.45011433709211,0.087228151000000004,0.0010000000000000096,1.0000000000000192e-06,1.7790841449718471,-0.44194212760773149,0.00051852601069157117,trajectory reached the configured collision radius
3,23,0.78992700763448831,-0.92149999999999999,fraction,250,0,collision,nan,0,34.452386690589101,0.084581198999999996,0.001,9.9999999999999995e-07,1.7790821862651123,-0.44194212760758311,0.00051852613698460286,trajectory reached the configured collision radius
3,24,0.78992927780858468,-0.92149999999999999,fraction,250,0,collision,nan,0,34.454666999598793,0.080303541000000006,0.0010000000000000067,1.0000000000000135e-06,1.7790802423701773,-0.44194212760743079,0.00051852626673477592,trajectory reached the configured collision radius
3,25,0.78993154798268117,-0.92149999999999999,fraction,250,0,collision,nan,0,34.456955318996208,0.080564022999999998,0.001,9.9999999999999995e-07,1.779078313348704,-0.44194212760727447,0.00051852639995376916,trajectory reached the configured collision radius
3,26,0.78993381815677755,-0.92149999999999999,fraction,250,0,collision,nan,0,34.459251704214523,0.084201330000000005,0.0010000000000000026,1.0000000000000052e-06,1.7790763992627467,-0.44194212760711427,0.00051852653665336959,trajectory reached the configured collision radius
3,27,0.78993608833087392,-0.92149999999999999,fraction,250,0,collision,nan,0,34.461556211254511,0.082396971999999999,0.0010000000000000002,1.0000000000000004e-06,1.7790745001747885,-0.44194212760694962,0.00051852667684540942,trajectory reached the configured collision radius
3,28,0.78993835850497041,-0.92149999999999999,fraction,250,0,collision,nan,0,34.463868896692681,0.087588819999999998,0.0010000000000000009,1.0000000000000019e-06,1.7790726161476056,-0.44194212760678125,0.00051852682054178703,trajectory reached the configured collision radius
3,29,0.78994062867906678,-0.92149999999999999,fraction,250,0,collision,nan,0,34.466189817684807,0.085983525000000005,0.0010000000000000009,1.0000000000000019e-06,1.7790707472444638,-0.44194212760660834,0.00051852696775447394,trajectory reached the configured collision radius
3,30,0.78994289885316327,-0.92149999999999999,fraction,250,0,collision,nan,0,34.468519031979625,0.080887911000000007,0.0010000000000000002,1.0000000000000004e-06,1.7790688935289429,-0.44194212760643137,0.00051852711849551957,trajectory reached the configured collision radius
3,31,0.78994516902725964,-0.92149999999999999,fraction,250,0,collision,nan,0,34.470856597922605,0.086921910000000005,0.0010000000000000022,1.0000000000000044e-06,1.7790670550650647,-0.44194212760625062,0.00051852727277703226,trajectory reached the configured collision radius
3,32,0.78994743920135613,-0.92149999999999999,fraction,250,0,collision,nan,0,34.473202574465965,0.081390539999999997,0.001,9.9999999999999995e-07,1.7790652319172273,-0.44194212760606533,0.00051852743061120258,trajectory reached the configured collision radius
3,33,0.7899497093754525,-0.92149999999999999,fraction,250,0,collision,nan,0,34.475557021175639,0.081460295000000002,0.0010000000000000044,1.0000000000000086e-06,1.7790634241502308,-0.44194212760587598,0.00051852759201027789,trajectory reached the configured collision radius
3,34,0.78995197954954888,-0.92149999999999999,fraction,250,0,collision,nan,0,34.477919998241532,0.086953695999999997,0.001,9.9999999999999995e-07,1.7790616318293182,-0.44194212760568258,0.00051852775698657354,trajectory reached the configured collision radius
3,35,0.78995424972364536,-0.92149999999999999,fraction,250,0,collision,nan,0,34.480291566484915,0.097740254999999998,0.0010000000000000072,1.0000000000000144e-06,1.7790598550200756,-0.44194212760548451,0.00051852792555250775,trajectory reached the configured collision radius
3,36,0.78995651989774174,-0.92149999999999999,fraction,250,0,collision,nan,0,34.482671787366108,0.089680309,0.001,9.9999999999999995e-07,1.7790580937885796,-0.44194212760528273,0.00051852809772054669,trajectory reached the configured collision radius
3,37,0.78995879007183822,-0.92149999999999999,fraction,250,0,collision,nan,0,34.485060722995328,0.080511788000000001,0.0010000000000000104,1.0000000000000209e-06,1.7790563482012791,-0.44194212760507662,0.00051852827350324108,trajectory reached the configured collision radius
4,19,0.78991792693810259,-0.90533333333333332,fraction,250,0,collision,nan,0,34.455366139454284,0.084765247000000002,0.0010000000000000061,1.0000000000000122e-06,1.778904021543771,-0.44194212763824747,0.00051850000109389155,trajectory reached the configured collision radius
4,20,0.78992019711219896,-0.90533333333333332,fraction,250,0,collision,nan,0,34.457616663651983,0.085054673999999997,0.001,9.9999999999999995e-07,1.778903007378551,-0.44194212763787988,0.00051850031454809989,trajectory reached the configured collision radius
4,21,0.78992246728629545,-0.90533333333333332,fraction,250,0,collision,nan,0,34.459874994512234,0.082151716,0.0010000000000000096,1.0000000000000192e-06,1.7789020077436304,-0.44194212763750829,0.0005185006312084093,trajectory reached the configured collision radius
4,22,0.78992473746039182,-0.90533333333333332,fraction,250,0,collision,nan,0,34.4621411854448,0.078941241999999995,0.001,9.9999999999999995e-07,1.7789010226930992,-0.44194212763713303,0.00051850095108442918,trajectory reached the configured collision radius
4,23,0.78992700763448831,-0.90533333333333332,fraction,250,0,collision,nan,0,34.46441529039911,0.088059739999999997,0.0010000000000000041,1.0000000000000082e-06,1.7789000522813061,-0.44194212763675361,0.00051850127418584079,trajectory reached the configured collision radius
4,24,0.78992927780858468,-0.90533333333333332,fraction,250,0,collision,nan,0,34.466697363873116,0.087387674999999998,0.0010000000000000002,1.0000000000000004e-06,1.778899096562943,-0.44194212763637092,0.00051850160052235297,trajectory reached the configured collision radius
4,25,0.78993154798268117,-0.90533333333333332,fraction,250,0,collision,nan,0,34.468987460919898,0.095854121,0.0010000000000000015,1.0000000000000031e-06,1.7788981555929844,-0.44194212763598412,0.00051850193010373772,trajectory reached the configured collision radius
4,26,0.78993381815677755,-0.90533333333333332,fraction,250,0,collision,nan,0,34.471285637153301,0.088418480999999993,0.0010000000000000007,1.0000000000000014e-06,1.7788972294267467,-0.4419421276355936,0.00051850226293982519,trajectory reached the configured collision radius
4,27,0.78993608833087392,-0.90533333333333332,fraction,250,0,collision,nan,0,34.473591948760671,0.084591246999999994,0.0010000000000000005,1.000000000000001e-06,1.7788963181198594,-0.4419421276351993,0.00051850259904046437,trajectory reached the configured collision radius
4,28,0.78993835850497041,-0.90533333333333332,fraction,250,0,collision,nan,0,34.475906452504503,0.079117098999999996,0.001000000000000002,1.000000000000004e-06,1.7788954217282622,-0.44194212763480134,0.00051850293841561573,trajectory reached the configured collision radius
4,29,0.78994062867906678,-0.90533333333333332,fraction,250,0,collision,nan,0,34.478229205734486,0.083080547000000005,0.001,9.9999999999999995e-07,1.7788945403081946,-0.44194212763439911,0.00051850328107523006,trajectory reached the configured collision radius
4,30,0.78994289885316327,-0.90533333333333332,fraction,250,0,collision,nan,0,34.480560266392779,0.084328591999999994,0.0010000000000000041,1.0000000000000082e-06,1.7788936739162724,-0.4419421276339931,0.00051850362702935923,trajectory reached the configured collision radius
4,31,0.78994516902725964,-0.90533333333333332,fraction,250,0,collision,nan,0,34.482899693023541,0.087463396999999998,0.001,9.9999999999999995e-07,1.7788928226094189,-0.44194212763358354,0.0005185039762880926,trajectory reached the configured collision radius
4,32,0.78994743920135613,-0.90533333333333332,fraction,250,0,collision,nan,0,34.485247544781075,0.084739757999999998,0.0010000000000000076,1.0000000000000152e-06,1.7788919864448431,-0.44194212763316981,0.00051850432886157169,trajectory reached the configured collision radius
4,33,0.7899497093754525,-0.90533333333333332,fraction,250,0,collision,nan,0,34.487603881437678,0.085200181999999999,0.001,9.9999999999999995e-07,1.7788911654801562,-0.44194212763275237,0.00051850468475999776,trajectory reached the configured collision radius
4,34,0.78995197954954888,-0.90533333333333332,fraction,250,0,collision,nan,0,34.489968763391587,0.081872924,0.0010000000000000111,1.0000000000000222e-06,1.7788903597732699,-0.44194212763233076,0.00051850504399363366,trajectory reached the configured collision radius
4,35,0.78995424972364536,-0.90533333333333332,fraction,250,0,collision,nan,0,34.492342251678565,0.083160780000000004,0.001,9.9999999999999995e-07,1.7788895693824682,-0.44194212763190543,0.00051850540657278471,trajectory reached the configured collision radius
4,36,0.78995651989774174,-0.90533333333333332,fraction,250,0,collision,nan,0,34.494724407975184,0.083920346000000007,0.0010000000000000072,1.0000000000000144e-06,1.7788887943663187,-0.44194212763147606,0.00051850577250784203,trajectory reached the configured collision radius
4,37,0.78995879007183822,-0.90533333333333332,fraction,250,0,collision,nan,0,34.497115294613586,0.084990937000000003,0.001,9.9999999999999995e-07,1.7788880347838045,-0.44194212763104285,0.00051850614180921125,trajectory reached the configured collision radius
5,19,0.78991792693810259,-0.88916666666666666,fraction,250,0,collision,nan,0,34.466999056977166,0.082467952999999997,0.001,9.9999999999999995e-07,1.7787391748536732,-0.44194212766397234,0.00051847807399999521,trajectory reached the configured collision radius
5,20,0.78992019711219896,-0.88916666666666666,fraction,250,0,collision,nan,0,34.469251227508202,0.083355547000000002,0.0010000000000000028,1.0000000000000057e-06,1.7787390609385576,-0.44194212766339663,0.00051847856465027386,trajectory reached the configured collision radius
5,21,0.78992246728629545,-0.88916666666666666,fraction,250,0,collision,nan,0,34.471511216957239,0.087750843999999995,0.0010000000000000002,1.0000000000000004e-06,1.7787389613909044,-0.44194212766281749,0.00051847905829531808,trajectory reached the configured collision radius
5,22,0.78992473746039182,-0.88916666666666666,fraction,250,0,collision,nan,0,34.473779078899433,0.084201646000000005,0.0010000000000000007,1.0000000000000014e-06,1.7787388762586895,-0.44194212766223473,0.00051847955494301501,trajectory reached the configured collision radius
5,23,0.78992700763448831,-0.88916666666666666,fraction,250,0,collision,nan,0,34.476054867455154,0.081130468999999997,0.0010000000000000013,1.0000000000000027e-06,1.778738805590115,-0.44194212766164859,0.00051848005460128355,trajectory reached the configured collision radius
5,24,0.78992927780858468,-0.88916666666666666,fraction,250,0,collision,nan,0,34.478338637295067,0.093304537000000007,0.0010000000000000002,1.0000000000000004e-06,1.7787387494336502,-0.44194212766105906,0.00051848055727806461,trajectory reached the configured collision radius
5,25,0.78993154798268117,-0.88916666666666666,fraction,250,0,collision,nan,0,34.480630443648742,0.078354061000000003,0.0010000000000000037,1.0000000000000074e-06,1.7787387078380048,-0.4419421276604657,0.00051848106298136795,trajectory reached the configured collision radius
5,26,0.78993381815677755,-0.88916666666666666,fraction,250,0,collision,nan,0,34.482930342308961,0.098788563999999995,0.001,9.9999999999999995e-07,1.7787386808521402,-0.44194212765986857,0.00051848157171919965,trajectory reached the configured collision radius
5,27,0.78993608833087392,-0.88916666666666666,fraction,250,0,collision,nan,0,34.485238389644699,0.081089389999999997,0.0010000000000000078,1.0000000000000156e-06,1.7787386685252917,-0.44194212765926838,0.00051848208349964797,trajectory reached the configured collision radius
5,28,0.78993835850497041,-0.88916666666666666,fraction,250,0,collision,nan,0,34.487554642605971,0.085753870999999995,0.001,9.9999999999999995e-07,1.7787386709069335,-0.44194212765866425,0.00051848259833080451,trajectory reached the configured collision radius
5,29,0.78994062867906678,-0.88916666666666666,fraction,250,0,collision,nan,0,34.489879158728996,0.081671727999999999,0.0010000000000000096,1.0000000000000192e-06,1.7787386880468177,-0.44194212765805696,0.00051848311622084407,trajectory reached the configured collision radius
5,30,0.78994289885316327,-0.88916666666666666,fraction,250,0,collision,nan,0,34.492211996149564,0.085526052000000005,0.001,9.9999999999999995e-07,1.7787387199949531,-0.44194212765744589,0.000518483637177922,trajectory reached the configured collision radius
5,31,0.78994516902725964,-0.88916666666666666,fraction,250,0,collision,nan,0,34.494553213608754,0.087359895000000007,0.0010000000000000054,1.000000000000011e-06,1.7787387668016419,-0.44194212765683083,0.00051848416121030112,trajectory reached the configured collision radius
5,32,0.78994743920135613,-0.88916666666666666,fraction,250,0,collision,nan,0,34.496902870458435,0.084463390999999999,0.001,9.9999999999999995e-07,1.778738828517384,-0.44194212765621238,0.00051848468832623622,trajectory reached the configured collision radius
5,33,0.7899497093754525,-0.88916666666666666,fraction,250,0,collision,nan,0,34.499261026674233,0.082469178000000004,0.0010000000000000028,1.0000000000000057e-06,1.7787389051930231,-0.44194212765559038,0.00051848521853404194,trajectory reached the configured collision radius
5,34,0.78995197954954888,-0.88916666666666666,fraction,250,0,collision,nan,0,34.501627742861807,0.081841855000000005,0.0010000000000000002,1.0000000000000004e-06,1.7787389968796432,-0.44194212765496477,0.0005184857518420906,trajectory reached the configured collision radius
5,35,0.78995424972364536,-0.88916666666666666,fraction,250,0,collision,nan,0,34.504003080266976,0.083046508000000005,0.0010000000000000015,1.0000000000000031e-06,1.7787391036286453,-0.44194212765433538,0.00051848628825876513,trajectory reached the configured collision radius
5,36,0.78995651989774174,-0.88916666666666666,fraction,250,0,collision,nan,0,34.506387100780493,0.079017894000000005,0.0010000000000000005,1.000000000000001e-06,1.7787392254916523,-0.44194212765370239,0.00051848682779251831,trajectory reached the configured collision radius
5,37,0.78995879007183822,-0.88916666666666666,fraction,250,0,collision,nan,0,34.508779866952345,0.086820338999999996,0.0010000000000000009,1.0000000000000019e-06,1.778739362520575,-0.44194212765306579,0.00051848737045182957,trajectory reached the configured collision radius
6,19,0.78991792693810259,-0.873,fraction,250,0,collision,nan,0,34.478344963590366,0.080794689000000003,0.001,9.9999999999999995e-07,1.7785915203958438,-0.44194212768614416,0.00051845917490287038,trajectory reached the configured collision radius
6,20,0.78992019711219896,-0.873,fraction,250,0,collision,nan,0,34.480598731877279,0.084446477000000006,0.0010000000000000039,1.0000000000000078e-06,1.7785922356687278,-0.44194212768537949,0.00051845982639120262,trajectory reached the configured collision radius
6,21,0.78992246728629545,-0.873,fraction,250,0,collision,nan,0,34.48286033120398,0.080365534000000002,0.001,9.9999999999999995e-07,1.7785929650932386,-0.441942127684612,0.00051846048066671833,trajectory reached the configured collision radius
6,22,0.78992473746039182,-0.873,fraction,250,0,collision,nan,0,34.485129815311474,0.079298013000000001,0.0010000000000000093,1.0000000000000186e-06,1.7785937087114978,-0.44194212768384145,0.00051846113773566338,trajectory reached the configured collision radius
6,23,0.78992700763448831,-0.873,fraction,250,0,collision,nan,0,34.487407238488991,0.081112329999999996,0.001,9.9999999999999995e-07,1.7785944665658937,-0.44194212768306707,0.0005184617976043193,trajectory reached the configured collision radius
6,24,0.78992927780858468,-0.873,fraction,250,0,collision,nan,0,34.489692655579475,0.080543330999999996,0.0010000000000000067,1.0000000000000135e-06,1.7785952386989972,-0.44194212768228974,0.00051846246027900862,trajectory reached the configured collision radius
6,25,0.78993154798268117,-0.873,fraction,250,0,collision,nan,0,34.491986121986656,0.082973541999999997,0.0010000000000000002,1.0000000000000004e-06,1.7785960251535839,-0.44194212768150892,0.00051846312576606069,trajectory reached the configured collision radius
6,26,0.78993381815677755,-0.873,fraction,250,0,collision,nan,0,34.494287693683042,0.085300972000000003,0.0010000000000000031,1.0000000000000061e-06,1.7785968259725649,-0.44194212768072499,0.00051846379407183231,trajectory reached the configured collision radius
6,27,0.78993608833087392,-0.873,fraction,250,0,collision,nan,0,34.496597427217587,0.085831086000000001,0.0010000000000000002,1.0000000000000004e-06,1.7785976411991602,-0.44194212767993768,0.00051846446520272059,trajectory reached the configured collision radius
6,28,0.78993835850497041,-0.873,fraction,250,0,collision,nan,0,34.498915379724707,0.091588445000000004,0.0010000000000000013,1.0000000000000027e-06,1.7785984708767346,-0.44194212767914692,0.00051846513916514844,trajectory reached the configured collision radius
6,29,0.78994062867906678,-0.873,fraction,250,0,collision,nan,0,34.501241608929334,0.083848268000000004,0.0010000000000000009,1.0000000000000019e-06,1.7785993150488399,-0.44194212767835317,0.000518465815965549,trajectory reached the configured collision radius
6,30,0.78994289885316327,-0.873,fraction,250,0,collision,nan,0,34.503576173158237,0.085697248000000004,0.0010000000000000005,1.000000000000001e-06,1.7786001737592863,-0.4419421276775557,0.00051846649561041347,trajectory reached the configured collision radius
6,31,0.78994516902725964,-0.873,fraction,250,0,collision,nan,0,34.505919131345593,0.098179789000000003,0.0010000000000000018,1.0000000000000036e-06,1.7786010470520619,-0.44194212767675495,0.00051846717810622236,trajectory reached the configured collision radius
6,32,0.78994743920135613,-0.873,fraction,250,0,collision,nan,0,34.508270543043857,0.085449697000000005,0.001,9.9999999999999995e-07,1.7786019349713904,-0.44194212767595081,0.000518467863459521,trajectory reached the configured collision radius
6,33,0.7899497093754525,-0.873,fraction,250,0,collision,nan,0,34.510630468428779,0.081997837000000004,0.0010000000000000037,1.0000000000000074e-06,1.7786028375616691,-0.44194212767514351,0.00051846855167687737,trajectory reached the configured collision radius
6,34,0.78995197954954888,-0.873,fraction,250,0,collision,nan,0,34.512998968312431,0.084491905000000006,0.001,9.9999999999999995e-07,1.7786037548675715,-0.44194212767433272,0.00051846924276486488,trajectory reached the configured collision radius
6,35,0.78995424972364536,-0.873,fraction,250,0,collision,nan,0,34.515376104148025,0.082825515000000002,0.0010000000000000061,1.0000000000000122e-06,1.7786046869339276,-0.44194212767351865,0.00051846993673011386,trajectory reached the configured collision radius
6,36,0.78995651989774174,-0.873,fraction,250,0,collision,nan,0,34.517761938041609,0.081586494999999995,0.001,9.9999999999999995e-07,1.7786056338058176,-0.44194212767270102,0.00051847063357927589,trajectory reached the configured collision radius
6,37,0.78995879007183822,-0.873,fraction,250,0,collision,nan,0,34.520156532759181,0.08541646,0.0010000000000000091,1.0000000000000182e-06,1.7786065955285448,-0.4419421276718804,0.00051847133331904246,trajectory reached the configured collision radius
7,19,0.78991792693810259,-0.85683333333333334,fraction,250,0,collision,nan,0,34.489474170005572,0.082123812000000004,0.0010000000000000046,1.0000000000000091e-06,1.7784582547489241,-0.44194212770533037,0.00051844281986191179,trajectory reached the configured collision radius
7,20,0.78992019711219896,-0.85683333333333334,fraction,250,0,collision,nan,0,34.491729500408297,0.083459785999999994,0.001,9.9999999999999995e-07,1.7784597400706403,-0.44194212770439334,0.00051844361853204042,trajectory reached the configured collision radius
7,21,0.78992246728629545,-0.85683333333333334,fraction,250,0,collision,nan,0,34.49399267391091,0.086328822999999999,0.0010000000000000015,1.0000000000000031e-06,1.7784612392829178,-0.44194212770345348,0.00051844441978464505,trajectory reached the configured collision radius
7,22,0.78992473746039182,-0.85683333333333334,fraction,250,0,collision,nan,0,34.496263744421178,0.079792196999999995,0.0010000000000000007,1.0000000000000014e-06,1.7784627524223975,-0.44194212770251018,0.00051844522362446289,trajectory reached the configured collision radius
7,23,0.78992700763448831,-0.85683333333333334,fraction,250,0,collision,nan,0,34.498542766397101,0.082661250000000006,0.0010000000000000005,1.000000000000001e-06,1.7784642795258701,-0.4419421277015646,0.00051844603005624893,trajectory reached the configured collision radius
7,24,0.78992927780858468,-0.85683333333333334,fraction,250,0,collision,nan,0,34.500829794852805,0.081610704000000006,0.0010000000000000024,1.0000000000000048e-06,1.7784658206302528,-0.44194212770061536,0.00051844683908477333,trajectory reached the configured collision radius
7,25,0.78993154798268117,-0.85683333333333334,fraction,250,0,collision,nan,0,34.503124885367903,0.081471509999999997,0.001,9.9999999999999995e-07,1.7784673757726599,-0.4419421276996634,0.00051844765071480756,trajectory reached the configured collision radius
7,26,0.78993381815677755,-0.85683333333333334,fraction,250,0,collision,nan,0,34.50542809409162,0.092080687999999994,0.0010000000000000054,1.000000000000011e-06,1.7784689449903064,-0.44194212769870794,0.00051844846495117014,trajectory reached the configured collision radius
7,27,0.78993608833087392,-0.85683333333333334,fraction,250,0,collision,nan,0,34.507739477755216,0.081322748,0.001,9.9999999999999995e-07,1.7784705283206224,-0.44194212769774971,0.00051844928179866311,trajectory reached the configured collision radius
7,28,0.78993835850497041,-0.85683333333333334,fraction,250,0,collision,nan,0,34.510059093676553,0.087836709999999998,0.0010000000000000106,1.0000000000000213e-06,1.7784721258011114,-0.44194212769678859,0.00051845010126212255,trajectory reached the configured collision radius
7,29,0.78994062867906678,-0.85683333333333334,fraction,250,0,collision,nan,0,34.512386999768871,0.081265138000000001,0.001,9.9999999999999995e-07,1.7784737374694859,-0.44194212769582386,0.00051845092334639408,trajectory reached the configured collision radius
7,30,0.78994289885316327,-0.85683333333333334,fraction,250,0,collision,nan,0,34.514723254550169,0.084625444999999994,0.0010000000000000074,1.0000000000000148e-06,1.7784753633636057,-0.44194212769485663,0.00051845174805635098,trajectory reached the configured collision radius
7,31,0.78994516902725964,-0.85683333333333334,fraction,250,0,collision,nan,0,34.517067917148651,0.079397055999999994,0.001,9.9999999999999995e-07,1.7784770035214945,-0.44194212769388613,0.00051845257539686739,trajectory reached the configured collision radius
7,32,0.78994743920135613,-0.85683333333333334,fraction,250,0,collision,nan,0,34.519421047313941,0.082228764999999995,0.0010000000000000039,1.0000000000000078e-06,1.7784786579813185,-0.44194212769291241,0.00051845340537285517,trajectory reached the configured collision radius
7,33,0.7899497093754525,-0.85683333333333334,fraction,250,0,collision,nan,0,34.521782705425302,0.082028924000000003,0.0010000000000000002,1.0000000000000004e-06,1.7784803267813882,-0.44194212769193553,0.0005184542379892236,trajectory reached the configured collision radius
7,34,0.78995197954954888,-0.85683333333333334,fraction,250,0,collision,nan,0,34.52415295249871,0.083458233000000007,0.0010000000000000024,1.0000000000000048e-06,1.7784820099602319,-0.44194212769095598,0.0005184550732509135,trajectory reached the configured collision radius
7,35,0.78995424972364536,-0.85683333333333334,fraction,250,0,collision,nan,0,34.526531850197344,0.083486124999999994,0.0010000000000000002,1.0000000000000004e-06,1.778483707556483,-0.44194212768997276,0.00051845591116287835,trajectory reached the configured collision radius
7,36,0.78995651989774174,-0.85683333333333334,fraction,250,0,collision,nan,0,34.52891946083875,0.084877760999999996,0.0010000000000000011,1.0000000000000023e-06,1.7784854196089894,-0.44194212768898661,0.00051845675173010008,trajectory reached the configured collision radius
7,37,0.78995879007183822,-0.85683333333333334,fraction,250,0,collision,nan,0,34.531315847407285,0.077624226000000004,0.0010000000000000007,1.0000000000000014e-06,1.7784871461567175,-0.44194212768799751,0.00051845759495755821,trajectory reached the configured collision radius
8,19,0.78991792693810259,-0.84066666666666667,fraction,250,0,collision,nan,0,34.500437805544067,0.085288852999999998,0.0010000000000000054,1.000000000000011e-06,1.7783373399492772,-0.44194212772194624,0.00051842865563871295,trajectory reached the configured collision radius
8,20,0.78992019711219896,-0.84066666666666667,fraction,250,0,collision,nan,0,34.502694671930108,0.074009425000000004,0.001,9.9999999999999995e-07,1.7783395448063211,-0.44194212772085023,0.00051842958979476093,trajectory reached the configured collision radius
8,21,0.78992246728629545,-0.84066666666666667,fraction,250,0,collision,nan,0,34.504959393469626,0.079026977999999998,0.0010000000000000109,1.0000000000000218e-06,1.7783417632535949,-0.44194212771975178,0.00051843052633092877,trajectory reached the configured collision radius
8,22,0.78992473746039182,-0.84066666666666667,fraction,250,0,collision,nan,0,34.507232024238107,0.080528566999999995,0.001,9.9999999999999995e-07,1.7783439953224225,-0.44194212771865027,0.00051843146525050237,trajectory reached the configured collision radius
8,23,0.78992700763448831,-0.84066666666666667,fraction,250,0,collision,nan,0,34.509512618861109,0.088617096000000006,0.0010000000000000048,1.0000000000000095e-06,1.778346241044263,-0.44194212771754587,0.0005184324065568034,trajectory reached the configured collision radius
8,24,0.78992927780858468,-0.84066666666666667,fraction,250,0,collision,nan,0,34.511801232526643,0.079410181999999996,0.001,9.9999999999999995e-07,1.7783485004506163,-0.44194212771643909,0.00051843335025313411,trajectory reached the configured collision radius
8,25,0.78993154798268117,-0.84066666666666667,fraction,250,0,collision,nan,0,34.514097920987524,0.077196397,0.001000000000000002,1.000000000000004e-06,1.7783507735731536,-0.44194212771532937,0.00051843429634281988,trajectory reached the configured collision radius
8,26,0.78993381815677755,-0.84066666666666667,fraction,250,0,collision,nan,0,34.516402740574058,0.083706702999999993,0.0010000000000000005,1.000000000000001e-06,1.7783530604436211,-0.44194212771421643,0.00051843524482917281,trajectory reached the configured collision radius
8,27,0.78993608833087392,-0.84066666666666667,fraction,250,0,collision,nan,0,34.518715748197728,0.085220436999999996,0.0010000000000000007,1.0000000000000014e-06,1.7783553610938612,-0.44194212771310115,0.00051843619571554896,trajectory reached the configured collision radius
8,28,0.78993835850497041,-0.84066666666666667,fraction,250,0,collision,nan,0,34.521037001361904,0.083177494000000005,0.0010000000000000015,1.0000000000000031e-06,1.7783576755558255,-0.44194212771198277,0.00051843714900525807,trajectory reached the configured collision radius
8,29,0.78994062867906678,-0.84066666666666667,fraction,250,0,collision,nan,0,34.523366558167844,0.076934237000000003,0.0010000000000000002,1.0000000000000004e-06,1.7783600038616056,-0.44194212771086189,0.00051843810470166213,trajectory reached the configured collision radius
8,30,0.78994289885316327,-0.84066666666666667,fraction,250,0,collision,nan,0,34.525704477324688,0.076485813999999999,0.0010000000000000031,1.0000000000000061e-06,1.7783623460433537,-0.44194212770973773,0.00051843906280809476,trajectory reached the configured collision radius
8,31,0.78994516902725964,-0.84066666666666667,fraction,250,0,collision,nan,0,34.528050818156302,0.087538626999999994,0.001,9.9999999999999995e-07,1.7783647021333944,-0.44194212770861091,0.00051844002332793724,trajectory reached the configured collision radius
8,32,0.78994743920135613,-0.84066666666666667,fraction,250,0,collision,nan,0,34.530405640611448,0.085117267999999996,0.0010000000000000059,1.0000000000000118e-06,1.7783670721640519,-0.44194212770748148,0.00051844098626452556,trajectory reached the configured collision radius
8,33,0.7899497093754525,-0.84066666666666667,fraction,250,0,collision,nan,0,34.532769005271291,0.080178699000000006,0.001,9.9999999999999995e-07,1.7783694561678849,-0.44194212770634905,0.00051844195162124005,trajectory reached the configured collision radius
8,34,0.78995197954954888,-0.84066666666666667,fraction,250,0,collision,nan,0,34.535140973357066,0.079739573999999994,0.0010000000000000091,1.0000000000000182e-06,1.7783718541774831,-0.44194212770521374,0.00051844291940147458,trajectory reached the configured collision radius
8,35,0.78995424972364536,-0.84066666666666667,fraction,250,0,collision,nan,0,34.53752160674243,0.089216382999999996,0.001,9.9999999999999995e-07,1.7783742662255766,-0.44194212770407543,0.00051844388960858997,trajectory reached the configured collision radius
8,36,0.78995651989774174,-0.84066666666666667,fraction,250,0,collision,nan,0,34.539910967959329,0.080637236000000001,0.0010000000000000102,1.0000000000000205e-06,1.7783766923450077,-0.4419421277029344,0.00051844486224600036,trajectory reached the configured collision radius
8,37,0.78995879007183822,-0.84066666666666667,fraction,250,0,collision,nan,0,34.542309120207378,0.082592729000000004,0.001,9.9999999999999995e-07,1.7783791325687333,-0.44194212770179059,0.0005184458373170825,trajectory reached the configured collision radius
9,19,0.78991792693810259,-0.82450000000000001,fraction,250,0,collision,nan,0,34.511274551974708,0.081099081000000003,0.0010000000000000007,1.0000000000000014e-06,1.7782272384175484,-0.44194212773630553,0.0005184164145688331,trajectory reached the configured collision radius
9,20,0.78992019711219896,-0.82450000000000001,fraction,250,0,collision,nan,0,34.513532935504657,0.080846057999999998,0.0010000000000000002,1.0000000000000004e-06,1.7782301187709104,-0.44194212773506275,0.00051841747399111531,trajectory reached the configured collision radius
9,21,0.78992246728629545,-0.82450000000000001,fraction,250,0,collision,nan,0,34.515799186277697,0.082658451999999993,0.0010000000000000024,1.0000000000000048e-06,1.7782330123794055,-0.44194212773381764,0.0005184185355930689,trajectory reached the configured collision radius
9,22,0.78992473746039182,-0.82450000000000001,fraction,250,0,collision,nan,0,34.518073358535808,0.086936367000000001,0.001,9.9999999999999995e-07,1.7782359192692403,-0.44194212773256969,0.00051841959937664087,trajectory reached the configured collision radius
9,23,0.78992700763448831,-0.82450000000000001,fraction,250,0,collision,nan,0,34.520355507075564,0.085659007999999995,0.0010000000000000063,1.0000000000000127e-06,1.7782388394667259,-0.4419421277313193,0.00051842066534378345,trajectory reached the configured collision radius
9,24,0.78992927780858468,-0.82450000000000001,fraction,250,0,collision,nan,0,34.522645687257594,0.079081392,0.001,9.9999999999999995e-07,1.7782417729981743,-0.44194212773006597,0.00051842173349639614,trajectory reached the configured collision radius
9,25,0.78993154798268117,-0.82450000000000001,fraction,250,0,collision,nan,0,34.524943955013057,0.081401427999999998,0.0010000000000000106,1.0000000000000213e-06,1.7782447198900069,-0.44194212772881081,0.00051842280383644613,trajectory reached the configured collision radius
9,26,0.78993381815677755,-0.82450000000000001,fraction,250,0,collision,nan,0,34.527250366850446,0.082654347000000003,0.001,9.9999999999999995e-07,1.7782476801686871,-0.44194212772755237,0.00051842387636582968,trajectory reached the configured collision radius
9,27,0.78993608833087392,-0.82450000000000001,fraction,250,0,collision,nan,0,34.529564979864119,0.080702557999999994,0.0010000000000000054,1.000000000000011e-06,1.7782506538607064,-0.44194212772629193,0.00051842495108648037,trajectory reached the configured collision radius
9,28,0.78993835850497041,-0.82450000000000001,fraction,250,0,collision,nan,0,34.531887851743569,0.080157170999999999,0.001,9.9999999999999995e-07,1.778253640992687,-0.44194212772502872,0.00051842602800032623,trajectory reached the configured collision radius
9,29,0.78994062867906678,-0.82450000000000001,fraction,250,0,collision,nan,0,34.534219040780243,0.083974763999999993,0.0010000000000000026,1.0000000000000052e-06,1.778256641591258,-0.44194212772376285,0.00051842710710928543,trajectory reached the configured collision radius
9,30,0.78994289885316327,-0.82450000000000001,fraction,250,0,collision,nan,0,34.536558605875967,0.082292675999999995,0.0010000000000000002,1.0000000000000004e-06,1.7782596556831261,-0.4419421277224943,0.00051842818841525901,trajectory reached the configured collision radius
9,31,0.78994516902725964,-0.82450000000000001,fraction,250,0,collision,nan,0,34.538906606550874,0.080794939999999996,0.0010000000000000011,1.0000000000000023e-06,1.7782626832950879,-0.44194212772122315,0.00051842927192016297,trajectory reached the configured collision radius
9,32,0.78994743920135613,-0.82450000000000001,fraction,250,0,collision,nan,0,34.541263102953721,0.083199129999999996,0.0010000000000000007,1.0000000000000014e-06,1.7782657244539366,-0.44194212771994962,0.00051843035762591159,trajectory reached the configured collision radius
9,33,0.7899497093754525,-0.82450000000000001,fraction,250,0,collision,nan,0,34.543628155868362,0.087694007000000004,0.0010000000000000005,1.000000000000001e-06,1.7782687791865941,-0.44194212771867364,0.00051843144553439938,trajectory reached the configured collision radius
9,34,0.78995197954954888,-0.82450000000000001,fraction,250,0,collision,nan,0,34.546001826724819,0.079660441999999998,0.0010000000000000013,1.0000000000000027e-06,1.7782718475200407,-0.44194212771739483,0.00051843253564754117,trajectory reached the configured collision radius
9,35,0.78995424972364536,-0.82450000000000001,fraction,250,0,collision,nan,0,34.548384177606593,0.084980811000000003,0.0010000000000000002,1.0000000000000004e-06,1.7782749294812561,-0.44194212771611335,0.00051843362796722726,trajectory reached the configured collision radius
9,36,0.78995651989774174,-0.82450000000000001,fraction,250,0,collision,nan,0,34.550775271260996,0.086197166000000006,0.0010000000000000026,1.0000000000000052e-06,1.7782780250973793,-0.44194212771482938,0.00051843472249535577,trajectory reached the configured collision radius
9,37,0.78995879007183822,-0.82450000000000001,fraction,250,0,collision,nan,0,34.553175171107455,0.081971591999999996,0.001,9.9999999999999995e-07,1.7782811343955629,-0.44194212771354302,0.00051843581923383163,trajectory reached the configured collision radius
10,19,0.78991792693810259,-0.80833333333333335,fraction,250,0,collision,nan,0,34.52201462258509,0.085755008999999993,0.001,9.9999999999999995e-07,1.7781267556295806,-0.44194212774865405,0.00051840588774164148,trajectory reached the configured collision radius
10,20,0.78992019711219896,-0.80833333333333335,fraction,250,0,collision,nan,0,34.524274510210304,0.085692251999999997,0.0010000000000000031,1.0000000000000061e-06,1.7781302724424448,-0.44194212774727493,0.0005184070633548676,trajectory reached the configured collision radius
10,21,0.78992246728629545,-0.80833333333333335,fraction,250,0,collision,nan,0,34.526542277236935,0.088999701000000001,0.0010000000000000002,1.0000000000000004e-06,1.7781338021442266,-0.44194212774589381,0.00051840824094898162,trajectory reached the configured collision radius
10,22,0.78992473746039182,-0.80833333333333335,fraction,250,0,collision,nan,0,34.528817978075715,0.082175447999999998,0.0010000000000000009,1.0000000000000019e-06,1.7781373447561832,-0.44194212774450992,0.00051840942052462917,trajectory reached the configured collision radius
10,23,0.78992700763448831,-0.80833333333333335,fraction,250,0,collision,nan,0,34.531101667696362,0.083752668000000002,0.0010000000000000011,1.0000000000000023e-06,1.7781409002996569,-0.44194212774312397,0.0005184106020824507,trajectory reached the configured collision radius
10,24,0.78992927780858468,-0.80833333333333335,fraction,250,0,collision,nan,0,34.533393401634058,0.082475748000000002,0.0010000000000000002,1.0000000000000004e-06,1.7781444687959425,-0.4419421277417353,0.00051841178562306647,trajectory reached the configured collision radius
10,25,0.78993154798268117,-0.80833333333333335,fraction,250,0,collision,nan,0,34.535693235997883,0.083152074000000006,0.0010000000000000033,1.0000000000000065e-06,1.7781480502663582,-0.44194212774034503,0.00051841297114707486,trajectory reached the configured collision radius
10,26,0.78993381815677755,-0.80833333333333335,fraction,250,0,collision,nan,0,34.53800122747753,0.086862379000000003,0.001,9.9999999999999995e-07,1.7781516447322869,-0.44194212773895197,0.00051841415865509083,trajectory reached the configured collision radius
10,27,0.78993608833087392,-0.80833333333333335,fraction,250,0,collision,nan,0,34.540317433351795,0.082290302999999995,0.0010000000000000067,1.0000000000000135e-06,1.7781552522151027,-0.44194212773755648,0.00051841534814768878,trajectory reached the configured collision radius
10,28,0.78993835850497041,-0.80833333333333335,fraction,250,0,collision,nan,0,34.542641911499224,0.079067033999999994,0.001,9.9999999999999995e-07,1.7781588727361979,-0.44194212773615893,0.00051841653962543522,trajectory reached the configured collision radius
10,29,0.78994062867906678,-0.80833333333333335,fraction,250,0,collision,nan,0,34.544974720400639,0.081479504999999994,0.0010000000000000111,1.0000000000000222e-06,1.7781625063169944,-0.44194212773475916,0.00051841773308890964,trajectory reached the configured collision radius
10,30,0.78994289885316327,-0.80833333333333335,fraction,250,0,collision,nan,0,34.547315919153668,0.077199017999999994,0.001,9.9999999999999995e-07,1.7781661529789259,-0.44194212773335678,0.00051841892853864374,trajectory reached the configured collision radius
10,31,0.78994516902725964,-0.80833333333333335,fraction,250,0,collision,nan,0,34.549665567475692,0.077779675000000006,0.0010000000000000065,1.0000000000000131e-06,1.7781698127434151,-0.44194212773195207,0.0005184201259751805,trajectory reached the configured collision radius
10,32,0.78994743920135613,-0.80833333333333335,fraction,250,0,collision,nan,0,34.552023725717731,0.084159935000000005,0.001,9.9999999999999995e-07,1.7781734856320177,-0.44194212773054509,0.000518421325399044,trajectory reached the configured collision radius
10,33,0.7899497093754525,-0.80833333333333335,fraction,250,0,collision,nan,0,34.554390454868958,0.078754996999999993,0.0010000000000000039,1.0000000000000078e-06,1.7781771716661479,-0.44194212772913577,0.00051842252681075056,trajectory reached the configured collision radius
10,34,0.78995197954954888,-0.80833333333333335,fraction,250,0,collision,nan,0,34.556765816568628,0.083425569000000005,0.001,9.9999999999999995e-07,1.7781808708673355,-0.44194212772772379,0.00051842373021079055,trajectory reached the configured collision radius
10,35,0.78995424972364536,-0.80833333333333335,fraction,250,0,collision,nan,0,34.559149873113725,0.079301024999999997,0.0010000000000000022,1.0000000000000044e-06,1.7781845832571372,-0.44194212772630997,0.00051842493559966303,trajectory reached the configured collision radius
10,36,0.78995651989774174,-0.80833333333333335,fraction,250,0,collision,nan,0,34.561542687466414,0.080828981999999994,0.0010000000000000005,1.000000000000001e-06,1.7781883088570907,-0.44194212772489377,0.00051842614297784744,trajectory reached the configured collision radius
10,37,0.78995879007183822,-0.80833333333333335,fraction,250,0,collision,nan,0,34.563944323269752,0.080381308999999998,0.0010000000000000013,1.0000000000000027e-06,1.7781920476888131,-0.44194212772347513,0.0005184273523457883,trajectory reached the configured collision radius
11,19,0.78991792693810259,-0.79216666666666669,fraction,250,0,collision,nan,0,34.532682249619072,0.083488295000000004,0.001,9.9999999999999995e-07,1.778034941342072,-0.44194212775918734,0.00051839690813974446,trajectory reached the configured collision radius
11,20,0.78992019711219896,-0.79216666666666669,fraction,250,0,collision,nan,0,34.534943633026693,0.082015627999999993,0.0010000000000000106,1.0000000000000213e-06,1.7780390595332844,-0.44194212775768127,0.00051839819177699369,trajectory reached the configured collision radius
11,21,0.78992246728629545,-0.79216666666666669,fraction,250,0,collision,nan,0,34.53721290809235,0.083996618999999995,0.001,9.9999999999999995e-07,1.7780431902190303,-0.44194212775617359,0.00051839947719776948,trajectory reached the configured collision radius
11,22,0.78992473746039182,-0.79216666666666669,fraction,250,0,collision,nan,0,34.539490129398438,0.079197250999999996,0.0010000000000000046,1.0000000000000091e-06,1.778047333415798,-0.44194212775466374,0.00051840076440151748,trajectory reached the configured collision radius
11,23,0.78992700763448831,-0.79216666666666669,fraction,250,0,collision,nan,0,34.54177535208882,0.085209782999999997,0.001,9.9999999999999995e-07,1.7780514891400885,-0.4419421277531515,0.0005184020533876032,trajectory reached the configured collision radius
11,24,0.78992927780858468,-0.79216666666666669,fraction,250,0,collision,nan,0,34.544068631876478,0.097369402999999993,0.001000000000000002,1.000000000000004e-06,1.7780556574083315,-0.44194212775163777,0.00051840334415539967,trajectory reached the configured collision radius
11,25,0.78993154798268117,-0.79216666666666669,fraction,250,0,collision,nan,0,34.546370025048567,0.079054049000000001,0.0010000000000000005,1.000000000000001e-06,1.778059838236951,-0.44194212775012159,0.00051840463670425148,trajectory reached the configured collision radius
11,26,0.78993381815677755,-0.79216666666666669,fraction,250,0,collision,nan,0,34.548679588479068,0.078731560000000006,0.0010000000000000007,1.0000000000000014e-06,1.778064031642405,-0.4419421277486032,0.00051840593103351276,trajectory reached the configured collision radius
11,27,0.78993608833087392,-0.79216666666666669,fraction,250,0,collision,nan,0,34.550997379634715,0.082483021000000004,0.0010000000000000015,1.0000000000000031e-06,1.7780682376410513,-0.44194212774708308,0.00051840722714246545,trajectory reached the configured collision radius
11,28,0.78993835850497041,-0.79216666666666669,fraction,250,0,collision,nan,0,34.553323456579911,0.083263334999999994,0.0010000000000000002,1.0000000000000004e-06,1.7780724562492742,-0.44194212774556019,0.000518408525030398,trajectory reached the configured collision radius
11,29,0.78994062867906678,-0.79216666666666669,fraction,250,0,collision,nan,0,34.555657877992445,0.080535985000000004,0.0010000000000000035,1.0000000000000069e-06,1.7780766874834386,-0.44194212774403602,0.0005184098246965959,trajectory reached the configured collision radius
11,30,0.78994289885316327,-0.79216666666666669,fraction,250,0,collision,nan,0,34.558000703165362,0.079700340999999994,0.0010000000000000002,1.0000000000000004e-06,1.7780809313598571,-0.44194212774250913,0.00051841112614029285,trajectory reached the configured collision radius
11,31,0.78994516902725964,-0.79216666666666669,fraction,250,0,collision,nan,0,34.560351992016543,0.082653278999999996,0.0010000000000000063,1.0000000000000127e-06,1.7780851878948678,-0.44194212774098046,0.00051841242936071636,trajectory reached the configured collision radius
11,32,0.78994743920135613,-0.79216666666666669,fraction,250,0,collision,nan,0,34.562711805100534,0.082167037999999998,0.0010000000000000002,1.0000000000000004e-06,1.7780894571047487,-0.44194212773944935,0.00051841373435708524,trajectory reached the configured collision radius
11,33,0.7899497093754525,-0.79216666666666669,fraction,250,0,collision,nan,0,34.565080203615381,0.086002160999999994,0.0010000000000000102,1.0000000000000205e-06,1.7780937390057776,-0.44194212773791702,0.00051841504112856598,trajectory reached the configured collision radius
11,34,0.78995197954954888,-0.79216666666666669,fraction,250,0,collision,nan,0,34.567457249410126,0.080692133999999999,0.001,9.9999999999999995e-07,1.7780980336141914,-0.44194212773638186,0.00051841634967432937,trajectory reached the configured collision radius
11,35,0.78995424972364536,-0.79216666666666669,fraction,250,0,collision,nan,0,34.569843004997928,0.080723089999999997,0.0010000000000000091,1.0000000000000182e-06,1.7781023409462424,-0.44194212773484476,0.00051841765999354145,trajectory reached the configured collision radius
11,36,0.78995651989774174,-0.79216666666666669,fraction,250,0,collision,nan,0,34.572237533561349,0.082222792000000003,0.001,9.9999999999999995e-07,1.7781066610181031,-0.44194212773330521,0.00051841897208529017,trajectory reached the configured collision radius
11,37,0.78995879007183822,-0.79216666666666669,fraction,250,0,collision,nan,0,34.574640898964404,0.086366480999999995,0.0010000000000000063,1.0000000000000127e-06,1.7781109938459763,-0.44194212773176428,0.00051842028594871611,trajectory reached the configured collision radius
12,19,0.78991792693810259,-0.77600000000000002,fraction,250,0,collision,nan,0,34.543297311212513,0.083362768000000004,0.001,9.9999999999999995e-07,1.7779510247214898,-0.4419421277680648,0.00051838933955105444,trajectory reached the configured collision radius
12,20,0.78992019711219896,-0.77600000000000002,fraction,250,0,collision,nan,0,34.545560186064797,0.075826256999999994,0.0010000000000000044,1.0000000000000086e-06,1.7779557123980827,-0.44194212776644121,0.00051839072378048105,trajectory reached the configured collision radius
12,21,0.78992246728629545,-0.77600000000000002,fraction,250,0,collision,nan,0,34.547830964958344,0.08222931,0.001,9.9999999999999995e-07,1.7779604121491812,-0.44194212776481578,0.00051839210959739757,trajectory reached the configured collision radius
12,22,0.78992473746039182,-0.77600000000000002,fraction,250,0,collision,nan,0,34.550109702646687,0.078570335000000005,0.0010000000000000098,1.0000000000000196e-06,1.7779651239865921,-0.44194212776318825,0.00051839349700003035,trajectory reached the configured collision radius
12,23,0.78992700763448831,-0.77600000000000002,fraction,250,0,collision,nan,0,34.552396454449863,0.080033771000000004,0.001,9.9999999999999995e-07,1.7779698479221027,-0.44194212776155917,0.00051839488598657234,trajectory reached the configured collision radius
12,24,0.78992927780858468,-0.77600000000000002,fraction,250,0,collision,nan,0,34.554691276259007,0.084682133000000007,0.001000000000000007,1.0000000000000139e-06,1.7779745839674623,-0.44194212775992764,0.00051839627655521131,trajectory reached the configured collision radius
12,25,0.78993154798268117,-0.77600000000000002,fraction,250,0,collision,nan,0,34.556994224546578,0.079027535999999995,0.001,9.9999999999999995e-07,1.7779793321343562,-0.44194212775829506,0.00051839766870407386,trajectory reached the configured collision radius
12,26,0.78993381815677755,-0.77600000000000002,fraction,250,0,collision,nan,0,34.559305356369308,0.080624396000000001,0.0010000000000000031,1.0000000000000061e-06,1.777984092434405,-0.44194212775666014,0.0005183990624312891,trajectory reached the configured collision radius
12,27,0.78993608833087392,-0.77600000000000002,fraction,250,0,collision,nan,0,34.561624729382949,0.081413001999999998,0.001,9.9999999999999995e-07,1.7779888648791589,-0.44194212775502351,0.00051840045773493798,trajectory reached the configured collision radius
12,28,0.78993835850497041,-0.77600000000000002,fraction,250,0,collision,nan,0,34.563952401847004,0.082335842000000006,0.0010000000000000013,1.0000000000000027e-06,1.7779936494801196,-0.44194212775338498,0.00051840185461307837,trajectory reached the configured collision radius
12,29,0.78994062867906678,-0.77600000000000002,fraction,250,0,collision,nan,0,34.56628843263254,0.079259158999999996,0.0010000000000000007,1.0000000000000014e-06,1.7779984462487692,-0.44194212775174435,0.00051840325306375242,trajectory reached the configured collision radius
12,30,0.78994289885316327,-0.77600000000000002,fraction,250,0,collision,nan,0,34.568632881232141,0.084625165000000002,0.0010000000000000007,1.0000000000000014e-06,1.7780032551964922,-0.44194212775010228,0.00051840465308496803,trajectory reached the configured collision radius
12,31,0.78994516902725964,-0.77600000000000002,fraction,250,0,collision,nan,0,34.570985807767272,0.081488632000000005,0.0010000000000000015,1.0000000000000031e-06,1.7780080763345676,-0.44194212774845792,0.00051840605467467528,trajectory reached the configured collision radius
12,32,0.78994743920135613,-0.77600000000000002,fraction,250,0,collision,nan,0,34.573347272998248,0.083867646000000004,0.0010000000000000002,1.0000000000000004e-06,1.7780129096743316,-0.44194212774681196,0.00051840745783084108,trajectory reached the configured collision radius
12,33,0.7899497093754525,-0.77600000000000002,fraction,250,0,collision,nan,0,34.575717338334357,0.085812074000000002,0.0010000000000000031,1.0000000000000061e-06,1.778017755226972,-0.44194212774516439,0.00051840886255138041,trajectory reached the configured collision radius
12,34,0.78995197954954888,-0.77600000000000002,fraction,250,0,collision,nan,0,34.578096065837968,0.085098912999999998,0.001,9.9999999999999995e-07,1.7780226130036252,-0.44194212774351493,0.00051841026883418133,trajectory reached the configured collision radius
12,35,0.78995424972364536,-0.77600000000000002,fraction,250,0,collision,nan,0,34.580483518240456,0.081720046000000005,0.001000000000000005,1.0000000000000101e-06,1.7780274830154124,-0.44194212774186337,0.00051841167667712057,trajectory reached the configured collision radius
12,36,0.78995651989774174,-0.77600000000000002,fraction,250,0,collision,nan,0,34.582879758947207,0.075946959999999994,0.001,9.9999999999999995e-07,1.7780323652733125,-0.4419421277402103,0.00051841308607799815,trajectory reached the configured collision radius
12,37,0.78995879007183822,-0.77600000000000002,fraction,250,0,collision,nan,0,34.585284852047344,0.082270014000000002,0.0010000000000000072,1.0000000000000144e-06,1.7780372597883114,-0.44194212773855512,0.00051841449703464654,trajectory reached the configured collision radius
13,19,0.78991792693810259,-0.75983333333333336,fraction,250,0,collision,nan,0,34.553876435863081,0.088066873000000004,0.0010000000000000011,1.0000000000000023e-06,1.7778743701326065,-0.44194212777541997,0.00051838306900183634,trajectory reached the configured collision radius
13,20,0.78992019711219896,-0.75983333333333336,fraction,250,0,collision,nan,0,34.556140801240808,0.084309857000000002,0.0010000000000000011,1.0000000000000023e-06,1.7778795980122628,-0.44194212777368663,0.00051838454699621329,trajectory reached the configured collision radius
13,21,0.78992246728629545,-0.75983333333333336,fraction,250,0,collision,nan,0,34.558413083187808,0.082073924000000006,0.0010000000000000002,1.0000000000000004e-06,1.7778848375227601,-0.44194212777195119,0.00051838602638319675,trajectory reached the configured collision radius
13,22,0.78992473746039182,-0.75983333333333336,fraction,250,0,collision,nan,0,34.560693336633825,0.085238731999999998,0.0010000000000000031,1.0000000000000061e-06,1.7778900886714548,-0.44194212777021441,0.00051838750715989853,trajectory reached the configured collision radius
13,23,0.78992700763448831,-0.75983333333333336,fraction,250,0,collision,nan,0,34.562981617076439,0.083347249999999998,0.001,9.9999999999999995e-07,1.7778953514655371,-0.44194212776847575,0.00051838898932336655,trajectory reached the configured collision radius
13,24,0.78992927780858468,-0.75983333333333336,fraction,250,0,collision,nan,0,34.565277980589222,0.081491588000000004,0.0010000000000000074,1.0000000000000148e-06,1.777900625912175,-0.44194212776673564,0.00051839047287062599,trajectory reached the configured collision radius
13,25,0.78993154798268117,-0.75983333333333336,fraction,250,0,collision,nan,0,34.567582483828183,0.081934772000000003,0.001,9.9999999999999995e-07,1.7779059120184126,-0.44194212776499386,0.00051839195779866784,trajectory reached the configured collision radius
13,26,0.78993381815677755,-0.75983333333333336,fraction,250,0,collision,nan,0,34.569895184039943,0.081269354000000002,0.0010000000000000098,1.0000000000000196e-06,1.7779112097912499,-0.44194212776325043,0.00051839344410445224,trajectory reached the configured collision radius
13,27,0.78993608833087392,-0.75983333333333336,fraction,250,0,collision,nan,0,34.572216139072339,0.080510041000000004,0.001,9.9999999999999995e-07,1.7779165192375519,-0.44194212776150549,0.00051839493178488594,trajectory reached the configured collision radius
13,28,0.78993835850497041,-0.75983333333333336,fraction,250,0,collision,nan,0,34.574545407377947,0.079994557999999993,0.0010000000000000052,1.0000000000000105e-06,1.7779218403640575,-0.44194212775975888,0.00051839642083686955,trajectory reached the configured collision radius
13,29,0.78994062867906678,-0.75983333333333336,fraction,250,0,collision,nan,0,34.576883048026843,0.089977846,0.001,9.9999999999999995e-07,1.7779271731774731,-0.44194212775801023,0.00051839791125723685,trajectory reached the configured collision radius
13,30,0.78994289885316327,-0.75983333333333336,fraction,250,0,collision,nan,0,34.579229120715056,0.084452548000000002,0.0010000000000000026,1.0000000000000052e-06,1.7779325176844325,-0.44194212775626057,0.00051839940304281419,trajectory reached the configured collision radius
13,31,0.78994516902725964,-0.75983333333333336,fraction,250,0,collision,nan,0,34.581583685768308,0.081985010999999997,0.0010000000000000002,1.0000000000000004e-06,1.7779378738913845,-0.44194212775450903,0.0005184008961903689,trajectory reached the configured collision radius
13,32,0.78994743920135613,-0.75983333333333336,fraction,250,0,collision,nan,0,34.583946804157868,0.079695013999999995,0.0010000000000000013,1.0000000000000027e-06,1.7779432418047618,-0.4419421277527561,0.00051840239069664729,trajectory reached the configured collision radius
13,33,0.7899497093754525,-0.75983333333333336,fraction,250,0,collision,nan,0,34.586318537504582,0.083167362999999994,0.0010000000000000007,1.0000000000000014e-06,1.7779486214308322,-0.44194212775100145,0.00051840388655836477,trajectory reached the configured collision radius
13,34,0.78995197954954888,-0.75983333333333336,fraction,250,0,collision,nan,0,34.588698948089956,0.086764457000000003,0.0010000000000000005,1.000000000000001e-06,1.777954012775828,-0.44194212774924507,0.00051840538377217332,trajectory reached the configured collision radius
13,35,0.78995424972364536,-0.75983333333333336,fraction,250,0,collision,nan,0,34.591088098865249,0.081248262000000002,0.0010000000000000011,1.0000000000000023e-06,1.7779594158458332,-0.44194212774748731,0.00051840688233471962,trajectory reached the configured collision radius
13,36,0.78995651989774174,-0.75983333333333336,fraction,250,0,collision,nan,0,34.593486053461319,0.081629019999999997,0.0010000000000000002,1.0000000000000004e-06,1.7779648306468596,-0.44194212774572783,0.0005184083822425958,trajectory reached the configured collision radius
13,37,0.78995879007183822,-0.75983333333333336,fraction,250,0,collision,nan,0,34.595892876197631,0.084612759999999995,0.0010000000000000022,1.0000000000000044e-06,1.7779702571848248,-0.44194212774396679,0.00051840988349236873,trajectory reached the configured collision radius
14,19,0.78991792693810259,-0.7436666666666667,fraction,250,0,collision,nan,0,34.564433776007817,0.084376284999999995,0.0010000000000000041,1.0000000000000082e-06,1.7778044460586977,-0.44194212778136421,0.00051837800143008175,trajectory reached the configured collision radius
14,20,0.78992019711219896,-0.7436666666666667,fraction,250,0,collision,nan,0,34.566699633987142,0.088067178999999995,0.001,9.9999999999999995e-07,1.7778101870253997,-0.44194212777952802,0.0005183795668663076,trajectory reached the configured collision radius
14,21,0.78992246728629545,-0.7436666666666667,fraction,250,0,collision,nan,0,34.568973421230027,0.08280817,0.0010000000000000015,1.0000000000000031e-06,1.7778159391575667,-0.44194212777769054,0.00051838113350138166,trajectory reached the configured collision radius
14,22,0.78992473746039182,-0.7436666666666667,fraction,250,0,collision,nan,0,34.571255192845115,0.085827481999999997,0.0010000000000000007,1.0000000000000014e-06,1.7778217024581129,-0.44194212777585129,0.00051838270133131481,trajectory reached the configured collision radius
14,23,0.78992700763448831,-0.7436666666666667,fraction,250,0,collision,nan,0,34.573545004512013,0.078352991999999996,0.0010000000000000002,1.0000000000000004e-06,1.777827476929843,-0.4419421277740111,0.00051838427035205952,trajectory reached the configured collision radius
14,24,0.78992927780858468,-0.7436666666666667,fraction,250,0,collision,nan,0,34.575842912488206,0.079900082999999997,0.0010000000000000022,1.0000000000000044e-06,1.7778332625754567,-0.44194212777216924,0.00051838584055955502,trajectory reached the configured collision radius
14,25,0.78993154798268117,-0.7436666666666667,fraction,250,0,collision,nan,0,34.57814897361758,0.077153104,0.001,9.9999999999999995e-07,1.7778390593975189,-0.44194212777032582,0.00051838741194967211,trajectory reached the configured collision radius
14,26,0.78993381815677755,-0.7436666666666667,fraction,250,0,collision,nan,0,34.580463245338663,0.081754510000000002,0.001000000000000005,1.0000000000000101e-06,1.7778448673984724,-0.4419421277684813,0.00051838898451826503,trajectory reached the configured collision radius
14,27,0.78993608833087392,-0.7436666666666667,fraction,250,0,collision,nan,0,34.582785785692387,0.084322741000000007,0.001,9.9999999999999995e-07,1.7778506865805845,-0.44194212776663533,0.00051839055826111689,trajectory reached the configured collision radius
14,28,0.78993835850497041,-0.7436666666666667,fraction,250,0,collision,nan,0,34.585116653330594,0.074786527000000005,0.0010000000000000098,1.0000000000000196e-06,1.7778565169460956,-0.44194212776478803,0.00051839213317399809,trajectory reached the configured collision radius
14,29,0.78994062867906678,-0.7436666666666667,fraction,250,0,collision,nan,0,34.587455907525296,0.084205208000000004,0.001,9.9999999999999995e-07,1.7778623584970161,-0.44194212776293934,0.00051839370925260751,trajectory reached the configured collision radius
14,30,0.78994289885316327,-0.7436666666666667,fraction,250,0,collision,nan,0,34.589803608175309,0.084704486999999995,0.0010000000000000085,1.0000000000000169e-06,1.7778682112353132,-0.4419421277610891,0.00051839528649263414,trajectory reached the configured collision radius
14,31,0.78994516902725964,-0.7436666666666667,fraction,250,0,collision,nan,0,34.592159815818547,0.083432926000000004,0.001,9.9999999999999995e-07,1.7778740751627402,-0.44194212775923791,0.00051839686488969617,trajectory reached the configured collision radius
14,32,0.78994743920135613,-0.7436666666666667,fraction,250,0,collision,nan,0,34.594524591637217,0.083485959999999998,0.001000000000000005,1.0000000000000101e-06,1.777879950281031,-0.44194212775738517,0.00051839844443939912,trajectory reached the configured collision radius
14,33,0.7899497093754525,-0.7436666666666667,fraction,250,0,collision,nan,0,34.596897997469725,0.083293384999999998,0.001,9.9999999999999995e-07,1.7778858365916597,-0.44194212775553066,0.00051840002513726295,trajectory reached the configured collision radius
14,34,0.78995197954954888,-0.7436666666666667,fraction,250,0,collision,nan,0,34.599280095816908,0.082701740999999995,0.0010000000000000031,1.0000000000000061e-06,1.7778917340960274,-0.44194212775367536,0.00051840160697879767,trajectory reached the configured collision radius
14,35,0.78995424972364536,-0.7436666666666667,fraction,250,0,collision,nan,0,34.601670949856747,0.081324144000000001,0.001,9.9999999999999995e-07,1.7778976427954885,-0.4419421277518184,0.00051840318995947628,trajectory reached the configured collision radius
14,36,0.78995651989774174,-0.7436666666666667,fraction,250,0,collision,nan,0,34.604070623447292,0.082503998999999995,0.0010000000000000018,1.0000000000000036e-06,1.7779035626910475,-0.44194212774996033,0.00051840477407469722,trajectory reached the configured collision radius
14,37,0.78995879007183822,-0.7436666666666667,fraction,250,0,collision,nan,0,34.606479181142149,0.079556361000000006,0.0010000000000000002,1.0000000000000004e-06,1.7779094937837749,-0.44194212774810088,0.00051840635931984797,trajectory reached the configured collision radius
15,19,0.78991792693810259,-0.72750000000000004,fraction,250,0,collision,nan,0,34.574981564466803,0.083672016000000002,0.0010000000000000115,1.000000000000023e-06,1.7777408026699582,-0.44194212778599196,0.00051837405583563651,trajectory reached the configured collision radius
15,20,0.78992019711219896,-0.72750000000000004,fraction,250,0,collision,nan,0,34.577248919799409,0.082271331000000003,0.001,9.9999999999999995e-07,1.777747031425754,-0.44194212778406022,0.00051837570281597367,trajectory reached the configured collision radius
15,21,0.78992246728629545,-0.72750000000000004,fraction,250,0,collision,nan,0,34.579524217277211,0.094246120000000003,0.001000000000000005,1.0000000000000101e-06,1.7777532708614887,-0.4419421277821271,0.00051837735080246519,trajectory reached the configured collision radius
15,22,0.78992473746039182,-0.72750000000000004,fraction,250,0,collision,nan,0,34.581807512189563,0.081583874000000001,0.0010000000000000002,1.0000000000000004e-06,1.7777595209757786,-0.44194212778019326,0.00051837899979004795,trajectory reached the configured collision radius
15,23,0.78992700763448831,-0.72750000000000004,fraction,250,0,collision,nan,0,34.584098860401376,0.084011771999999998,0.001000000000000002,1.000000000000004e-06,1.7777657817671326,-0.44194212777825759,0.00051838064977364703,trajectory reached the configured collision radius
15,24,0.78992927780858468,-0.72750000000000004,fraction,250,0,collision,nan,0,34.586398318355258,0.083584107000000005,0.0010000000000000005,1.000000000000001e-06,1.7777720532338503,-0.44194212777632141,0.00051838230074812124,trajectory reached the configured collision radius
15,25,0.78993154798268117,-0.72750000000000004,fraction,250,0,collision,nan,0,34.588705943088513,0.085288699999999995,0.0010000000000000007,1.0000000000000014e-06,1.7777783353741481,-0.44194212777438346,0.00051838395270830599,trajectory reached the configured collision radius
15,26,0.78993381815677755,-0.72750000000000004,fraction,250,0,collision,nan,0,34.591021792232588,0.087012585000000003,0.0010000000000000015,1.0000000000000031e-06,1.7777846281860512,-0.44194212777244457,0.00051838560564894864,trajectory reached the configured collision radius
15,27,0.78993608833087392,-0.72750000000000004,fraction,250,0,collision,nan,0,34.593345924026814,0.085636348000000001,0.001,9.9999999999999995e-07,1.7777909316674279,-0.44194212777050473,0.00051838725956479407,trajectory reached the configured collision radius
15,28,0.78993835850497041,-0.72750000000000004,fraction,250,0,collision,nan,0,34.595678397324612,0.078886012000000005,0.0010000000000000033,1.0000000000000065e-06,1.7777972458160012,-0.4419421277685634,0.00051838891445051016,trajectory reached the configured collision radius
15,29,0.78994062867906678,-0.72750000000000004,fraction,250,0,collision,nan,0,34.598019271602787,0.081868063000000005,0.001,9.9999999999999995e-07,1.777803570629287,-0.44194212776662134,0.00051839057030071125,trajectory reached the configured collision radius
15,30,0.78994289885316327,-0.72750000000000004,fraction,250,0,collision,nan,0,34.600368606969084,0.087370222999999997,0.0010000000000000061,1.0000000000000122e-06,1.7778099061047001,-0.44194212776467773,0.00051839222710998957,trajectory reached the configured collision radius
15,31,0.78994516902725964,-0.72750000000000004,fraction,250,0,collision,nan,0,34.602726464174346,0.082949488000000002,0.001,9.9999999999999995e-07,1.7778162522394807,-0.44194212776273351,0.00051839388487286554,trajectory reached the configured collision radius
15,32,0.78994743920135613,-0.72750000000000004,fraction,250,0,collision,nan,0,34.605092904616235,0.080097726999999994,0.0010000000000000102,1.0000000000000205e-06,1.7778226090306872,-0.44194212776078773,0.00051839554358382254,trajectory reached the configured collision radius
15,33,0.7899497093754525,-0.72750000000000004,fraction,250,0,collision,nan,0,34.607467990353598,0.082736132000000004,0.001,9.9999999999999995e-07,1.7778289764752222,-0.44194212775884123,0.00051839720323728202,trajectory reached the configured collision radius
15,34,0.78995197954954888,-0.72750000000000004,fraction,250,0,collision,nan,0,34.609851784112173,0.082129409,0.0010000000000000091,1.0000000000000182e-06,1.7778353545697898,-0.44194212775689301,0.00051839886382764406,trajectory reached the configured collision radius
15,35,0.78995424972364536,-0.72750000000000004,fraction,250,0,collision,nan,0,34.612244349298457,0.080006355000000001,0.001,9.9999999999999995e-07,1.7778417433109979,-0.4419421277549439,0.00051840052534922747,trajectory reached the configured collision radius
15,36,0.78995651989774174,-0.72750000000000004,fraction,250,0,collision,nan,0,34.614645750002218,0.080337666000000002,0.0010000000000000063,1.0000000000000127e-06,1.7778481426951995,-0.44194212775299402,0.00051840218779631501,trajectory reached the configured collision radius
15,37,0.78995879007183822,-0.72750000000000004,fraction,250,0,collision,nan,0,34.617056051014451,0.080751907999999997,0.001,9.9999999999999995e-07,1.7778545527186476,-0.44194212775104297,0.00051840385116313896,trajectory reached the configured collision radius
16,19,0.78991792693810259,-0.71133333333333337,fraction,250,0,collision,nan,0,34.585530524042163,0.078941312,0.0010000000000000046,1.0000000000000091e-06,1.7776830552623764,-0.44194212778938596,0.00051837116243373443,trajectory reached the configured collision radius
16,20,0.78992019711219896,-0.71133333333333337,fraction,250,0,collision,nan,0,34.587799383915346,0.074551819000000005,0.001,9.9999999999999995e-07,1.7776897480499689,-0.44194212778736502,0.00051837288542303515,trajectory reached the configured collision radius
16,21,0.78992246728629545,-0.71133333333333337,fraction,250,0,collision,nan,0,34.590076199017986,0.065986143999999997,0.0010000000000000104,1.0000000000000209e-06,1.7776964510131907,-0.44194212778534309,0.00051837460922680794,trajectory reached the configured collision radius
16,22,0.78992473746039182,-0.71133333333333337,fraction,250,0,collision,nan,0,34.59236102482447,0.072927119999999998,0.001,9.9999999999999995e-07,1.7777031641465142,-0.44194212778331993,0.00051837633383898323,trajectory reached the configured collision radius
16,23,0.78992700763448831,-0.71133333333333337,fraction,250,0,collision,nan,0,34.594653917387539,0.069647048000000003,0.0010000000000000063,1.0000000000000127e-06,1.7777098874442223,-0.44194212778129649,0.00051837805925347203,trajectory reached the configured collision radius
16,24,0.78992927780858468,-0.71133333333333337,fraction,250,0,collision,nan,0,34.596954933341827,0.072240108999999997,0.001,9.9999999999999995e-07,1.7777166209004123,-0.44194212777927189,0.00051837978546411564,trajectory reached the configured collision radius
16,25,0.78993154798268117,-0.71133333333333337,fraction,250,0,collision,nan,0,34.599264129917458,0.075926436,0.0010000000000000028,1.0000000000000057e-06,1.7777233645090031,-0.4419421277772459,0.00051838151246472858,trajectory reached the configured collision radius
16,26,0.78993381815677755,-0.71133333333333337,fraction,250,0,collision,nan,0,34.60158156494456,0.077584639999999996,0.0010000000000000002,1.0000000000000004e-06,1.7777301182637342,-0.44194212777521957,0.00051838324024903668,trajectory reached the configured collision radius
16,27,0.78993608833087392,-0.71133333333333337,fraction,250,0,collision,nan,0,34.60390729686322,0.071198299000000007,0.0010000000000000013,1.0000000000000027e-06,1.7777368821581419,-0.4419421277731917,0.00051838496881074104,trajectory reached the configured collision radius
16,28,0.78993835850497041,-0.71133333333333337,fraction,250,0,collision,nan,0,34.606241384732769,0.074173893000000005,0.0010000000000000009,1.0000000000000019e-06,1.7777436561855844,-0.44194212777116337,0.00051838669814346439,trajectory reached the configured collision radius
16,29,0.78994062867906678,-0.71133333333333337,fraction,250,0,collision,nan,0,34.608583888236815,0.084476075999999997,0.0010000000000000005,1.000000000000001e-06,1.7777504403392224,-0.44194212776913394,0.00051838842824080235,trajectory reached the configured collision radius
16,30,0.78994289885316327,-0.71133333333333337,fraction,250,0,collision,nan,0,34.61093486769748,0.063259915999999999,0.0010000000000000018,1.0000000000000036e-06,1.7777572346120387,-0.44194212776710373,0.00051839015909626847,trajectory reached the configured collision radius
16,31,0.78994516902725964,-0.71133333333333337,fraction,250,0,collision,nan,0,34.613294384080419,0.075802492999999999,0.001,9.9999999999999995e-07,1.7777640389968208,-0.44194212776507241,0.0005183918907033418,trajectory reached the configured collision radius
16,32,0.78994743920135613,-0.71133333333333337,fraction,250,0,collision,nan,0,34.615662499005737,0.072483984000000001,0.0010000000000000035,1.0000000000000069e-06,1.7777708534861469,-0.4419421277630402,0.00051839362305543171,trajectory reached the configured collision radius
16,33,0.7899497093754525,-0.71133333333333337,fraction,250,0,collision,nan,0,34.618039274753876,0.075002112999999995,0.0010000000000000002,1.0000000000000004e-06,1.77777767807239,-0.4419421277610075,0.00051839535614590156,trajectory reached the configured collision radius
16,34,0.78995197954954888,-0.71133333333333337,fraction,250,0,collision,nan,0,34.620424774281375,0.072555406000000003,0.0010000000000000057,1.0000000000000114e-06,1.777784512747774,-0.44194212775897374,0.00051839708996806965,trajectory reached the configured collision radius
16,35,0.78995424972364536,-0.71133333333333337,fraction,250,0,collision,nan,0,34.622819061224874,0.073915586000000005,0.001,9.9999999999999995e-07,1.7777913575042781,-0.44194212775693903,0.00051839882451517108,trajectory reached the configured collision radius
16,36,0.78995651989774174,-0.71133333333333337,fraction,250,0,collision,nan,0,34.62522219991299,0.072405653,0.001000000000000008,1.000000000000016e-06,1.7777982123336911,-0.44194212775490382,0.00051840055978040532,trajectory reached the configured collision radius
16,37,0.78995879007183822,-0.71133333333333337,fraction,250,0,collision,nan,0,34.627634255377387,0.073947029999999997,0.001,9.9999999999999995e-07,1.7778050772275851,-0.4419421277528674,0.00051840229575689668,trajectory reached the configured collision radius
17,19,0.78991792693810259,-0.69516666666666671,fraction,250,0,collision,nan,0,34.596090175189723,0.067047677999999999,0.0010000000000000011,1.0000000000000023e-06,1.7776308717867708,-0.44194212779161685,0.00051836926050835433,trajectory reached the configured collision radius
17,20,0.78992019711219896,-0.69516666666666671,fraction,250,0,collision,nan,0,34.598360549034801,0.061818735,0.0010000000000000002,1.0000000000000004e-06,1.7776380061651171,-0.44194212778951275,0.00051837105428328522,trajectory reached the configured collision radius
17,21,0.78992246728629545,-0.69516666666666671,fraction,250,0,collision,nan,0,34.600638891416715,0.064577876000000006,0.0010000000000000037,1.0000000000000074e-06,1.7776451501973587,-0.44194212778740832,0.0005183728486819946,trajectory reached the configured collision radius
17,22,0.78992473746039182,-0.69516666666666671,fraction,250,0,collision,nan,0,34.60292525799612,0.062862335000000005,0.001,9.9999999999999995e-07,1.7776523038738288,-0.44194212778530262,0.00051837464369746224,trajectory reached the configured collision radius
17,23,0.78992700763448831,-0.69516666666666671,fraction,250,0,collision,nan,0,34.605219705017674,0.064019107000000006,0.001000000000000008,1.000000000000016e-06,1.7776594671847898,-0.44194212778319653,0.00051837643932263608,trajectory reached the configured collision radius
17,24,0.78992927780858468,-0.69516666666666671,fraction,250,0,collision,nan,0,34.607522289310211,0.069016036000000003,0.001,9.9999999999999995e-07,1.7776666401201673,-0.44194212778108971,0.00051837823555037023,trajectory reached the configured collision radius
17,25,0.78993154798268117,-0.69516666666666671,fraction,250,0,collision,nan,0,34.609833068302486,0.066073433000000001,0.0010000000000000089,1.0000000000000177e-06,1.7776738226697135,-0.44194212777898184,0.00051838003237349758,trajectory reached the configured collision radius
17,26,0.78993381815677755,-0.69516666666666671,fraction,250,0,collision,nan,0,34.612152100024609,0.059332098999999999,0.001,9.9999999999999995e-07,1.7776810148229665,-0.44194212777687386,0.00051838182978475029,trajectory reached the configured collision radius
17,27,0.78993608833087392,-0.69516666666666671,fraction,250,0,collision,nan,0,34.614479443123727,0.057885468000000002,0.0010000000000000046,1.0000000000000091e-06,1.7776882165692922,-0.4419421277747646,0.0005183836277768486,trajectory reached the configured collision radius
17,28,0.78993835850497041,-0.69516666666666671,fraction,250,0,collision,nan,0,34.616815156866828,0.065079584999999995,0.001,9.9999999999999995e-07,1.7776954278977681,-0.44194212777265512,0.00051838542634240605,trajectory reached the configured collision radius
17,29,0.78994062867906678,-0.69516666666666671,fraction,250,0,collision,nan,0,34.619159301151271,0.067840663999999995,0.0010000000000000022,1.0000000000000044e-06,1.7777026487973013,-0.44194212777054454,0.0005183872254740081,trajectory reached the configured collision radius
17,30,0.78994289885316327,-0.69516666666666671,fraction,250,0,collision,nan,0,34.621511936514253,0.064151171000000007,0.0010000000000000002,1.0000000000000004e-06,1.7777098792565531,-0.44194212776843395,0.00051838902516416531,trajectory reached the configured collision radius
17,31,0.78994516902725964,-0.69516666666666671,fraction,250,0,collision,nan,0,34.623873124142861,0.062574108000000003,0.0010000000000000009,1.0000000000000019e-06,1.7777171192639993,-0.44194212776632208,0.0005183908254053403,trajectory reached the configured collision radius
17,32,0.78994743920135613,-0.69516666666666671,fraction,250,0,collision,nan,0,34.626242925879282,0.059912180000000002,0.0010000000000000009,1.0000000000000019e-06,1.7777243688078257,-0.4419421277642096,0.00051839262618992479,trajectory reached the configured collision radius
17,33,0.7899497093754525,-0.69516666666666671,fraction,250,0,collision,nan,0,34.628621404236313,0.067998125000000006,0.0010000000000000005,1.000000000000001e-06,1.7777316278760626,-0.44194212776209701,0.00051839442751024881,trajectory reached the configured collision radius
17,34,0.78995197954954888,-0.69516666666666671,fraction,250,0,collision,nan,0,34.631008622399669,0.067000506000000001,0.0010000000000000015,1.0000000000000031e-06,1.7777388964564784,-0.44194212775998354,0.00051839622935858981,trajectory reached the configured collision radius
17,35,0.78995424972364536,-0.69516666666666671,fraction,250,0,collision,nan,0,34.633404644245232,0.057785484999999998,0.0010000000000000002,1.0000000000000004e-06,1.7777461745366114,-0.44194212775786923,0.00051839803172714835,trajectory reached the configured collision radius
17,36,0.78995651989774174,-0.69516666666666671,fraction,250,0,collision,nan,0,34.635809534340829,0.069079733000000004,0.0010000000000000024,1.0000000000000048e-06,1.7777534621037385,-0.44194212775575442,0.00051839983460809445,trajectory reached the configured collision radius
17,37,0.78995879007183822,-0.69516666666666671,fraction,250,0,collision,nan,0,34.638223357966133,0.068978877999999993,0.001,9.9999999999999995e-07,1.7777607591450004,-0.441942127753639,0.00051840163799350887,trajectory reached the configured collision radius
18,19,0.78991792693810259,-0.67900000000000005,fraction,250,0,collision,nan,0,34.606669071300686,0.052215921999999998,0.0010000000000000002,1.0000000000000004e-06,1.7775839632930066,-0.44194212779274722,0.00051836829676473503,trajectory reached the configured collision radius
18,20,0.78992019711219896,-0.67900000000000005,fraction,250,0,collision,nan,0,34.608940970655347,0.064777939000000007,0.0010000000000000013,1.0000000000000027e-06,1.7775915179538302,-0.44194212779056596,0.00051837015637219404,trajectory reached the configured collision radius
18,21,0.78992246728629545,-0.67900000000000005,fraction,250,0,collision,nan,0,34.611220852091058,0.065521711999999996,0.0010000000000000007,1.0000000000000014e-06,1.7775990817304439,-0.44194212778838438,0.00051837201641376078,trajectory reached the configured collision radius
18,22,0.78992473746039182,-0.67900000000000005,fraction,250,0,collision,nan,0,34.61350877146063,0.047488249000000003,0.0010000000000000002,1.0000000000000004e-06,1.7776066546092859,-0.44194212778620212,0.00051837387688149583,trajectory reached the configured collision radius
18,23,0.78992700763448831,-0.67900000000000005,fraction,250,0,collision,nan,0,34.61580478520208,0.061410320999999997,0.0010000000000000024,1.0000000000000048e-06,1.7776142365764966,-0.44194212778401937,0.00051837573776738794,trajectory reached the configured collision radius
18,24,0.78992927780858468,-0.67900000000000005,fraction,250,0,collision,nan,0,34.618108950343924,0.051390395999999998,0.0010000000000000002,1.0000000000000004e-06,1.7776218276180482,-0.44194212778183639,0.0005183775990633678,trajectory reached the configured collision radius
18,25,0.78993154798268117,-0.67900000000000005,fraction,250,0,collision,nan,0,34.620421324516904,0.066894950999999994,0.0010000000000000057,1.0000000000000114e-06,1.7776294277196401,-0.44194212777965242,0.00051837946076131942,trajectory reached the configured collision radius
18,26,0.78993381815677755,-0.67900000000000005,fraction,250,0,collision,nan,0,34.622741965955782,0.066851229999999998,0.001,9.9999999999999995e-07,1.7776370368667156,-0.44194212777746827,0.00051838132285302984,trajectory reached the configured collision radius
18,27,0.78993608833087392,-0.67900000000000005,fraction,250,0,collision,nan,0,34.625070933517627,0.066751092999999997,0.0010000000000000104,1.0000000000000209e-06,1.7776446550444946,-0.44194212777528358,0.00051838318533023572,trajectory reached the configured collision radius
18,28,0.78993835850497041,-0.67900000000000005,fraction,250,0,collision,nan,0,34.627408286681707,0.052712544,0.001,9.9999999999999995e-07,1.7776522822379555,-0.4419421277730986,0.00051838504818462351,trajectory reached the configured collision radius
18,29,0.78994062867906678,-0.67900000000000005,fraction,250,0,collision,nan,0,34.629754085562645,0.064361951000000001,0.0010000000000000076,1.0000000000000152e-06,1.7776599184318316,-0.44194212777091313,0.00051838691140780135,trajectory reached the configured collision radius
18,30,0.78994289885316327,-0.67900000000000005,fraction,250,0,collision,nan,0,34.632108390918333,0.052904800000000002,0.001,9.9999999999999995e-07,1.7776675636105921,-0.44194212776872727,0.00051838877499129526,trajectory reached the configured collision radius
18,31,0.78994516902725964,-0.67900000000000005,fraction,250,0,collision,nan,0,34.634471264160283,0.042434469000000002,0.0010000000000000046,1.0000000000000091e-06,1.7776752177584696,-0.44194212776654113,0.00051839063892660864,trajectory reached the configured collision radius
18,32,0.78994743920135613,-0.67900000000000005,fraction,250,0,collision,nan,0,34.636842767359262,0.062911459000000003,0.001,9.9999999999999995e-07,1.7776828808594414,-0.4419421277643541,0.00051839250320513761,trajectory reached the configured collision radius
18,33,0.7899497093754525,-0.67900000000000005,fraction,250,0,collision,nan,0,34.639222963261091,0.046502477,0.0010000000000000026,1.0000000000000052e-06,1.7776905528972387,-0.44194212776216685,0.00051839436781823023,trajectory reached the configured collision radius
18,34,0.78995197954954888,-0.67900000000000005,fraction,250,0,collision,nan,0,34.641611915289744,0.058127280000000003,0.001,9.9999999999999995e-07,1.7776982338553355,-0.44194212775997954,0.00051839623275718068,trajectory reached the configured collision radius
18,35,0.78995424972364536,-0.67900000000000005,fraction,250,0,collision,nan,0,34.644009687560569,0.040452188,0.0010000000000000015,1.0000000000000031e-06,1.7777059237169042,-0.4419421277577914,0.00051839809801318773,trajectory reached the configured collision radius
18,36,0.78995651989774174,-0.67900000000000005,fraction,250,0,collision,nan,0,34.646416344891072,0.070895844,0.0010000000000000005,1.000000000000001e-06,1.7777136224649095,-0.44194212775560315,0.0005183999635774005,trajectory reached the configured collision radius
18,37,0.78995879007183822,-0.67900000000000005,fraction,250,0,collision,nan,0,34.648831952806745,0.063331500999999998,0.0010000000000000011,1.0000000000000023e-06,1.7777213300820591,-0.44194212775341429,0.00051840182944090348,trajectory reached the configured collision radius
19,19,0.78991792693810259,-0.66283333333333339,fraction,250,0,collision,nan,0,34.617274981572926,0.058553363999999997,0.001,9.9999999999999995e-07,1.7775420764945049,-0.44194212779283232,0.00051836822404523447,trajectory reached the configured collision radius
19,20,0.78992019711219896,-0.66283333333333339,fraction,250,0,collision,nan,0,34.619548419969391,0.071416992999999998,0.0010000000000000052,1.0000000000000105e-06,1.7775500311102139,-0.44194212779057962,0.00051837014476800031,trajectory reached the configured collision radius
19,21,0.78992246728629545,-0.66283333333333339,fraction,250,0,collision,nan,0,34.621829854246073,0.061336670000000003,0.001,9.9999999999999995e-07,1.7775579942883482,-0.44194212778832653,0.00051837206573620914,trajectory reached the configured collision radius
19,22,0.78992473746039182,-0.66283333333333339,fraction,250,0,collision,nan,0,34.624119340450626,0.067088745000000005,0.0010000000000000022,1.0000000000000044e-06,1.777565966011492,-0.441942127786073,0.00051837398694105138,trajectory reached the configured collision radius
19,23,0.78992700763448831,-0.66283333333333339,fraction,250,0,collision,nan,0,34.626416935220718,0.070968132000000003,0.0010000000000000005,1.000000000000001e-06,1.7775739462618896,-0.44194212778381936,0.00051837590837359028,trajectory reached the configured collision radius
19,24,0.78992927780858468,-0.66283333333333339,fraction,250,0,collision,nan,0,34.628722695786159,0.051787208000000001,0.0010000000000000007,1.0000000000000014e-06,1.7775819350215392,-0.44194212778156527,0.0005183778300248609,trajectory reached the configured collision radius
19,25,0.78993154798268117,-0.66283333333333339,fraction,250,0,collision,nan,0,34.631036679984895,0.070739675000000002,0.0010000000000000013,1.0000000000000027e-06,1.7775899322721835,-0.44194212777931108,0.00051837975188583692,trajectory reached the configured collision radius
19,26,0.78993381815677755,-0.66283333333333339,fraction,250,0,collision,nan,0,34.633358946260635,0.056464662999999998,0.0010000000000000002,1.0000000000000004e-06,1.7775979379953046,-0.44194212777705622,0.00051838167394739002,trajectory reached the configured collision radius
19,27,0.78993608833087392,-0.66283333333333339,fraction,250,0,collision,nan,0,34.635689553683612,0.062645702999999997,0.0010000000000000033,1.0000000000000065e-06,1.7776059521721095,-0.44194212777480185,0.00051838359620034438,trajectory reached the configured collision radius
19,28,0.78993835850497041,-0.66283333333333339,fraction,250,0,collision,nan,0,34.638028561950485,0.049174253000000001,0.0010000000000000002,1.0000000000000004e-06,1.7776139747835442,-0.44194212777254688,0.00051838551863544796,trajectory reached the configured collision radius
19,29,0.78994062867906678,-0.66283333333333339,fraction,250,0,collision,nan,0,34.640376031397061,0.058986400000000001,0.0010000000000000061,1.0000000000000122e-06,1.7776220058102574,-0.44194212777029168,0.00051838744124338518,trajectory reached the configured collision radius
19,30,0.78994289885316327,-0.66283333333333339,fraction,250,0,collision,nan,0,34.642732023007142,0.036656702999999999,0.001,9.9999999999999995e-07,1.7776300452326359,-0.4419421277680366,0.00051838936401475363,trajectory reached the configured collision radius
19,31,0.78994516902725964,-0.66283333333333339,fraction,250,0,collision,nan,0,34.645096598419769,0.038355948000000001,0.00100000000000001,1.0000000000000201e-06,1.77763809303084,-0.44194212776578062,0.00051839128694011001,trajectory reached the configured collision radius
19,32,0.78994743920135613,-0.66283333333333339,fraction,250,0,collision,nan,0,34.6474698199426,0.059396496,0.001,9.9999999999999995e-07,1.7776461491846622,-0.44194212776352482,0.0005183932100098948,trajectory reached the configured collision radius
19,33,0.7899497093754525,-0.66283333333333339,fraction,250,0,collision,nan,0,34.649851750555683,0.069931427000000004,0.0010000000000000091,1.0000000000000182e-06,1.7776542136736819,-0.44194212776126901,0.00051839513321454069,trajectory reached the configured collision radius
19,34,0.78995197954954888,-0.66283333333333339,fraction,250,0,collision,nan,0,34.652242453926547,0.066563009000000006,0.001,9.9999999999999995e-07,1.7776622864771716,-0.44194212775901304,0.00051839705654434221,trajectory reached the configured collision radius
19,35,0.78995424972364536,-0.66283333333333339,fraction,250,0,collision,nan,0,34.654641994416771,0.045819309000000003,0.0010000000000000063,1.0000000000000127e-06,1.7776703675741172,-0.44194212775675673,0.00051839897998958969,trajectory reached the configured collision radius
19,36,0.78995651989774174,-0.66283333333333339,fraction,250,0,collision,nan,0,34.657050437095059,0.041914735000000002,0.001,9.9999999999999995e-07,1.7776784569432198,-0.44194212775450031,0.00051840090354042978,trajectory reached the configured collision radius
19,37,0.78995879007183822,-0.66283333333333339,fraction,250,0,collision,nan,0,34.659467847743819,0.037710545999999998,0.0010000000000000046,1.0000000000000091e-06,1.7776865545629075,-0.44194212775224401,0.00051840282718699658,trajectory reached the configured collision radius
20,19,0.78991792693810259,-0.64666666666666672,fraction,250,0,collision,nan,0,34.627915035219353,0.041206263999999999,0.001,9.9999999999999995e-07,1.7775049879018716,-0.4419421277919221,0.00051836900031441459,trajectory reached the configured collision radius
20,20,0.78992019711219896,-0.64666666666666672,fraction,250,0,collision,nan,0,34.630190028107641,0.05396157,0.0010000000000000085,1.0000000000000169e-06,1.7775133229984563,-0.44194212778960262,0.00051837097764238316,trajectory reached the configured collision radius
20,21,0.78992246728629545,-0.64666666666666672,fraction,250,0,collision,nan,0,34.632473030945292,0.045649072999999998,0.001,9.9999999999999995e-07,1.7775216660898585,-0.4419421277872832,0.00051837295502817993,trajectory reached the configured collision radius
20,22,0.78992473746039182,-0.64666666666666672,fraction,250,0,collision,nan,0,34.634764099980941,0.036809658000000002,0.0010000000000000078,1.0000000000000156e-06,1.7775300171548056,-0.44194212778496383,0.00051837493246211712,trajectory reached the configured collision radius
20,23,0.78992700763448831,-0.64666666666666672,fraction,250,0,collision,nan,0,34.637063292052723,0.047296552999999998,0.001,9.9999999999999995e-07,1.7775383761717332,-0.44194212778264436,0.00051837690993439582,trajectory reached the configured collision radius
20,24,0.78992927780858468,-0.64666666666666672,fraction,250,0,collision,nan,0,34.639370664600072,0.066015534000000001,0.0010000000000000037,1.0000000000000074e-06,1.7775467431188312,-0.44194212778032493,0.0005183788874352028,trajectory reached the configured collision radius
20,25,0.78993154798268117,-0.64666666666666672,fraction,250,0,collision,nan,0,34.641686275668384,0.036909015000000003,0.001,9.9999999999999995e-07,1.7775551179739566,-0.44194212777800557,0.00051838086495459605,trajectory reached the configured collision radius
20,26,0.78993381815677755,-0.64666666666666672,fraction,250,0,collision,nan,0,34.644010183918482,0.037428705,0.0010000000000000015,1.0000000000000031e-06,1.7775635007147208,-0.44194212777568581,0.00051838284248259666,trajectory reached the configured collision radius
20,27,0.78993608833087392,-0.64666666666666672,fraction,250,0,collision,nan,0,34.646342448636247,0.036184995999999997,0.0010000000000000007,1.0000000000000014e-06,1.7775718913184164,-0.44194212777336628,0.00051838482000912862,trajectory reached the configured collision radius
20,28,0.78993835850497041,-0.64666666666666672,fraction,250,0,collision,nan,0,34.648683129741627,0.036673131999999997,0.0010000000000000007,1.0000000000000014e-06,1.7775802897620068,-0.44194212777104691,0.00051838679752405485,trajectory reached the configured collision radius
20,29,0.78994062867906678,-0.64666666666666672,fraction,250,0,collision,nan,0,34.651032287795445,0.056412505000000002,0.0010000000000000015,1.0000000000000031e-06,1.7775886960222711,-0.44194212776872716,0.00051838877501716204,trajectory reached the configured collision radius
20,30,0.78994289885316327,-0.64666666666666672,fraction,250,0,collision,nan,0,34.653389984011177,0.045838518000000002,0.0010000000000000002,1.0000000000000004e-06,1.7775971100755614,-0.44194212776640768,0.00051839075247815745,trajectory reached the configured collision radius
20,31,0.78994516902725964,-0.64666666666666672,fraction,250,0,collision,nan,0,34.655756280263468,0.052726678999999999,0.0010000000000000028,1.0000000000000057e-06,1.7776055318979997,-0.44194212776408826,0.00051839272989668704,trajectory reached the configured collision radius
20,32,0.78994743920135613,-0.64666666666666672,fraction,250,0,collision,nan,0,34.65813123909733,0.043527122000000001,0.001,9.9999999999999995e-07,1.7776139614654132,-0.44194212776176872,0.00051839470726229846,trajectory reached the configured collision radius
20,33,0.7899497093754525,-0.64666666666666672,fraction,250,0,collision,nan,0,34.660514923735334,0.053043868000000001,0.0010000000000000048,1.0000000000000095e-06,1.7776223987532647,-0.44194212775944935,0.00051839668456448774,trajectory reached the configured collision radius
20,34,0.78995197954954888,-0.64666666666666672,fraction,250,0,collision,nan,0,34.662907398093068,0.037238466999999997,0.001,9.9999999999999995e-07,1.7776308437367685,-0.4419421277571301,0.00051839866179265517,trajectory reached the configured collision radius
20,35,0.78995424972364536,-0.64666666666666672,fraction,250,0,collision,nan,0,34.665308726783309,0.052700563999999998,0.0010000000000000067,1.0000000000000135e-06,1.7776392963907797,-0.44194212775481084,0.00051840063893614588,trajectory reached the configured collision radius
20,36,0.78995651989774174,-0.64666666666666672,fraction,250,0,collision,nan,0,34.66771897513086,0.037524612999999998,0.001,9.9999999999999995e-07,1.7776477566899089,-0.44194212775249159,0.00051840261598420641,trajectory reached the configured collision radius
20,37,0.78995879007183822,-0.64666666666666672,fraction,250,0,collision,nan,0,34.670138209179953,0.058896919999999998,0.0010000000000000093,1.0000000000000186e-06,1.7776562246083798,-0.44194212775017261,0.000518404592926038,trajectory reached the configured collision radius
21,19,0.78991792693810259,-0.63050000000000006,fraction,250,0,collision,nan,0,34.638595836755698,0.062052303000000003,0.0010000000000000005,1.000000000000001e-06,1.777472499136967,-0.44194212779005992,0.00051837058784676246,trajectory reached the configured collision radius
21,20,0.78992019711219896,-0.63050000000000006,fraction,250,0,collision,nan,0,34.640872401444248,0.063743998999999996,0.0010000000000000022,1.0000000000000044e-06,1.7774811959867285,-0.44194212778767933,0.00051837261745271083,trajectory reached the configured collision radius
21,21,0.78992246728629545,-0.63050000000000006,fraction,250,0,collision,nan,0,34.643156990438989,0.041907552000000001,0.0010000000000000002,1.0000000000000004e-06,1.7774899002502271,-0.44194212778529879,0.00051837464692991659,trajectory reached the configured collision radius
21,22,0.78992473746039182,-0.63050000000000006,fraction,250,0,collision,nan,0,34.645449660191971,0.045045696000000003,0.0010000000000000052,1.0000000000000105e-06,1.7774986119025078,-0.44194212778291869,0.00051837667626786958,trajectory reached the configured collision radius
21,23,0.78992700763448831,-0.63050000000000006,fraction,250,0,collision,nan,0,34.647750467750214,0.036912283999999997,0.001,9.9999999999999995e-07,1.7775073309183262,-0.4419421277805386,0.00051837870545594583,trajectory reached the configured collision radius
21,24,0.78992927780858468,-0.63050000000000006,fraction,250,0,collision,nan,0,34.65005947076218,0.051389429,0.0010000000000000104,1.0000000000000209e-06,1.777516057272055,-0.44194212777815833,0.000518380734483477,trajectory reached the configured collision radius
21,25,0.78993154798268117,-0.63050000000000006,fraction,250,0,collision,nan,0,34.652376727489568,0.043148023000000001,0.001,9.9999999999999995e-07,1.7775247909378347,-0.44194212777577863,0.00051838276333968179,trajectory reached the configured collision radius
21,26,0.78993381815677755,-0.63050000000000006,fraction,250,0,collision,nan,0,34.654702296811536,0.037472686999999998,0.001000000000000007,1.0000000000000139e-06,1.7775335318894501,-0.44194212777339892,0.00051838479201373594,trajectory reached the configured collision radius
21,27,0.78993608833087392,-0.63050000000000006,fraction,250,0,collision,nan,0,34.657036238237708,0.036954380000000002,0.001,9.9999999999999995e-07,1.7775422801003906,-0.44194212777101971,0.00051838682049470724,trajectory reached the configured collision radius
21,28,0.78993835850497041,-0.63050000000000006,fraction,250,0,collision,nan,0,34.659378611913482,0.036091500999999998,0.0010000000000000037,1.0000000000000074e-06,1.7775510355438209,-0.44194212776864072,0.00051838884877161652,trajectory reached the configured collision radius
21,29,0.78994062867906678,-0.63050000000000006,fraction,250,0,collision,nan,0,34.661729478631102,0.036319279000000003,0.0010000000000000002,1.0000000000000004e-06,1.7775597981925944,-0.44194212776626174,0.00051839087683337086,trajectory reached the configured collision radius
21,30,0.78994289885316327,-0.63050000000000006,fraction,250,0,collision,nan,0,34.664088899839079,0.038058698000000002,0.001000000000000002,1.000000000000004e-06,1.7775685680192015,-0.4419421277638832,0.00051839290466882998,trajectory reached the configured collision radius
21,31,0.78994516902725964,-0.63050000000000006,fraction,250,0,collision,nan,0,34.666456937650622,0.050129492999999997,0.0010000000000000002,1.0000000000000004e-06,1.7775773449958701,-0.44194212776150482,0.00051839493226675472,trajectory reached the configured collision radius
21,32,0.78994743920135613,-0.63050000000000006,fraction,250,0,collision,nan,0,34.668833654854325,0.058736800999999998,0.0010000000000000009,1.0000000000000019e-06,1.777586129094485,-0.44194212775912645,0.000518396959615844,trajectory reached the configured collision radius
21,33,0.7899497093754525,-0.63050000000000006,fraction,250,0,collision,nan,0,34.671219114921847,0.071067534000000002,0.0010000000000000009,1.0000000000000019e-06,1.7775949202865451,-0.4419421277567489,0.00051839898670468594,trajectory reached the configured collision radius
21,34,0.78995197954954888,-0.63050000000000006,fraction,250,0,collision,nan,0,34.673613382020626,0.036823471000000003,0.0010000000000000005,1.000000000000001e-06,1.7776037185432996,-0.44194212775437164,0.00051840101352182866,trajectory reached the configured collision radius
21,35,0.78995424972364536,-0.63050000000000006,fraction,250,0,collision,nan,0,34.676016521022824,0.039683313999999997,0.0010000000000000013,1.0000000000000027e-06,1.7776125238356424,-0.44194212775199437,0.00051840304005572021,trajectory reached the configured collision radius
21,36,0.78995651989774174,-0.63050000000000006,fraction,250,0,collision,nan,0,34.678428597512394,0.069917596999999998,0.0010000000000000002,1.0000000000000004e-06,1.7776213361340831,-0.44194212774961716,0.0005184050662947235,trajectory reached the configured collision radius
21,37,0.78995879007183822,-0.63050000000000006,fraction,250,0,collision,nan,0,34.680849677801582,0.071410996000000004,0.0010000000000000022,1.0000000000000044e-06,1.7776301554088203,-0.44194212774724106,0.00051840709222712733,trajectory reached the configured collision radius
22,19,0.78991792693810259,-0.6143333333333334,fraction,250,0,collision,nan,0,34.649323559313494,0.062445029999999999,0.0010000000000000033,1.0000000000000065e-06,1.7774444331470234,-0.44194212778728625,0.00051837295256901349,trajectory reached the configured collision radius
22,20,0.78992019711219896,-0.6143333333333334,fraction,250,0,collision,nan,0,34.65160171493288,0.036546689,0.0010000000000000002,1.0000000000000004e-06,1.7774534736771066,-0.44194212778484931,0.00051837503028795927,trajectory reached the configured collision radius
22,21,0.78992246728629545,-0.6143333333333334,fraction,250,0,collision,nan,0,34.653887909519021,0.070584176999999998,0.0010000000000000011,1.0000000000000023e-06,1.7774625210273534,-0.44194212778241243,0.00051837710769271877,trajectory reached the configured collision radius
22,22,0.78992473746039182,-0.6143333333333334,fraction,250,0,collision,nan,0,34.65618219973171,0.043049377,0.0010000000000000009,1.0000000000000019e-06,1.7774715751691421,-0.44194212777997621,0.00051837918477194115,trajectory reached the configured collision radius
22,23,0.78992700763448831,-0.6143333333333334,fraction,250,0,collision,nan,0,34.658484642830729,0.045235774999999999,0.0010000000000000002,1.0000000000000004e-06,1.777480636073586,-0.44194212777754005,0.00051838126151421463,trajectory reached the configured collision radius
22,24,0.78992927780858468,-0.6143333333333334,fraction,250,0,collision,nan,0,34.66079529668027,0.035780530999999997,0.0010000000000000024,1.0000000000000048e-06,1.7774897037114541,-0.44194212777510494,0.00051838333790805915,trajectory reached the configured collision radius
22,25,0.78993154798268117,-0.6143333333333334,fraction,250,0,collision,nan,0,34.663114219762136,0.044243122000000003,0.001,9.9999999999999995e-07,1.7774987780531499,-0.44194212777266961,0.00051838541394188717,trajectory reached the configured collision radius
22,26,0.78993381815677755,-0.6143333333333334,fraction,250,0,collision,nan,0,34.665441471178831,0.040956023000000001,0.0010000000000000054,1.000000000000011e-06,1.7775078590687896,-0.44194212777023512,0.00051838748960404896,trajectory reached the configured collision radius
22,27,0.78993608833087392,-0.6143333333333334,fraction,250,0,collision,nan,0,34.667777110667387,0.036298756000000001,0.001,9.9999999999999995e-07,1.7775169467281347,-0.44194212776780062,0.00051838956488280217,trajectory reached the configured collision radius
22,28,0.78993835850497041,-0.6143333333333334,fraction,250,0,collision,nan,0,34.670121198605628,0.036395489000000003,0.0010000000000000096,1.0000000000000192e-06,1.7775260410006006,-0.44194212776536679,0.00051839163976633398,trajectory reached the configured collision radius
22,29,0.78994062867906678,-0.6143333333333334,fraction,250,0,collision,nan,0,34.672473796021947,0.037700209999999998,0.001,9.9999999999999995e-07,1.7775351418552794,-0.44194212776293357,0.0005183937142427316,trajectory reached the configured collision radius
22,30,0.78994289885316327,-0.6143333333333334,fraction,250,0,collision,nan,0,34.674834964604642,0.036101612999999998,0.0010000000000000089,1.0000000000000177e-06,1.7775442492608946,-0.44194212776050051,0.00051839578830002806,trajectory reached the configured collision radius
22,31,0.78994516902725964,-0.6143333333333334,fraction,250,0,collision,nan,0,34.677204766711959,0.035866587999999998,0.001,9.9999999999999995e-07,1.7775533631858513,-0.44194212775806835,0.00051839786192613743,trajectory reached the configured collision radius
22,32,0.78994743920135613,-0.6143333333333334,fraction,250,0,collision,nan,0,34.679583265381233,0.056722928999999998,0.0010000000000000057,1.0000000000000114e-06,1.7775624835981734,-0.44194212775563663,0.00051839993510892617,trajectory reached the configured collision radius
22,33,0.7899497093754525,-0.6143333333333334,fraction,250,0,collision,nan,0,34.681970524338318,0.035713472000000003,0.001,9.9999999999999995e-07,1.7775716104655723,-0.44194212775320535,0.00051840200783614683,trajectory reached the configured collision radius
22,34,0.78995197954954888,-0.6143333333333334,fraction,250,0,collision,nan,0,34.684366608008595,0.047513458000000001,0.0010000000000000035,1.0000000000000069e-06,1.777580743755371,-0.44194212775077446,0.00051840408009549445,trajectory reached the configured collision radius
22,35,0.78995424972364536,-0.6143333333333334,fraction,250,0,collision,nan,0,34.686771581526095,0.051413219000000003,0.001,9.9999999999999995e-07,1.7775898834345292,-0.44194212774834418,0.00051840615187456296,trajectory reached the configured collision radius
22,36,0.78995651989774174,-0.6143333333333334,fraction,250,0,collision,nan,0,34.689185510745219,0.037885437000000001,0.0010000000000000024,1.0000000000000048e-06,1.7775990294697164,-0.44194212774591446,0.00051840822316086374,trajectory reached the configured collision radius
22,37,0.78995879007183822,-0.6143333333333334,fraction,250,0,collision,nan,0,34.691608462250436,0.036441639999999997,0.001,9.9999999999999995e-07,1.7776081818271603,-0.44194212774348524,0.00051841029394183655,trajectory reached the configured collision radius
23,19,0.78991792693810259,-0.59816666666666674,fraction,250,0,collision,nan,0,34.660104021073295,0.036062591999999997,0.0010000000000000098,1.0000000000000196e-06,1.7774206311145182,-0.4419421277836374,0.00051837606352203233,trajectory reached the configured collision radius
23,20,0.78992019711219896,-0.59816666666666674,fraction,250,0,collision,nan,0,34.662383788553811,0.044365814000000003,0.001,9.9999999999999995e-07,1.7774299978287,-0.44194212778114839,0.00051837818533366107,trajectory reached the configured collision radius
23,21,0.78992246728629545,-0.59816666666666674,fraction,250,0,collision,nan,0,34.664671609981873,0.041435166000000002,0.0010000000000000065,1.0000000000000131e-06,1.7774393707576506,-0.44194212777866004,0.00051838030664675295,trajectory reached the configured collision radius
23,22,0.78992473746039182,-0.59816666666666674,fraction,250,0,collision,nan,0,34.666967542230246,0.041007926,0.001,9.9999999999999995e-07,1.7774487498692544,-0.44194212777617253,0.00051838242744920316,trajectory reached the configured collision radius
23,23,0.78992700763448831,-0.59816666666666674,fraction,250,0,collision,nan,0,34.669271642775939,0.042854970999999999,0.0010000000000000031,1.0000000000000061e-06,1.777458135131043,-0.4419421277736858,0.00051838454772882517,trajectory reached the configured collision radius
23,24,0.78992927780858468,-0.59816666666666674,fraction,250,0,collision,nan,0,34.671583969704983,0.047362010000000003,0.0010000000000000002,1.0000000000000004e-06,1.7774675265102264,-0.44194212777119923,0.00051838666747333747,trajectory reached the configured collision radius
23,25,0.78993154798268117,-0.59816666666666674,fraction,250,0,collision,nan,0,34.673904581722233,0.036388359000000002,0.0010000000000000011,1.0000000000000023e-06,1.7774769239736647,-0.44194212776871361,0.00051838878667039847,trajectory reached the configured collision radius
23,26,0.78993381815677755,-0.59816666666666674,fraction,250,0,collision,nan,0,34.67623353815997,0.036550131999999999,0.0010000000000000009,1.0000000000000019e-06,1.7774863274877997,-0.44194212776622865,0.00051839090530755633,trajectory reached the configured collision radius
23,27,0.78993608833087392,-0.59816666666666674,fraction,250,0,collision,nan,0,34.678570898988632,0.045276654,0.0010000000000000005,1.000000000000001e-06,1.7774957370187867,-0.44194212776374381,0.00051839302337229924,trajectory reached the configured collision radius
23,28,0.78993835850497041,-0.59816666666666674,fraction,250,0,collision,nan,0,34.680916724822147,0.062249480000000003,0.001000000000000002,1.000000000000004e-06,1.7775051525324101,-0.44194212776126024,0.00051839514085200156,trajectory reached the configured collision radius
23,29,0.78994062867906678,-0.59816666666666674,fraction,250,0,collision,nan,0,34.683271076931142,0.041264163999999999,0.001,9.9999999999999995e-07,1.7775145739940523,-0.441942127758777,0.0005183972577339752,trajectory reached the configured collision radius
23,30,0.78994289885316327,-0.59816666666666674,fraction,250,0,collision,nan,0,34.685634017250784,0.03658869,0.0010000000000000035,1.0000000000000069e-06,1.7775240013687867,-0.44194212775629438,0.00051839937400542766,trajectory reached the configured collision radius
23,31,0.78994516902725964,-0.59816666666666674,fraction,250,0,collision,nan,0,34.688005608387357,0.047983798000000001,0.001,9.9999999999999995e-07,1.7775334346212719,-0.44194212775381303,0.00051840148965350637,trajectory reached the configured collision radius
23,32,0.78994743920135613,-0.59816666666666674,fraction,250,0,collision,nan,0,34.690385913634493,0.056638246000000003,0.0010000000000000059,1.0000000000000118e-06,1.7775428737158065,-0.44194212775133185,0.0005184036046652434,trajectory reached the configured collision radius
23,33,0.7899497093754525,-0.59816666666666674,fraction,250,0,collision,nan,0,34.692774996978173,0.036146393999999998,0.001,9.9999999999999995e-07,1.77755231861638,-0.44194212774885172,0.00051840571902760113,trajectory reached the configured collision radius
23,34,0.78995197954954888,-0.59816666666666674,fraction,250,0,collision,nan,0,34.695172923106185,0.043979754000000003,0.0010000000000000087,1.0000000000000173e-06,1.7775617692865013,-0.44194212774637215,0.0005184078327274454,trajectory reached the configured collision radius
23,35,0.78995424972364536,-0.59816666666666674,fraction,250,0,collision,nan,0,34.697579757423505,0.036729790999999998,0.001,9.9999999999999995e-07,1.777571225689381,-0.4419421277438938,0.0005184099457515623,trajectory reached the configured collision radius
23,36,0.78995651989774174,-0.59816666666666674,fraction,250,0,collision,nan,0,34.699995566057929,0.044029713999999998,0.0010000000000000115,1.000000000000023e-06,1.7775806877878104,-0.44194212774141589,0.000518412058086644,trajectory reached the configured collision radius
23,37,0.78995879007183822,-0.59816666666666674,fraction,250,0,collision,nan,0,34.702420415873497,0.035625548,0.001,9.9999999999999995e-07,1.7775901555442399,-0.44194212773893898,0.00051841416971930591,trajectory reached the configured collision radius
24,19,0.78991792693810259,-0.58199999999999996,fraction,250,0,collision,nan,0,34.670942748574554,0.058124592000000003,0.0010000000000000018,1.0000000000000036e-06,1.7774009499106469,-0.4419421277791461,0.00051837989241633475,trajectory reached the configured collision radius
24,20,0.78992019711219896,-0.58199999999999996,fraction,250,0,collision,nan,0,34.673224150640081,0.060477274999999997,0.001,9.9999999999999995e-07,1.7774106258215714,-0.44194212777660996,0.00051838205442973563,trajectory reached the configured collision radius
24,21,0.78992246728629545,-0.58199999999999996,fraction,250,0,collision,nan,0,34.675513621971227,0.036085154000000001,0.0010000000000000046,1.0000000000000091e-06,1.7774203073308659,-0.44194212777407499,0.00051838421576142553,trajectory reached the configured collision radius
24,22,0.78992473746039182,-0.58199999999999996,fraction,250,0,collision,nan,0,34.677811219659517,0.036269263000000003,0.001,9.9999999999999995e-07,1.7774299944029925,-0.44194212777154063,0.0005183863763985521,trajectory reached the configured collision radius
24,23,0.78992700763448831,-0.58199999999999996,fraction,250,0,collision,nan,0,34.680117001403033,0.036303163999999999,0.0010000000000000096,1.0000000000000192e-06,1.7774396870020093,-0.44194212776900715,0.00051838853632820401,trajectory reached the configured collision radius
24,24,0.78992927780858468,-0.58199999999999996,fraction,250,0,collision,nan,0,34.682431025514134,0.067986923000000005,0.001,9.9999999999999995e-07,1.7774493850916164,-0.44194212776647446,0.00051839069553733072,trajectory reached the configured collision radius
24,25,0.78993154798268117,-0.58199999999999996,fraction,250,0,collision,nan,0,34.684753350928638,0.036515649999999997,0.0010000000000000076,1.0000000000000152e-06,1.7774590886352093,-0.44194212776394248,0.000518392854012869,trajectory reached the configured collision radius
24,26,0.78993381815677755,-0.58199999999999996,fraction,250,0,collision,nan,0,34.687084037213154,0.036816169000000003,0.001,9.9999999999999995e-07,1.7774687975957137,-0.44194212776141151,0.0005183950117415789,trajectory reached the configured collision radius
24,27,0.78993608833087392,-0.58199999999999996,fraction,250,0,collision,nan,0,34.689423144576381,0.036755798999999999,0.0010000000000000041,1.0000000000000082e-06,1.7774785119357186,-0.44194212775888175,0.00051839716871020279,trajectory reached the configured collision radius
24,28,0.78993835850497041,-0.58199999999999996,fraction,250,0,collision,nan,0,34.691770733874776,0.051941904999999997,0.001,9.9999999999999995e-07,1.7774882316174636,-0.44194212775635217,0.00051839932490536564,trajectory reached the configured collision radius
24,29,0.78994062867906678,-0.58199999999999996,fraction,250,0,collision,nan,0,34.694126866626185,0.065717439000000002,0.0010000000000000022,1.0000000000000044e-06,1.7774979566027571,-0.44194212775382402,0.00051840148031360783,trajectory reached the configured collision radius
24,30,0.78994289885316327,-0.58199999999999996,fraction,250,0,collision,nan,0,34.696491605017897,0.035795711000000001,0.0010000000000000005,1.000000000000001e-06,1.7775076868530877,-0.44194212775129665,0.00051840363492137889,trajectory reached the configured collision radius
24,31,0.78994516902725964,-0.58199999999999996,fraction,250,0,collision,nan,0,34.698865011912396,0.041506766,0.0010000000000000011,1.0000000000000023e-06,1.7775174223294667,-0.44194212774877006,0.00051840578871503739,trajectory reached the configured collision radius
24,32,0.78994743920135613,-0.58199999999999996,fraction,250,0,collision,nan,0,34.701247150864667,0.047185993000000002,0.0010000000000000007,1.0000000000000014e-06,1.7775271629925935,-0.44194212774624481,0.00051840794168085658,trajectory reached the configured collision radius
24,33,0.7899497093754525,-0.58199999999999996,fraction,250,0,collision,nan,0,34.703638086124592,0.036284186000000003,0.0010000000000000007,1.0000000000000014e-06,1.7775369088027391,-0.44194212774372016,0.00051841009380501537,trajectory reached the configured collision radius
24,34,0.78995197954954888,-0.58199999999999996,fraction,250,0,collision,nan,0,34.706037882653334,0.046450801999999999,0.0010000000000000013,1.0000000000000027e-06,1.7775466597198042,-0.44194212774119668,0.0005184122450735965,trajectory reached the configured collision radius
24,35,0.78995424972364536,-0.58199999999999996,fraction,250,0,collision,nan,0,34.708446606130096,0.051635755999999998,0.0010000000000000002,1.0000000000000004e-06,1.7775564157032973,-0.44194212773867403,0.00051841439547261432,trajectory reached the configured collision radius
24,36,0.78995651989774174,-0.58199999999999996,fraction,250,0,collision,nan,0,34.710864322963289,0.038574708999999999,0.0010000000000000022,1.0000000000000044e-06,1.7775661767122746,-0.4419421277361526,0.00051841654498797104,trajectory reached the configured collision radius
24,37,0.78995879007183822,-0.58199999999999996,fraction,250,0,collision,nan,0,34.71329110030311,0.036746256999999997,0.001,9.9999999999999995e-07,1.777575942705425,-0.44194212773363223,0.00051841869360547523,trajectory reached the configured collision radius
25,19,0.78991792693810259,-0.5658333333333333,fraction,250,0,collision,nan,0,34.681845029740686,0.0433611,0.0010000000000000002,1.0000000000000004e-06,1.7773852599784374,-0.4419421277738434,0.00051838441326143635,trajectory reached the configured collision radius
25,20,0.78992019711219896,-0.5658333333333333,fraction,250,0,collision,nan,0,34.684128090912907,0.067901938999999994,0.001000000000000002,1.000000000000004e-06,1.7773952285488177,-0.44194212777126451,0.00051838661170191516,trajectory reached the configured collision radius
25,21,0.78992246728629545,-0.5658333333333333,fraction,250,0,collision,nan,0,34.686419237023898,0.048420562,0.0010000000000000005,1.000000000000001e-06,1.7774052020908642,-0.44194212776868702,0.0005183888092787349,trajectory reached the configured collision radius
25,22,0.78992473746039182,-0.5658333333333333,fraction,250,0,collision,nan,0,34.688718525387358,0.066865777000000001,0.0010000000000000007,1.0000000000000014e-06,1.7774151805657041,-0.44194212776611003,0.00051839100597833501,trajectory reached the configured collision radius
25,23,0.78992700763448831,-0.5658333333333333,fraction,250,0,collision,nan,0,34.691026013930909,0.039808142999999997,0.0010000000000000015,1.0000000000000031e-06,1.7774251639340142,-0.44194212776353481,0.00051839320178706538,trajectory reached the configured collision radius
25,24,0.78992927780858468,-0.5658333333333333,fraction,250,0,collision,nan,0,34.693341761197651,0.042966037999999998,0.001,9.9999999999999995e-07,1.7774351521561111,-0.4419421277609602,0.00051839539669119362,trajectory reached the configured collision radius
25,25,0.78993154798268117,-0.5658333333333333,fraction,250,0,collision,nan,0,34.695665826359324,0.067785808000000003,0.0010000000000000033,1.0000000000000065e-06,1.7774451451919211,-0.44194212775838648,0.00051839759067688574,trajectory reached the configured collision radius
25,26,0.78993381815677755,-0.5658333333333333,fraction,250,0,collision,nan,0,34.697998269222488,0.036049711999999998,0.001,9.9999999999999995e-07,1.7774551430009997,-0.4419421277558141,0.00051839978373021778,trajectory reached the configured collision radius
25,27,0.78993608833087392,-0.5658333333333333,fraction,250,0,collision,nan,0,34.700339150239927,0.039725165999999999,0.0010000000000000065,1.0000000000000131e-06,1.777465145542483,-0.44194212775324243,0.00051840197583719852,trajectory reached the configured collision radius
25,28,0.78993835850497041,-0.5658333333333333,fraction,250,0,collision,nan,0,34.702688530517896,0.035854318000000003,0.001,9.9999999999999995e-07,1.7774751527751118,-0.44194212775067226,0.00051840416698369573,trajectory reached the configured collision radius
25,29,0.78994062867906678,-0.5658333333333333,fraction,250,0,collision,nan,0,34.705046471826968,0.056409622,0.0010000000000000109,1.0000000000000218e-06,1.7774851646572618,-0.44194212774810337,0.00051840635715557292,trajectory reached the configured collision radius
25,30,0.78994289885316327,-0.5658333333333333,fraction,250,0,collision,nan,0,34.707413036610745,0.047083474,0.001,9.9999999999999995e-07,1.7774951811468078,-0.44194212774553537,0.0005184085463384667,trajectory reached the configured collision radius
25,31,0.78994516902725964,-0.5658333333333333,fraction,250,0,collision,nan,0,34.70978828799629,0.046078714999999999,0.0010000000000000083,1.0000000000000165e-06,1.7775052022013418,-0.44194212774296865,0.00051841073451804835,trajectory reached the configured collision radius
25,32,0.78994743920135613,-0.5658333333333333,fraction,250,0,collision,nan,0,34.712172289804336,0.036940671000000001,0.001,9.9999999999999995e-07,1.7775152277779958,-0.44194212774040303,0.00051841292167982946,trajectory reached the configured collision radius
25,33,0.7899497093754525,-0.5658333333333333,fraction,250,0,collision,nan,0,34.714565106558986,0.037652182999999999,0.0010000000000000054,1.000000000000011e-06,1.7775252578334959,-0.44194212773783864,0.00051841510780925549,trajectory reached the configured collision radius
25,34,0.78995197954954888,-0.5658333333333333,fraction,250,0,collision,nan,0,34.716966803496248,0.042838251000000001,0.001,9.9999999999999995e-07,1.7775352923241377,-0.4419421277352753,0.00051841729289166445,trajectory reached the configured collision radius
25,35,0.78995424972364536,-0.5658333333333333,fraction,250,0,collision,nan,0,34.719377446579472,0.038205920999999997,0.0010000000000000037,1.0000000000000074e-06,1.7775453312058243,-0.44194212773271352,0.00051841947691229687,trajectory reached the configured collision radius
25,36,0.78995651989774174,-0.5658333333333333,fraction,250,0,collision,nan,0,34.721797102504539,0.038457206000000001,0.001,9.9999999999999995e-07,1.7775553744340367,-0.44194212773015273,0.00051842165985631664,trajectory reached the configured collision radius
25,37,0.78995879007183822,-0.5658333333333333,fraction,250,0,collision,nan,0,34.724225838713522,0.048198874000000003,0.0010000000000000026,1.0000000000000052e-06,1.7775654219638393,-0.44194212772759311,0.00051842384170877034,trajectory reached the configured collision radius
26,19,0.78991792693810259,-0.54966666666666664,fraction,250,0,collision,nan,0,34.692815958746095,0.036503215999999998,0.001,9.9999999999999995e-07,1.7773734435581705,-0.44194212776775704,0.0005183896020541193,trajectory reached the configured collision radius
26,20,0.78992019711219896,-0.54966666666666664,fraction,250,0,collision,nan,0,34.695100705361966,0.036124348000000001,0.00100000000000001,1.0000000000000201e-06,1.7773836886493075,-0.44194212776513986,0.00051839183325175903,trajectory reached the configured collision radius
26,21,0.78992246728629545,-0.54966666666666664,fraction,250,0,collision,nan,0,34.697393552961074,0.039296420999999998,0.001,9.9999999999999995e-07,1.7773939380758192,-0.44194212776252401,0.00051839406340502682,trajectory reached the configured collision radius
26,22,0.78992473746039182,-0.54966666666666664,fraction,250,0,collision,nan,0,34.699694559088435,0.035787087000000002,0.001000000000000007,1.0000000000000139e-06,1.7774041917955565,-0.44194212775990926,0.00051839629249973674,trajectory reached the configured collision radius
26,23,0.78992700763448831,-0.54966666666666664,fraction,250,0,collision,nan,0,34.702003781903379,0.057219190000000003,0.0010000000000000002,1.0000000000000004e-06,1.7774144497659203,-0.44194212775729574,0.00051839852052150957,trajectory reached the configured collision radius
26,24,0.78992927780858468,-0.54966666666666664,fraction,250,0,collision,nan,0,34.704321280187159,0.065359031999999997,0.0010000000000000033,1.0000000000000065e-06,1.7774247119438971,-0.4419421277546835,0.00051840074745593658,trajectory reached the configured collision radius
26,25,0.78993154798268117,-0.54966666666666664,fraction,250,0,collision,nan,0,34.70664711335354,0.050988002999999997,0.0010000000000000002,1.0000000000000004e-06,1.7774349782860908,-0.44194212775207253,0.00051840297328850356,trajectory reached the configured collision radius
26,26,0.78993381815677755,-0.54966666666666664,fraction,250,0,collision,nan,0,34.708981341453764,0.048801990000000003,0.0010000000000000013,1.0000000000000027e-06,1.7774452487486925,-0.44194212774946295,0.00051840519800457031,trajectory reached the configured collision radius
26,27,0.78993608833087392,-0.54966666666666664,fraction,250,0,collision,nan,0,34.711324025191573,0.042526161,0.0010000000000000005,1.000000000000001e-06,1.7774555232875073,-0.44194212774685465,0.00051840742158945434,trajectory reached the configured collision radius
26,28,0.78993835850497041,-0.54966666666666664,fraction,250,0,collision,nan,0,34.713675225928419,0.062443525,0.0010000000000000007,1.0000000000000014e-06,1.7774658018578791,-0.44194212774424796,0.00051840964402834514,trajectory reached the configured collision radius
26,29,0.78994062867906678,-0.54966666666666664,fraction,250,0,collision,nan,0,34.716035005693925,0.072660112999999998,0.0010000000000000015,1.0000000000000031e-06,1.7774760844147821,-0.44194212774164243,0.00051841186530633394,trajectory reached the configured collision radius
26,30,0.78994289885316327,-0.54966666666666664,fraction,250,0,collision,nan,0,34.718403427197927,0.036749154999999999,0.0010000000000000002,1.0000000000000004e-06,1.7774863709127262,-0.4419421277390379,0.0005184140854084335,trajectory reached the configured collision radius
26,31,0.78994516902725964,-0.54966666666666664,fraction,250,0,collision,nan,0,34.720780553834103,0.047757260000000003,0.0010000000000000026,1.0000000000000052e-06,1.7774966613058463,-0.4419421277364351,0.00051841630431957004,trajectory reached the configured collision radius
26,32,0.78994743920135613,-0.54966666666666664,fraction,250,0,collision,nan,0,34.723166449697793,0.037718356000000001,0.001,9.9999999999999995e-07,1.7775069555478091,-0.44194212773383351,0.00051841852202453252,trajectory reached the configured collision radius
26,33,0.7899497093754525,-0.54966666666666664,fraction,250,0,collision,nan,0,34.725561179592241,0.056632069,0.0010000000000000044,1.0000000000000086e-06,1.7775172535918835,-0.44194212773123365,0.00051842073850807339,trajectory reached the configured collision radius
26,34,0.78995197954954888,-0.54966666666666664,fraction,250,0,collision,nan,0,34.727964809039499,0.037332374000000002,0.001,9.9999999999999995e-07,1.7775275553909162,-0.44194212772863495,0.00051842295375477822,trajectory reached the configured collision radius
26,35,0.78995424972364536,-0.54966666666666664,fraction,250,0,collision,nan,0,34.730377404289293,0.037328703999999997,0.0010000000000000061,1.0000000000000122e-06,1.7775378608972952,-0.44194212772603753,0.0005184251677492176,trajectory reached the configured collision radius
26,36,0.78995651989774174,-0.54966666666666664,fraction,250,0,collision,nan,0,34.732799032333872,0.040377548999999999,0.001,9.9999999999999995e-07,1.7775481700629807,-0.44194212772344205,0.00051842738047578989,trajectory reached the configured collision radius
26,37,0.78995879007183822,-0.54966666666666664,fraction,250,0,collision,nan,0,34.735229760915779,0.037549639000000003,0.001000000000000008,1.000000000000016e-06,1.7775584828394981,-0.44194212772084784,0.00051842959191885198,trajectory reached the configured collision radius
27,19,0.78991792693810259,-0.53349999999999997,fraction,250,0,collision,nan,0,34.703860474401338,0.042324581999999999,0.0010000000000000011,1.0000000000000023e-06,1.7773653931884685,-0.44194212776091318,0.0005183954365142573,trajectory reached the configured collision radius
27,20,0.78992019711219896,-0.53349999999999997,fraction,250,0,collision,nan,0,34.706146934637744,0.065392040999999998,0.0010000000000000011,1.0000000000000023e-06,1.7773758990150583,-0.44194212775826192,0.00051839769689377281,trajectory reached the configured collision radius
27,21,0.78992246728629545,-0.53349999999999997,fraction,250,0,collision,nan,0,34.708441512294343,0.049488258,0.0010000000000000002,1.0000000000000004e-06,1.7773864085318078,-0.44194212775561204,0.00051839995604959562,trajectory reached the configured collision radius
27,22,0.78992473746039182,-0.53349999999999997,fraction,250,0,collision,nan,0,34.710744265151668,0.055988638,0.0010000000000000028,1.0000000000000057e-06,1.7773969216933336,-0.4419421277529636,0.00051840221396682348,trajectory reached the configured collision radius
27,23,0.78992700763448831,-0.53349999999999997,fraction,250,0,collision,nan,0,34.713055251608189,0.045836177999999998,0.001,9.9999999999999995e-07,1.777407438453855,-0.44194212775031616,0.00051840447063045863,trajectory reached the configured collision radius
27,24,0.78992927780858468,-0.53349999999999997,fraction,250,0,collision,nan,0,34.715374530687704,0.054904696000000003,0.0010000000000000061,1.0000000000000122e-06,1.7774179587671139,-0.44194212774767061,0.00051840672602541731,trajectory reached the configured collision radius
27,25,0.78993154798268117,-0.53349999999999997,fraction,250,0,collision,nan,0,34.717702162051076,0.060846724999999997,0.001,9.9999999999999995e-07,1.7774284825865052,-0.44194212774502628,0.00051840898013649805,trajectory reached the configured collision radius
27,26,0.78993381815677755,-0.53349999999999997,fraction,250,0,collision,nan,0,34.720038206004205,0.036437943,0.0010000000000000111,1.0000000000000222e-06,1.7774390098649582,-0.44194212774238406,0.00051841123294844567,trajectory reached the configured collision radius
27,27,0.78993608833087392,-0.53349999999999997,fraction,250,0,collision,nan,0,34.722382723506101,0.040740826000000001,0.001,9.9999999999999995e-07,1.7774495405549597,-0.44194212773974273,0.00051841348444584402,trajectory reached the configured collision radius
27,28,0.78993835850497041,-0.53349999999999997,fraction,250,0,collision,nan,0,34.724735776178932,0.049497713999999998,0.0010000000000000074,1.0000000000000148e-06,1.7774600746086027,-0.44194212773710334,0.00051841573461325037,trajectory reached the configured collision radius
27,29,0.78994062867906678,-0.53349999999999997,fraction,250,0,collision,nan,0,34.72709742632096,0.044048163000000001,0.001,9.9999999999999995e-07,1.7774706119775563,-0.44194212773446534,0.00051841798343507694,trajectory reached the configured collision radius
27,30,0.78994289885316327,-0.53349999999999997,fraction,250,0,collision,nan,0,34.729467736909456,0.038591945000000002,0.0010000000000000046,1.0000000000000091e-06,1.7774811526129968,-0.441942127731829,0.00051842023089565515,trajectory reached the configured collision radius
27,31,0.78994516902725964,-0.53349999999999997,fraction,250,0,collision,nan,0,34.731846771617349,0.066242968999999999,0.001,9.9999999999999995e-07,1.7774916964657672,-0.441942127729194,0.00051842247697921962,trajectory reached the configured collision radius
27,32,0.78994743920135613,-0.53349999999999997,fraction,250,0,collision,nan,0,34.734234594820116,0.036392885999999999,0.0010000000000000026,1.0000000000000052e-06,1.7775022434861136,-0.44194212772656105,0.00051842472166990978,trajectory reached the configured collision radius
27,33,0.7899497093754525,-0.53349999999999997,fraction,250,0,collision,nan,0,34.736631271605731,0.048021712000000001,0.0010000000000000002,1.0000000000000004e-06,1.7775127936239767,-0.44194212772392955,0.00051842696495175164,trajectory reached the configured collision radius
27,34,0.78995197954954888,-0.53349999999999997,fraction,250,0,collision,nan,0,34.739036867788386,0.037039482999999998,0.0010000000000000018,1.0000000000000036e-06,1.7775233468288147,-0.44194212772129959,0.00051842920680868871,trajectory reached the configured collision radius
27,35,0.78995424972364536,-0.53349999999999997,fraction,250,0,collision,nan,0,34.741451449916106,0.047428736999999999,0.0010000000000000005,1.000000000000001e-06,1.7775339030496276,-0.44194212771867131,0.00051843144722455651,trajectory reached the configured collision radius
27,36,0.78995651989774174,-0.53349999999999997,fraction,250,0,collision,nan,0,34.743875085281474,0.052271737999999998,0.0010000000000000011,1.0000000000000023e-06,1.7775444622349286,-0.44194212771604519,0.00051843368618309765,trajectory reached the configured collision radius
27,37,0.78995879007183822,-0.53349999999999997,fraction,250,0,collision,nan,0,34.746307841935014,0.051263942,0.0010000000000000007,1.0000000000000014e-06,1.7775550243328642,-0.44194212771342034,0.0005184359236679591,trajectory reached the configured collision radius
28,19,0.78991792693810259,-0.51733333333333331,fraction,250,0,collision,nan,0,34.714983393320843,0.056423397,0.0010000000000000113,1.0000000000000226e-06,1.7773610104308595,-0.44194212775333647,0.00051840189585901494,trajectory reached the configured collision radius
28,20,0.78992019711219896,-0.51733333333333331,fraction,250,0,collision,nan,0,34.717271597234536,0.059189026999999998,0.001,9.9999999999999995e-07,1.7773717615209714,-0.44194212775065517,0.00051840418193100095,trajectory reached the configured collision radius
28,21,0.78992246728629545,-0.51733333333333331,fraction,250,0,collision,nan,0,34.71956793541559,0.047813453999999998,0.0010000000000000054,1.000000000000011e-06,1.7773825156476968,-0.44194212774797476,0.0005184064666013253,trajectory reached the configured collision radius
28,22,0.78992473746039182,-0.51733333333333331,fraction,250,0,collision,nan,0,34.721872465886356,0.048083543999999999,0.001,9.9999999999999995e-07,1.7773932727625785,-0.44194212774529695,0.00051840874985444854,trajectory reached the configured collision radius
28,23,0.78992700763448831,-0.51733333333333331,fraction,250,0,collision,nan,0,34.724185247289576,0.036164503000000001,0.0010000000000000024,1.0000000000000048e-06,1.7774040328166674,-0.44194212774262021,0.00051841103167476761,trajectory reached the configured collision radius
28,24,0.78992927780858468,-0.51733333333333331,fraction,250,0,collision,nan,0,34.726506338899874,0.049143825000000002,0.0010000000000000005,1.000000000000001e-06,1.777414795760617,-0.44194212773994501,0.00051841331204653251,trajectory reached the configured collision radius
28,25,0.78993154798268117,-0.51733333333333331,fraction,250,0,collision,nan,0,34.728835800631344,0.070890770000000006,0.0010000000000000011,1.0000000000000023e-06,1.777425561544602,-0.44194212773727182,0.00051841559095392917,trajectory reached the configured collision radius
28,26,0.78993381815677755,-0.51733333333333331,fraction,250,0,collision,nan,0,34.731173693049747,0.036415509999999998,0.0010000000000000009,1.0000000000000019e-06,1.7774363301184186,-0.44194212773460029,0.00051841786838103447,trajectory reached the configured collision radius
28,27,0.78993608833087392,-0.51733333333333331,fraction,250,0,collision,nan,0,34.733520077376461,0.036889287999999999,0.0010000000000000005,1.000000000000001e-06,1.7774471014313602,-0.44194212773193042,0.0005184201443118239,trajectory reached the configured collision radius
28,28,0.78993835850497041,-0.51733333333333331,fraction,250,0,collision,nan,0,34.735875015503851,0.035944746,0.0010000000000000022,1.0000000000000044e-06,1.7774578754323407,-0.44194212772926245,0.00051842241873018479,trajectory reached the configured collision radius
28,29,0.78994062867906678,-0.51733333333333331,fraction,250,0,collision,nan,0,34.738238570000597,0.036196059000000003,0.0010000000000000002,1.0000000000000004e-06,1.7774686520697642,-0.44194212772659602,0.00051842469161989327,trajectory reached the configured collision radius
28,30,0.78994289885316327,-0.51733333333333331,fraction,250,0,collision,nan,0,34.740610804123556,0.071750820000000007,0.0010000000000000039,1.0000000000000078e-06,1.7774794312916338,-0.44194212772393188,0.00051842696296463902,trajectory reached the configured collision radius
28,31,0.78994516902725964,-0.51733333333333331,fraction,250,0,collision,nan,0,34.742991781829318,0.056654283,0.001,9.9999999999999995e-07,1.7774902130454826,-0.44194212772126945,0.00051842923274799117,trajectory reached the configured collision radius
28,32,0.78994743920135613,-0.51733333333333331,fraction,250,0,collision,nan,0,34.74538156777956,0.036332902,0.0010000000000000061,1.0000000000000122e-06,1.7775009972784006,-0.44194212771860852,0.00051843150095344894,trajectory reached the configured collision radius
28,33,0.7899497093754525,-0.51733333333333331,fraction,250,0,collision,nan,0,34.747780227359321,0.068416672999999997,0.001,9.9999999999999995e-07,1.7775117839369767,-0.44194212771594954,0.00051843376756437849,trajectory reached the configured collision radius
28,34,0.78995197954954888,-0.51733333333333331,fraction,250,0,collision,nan,0,34.750187826677113,0.069142315999999995,0.0010000000000000087,1.0000000000000173e-06,1.777522572967404,-0.4419421277132925,0.00051843603256406727,trajectory reached the configured collision radius
28,35,0.78995424972364536,-0.51733333333333331,fraction,250,0,collision,nan,0,34.752604432589727,0.038191599999999999,0.001,9.9999999999999995e-07,1.7775333643153646,-0.4419421277106374,0.00051843829593568793,trajectory reached the configured collision radius
28,36,0.78995651989774174,-0.51733333333333331,fraction,250,0,collision,nan,0,34.755030112698897,0.036087518999999998,0.0010000000000000111,1.0000000000000222e-06,1.7775441579261055,-0.44194212770798408,0.00051844055766233764,trajectory reached the configured collision radius
28,37,0.78995879007183822,-0.51733333333333331,fraction,250,0,collision,nan,0,34.757464935370393,0.070980198999999994,0.001,9.9999999999999995e-07,1.7775549537443702,-0.44194212770533287,0.00051844281772696062,trajectory reached the configured collision radius
29,19,0.78991792693810259,-0.50116666666666665,fraction,250,0,collision,nan,0,34.726189438899432,0.036872824999999998,0.0010000000000000009,1.0000000000000019e-06,1.7773602047765977,-0.44194212774504943,0.00051840896060849362,trajectory reached the configured collision radius
29,20,0.78992019711219896,-0.50116666666666665,fraction,250,0,collision,nan,0,34.72847941847072,0.067723606000000006,0.0010000000000000005,1.000000000000001e-06,1.7773711859361574,-0.44194212774234171,0.00051841126896153553,trajectory reached the configured collision radius
29,21,0.78992246728629545,-0.50116666666666665,fraction,250,0,collision,nan,0,34.730777549587671,0.067524572000000005,0.0010000000000000026,1.0000000000000052e-06,1.7773821694711562,-0.44194212773963593,0.00051841357573640312,trajectory reached the configured collision radius
29,22,0.78992473746039182,-0.50116666666666665,fraction,250,0,collision,nan,0,34.733083890517889,0.062950913999999997,0.001,9.9999999999999995e-07,1.7773931553300575,-0.4419421277369317,0.00051841588091696182,trajectory reached the configured collision radius
29,23,0.78992700763448831,-0.50116666666666665,fraction,250,0,collision,nan,0,34.73539850015829,0.042982144999999999,0.0010000000000000059,1.0000000000000118e-06,1.7774041434608721,-0.44194212773422947,0.00051841818448697266,trajectory reached the configured collision radius
29,24,0.78992927780858468,-0.50116666666666665,fraction,250,0,collision,nan,0,34.737721438039358,0.060538698000000002,0.001,9.9999999999999995e-07,1.7774151338112207,-0.4419421277315293,0.00051842048643009522,trajectory reached the configured collision radius
29,25,0.78993154798268117,-0.50116666666666665,fraction,250,0,collision,nan,0,34.740052764336845,0.061773151999999998,0.0010000000000000106,1.0000000000000213e-06,1.7774261263282169,-0.44194212772883107,0.00051842278672992181,trajectory reached the configured collision radius
29,26,0.78993381815677755,-0.50116666666666665,fraction,250,0,collision,nan,0,34.742392539880811,0.071992184000000001,0.001,9.9999999999999995e-07,1.7774371209585311,-0.44194212772613467,0.00051842508536988215,trajectory reached the configured collision radius
29,27,0.78993608833087392,-0.50116666666666665,fraction,250,0,collision,nan,0,34.744740826164026,0.069045046999999998,0.0010000000000000074,1.0000000000000148e-06,1.7774481176484045,-0.44194212772343966,0.00051842738233336691,trajectory reached the configured collision radius
29,28,0.78993835850497041,-0.50116666666666665,fraction,250,0,collision,nan,0,34.74709768535417,0.057822224999999998,0.001,9.9999999999999995e-07,1.7774591163436326,-0.44194212772074748,0.00051842967760363904,trajectory reached the configured collision radius
29,29,0.78994062867906678,-0.50116666666666665,fraction,250,0,collision,nan,0,34.749463180299202,0.036556246000000001,0.0010000000000000044,1.0000000000000086e-06,1.7774701169894778,-0.44194212771805691,0.00051843197116385081,trajectory reached the configured collision radius
29,30,0.78994289885316327,-0.50116666666666665,fraction,250,0,collision,nan,0,34.751837374543456,0.070407048,0.001,9.9999999999999995e-07,1.7774811195308118,-0.44194212771536839,0.0005184342629970649,trajectory reached the configured collision radius
29,31,0.78994516902725964,-0.50116666666666665,fraction,250,0,collision,nan,0,34.754220332331968,0.068250240000000004,0.0010000000000000026,1.0000000000000052e-06,1.7774921239120207,-0.44194212771268193,0.00051843655308625252,trajectory reached the configured collision radius
29,32,0.78994743920135613,-0.50116666666666665,fraction,250,0,collision,nan,0,34.756612118624133,0.036756524999999998,0.0010000000000000002,1.0000000000000004e-06,1.7775031300769921,-0.44194212770999741,0.00051843884141425888,trajectory reached the configured collision radius
29,33,0.7899497093754525,-0.50116666666666665,fraction,250,0,collision,nan,0,34.759012799104852,0.073787912999999997,0.0010000000000000015,1.0000000000000031e-06,1.7775141379691983,-0.44194212770731517,0.00051844112796385557,trajectory reached the configured collision radius
29,34,0.78995197954954888,-0.50116666666666665,fraction,250,0,collision,nan,0,34.761422440191431,0.070719831999999996,0.0010000000000000005,1.000000000000001e-06,1.7775251475315967,-0.44194212770463509,0.00051844341271768029,trajectory reached the configured collision radius
29,35,0.78995424972364536,-0.50116666666666665,fraction,250,0,collision,nan,0,34.763841109050858,0.048156381999999998,0.0010000000000000009,1.0000000000000019e-06,1.7775361587066723,-0.44194212770195684,0.00051844569565828854,trajectory reached the configured collision radius
29,36,0.78995651989774174,-0.50116666666666665,fraction,250,0,collision,nan,0,34.76626887360657,0.055460453,0.0010000000000000009,1.0000000000000019e-06,1.7775471714364637,-0.44194212769928071,0.00051844797676813285,trajectory reached the configured collision radius
29,37,0.78995879007183822,-0.50116666666666665,fraction,250,0,collision,nan,0,34.768705802545938,0.062519859999999997,0.0010000000000000007,1.0000000000000014e-06,1.7775581856624936,-0.44194212769660707,0.00051845025602955406,trajectory reached the configured collision radius
30,19,0.78991792693810259,-0.48499999999999999,fraction,250,0,collision,nan,0,34.73748326689153,0.067941292,0.001,9.9999999999999995e-07,1.7773628927037062,-0.44194212773607366,0.00051841661241717205,trajectory reached the configured collision radius
30,20,0.78992019711219896,-0.48499999999999999,fraction,250,0,collision,nan,0,34.739775056078997,0.037399294999999999,0.001000000000000008,1.000000000000016e-06,1.7773740889848233,-0.44194212773334374,0.00051841893971096636,trajectory reached the configured collision radius
30,21,0.78992246728629545,-0.48499999999999999,fraction,250,0,collision,nan,0,34.742075014540248,0.036490027000000001,0.001,9.9999999999999995e-07,1.7773852869731197,-0.44194212773061564,0.00051842126525157074,trajectory reached the configured collision radius
30,22,0.78992473746039182,-0.48499999999999999,fraction,250,0,collision,nan,0,34.744383200798488,0.044892582,0.0010000000000000037,1.0000000000000074e-06,1.7773964866141114,-0.4419421277278896,0.00051842358902229769,trajectory reached the configured collision radius
30,23,0.78992700763448831,-0.48499999999999999,fraction,250,0,collision,nan,0,34.746699674008504,0.046325872999999997,0.0010000000000000002,1.0000000000000004e-06,1.7774076878528631,-0.44194212772516589,0.00051842591100631529,trajectory reached the configured collision radius
30,24,0.78992927780858468,-0.48499999999999999,fraction,250,0,collision,nan,0,34.749024493965017,0.040531202000000002,0.0010000000000000018,1.0000000000000036e-06,1.7774188906339872,-0.44194212772244423,0.00051842823118671195,trajectory reached the configured collision radius
30,25,0.78993154798268117,-0.48499999999999999,fraction,250,0,collision,nan,0,34.751357721109478,0.05035949,0.0010000000000000005,1.000000000000001e-06,1.7774300949016153,-0.44194212771972446,0.00051843054954647046,trajectory reached the configured collision radius
30,26,0.78993381815677755,-0.48499999999999999,fraction,250,0,collision,nan,0,34.75369941654823,0.035610632000000003,0.0010000000000000007,1.0000000000000014e-06,1.7774413005994734,-0.44194212771700719,0.00051843286606848428,trajectory reached the configured collision radius
30,27,0.78993608833087392,-0.48499999999999999,fraction,250,0,collision,nan,0,34.756049642049433,0.045726337999999998,0.0010000000000000013,1.0000000000000027e-06,1.7774525076707506,-0.44194212771429181,0.00051843518073551719,trajectory reached the configured collision radius
30,28,0.78993835850497041,-0.48499999999999999,fraction,250,0,collision,nan,0,34.758408460062796,0.035199203999999998,0.0010000000000000002,1.0000000000000004e-06,1.777463716058181,-0.44194212771157859,0.00051843749353024321,trajectory reached the configured collision radius
30,29,0.78994062867906678,-0.48499999999999999,fraction,250,0,collision,nan,0,34.760775933726975,0.042150374999999997,0.0010000000000000026,1.0000000000000052e-06,1.7774749257040532,-0.4419421277088677,0.00051843980443525234,trajectory reached the configured collision radius
30,30,0.78994289885316327,-0.48499999999999999,fraction,250,0,collision,nan,0,34.763152126878481,0.035773803999999999,0.001,9.9999999999999995e-07,1.7774861365502015,-0.44194212770615893,0.00051844211343300152,trajectory reached the configured collision radius
30,31,0.78994516902725964,-0.48499999999999999,fraction,250,0,collision,nan,0,34.76553710405981,0.039161727,0.0010000000000000046,1.0000000000000091e-06,1.7774973485378893,-0.44194212770345254,0.00051844442050585535,trajectory reached the configured collision radius
30,32,0.78994743920135613,-0.48499999999999999,fraction,250,0,collision,nan,0,34.767930930535215,0.045549789,0.001,9.9999999999999995e-07,1.7775085616080015,-0.44194212770074853,0.00051844672563608268,trajectory reached the configured collision radius
30,33,0.7899497093754525,-0.48499999999999999,fraction,250,0,collision,nan,0,34.770333672298968,0.036178206999999997,0.0010000000000000067,1.0000000000000135e-06,1.7775197757008709,-0.44194212769804642,0.00051844902880584035,trajectory reached the configured collision radius
30,34,0.78995197954954888,-0.48499999999999999,fraction,250,0,collision,nan,0,34.772745396084126,0.035309920000000002,0.001,9.9999999999999995e-07,1.777530990756377,-0.44194212769534713,0.0005184513299971744,trajectory reached the configured collision radius
30,35,0.78995424972364536,-0.48499999999999999,fraction,250,0,collision,nan,0,34.77516616937833,0.03527831,0.0010000000000000089,1.0000000000000177e-06,1.7775422067139071,-0.44194212769264962,0.00051845362919205934,trajectory reached the configured collision radius
30,36,0.78995651989774174,-0.48499999999999999,fraction,250,0,collision,nan,0,34.777596060431101,0.043980623000000003,0.001,9.9999999999999995e-07,1.7775534235123613,-0.44194212768995483,0.00051845592637230777,trajectory reached the configured collision radius
30,37,0.78995879007183822,-0.48499999999999999,fraction,250,0,collision,nan,0,34.780035138266697,0.036934343000000001,0.0010000000000000111,1.0000000000000222e-06,1.7775646410901464,-0.44194212768726265,0.00051845822151969274,trajectory reached the configured collision radius
31,19,0.78991792693810259,-0.46883333333333332,fraction,250,0,collision,nan,0,34.748869488232515,0.036806894999999999,0.0010000000000000011,1.0000000000000023e-06,1.7773689968577382,-0.44194212772642943,0.00051842483392664537,trajectory reached the configured collision radius
31,20,0.78992019711219896,-0.46883333333333332,fraction,250,0,collision,nan,0,34.751163123035887,0.037193491000000002,0.0010000000000000009,1.0000000000000019e-06,1.7773803935303554,-0.44194212772368086,0.0005184271768857952,trajectory reached the configured collision radius
31,21,0.78992246728629545,-0.46883333333333332,fraction,250,0,collision,nan,0,34.753464945315741,0.035754123999999998,0.0010000000000000002,1.0000000000000004e-06,1.7773917912354054,-0.44194212772093455,0.00051842951791835484,trajectory reached the configured collision radius
31,22,0.78992473746039182,-0.46883333333333332,fraction,250,0,collision,nan,0,34.755775013855583,0.036378105000000001,0.0010000000000000026,1.0000000000000052e-06,1.7774031899155667,-0.44194212771819086,0.00051843185700706218,trajectory reached the configured collision radius
31,23,0.78992700763448831,-0.46883333333333332,fraction,250,0,collision,nan,0,34.758093388075459,0.039506660999999998,0.001,9.9999999999999995e-07,1.7774145895130296,-0.441942127715449,0.00051843419413453659,trajectory reached the configured collision radius
31,24,0.78992927780858468,-0.46883333333333332,fraction,250,0,collision,nan,0,34.760420128040153,0.035384673999999998,0.0010000000000000057,1.0000000000000114e-06,1.7774259899694922,-0.44194212771270996,0.00051843652928333281,trajectory reached the configured collision radius
31,25,0.78993154798268117,-0.46883333333333332,fraction,250,0,collision,nan,0,34.762755294470523,0.035767628000000003,0.001,9.9999999999999995e-07,1.7774373912262584,-0.44194212770997288,0.00051843886243585046,trajectory reached the configured collision radius
31,26,0.78993381815677755,-0.46883333333333332,fraction,250,0,collision,nan,0,34.765098948747109,0.036384463999999998,0.00100000000000001,1.0000000000000201e-06,1.7774487932240506,-0.44194212770723795,0.00051844119357443569,trajectory reached the configured collision radius
31,27,0.78993608833087392,-0.46883333333333332,fraction,250,0,collision,nan,0,34.767451152928601,0.035830540000000001,0.001,9.9999999999999995e-07,1.7774601959031964,-0.44194212770450603,0.00051844352268128481,trajectory reached the configured collision radius
31,28,0.78993835850497041,-0.46883333333333332,fraction,250,0,collision,nan,0,34.769811969753427,0.035256136,0.0010000000000000085,1.0000000000000169e-06,1.777471599203472,-0.4419421277017761,0.00051844584973852854,trajectory reached the configured collision radius
31,29,0.78994062867906678,-0.46883333333333332,fraction,250,0,collision,nan,0,34.772181462655453,0.035289176999999998,0.001,9.9999999999999995e-07,1.7774830030642186,-0.44194212769904861,0.0005184481747281636,trajectory reached the configured collision radius
31,30,0.78994289885316327,-0.46883333333333332,fraction,250,0,collision,nan,0,34.774559695772112,0.042748636999999999,0.0010000000000000054,1.000000000000011e-06,1.777494407424306,-0.44194212769632335,0.0005184504976321068,trajectory reached the configured collision radius
31,31,0.78994516902725964,-0.46883333333333332,fraction,250,0,collision,nan,0,34.776946733954652,0.036718563000000003,0.001,9.9999999999999995e-07,1.7775058122220699,-0.44194212769360097,0.00051845281843214603,trajectory reached the configured collision radius
31,32,0.78994743920135613,-0.46883333333333332,fraction,250,0,collision,nan,0,34.779342642778431,0.060182513,0.0010000000000000033,1.0000000000000065e-06,1.7775172173953742,-0.44194212769088087,0.00051845513710999775,trajectory reached the configured collision radius
31,33,0.7899497093754525,-0.46883333333333332,fraction,250,0,collision,nan,0,34.781747488557272,0.035644795999999999,0.001,9.9999999999999995e-07,1.7775286228815765,-0.44194212768816338,0.00051845745364723366,trajectory reached the configured collision radius
31,34,0.78995197954954888,-0.46883333333333332,fraction,250,0,collision,nan,0,34.784161338346671,0.057065730000000002,0.0010000000000000024,1.0000000000000048e-06,1.7775400286175556,-0.44194212768544811,0.000518459768025341,trajectory reached the configured collision radius
31,35,0.78995424972364536,-0.46883333333333332,fraction,250,0,collision,nan,0,34.78658425996511,0.040111263000000001,0.0010000000000000002,1.0000000000000004e-06,1.7775514345396946,-0.44194212768273555,0.00051846208022569829,trajectory reached the configured collision radius
31,36,0.78995651989774174,-0.46883333333333332,fraction,250,0,collision,nan,0,34.789016321997856,0.038840205000000003,0.0010000000000000015,1.0000000000000031e-06,1.7775628405838571,-0.44194212768002528,0.00051846439022958861,trajectory reached the configured collision radius
31,37,0.78995879007183822,-0.46883333333333332,fraction,250,0,collision,nan,0,34.791457593811295,0.049596539000000002,0.0010000000000000005,1.000000000000001e-06,1.7775742466854056,-0.441942127677318,0.00051846669801816929,trajectory reached the configured collision radius
32,19,0.78991792693810259,-0.45266666666666666,fraction,250,0,collision,nan,0,34.760352689633166,0.042583414,0.0010000000000000063,1.0000000000000127e-06,1.7773784453359278,-0.44194212771613622,0.00051843360863607709,trajectory reached the configured collision radius
32,20,0.78992019711219896,-0.45266666666666666,fraction,250,0,collision,nan,0,34.762648208168912,0.036603301999999997,0.001,9.9999999999999995e-07,1.7773900278622159,-0.44194212771337266,0.00051843596404464991,trajectory reached the configured collision radius
32,21,0.78992246728629545,-0.45266666666666666,fraction,250,0,collision,nan,0,34.764951932878461,0.070508971000000004,0.0010000000000000109,1.0000000000000218e-06,1.7774016107403812,-0.44194212771061259,0.00051843831735489147,trajectory reached the configured collision radius
32,22,0.78992473746039182,-0.45266666666666666,fraction,250,0,collision,nan,0,34.767263922812845,0.041275485000000001,0.001,9.9999999999999995e-07,1.7774131939102571,-0.44194212770785402,0.00051844066854897725,trajectory reached the configured collision radius
32,23,0.78992700763448831,-0.45266666666666666,fraction,250,0,collision,nan,0,34.769584237666812,0.047824258000000001,0.0010000000000000057,1.0000000000000114e-06,1.7774247773112943,-0.44194212770509839,0.00051844301760905738,trajectory reached the configured collision radius
32,24,0.78992927780858468,-0.45266666666666666,fraction,250,0,collision,nan,0,34.771912937781714,0.041631318,0.001,9.9999999999999995e-07,1.7774363608823589,-0.44194212770234503,0.00051844536451709075,trajectory reached the configured collision radius
32,25,0.78993154798268117,-0.45266666666666666,fraction,250,0,collision,nan,0,34.774250084163036,0.048308508,0.0010000000000000028,1.0000000000000057e-06,1.7774479445619336,-0.44194212769959473,0.0005184477092549948,trajectory reached the configured collision radius
32,26,0.78993381815677755,-0.45266666666666666,fraction,250,0,collision,nan,0,34.77659573848004,0.036137449000000002,0.0010000000000000002,1.0000000000000004e-06,1.777459528287926,-0.4419421276968466,0.00051845005180455072,trajectory reached the configured collision radius
32,27,0.78993608833087392,-0.45266666666666666,fraction,250,0,collision,nan,0,34.77894996308212,0.035362514999999997,0.0010000000000000013,1.0000000000000027e-06,1.7774711119978277,-0.44194212769410079,0.00051845239214744481,trajectory reached the configured collision radius
32,28,0.78993835850497041,-0.45266666666666666,fraction,250,0,collision,nan,0,34.781312821009735,0.043152391999999998,0.0010000000000000007,1.0000000000000014e-06,1.7774826956285799,-0.44194212769135827,0.0005184547302652619,trajectory reached the configured collision radius
32,29,0.78994062867906678,-0.45266666666666666,fraction,250,0,collision,nan,0,34.783684375998398,0.041239492000000003,0.0010000000000000007,1.0000000000000014e-06,1.7774942791166704,-0.4419421276886179,0.00051845706613947026,trajectory reached the configured collision radius
32,30,0.78994289885316327,-0.45266666666666666,fraction,250,0,collision,nan,0,34.786064692496979,0.057473101999999998,0.0010000000000000013,1.0000000000000027e-06,1.7775058623980857,-0.4419421276858802,0.00051845939975143928,trajectory reached the configured collision radius
32,31,0.78994516902725964,-0.45266666666666666,fraction,250,0,collision,nan,0,34.788453835671469,0.036932052,0.0010000000000000002,1.0000000000000004e-06,1.7775174454082971,-0.44194212768314528,0.0005184617310824318,trajectory reached the configured collision radius
32,32,0.78994743920135613,-0.45266666666666666,fraction,250,0,collision,nan,0,34.790851871419441,0.036541688000000003,0.0010000000000000022,1.0000000000000044e-06,1.7775290280822793,-0.44194212768041297,0.00051846406011361271,trajectory reached the configured collision radius
32,33,0.7899497093754525,-0.45266666666666666,fraction,250,0,collision,nan,0,34.79325886637848,0.035887527000000002,0.001,9.9999999999999995e-07,1.7775406103544822,-0.44194212767768332,0.00051846638682601684,trajectory reached the configured collision radius
32,34,0.78995197954954888,-0.45266666666666666,fraction,250,0,collision,nan,0,34.79567488794148,0.044206633000000002,0.0010000000000000033,1.0000000000000065e-06,1.7775521921588819,-0.4419421276749565,0.00051846871120058281,trajectory reached the configured collision radius
32,35,0.78995424972364536,-0.45266666666666666,fraction,250,0,collision,nan,0,34.7981000042654,0.066363063,0.001,9.9999999999999995e-07,1.7775637734289857,-0.44194212767223251,0.00051847103321816059,trajectory reached the configured collision radius
32,36,0.78995651989774174,-0.45266666666666666,fraction,250,0,collision,nan,0,34.800534284279152,0.035846515000000002,0.0010000000000000046,1.0000000000000091e-06,1.777575354097666,-0.44194212766951091,0.00051847335285947654,trajectory reached the configured collision radius
32,37,0.78995879007183822,-0.45266666666666666,fraction,250,0,collision,nan,0,34.802977797703967,0.046277463999999997,0.001,9.9999999999999995e-07,1.7775869340973942,-0.44194212766679219,0.0005184756701051438,trajectory reached the configured collision radius
33,19,0.78991792693810259,-0.4365,fraction,250,0,collision,nan,0,34.771937452371709,0.046015221000000002,0.001,9.9999999999999995e-07,1.7773911710569719,-0.44194212770521196,0.00051844292078731481,trajectory reached the configured collision radius
33,20,0.78992019711219896,-0.4365,fraction,250,0,collision,nan,0,34.774234894951647,0.035651875,0.0010000000000000028,1.0000000000000057e-06,1.7774029250684262,-0.44194212770243801,0.0005184452854839431,trajectory reached the configured collision radius
33,21,0.78992246728629545,-0.4365,fraction,250,0,collision,nan,0,34.776540562920488,0.036339761999999998,0.0010000000000000002,1.0000000000000004e-06,1.7774146787458578,-0.44194212769966673,0.00051844764791220946,trajectory reached the configured collision radius
33,22,0.78992473746039182,-0.4365,fraction,250,0,collision,nan,0,34.778854515607129,0.036809280999999999,0.0010000000000000009,1.0000000000000019e-06,1.7774264320264694,-0.44194212769689811,0.0005184500080538183,trajectory reached the configured collision radius
33,23,0.78992700763448831,-0.4365,fraction,250,0,collision,nan,0,34.781176812986409,0.068054827999999998,0.0010000000000000011,1.0000000000000023e-06,1.777438184846921,-0.44194212769413171,0.00051845236589037581,trajectory reached the configured collision radius
33,24,0.78992927780858468,-0.4365,fraction,250,0,collision,nan,0,34.78350751568685,0.035813172999999997,0.0010000000000000005,1.000000000000001e-06,1.7774499371434427,-0.44194212769136842,0.00051845472140338289,trajectory reached the configured collision radius
33,25,0.78993154798268117,-0.4365,fraction,250,0,collision,nan,0,34.785846685003463,0.037219035999999997,0.0010000000000000022,1.0000000000000044e-06,1.7774616888517205,-0.44194212768860786,0.00051845707457421231,trajectory reached the configured collision radius
33,26,0.78993381815677755,-0.4365,fraction,250,0,collision,nan,0,34.788194382903548,0.041973427000000001,0.001,9.9999999999999995e-07,1.7774734399069816,-0.44194212768585017,0.00051845942538415995,trajectory reached the configured collision radius
33,27,0.78993608833087392,-0.4365,fraction,250,0,collision,nan,0,34.790550672038044,0.035945886000000003,0.0010000000000000044,1.0000000000000086e-06,1.777485190243913,-0.44194212768309493,0.00051846177381440861,trajectory reached the configured collision radius
33,28,0.78993835850497041,-0.4365,fraction,250,0,collision,nan,0,34.792915615754517,0.054957107999999998,0.001,9.9999999999999995e-07,1.7774969397967453,-0.44194212768034286,0.00051846411984601565,trajectory reached the configured collision radius
33,29,0.78994062867906678,-0.4365,fraction,250,0,collision,nan,0,34.795289278101407,0.045140949999999999,0.0010000000000000072,1.0000000000000144e-06,1.7775086884991751,-0.44194212767759333,0.00051846646345996168,trajectory reached the configured collision radius
33,30,0.78994289885316327,-0.4365,fraction,250,0,collision,nan,0,34.797671723846101,0.064900109999999997,0.001,9.9999999999999995e-07,1.7775204362844343,-0.4419421276748467,0.00051846880463709156,trajectory reached the configured collision radius
33,31,0.78994516902725964,-0.4365,fraction,250,0,collision,nan,0,34.800063018479264,0.069014139000000002,0.0010000000000000104,1.0000000000000209e-06,1.7775321830851791,-0.44194212767210311,0.00051847114335815722,trajectory reached the configured collision radius
33,32,0.78994743920135613,-0.4365,fraction,250,0,collision,nan,0,34.802463228228881,0.071010276999999997,0.001,9.9999999999999995e-07,1.7775439288335801,-0.44194212766936258,0.00051847347960380034,trajectory reached the configured collision radius
33,33,0.7899497093754525,-0.4365,fraction,250,0,collision,nan,0,34.804872420070069,0.068884328999999994,0.0010000000000000096,1.0000000000000192e-06,1.7775556734613738,-0.44194212766662433,0.00051847581335457565,trajectory reached the configured collision radius
33,34,0.78995197954954888,-0.4365,fraction,250,0,collision,nan,0,34.807290661736715,0.041661084000000001,0.001,9.9999999999999995e-07,1.7775674168996711,-0.44194212766388952,0.00051847814459088392,trajectory reached the configured collision radius
33,35,0.78995424972364536,-0.4365,fraction,250,0,collision,nan,0,34.809718021734696,0.036371959000000002,0.0010000000000000072,1.0000000000000144e-06,1.7775791590791219,-0.4419421276611577,0.00051848047329307908,trajectory reached the configured collision radius
33,36,0.78995651989774174,-0.4365,fraction,250,0,collision,nan,0,34.812154569351165,0.045372830000000003,0.001,9.9999999999999995e-07,1.7775908999298156,-0.44194212765842827,0.00051848279944133801,trajectory reached the configured collision radius
33,37,0.78995879007183822,-0.4365,fraction,250,0,collision,nan,0,34.814600374667542,0.064258665000000006,0.0010000000000000059,1.0000000000000118e-06,1.7776026393813757,-0.44194212765570229,0.00051848512301578837,trajectory reached the configured collision radius
34,19,0.78991792693810259,-0.42033333333333334,fraction,250,0,collision,nan,0,34.783628369626733,0.060282804000000002,0.0010000000000000007,1.0000000000000014e-06,1.7774071112032248,-0.44194212769367502,0.00051845275526244425,trajectory reached the configured collision radius
34,20,0.78992019711219896,-0.42033333333333334,fraction,250,0,collision,nan,0,34.785927778847231,0.064841797000000007,0.001000000000000002,1.000000000000004e-06,1.7774190224797153,-0.44194212769089358,0.00051845512613591565,trajectory reached the configured collision radius
34,21,0.78992246728629545,-0.42033333333333334,fraction,250,0,collision,nan,0,34.78823543321765,0.037976542000000002,0.001,9.9999999999999995e-07,1.7774309327316287,-0.44194212768811508,0.00051845749457282307,trajectory reached the configured collision radius
34,22,0.78992473746039182,-0.42033333333333334,fraction,250,0,collision,nan,0,34.790551392349919,0.035426814000000001,0.0010000000000000044,1.0000000000000086e-06,1.7774428418935166,-0.44194212768533947,0.00051845986055438923,trajectory reached the configured collision radius
34,23,0.78992700763448831,-0.42033333333333334,fraction,250,0,collision,nan,0,34.792875716507048,0.038409151000000002,0.001,9.9999999999999995e-07,1.7774547498994511,-0.44194212768256702,0.00051846222406174672,trajectory reached the configured collision radius
34,24,0.78992927780858468,-0.42033333333333334,fraction,250,0,collision,nan,0,34.795208466614412,0.035916705,0.0010000000000000083,1.0000000000000165e-06,1.7774666566829782,-0.44194212767979701,0.00051846458507591377,trajectory reached the configured collision radius
34,25,0.78993154798268117,-0.42033333333333334,fraction,250,0,collision,nan,0,34.79754970426572,0.043707330000000003,0.001,9.9999999999999995e-07,1.7774785621771869,-0.44194212767703012,0.0005184669435777798,trajectory reached the configured collision radius
34,26,0.78993381815677755,-0.42033333333333334,fraction,250,0,collision,nan,0,34.79989949173283,0.035128108999999998,0.00100000000000001,1.0000000000000201e-06,1.7774904663146571,-0.44194212767426622,0.00051846929954818348,trajectory reached the configured collision radius
34,27,0.78993608833087392,-0.42033333333333334,fraction,250,0,collision,nan,0,34.802257891977852,0.035541746999999999,0.001,9.9999999999999995e-07,1.7775023690273839,-0.44194212767150515,0.00051847165296778862,trajectory reached the configured collision radius
34,28,0.78993835850497041,-0.42033333333333334,fraction,250,0,collision,nan,0,34.804624968665181,0.040842398000000002,0.0010000000000000061,1.0000000000000122e-06,1.7775142702469582,-0.44194212766874746,0.00051847400381720187,trajectory reached the configured collision radius
34,29,0.78994062867906678,-0.42033333333333334,fraction,250,0,collision,nan,0,34.807000786164707,0.044680933999999999,0.0010000000000000002,1.0000000000000004e-06,1.7775261699043843,-0.44194212766599233,0.00051847635207690336,trajectory reached the configured collision radius
34,30,0.78994289885316327,-0.42033333333333334,fraction,250,0,collision,nan,0,34.809385409572201,0.036104873000000003,0.0010000000000000037,1.0000000000000074e-06,1.7775380679302231,-0.44194212766324059,0.00051847869772726838,trajectory reached the configured collision radius
34,31,0.78994516902725964,-0.42033333333333334,fraction,250,0,collision,nan,0,34.811778904710955,0.036794238999999999,0.001,9.9999999999999995e-07,1.7775499642544179,-0.44194212766049168,0.00051848104074855492,trajectory reached the configured collision radius
34,32,0.78994743920135613,-0.42033333333333334,fraction,250,0,collision,nan,0,34.814181338150085,0.041081657000000001,0.0010000000000000024,1.0000000000000048e-06,1.7775618588065134,-0.44194212765774615,0.00051848338112094115,trajectory reached the configured collision radius
34,33,0.7899497093754525,-0.42033333333333334,fraction,250,0,collision,nan,0,34.816592777212065,0.049486438000000001,0.0010000000000000002,1.0000000000000004e-06,1.7775737515154215,-0.44194212765500351,0.00051848571882444621,trajectory reached the configured collision radius
34,34,0.78995197954954888,-0.42033333333333334,fraction,250,0,collision,nan,0,34.819013289982699,0.035430000000000003,0.0010000000000000015,1.0000000000000031e-06,1.777585642309625,-0.44194212765226415,0.00051848805383904238,trajectory reached the configured collision radius
34,35,0.78995424972364536,-0.42033333333333334,fraction,250,0,collision,nan,0,34.821442945327114,0.036343693000000003,0.0010000000000000005,1.000000000000001e-06,1.7775975311170054,-0.44194212764952762,0.00051849038614454974,trajectory reached the configured collision radius
34,36,0.78995651989774174,-0.42033333333333334,fraction,250,0,collision,nan,0,34.823881812897532,0.05472718,0.0010000000000000011,1.0000000000000023e-06,1.7776094178649695,-0.44194212764679458,0.0005184927157206961,trajectory reached the configured collision radius
34,37,0.78995879007183822,-0.42033333333333334,fraction,250,0,collision,nan,0,34.826329963150258,0.056835852999999999,0.0010000000000000005,1.000000000000001e-06,1.7776213024803895,-0.44194212764406454,0.00051849504254709833,trajectory reached the configured collision radius
35,19,0.78991792693810259,-0.40416666666666667,fraction,250,0,collision,nan,0,34.795430062651093,0.040922595999999999,0.0010000000000000054,1.000000000000011e-06,1.7774262067231741,-0.44194212768154228,0.00051846309749149376,trajectory reached the configured collision radius
35,20,0.78992019711219896,-0.40416666666666667,fraction,250,0,collision,nan,0,34.797731483496271,0.036923578999999998,0.001,9.9999999999999995e-07,1.7774382611740782,-0.44194212767875735,0.00051846547147685307,trajectory reached the configured collision radius
35,21,0.78992246728629545,-0.40416666666666667,fraction,250,0,collision,nan,0,34.800041169820517,0.058336067999999998,0.0010000000000000111,1.0000000000000222e-06,1.7774503139057092,-0.44194212767597513,0.00051846784285933972,trajectory reached the configured collision radius
35,22,0.78992473746039182,-0.40416666666666667,fraction,250,0,collision,nan,0,34.802359181528921,0.037689686999999999,0.001,9.9999999999999995e-07,1.777462364850096,-0.44194212767319607,0.00051847021161971875,trajectory reached the configured collision radius
35,23,0.78992700763448831,-0.40416666666666667,fraction,250,0,collision,nan,0,34.804685579184422,0.048100037999999998,0.0010000000000000067,1.0000000000000135e-06,1.7774744139387373,-0.44194212767042029,0.00051847257773867772,trajectory reached the configured collision radius
35,24,0.78992927780858468,-0.40416666666666667,fraction,250,0,collision,nan,0,34.807020424012656,0.064273973999999998,0.0010000000000000002,1.0000000000000004e-06,1.7774864611027053,-0.4419421276676479,0.00051847494119676429,trajectory reached the configured collision radius
35,25,0.78993154798268117,-0.40416666666666667,fraction,250,0,collision,nan,0,34.809363777916793,0.039329063999999997,0.0010000000000000037,1.0000000000000074e-06,1.7774985062724475,-0.44194212766487828,0.00051847730197444788,trajectory reached the configured collision radius
35,26,0.78993381815677755,-0.40416666666666667,fraction,250,0,collision,nan,0,34.811715703482662,0.036556339,0.001,9.9999999999999995e-07,1.7775105493780072,-0.44194212766211161,0.0005184796600520746,trajectory reached the configured collision radius
35,27,0.78993608833087392,-0.40416666666666667,fraction,250,0,collision,nan,0,34.814076263995126,0.054050296999999997,0.0010000000000000018,1.0000000000000036e-06,1.7775225903488634,-0.44194212765934793,0.00051848201540989017,trajectory reached the configured collision radius
35,28,0.78993835850497041,-0.40416666666666667,fraction,250,0,collision,nan,0,34.81644552343888,0.036542302999999998,0.0010000000000000005,1.000000000000001e-06,1.7775346291139575,-0.44194212765658808,0.00051848436802800384,trajectory reached the configured collision radius
35,29,0.78994062867906678,-0.40416666666666667,fraction,250,0,collision,nan,0,34.818823546520846,0.053509041,0.0010000000000000009,1.0000000000000019e-06,1.7775466656017636,-0.4419421276538314,0.00051848671788647788,trajectory reached the configured collision radius
35,30,0.78994289885316327,-0.40416666666666667,fraction,250,0,collision,nan,0,34.82121039867107,0.070585410000000001,0.0010000000000000009,1.0000000000000019e-06,1.7775586997401982,-0.44194212765107815,0.00051848906496521367,trajectory reached the configured collision radius
35,31,0.78994516902725964,-0.40416666666666667,fraction,250,0,collision,nan,0,34.82360614605853,0.062347787000000002,0.0010000000000000005,1.000000000000001e-06,1.7775707314566807,-0.44194212764832747,0.00051849140924401242,trajectory reached the configured collision radius
35,32,0.78994743920135613,-0.40416666666666667,fraction,250,0,collision,nan,0,34.826010855601879,0.061826639000000003,0.0010000000000000015,1.0000000000000031e-06,1.7775827606780468,-0.44194212764558038,0.00051849375070257473,trajectory reached the configured collision radius
35,33,0.7899497093754525,-0.40416666666666667,fraction,250,0,collision,nan,0,34.828424594980497,0.037129651,0.0010000000000000002,1.0000000000000004e-06,1.7775947873307285,-0.44194212764283658,0.00051849608932050988,trajectory reached the configured collision radius
35,34,0.78995197954954888,-0.40416666666666667,fraction,250,0,collision,nan,0,34.830847432641413,0.035886009000000003,0.0010000000000000022,1.0000000000000044e-06,1.777606811340475,-0.44194212764009633,0.00051849842507728234,trajectory reached the configured collision radius
35,35,0.78995424972364536,-0.40416666666666667,fraction,250,0,collision,nan,0,34.833279437822782,0.035772529999999997,0.0010000000000000002,1.0000000000000004e-06,1.7776188326325895,-0.44194212763735941,0.00051850075795226136,trajectory reached the configured collision radius
35,36,0.78995651989774174,-0.40416666666666667,fraction,250,0,collision,nan,0,34.835720680553429,0.035102659000000001,0.0010000000000000031,1.0000000000000061e-06,1.7776308511318772,-0.44194212763462554,0.00051850308792474487,trajectory reached the configured collision radius
35,37,0.78995879007183822,-0.40416666666666667,fraction,250,0,collision,nan,0,34.83817123167163,0.045955640999999998,0.001,9.9999999999999995e-07,1.7776428667624988,-0.4419421276318955,0.00051850541497385481,trajectory reached the configured collision radius
36,19,0.78991792693810259,-0.38800000000000001,fraction,250,0,collision,nan,0,34.807347196037576,0.040754832999999997,0.001,9.9999999999999995e-07,1.7774484018850738,-0.44194212766882979,0.00051847393336890276,trajectory reached the configured collision radius
36,20,0.78992019711219896,-0.38800000000000001,fraction,250,0,collision,nan,0,34.809650675985566,0.064614858999999997,0.0010000000000000065,1.0000000000000131e-06,1.7774605855320376,-0.44194212766604468,0.00051847630744392842,trajectory reached the configured collision radius
36,21,0.78992246728629545,-0.38800000000000001,fraction,250,0,collision,nan,0,34.811962442340757,0.035512376999999998,0.001,9.9999999999999995e-07,1.7774727667614889,-0.44194212766326274,0.00051847867875174638,trajectory reached the configured collision radius
36,22,0.78992473746039182,-0.38800000000000001,fraction,250,0,collision,nan,0,34.814282555307955,0.037872610000000001,0.0010000000000000031,1.0000000000000061e-06,1.7774849455029791,-0.44194212766048396,0.00051848104727270344,trajectory reached the configured collision radius
36,23,0.78992700763448831,-0.38800000000000001,fraction,250,0,collision,nan,0,34.816611075758082,0.052224755999999997,0.0010000000000000002,1.0000000000000004e-06,1.7774971216856079,-0.44194212765770841,0.00051848341298704314,trajectory reached the configured collision radius
36,24,0.78992927780858468,-0.38800000000000001,fraction,250,0,collision,nan,0,34.818948065228135,0.035841357999999997,0.0010000000000000013,1.0000000000000027e-06,1.777509295237915,-0.44194212765493657,0.00051848577587490486,trajectory reached the configured collision radius
36,25,0.78993154798268117,-0.38800000000000001,fraction,250,0,collision,nan,0,34.821293585941888,0.035143400999999998,0.0010000000000000007,1.0000000000000014e-06,1.7775214660879732,-0.44194212765216773,0.00051848813591631444,trajectory reached the configured collision radius
36,26,0.78993381815677755,-0.38800000000000001,fraction,250,0,collision,nan,0,34.82364770080595,0.035664288000000002,0.0010000000000000005,1.000000000000001e-06,1.7775336341632799,-0.44194212764940238,0.00051849049309119107,trajectory reached the configured collision radius
36,27,0.78993608833087392,-0.38800000000000001,fraction,250,0,collision,nan,0,34.826010473433989,0.053180001999999997,0.0010000000000000015,1.0000000000000031e-06,1.7775457993908426,-0.44194212764663993,0.00051849284737935653,trajectory reached the configured collision radius
36,28,0.78993835850497041,-0.38800000000000001,fraction,250,0,collision,nan,0,34.828381968150232,0.047459848999999998,0.001,9.9999999999999995e-07,1.7775579616971475,-0.44194212764388169,0.00051849519876050003,trajectory reached the configured collision radius
36,29,0.78994062867906678,-0.38800000000000001,fraction,250,0,collision,nan,0,34.83076225000066,0.055619107000000001,0.0010000000000000026,1.0000000000000052e-06,1.7775701210081671,-0.44194212764112617,0.00051849754721423132,trajectory reached the configured collision radius
36,30,0.78994289885316327,-0.38800000000000001,fraction,250,0,collision,nan,0,34.833151384762971,0.036855341999999999,0.001,9.9999999999999995e-07,1.7775822772492973,-0.44194212763837437,0.00051849989272002058,trajectory reached the configured collision radius
36,31,0.78994516902725964,-0.38800000000000001,fraction,250,0,collision,nan,0,34.835549438961671,0.065634234,0.0010000000000000044,1.0000000000000086e-06,1.7775944303454572,-0.44194212763562596,0.0005185022352572604,trajectory reached the configured collision radius
36,32,0.78994743920135613,-0.38800000000000001,fraction,250,0,collision,nan,0,34.837956479875764,0.069981518000000006,0.001,9.9999999999999995e-07,1.777606580221019,-0.44194212763288132,0.00051850457480521128,trajectory reached the configured collision radius
36,33,0.7899497093754525,-0.38800000000000001,fraction,250,0,collision,nan,0,34.840372575550369,0.035661757000000002,0.0010000000000000061,1.0000000000000122e-06,1.7776187267998242,-0.4419421276301399,0.00051850691134303778,trajectory reached the configured collision radius
36,34,0.78995197954954888,-0.38800000000000001,fraction,250,0,collision,nan,0,34.842797794811815,0.053057499000000001,0.001,9.9999999999999995e-07,1.7776308700051715,-0.44194212762740226,0.00051850924484978563,trajectory reached the configured collision radius
36,35,0.78995424972364536,-0.38800000000000001,fraction,250,0,collision,nan,0,34.845232207273725,0.036503652999999997,0.001000000000000008,1.000000000000016e-06,1.7776430097597939,-0.44194212762466795,0.00051851157530439541,trajectory reached the configured collision radius
36,36,0.78995651989774174,-0.38800000000000001,fraction,250,0,collision,nan,0,34.847675883356416,0.035893899999999999,0.001,9.9999999999999995e-07,1.7776551459859407,-0.44194212762193735,0.0005185139026857075,trajectory reached the configured collision radius
36,37,0.78995879007183822,-0.38800000000000001,fraction,250,0,collision,nan,0,34.850128894293753,0.064465552999999995,0.0010000000000000093,1.0000000000000186e-06,1.7776672786053072,-0.44194212761921026,0.00051851622697245158,trajectory reached the configured collision radius
37,19,0.78991792693810259,-0.37183333333333335,fraction,250,0,collision,nan,0,34.819384492284122,0.046674078000000001,0.0010000000000000037,1.0000000000000074e-06,1.7774736438735657,-0.44194212765555446,0.00051848524917720389,trajectory reached the configured collision radius
37,20,0.78992019711219896,-0.37183333333333335,fraction,250,0,collision,nan,0,34.821690081428876,0.049412718000000001,0.0010000000000000002,1.0000000000000004e-06,1.7774859428347431,-0.44194212765277252,0.00051848762035924746,trajectory reached the configured collision radius
37,21,0.78992246728629545,-0.37183333333333335,fraction,250,0,collision,nan,0,34.824003978532637,0.035005146000000001,0.0010000000000000015,1.0000000000000031e-06,1.7774982386771747,-0.44194212764999402,0.00051848998861181764,trajectory reached the configured collision radius
37,22,0.78992473746039182,-0.37183333333333335,fraction,250,0,collision,nan,0,34.826326244115698,0.037598701999999998,0.0010000000000000005,1.000000000000001e-06,1.7775105313280928,-0.44194212764721907,0.00051849235391485799,trajectory reached the configured collision radius
37,23,0.78992700763448831,-0.37183333333333335,fraction,250,0,collision,nan,0,34.828656939359611,0.067381653999999999,0.0010000000000000007,1.0000000000000014e-06,1.7775228207141951,-0.44194212764444768,0.0005184947162482044,trajectory reached the configured collision radius
37,24,0.78992927780858468,-0.37183333333333335,fraction,250,0,collision,nan,0,34.830996126128923,0.035894691999999999,0.0010000000000000015,1.0000000000000031e-06,1.7775351067616878,-0.44194212764167962,0.000518497075591612,trajectory reached the configured collision radius
37,25,0.78993154798268117,-0.37183333333333335,fraction,250,0,collision,nan,0,34.833343866968491,0.035938955000000002,0.001,9.9999999999999995e-07,1.7775473893962086,-0.44194212763891499,0.0005184994319246773,trajectory reached the configured collision radius
37,26,0.78993381815677755,-0.37183333333333335,fraction,250,0,collision,nan,0,34.83570022512437,0.044620112000000003,0.0010000000000000031,1.0000000000000061e-06,1.7775596685428809,-0.44194212763615387,0.00051850178522693956,trajectory reached the configured collision radius
37,27,0.78993608833087392,-0.37183333333333335,fraction,250,0,collision,nan,0,34.838065264547254,0.036993676000000003,0.001,9.9999999999999995e-07,1.7775719441263431,-0.44194212763339669,0.00051850413547779601,trajectory reached the configured collision radius
37,28,0.78993835850497041,-0.37183333333333335,fraction,250,0,collision,nan,0,34.840439049907559,0.036366016000000001,0.0010000000000000054,1.000000000000011e-06,1.7775842160707018,-0.44194212763064294,0.00051850648265654414,trajectory reached the configured collision radius
37,29,0.78994062867906678,-0.37183333333333335,fraction,250,0,collision,nan,0,34.842821646602751,0.035838795999999999,0.001,9.9999999999999995e-07,1.7775964842994889,-0.4419421276278927,0.00051850882674236997,trajectory reached the configured collision radius
37,30,0.78994289885316327,-0.37183333333333335,fraction,250,0,collision,nan,0,34.845213120771362,0.037299530999999997,0.001000000000000008,1.000000000000016e-06,1.7776087487357242,-0.44194212762514612,0.00051851116771437162,trajectory reached the configured collision radius
37,31,0.78994516902725964,-0.37183333333333335,fraction,250,0,collision,nan,0,34.847613539301058,0.035075451000000001,0.001,9.9999999999999995e-07,1.7776210093019256,-0.44194212762240309,0.00051851350555150654,trajectory reached the configured collision radius
37,32,0.78994743920135613,-0.37183333333333335,fraction,250,0,collision,nan,0,34.850022969843621,0.041733852000000002,0.0010000000000000113,1.0000000000000226e-06,1.7776332659200416,-0.44194212761966395,0.00051851584023266295,trajectory reached the configured collision radius
37,33,0.7899497093754525,-0.37183333333333335,fraction,250,0,collision,nan,0,34.852441480823352,0.070555591000000001,0.001,9.9999999999999995e-07,1.7776455185114466,-0.4419421276169283,0.0005185181717365547,trajectory reached the configured collision radius
37,34,0.78995197954954888,-0.37183333333333335,fraction,250,0,collision,nan,0,34.854869141451566,0.041049220999999997,0.0010000000000000093,1.0000000000000186e-06,1.777657766997069,-0.44194212761419693,0.0005185205000418628,trajectory reached the configured collision radius
37,35,0.78995424972364536,-0.37183333333333335,fraction,250,0,collision,nan,0,34.857306021736193,0.035997194000000003,0.001,9.9999999999999995e-07,1.777670011297231,-0.44194212761146873,0.00051852282512710964,trajectory reached the configured collision radius
37,36,0.78995651989774174,-0.37183333333333335,fraction,250,0,collision,nan,0,34.859752192496259,0.036118707,0.0010000000000000078,1.0000000000000156e-06,1.7776822513316912,-0.44194212760874463,0.00051852514697071797,trajectory reached the configured collision radius
37,37,0.78995879007183822,-0.37183333333333335,fraction,250,0,collision,nan,0,34.862207725375995,0.036938101000000001,0.001,9.9999999999999995e-07,1.777694487019724,-0.44194212760602442,0.00051852746555102554,trajectory reached the configured collision radius
38,19,0.78991792693810259,-0.35566666666666669,fraction,250,0,collision,nan,0,34.831546745840562,0.046747302999999997,0.0010000000000000005,1.000000000000001e-06,1.7775018824224131,-0.44194212764173135,0.00051849703151667407,trajectory reached the configured collision radius
38,20,0.78992019711219896,-0.35566666666666669,fraction,250,0,collision,nan,0,34.833854497021129,0.036980751999999999,0.0010000000000000011,1.0000000000000023e-06,1.7775142828981108,-0.44194212763895635,0.00051849939685986307,trajectory reached the configured collision radius
38,21,0.78992246728629545,-0.35566666666666669,fraction,250,0,collision,nan,0,34.836170578372368,0.068557934000000001,0.0010000000000000009,1.0000000000000019e-06,1.7775266795514604,-0.44194212763618473,0.00051850175911345275,trajectory reached the configured collision radius
38,22,0.78992473746039182,-0.35566666666666669,fraction,250,0,collision,nan,0,34.838495050729719,0.042534268,0.0010000000000000002,1.0000000000000004e-06,1.7775390723074032,-0.44194212763341695,0.00051850411825703235,trajectory reached the configured collision radius
38,23,0.78992700763448831,-0.35566666666666669,fraction,250,0,collision,nan,0,34.840827975607809,0.036368339999999999,0.0010000000000000022,1.0000000000000044e-06,1.7775514610903556,-0.44194212763065288,0.00051850647427005559,trajectory reached the configured collision radius
38,24,0.78992927780858468,-0.35566666666666669,fraction,250,0,collision,nan,0,34.843169415198723,0.036296601999999997,0.001,9.9999999999999995e-07,1.7775638458242471,-0.44194212762789203,0.00051850882713187828,trajectory reached the configured collision radius
38,25,0.78993154798268117,-0.35566666666666669,fraction,250,0,collision,nan,0,34.845519432386681,0.037674538,0.0010000000000000046,1.0000000000000091e-06,1.777576226432428,-0.44194212762513529,0.00051851117682175834,trajectory reached the configured collision radius
38,26,0.78993381815677755,-0.35566666666666669,fraction,250,0,collision,nan,0,34.84787809076262,0.041567879000000002,0.001,9.9999999999999995e-07,1.7775886028377559,-0.44194212762238233,0.00051851352331880622,trajectory reached the configured collision radius
38,27,0.78993608833087392,-0.35566666666666669,fraction,250,0,collision,nan,0,34.850245454626432,0.037079000000000001,0.0010000000000000078,1.0000000000000156e-06,1.7776009749625474,-0.44194212761963309,0.00051851586660207525,trajectory reached the configured collision radius
38,28,0.78993835850497041,-0.35566666666666669,fraction,250,0,collision,nan,0,34.852621589006084,0.040664233000000001,0.001,9.9999999999999995e-07,1.7776133427285918,-0.44194212761688756,0.00051851820665048864,trajectory reached the configured collision radius
38,29,0.78994062867906678,-0.35566666666666669,fraction,250,0,collision,nan,0,34.855006559660637,0.036811134000000002,0.0010000000000000115,1.000000000000023e-06,1.777625706057095,-0.44194212761414586,0.00051852054344283833,trajectory reached the configured collision radius
38,30,0.78994289885316327,-0.35566666666666669,fraction,250,0,collision,nan,0,34.857400433100693,0.036281481999999997,0.001,9.9999999999999995e-07,1.777638064868841,-0.44194212761140794,0.00051852287695783978,trajectory reached the configured collision radius
38,31,0.78994516902725964,-0.35566666666666669,fraction,250,0,collision,nan,0,34.859803276588174,0.036224280999999997,0.0010000000000000085,1.0000000000000169e-06,1.7776504190839424,-0.44194212760867418,0.00051852520717408012,trajectory reached the configured collision radius
38,32,0.78994743920135613,-0.35566666666666669,fraction,250,0,collision,nan,0,34.862215158161163,0.035924018000000002,0.001,9.9999999999999995e-07,1.7776627686220845,-0.44194212760594387,0.0005185275340700555,trajectory reached the configured collision radius
38,33,0.7899497093754525,-0.35566666666666669,fraction,250,0,collision,nan,0,34.864636146631916,0.035385455000000003,0.0010000000000000063,1.0000000000000127e-06,1.7776751134023323,-0.44194212760321766,0.00051852985762413522,trajectory reached the configured collision radius
38,34,0.78995197954954888,-0.35566666666666669,fraction,250,0,collision,nan,0,34.867066311611396,0.063486846,0.001,9.9999999999999995e-07,1.7776874533432196,-0.4419421276004955,0.00051853217781457864,trajectory reached the configured collision radius
38,35,0.78995424972364536,-0.35566666666666669,fraction,250,0,collision,nan,0,34.869505723512972,0.041825527000000001,0.0010000000000000048,1.0000000000000095e-06,1.7776997883627974,-0.44194212759777707,0.00051853449461955654,trajectory reached the configured collision radius
38,36,0.78995651989774174,-0.35566666666666669,fraction,250,0,collision,nan,0,34.871954453568861,0.036197483000000003,0.001,9.9999999999999995e-07,1.777712118378493,-0.44194212759506268,0.00051853680801711513,trajectory reached the configured collision radius
38,37,0.78995879007183822,-0.35566666666666669,fraction,250,0,collision,nan,0,34.874412573842555,0.070970089,0.0010000000000000039,1.0000000000000078e-06,1.7777244433072144,-0.44194212759235246,0.0005185391179851975,trajectory reached the configured collision radius
39,19,0.78991792693810259,-0.33950000000000002,fraction,250,0,collision,nan,0,34.843838836804814,0.036238574000000003,0.0010000000000000009,1.0000000000000019e-06,1.7775330694779281,-0.44194212762737589,0.00051850926724020154,trajectory reached the configured collision radius
39,20,0.78992019711219896,-0.33950000000000002,fraction,250,0,collision,nan,0,34.846148805747042,0.046380498999999999,0.0010000000000000009,1.0000000000000019e-06,1.7775455577373962,-0.4419421276246111,0.0005185116238328681,trajectory reached the configured collision radius
39,21,0.78992246728629545,-0.33950000000000002,fraction,250,0,collision,nan,0,34.848467127759875,0.035744712999999997,0.0010000000000000002,1.0000000000000004e-06,1.777558041469123,-0.44194212762185014,0.00051851397717809437,trajectory reached the configured collision radius
39,22,0.78992473746039182,-0.33950000000000002,fraction,250,0,collision,nan,0,34.850793864008253,0.049159306,0.0010000000000000026,1.0000000000000052e-06,1.7775705205957961,-0.44194212761909274,0.00051851632725507905,trajectory reached the configured collision radius
39,23,0.78992700763448831,-0.33950000000000002,fraction,250,0,collision,nan,0,34.853129076343755,0.035924614000000001,0.001,9.9999999999999995e-07,1.7775829950397193,-0.44194212761633922,0.00051851867404294368,trajectory reached the configured collision radius
39,24,0.78992927780858468,-0.33950000000000002,fraction,250,0,collision,nan,0,34.855472827299842,0.035137929999999998,0.001000000000000005,1.0000000000000101e-06,1.77759546472258,-0.44194212761358986,0.00051852101752068789,trajectory reached the configured collision radius
39,25,0.78993154798268117,-0.33950000000000002,fraction,250,0,collision,nan,0,34.857825180113096,0.035087169000000001,0.001,9.9999999999999995e-07,1.777607929565532,-0.44194212761084389,0.00051852335766719665,trajectory reached the configured collision radius
39,26,0.78993381815677755,-0.33950000000000002,fraction,250,0,collision,nan,0,34.860186198723781,0.055960805000000002,0.0010000000000000085,1.0000000000000169e-06,1.77762038948922,-0.44194212760810214,0.00051852569446126946,trajectory reached the configured collision radius
39,27,0.78993608833087392,-0.33950000000000002,fraction,250,0,collision,nan,0,34.862555947798377,0.040208902999999997,0.001,9.9999999999999995e-07,1.7776328444137819,-0.44194212760536455,0.00051852802788155989,trajectory reached the configured collision radius
39,28,0.78993835850497041,-0.33950000000000002,fraction,250,0,collision,nan,0,34.864934492728928,0.049910920999999997,0.0010000000000000104,1.0000000000000209e-06,1.7776452942587537,-0.4419421276026308,0.0005185303579066568,trajectory reached the configured collision radius
39,29,0.78994062867906678,-0.33950000000000002,fraction,250,0,collision,nan,0,34.867321899653234,0.035922745999999998,0.001,9.9999999999999995e-07,1.7776577389431885,-0.44194212759990081,0.00051853268451500093,trajectory reached the configured collision radius
39,30,0.78994289885316327,-0.33950000000000002,fraction,250,0,collision,nan,0,34.869718235460617,0.040700405000000002,0.0010000000000000074,1.0000000000000148e-06,1.7776701783855919,-0.44194212759717505,0.00051853500768495194,trajectory reached the configured collision radius
39,31,0.78994516902725964,-0.33950000000000002,fraction,250,0,collision,nan,0,34.872123567803435,0.036656306,0.001,9.9999999999999995e-07,1.7776826125039198,-0.44194212759445323,0.00051853732739475032,trajectory reached the configured collision radius
39,32,0.78994743920135613,-0.33950000000000002,fraction,250,0,collision,nan,0,34.874537965113362,0.056942122999999997,0.0010000000000000052,1.0000000000000105e-06,1.7776950412155863,-0.44194212759173573,0.00051853964362253465,trajectory reached the configured collision radius
39,33,0.7899497093754525,-0.33950000000000002,fraction,250,0,collision,nan,0,34.876961496608523,0.0581155,0.001,9.9999999999999995e-07,1.7777074644374535,-0.4419421275890224,0.00051854195634631049,trajectory reached the configured collision radius
39,34,0.78995197954954888,-0.33950000000000002,fraction,250,0,collision,nan,0,34.879394232308549,0.069434579999999996,0.0010000000000000039,1.0000000000000078e-06,1.777719882085806,-0.44194212758631257,0.00051854426554401496,trajectory reached the configured collision radius
39,35,0.78995424972364536,-0.33950000000000002,fraction,250,0,collision,nan,0,34.881836243047239,0.039056425999999998,0.001,9.9999999999999995e-07,1.7777322940764868,-0.44194212758360735,0.00051854657119342952,trajectory reached the configured collision radius
39,36,0.78995651989774174,-0.33950000000000002,fraction,250,0,collision,nan,0,34.884287600481144,0.040032576,0.0010000000000000031,1.0000000000000061e-06,1.7777447003246902,-0.44194212758090645,0.00051854887327228117,trajectory reached the configured collision radius
39,37,0.78995879007183822,-0.33950000000000002,fraction,250,0,collision,nan,0,34.8867483771077,0.036231725999999999,0.0010000000000000002,1.0000000000000004e-06,1.7777571007450732,-0.44194212757820933,0.0005185511717581354,trajectory reached the configured collision radius
40,19,0.78991792693810259,-0.32333333333333336,fraction,250,0,collision,nan,0,34.85626574440353,0.047658804999999999,0.0010000000000000007,1.0000000000000014e-06,1.777567158887855,-0.44194212761250368,0.0005185219433921658,trajectory reached the configured collision radius
40,20,0.78992019711219896,-0.32333333333333336,fraction,250,0,collision,nan,0,34.858577989875393,0.043630736000000003,0.0010000000000000005,1.000000000000001e-06,1.7775797212572531,-0.44194212760975199,0.00051852428835466016,trajectory reached the configured collision radius
40,21,0.78992246728629545,-0.32333333333333336,fraction,250,0,collision,nan,0,34.860898612039193,0.039858399000000003,0.001000000000000002,1.000000000000004e-06,1.7775922783922324,-0.44194212760700463,0.0005185266299141876,trajectory reached the configured collision radius
40,22,0.78992473746039182,-0.32333333333333336,fraction,250,0,collision,nan,0,34.863227672404719,0.036024847999999998,0.001,9.9999999999999995e-07,1.7776048302134633,-0.44194212760426144,0.00051852896804962818,trajectory reached the configured collision radius
40,23,0.78992700763448831,-0.32333333333333336,fraction,250,0,collision,nan,0,34.865565233166251,0.036212398,0.0010000000000000041,1.0000000000000082e-06,1.7776173766410539,-0.44194212760152235,0.00051853130273977598,trajectory reached the configured collision radius
40,24,0.78992927780858468,-0.32333333333333336,fraction,250,0,collision,nan,0,34.867911357213103,0.036302065000000001,0.001,9.9999999999999995e-07,1.7776299175946442,-0.44194212759878693,0.00051853363396328937,trajectory reached the configured collision radius
40,25,0.78993154798268117,-0.32333333333333336,fraction,250,0,collision,nan,0,34.870266108140264,0.035131678999999999,0.0010000000000000074,1.0000000000000148e-06,1.7776424529932626,-0.44194212759605572,0.00051853596169874243,trajectory reached the configured collision radius
40,26,0.78993381815677755,-0.32333333333333336,fraction,250,0,collision,nan,0,34.872629550257358,0.036105233,0.001,9.9999999999999995e-07,1.7776549827554469,-0.44194212759332857,0.00051853828592458482,trajectory reached the configured collision radius
40,27,0.78993608833087392,-0.32333333333333336,fraction,250,0,collision,nan,0,34.875001748601477,0.036076543000000003,0.0010000000000000117,1.0000000000000235e-06,1.7776675067992049,-0.44194212759060603,0.00051854060661916674,trajectory reached the configured collision radius
40,28,0.78993835850497041,-0.32333333333333336,fraction,250,0,collision,nan,0,34.877382768947356,0.043740413999999998,0.001,9.9999999999999995e-07,1.7776800250419864,-0.4419421275878872,0.00051854292376071244,trajectory reached the configured collision radius
40,29,0.78994062867906678,-0.32333333333333336,fraction,250,0,collision,nan,0,34.879772677816092,0.038197981999999998,0.0010000000000000078,1.0000000000000156e-06,1.7776925374006887,-0.44194212758517248,0.00051854523732737751,trajectory reached the configured collision radius
40,30,0.78994289885316327,-0.32333333333333336,fraction,250,0,collision,nan,0,34.882171542492927,0.060037292999999999,0.001,9.9999999999999995e-07,1.7777050437917246,-0.44194212758246193,0.00051854754729716067,trajectory reached the configured collision radius
40,31,0.78994516902725964,-0.32333333333333336,fraction,250,0,collision,nan,0,34.884579431032428,0.035374677,0.0010000000000000057,1.0000000000000114e-06,1.777717544130915,-0.44194212757975604,0.0005185498536479944,trajectory reached the configured collision radius
40,32,0.78994743920135613,-0.32333333333333336,fraction,250,0,collision,nan,0,34.886996412273035,0.035585181,0.001,9.9999999999999995e-07,1.7777300383335406,-0.44194212757705398,0.0005185521563576815,trajectory reached the configured collision radius
40,33,0.7899497093754525,-0.32333333333333336,fraction,250,0,collision,nan,0,34.889422555851439,0.037300484000000002,0.0010000000000000041,1.0000000000000082e-06,1.777742526314342,-0.44194212757435652,0.00051855445540391299,trajectory reached the configured collision radius
40,34,0.78995197954954888,-0.32333333333333336,fraction,250,0,collision,nan,0,34.891857932209923,0.055184772,0.001,9.9999999999999995e-07,1.7777550079875295,-0.44194212757166318,0.00051855675076427235,trajectory reached the configured collision radius
40,35,0.78995424972364536,-0.32333333333333336,fraction,250,0,collision,nan,0,34.894302612613814,0.035875645999999997,0.0010000000000000033,1.0000000000000065e-06,1.7777674832667363,-0.44194212756897427,0.00051855904241625555,trajectory reached the configured collision radius
40,36,0.78995651989774174,-0.32333333333333336,fraction,250,0,collision,nan,0,34.896756669160268,0.035115788000000002,0.001,9.9999999999999995e-07,1.777779952065077,-0.44194212756628959,0.00051856133033723289,trajectory reached the configured collision radius
40,37,0.78995879007183822,-0.32333333333333336,fraction,250,0,collision,nan,0,34.899220174796064,0.045083143999999999,0.0010000000000000026,1.0000000000000052e-06,1.777792414295063,-0.44194212756360951,0.00051856361450446195,trajectory reached the configured collision radius
41,19,0.78991792693810259,-0.3071666666666667,fraction,250,0,collision,nan,0,34.868832560388618,0.051488521000000002,0.0010000000000000009,1.0000000000000019e-06,1.7776041061116801,-0.44194212759712881,0.00051853504715084929,trajectory reached the configured collision radius
41,20,0.78992019711219896,-0.3071666666666667,fraction,250,0,collision,nan,0,34.871147144368074,0.040139042999999999,0.0010000000000000009,1.0000000000000019e-06,1.7776167289629001,-0.44194212759439444,0.00051853737763348016,trajectory reached the configured collision radius
41,21,0.78992246728629545,-0.3071666666666667,fraction,250,0,collision,nan,0,34.873470129420937,0.043084065999999997,0.0010000000000000002,1.0000000000000004e-06,1.7776293458724406,-0.44194212759166424,0.00051853970456006853,trajectory reached the configured collision radius
41,22,0.78992473746039182,-0.3071666666666667,fraction,250,0,collision,nan,0,34.875801577407444,0.036354188000000003,0.0010000000000000026,1.0000000000000052e-06,1.7776419567589237,-0.44194212758893792,0.00051854202790921117,trajectory reached the configured collision radius
41,23,0.78992700763448831,-0.3071666666666667,fraction,250,0,collision,nan,0,34.878141550882425,0.035655952999999997,0.0010000000000000002,1.0000000000000004e-06,1.7776545615404777,-0.44194212758621648,0.00051854434765934664,trajectory reached the configured collision radius
41,24,0.78992927780858468,-0.3071666666666667,fraction,250,0,collision,nan,0,34.880490113100841,0.070351358000000003,0.0010000000000000048,1.0000000000000095e-06,1.7776671601346801,-0.44194212758349871,0.00051854666378886994,trajectory reached the configured collision radius
41,25,0.78993154798268117,-0.3071666666666667,fraction,250,0,collision,nan,0,34.882847328028724,0.040385786999999999,0.001,9.9999999999999995e-07,1.7776797524585852,-0.44194212758078544,0.00051854897627603036,trajectory reached the configured collision radius
41,26,0.78993381815677755,-0.3071666666666667,fraction,250,0,collision,nan,0,34.885213260355364,0.034933113000000002,0.0010000000000000083,1.0000000000000165e-06,1.7776923384287262,-0.44194212757807638,0.00051855128509899163,trajectory reached the configured collision radius
41,27,0.78993608833087392,-0.3071666666666667,fraction,250,0,collision,nan,0,34.887587975502441,0.035527437000000002,0.001,9.9999999999999995e-07,1.7777049179610358,-0.44194212757537155,0.0005185535902357696,trajectory reached the configured collision radius
41,28,0.78993835850497041,-0.3071666666666667,fraction,250,0,collision,nan,0,34.889971539634516,0.067348808999999996,0.0010000000000000111,1.0000000000000222e-06,1.7777174909709781,-0.44194212757267137,0.00051855589166433002,trajectory reached the configured collision radius
41,29,0.78994062867906678,-0.3071666666666667,fraction,250,0,collision,nan,0,34.892364019679697,0.036228853999999998,0.001,9.9999999999999995e-07,1.7777300573734385,-0.4419421275699752,0.00051855818936247852,trajectory reached the configured collision radius
41,30,0.78994289885316327,-0.3071666666666667,fraction,250,0,collision,nan,0,34.894765483324079,0.035170440999999997,0.0010000000000000078,1.0000000000000156e-06,1.7777426170827966,-0.44194212756728368,0.0005185604833079536,trajectory reached the configured collision radius
41,31,0.78994516902725964,-0.3071666666666667,fraction,250,0,collision,nan,0,34.89717599903679,0.035712923000000001,0.001,9.9999999999999995e-07,1.7777551700128029,-0.44194212756459633,0.00051856277347834938,trajectory reached the configured collision radius
41,32,0.78994743920135613,-0.3071666666666667,fraction,250,0,collision,nan,0,34.899595636081621,0.035673325999999998,0.0010000000000000059,1.0000000000000118e-06,1.7777677160767724,-0.44194212756191337,0.00051856505985119542,trajectory reached the configured collision radius
41,33,0.7899497093754525,-0.3071666666666667,fraction,250,0,collision,nan,0,34.902024464523919,0.036145541000000003,0.001,9.9999999999999995e-07,1.7777802551874045,-0.44194212755923545,0.00051856734240386909,trajectory reached the configured collision radius
41,34,0.78995197954954888,-0.3071666666666667,fraction,250,0,collision,nan,0,34.904462555242461,0.035469518999999998,0.0010000000000000044,1.0000000000000086e-06,1.7777927872568602,-0.44194212755656131,0.00051856962111366102,trajectory reached the configured collision radius
41,35,0.78995424972364536,-0.3071666666666667,fraction,250,0,collision,nan,0,34.906909979951408,0.036632795000000003,0.001,9.9999999999999995e-07,1.7778053121967543,-0.44194212755389223,0.00051857189595776708,trajectory reached the configured collision radius
41,36,0.78995651989774174,-0.3071666666666667,fraction,250,0,collision,nan,0,34.909366811202247,0.035910148000000003,0.0010000000000000037,1.0000000000000074e-06,1.7778178299181902,-0.44194212755122741,0.00051857416691326321,trajectory reached the configured collision radius
41,37,0.78995879007183822,-0.3071666666666667,fraction,250,0,collision,nan,0,34.911833122403941,0.035271384000000003,0.0010000000000000002,1.0000000000000004e-06,1.7778303403316691,-0.4419421275485671,0.00051857643395709994,trajectory reached the configured collision radius
42,19,0.78991792693810259,-0.29100000000000004,fraction,250,0,collision,nan,0,34.881544502478732,0.045034250999999997,0.0010000000000000002,1.0000000000000004e-06,1.7776438679486495,-0.44194212758126694,0.00051854856577359092,trajectory reached the configured collision radius
42,20,0.78992019711219896,-0.29100000000000004,fraction,250,0,collision,nan,0,34.883861490333956,0.048098661000000001,0.0010000000000000011,1.0000000000000023e-06,1.7776565376891627,-0.44194212757855306,0.00051855087895489411,trajectory reached the configured collision radius
42,21,0.78992246728629545,-0.29100000000000004,fraction,250,0,collision,nan,0,34.886186904438063,0.035310499000000002,0.0010000000000000009,1.0000000000000019e-06,1.7776692007806436,-0.44194212757584328,0.00051855318842962178,trajectory reached the configured collision radius
42,22,0.78992473746039182,-0.29100000000000004,fraction,250,0,collision,nan,0,34.888520807020043,0.034953444,0.0010000000000000005,1.000000000000001e-06,1.7776818571398694,-0.44194212757313739,0.00051855549417607297,trajectory reached the configured collision radius
42,23,0.78992700763448831,-0.29100000000000004,fraction,250,0,collision,nan,0,34.890863261004355,0.035677633,0.0010000000000000022,1.0000000000000044e-06,1.7776945066829883,-0.44194212757043649,0.00051855779617245468,trajectory reached the configured collision radius
42,24,0.78992927780858468,-0.29100000000000004,fraction,250,0,collision,nan,0,34.893214330022431,0.069214849999999994,0.0010000000000000002,1.0000000000000004e-06,1.7777071493256857,-0.44194212756774004,0.0005185600943968297,trajectory reached the configured collision radius
42,25,0.78993154798268117,-0.29100000000000004,fraction,250,0,collision,nan,0,34.895574078424154,0.049648550999999999,0.0010000000000000041,1.0000000000000082e-06,1.7777197849830719,-0.44194212756504758,0.00051856238882718917,trajectory reached the configured collision radius
42,26,0.78993381815677755,-0.29100000000000004,fraction,250,0,collision,nan,0,34.897942571290955,0.067862625999999995,0.001,9.9999999999999995e-07,1.7777324135697401,-0.4419421275623599,0.00051856467944140408,trajectory reached the configured collision radius
42,27,0.78993608833087392,-0.29100000000000004,fraction,250,0,collision,nan,0,34.900319874443575,0.039121606000000003,0.0010000000000000067,1.0000000000000135e-06,1.7777450349997534,-0.44194212755967666,0.00051856696621725034,trajectory reached the configured collision radius
42,28,0.78993835850497041,-0.29100000000000004,fraction,250,0,collision,nan,0,34.902706054452132,0.035139102999999998,0.001,9.9999999999999995e-07,1.7777576491866081,-0.44194212755699819,0.00051856924913235838,trajectory reached the configured collision radius
42,29,0.78994062867906678,-0.29100000000000004,fraction,250,0,collision,nan,0,34.905101178653545,0.035752368999999999,0.00100000000000001,1.0000000000000201e-06,1.7777702560432547,-0.44194212755432377,0.00051857152816430808,trajectory reached the configured collision radius
42,30,0.78994289885316327,-0.29100000000000004,fraction,250,0,collision,nan,0,34.907505315158396,0.035651244999999998,0.00100000000000069,1.00000000000138e-06,1.7777828554821522,-0.4419421275516543,0.00051857380329087569,trajectory reached the configured collision radius
42,31,0.78994516902725964,-0.29100000000000004,fraction,250,0,collision,nan,0,34.909918532870492,0.036332903,0.0010000000000000102,1.0000000000000205e-06,1.777795447415172,-0.44194212754898909,0.00051857607448835741,trajectory reached the configured collision radius
42,32,0.78994743920135613,-0.29100000000000004,fraction,250,0,collision,nan,0,34.912340901480135,0.035439871999999997,0.001,9.9999999999999995e-07,1.7778080317536658,-0.44194212754632861,0.00051857834173502342,trajectory reached the configured collision radius
42,33,0.7899497093754525,-0.29100000000000004,fraction,250,0,collision,nan,0,34.91477249149969,0.035883294000000003,0.001000000000000008,1.000000000000016e-06,1.7778206084083712,-0.44194212754367301,0.00051858060500765816,trajectory reached the configured collision radius
42,34,0.78995197954954888,-0.29100000000000004,fraction,250,0,collision,nan,0,34.917213374264115,0.035714186000000002,0.001,9.9999999999999995e-07,1.7778331772895883,-0.44194212754102197,0.00051858286428326601,trajectory reached the configured collision radius
42,35,0.78995424972364536,-0.29100000000000004,fraction,250,0,collision,nan,0,34.919663621945396,0.036568787999999998,0.0010000000000000065,1.0000000000000131e-06,1.7778457383069826,-0.4419421275383757,0.00051858511953878079,trajectory reached the configured collision radius
42,36,0.78995651989774174,-0.29100000000000004,fraction,250,0,collision,nan,0,34.922123307566196,0.035483514000000001,0.001,9.9999999999999995e-07,1.777858291369693,-0.44194212753573403,0.00051858737075098204,trajectory reached the configured collision radius
42,37,0.78995879007183822,-0.29100000000000004,fraction,250,0,collision,nan,0,34.924592505014672,0.036734348999999999,0.0010000000000000059,1.0000000000000118e-06,1.7778708363863485,-0.44194212753309697,0.0005185896178965813,trajectory reached the configured collision radius
43,19,0.78991792693810259,-0.27483333333333337,fraction,250,0,collision,nan,0,34.894406927941851,0.035893972000000003,0.0010000000000000041,1.0000000000000082e-06,1.7776864022800722,-0.44194212756493301,0.00051856248654408798,trajectory reached the configured collision radius
43,20,0.78992019711219896,-0.27483333333333337,fraction,250,0,collision,nan,0,34.896726388625517,0.035245167000000001,0.001,9.9999999999999995e-07,1.7776991053434872,-0.44194212756224222,0.00051856477962924951,trajectory reached the configured collision radius
43,21,0.78992246728629545,-0.27483333333333337,fraction,250,0,collision,nan,0,34.899054301575411,0.034992013000000002,0.0010000000000000018,1.0000000000000036e-06,1.7777118010511523,-0.44194212755955592,0.00051856706885995728,trajectory reached the configured collision radius
43,22,0.78992473746039182,-0.27483333333333337,fraction,250,0,collision,nan,0,34.901390729394286,0.035821598000000003,0.0010000000000000005,1.000000000000001e-06,1.77772448931793,-0.44194212755687456,0.0005185693542142342,trajectory reached the configured collision radius
43,23,0.78992700763448831,-0.27483333333333337,fraction,250,0,collision,nan,0,34.903735735391834,0.035564131999999998,0.0010000000000000007,1.0000000000000014e-06,1.7777371700582647,-0.44194212755419782,0.00051857163567004319,trajectory reached the configured collision radius
43,24,0.78992927780858468,-0.27483333333333337,fraction,250,0,collision,nan,0,34.90608938358838,0.035552106,0.0010000000000000013,1.0000000000000027e-06,1.7777498431858885,-0.44194212755152523,0.00051857391320519813,trajectory reached the configured collision radius
43,25,0.78993154798268117,-0.27483333333333337,fraction,250,0,collision,nan,0,34.908451738734193,0.035820238999999997,0.0010000000000000002,1.0000000000000004e-06,1.7777625086141737,-0.44194212754885737,0.00051857618679742798,trajectory reached the configured collision radius
43,26,0.78993381815677755,-0.27483333333333337,fraction,250,0,collision,nan,0,34.910822866312259,0.038491421999999997,0.0010000000000000024,1.0000000000000048e-06,1.7777751662558245,-0.44194212754619422,0.00051857845642434787,trajectory reached the configured collision radius
43,27,0.78993608833087392,-0.27483333333333337,fraction,250,0,collision,nan,0,34.913202832554454,0.035440826000000002,0.001,9.9999999999999995e-07,1.7777878160230647,-0.44194212754353562,0.000518580722063458,trajectory reached the configured collision radius
43,28,0.78993835850497041,-0.27483333333333337,fraction,250,0,collision,nan,0,34.915591704454599,0.035567587999999997,0.0010000000000000039,1.0000000000000078e-06,1.7778004578276192,-0.44194212754088191,0.00051858298369217965,trajectory reached the configured collision radius
43,29,0.78994062867906678,-0.27483333333333337,fraction,250,0,collision,nan,0,34.917989549775193,0.052621057999999998,0.001,9.9999999999999995e-07,1.7778130915805874,-0.4419421275382327,0.00051858524128781374,trajectory reached the configured collision radius
43,30,0.78994289885316327,-0.27483333333333337,fraction,250,0,collision,nan,0,34.920396437061278,0.049126774999999998,0.0010000000000000059,1.0000000000000118e-06,1.77782571719257,-0.44194212753558815,0.0005185874948275311,trajectory reached the configured collision radius
43,31,0.78994516902725964,-0.27483333333333337,fraction,250,0,collision,nan,0,34.922812435654699,0.043628284000000003,0.001,9.9999999999999995e-07,1.7778383345736397,-0.44194212753294876,0.00051858974428843684,trajectory reached the configured collision radius
43,32,0.78994743920135613,-0.27483333333333337,fraction,250,0,collision,nan,0,34.925237615705825,0.049765276999999997,0.0010000000000000078,1.0000000000000156e-06,1.7778509436332961,-0.44194212753031414,0.00051859198964750988,trajectory reached the configured collision radius
43,33,0.7899497093754525,-0.27483333333333337,fraction,250,0,collision,nan,0,34.927672048182885,0.036492615999999999,0.001,9.9999999999999995e-07,1.77786354428052,-0.4419421275276838,0.00051859423088162213,trajectory reached the configured collision radius
43,34,0.78995197954954888,-0.27483333333333337,fraction,250,0,collision,nan,0,34.930115804888516,0.035460905000000001,0.0010000000000000098,1.0000000000000196e-06,1.7778761364237123,-0.4419421275250589,0.00051859646796753936,trajectory reached the configured collision radius
43,35,0.78995424972364536,-0.27483333333333337,fraction,250,0,collision,nan,0,34.93256895847307,0.035661419,0.001,9.9999999999999995e-07,1.7778887199707445,-0.44194212752243844,0.00051859870088193517,trajectory reached the configured collision radius
43,36,0.78995651989774174,-0.27483333333333337,fraction,250,0,collision,nan,0,34.935031582445987,0.036739681000000003,0.0010000000000000111,1.0000000000000222e-06,1.7779012948289634,-0.44194212751982337,0.00051860092960136835,trajectory reached the configured collision radius
43,37,0.78995879007183822,-0.27483333333333337,fraction,250,0,collision,nan,0,34.937503751187073,0.036330857000000001,0.0010000000000003437,1.0000000000006873e-06,1.7779138609051526,-0.44194212751721285,0.00051860315410246004,trajectory reached the configured collision radius
44,19,0.78991792693810259,-0.25866666666666671,fraction,250,0,collision,nan,0,34.907425347432365,0.041262712,0.001,9.9999999999999995e-07,1.7777316678232546,-0.44194212754814177,0.00051857679672143414,trajectory reached the configured collision radius
44,20,0.78992019711219896,-0.25866666666666671,fraction,250,0,collision,nan,0,34.909747353699878,0.039593461000000003,0.0010000000000000076,1.0000000000000152e-06,1.7777443906607744,-0.4419421275454779,0.00051857906694095324,trajectory reached the configured collision radius
44,21,0.78992246728629545,-0.25866666666666671,fraction,250,0,collision,nan,0,34.912077839130767,0.035290170000000003,0.001,9.9999999999999995e-07,1.7777571054369694,-0.44194212754281853,0.00051858133316087297,trajectory reached the configured collision radius
44,22,0.78992473746039182,-0.25866666666666671,fraction,250,0,collision,nan,0,34.914416866716671,0.041773403000000001,0.0010000000000000039,1.0000000000000078e-06,1.7777698120650087,-0.44194212754016415,0.00051858359535901239,trajectory reached the configured collision radius
44,23,0.78992700763448831,-0.25866666666666671,fraction,250,0,collision,nan,0,34.916764500162621,0.038812655000000001,0.001,9.9999999999999995e-07,1.7777825104575145,-0.44194212753751438,0.0005185858535130749,trajectory reached the configured collision radius
44,24,0.78992927780858468,-0.25866666666666671,fraction,250,0,collision,nan,0,34.919120803896384,0.035806512999999998,0.001000000000000002,1.000000000000004e-06,1.7777952005265887,-0.44194212753486939,0.00051858810760066064,trajectory reached the configured collision radius
44,25,0.78993154798268117,-0.25866666666666671,fraction,250,0,collision,nan,0,34.921485843074777,0.035378888999999997,0.0010000000000000005,1.000000000000001e-06,1.7778078821837688,-0.44194212753222906,0.00051859035759925422,trajectory reached the configured collision radius
44,26,0.78993381815677755,-0.25866666666666671,fraction,250,0,collision,nan,0,34.923859683602032,0.035726044999999998,0.0010000000000000009,1.0000000000000019e-06,1.7778205553400965,-0.44194212752959361,0.00051859260348624742,trajectory reached the configured collision radius
44,27,0.78993608833087392,-0.25866666666666671,fraction,250,0,collision,nan,0,34.926242392137354,0.035518361999999998,0.0010000000000000007,1.0000000000000014e-06,1.7778332199060425,-0.4419421275269631,0.00051859484523892533,trajectory reached the configured collision radius
44,28,0.78993835850497041,-0.25866666666666671,fraction,250,0,collision,nan,0,34.928634036106644,0.035171223000000001,0.0010000000000000005,1.000000000000001e-06,1.7778458757915661,-0.44194212752433748,0.00051859708283445369,trajectory reached the configured collision radius
44,29,0.78994062867906678,-0.25866666666666671,fraction,250,0,collision,nan,0,34.931034683713776,0.057525095999999998,0.0010000000000000015,1.0000000000000031e-06,1.7778585229060737,-0.44194212752171658,0.00051859931624991245,trajectory reached the configured collision radius
44,30,0.78994289885316327,-0.25866666666666671,fraction,250,0,collision,nan,0,34.933444403958262,0.035549645999999997,0.0010000000000000002,1.0000000000000004e-06,1.7778711611584519,-0.44194212751910089,0.00051860154546227609,trajectory reached the configured collision radius
44,31,0.78994516902725964,-0.25866666666666671,fraction,250,0,collision,nan,0,34.935863266636417,0.037280737000000001,0.0010000000000000022,1.0000000000000044e-06,1.7778837904569977,-0.4419421275164897,0.00051860377044838605,trajectory reached the configured collision radius
44,32,0.78994743920135613,-0.25866666666666671,fraction,250,0,collision,nan,0,34.938291342366078,0.038798495000000002,0.001,9.9999999999999995e-07,1.7778964107095272,-0.44194212751388379,0.00051860599118501633,trajectory reached the configured collision radius
44,33,0.7899497093754525,-0.25866666666666671,fraction,250,0,collision,nan,0,34.94072870259442,0.043531525000000001,0.0010000000000000031,1.0000000000000061e-06,1.7779090218232745,-0.44194212751128281,0.00051860820764881605,trajectory reached the configured collision radius
44,34,0.78995197954954888,-0.25866666666666671,fraction,250,0,collision,nan,0,34.943175419604202,0.035273449999999998,0.001,9.9999999999999995e-07,1.7779216237049322,-0.441942127508687,0.00051861041981631959,trajectory reached the configured collision radius
44,35,0.78995424972364536,-0.25866666666666671,fraction,250,0,collision,nan,0,34.945631566541671,0.035830215999999998,0.0010000000000000035,1.0000000000000069e-06,1.7779342162606599,-0.44194212750609585,0.00051861262766398557,trajectory reached the configured collision radius
44,36,0.78995651989774174,-0.25866666666666671,fraction,250,0,collision,nan,0,34.948097217418912,0.035373042,0.001,9.9999999999999995e-07,1.7779467993960629,-0.44194212750351036,0.00051861483116814682,trajectory reached the configured collision radius
44,37,0.78995879007183822,-0.25866666666666671,fraction,250,0,collision,nan,0,34.950572447130284,0.036932674999999998,0.0010000000000000041,1.0000000000000082e-06,1.7779593730162324,-0.44194212750092954,0.00051861703030504707,trajectory reached the configured collision radius
45,19,0.78991792693810259,-0.24250000000000005,fraction,250,0,collision,nan,0,34.920605439193089,0.045899571,0.0010000000000000037,1.0000000000000074e-06,1.7777796238943908,-0.44194212753090784,0.0005185914834902835,trajectory reached the configured collision radius
45,20,0.78992019711219896,-0.24250000000000005,fraction,250,0,collision,nan,0,34.922930067831658,0.052830239000000001,0.001,9.9999999999999995e-07,1.7777923529668351,-0.44194212752827389,0.00051859372809877563,trajectory reached the configured collision radius
45,21,0.78992246728629545,-0.24250000000000005,fraction,250,0,collision,nan,0,34.925263203454406,0.03579392,0.0010000000000000076,1.0000000000000152e-06,1.7778050732742021,-0.44194212752564493,0.0005185959685654215,trajectory reached the configured collision radius
45,22,0.78992473746039182,-0.24250000000000005,fraction,250,0,collision,nan,0,34.927604909458779,0.035375597000000002,0.001,9.9999999999999995e-07,1.7778177847280272,-0.44194212752302076,0.00051859820486780067,trajectory reached the configured collision radius
45,23,0.78992700763448831,-0.24250000000000005,fraction,250,0,collision,nan,0,34.929955249961779,0.050369858000000003,0.0010000000000000109,1.0000000000000218e-06,1.7778304872392843,-0.44194212752040146,0.00051860043698342929,trajectory reached the configured collision radius
45,24,0.78992927780858468,-0.24250000000000005,fraction,250,0,collision,nan,0,34.932314289803593,0.068066169999999995,0.001,9.9999999999999995e-07,1.7778431807183863,-0.44194212751778711,0.00051860266488966335,trajectory reached the configured collision radius
45,25,0.78993154798268117,-0.24250000000000005,fraction,250,0,collision,nan,0,34.93468209457312,0.043720028000000001,0.0010000000000000067,1.0000000000000135e-06,1.7778558650753085,-0.44194212751517753,0.00051860488856382645,trajectory reached the configured collision radius
45,26,0.78993381815677755,-0.24250000000000005,fraction,250,0,collision,nan,0,34.937058730605983,0.037977707999999999,0.001,9.9999999999999995e-07,1.777868540219403,-0.44194212751257345,0.00051860710798307748,trajectory reached the configured collision radius
45,27,0.78993608833087392,-0.24250000000000005,fraction,250,0,collision,nan,0,34.939444265000901,0.040322698999999997,0.0010000000000000044,1.0000000000000086e-06,1.7778812060595413,-0.44194212750997391,0.00051860932312449814,trajectory reached the configured collision radius
45,28,0.78993835850497041,-0.24250000000000005,fraction,250,0,collision,nan,0,34.941838765634799,0.036248401999999999,0.001,9.9999999999999995e-07,1.7778938625040095,-0.44194212750737966,0.00051861153396506497,trajectory reached the configured collision radius
45,29,0.78994062867906678,-0.24250000000000005,fraction,250,0,collision,nan,0,34.944242301168771,0.035509937999999998,0.0010000000000000028,1.0000000000000057e-06,1.7779065094606126,-0.44194212750479023,0.00051861374048164531,trajectory reached the configured collision radius
45,30,0.78994289885316327,-0.24250000000000005,fraction,250,0,collision,nan,0,34.94665494106718,0.062371720999999998,0.001,9.9999999999999995e-07,1.7779191468365905,-0.44194212750220591,0.00051861594265099366,trajectory reached the configured collision radius
45,31,0.78994516902725964,-0.24250000000000005,fraction,250,0,collision,nan,0,34.949076755605105,0.039633562999999997,0.001000000000000002,1.000000000000004e-06,1.7779317745386389,-0.44194212749962697,0.00051861814044979653,trajectory reached the configured collision radius
45,32,0.78994743920135613,-0.24250000000000005,fraction,250,0,collision,nan,0,34.951507815880433,0.036383863000000002,0.0010000000000000002,1.0000000000000004e-06,1.7779443924729394,-0.44194212749705269,0.00051862033385459449,trajectory reached the configured collision radius
45,33,0.7899497093754525,-0.24250000000000005,fraction,250,0,collision,nan,0,34.95394819383106,0.035189505000000003,0.0010000000000000013,1.0000000000000027e-06,1.777957000545078,-0.44194212749448386,0.00051862252284183195,trajectory reached the configured collision radius
45,34,0.78995197954954888,-0.24250000000000005,fraction,250,0,collision,nan,0,34.956397962247891,0.035225924999999998,0.0010000000000000005,1.000000000000001e-06,1.7779695986601693,-0.44194212749192047,0.00051862470738787991,trajectory reached the configured collision radius
45,35,0.78995424972364536,-0.24250000000000005,fraction,250,0,collision,nan,0,34.958857194783853,0.066722556000000002,0.0010000000000000011,1.0000000000000023e-06,1.777982186722767,-0.44194212748936224,0.00051862688746898502,trajectory reached the configured collision radius
45,36,0.78995651989774174,-0.24250000000000005,fraction,250,0,collision,nan,0,34.96132596597328,0.037861019000000003,0.0010000000000000005,1.000000000000001e-06,1.7779947646368537,-0.44194212748680933,0.00051862906306128693,trajectory reached the configured collision radius
45,37,0.78995879007183822,-0.24250000000000005,fraction,250,0,collision,nan,0,34.9638043512414,0.042265128999999999,0.0010000000000000009,1.0000000000000019e-06,1.7780073323059076,-0.44194212748426148,0.00051863123414084287,trajectory reached the configured collision radius
46,19,0.78991792693810259,-0.22633333333333339,fraction,250,0,collision,nan,0,34.933953063707264,0.036156506999999997,0.0010000000000000013,1.0000000000000027e-06,1.7778302301777973,-0.44194212751324691,0.00051860653391175011,trajectory reached the configured collision radius
46,20,0.78992019711219896,-0.22633333333333339,fraction,250,0,collision,nan,0,34.936280395784237,0.043681370999999997,0.0010000000000000007,1.0000000000000014e-06,1.7778429519484344,-0.4419421275106461,0.00051860875018703613,trajectory reached the configured collision radius
46,21,0.78992246728629545,-0.22633333333333339,fraction,250,0,collision,nan,0,34.938616263642537,0.046415435999999997,0.0010000000000000007,1.0000000000000014e-06,1.7778556642526844,-0.44194212750805023,0.00051861096218116859,trajectory reached the configured collision radius
46,22,0.78992473746039182,-0.22633333333333339,fraction,250,0,collision,nan,0,34.940960731097903,0.036707675000000002,0.0010000000000000015,1.0000000000000031e-06,1.7778683670005104,-0.44194212750545947,0.00051861316987158112,trajectory reached the configured collision radius
46,23,0.78992700763448831,-0.22633333333333339,fraction,250,0,collision,nan,0,34.943313862689983,0.035263975000000003,0.0010000000000000002,1.0000000000000004e-06,1.7778810601013513,-0.44194212750287432,0.00051861537323555416,trajectory reached the configured collision radius
46,24,0.78992927780858468,-0.22633333333333339,fraction,250,0,collision,nan,0,34.945675723698542,0.035590622000000002,0.0010000000000000033,1.0000000000000065e-06,1.777893743464122,-0.44194212750029338,0.0005186175722503198,trajectory reached the configured collision radius
46,25,0.78993154798268117,-0.22633333333333339,fraction,250,0,collision,nan,0,34.948046380148448,0.034904048,0.001,9.9999999999999995e-07,1.7779064169971919,-0.44194212749771822,0.00051861976689296688,trajectory reached the configured collision radius
46,26,0.78993381815677755,-0.22633333333333339,fraction,250,0,collision,nan,0,34.950425898824001,0.035467571000000003,0.0010000000000000057,1.0000000000000114e-06,1.7779190806083787,-0.44194212749514777,0.00051862195714049179,trajectory reached the configured collision radius
46,27,0.78993608833087392,-0.22633333333333339,fraction,250,0,collision,nan,0,34.952814347284964,0.070590139999999996,0.001,9.9999999999999995e-07,1.7779317342050671,-0.44194212749258283,0.00051862414296979776,trajectory reached the configured collision radius
46,28,0.78993835850497041,-0.22633333333333339,fraction,250,0,collision,nan,0,34.955211793870497,0.057568832,0.001000000000000008,1.000000000000016e-06,1.7779443776939738,-0.44194212749002304,0.00051862632435768969,trajectory reached the configured collision radius
46,29,0.78994062867906678,-0.22633333333333339,fraction,250,0,collision,nan,0,34.957618307717851,0.035803448000000002,0.001,9.9999999999999995e-07,1.7779570109813927,-0.44194212748746831,0.00051862850128083892,trajectory reached the configured collision radius
46,30,0.78994289885316327,-0.22633333333333339,fraction,250,0,collision,nan,0,34.960033958772897,0.038786242999999998,0.0010000000000000111,1.0000000000000222e-06,1.7779696339730098,-0.44194212748491885,0.00051863067371585422,trajectory reached the configured collision radius
46,31,0.78994516902725964,-0.22633333333333339,fraction,250,0,collision,nan,0,34.96245881780213,0.065942016000000006,0.001,9.9999999999999995e-07,1.7779822465740067,-0.44194212748237494,0.00051863284163919745,trajectory reached the configured collision radius
46,32,0.78994743920135613,-0.22633333333333339,fraction,250,0,collision,nan,0,34.964892956405038,0.072004434000000006,0.0010000000000000098,1.0000000000000196e-06,1.7779948486890604,-0.44194212747983569,0.00051863500502728451,trajectory reached the configured collision radius
46,33,0.7899497093754525,-0.22633333333333339,fraction,250,0,collision,nan,0,34.967336447031833,0.038809055000000002,0.001,9.9999999999999995e-07,1.7780074402222614,-0.44194212747730238,0.00051863716385636149,trajectory reached the configured collision radius
46,34,0.78995197954954888,-0.22633333333333339,fraction,250,0,collision,nan,0,34.969789362990568,0.037824925000000002,0.0010000000000000083,1.0000000000000165e-06,1.7780200210771824,-0.44194212747477418,0.00051863931810265857,trajectory reached the configured collision radius
46,35,0.78995424972364536,-0.22633333333333339,fraction,250,0,collision,nan,0,34.972251778465505,0.037191522999999997,0.001,9.9999999999999995e-07,1.778032591156856,-0.44194212747225164,0.00051864146774220513,trajectory reached the configured collision radius
46,36,0.78995651989774174,-0.22633333333333339,fraction,250,0,collision,nan,0,34.97472376853019,0.035830476999999999,0.0010000000000000072,1.0000000000000144e-06,1.7780451503638115,-0.44194212746973449,0.00051864361275101405,trajectory reached the configured collision radius
46,37,0.78995879007183822,-0.22633333333333339,fraction,250,0,collision,nan,0,34.977205409159431,0.035912675999999998,0.001,9.9999999999999995e-07,1.7780576985999934,-0.44194212746722245,0.00051864575310494037,trajectory reached the configured collision radius
47,19,0.78991792693810259,-0.21016666666666672,fraction,250,0,collision,nan,0,34.947474278918556,0.036967596999999998,0.001,9.9999999999999995e-07,1.7778834464998785,-0.44194212749517403,0.00051862193487478136,trajectory reached the configured collision radius
47,20,0.78992019711219896,-0.21016666666666672,fraction,250,0,collision,nan,0,34.949804400051654,0.041050108000000002,0.0010000000000000085,1.0000000000000169e-06,1.7778961474277211,-0.44194212749260964,0.00051862412011701722,trajectory reached the configured collision radius
47,21,0.78992246728629545,-0.21016666666666672,fraction,250,0,collision,nan,0,34.952143086793015,0.038898359,0.001,9.9999999999999995e-07,1.7779088381909629,-0.44194212749005024,0.00051862630094189771,trajectory reached the configured collision radius
47,22,0.78992473746039182,-0.21016666666666672,fraction,250,0,collision,nan,0,34.954490403388448,0.035921492999999999,0.0010000000000000048,1.0000000000000095e-06,1.7779215186981221,-0.44194212748749651,0.00051862847732669947,trajectory reached the configured collision radius
47,23,0.78992700763448831,-0.21016666666666672,fraction,250,0,collision,nan,0,34.956846414819587,0.036340285,0.001,9.9999999999999995e-07,1.7779341888571529,-0.44194212748494766,0.00051863064924854323,trajectory reached the configured collision radius
47,24,0.78992927780858468,-0.21016666666666672,fraction,250,0,collision,nan,0,34.95921118681386,0.036002197,0.0010000000000000026,1.0000000000000052e-06,1.7779468485755567,-0.44194212748240391,0.00051863281668449747,trajectory reached the configured collision radius
47,25,0.78993154798268117,-0.21016666666666672,fraction,250,0,collision,nan,0,34.96158478585405,0.035344013000000001,0.0010000000000000002,1.0000000000000004e-06,1.7779594977602458,-0.44194212747986583,0.00051863497961148711,trajectory reached the configured collision radius
47,26,0.78993381815677755,-0.21016666666666672,fraction,250,0,collision,nan,0,34.963967279190108,0.044538853000000003,0.0010000000000000013,1.0000000000000027e-06,1.7779721363176038,-0.4419421274773328,0.0005186371380063756,trajectory reached the configured collision radius
47,27,0.78993608833087392,-0.21016666666666672,fraction,250,0,collision,nan,0,34.966358734853806,0.042667877,0.0010000000000000007,1.0000000000000014e-06,1.7779847641535591,-0.4419421274748051,0.00051863929184588437,trajectory reached the configured collision radius
47,28,0.78993835850497041,-0.21016666666666672,fraction,250,0,collision,nan,0,34.968759221668336,0.035844979999999999,0.0010000000000000009,1.0000000000000019e-06,1.77799738117339,-0.44194212747228284,0.00051864144110666522,trajectory reached the configured collision radius
47,29,0.78994062867906678,-0.21016666666666672,fraction,250,0,collision,nan,0,34.971168809263673,0.035772447999999998,0.0010000000000000011,1.0000000000000023e-06,1.7780099872819948,-0.4419421274697658,0.00051864358576525656,trajectory reached the configured collision radius
47,30,0.78994289885316327,-0.21016666666666672,fraction,250,0,collision,nan,0,34.973587568084987,0.036040716,0.0010000000000000005,1.000000000000001e-06,1.7780225823836207,-0.4419421274672547,0.00051864572579808546,trajectory reached the configured collision radius
47,31,0.78994516902725964,-0.21016666666666672,fraction,250,0,collision,nan,0,34.976015569408787,0.038373496,0.0010000000000000013,1.0000000000000027e-06,1.7780351663820528,-0.4419421274647487,0.00051864786118150188,trajectory reached the configured collision radius
47,32,0.78994743920135613,-0.21016666666666672,fraction,250,0,collision,nan,0,34.978452885353931,0.045675388999999997,0.0010000000000000002,1.0000000000000004e-06,1.7780477391804959,-0.44194212746224809,0.00051864999189173079,trajectory reached the configured collision radius
47,33,0.7899497093754525,-0.21016666666666672,fraction,250,0,collision,nan,0,34.980899588899952,0.035956664999999999,0.001000000000000002,1.000000000000004e-06,1.7780603006816746,-0.44194212745975314,0.0005186521179049127,trajectory reached the configured collision radius
47,34,0.78995197954954888,-0.21016666666666672,fraction,250,0,collision,nan,0,34.983355753892837,0.035548121000000002,0.0010000000000000002,1.0000000000000004e-06,1.7780728507877401,-0.44194212745726341,0.00051865423919709031,trajectory reached the configured collision radius
47,35,0.78995424972364536,-0.21016666666666672,fraction,250,0,collision,nan,0,34.98582145506834,0.050635583999999997,0.0010000000000000024,1.0000000000000048e-06,1.7780853894003694,-0.44194212745477957,0.00051865635574419424,trajectory reached the configured collision radius
47,36,0.78995651989774174,-0.21016666666666672,fraction,250,0,collision,nan,0,34.988296768056799,0.039394801,0.001,9.9999999999999995e-07,1.7780979164206516,-0.4419421274523011,0.0005186584675220614,trajectory reached the configured collision radius
47,37,0.78995879007183822,-0.21016666666666672,fraction,250,0,collision,nan,0,34.990781769405366,0.038148370000000001,0.0010000000000000026,1.0000000000000052e-06,1.7781104317491718,-0.44194212744982847,0.00051866057450642843,trajectory reached the configured collision radius
48,19,0.78991792693810259,-0.19399999999999995,fraction,250,0,collision,nan,0,34.961175356103702,0.046118483000000002,0.0010000000000000009,1.0000000000000019e-06,1.7779392326049639,-0.44194212747670492,0.00051863767304734579,trajectory reached the configured collision radius
48,20,0.78992019711219896,-0.19399999999999995,fraction,250,0,collision,nan,0,34.963508356763668,0.035288127000000002,0.0010000000000000005,1.000000000000001e-06,1.7779518991388674,-0.44194212747418005,0.00051863982457841823,trajectory reached the configured collision radius
48,21,0.78992246728629545,-0.19399999999999995,fraction,250,0,collision,nan,0,34.965849953938239,0.035620169,0.0010000000000000022,1.0000000000000044e-06,1.777964554813712,-0.44194212747166051,0.00051864197155916778,trajectory reached the configured collision radius
48,22,0.78992473746039182,-0.19399999999999995,fraction,250,0,collision,nan,0,34.968200212321548,0.042507720999999998,0.001,9.9999999999999995e-07,1.7779771995366274,-0.44194212746914635,0.00051864411396668534,trajectory reached the configured collision radius
48,23,0.78992700763448831,-0.19399999999999995,fraction,250,0,collision,nan,0,34.970559197355115,0.037010909000000002,0.0010000000000000044,1.0000000000000086e-06,1.7779898332142563,-0.44194212746663736,0.00051864625177800718,trajectory reached the configured collision radius
48,24,0.78992927780858468,-0.19399999999999995,fraction,250,0,collision,nan,0,34.972926975229456,0.040359449999999998,0.001,9.9999999999999995e-07,1.7780024557527092,-0.44194212746413375,0.00051864838497002149,trajectory reached the configured collision radius
48,25,0.78993154798268117,-0.19399999999999995,fraction,250,0,collision,nan,0,34.975303612901591,0.039579766000000002,0.001000000000000007,1.0000000000000139e-06,1.7780150670575576,-0.44194212746163597,0.00051865051351955647,trajectory reached the configured collision radius
48,26,0.78993381815677755,-0.19399999999999995,fraction,250,0,collision,nan,0,34.977689178106168,0.042520207999999997,0.001,9.9999999999999995e-07,1.7780276670339008,-0.44194212745914335,0.00051865263740330861,trajectory reached the configured collision radius
48,27,0.78993608833087392,-0.19399999999999995,fraction,250,0,collision,nan,0,34.980083739364289,0.036041766000000003,0.0010000000000000102,1.0000000000000205e-06,1.7780402555862549,-0.44194212745665634,0.00051865475659789752,trajectory reached the configured collision radius
48,28,0.78993835850497041,-0.19399999999999995,fraction,250,0,collision,nan,0,34.982487366003831,0.035704082999999998,0.001,9.9999999999999995e-07,1.7780528326186669,-0.44194212745417483,0.0005186568710798178,trajectory reached the configured collision radius
48,29,0.78994062867906678,-0.19399999999999995,fraction,250,0,collision,nan,0,34.984900128158031,0.057692537000000002,0.00100000000000001,1.0000000000000201e-06,1.7780653980345971,-0.4419421274516987,0.00051865898082549859,trajectory reached the configured collision radius
48,30,0.78994289885316327,-0.19399999999999995,fraction,250,0,collision,nan,0,34.987322096795204,0.035472641999999999,0.001,9.9999999999999995e-07,1.7780779517370406,-0.44194212744922834,0.00051866108581123118,trajectory reached the configured collision radius
48,31,0.78994516902725964,-0.19399999999999995,fraction,250,0,collision,nan,0,34.989753343720395,0.037128923000000001,0.0010000000000000076,1.0000000000000152e-06,1.7780904936284445,-0.44194212744676387,0.00051866318601324749,trajectory reached the configured collision radius
48,32,0.78994743920135613,-0.19399999999999995,fraction,250,0,collision,nan,0,34.99219394159195,0.035290437000000001,0.001,9.9999999999999995e-07,1.7781030236107236,-0.44194212744430467,0.00051866528140763826,trajectory reached the configured collision radius
48,33,0.7899497093754525,-0.19399999999999995,fraction,250,0,collision,nan,0,34.994643963937413,0.036978667,0.0010000000000000063,1.0000000000000127e-06,1.7781155415852974,-0.44194212744185102,0.00051866737197044208,trajectory reached the configured collision radius
48,34,0.78995197954954888,-0.19399999999999995,fraction,250,0,collision,nan,0,34.997103485162064,0.036107999000000002,0.001,9.9999999999999995e-07,1.7781280474530117,-0.44194212743940331,0.00051866945767754509,trajectory reached the configured collision radius
48,35,0.78995424972364536,-0.19399999999999995,fraction,250,0,collision,nan,0,34.999572580570046,0.0365341,0.0010000000000000054,1.000000000000011e-06,1.7781405411142239,-0.44194212743696132,0.00051867153850478933,trajectory reached the configured collision radius
48,36,0.78995651989774174,-0.19399999999999995,fraction,250,0,collision,nan,0,35.002051326374676,0.071189570999999993,0.001,9.9999999999999995e-07,1.7781530224687903,-0.44194212743452471,0.00051867361442788746,trajectory reached the configured collision radius
48,37,0.78995879007183822,-0.19399999999999995,fraction,250,0,collision,nan,0,35.00453979971504,0.036741462000000003,0.0010000000000000052,1.0000000000000105e-06,1.7781654914160183,-0.44194212743209393,0.00051867568542247899,trajectory reached the configured collision radius
49,19,0.78991792693810259,-0.17783333333333329,fraction,250,0,collision,nan,0,34.975062796535219,0.037943038999999998,0.0010000000000000106,1.0000000000000213e-06,1.7779975479320231,-0.44194212745785544,0.00051865373482736172,trajectory reached the configured collision radius
49,20,0.78992019711219896,-0.17783333333333329,fraction,250,0,collision,nan,0,34.977398772357112,0.036277002000000003,0.001,9.9999999999999995e-07,1.7780101665052033,-0.44194212745537309,0.00051865584999042334,trajectory reached the configured collision radius
49,21,0.78992246728629545,-0.17783333333333329,fraction,250,0,collision,nan,0,34.979743376741148,0.036961940999999998,0.0010000000000000074,1.0000000000000148e-06,1.7780227735292582,-0.44194212745289624,0.00051865796047351307,trajectory reached the configured collision radius
49,22,0.78992473746039182,-0.17783333333333329,fraction,250,0,collision,nan,0,34.982096674848663,0.035328888000000003,0.001,9.9999999999999995e-07,1.7780353689100818,-0.44194212745042494,0.00051866006625360915,trajectory reached the configured collision radius
49,23,0.78992700763448831,-0.17783333333333329,fraction,250,0,collision,nan,0,34.984458732593957,0.039884658000000003,0.0010000000000000044,1.0000000000000086e-06,1.7780479525530675,-0.4419421274479593,0.00051866216730761961,trajectory reached the configured collision radius
49,24,0.78992927780858468,-0.17783333333333329,fraction,250,0,collision,nan,0,34.986829616651534,0.037423194999999999,0.001,9.9999999999999995e-07,1.778060524363076,-0.44194212744549893,0.00051866426361234458,trajectory reached the configured collision radius
49,25,0.78993154798268117,-0.17783333333333329,fraction,250,0,collision,nan,0,34.98920939447234,0.035453108999999997,0.0010000000000000026,1.0000000000000052e-06,1.7780730842444361,-0.44194212744304429,0.00051866635514446905,trajectory reached the configured collision radius
49,26,0.78993381815677755,-0.17783333333333329,fraction,250,0,collision,nan,0,34.991598134288203,0.035754826000000003,0.0010000000000000002,1.0000000000000004e-06,1.7780856321009813,-0.44194212744059524,0.00051866844188059853,trajectory reached the configured collision radius
49,27,0.78993608833087392,-0.17783333333333329,fraction,250,0,collision,nan,0,34.993995905133623,0.036982247000000003,0.0010000000000000015,1.0000000000000031e-06,1.7780981678360133,-0.44194212743815176,0.00051867052379723415,trajectory reached the configured collision radius
49,28,0.78993835850497041,-0.17783333333333329,fraction,250,0,collision,nan,0,34.996402776853934,0.037063431000000001,0.0010000000000000005,1.000000000000001e-06,1.7781106913523708,-0.44194212743571432,0.00051867260087080122,trajectory reached the configured collision radius
49,29,0.78994062867906678,-0.17783333333333329,fraction,250,0,collision,nan,0,34.998818820114195,0.037212753000000001,0.0010000000000000009,1.0000000000000019e-06,1.7781232025522706,-0.44194212743328237,0.00051867467307756992,trajectory reached the configured collision radius
49,30,0.78994289885316327,-0.17783333333333329,fraction,250,0,collision,nan,0,35.001244106419236,0.035844097999999998,0.0010000000000000007,1.0000000000000014e-06,1.778135701337499,-0.44194212743085592,0.0005186767403937715,trajectory reached the configured collision radius
49,31,0.78994516902725964,-0.17783333333333329,fraction,250,0,collision,nan,0,35.003678708122635,0.040946573999999999,0.0010000000000000007,1.0000000000000014e-06,1.7781481876092717,-0.44194212742843531,0.00051867880279551025,trajectory reached the configured collision radius
49,32,0.78994743920135613,-0.17783333333333329,fraction,250,0,collision,nan,0,35.006122698445026,0.037567231,0.0010000000000000011,1.0000000000000023e-06,1.7781606612683583,-0.44194212742602096,0.00051868086025879615,trajectory reached the configured collision radius
49,33,0.7899497093754525,-0.17783333333333329,fraction,250,0,collision,nan,0,35.008576151479872,0.036190468000000003,0.0010000000000000005,1.000000000000001e-06,1.778173122214918,-0.44194212742361205,0.00051868291275956207,trajectory reached the configured collision radius
49,34,0.78995197954954888,-0.17783333333333329,fraction,250,0,collision,nan,0,35.01103914221563,0.036132670999999998,0.0010000000000000013,1.0000000000000027e-06,1.7781855703486511,-0.44194212742120875,0.00051868496027360873,trajectory reached the configured collision radius
49,35,0.78995424972364536,-0.17783333333333329,fraction,250,0,collision,nan,0,35.013511746548147,0.046323507,0.0010000000000000002,1.0000000000000004e-06,1.7781980055687279,-0.44194212741881156,0.0005186870027766707,trajectory reached the configured collision radius
49,36,0.78995651989774174,-0.17783333333333329,fraction,250,0,collision,nan,0,35.015994041292323,0.035555339999999998,0.0010000000000000015,1.0000000000000031e-06,1.7782104277738244,-0.44194212741642025,0.00051868904024438185,trajectory reached the configured collision radius
49,37,0.78995879007183822,-0.17783333333333329,fraction,250,0,collision,nan,0,35.018486104199113,0.036769778000000003,0.0010000000000000002,1.0000000000000004e-06,1.7782228368620694,-0.44194212741403527,0.00051869107265227032,trajectory reached the configured collision radius
50,19,0.78991792693810259,-0.16166666666666663,fraction,250,0,collision,nan,0,34.989143349002539,0.055434170999999997,0.0010000000000000022,1.0000000000000044e-06,1.7780583513895087,-0.44194212743864225,0.00051867010629276804,trajectory reached the configured collision radius
50,20,0.78992019711219896,-0.16166666666666663,fraction,250,0,collision,nan,0,34.991482401137695,0.036675411999999998,0.0010000000000000005,1.000000000000001e-06,1.7780709084146555,-0.44194212743620542,0.00051867218245196182,trajectory reached the configured collision radius
50,21,0.78992246728629545,-0.16166666666666663,fraction,250,0,collision,nan,0,34.993830115085686,0.036539862999999999,0.0010000000000000011,1.0000000000000023e-06,1.7780834532057443,-0.44194212743377431,0.00051867425380496847,trajectory reached the configured collision radius
50,22,0.78992473746039182,-0.16166666666666663,fraction,250,0,collision,nan,0,34.996186556494919,0.054147408000000001,0.0010000000000000011,1.0000000000000023e-06,1.7780959856675222,-0.44194212743134903,0.00051867632032870327,trajectory reached the configured collision radius
50,23,0.78992700763448831,-0.16166666666666663,fraction,250,0,collision,nan,0,34.998551791770836,0.035320320000000002,0.0010000000000000005,1.000000000000001e-06,1.7781085057042187,-0.44194212742892947,0.00051867838199996959,trajectory reached the configured collision radius
50,24,0.78992927780858468,-0.16166666666666663,fraction,250,0,collision,nan,0,35.000925888089625,0.047844913000000003,0.0010000000000000018,1.0000000000000036e-06,1.7781210132195329,-0.44194212742651545,0.00051868043879547835,trajectory reached the configured collision radius
50,25,0.78993154798268117,-0.16166666666666663,fraction,250,0,collision,nan,0,35.003308913412631,0.071728633,0.001,9.9999999999999995e-07,1.7781335081166794,-0.44194212742410716,0.00051868249069184666,trajectory reached the configured collision radius
50,26,0.78993381815677755,-0.16166666666666663,fraction,250,0,collision,nan,0,35.005700936493653,0.038270651000000003,0.0010000000000000031,1.0000000000000061e-06,1.7781459902983239,-0.44194212742170474,0.00051868453766557119,trajectory reached the configured collision radius
50,27,0.78993608833087392,-0.16166666666666663,fraction,250,0,collision,nan,0,35.008102026896779,0.036052138999999997,0.001,9.9999999999999995e-07,1.7781584596666875,-0.44194212741930822,0.00051868657969309211,trajectory reached the configured collision radius
50,28,0.78993835850497041,-0.16166666666666663,fraction,250,0,collision,nan,0,35.010512255005366,0.037803059,0.0010000000000000046,1.0000000000000091e-06,1.7781709161233956,-0.44194212741691719,0.00051868861675072059,trajectory reached the configured collision radius
50,29,0.78994062867906678,-0.16166666666666663,fraction,250,0,collision,nan,0,35.012931692034996,0.036319227000000003,0.001,9.9999999999999995e-07,1.778183359569645,-0.44194212741453232,0.00051869064881468127,trajectory reached the configured collision radius
50,30,0.78994289885316327,-0.16166666666666663,fraction,250,0,collision,nan,0,35.015360410050199,0.069121165999999998,0.0010000000000000063,1.0000000000000127e-06,1.778195789906047,-0.44194212741215327,0.00051869267586111259,trajectory reached the configured collision radius
50,31,0.78994516902725964,-0.16166666666666663,fraction,250,0,collision,nan,0,35.017798481976875,0.037484592999999997,0.001,9.9999999999999995e-07,1.7782082070327632,-0.44194212740978039,0.00051869469786602884,trajectory reached the configured collision radius
50,32,0.78994743920135613,-0.16166666666666663,fraction,250,0,collision,nan,0,35.020245981613023,0.036212217999999997,0.0010000000000000076,1.0000000000000152e-06,1.7782206108494389,-0.44194212740741295,0.00051869671480540434,trajectory reached the configured collision radius
50,33,0.7899497093754525,-0.16166666666666663,fraction,250,0,collision,nan,0,35.022702983645893,0.036319321000000002,0.001,9.9999999999999995e-07,1.7782330012551253,-0.44194212740505168,0.00051869872665504511,trajectory reached the configured collision radius
50,34,0.78995197954954888,-0.16166666666666663,fraction,250,0,collision,nan,0,35.025169563667731,0.035357312000000002,0.0010000000000000087,1.0000000000000173e-06,1.778245378148505,-0.44194212740269628,0.00051870073339073148,trajectory reached the configured collision radius
50,35,0.78995424972364536,-0.16166666666666663,fraction,250,0,collision,nan,0,35.027645798186313,0.062035789000000001,0.001,9.9999999999999995e-07,1.7782577414276379,-0.44194212740034738,0.00051870273498809915,trajectory reached the configured collision radius
50,36,0.78995651989774174,-0.16166666666666663,fraction,250,0,collision,nan,0,35.030131764643812,0.037160278999999997,0.0010000000000000093,1.0000000000000186e-06,1.7782700909901448,-0.44194212739800398,0.00051870473142273589,trajectory reached the configured collision radius
50,37,0.78995879007183822,-0.16166666666666663,fraction,250,0,collision,nan,0,35.032627541430216,0.035943889,0.001,9.9999999999999995e-07,1.7782824267330937,-0.44194212739566685,0.00051870672267009495,trajectory reached the configured collision radius
51,19,0.78991792693810259,-0.14549999999999996,fraction,250,0,collision,nan,0,35.003424028347204,0.036005500000000003,0.0010000000000000002,1.0000000000000004e-06,1.7781216011270928,-0.44194212741908118,0.00051868677315068993,trajectory reached the configured collision radius
51,20,0.78992019711219896,-0.14549999999999996,fraction,250,0,collision,nan,0,35.005766263838957,0.035436451000000001,0.0010000000000000026,1.0000000000000052e-06,1.7781340829921226,-0.4419421274166932,0.00051868880769094289,trajectory reached the configured collision radius
51,21,0.78992246728629545,-0.14549999999999996,fraction,250,0,collision,nan,0,35.008117195667658,0.034967576,0.0010000000000000002,1.0000000000000004e-06,1.7781465519439725,-0.44194212741431127,0.00051869083730240095,trajectory reached the configured collision radius
51,22,0.78992473746039182,-0.14549999999999996,fraction,250,0,collision,nan,0,35.01047688998348,0.036621795999999998,0.001000000000000005,1.0000000000000101e-06,1.7781590078863427,-0.441942127411935,0.00051869286196190947,trajectory reached the configured collision radius
51,23,0.78992700763448831,-0.14549999999999996,fraction,250,0,collision,nan,0,35.012845413707694,0.035413043999999998,0.001,9.9999999999999995e-07,1.7781714507224251,-0.44194212740956457,0.00051869488164620189,trajectory reached the configured collision radius
51,24,0.78992927780858468,-0.14549999999999996,fraction,250,0,collision,nan,0,35.015222834534676,0.039457099000000002,0.001000000000000008,1.000000000000016e-06,1.7781838803548193,-0.44194212740720007,0.00051869689633193101,trajectory reached the configured collision radius
51,25,0.78993154798268117,-0.14549999999999996,fraction,250,0,collision,nan,0,35.017609220958512,0.035488216000000003,0.001,9.9999999999999995e-07,1.7781962966857545,-0.4419421274048414,0.00051869890599563837,trajectory reached the configured collision radius
51,26,0.78993381815677755,-0.14549999999999996,fraction,250,0,collision,nan,0,35.020004642272283,0.053376273000000002,0.0010000000000000115,1.000000000000023e-06,1.7782086996168485,-0.4419421274024885,0.00051870091061377707,trajectory reached the configured collision radius
51,27,0.78993608833087392,-0.14549999999999996,fraction,250,0,collision,nan,0,35.022409168592191,0.035879648,0.001,9.9999999999999995e-07,1.7782210890492767,-0.44194212740014166,0.00051870291016269761,trajectory reached the configured collision radius
51,28,0.78993835850497041,-0.14549999999999996,fraction,250,0,collision,nan,0,35.024822870859069,0.037572497000000003,0.0010000000000000087,1.0000000000000173e-06,1.778233464883672,-0.44194212739780098,0.00051870490461869022,trajectory reached the configured collision radius
51,29,0.78994062867906678,-0.14549999999999996,fraction,250,0,collision,nan,0,35.027245820864067,0.036625953000000003,0.001,9.9999999999999995e-07,1.7782458270201988,-0.44194212739546612,0.00051870689395790322,trajectory reached the configured collision radius
51,30,0.78994289885316327,-0.14549999999999996,fraction,250,0,collision,nan,0,35.029678091252613,0.03901205,0.0010000000000000067,1.0000000000000135e-06,1.7782581753584914,-0.44194212739313693,0.00051870887815640945,trajectory reached the configured collision radius
51,31,0.78994516902725964,-0.14549999999999996,fraction,250,0,collision,nan,0,35.032119755539448,0.035764107000000003,0.001,9.9999999999999995e-07,1.778270509797671,-0.44194212739081418,0.00051871085719020296,trajectory reached the configured collision radius
51,32,0.78994743920135613,-0.14549999999999996,fraction,250,0,collision,nan,0,35.034570888131576,0.037638655,0.0010000000000000054,1.000000000000011e-06,1.7782828302364304,-0.44194212738849747,0.0005187128310351727,trajectory reached the configured collision radius
51,33,0.7899497093754525,-0.14549999999999996,fraction,250,0,collision,nan,0,35.037031564329382,0.046072738000000002,0.001,9.9999999999999995e-07,1.7782951365728685,-0.44194212738618688,0.00051871479966710411,trajectory reached the configured collision radius
51,34,0.78995197954954888,-0.14549999999999996,fraction,250,0,collision,nan,0,35.039501860350633,0.054962179,0.0010000000000000048,1.0000000000000095e-06,1.7783074287046574,-0.44194212738388211,0.00051871676306172504,trajectory reached the configured collision radius
51,35,0.78995424972364536,-0.14549999999999996,fraction,250,0,collision,nan,0,35.041981853343998,0.035900720999999997,0.0010000000000000002,1.0000000000000004e-06,1.778319706528914,-0.44194212738158406,0.00051871872119461416,trajectory reached the configured collision radius
51,36,0.78995651989774174,-0.14549999999999996,fraction,250,0,collision,nan,0,35.044471621401215,0.035388413000000001,0.0010000000000000046,1.0000000000000091e-06,1.7783319699422775,-0.441942127379292,0.00051872067404133411,trajectory reached the configured collision radius
51,37,0.78995879007183822,-0.14549999999999996,fraction,250,0,collision,nan,0,35.046971243575534,0.039595295000000003,0.001,9.9999999999999995e-07,1.7783442188409442,-0.44194212737700639,0.00051872262157728281,trajectory reached the configured collision radius
52,19,0.78991792693810259,-0.1293333333333333,fraction,250,0,collision,nan,0,35.017912135112354,0.039317176000000002,0.001,9.9999999999999995e-07,1.7781872543022252,-0.44194212739919031,0.00051870372068492973,trajectory reached the configured collision radius
52,20,0.78992019711219896,-0.1293333333333333,fraction,250,0,collision,nan,0,35.020257667310311,0.041635605999999999,0.0010000000000000076,1.0000000000000152e-06,1.7781996473665052,-0.44194212739685401,0.00051870571101204335,trajectory reached the configured collision radius
52,21,0.78992246728629545,-0.1293333333333333,fraction,250,0,collision,nan,0,35.022611931712937,0.047232323999999999,0.001,9.9999999999999995e-07,1.7782120268450181,-0.44194212739452404,0.00051870769629146544,trajectory reached the configured collision radius
52,22,0.78992473746039182,-0.1293333333333333,fraction,250,0,collision,nan,0,35.024974994994544,0.063805938000000006,0.0010000000000000113,1.0000000000000226e-06,1.7782243926405259,-0.44194212739220007,0.00051870967650000967,trajectory reached the configured collision radius
52,23,0.78992700763448831,-0.1293333333333333,fraction,250,0,collision,nan,0,35.027346924608111,0.036085459,0.001,9.9999999999999995e-07,1.7782367446552363,-0.44194212738988187,0.00051871165161434119,trajectory reached the configured collision radius
52,24,0.78992927780858468,-0.1293333333333333,fraction,250,0,collision,nan,0,35.029727788791554,0.035399594999999999,0.0010000000000000074,1.0000000000000148e-06,1.7782490827908517,-0.44194212738756961,0.00051871362161109047,trajectory reached the configured collision radius
52,25,0.78993154798268117,-0.1293333333333333,fraction,250,0,collision,nan,0,35.032117656590827,0.036584447999999999,0.0010000000000000002,1.0000000000000004e-06,1.7782614069486302,-0.44194212738526339,0.00051871558646674084,trajectory reached the configured collision radius
52,26,0.78993381815677755,-0.1293333333333333,fraction,250,0,collision,nan,0,35.034516597861128,0.035841505000000003,0.001000000000000005,1.0000000000000101e-06,1.7782737170292735,-0.44194212738296296,0.00051871754615772704,trajectory reached the configured collision radius
52,27,0.78993608833087392,-0.1293333333333333,fraction,250,0,collision,nan,0,35.036924683290941,0.041563781000000001,0.001,9.9999999999999995e-07,1.7782860129330478,-0.44194212738066935,0.00051871950066036793,trajectory reached the configured collision radius
52,28,0.78993835850497041,-0.1293333333333333,fraction,250,0,collision,nan,0,35.03934198440637,0.035279837000000001,0.0010000000000000035,1.0000000000000069e-06,1.7782982945596564,-0.44194212737838134,0.00051872144995088675,trajectory reached the configured collision radius
52,29,0.78994062867906678,-0.1293333333333333,fraction,250,0,collision,nan,0,35.041768573590204,0.036798073000000001,0.001,9.9999999999999995e-07,1.7783105618083532,-0.44194212737609923,0.00051872339400542411,trajectory reached the configured collision radius
52,30,0.78994289885316327,-0.1293333333333333,fraction,250,0,collision,nan,0,35.044204524093125,0.047052423000000003,0.0010000000000000026,1.0000000000000052e-06,1.7783228145778893,-0.44194212737382377,0.00051872533280003053,trajectory reached the configured collision radius
52,31,0.78994516902725964,-0.1293333333333333,fraction,250,0,collision,nan,0,35.046649910048885,0.048146840000000003,0.0010000000000000002,1.0000000000000004e-06,1.7783350527665409,-0.44194212737155425,0.00051872726631065188,trajectory reached the configured collision radius
52,32,0.78994743920135613,-0.1293333333333333,fraction,250,0,collision,nan,0,35.049104806490988,0.039586391999999998,0.001000000000000002,1.000000000000004e-06,1.778347276272068,-0.44194212736929095,0.00051872919451315905,trajectory reached the configured collision radius
52,33,0.7899497093754525,-0.1293333333333333,fraction,250,0,collision,nan,0,35.051569289358717,0.036858588999999997,0.0010000000000000002,1.0000000000000004e-06,1.7783594849916895,-0.4419421273670342,0.00051873111738332109,trajectory reached the configured collision radius
52,34,0.78995197954954888,-0.1293333333333333,fraction,250,0,collision,nan,0,35.054043435523013,0.036311239000000002,0.0010000000000000015,1.0000000000000031e-06,1.778371678822281,-0.44194212736478328,0.00051873303489683104,trajectory reached the configured collision radius
52,35,0.78995424972364536,-0.1293333333333333,fraction,250,0,collision,nan,0,35.056527322796043,0.035274904000000003,0.0010000000000000002,1.0000000000000004e-06,1.7783838576600524,-0.44194212736253896,0.00051873494702926173,trajectory reached the configured collision radius
52,36,0.78995651989774174,-0.1293333333333333,fraction,250,0,collision,nan,0,35.059021029948276,0.035860828999999997,0.0010000000000000018,1.0000000000000036e-06,1.7783960214008681,-0.44194212736030114,0.00051873685375614109,trajectory reached the configured collision radius
52,37,0.78995879007183822,-0.1293333333333333,fraction,250,0,collision,nan,0,35.061524636720478,0.035789758999999997,0.0010000000000000002,1.0000000000000004e-06,1.77840816994003,-0.44194212735806954,0.00051873875505287009,trajectory reached the configured collision radius
53,19,0.78991792693810259,-0.11316666666666664,fraction,250,0,collision,nan,0,35.032615276457996,0.041319450000000001,0.001,9.9999999999999995e-07,1.7782552668398386,-0.44194212737898714,0.0005187209337019071,trajectory reached the configured collision radius
53,20,0.78992019711219896,-0.11316666666666664,fraction,250,0,collision,nan,0,35.034964225461842,0.051176587000000003,0.0010000000000000111,1.0000000000000222e-06,1.7782675574309252,-0.44194212737670602,0.00051872287724272963,trajectory reached the configured collision radius
53,21,0.78992246728629545,-0.11316666666666664,fraction,250,0,collision,nan,0,35.03732194396197,0.035719193000000003,0.001,9.9999999999999995e-07,1.7782798337709731,-0.44194212737443095,0.00051872481562080053,trajectory reached the configured collision radius
53,22,0.78992473746039182,-0.11316666666666664,fraction,250,0,collision,nan,0,35.039688499177011,0.048807164,0.001000000000000007,1.0000000000000139e-06,1.778292095761858,-0.44194212737216176,0.00051872674881293186,trajectory reached the configured collision radius
53,23,0.78992700763448831,-0.11316666666666664,fraction,250,0,collision,nan,0,35.042063959112241,0.036778733000000001,0.001,9.9999999999999995e-07,1.7783043433049217,-0.44194212736989869,0.00051872867679577089,trajectory reached the configured collision radius
53,24,0.78992927780858468,-0.11316666666666664,fraction,250,0,collision,nan,0,35.044448392571049,0.036440004999999998,0.0010000000000000044,1.0000000000000086e-06,1.7783165763010527,-0.44194212736764188,0.00051873059954590719,trajectory reached the configured collision radius
53,25,0.78993154798268117,-0.11316666666666664,fraction,250,0,collision,nan,0,35.046841869174408,0.034566755999999997,0.001,9.9999999999999995e-07,1.7783287946506854,-0.4419421273653914,0.00051873251703983634,trajectory reached the configured collision radius
53,26,0.78993381815677755,-0.11316666666666664,fraction,250,0,collision,nan,0,35.049244459363067,0.036158121000000001,0.0010000000000000026,1.0000000000000052e-06,1.7783409982536549,-0.44194212736314675,0.00051873442925395234,trajectory reached the configured collision radius
53,27,0.78993608833087392,-0.11316666666666664,fraction,250,0,collision,nan,0,35.05165623442015,0.042643016999999998,0.0010000000000000002,1.0000000000000004e-06,1.7783531870094493,-0.44194212736090838,0.00051873633616458152,trajectory reached the configured collision radius
53,28,0.78993835850497041,-0.11316666666666664,fraction,250,0,collision,nan,0,35.054077266481087,0.036291036999999998,0.0010000000000000018,1.0000000000000036e-06,1.7783653608169774,-0.44194212735867655,0.00051873823774792609,trajectory reached the configured collision radius
53,29,0.78994062867906678,-0.11316666666666664,fraction,250,0,collision,nan,0,35.056507628544814,0.035753119999999999,0.0010000000000000002,1.0000000000000004e-06,1.7783775195746632,-0.44194212735645094,0.00051874013398011635,trajectory reached the configured collision radius
53,30,0.78994289885316327,-0.11316666666666664,fraction,250,0,collision,nan,0,35.058947394492307,0.066039788000000002,0.0010000000000000013,1.0000000000000027e-06,1.7783896631804887,-0.44194212735423138,0.00051874202483719533,trajectory reached the configured collision radius
53,31,0.78994516902725964,-0.11316666666666664,fraction,250,0,collision,nan,0,35.061396639102192,0.049992896000000002,0.0010000000000000005,1.000000000000001e-06,1.7784017915319612,-0.44194212735201832,0.00051874391029511555,trajectory reached the configured collision radius
53,32,0.78994743920135613,-0.11316666666666664,fraction,250,0,collision,nan,0,35.06385543805488,0.035078071000000002,0.0010000000000000011,1.0000000000000023e-06,1.7784139045260279,-0.44194212734981153,0.00051874579032973084,trajectory reached the configured collision radius
53,33,0.7899497093754525,-0.11316666666666664,fraction,250,0,collision,nan,0,35.06632386796165,0.035691400999999998,0.0010000000000000007,1.0000000000000014e-06,1.7784260020592459,-0.44194212734761129,0.00051874766491682718,trajectory reached the configured collision radius
53,34,0.78995197954954888,-0.11316666666666664,fraction,250,0,collision,nan,0,35.068802006372287,0.035591301999999998,0.0010000000000000009,1.0000000000000019e-06,1.7784380840276355,-0.44194212734541727,0.00051874953403208092,trajectory reached the configured collision radius
53,35,0.78995424972364536,-0.11316666666666664,fraction,250,0,collision,nan,0,35.071289931787156,0.035120083000000003,0.0010000000000000005,1.000000000000001e-06,1.7784501503267456,-0.44194212734322968,0.00051875139765108808,trajectory reached the configured collision radius
53,36,0.78995651989774174,-0.11316666666666664,fraction,250,0,collision,nan,0,35.073787723682067,0.036126204000000002,0.0010000000000000009,1.0000000000000019e-06,1.7784622008516791,-0.44194212734104887,0.00051875325574936109,trajectory reached the configured collision radius
53,37,0.78995879007183822,-0.11316666666666664,fraction,250,0,collision,nan,0,35.076295462518686,0.035710980000000003,0.0010000000000000007,1.0000000000000014e-06,1.7784742354970349,-0.44194212733887417,0.00051875510830233734,trajectory reached the configured collision radius
54,19,0.78991792693810259,-0.096999999999999975,fraction,250,0,collision,nan,0,35.04754138846242,0.057198239999999997,0.001,9.9999999999999995e-07,1.7783255931830177,-0.44194212735849026,0.00051873839647434904,trajectory reached the configured collision radius
54,20,0.78992019711219896,-0.096999999999999975,fraction,250,0,collision,nan,0,35.04989388161561,0.037980135999999998,0.0010000000000000098,1.0000000000000196e-06,1.7783377675941134,-0.44194212735626687,0.00051874029067710983,trajectory reached the configured collision radius
54,21,0.78992246728629545,-0.096999999999999975,fraction,250,0,collision,nan,0,35.052255183062449,0.036767145000000001,0.001,9.9999999999999995e-07,1.7783499270968863,-0.44194212735404986,0.00051874217960607468,trajectory reached the configured collision radius
54,22,0.78992473746039182,-0.096999999999999975,fraction,250,0,collision,nan,0,35.054625360586229,0.039718014000000003,0.0010000000000000061,1.0000000000000122e-06,1.77836207159247,-0.44194212735183858,0.00051874406323803278,trajectory reached the configured collision radius
54,23,0.78992700763448831,-0.096999999999999975,fraction,250,0,collision,nan,0,35.057004482773152,0.036963933999999997,0.001,9.9999999999999995e-07,1.7783742009814925,-0.44194212734963423,0.00051874594154964991,trajectory reached the configured collision radius
54,24,0.78992927780858468,-0.096999999999999975,fraction,250,0,collision,nan,0,35.059392619009948,0.036395489000000003,0.0010000000000000039,1.0000000000000078e-06,1.7783863151640371,-0.44194212734743532,0.00051874781451751004,trajectory reached the configured collision radius
54,25,0.78993154798268117,-0.096999999999999975,fraction,250,0,collision,nan,0,35.061789839518525,0.035738326000000001,0.0010000000000000002,1.0000000000000004e-06,1.7783984140398426,-0.44194212734524341,0.00051874968211812218,trajectory reached the configured collision radius
54,26,0.78993381815677755,-0.096999999999999975,fraction,250,0,collision,nan,0,35.064196215349206,0.036162807999999998,0.0010000000000000026,1.0000000000000052e-06,1.7784104975080997,-0.44194212734305743,0.00051875154432788292,trajectory reached the configured collision radius
54,27,0.78993608833087392,-0.096999999999999975,fraction,250,0,collision,nan,0,35.066611818406457,0.037255853999999998,0.0010000000000000002,1.0000000000000004e-06,1.7784225654675085,-0.44194212734087807,0.00051875340112312489,trajectory reached the configured collision radius
54,28,0.78993835850497041,-0.096999999999999975,fraction,250,0,collision,nan,0,35.069036721455404,0.047005674999999997,0.0010000000000000018,1.0000000000000036e-06,1.778434617816266,-0.44194212733870497,0.00051875525248007198,trajectory reached the configured collision radius
54,29,0.78994062867906678,-0.096999999999999975,fraction,250,0,collision,nan,0,35.071470998142502,0.036217920000000001,0.0010000000000000002,1.0000000000000004e-06,1.7784466544521929,-0.44194212733653809,0.00051875709837486859,trajectory reached the configured collision radius
54,30,0.78994289885316327,-0.096999999999999975,fraction,250,0,collision,nan,0,35.073914723004606,0.036388167999999999,0.0010000000000000011,1.0000000000000023e-06,1.778458675272516,-0.44194212733437782,0.00051875893878356382,trajectory reached the configured collision radius
54,31,0.78994516902725964,-0.096999999999999975,fraction,250,0,collision,nan,0,35.076367971484309,0.035527084,0.0010000000000000007,1.0000000000000014e-06,1.7784706801740873,-0.44194212733222393,0.00051876077368213946,trajectory reached the configured collision radius
54,32,0.78994743920135613,-0.096999999999999975,fraction,250,0,collision,nan,0,35.078830819949594,0.041052916000000002,0.0010000000000000009,1.0000000000000019e-06,1.7784826690532569,-0.44194212733007665,0.00051876260304647428,trajectory reached the configured collision radius
54,33,0.7899497093754525,-0.096999999999999975,fraction,250,0,collision,nan,0,35.081303345699453,0.035470635,0.0010000000000000007,1.0000000000000014e-06,1.7784946418058396,-0.44194212732793581,0.00051876442685235935,trajectory reached the configured collision radius
54,34,0.78995197954954888,-0.096999999999999975,fraction,250,0,collision,nan,0,35.083785626994512,0.035492510999999997,0.0010000000000000007,1.0000000000000014e-06,1.7785065983273087,-0.44194212732580157,0.00051876624507550897,trajectory reached the configured collision radius
54,35,0.78995424972364536,-0.096999999999999975,fraction,250,0,collision,nan,0,35.086277743054879,0.035493587,0.0010000000000000007,1.0000000000000014e-06,1.7785185385125655,-0.44194212732367394,0.00051876805769155939,trajectory reached the configured collision radius
54,36,0.78995651989774174,-0.096999999999999975,fraction,250,0,collision,nan,0,35.088779774090675,0.063202888999999998,0.0010000000000000007,1.0000000000000014e-06,1.7785304622560723,-0.4419421273215528,0.00051876986467604515,trajectory reached the configured collision radius
54,37,0.78995879007183822,-0.096999999999999975,fraction,250,0,collision,nan,0,35.09129180130995,0.035806729000000002,0.0010000000000000007,1.0000000000000014e-06,1.7785423694518763,-0.44194212731943816,0.00051877166600442523,trajectory reached the configured collision radius
55,19,0.78991792693810259,-0.080833333333333313,fraction,250,0,collision,nan,0,35.062698759998291,0.046513178000000002,0.001,9.9999999999999995e-07,1.7783981860332239,-0.44194212733771854,0.00051875609268250034,trajectory reached the configured collision radius
55,20,0.78992019711219896,-0.080833333333333313,fraction,250,0,collision,nan,0,35.065054932419073,0.069632055999999998,0.0010000000000000106,1.0000000000000213e-06,1.7784102305210046,-0.44194212733555593,0.00051875793501740498,trajectory reached the configured collision radius
55,21,0.78992246728629545,-0.080833333333333313,fraction,250,0,collision,nan,0,35.067419953527114,0.036089126999999999,0.001,9.9999999999999995e-07,1.778422259452012,-0.44194212733339977,0.00051875977197156928,trajectory reached the configured collision radius
55,22,0.78992473746039182,-0.080833333333333313,fraction,250,0,collision,nan,0,35.069793891693337,0.037267936000000002,0.0010000000000000083,1.0000000000000165e-06,1.7784342727266638,-0.4419421273312501,0.00051876160352181517,trajectory reached the configured collision radius
55,23,0.78992700763448831,-0.080833333333333313,fraction,250,0,collision,nan,0,35.072176816106428,0.035529405,0.001,9.9999999999999995e-07,1.778446270244997,-0.44194212732910643,0.00051876342964484411,trajectory reached the configured collision radius
55,24,0.78992927780858468,-0.080833333333333313,fraction,250,0,collision,nan,0,35.074568796771565,0.036219855000000002,0.0010000000000000054,1.000000000000011e-06,1.7784582519065431,-0.44194212732696925,0.00051876525031726477,trajectory reached the configured collision radius
55,25,0.78993154798268117,-0.080833333333333313,fraction,250,0,collision,nan,0,35.076969904525939,0.069644516000000004,0.001,9.9999999999999995e-07,1.7784702176102996,-0.44194212732483829,0.00051876706551559366,trajectory reached the configured collision radius
55,26,0.78993381815677755,-0.080833333333333313,fraction,250,0,collision,nan,0,35.079380211058826,0.035097028000000002,0.0010000000000000037,1.0000000000000074e-06,1.7784821672548683,-0.44194212732271421,0.00051876887521628591,trajectory reached the configured collision radius
55,27,0.78993608833087392,-0.080833333333333313,fraction,250,0,collision,nan,0,35.081799788923504,0.036367157999999997,0.001,9.9999999999999995e-07,1.7784941007383928,-0.44194212732059668,0.00051877067939568294,trajectory reached the configured collision radius
55,28,0.78993835850497041,-0.080833333333333313,fraction,250,0,collision,nan,0,35.084228711541755,0.036107489999999999,0.0010000000000000026,1.0000000000000052e-06,1.7785060179584711,-0.44194212731848503,0.00051877247803005881,trajectory reached the configured collision radius
55,29,0.78994062867906678,-0.080833333333333313,fraction,250,0,collision,nan,0,35.086667053230904,0.039951138999999997,0.0010000000000000002,1.0000000000000004e-06,1.7785179188123206,-0.44194212731638038,0.00051877427109558961,trajectory reached the configured collision radius
55,30,0.78994289885316327,-0.080833333333333313,fraction,250,0,collision,nan,0,35.089114889214244,0.042277299999999997,0.001000000000000002,1.000000000000004e-06,1.7785298031966326,-0.44194212731428228,0.00051877605856837734,trajectory reached the configured collision radius
55,31,0.78994516902725964,-0.080833333333333313,fraction,250,0,collision,nan,0,35.091572295630129,0.035681184999999997,0.0010000000000000002,1.0000000000000004e-06,1.7785416710076822,-0.44194212731219024,0.00051877784042443588,trajectory reached the configured collision radius
55,32,0.78994743920135613,-0.080833333333333313,fraction,250,0,collision,nan,0,35.094039349555388,0.038379951000000002,0.0010000000000000018,1.0000000000000036e-06,1.7785535221412645,-0.44194212731010535,0.00051877961663967858,trajectory reached the configured collision radius
55,33,0.7899497093754525,-0.080833333333333313,fraction,250,0,collision,nan,0,35.096516129014439,0.034831279999999999,0.0010000000000000002,1.0000000000000004e-06,1.7785653564927273,-0.4419421273080269,0.00051878138718996288,trajectory reached the configured collision radius
55,34,0.78995197954954888,-0.080833333333333313,fraction,250,0,collision,nan,0,35.099002713002115,0.035472733999999999,0.0010000000000000015,1.0000000000000031e-06,1.7785771739569105,-0.44194212730595511,0.00051878315205104101,trajectory reached the configured collision radius
55,35,0.78995424972364536,-0.080833333333333313,fraction,250,0,collision,nan,0,35.101499181491725,0.035490090000000002,0.0010000000000000002,1.0000000000000004e-06,1.7785889744282748,-0.44194212730389026,0.00051878491119858859,trajectory reached the configured collision radius
55,36,0.78995651989774174,-0.080833333333333313,fraction,250,0,collision,nan,0,35.10400561546134,0.035848021000000001,0.0010000000000000015,1.0000000000000031e-06,1.7786007578008192,-0.4419421273018318,0.00051878666460823198,trajectory reached the configured collision radius
55,37,0.78995879007183822,-0.080833333333333313,fraction,250,0,collision,nan,0,35.106522096894693,0.034958217999999999,0.0010000000000000002,1.0000000000000004e-06,1.7786125239680386,-0.44194212729978011,0.00051878841225544295,trajectory reached the configured collision radius
56,19,0.78991792693810259,-0.06466666666666665,fraction,250,0,collision,nan,0,35.078096058322338,0.035172650999999999,0.001,9.9999999999999995e-07,1.7784729960775745,-0.44194212731669213,0.00051877400535253499,trajectory reached the configured collision radius
56,20,0.78992019711219896,-0.06466666666666665,fraction,250,0,collision,nan,0,35.080456053488454,0.035147293000000003,0.0010000000000000052,1.0000000000000105e-06,1.7784848968607001,-0.44194212731459331,0.00051877579331239968,trajectory reached the configured collision radius
56,21,0.78992246728629545,-0.06466666666666665,fraction,250,0,collision,nan,0,35.082824939427596,0.036020596000000002,0.001,9.9999999999999995e-07,1.7784967814481902,-0.44194212731250093,0.0005187775757888903,trajectory reached the configured collision radius
56,22,0.78992473746039182,-0.06466666666666665,fraction,250,0,collision,nan,0,35.085202785127422,0.051484145000000002,0.0010000000000000083,1.0000000000000165e-06,1.7785086497399554,-0.4419421273104151,0.0005187793527588417,trajectory reached the configured collision radius
56,23,0.78992700763448831,-0.06466666666666665,fraction,250,0,collision,nan,0,35.087589660401107,0.036572933000000002,0.001,9.9999999999999995e-07,1.7785205016354,-0.44194212730833554,0.00051878112419898677,trajectory reached the configured collision radius
56,24,0.78992927780858468,-0.06466666666666665,fraction,250,0,collision,nan,0,35.089985635892511,0.034472469999999998,0.0010000000000000115,1.000000000000023e-06,1.7785323370335904,-0.44194212730626287,0.00051878289008600823,trajectory reached the configured collision radius
56,25,0.78993154798268117,-0.06466666666666665,fraction,250,0,collision,nan,0,35.092390783093002,0.036251274,0.001,9.9999999999999995e-07,1.7785441558330248,-0.44194212730419652,0.00051878465039645794,trajectory reached the configured collision radius
56,26,0.78993381815677755,-0.06466666666666665,fraction,250,0,collision,nan,0,35.094805174353532,0.035698857000000001,0.0010000000000000085,1.0000000000000169e-06,1.7785559579317682,-0.44194212730213656,0.000518786405106859,trajectory reached the configured collision radius
56,27,0.78993608833087392,-0.06466666666666665,fraction,250,0,collision,nan,0,35.097228882897824,0.062925731999999998,0.001,9.9999999999999995e-07,1.7785677432274853,-0.44194212730008348,0.00051878815419360109,trajectory reached the configured collision radius
56,28,0.78993835850497041,-0.06466666666666665,fraction,250,0,collision,nan,0,35.099661982843166,0.068105768999999997,0.0010000000000000065,1.0000000000000131e-06,1.778579511617312,-0.44194212729803684,0.00051878989763303233,trajectory reached the configured collision radius
56,29,0.78994062867906678,-0.06466666666666665,fraction,250,0,collision,nan,0,35.102104549202359,0.060947409000000001,0.001,9.9999999999999995e-07,1.7785912629979785,-0.4419421272959968,0.00051879163540135946,trajectory reached the configured collision radius
56,30,0.78994289885316327,-0.06466666666666665,fraction,250,0,collision,nan,0,35.104556657911658,0.035712058999999997,0.0010000000000000054,1.000000000000011e-06,1.7786029972657202,-0.44194212729396343,0.00051879336747476744,trajectory reached the configured collision radius
56,31,0.78994516902725964,-0.06466666666666665,fraction,250,0,collision,nan,0,35.107018385839638,0.035037921,0.001,9.9999999999999995e-07,1.7786147143163806,-0.44194212729193705,0.00051879509382931992,trajectory reached the configured collision radius
56,32,0.78994743920135613,-0.06466666666666665,fraction,250,0,collision,nan,0,35.109489810802437,0.034965085,0.0010000000000000048,1.0000000000000095e-06,1.778626414045317,-0.44194212728991705,0.00051879681444102924,trajectory reached the configured collision radius
56,33,0.7899497093754525,-0.06466666666666665,fraction,250,0,collision,nan,0,35.111971011578134,0.038969021,0.001,9.9999999999999995e-07,1.7786380963474047,-0.44194212728790416,0.00051879852928577667,trajectory reached the configured collision radius
56,34,0.78995197954954888,-0.06466666666666665,fraction,250,0,collision,nan,0,35.114462067930241,0.035688820000000003,0.0010000000000000044,1.0000000000000086e-06,1.7786497611171659,-0.44194212728589755,0.00051880023833943037,trajectory reached the configured collision radius
56,35,0.78995424972364536,-0.06466666666666665,fraction,250,0,collision,nan,0,35.116963060620527,0.035348866999999999,0.001,9.9999999999999995e-07,1.7786614082486374,-0.44194212728389831,0.00051880194157772339,trajectory reached the configured collision radius
56,36,0.78995651989774174,-0.06466666666666665,fraction,250,0,collision,nan,0,35.119474071416349,0.035178779,0.0010000000000000046,1.0000000000000091e-06,1.7786730376353808,-0.44194212728190568,0.0005188036389763321,trajectory reached the configured collision radius
56,37,0.78995879007183822,-0.06466666666666665,fraction,250,0,collision,nan,0,35.121995183127098,0.043907799999999997,0.0010000000000000002,1.0000000000000004e-06,1.7786846491705728,-0.44194212727991972,0.00051880533051084895,trajectory reached the configured collision radius
57,19,0.78991792693810259,-0.048499999999999988,fraction,250,0,collision,nan,0,35.093742356592664,0.040088499999999999,0.0010000000000000007,1.0000000000000014e-06,1.7785499717011979,-0.44194212729543186,0.00051879211679157231,trajectory reached the configured collision radius
57,20,0.78992019711219896,-0.048499999999999988,fraction,250,0,collision,nan,0,35.096106326984383,0.035508834000000003,0.0010000000000000013,1.0000000000000027e-06,1.7785617149595312,-0.44194212729339943,0.00051879384789281057,trajectory reached the configured collision radius
57,21,0.78992246728629545,-0.048499999999999988,fraction,250,0,collision,nan,0,35.098479232028488,0.0352395,0.0010000000000000002,1.0000000000000004e-06,1.7785734413937369,-0.44194212729137405,0.00051879557341242524,trajectory reached the configured collision radius
57,22,0.78992473746039182,-0.048499999999999988,fraction,250,0,collision,nan,0,35.100861141359161,0.035631703000000001,0.0010000000000000022,1.0000000000000044e-06,1.7785851509032995,-0.44194212728935534,0.00051879729332731674,trajectory reached the configured collision radius
57,23,0.78992700763448831,-0.048499999999999988,fraction,250,0,collision,nan,0,35.103252125441792,0.036964349000000001,0.001,9.9999999999999995e-07,1.7785968433872346,-0.44194212728734245,0.00051879900761428617,trajectory reached the configured collision radius
57,24,0.78992927780858468,-0.048499999999999988,fraction,250,0,collision,nan,0,35.105652255589369,0.035113290999999998,0.0010000000000000035,1.0000000000000069e-06,1.778608518744146,-0.44194212728533677,0.00051880071625008955,trajectory reached the configured collision radius
57,25,0.78993154798268117,-0.048499999999999988,fraction,250,0,collision,nan,0,35.108061603972843,0.034787226999999997,0.001,9.9999999999999995e-07,1.7786201768721475,-0.44194212728333759,0.00051880241921135894,trajectory reached the configured collision radius
57,26,0.78993381815677755,-0.048499999999999988,fraction,250,0,collision,nan,0,35.110480243632495,0.036427464,0.0010000000000000048,1.0000000000000095e-06,1.7786318176689229,-0.44194212728134541,0.00051880411647467386,trajectory reached the configured collision radius
57,27,0.78993608833087392,-0.048499999999999988,fraction,250,0,collision,nan,0,35.112908248500794,0.035595979,0.001,9.9999999999999995e-07,1.7786434410317447,-0.44194212727935966,0.00051880580801651904,trajectory reached the configured collision radius
57,28,0.78993835850497041,-0.048499999999999988,fraction,250,0,collision,nan,0,35.115345693407924,0.035905896,0.0010000000000000063,1.0000000000000127e-06,1.7786550468573676,-0.44194212727738064,0.00051880749381330181,trajectory reached the configured collision radius
57,29,0.78994062867906678,-0.048499999999999988,fraction,250,0,collision,nan,0,35.117792654102537,0.035330863999999997,0.001,9.9999999999999995e-07,1.7786666350421851,-0.44194212727540816,0.000518809173841342,trajectory reached the configured collision radius
57,30,0.78994289885316327,-0.048499999999999988,fraction,250,0,collision,nan,0,35.120249207264422,0.035602425,0.0010000000000000076,1.0000000000000152e-06,1.778678205482078,-0.44194212727344268,0.00051881084807689471,trajectory reached the configured collision radius
57,31,0.78994516902725964,-0.048499999999999988,fraction,250,0,collision,nan,0,35.122715430521026,0.035611499999999997,0.001,9.9999999999999995e-07,1.7786897580725496,-0.4419421272714843,0.00051881251649610327,trajectory reached the configured collision radius
57,32,0.78994743920135613,-0.048499999999999988,fraction,250,0,collision,nan,0,35.125191402460594,0.035079463999999998,0.0010000000000000085,1.0000000000000169e-06,1.7787012927086263,-0.44194212726953253,0.00051881417907507599,trajectory reached the configured collision radius
57,33,0.7899497093754525,-0.048499999999999988,fraction,250,0,collision,nan,0,35.127677202652443,0.035340200000000002,0.001,9.9999999999999995e-07,1.7787128092849347,-0.44194212726758758,0.00051881583578979897,trajectory reached the configured collision radius
57,34,0.78995197954954888,-0.048499999999999988,fraction,250,0,collision,nan,0,35.130172911661248,0.034999134000000001,0.0010000000000000087,1.0000000000000173e-06,1.7787243076956194,-0.44194212726564969,0.0005188174866162116,trajectory reached the configured collision radius
57,35,0.78995424972364536,-0.048499999999999988,fraction,250,0,collision,nan,0,35.132678611066531,0.035342748,0.001,9.9999999999999995e-07,1.7787357878344743,-0.44194212726371851,0.0005188191315301518,trajectory reached the configured collision radius
57,36,0.78995651989774174,-0.048499999999999988,fraction,250,0,collision,nan,0,35.135194383473547,0.035371843,0.0010000000000000085,1.0000000000000169e-06,1.7787472495948276,-0.44194212726179449,0.000518820770507413,trajectory reached the configured collision radius
57,37,0.78995879007183822,-0.048499999999999988,fraction,250,0,collision,nan,0,35.137720312536793,0.035969197000000001,0.001,9.9999999999999995e-07,1.7787586928695363,-0.44194212725987742,0.00051882240352365888,trajectory reached the configured collision radius
58,19,0.78991792693810259,-0.032333333333333325,fraction,250,0,collision,nan,0,35.109647163515376,0.035485194999999997,0.0010000000000000063,1.0000000000000127e-06,1.778629058682802,-0.44194212727395893,0.00051881040851913332,trajectory reached the configured collision radius
58,20,0.78992019711219896,-0.032333333333333325,fraction,250,0,collision,nan,0,35.112015271309993,0.035532670000000002,0.001,9.9999999999999995e-07,1.7786406305569875,-0.44194212727199605,0.00051881208030279708,trajectory reached the configured collision radius
58,21,0.78992246728629545,-0.032333333333333325,fraction,250,0,collision,nan,0,35.11439235954532,0.036174973999999999,0.0010000000000000037,1.0000000000000074e-06,1.7786521849898176,-0.44194212727004023,0.00051881374641114569,trajectory reached the configured collision radius
58,22,0.78992473746039182,-0.032333333333333325,fraction,250,0,collision,nan,0,35.11677849852952,0.035089051000000003,0.001,9.9999999999999995e-07,1.7786637218804386,-0.44194212726809123,0.00051881540682115678,trajectory reached the configured collision radius
58,23,0.78992700763448831,-0.032333333333333325,fraction,250,0,collision,nan,0,35.119173759414117,0.035397244000000001,0.0010000000000000024,1.0000000000000048e-06,1.7786752411275688,-0.44194212726614851,0.00051881706150974367,trajectory reached the configured collision radius
58,24,0.78992927780858468,-0.032333333333333325,fraction,250,0,collision,nan,0,35.121578214207204,0.048280007,0.0010000000000000002,1.0000000000000004e-06,1.7786867426294644,-0.44194212726421289,0.00051881871045374021,trajectory reached the configured collision radius
58,25,0.78993154798268117,-0.032333333333333325,fraction,250,0,collision,nan,0,35.123991935788972,0.035523329999999999,0.0010000000000000015,1.0000000000000031e-06,1.778698226283993,-0.44194212726228371,0.00051882035362989297,trajectory reached the configured collision radius
58,26,0.78993381815677755,-0.032333333333333325,fraction,250,0,collision,nan,0,35.126414997926638,0.035192920000000003,0.0010000000000000005,1.000000000000001e-06,1.7787096919885379,-0.44194212726036164,0.00051882199101485865,trajectory reached the configured collision radius
58,27,0.78993608833087392,-0.032333333333333325,fraction,250,0,collision,nan,0,35.128847475284545,0.035110179999999998,0.0010000000000000011,1.0000000000000023e-06,1.7787211396400449,-0.44194212725844628,0.00051882362258523192,trajectory reached the configured collision radius
58,28,0.78993835850497041,-0.032333333333333325,fraction,250,0,collision,nan,0,35.131289443444423,0.035753185,0.0010000000000000007,1.0000000000000014e-06,1.7787325691350906,-0.44194212725653753,0.0005188252483175139,trajectory reached the configured collision radius
58,29,0.78994062867906678,-0.032333333333333325,fraction,250,0,collision,nan,0,35.133740978919597,0.035687293000000002,0.0010000000000000007,1.0000000000000014e-06,1.7787439803697429,-0.44194212725463583,0.0005188268681881363,trajectory reached the configured collision radius
58,30,0.78994289885316327,-0.032333333333333325,fraction,250,0,collision,nan,0,35.13620215916891,0.035195526999999997,0.0010000000000000009,1.0000000000000019e-06,1.7787553732397274,-0.44194212725274123,0.00051882848217345377,trajectory reached the configured collision radius
58,31,0.78994516902725964,-0.032333333333333325,fraction,250,0,collision,nan,0,35.138673062612654,0.051467147999999997,0.0010000000000000007,1.0000000000000014e-06,1.7787667476402602,-0.44194212725085325,0.00051883009024973625,trajectory reached the configured collision radius
58,32,0.78994743920135613,-0.032333333333333325,fraction,250,0,collision,nan,0,35.141153768646106,0.035295480999999997,0.0010000000000000009,1.0000000000000019e-06,1.7787781034661947,-0.44194212724897236,0.00051883169239317131,trajectory reached the configured collision radius
58,33,0.7899497093754525,-0.032333333333333325,fraction,250,0,collision,nan,0,35.143644357665508,0.036994309000000003,0.0010000000000000005,1.000000000000001e-06,1.7787894406119471,-0.44194212724709853,0.00051883328857989773,trajectory reached the configured collision radius
58,34,0.78995197954954888,-0.032333333333333325,fraction,250,0,collision,nan,0,35.146144911073179,0.035687465000000002,0.0010000000000000009,1.0000000000000019e-06,1.7788007589715111,-0.44194212724523146,0.00051883487878593749,trajectory reached the configured collision radius
58,35,0.78995424972364536,-0.032333333333333325,fraction,250,0,collision,nan,0,35.14865551130206,0.037824574,0.0010000000000000007,1.0000000000000014e-06,1.778812058438477,-0.44194212724337206,0.00051883646298727098,trajectory reached the configured collision radius
58,36,0.78995651989774174,-0.032333333333333325,fraction,250,0,collision,nan,0,35.151176241830939,0.039556885999999999,0.0010000000000000009,1.0000000000000019e-06,1.7788233389059969,-0.4419421272415191,0.00051883804115979517,trajectory reached the configured collision radius
58,37,0.78995879007183822,-0.032333333333333325,fraction,250,0,collision,nan,0,35.153707187206415,0.035150463999999999,0.0010000000000000007,1.0000000000000014e-06,1.7788346002668531,-0.44194212723967363,0.0005188396132793186,trajectory reached the configured collision radius
59,19,0.78991792693810259,-0.016166666666666663,fraction,250,0,collision,nan,0,35.12582045533339,0.035854521,0.0010000000000000024,1.0000000000000048e-06,1.7787101998702033,-0.44194212725229637,0.00051882886119435946,trajectory reached the configured collision radius
59,20,0.78992019711219896,-0.016166666666666663,fraction,250,0,collision,nan,0,35.128192873172637,0.035063144999999997,0.001,9.9999999999999995e-07,1.7787215864621888,-0.44194212725040616,0.00051883047122743605,trajectory reached the configured collision radius
59,21,0.78992246728629545,-0.016166666666666663,fraction,250,0,collision,nan,0,35.130574319275787,0.035099418,0.0010000000000000041,1.0000000000000082e-06,1.7787329550076774,-0.4419421272485225,0.0005188320754962193,trajectory reached the configured collision radius
59,22,0.78992473746039182,-0.016166666666666663,fraction,250,0,collision,nan,0,35.132964864653474,0.036320143999999999,0.001,9.9999999999999995e-07,1.7787443054056098,-0.44194212724664578,0.00051883367397779047,trajectory reached the configured collision radius
59,23,0.78992700763448831,-0.016166666666666663,fraction,250,0,collision,nan,0,35.135364581171984,0.036019659000000002,0.0010000000000000063,1.0000000000000127e-06,1.7787556375544831,-0.44194212724477638,0.00051883526664919842,trajectory reached the configured collision radius
59,24,0.78992927780858468,-0.016166666666666663,fraction,250,0,collision,nan,0,35.137773541567306,0.036275878999999997,0.001,9.9999999999999995e-07,1.7787669513523658,-0.4419421272429136,0.0005188368534873581,trajectory reached the configured collision radius
59,25,0.78993154798268117,-0.016166666666666663,fraction,250,0,collision,nan,0,35.140191819464953,0.042429648,0.0010000000000000085,1.0000000000000169e-06,1.7787782466969,-0.44194212724105719,0.00051883843446914413,trajectory reached the configured collision radius
59,26,0.78993381815677755,-0.016166666666666663,fraction,250,0,collision,nan,0,35.142619489382732,0.035550173999999997,0.001,9.9999999999999995e-07,1.7787895234853039,-0.44194212723920834,0.00051884000957132833,trajectory reached the configured collision radius
59,27,0.78993608833087392,-0.016166666666666663,fraction,250,0,collision,nan,0,35.145056626761004,0.036787356,0.0010000000000000106,1.0000000000000213e-06,1.7788007816143983,-0.44194212723736609,0.00051884157877064635,trajectory reached the configured collision radius
59,28,0.78993835850497041,-0.016166666666666663,fraction,250,0,collision,nan,0,35.147503307963234,0.035395822,0.0010000000000002672,1.0000000000005344e-06,1.7788120209805804,-0.44194212723553095,0.00051884314204384094,trajectory reached the configured collision radius
59,29,0.78994062867906678,-0.016166666666666663,fraction,250,0,collision,nan,0,35.149959610303817,0.034712108999999998,0.0010000000000000109,1.0000000000000218e-06,1.7788232414797813,-0.44194212723370235,0.00051884469936706564,trajectory reached the configured collision radius
59,30,0.78994289885316327,-0.016166666666666663,fraction,250,0,collision,nan,0,35.152425612054046,0.034264465000000001,0.001,9.9999999999999995e-07,1.7788344430075813,-0.44194212723188109,0.00051884625071720199,trajectory reached the configured collision radius
59,31,0.78994516902725964,-0.016166666666666663,fraction,250,0,collision,nan,0,35.154901392461639,0.060632664000000003,0.00100000000000001,1.0000000000000201e-06,1.7788456254591278,-0.44194212723006671,0.00051884779607053253,trajectory reached the configured collision radius
59,32,0.78994743920135613,-0.016166666666666663,fraction,250,0,collision,nan,0,35.157387031773339,0.035031939999999998,0.001,9.9999999999999995e-07,1.7788567887291509,-0.44194212722825937,0.00051884933540336387,trajectory reached the configured collision radius
59,33,0.7899497093754525,-0.016166666666666663,fraction,250,0,collision,nan,0,35.159882611242637,0.03796977,0.0010000000000000096,1.0000000000000192e-06,1.7788679327119943,-0.44194212722645959,0.00051885086869197258,trajectory reached the configured collision radius
59,34,0.78995197954954888,-0.016166666666666663,fraction,250,0,collision,nan,0,35.162388213152845,0.035293330999999997,0.001,9.9999999999999995e-07,1.7788790573015814,-0.44194212722466625,0.00051885239591252356,trajectory reached the configured collision radius
59,35,0.78995424972364536,-0.016166666666666663,fraction,250,0,collision,nan,0,35.16490392082931,0.034837918000000002,0.00100000000000001,1.0000000000000201e-06,1.7788901623914355,-0.44194212722288079,0.00051885391704112717,trajectory reached the configured collision radius
59,36,0.78995651989774174,-0.016166666666666663,fraction,250,0,collision,nan,0,35.167429818665155,0.035650441999999997,0.001,9.9999999999999995e-07,1.7789012478747257,-0.44194212722110204,0.00051885543205382873,trajectory reached the configured collision radius
59,37,0.78995879007183822,-0.016166666666666663,fraction,250,0,collision,nan,0,35.169965992134784,0.037725907000000003,0.0010000000000000111,1.0000000000000222e-06,1.7789123136441536,-0.44194212721933046,0.00051885694092659374,trajectory reached the configured collision radius
60,19,0.78991792693810259,0,fraction,250,0,collision,nan,0,35.142272710428728,0.037837865999999998,0.001,9.9999999999999995e-07,1.778793334833914,-0.44194212723046755,0.000518847454538628,trajectory reached the configured collision radius
60,20,0.78992019711219896,0,fraction,250,0,collision,nan,0,35.144649622273676,0.035584974999999998,0.0010000000000000065,1.0000000000000131e-06,1.7788045222080839,-0.44194212722865311,0.00051884900041558092,trajectory reached the configured collision radius
60,21,0.78992246728629545,0,fraction,250,0,collision,nan,0,35.147035612369407,0.036412675999999998,0.001,9.9999999999999995e-07,1.7788156909436017,-0.44194212722684462,0.00051885054044411129,trajectory reached the configured collision radius
60,22,0.78992473746039182,0,fraction,250,0,collision,nan,0,35.149430752458471,0.053953480999999998,0.0010000000000000041,1.0000000000000082e-06,1.7788268409392607,-0.44194212722504367,0.00051885207460145553,trajectory reached the configured collision radius
60,23,0.78992700763448831,0,fraction,250,0,collision,nan,0,35.151835115158804,0.034742706999999998,0.001,9.9999999999999995e-07,1.7788379720934653,-0.44194212722324955,0.00051885360286476625,trajectory reached the configured collision radius
60,24,0.78992927780858468,0,fraction,250,0,collision,nan,0,35.154248773969989,0.035790707999999997,0.0010000000000000028,1.0000000000000057e-06,1.7788490843041951,-0.44194212722146231,0.00051885512521112633,trajectory reached the configured collision radius
60,25,0.78993154798268117,0,fraction,250,0,collision,nan,0,35.156671803291751,0.048350774999999999,0.0010000000000000002,1.0000000000000004e-06,1.778860177469036,-0.44194212721968207,0.00051885664161752327,trajectory reached the configured collision radius
60,26,0.78993381815677755,0,fraction,250,0,collision,nan,0,35.159104278435578,0.055302405999999998,0.001000000000000002,1.000000000000004e-06,1.7788712514850953,-0.4419421272179086,0.00051885815206089,trajectory reached the configured collision radius
60,27,0.78993608833087392,0,fraction,250,0,collision,nan,0,35.161546275645129,0.036603483999999999,0.0010000000000000002,1.0000000000000004e-06,1.7788823062491599,-0.4419421272161424,0.00051885965651806679,trajectory reached the configured collision radius
60,28,0.78993835850497041,0,fraction,250,0,collision,nan,0,35.163997872111132,0.035583814999999998,0.0010000000000000015,1.0000000000000031e-06,1.7788933416575703,-0.44194212721438297,0.00051886115496583977,trajectory reached the configured collision radius
60,29,0.78994062867906678,0,fraction,250,0,collision,nan,0,35.166459145976653,0.054868165000000003,0.0010000000000000002,1.0000000000000004e-06,1.7789043576062802,-0.44194212721263099,0.00051886264738090326,trajectory reached the configured collision radius
60,30,0.78994289885316327,0,fraction,250,0,collision,nan,0,35.168930176373522,0.035531686,0.0010000000000000013,1.0000000000000027e-06,1.7789153539908276,-0.44194212721088572,0.00051886413373988913,trajectory reached the configured collision radius
60,31,0.78994516902725964,0,fraction,250,0,collision,nan,0,35.171411043415439,0.035065298000000002,0.0010000000000000005,1.000000000000001e-06,1.7789263307063552,-0.44194212720914777,0.00051886561401934457,trajectory reached the configured collision radius
60,32,0.78994743920135613,0,fraction,250,0,collision,nan,0,35.173901828229901,0.053705529000000002,0.0010000000000000011,1.0000000000000023e-06,1.7789372876475964,-0.4419421272074171,0.00051886708819575778,trajectory reached the configured collision radius
60,33,0.7899497093754525,0,fraction,250,0,collision,nan,0,35.176402612977967,0.035404165000000001,0.0010000000000000005,1.000000000000001e-06,1.7789482247089665,-0.44194212720569342,0.00051886855624553251,trajectory reached the configured collision radius
60,34,0.78995197954954888,0,fraction,250,0,collision,nan,0,35.178913480859258,0.035528482,0.0010000000000000011,1.0000000000000023e-06,1.7789591417843884,-0.44194212720397702,0.000518870018145013,trajectory reached the configured collision radius
60,35,0.78995424972364536,0,fraction,250,0,collision,nan,0,35.181434516140271,0.048983976999999998,0.0010000000000000005,1.000000000000001e-06,1.7789700387674847,-0.44194212720226794,0.00051887147387047103,trajectory reached the configured collision radius
60,36,0.78995651989774174,0,fraction,250,0,collision,nan,0,35.183965804164515,0.035788045999999997,0.0010000000000000013,1.0000000000000027e-06,1.7789809155514549,-0.44194212720056619,0.00051887292339810134,trajectory reached the configured collision radius
60,37,0.78995879007183822,0,fraction,250,0,collision,nan,0,35.18650743138295,0.035303471000000003,0.0010000000000000002,1.0000000000000004e-06,1.7789917720291499,-0.44194212719887166,0.00051887436670403065,trajectory reached the configured collision radius
61,19,0.78991792693810259,0.016166666666666663,fraction,250,0,collision,nan,0,35.159014946829551,0.058180057,0.0010000000000000015,1.0000000000000031e-06,1.7788783994957653,-0.44194212720849829,0.00051886616725304994,trajectory reached the configured collision radius
61,20,0.78992019711219896,0.016166666666666663,fraction,250,0,collision,nan,0,35.161396548885158,0.035234482999999997,0.0010000000000000005,1.000000000000001e-06,1.7788893736807865,-0.44194212720676146,0.00051886764659753062,trajectory reached the configured collision radius
61,21,0.78992246728629545,0.016166666666666663,fraction,250,0,collision,nan,0,35.163787281484474,0.034905316999999998,0.0010000000000000009,1.0000000000000019e-06,1.7789003286488543,-0.44194212720503168,0.00051886912001449892,trajectory reached the configured collision radius
61,22,0.78992473746039182,0.016166666666666663,fraction,250,0,collision,nan,0,35.166187217137875,0.035954458000000002,0.0010000000000000009,1.0000000000000019e-06,1.7789112642987441,-0.44194212720330861,0.00051887058748132612,trajectory reached the configured collision radius
61,23,0.78992700763448831,0.016166666666666663,fraction,250,0,collision,nan,0,35.168596429250897,0.044323185000000001,0.0010000000000000005,1.000000000000001e-06,1.7789221805288695,-0.44194212720159276,0.0005188720489753293,trajectory reached the configured collision radius
61,24,0.78992927780858468,0.016166666666666663,fraction,250,0,collision,nan,0,35.171014992119865,0.036270135000000002,0.0010000000000000015,1.0000000000000031e-06,1.7789330772372143,-0.44194212719988368,0.00051887350447372288,trajectory reached the configured collision radius
61,25,0.78993154798268117,0.016166666666666663,fraction,250,0,collision,nan,0,35.173442980959187,0.035145824999999999,0.0010000000000000002,1.0000000000000004e-06,1.7789439543213921,-0.4419421271981821,0.00051887495395368721,trajectory reached the configured collision radius
61,26,0.78993381815677755,0.016166666666666663,fraction,250,0,collision,nan,0,35.175880471912969,0.035411626000000002,0.001000000000000002,1.000000000000004e-06,1.778954811678561,-0.44194212719648751,0.00051887639739228654,trajectory reached the configured collision radius
61,27,0.78993608833087392,0.016166666666666663,fraction,250,0,collision,nan,0,35.178327542067017,0.036078646999999998,0.0010000000000000002,1.0000000000000004e-06,1.7789656492055717,-0.44194212719479969,0.00051887783476654284,trajectory reached the configured collision radius
61,28,0.78993835850497041,0.016166666666666663,fraction,250,0,collision,nan,0,35.180784269471339,0.035778953000000002,0.0010000000000000026,1.0000000000000052e-06,1.7789764667988504,-0.44194212719311921,0.00051887926605339988,trajectory reached the configured collision radius
61,29,0.78994062867906678,0.016166666666666663,fraction,250,0,collision,nan,0,35.18325073314729,0.036091117999999998,0.0010000000000000002,1.0000000000000004e-06,1.7789872643543527,-0.44194212719144615,0.00051888069122970823,trajectory reached the configured collision radius
61,30,0.78994289885316327,0.016166666666666663,fraction,250,0,collision,nan,0,35.185727013117209,0.059293248999999999,0.0010000000000000031,1.0000000000000061e-06,1.7789980417677864,-0.44194212718977988,0.0005188821102722692,trajectory reached the configured collision radius
61,31,0.78994516902725964,0.016166666666666663,fraction,250,0,collision,nan,0,35.188213190408163,0.035688709999999998,0.001,9.9999999999999995e-07,1.779008798934391,-0.44194212718812098,0.00051888352315781344,trajectory reached the configured collision radius
61,32,0.78994743920135613,0.016166666666666663,fraction,250,0,collision,nan,0,35.190709347078212,0.03559826,0.0010000000000000031,1.0000000000000061e-06,1.779019535749039,-0.44194212718646964,0.00051888492986299449,trajectory reached the configured collision radius
61,33,0.7899497093754525,0.016166666666666663,fraction,250,0,collision,nan,0,35.193215566228417,0.035879412999999999,0.0010000000000000002,1.0000000000000004e-06,1.7790302521062393,-0.44194212718482506,0.00051888633036439587,trajectory reached the configured collision radius
61,34,0.78995197954954888,0.016166666666666663,fraction,250,0,collision,nan,0,35.195731932024941,0.050991134,0.0010000000000000028,1.0000000000000057e-06,1.7790409479001306,-0.44194212718318787,0.00051888772463853645,trajectory reached the configured collision radius
61,35,0.78995424972364536,0.016166666666666663,fraction,250,0,collision,nan,0,35.198258529715361,0.036076917999999999,0.0010000000000000002,1.0000000000000004e-06,1.7790516230245064,-0.4419421271815584,0.0005188891126618625,trajectory reached the configured collision radius
61,36,0.78995651989774174,0.016166666666666663,fraction,250,0,collision,nan,0,35.2007954456463,0.035889721999999999,0.0010000000000000026,1.0000000000000052e-06,1.7790622773726934,-0.44194212717993614,0.00051889049441075706,trajectory reached the configured collision radius
61,37,0.78995879007183822,0.016166666666666663,fraction,250,0,collision,nan,0,35.203342767285953,0.035606169,0.0010000000000000002,1.0000000000000004e-06,1.7790729108377974,-0.44194212717832115,0.00051889186986153811,trajectory reached the configured collision radius
62,19,0.78991792693810259,0.032333333333333325,fraction,250,0,collision,nan,0,35.176058762915964,0.035466782000000002,0.0010000000000000013,1.0000000000000027e-06,1.7789653257290428,-0.44194212718641429,0.00051888497693021972,trajectory reached the configured collision radius
62,20,0.78992019711219896,0.032333333333333325,fraction,250,0,collision,nan,0,35.178445264659956,0.039833756999999997,0.0010000000000000002,1.0000000000000004e-06,1.7789760727206203,-0.44194212718475806,0.00051888638739708943,trajectory reached the configured collision radius
62,21,0.78992246728629545,0.032333333333333325,fraction,250,0,collision,nan,0,35.180840951698208,0.035840641999999999,0.0010000000000000022,1.0000000000000044e-06,1.77898679993169,-0.44194212718310927,0.0005188877918625085,trajectory reached the configured collision radius
62,22,0.78992473746039182,0.032333333333333325,fraction,250,0,collision,nan,0,35.183245897356443,0.035211345999999998,0.001,9.9999999999999995e-07,1.7789975072611479,-0.44194212718146725,0.0005188891903040385,trajectory reached the configured collision radius
62,23,0.78992700763448831,0.032333333333333325,fraction,250,0,collision,nan,0,35.185660175857187,0.067095656000000004,0.0010000000000000033,1.0000000000000065e-06,1.7790081946075342,-0.44194212717983239,0.00051889058269916088,trajectory reached the configured collision radius
62,24,0.78992927780858468,0.032333333333333325,fraction,250,0,collision,nan,0,35.188083862337869,0.036152772999999999,0.0010000000000000002,1.0000000000000004e-06,1.7790188618689373,-0.44194212717820486,0.00051889196902526514,trajectory reached the configured collision radius
62,25,0.78993154798268117,0.032333333333333325,fraction,250,0,collision,nan,0,35.190517032867717,0.035611496999999999,0.0010000000000000048,1.0000000000000095e-06,1.7790295089430868,-0.44194212717658421,0.00051889334925970393,trajectory reached the configured collision radius
62,26,0.78993381815677755,0.032333333333333325,fraction,250,0,collision,nan,0,35.192959764455189,0.038133346999999998,0.001,9.9999999999999995e-07,1.7790401357273458,-0.44194212717497078,0.00051889472337972612,trajectory reached the configured collision radius
62,27,0.78993608833087392,0.032333333333333325,fraction,250,0,collision,nan,0,35.195412135075486,0.035472403,0.0010000000000000059,1.0000000000000118e-06,1.7790507421186588,-0.44194212717336467,0.00051889609136253443,trajectory reached the configured collision radius
62,28,0.78993835850497041,0.032333333333333325,fraction,250,0,collision,nan,0,35.197874223680969,0.037759986000000002,0.001,9.9999999999999995e-07,1.7790613280136458,-0.44194212717176568,0.00051889745318523819,trajectory reached the configured collision radius
62,29,0.78994062867906678,0.032333333333333325,fraction,250,0,collision,nan,0,35.200346110213871,0.047249517999999997,0.0010000000000000063,1.0000000000000127e-06,1.7790718933085101,-0.44194212717017384,0.00051889880882490338,trajectory reached the configured collision radius
62,30,0.78994289885316327,0.032333333333333325,fraction,250,0,collision,nan,0,35.202827875633758,0.039141953,0.001,9.9999999999999995e-07,1.7790824378991439,-0.44194212716858955,0.00051890015825850643,trajectory reached the configured collision radius
62,31,0.78994516902725964,0.032333333333333325,fraction,250,0,collision,nan,0,35.205319601920216,0.051411505000000003,0.001000000000000007,1.0000000000000139e-06,1.7790929616809761,-0.44194212716701237,0.00051890150146296273,trajectory reached the configured collision radius
62,32,0.78994743920135613,0.032333333333333325,fraction,250,0,collision,nan,0,35.207821372106146,0.035364252999999998,0.001,9.9999999999999995e-07,1.779103464549141,-0.4419421271654424,0.00051890283841512022,trajectory reached the configured collision radius
62,33,0.7899497093754525,0.032333333333333325,fraction,250,0,collision,nan,0,35.210333270283272,0.035386071999999998,0.0010000000000000065,1.0000000000000131e-06,1.7791139463984216,-0.44194212716388037,0.00051890416909176451,trajectory reached the configured collision radius
62,34,0.78995197954954888,0.032333333333333325,fraction,250,0,collision,nan,0,35.212855381627882,0.035394137999999999,0.001,9.9999999999999995e-07,1.7791244071231789,-0.44194212716232523,0.00051890549346961029,trajectory reached the configured collision radius
62,35,0.78995424972364536,0.032333333333333325,fraction,250,0,collision,nan,0,35.215387792423066,0.036111733,0.0010000000000000059,1.0000000000000118e-06,1.7791348466175028,-0.4419421271607778,0.00051890681152528823,trajectory reached the configured collision radius
62,36,0.78995651989774174,0.032333333333333325,fraction,250,0,collision,nan,0,35.217930590060661,0.035721743,0.001,9.9999999999999995e-07,1.7791452647750579,-0.44194212715923753,0.00051890812323538977,trajectory reached the configured collision radius
62,37,0.78995879007183822,0.032333333333333325,fraction,250,0,collision,nan,0,35.220483863082286,0.035717797000000003,0.0010000000000000048,1.0000000000000095e-06,1.7791556614892023,-0.4419421271577047,0.00051890942857643911,trajectory reached the configured collision radius
63,19,0.78991792693810259,0.048499999999999988,fraction,250,0,collision,nan,0,35.193416381693268,0.034815974,0.001,9.9999999999999995e-07,1.779054040927273,-0.44194212716424314,0.00051890385995966373,trajectory reached the configured collision radius
63,20,0.78992019711219896,0.048499999999999988,fraction,250,0,collision,nan,0,35.195808007006001,0.035414102000000003,0.0010000000000000024,1.0000000000000048e-06,1.7790645466916568,-0.44194212716267084,0.00051890519923720264,trajectory reached the configured collision radius
63,21,0.78992246728629545,0.048499999999999988,fraction,250,0,collision,nan,0,35.198208875001058,0.035152454,0.001,9.9999999999999995e-07,1.77907503212774,-0.44194212716110509,0.00051890653244470602,trajectory reached the configured collision radius
63,22,0.78992473746039182,0.048499999999999988,fraction,250,0,collision,nan,0,35.200619059850297,0.035869485999999999,0.0010000000000000037,1.0000000000000074e-06,1.7790854971346173,-0.44194212715954684,0.00051890785955991119,trajectory reached the configured collision radius
63,23,0.78992700763448831,0.048499999999999988,fraction,250,0,collision,nan,0,35.203038636637359,0.048323491000000003,0.0010000000000000002,1.0000000000000004e-06,1.7790959416109511,-0.44194212715799608,0.00051890918056047739,trajectory reached the configured collision radius
63,24,0.78992927780858468,0.048499999999999988,fraction,250,0,collision,nan,0,35.205467681382352,0.035808776,0.0010000000000000052,1.0000000000000105e-06,1.7791063654551664,-0.4419421271564522,0.0005189104954240254,trajectory reached the configured collision radius
63,25,0.78993154798268117,0.048499999999999988,fraction,250,0,collision,nan,0,35.20790627104784,0.042395787999999997,0.001,9.9999999999999995e-07,1.7791167685651943,-0.44194212715491565,0.00051891180412806052,trajectory reached the configured collision radius
63,26,0.78993381815677755,0.048499999999999988,fraction,250,0,collision,nan,0,35.210354483559342,0.035728919999999997,0.0010000000000000063,1.0000000000000127e-06,1.7791271508386499,-0.44194212715338616,0.00051891310665005779,trajectory reached the configured collision radius
63,27,0.78993608833087392,0.048499999999999988,fraction,250,0,collision,nan,0,35.212812397821679,0.061124537,0.001,9.9999999999999995e-07,1.7791375121727904,-0.44194212715186398,0.00051891440296740596,trajectory reached the configured collision radius
63,28,0.78993835850497041,0.048499999999999988,fraction,250,0,collision,nan,0,35.215280093731153,0.036501420999999999,0.0010000000000000072,1.0000000000000144e-06,1.7791478524644844,-0.44194212715034936,0.00051891569305743208,trajectory reached the configured collision radius
63,29,0.78994062867906678,0.048499999999999988,fraction,250,0,collision,nan,0,35.217757652198806,0.059267139000000003,0.001,9.9999999999999995e-07,1.7791581716102569,-0.44194212714884196,0.00051891697689738267,trajectory reached the configured collision radius
63,30,0.78994289885316327,0.048499999999999988,fraction,250,0,collision,nan,0,35.220245155166602,0.040753259999999999,0.0010000000000000078,1.0000000000000156e-06,1.7791684695062817,-0.44194212714734177,0.00051891825446446983,trajectory reached the configured collision radius
63,31,0.78994516902725964,0.048499999999999988,fraction,250,0,collision,nan,0,35.222742685619096,0.035503990999999999,0.001,9.9999999999999995e-07,1.7791787460483397,-0.44194212714584891,0.0005189195257357793,trajectory reached the configured collision radius
63,32,0.78994743920135613,0.048499999999999988,fraction,250,0,collision,nan,0,35.225250327607512,0.035716890000000001,0.0010000000000000078,1.0000000000000156e-06,1.7791890011319416,-0.44194212714436359,0.00051892079068840199,trajectory reached the configured collision radius
63,33,0.7899497093754525,0.048499999999999988,fraction,250,0,collision,nan,0,35.227768166268604,0.041677628000000001,0.001,9.9999999999999995e-07,1.7791992346521717,-0.441942127142886,0.00051892204929931799,trajectory reached the configured collision radius
63,34,0.78995197954954888,0.048499999999999988,fraction,250,0,collision,nan,0,35.23029628784014,0.035864142000000002,0.001000000000000007,1.0000000000000139e-06,1.7792094465038086,-0.44194212714141579,0.00051892330154545583,trajectory reached the configured collision radius
63,35,0.78995424972364536,0.048499999999999988,fraction,250,0,collision,nan,0,35.232834779683145,0.039906445999999998,0.001,9.9999999999999995e-07,1.7792196365813395,-0.44194212713995273,0.00051892454740367223,trajectory reached the configured collision radius
63,36,0.78995651989774174,0.048499999999999988,fraction,250,0,collision,nan,0,35.235383730298658,0.042686368000000002,0.0010000000000000059,1.0000000000000118e-06,1.7792298047788206,-0.44194212713849723,0.00051892578685078434,trajectory reached the configured collision radius
63,37,0.78995879007183822,0.048499999999999988,fraction,250,0,collision,nan,0,35.237943229350257,0.041527314000000003,0.001,9.9999999999999995e-07,1.7792399509900665,-0.44194212713704983,0.00051892701986351228,trajectory reached the configured collision radius
64,19,0.78991792693810259,0.06466666666666665,fraction,250,0,collision,nan,0,35.211100699025444,0.061450654,0.0010000000000000013,1.0000000000000027e-06,1.7791444675373893,-0.44194212714201458,0.00051892279142628822,trajectory reached the configured collision radius
64,20,0.78992019711219896,0.06466666666666665,fraction,250,0,collision,nan,0,35.21349768745327,0.03928098,0.0010000000000000005,1.000000000000001e-06,1.779154718015993,-0.44194212714052816,0.000518924057238755,trajectory reached the configured collision radius
64,21,0.78992246728629545,0.06466666666666665,fraction,250,0,collision,nan,0,35.215903978765098,0.035133824000000001,0.001000000000000002,1.000000000000004e-06,1.7791649476351385,-0.44194212713904946,0.00051892531691808427,trajectory reached the configured collision radius
64,22,0.78992473746039182,0.06466666666666665,fraction,250,0,collision,nan,0,35.21831964802174,0.035302317,0.001,9.9999999999999995e-07,1.7791751562942186,-0.44194212713757747,0.00051892657044220287,trajectory reached the configured collision radius
64,23,0.78992700763448831,0.06466666666666665,fraction,250,0,collision,nan,0,35.220744771218271,0.034668980000000002,0.0010000000000000028,1.0000000000000057e-06,1.7791853438922822,-0.44194212713611258,0.0005189278177889986,trajectory reached the configured collision radius
64,24,0.78992927780858468,0.06466666666666665,fraction,250,0,collision,nan,0,35.22317942529785,0.052584791999999998,0.001,9.9999999999999995e-07,1.7791955103280079,-0.44194212713465536,0.00051892905893628099,trajectory reached the configured collision radius
64,25,0.78993154798268117,0.06466666666666665,fraction,250,0,collision,nan,0,35.225623688164497,0.034673394000000003,0.0010000000000000037,1.0000000000000074e-06,1.7792056554997078,-0.44194212713320541,0.00051893029386180177,trajectory reached the configured collision radius
64,26,0.78993381815677755,0.06466666666666665,fraction,250,0,collision,nan,0,35.228077638703375,0.035367858000000002,0.001,9.9999999999999995e-07,1.7792157793053827,-0.44194212713176245,0.00051893152254322509,trajectory reached the configured collision radius
64,27,0.78993608833087392,0.06466666666666665,fraction,250,0,collision,nan,0,35.230541356794497,0.039886064999999998,0.0010000000000000044,1.0000000000000086e-06,1.7792258816426325,-0.44194212713032699,0.00051893274495816162,trajectory reached the configured collision radius
64,28,0.78993835850497041,0.06466666666666665,fraction,250,0,collision,nan,0,35.233014923337251,0.038110678000000002,0.0010000000000000002,1.0000000000000004e-06,1.7792359624087362,-0.44194212712889913,0.00051893396108416664,trajectory reached the configured collision radius
64,29,0.78994062867906678,0.06466666666666665,fraction,250,0,collision,nan,0,35.235498420248483,0.036224904000000002,0.0010000000000000048,1.0000000000000095e-06,1.7792460215006118,-0.4419421271274786,0.00051893517089870132,trajectory reached the configured collision radius
64,30,0.78994289885316327,0.06466666666666665,fraction,250,0,collision,nan,0,35.237991930509743,0.035492464000000001,0.001,9.9999999999999995e-07,1.7792560588148791,-0.44194212712606523,0.0005189363743791799,trajectory reached the configured collision radius
64,31,0.78994516902725964,0.06466666666666665,fraction,250,0,collision,nan,0,35.240495538158306,0.056599569000000002,0.0010000000000000048,1.0000000000000095e-06,1.7792660742477613,-0.44194212712465969,0.00051893757150296683,trajectory reached the configured collision radius
64,32,0.78994743920135613,0.06466666666666665,fraction,250,0,collision,nan,0,35.243009328320944,0.035587664999999997,0.001,9.9999999999999995e-07,1.779276067695184,-0.44194212712326175,0.00051893876224732151,trajectory reached the configured collision radius
64,33,0.7899497093754525,0.06466666666666665,fraction,250,0,collision,nan,0,35.245533387229287,0.036520235999999998,0.0010000000000000046,1.0000000000000091e-06,1.7792860390527483,-0.44194212712187103,0.00051893994658948762,trajectory reached the configured collision radius
64,34,0.78995197954954888,0.06466666666666665,fraction,250,0,collision,nan,0,35.248067802234992,0.036102403999999998,0.001,9.9999999999999995e-07,1.7792959882157056,-0.44194212712048758,0.00051894112450662124,trajectory reached the configured collision radius
64,35,0.78995424972364536,0.06466666666666665,fraction,250,0,collision,nan,0,35.250612661839028,0.036605238999999998,0.0010000000000000039,1.0000000000000078e-06,1.7793059150789889,-0.44194212711911224,0.00051894229597581243,trajectory reached the configured collision radius
64,36,0.78995651989774174,0.06466666666666665,fraction,250,0,collision,nan,0,35.253168055703391,0.035117032999999999,0.0010000000000000002,1.0000000000000004e-06,1.7793158195372809,-0.44194212711774422,0.00051894346097410048,trajectory reached the configured collision radius
64,37,0.78995879007183822,0.06466666666666665,fraction,250,0,collision,nan,0,35.255734074673391,0.064527761000000003,0.0010000000000000028,1.0000000000000057e-06,1.7793257014848571,-0.44194212711638398,0.00051894461947846356,trajectory reached the configured collision radius
65,19,0.78991792693810259,0.080833333333333313,fraction,250,0,collision,nan,0,35.229125336283538,0.036042474999999997,0.001000000000000002,1.000000000000004e-06,1.779236522553385,-0.44194212711975905,0.00051894174500113682,trajectory reached the configured collision radius
65,20,0.78992019711219896,0.080833333333333313,fraction,250,0,collision,nan,0,35.231527944426119,0.051050274,0.0010000000000000002,1.0000000000000004e-06,1.7792465036683143,-0.44194212711836173,0.00051894293511157681,trajectory reached the configured collision radius
65,21,0.78992246728629545,0.080833333333333313,fraction,250,0,collision,nan,0,35.233939918668305,0.035473816999999998,0.0010000000000000013,1.0000000000000027e-06,1.7792564634102683,-0.44194212711697139,0.00051894411903139794,trajectory reached the configured collision radius
65,22,0.78992473746039182,0.080833333333333313,fraction,250,0,collision,nan,0,35.236361335011779,0.035235358000000001,0.0010000000000000007,1.0000000000000014e-06,1.7792664016790258,-0.44194212711558867,0.00051894529673879113,trajectory reached the configured collision radius
65,23,0.78992700763448831,0.080833333333333313,fraction,250,0,collision,nan,0,35.238792270406968,0.053203060000000003,0.0010000000000000007,1.0000000000000014e-06,1.779276318374128,-0.44194212711421288,0.00051894646821184197,trajectory reached the configured collision radius
65,24,0.78992927780858468,0.080833333333333313,fraction,250,0,collision,nan,0,35.241232802768721,0.035041237000000003,0.0010000000000000007,1.0000000000000014e-06,1.7792862133946499,-0.44194212711284481,0.00051894763342860489,trajectory reached the configured collision radius
65,25,0.78993154798268117,0.080833333333333313,fraction,250,0,collision,nan,0,35.243683010992598,0.054958278999999999,0.0010000000000000005,1.000000000000001e-06,1.7792960866393701,-0.44194212711148384,0.00051894879236703698,trajectory reached the configured collision radius
65,26,0.78993381815677755,0.080833333333333313,fraction,250,0,collision,nan,0,35.246142974971086,0.035817766000000001,0.0010000000000000011,1.0000000000000023e-06,1.7793059380067491,-0.44194212711013031,0.00051894994500505933,trajectory reached the configured collision radius
65,27,0.78993608833087392,0.080833333333333313,fraction,250,0,collision,nan,0,35.248612775615818,0.035058238999999998,0.0010000000000000005,1.000000000000001e-06,1.7793157673949123,-0.44194212710878428,0.00051895109132051585,trajectory reached the configured collision radius
65,28,0.78993835850497041,0.080833333333333313,fraction,250,0,collision,nan,0,35.251092494867216,0.036151484999999997,0.0010000000000000011,1.0000000000000023e-06,1.7793255747015386,-0.44194212710744574,0.00051895223129116454,trajectory reached the configured collision radius
65,29,0.78994062867906678,0.080833333333333313,fraction,250,0,collision,nan,0,35.253582215723476,0.035283562999999997,0.0010000000000000005,1.000000000000001e-06,1.7793353598241839,-0.44194212710611436,0.00051895336489473558,trajectory reached the configured collision radius
65,30,0.78994289885316327,0.080833333333333313,fraction,250,0,collision,nan,0,35.25608202224474,0.036326221999999998,0.0010000000000000013,1.0000000000000027e-06,1.7793451226599175,-0.44194212710479081,0.00051895449210889527,trajectory reached the configured collision radius
65,31,0.78994516902725964,0.080833333333333313,fraction,250,0,collision,nan,0,35.258591999577753,0.036499263999999997,0.0010000000000000005,1.000000000000001e-06,1.7793548631055263,-0.44194212710347486,0.00051895561291120723,trajectory reached the configured collision radius
65,32,0.78994743920135613,0.080833333333333313,fraction,250,0,collision,nan,0,35.261112233981791,0.041604911000000001,0.0010000000000000011,1.0000000000000023e-06,1.7793645810575023,-0.44194212710216624,0.00051895672727922209,trajectory reached the configured collision radius
65,33,0.7899497093754525,0.080833333333333313,fraction,250,0,collision,nan,0,35.263642812840843,0.044869817999999999,0.0010000000000000005,1.000000000000001e-06,1.7793742764119769,-0.44194212710086533,0.00051895783519037748,trajectory reached the configured collision radius
65,34,0.78995197954954888,0.080833333333333313,fraction,250,0,collision,nan,0,35.266183824682422,0.036340808000000002,0.0010000000000000009,1.0000000000000019e-06,1.7793839490648518,-0.44194212709957192,0.00051895893662209838,trajectory reached the configured collision radius
65,35,0.78995424972364536,0.080833333333333313,fraction,250,0,collision,nan,0,35.268735359203838,0.036339781000000002,0.0010000000000000009,1.0000000000000019e-06,1.7793935989116672,-0.44194212709828606,0.00051896003155173524,trajectory reached the configured collision radius
65,36,0.78995651989774174,0.080833333333333313,fraction,250,0,collision,nan,0,35.271297507287201,0.036045609999999999,0.0010000000000000007,1.0000000000000014e-06,1.7794032258476624,-0.44194212709700775,0.00051896111995657068,trajectory reached the configured collision radius
65,37,0.78995879007183822,0.080833333333333313,fraction,250,0,collision,nan,0,35.27387036102342,0.035059531999999997,0.0010000000000000011,1.0000000000000023e-06,1.7794128297678045,-0.4419421270957376,0.0005189622018138138,trajectory reached the configured collision radius
66,19,0.78991792693810259,0.096999999999999975,fraction,250,0,collision,nan,0,35.247504697902542,0.051074836999999998,0.0010000000000005391,1.0000000000010782e-06,1.7793301169656992,-0.44194212709750963,0.00051896069282390009,trajectory reached the configured collision radius
66,20,0.78992019711219896,0.096999999999999975,fraction,250,0,collision,nan,0,35.249913200954047,0.035847872000000003,0.00100000000000001,1.0000000000000201e-06,1.779339814626379,-0.44194212709620367,0.00051896180503699504,trajectory reached the configured collision radius
66,21,0.78992246728629545,0.096999999999999975,fraction,250,0,collision,nan,0,35.252331136558638,0.035953036000000001,0.001,9.9999999999999995e-07,1.7793494904192084,-0.44194212709490494,0.0005189629110080936,trajectory reached the configured collision radius
66,22,0.78992473746039182,0.096999999999999975,fraction,250,0,collision,nan,0,35.254758581711094,0.035583895999999997,0.0010000000000000078,1.0000000000000156e-06,1.7793591442445296,-0.44194212709361352,0.00051896401071535613,trajectory reached the configured collision radius
66,23,0.78992700763448831,0.096999999999999975,fraction,250,0,collision,nan,0,35.257195614362928,0.034796025000000001,0.001,9.9999999999999995e-07,1.7793687760023202,-0.4419421270923295,0.00051896510413709871,trajectory reached the configured collision radius
66,24,0.78992927780858468,0.096999999999999975,fraction,250,0,collision,nan,0,35.25964231345484,0.036097577999999998,0.0010000000000000063,1.0000000000000127e-06,1.7793783855922565,-0.44194212709105263,0.00051896619125161366,trajectory reached the configured collision radius
66,25,0.78993154798268117,0.096999999999999975,fraction,250,0,collision,nan,0,35.262098758925255,0.036245642000000002,0.001,9.9999999999999995e-07,1.7793879729136612,-0.44194212708978364,0.00051896727203710872,trajectory reached the configured collision radius
66,26,0.78993381815677755,0.096999999999999975,fraction,250,0,collision,nan,0,35.264565031731934,0.074460504999999996,0.0010000000000000054,1.000000000000011e-06,1.7793975378655837,-0.44194212708852199,0.0005189683464717768,trajectory reached the configured collision radius
66,27,0.78993608833087392,0.096999999999999975,fraction,250,0,collision,nan,0,35.267041213869973,0.036398583999999998,0.001,9.9999999999999995e-07,1.7794070803466882,-0.44194212708726766,0.0005189694145336614,trajectory reached the configured collision radius
66,28,0.78993835850497041,0.096999999999999975,fraction,250,0,collision,nan,0,35.26952738838272,0.036399803000000001,0.0010000000000000052,1.0000000000000105e-06,1.7794166002553538,-0.44194212708602115,0.00051897047620082487,trajectory reached the configured collision radius
66,29,0.78994062867906678,0.096999999999999975,fraction,250,0,collision,nan,0,35.27202363939093,0.034933556999999997,0.0010000000000000002,1.0000000000000004e-06,1.7794260974896059,-0.44194212708478198,0.00051897153145122246,trajectory reached the configured collision radius
66,30,0.78994289885316327,0.096999999999999975,fraction,250,0,collision,nan,0,35.274530052103657,0.038563148999999998,0.001000000000000005,1.0000000000000101e-06,1.7794355719472326,-0.44194212708355041,0.00051897258026276224,trajectory reached the configured collision radius
66,31,0.78994516902725964,0.096999999999999975,fraction,250,0,collision,nan,0,35.277046712838526,0.044503859,0.001,9.9999999999999995e-07,1.7794450235256558,-0.44194212708232627,0.00051897362261327891,trajectory reached the configured collision radius
66,32,0.78994743920135613,0.096999999999999975,fraction,250,0,collision,nan,0,35.279573709044691,0.035280618,0.0010000000000000054,1.000000000000011e-06,1.7794544521220403,-0.44194212708110986,0.00051897465848058284,trajectory reached the configured collision radius
66,33,0.7899497093754525,0.096999999999999975,fraction,250,0,collision,nan,0,35.282111129317002,0.035020017000000001,0.001,9.9999999999999995e-07,1.7794638576331832,-0.44194212707990105,0.00051897568784237244,trajectory reached the configured collision radius
66,34,0.78995197954954888,0.096999999999999975,fraction,250,0,collision,nan,0,35.28465906342533,0.035250159000000003,0.0010000000000000065,1.0000000000000131e-06,1.7794732399556781,-0.44194212707869984,0.00051897671067633417,trajectory reached the configured collision radius
66,35,0.78995424972364536,0.096999999999999975,fraction,250,0,collision,nan,0,35.287217602327566,0.045088119000000003,0.001,9.9999999999999995e-07,1.779482598985769,-0.44194212707750652,0.00051897772696006474,trajectory reached the configured collision radius
66,36,0.78995651989774174,0.096999999999999975,fraction,250,0,collision,nan,0,35.289786838190587,0.035862414000000002,0.001000000000000008,1.000000000000016e-06,1.7794919346194114,-0.44194212707632058,0.00051897873667111172,trajectory reached the configured collision radius
66,37,0.78995879007183822,0.096999999999999975,fraction,250,0,collision,nan,0,35.292366864420678,0.065100186000000004,0.001,9.9999999999999995e-07,1.7795012467523299,-0.44194212707514291,0.00051897973978697152,trajectory reached the configured collision radius
67,19,0.78991792693810259,0.11316666666666664,fraction,250,0,collision,nan,0,35.266254034412334,0.035821102,0.0010000000000000009,1.0000000000000019e-06,1.779425155160933,-0.44194212707530056,0.00051897960537437523,trajectory reached the configured collision radius
67,20,0.78992019711219896,0.11316666666666664,fraction,250,0,collision,nan,0,35.268668727880893,0.039218398000000002,0.0010000000000000007,1.0000000000000014e-06,1.7794345552721345,-0.44194212707408859,0.00051898063754107586,trajectory reached the configured collision radius
67,21,0.78992246728629545,0.11316666666666664,fraction,250,0,collision,nan,0,35.27109292384209,0.041426086000000001,0.0010000000000000011,1.0000000000000023e-06,1.7794439330402394,-0.44194212707288388,0.00051898166341982272,trajectory reached the configured collision radius
67,22,0.78992473746039182,0.11316666666666664,fraction,250,0,collision,nan,0,35.273526700325455,0.039488363999999998,0.0010000000000000002,1.0000000000000004e-06,1.7794532883662517,-0.44194212707168662,0.00051898268298926342,trajectory reached the configured collision radius
67,23,0.78992700763448831,0.11316666666666664,fraction,250,0,collision,nan,0,35.275970136346864,0.036693196999999997,0.0010000000000000015,1.0000000000000031e-06,1.7794626211507318,-0.4419421270704969,0.00051898369622801219,trajectory reached the configured collision radius
67,24,0.78992927780858468,0.11316666666666664,fraction,250,0,collision,nan,0,35.278423311924342,0.035530631,0.0010000000000000002,1.0000000000000004e-06,1.7794719312940293,-0.44194212706931418,0.0005189847031146159,trajectory reached the configured collision radius
67,25,0.78993154798268117,0.11316666666666664,fraction,250,0,collision,nan,0,35.280886308097863,0.036038206000000003,0.001000000000000002,1.000000000000004e-06,1.779481218696118,-0.44194212706813962,0.00051898570362753766,trajectory reached the configured collision radius
67,26,0.78993381815677755,0.11316666666666664,fraction,250,0,collision,nan,0,35.283359206945555,0.036052457000000003,0.0010000000000000002,1.0000000000000004e-06,1.7794904832566953,-0.441942127066972,0.00051898669774520529,trajectory reached the configured collision radius
67,27,0.78993608833087392,0.11316666666666664,fraction,250,0,collision,nan,0,35.285842091606348,0.035732285000000003,0.0010000000000000024,1.0000000000000048e-06,1.7794997248751436,-0.4419421270658121,0.00051898768544597705,trajectory reached the configured collision radius
67,28,0.78993835850497041,0.11316666666666664,fraction,250,0,collision,nan,0,35.28833504628922,0.035300392,0.001,9.9999999999999995e-07,1.779508943450496,-0.44194212706465974,0.00051898866670813126,trajectory reached the configured collision radius
67,29,0.78994062867906678,0.11316666666666664,fraction,250,0,collision,nan,0,35.290838156298861,0.061104186999999997,0.0010000000000000024,1.0000000000000048e-06,1.7795181388815426,-0.44194212706351477,0.00051898964150990593,trajectory reached the configured collision radius
67,30,0.78994289885316327,0.11316666666666664,fraction,250,0,collision,nan,0,35.293351508053718,0.066727860999999999,0.001,9.9999999999999995e-07,1.779527311066798,-0.44194212706237801,0.00051899060982948779,trajectory reached the configured collision radius
67,31,0.78994516902725964,0.11316666666666664,fraction,250,0,collision,nan,0,35.295875189106532,0.035388415999999999,0.0010000000000000022,1.0000000000000044e-06,1.7795364599043977,-0.44194212706124852,0.00051899157164497875,trajectory reached the configured collision radius
67,32,0.78994743920135613,0.11316666666666664,fraction,250,0,collision,nan,0,35.298409288161906,0.036086083999999997,0.0010000000000000002,1.0000000000000004e-06,1.7795455852922752,-0.44194212706012631,0.00051899252693443654,trajectory reached the configured collision radius
67,33,0.7899497093754525,0.11316666666666664,fraction,250,0,collision,nan,0,35.300953895094707,0.043383944000000001,0.0010000000000000018,1.0000000000000036e-06,1.7795546871280339,-0.44194212705901248,0.00051899347567585725,trajectory reached the configured collision radius
67,34,0.78995197954954888,0.11316666666666664,fraction,250,0,collision,nan,0,35.303509100981437,0.050206549000000003,0.0010000000000000005,1.000000000000001e-06,1.7795637653090111,-0.44194212705790592,0.00051899441784718399,trajectory reached the configured collision radius
67,35,0.78995424972364536,0.11316666666666664,fraction,250,0,collision,nan,0,35.306074998110653,0.039033819999999997,0.0010000000000000013,1.0000000000000027e-06,1.7795728197322622,-0.44194212705680708,0.00051899535342628191,trajectory reached the configured collision radius
67,36,0.78995651989774174,0.11316666666666664,fraction,250,0,collision,nan,0,35.308651680010804,0.036902727000000003,0.0010000000000000005,1.000000000000001e-06,1.7795818502946223,-0.44194212705571634,0.00051899628239100281,trajectory reached the configured collision radius
67,37,0.78995879007183822,0.11316666666666664,fraction,250,0,collision,nan,0,35.311239241467035,0.049838489,0.0010000000000000007,1.0000000000000014e-06,1.7795908568925844,-0.44194212705463298,0.00051899720471909247,trajectory reached the configured collision radius
68,19,0.78991792693810259,0.1293333333333333,fraction,250,0,collision,nan,0,35.285389511585706,0.035416225000000003,0.0010000000000000059,1.0000000000000118e-06,1.7795215342666302,-0.44194212705316915,0.0005189984513378111,trajectory reached the configured collision radius
68,20,0.78992019711219896,0.1293333333333333,fraction,250,0,collision,nan,0,35.287810713222093,0.035223473999999998,0.001,9.9999999999999995e-07,1.7795306227376508,-0.4419421270520536,0.00051899940135752417,trajectory reached the configured collision radius
68,21,0.78992246728629545,0.1293333333333333,fraction,250,0,collision,nan,0,35.290241491030862,0.058702846000000003,0.0010000000000000078,1.0000000000000156e-06,1.7795396884110271,-0.44194212705094543,0.00051900034504970217,trajectory reached the configured collision radius
68,22,0.78992473746039182,0.1293333333333333,fraction,250,0,collision,nan,0,35.292681924139956,0.036557873999999997,0.001,9.9999999999999995e-07,1.7795487311884477,-0.44194212704984437,0.00051900128239326226,trajectory reached the configured collision radius
68,23,0.78992700763448831,0.1293333333333333,fraction,250,0,collision,nan,0,35.295132092683282,0.038331018000000001,0.0010000000000000093,1.0000000000000186e-06,1.7795577509712341,-0.4419421270487513,0.00051900221336710086,trajectory reached the configured collision radius
68,24,0.78992927780858468,0.1293333333333333,fraction,250,0,collision,nan,0,35.297592077823388,0.035389383000000003,0.001,9.9999999999999995e-07,1.7795667476604617,-0.44194212704766533,0.0005190031379500164,trajectory reached the configured collision radius
68,25,0.78993154798268117,0.1293333333333333,fraction,250,0,collision,nan,0,35.300061961758637,0.03558323,0.0010000000000000104,1.0000000000000209e-06,1.779575721156843,-0.44194212704658709,0.00051900405612075973,trajectory reached the configured collision radius
68,26,0.78993381815677755,0.1293333333333333,fraction,250,0,collision,nan,0,35.302541827753558,0.035378156000000001,0.001,9.9999999999999995e-07,1.7795846713608747,-0.44194212704551622,0.00051900496785801627,trajectory reached the configured collision radius
68,27,0.78993608833087392,0.1293333333333333,fraction,250,0,collision,nan,0,35.30503176015111,0.035488763999999999,0.0010000000000000111,1.0000000000000222e-06,1.7795935981726536,-0.44194212704445329,0.00051900587314042932,trajectory reached the configured collision radius
68,28,0.78993835850497041,0.1293333333333333,fraction,250,0,collision,nan,0,35.307531844391669,0.063849604000000004,0.001,9.9999999999999995e-07,1.7796025014920998,-0.44194212704339791,0.00051900677194655683,trajectory reached the configured collision radius
68,29,0.78994062867906678,0.1293333333333333,fraction,250,0,collision,nan,0,35.310042167032506,0.035549904,0.0010000000000000109,1.0000000000000218e-06,1.7796113812187901,-0.44194212704234964,0.0005190076642549253,trajectory reached the configured collision radius
68,30,0.78994289885316327,0.1293333333333333,fraction,250,0,collision,nan,0,35.312562815771052,0.034908925,0.001,9.9999999999999995e-07,1.7796202372519991,-0.44194212704130936,0.00051900855004396236,trajectory reached the configured collision radius
68,31,0.78994516902725964,0.1293333333333333,fraction,250,0,collision,nan,0,35.315093879455624,0.04489485,0.00100000000000001,1.0000000000000201e-06,1.7796290694907684,-0.44194212704027702,0.00051900942929208806,trajectory reached the configured collision radius
68,32,0.78994743920135613,0.1293333333333333,fraction,250,0,collision,nan,0,35.31763544812496,0.069681741000000005,0.001,9.9999999999999995e-07,1.7796378778338373,-0.44194212703925212,0.00051901030197761856,trajectory reached the configured collision radius
68,33,0.7899497093754525,0.1293333333333333,fraction,250,0,collision,nan,0,35.320187613008642,0.035329612000000003,0.0010000000000000085,1.0000000000000169e-06,1.779646662179734,-0.44194212703823493,0.00051901116807885617,trajectory reached the configured collision radius
68,34,0.78995197954954888,0.1293333333333333,fraction,250,0,collision,nan,0,35.322750466555419,0.035286352999999999,0.001,9.9999999999999995e-07,1.7796554224266454,-0.44194212703722568,0.00051901202757399301,trajectory reached the configured collision radius
68,35,0.78995424972364536,0.1293333333333333,fraction,250,0,collision,nan,0,35.325324102465053,0.038951830999999999,0.0010000000000000067,1.0000000000000135e-06,1.779664158472541,-0.4419421270362241,0.00051901288044121539,trajectory reached the configured collision radius
68,36,0.78995651989774174,0.1293333333333333,fraction,250,0,collision,nan,0,35.32790861569903,0.035919960000000001,0.001,9.9999999999999995e-07,1.7796728702151505,-0.44194212703523023,0.00051901372665862436,trajectory reached the configured collision radius
68,37,0.78995879007183822,0.1293333333333333,fraction,250,0,collision,nan,0,35.330504102507476,0.036153539999999998,0.0010000000000000048,1.0000000000000095e-06,1.779681557551932,-0.44194212703424435,0.0005190145662042735,trajectory reached the configured collision radius
69,19,0.78991792693810259,0.14549999999999996,fraction,250,0,collision,nan,0,35.304928286463223,0.035708246999999999,0.0010000000000000104,1.0000000000000209e-06,1.7796191434341062,-0.4419421270311541,0.00051901719745324471,trajectory reached the configured collision radius
69,20,0.78992019711219896,0.14549999999999996,fraction,250,0,collision,nan,0,35.307356338390456,0.035766263,0.001,9.9999999999999995e-07,1.7796279061895182,-0.44194212703013741,0.00051901806327921476,trajectory reached the configured collision radius
69,21,0.78992246728629545,0.14549999999999996,fraction,250,0,collision,nan,0,35.309794044204963,0.035877237999999999,0.0010000000000000083,1.0000000000000165e-06,1.7796366457144412,-0.44194212702912788,0.00051901892274434263,trajectory reached the configured collision radius
69,22,0.78992473746039182,0.14549999999999996,fraction,250,0,collision,nan,0,35.312241484198012,0.039305345999999998,0.001,9.9999999999999995e-07,1.7796453619113608,-0.44194212702812591,0.00051901977582782734,trajectory reached the configured collision radius
69,23,0.78992700763448831,0.14549999999999996,fraction,250,0,collision,nan,0,35.314698739686477,0.065480588000000006,0.001000000000000007,1.0000000000000139e-06,1.7796540546824371,-0.44194212702713187,0.00051902062250883455,trajectory reached the configured collision radius
69,24,0.78992927780858468,0.14549999999999996,fraction,250,0,collision,nan,0,35.317165893034755,0.034934813000000002,0.001,9.9999999999999995e-07,1.7796627239295295,-0.44194212702614499,0.00051902146276644023,trajectory reached the configured collision radius
69,25,0.78993154798268117,0.14549999999999996,fraction,250,0,collision,nan,0,35.31964302767561,0.035471166999999998,0.0010000000000000063,1.0000000000000127e-06,1.7796713695542632,-0.44194212702516583,0.00051902229657970649,trajectory reached the configured collision radius
69,26,0.78993381815677755,0.14549999999999996,fraction,250,0,collision,nan,0,35.322130228123605,0.035310056999999999,0.001,9.9999999999999995e-07,1.7796799914579406,-0.44194212702419378,0.00051902312392758962,trajectory reached the configured collision radius
69,27,0.78993608833087392,0.14549999999999996,fraction,250,0,collision,nan,0,35.324627579992573,0.035519171000000002,0.0010000000000000061,1.0000000000000122e-06,1.7796885895415862,-0.44194212702323005,0.00051902394478902064,trajectory reached the configured collision radius
69,28,0.78993835850497041,0.14549999999999996,fraction,250,0,collision,nan,0,35.327135170025997,0.040407243000000002,0.001,9.9999999999999995e-07,1.7796971637059336,-0.44194212702227365,0.00051902475914282768,trajectory reached the configured collision radius
69,29,0.78994062867906678,0.14549999999999996,fraction,250,0,collision,nan,0,35.329653086109587,0.035917108000000003,0.0010000000000000065,1.0000000000000131e-06,1.7797057138515202,-0.44194212702132496,0.00051902556696785331,trajectory reached the configured collision radius
69,30,0.78994289885316327,0.14549999999999996,fraction,250,0,collision,nan,0,35.33218141728635,0.036239313000000002,0.001,9.9999999999999995e-07,1.779714239878504,-0.4419421270203841,0.00051902636824279738,trajectory reached the configured collision radius
69,31,0.78994516902725964,0.14549999999999996,fraction,250,0,collision,nan,0,35.334720253786593,0.034661042000000003,0.0010000000000000072,1.0000000000000144e-06,1.7797227416868868,-0.44194212701945057,0.00051902716294636162,trajectory reached the configured collision radius
69,32,0.78994743920135613,0.14549999999999996,fraction,250,0,collision,nan,0,35.337269687048064,0.036048427000000001,0.001,9.9999999999999995e-07,1.7797312191763377,-0.44194212701852487,0.00051902795105716654,trajectory reached the configured collision radius
69,33,0.7899497093754525,0.14549999999999996,fraction,250,0,collision,nan,0,35.339829809733288,0.035348607999999997,0.0010000000000000087,1.0000000000000173e-06,1.7797396722462928,-0.44194212701760732,0.00051902873255378938,trajectory reached the configured collision radius
69,34,0.78995197954954888,0.14549999999999996,fraction,250,0,collision,nan,0,35.342400715750578,0.035932875000000003,0.001,9.9999999999999995e-07,1.7797481007959859,-0.44194212701669716,0.00051902950741473193,trajectory reached the configured collision radius
69,35,0.78995424972364536,0.14549999999999996,fraction,250,0,collision,nan,0,35.344982500286356,0.035357732000000003,0.0010000000000000113,1.0000000000000226e-06,1.7797565047243513,-0.44194212701579488,0.00051903027561846552,trajectory reached the configured collision radius
69,36,0.78995651989774174,0.14549999999999996,fraction,250,0,collision,nan,0,35.347575259821177,0.035888706999999999,0.001,9.9999999999999995e-07,1.779764883930091,-0.44194212701490043,0.0005190310371433717,trajectory reached the configured collision radius
69,37,0.78995879007183822,0.14549999999999996,fraction,250,0,collision,nan,0,35.350179092152985,0.036908966000000001,0.0010000000000000087,1.0000000000000173e-06,1.7797732383117029,-0.44194212701401409,0.00051903179196781911,trajectory reached the configured collision radius
70,19,0.78991792693810259,0.16166666666666663,fraction,250,0,collision,nan,0,35.32488859101575,0.036081738000000002,0.0010000000000000098,1.0000000000000196e-06,1.7797178630523804,-0.4419421270092973,0.00051903580835356046,trajectory reached the configured collision radius
70,20,0.78992019711219896,0.16166666666666663,fraction,250,0,collision,nan,0,35.327323862135799,0.035737396999999997,0.001,9.9999999999999995e-07,1.7797262860443879,-0.44194212700838131,0.00051903658799732418,trajectory reached the configured collision radius
70,21,0.78992246728629545,0.16166666666666663,fraction,250,0,collision,nan,0,35.329768869213943,0.035158773999999997,0.001000000000000008,1.000000000000016e-06,1.7797346853957914,-0.44194212700747315,0.00051903736125332714,trajectory reached the configured collision radius
70,22,0.78992473746039182,0.16166666666666663,fraction,250,0,collision,nan,0,35.332223693772576,0.03536516,0.001,9.9999999999999995e-07,1.7797430610100031,-0.44194212700657259,0.00051903812810109775,trajectory reached the configured collision radius
70,23,0.78992700763448831,0.16166666666666663,fraction,250,0,collision,nan,0,35.334688418383607,0.037773189999999998,0.001000000000000007,1.0000000000000139e-06,1.7797514127900955,-0.44194212700567975,0.00051903888852008106,trajectory reached the configured collision radius
70,24,0.78992927780858468,0.16166666666666663,fraction,250,0,collision,nan,0,35.337163126682988,0.035795698000000001,0.001,9.9999999999999995e-07,1.7797597406388119,-0.44194212700479407,0.00051903964248964157,trajectory reached the configured collision radius
70,25,0.78993154798268117,0.16166666666666663,fraction,250,0,collision,nan,0,35.339647903407723,0.036205221000000003,0.0010000000000000063,1.0000000000000127e-06,1.7797680444587332,-0.44194212700391616,0.0005190403899891341,trajectory reached the configured collision radius
70,26,0.78993381815677755,0.16166666666666663,fraction,250,0,collision,nan,0,35.34214283439578,0.045530184000000001,0.001,9.9999999999999995e-07,1.7797763241521076,-0.44194212700304586,0.00051904113099780855,trajectory reached the configured collision radius
70,27,0.78993608833087392,0.16166666666666663,fraction,250,0,collision,nan,0,35.344648006612019,0.035963226000000001,0.0010000000000000063,1.0000000000000127e-06,1.7797845796209015,-0.44194212700218305,0.00051904186549489193,trajectory reached the configured collision radius
70,28,0.78993835850497041,0.16166666666666663,fraction,250,0,collision,nan,0,35.347163508176173,0.035468853000000002,0.001,9.9999999999999995e-07,1.7797928107668397,-0.44194212700132834,0.00051904259345950761,trajectory reached the configured collision radius
70,29,0.78994062867906678,0.16166666666666663,fraction,250,0,collision,nan,0,35.349689428379627,0.035269317000000001,0.0010000000000000067,1.0000000000000135e-06,1.7798010174914434,-0.44194212700048097,0.00051904331487078478,trajectory reached the configured collision radius
70,30,0.78994289885316327,0.16166666666666663,fraction,250,0,collision,nan,0,35.352225857691572,0.037234178,0.001,9.9999999999999995e-07,1.7798091996958711,-0.44194212699964158,0.00051904402970773462,trajectory reached the configured collision radius
70,31,0.78994516902725964,0.16166666666666663,fraction,250,0,collision,nan,0,35.354772887804579,0.065890833999999995,0.001000000000000008,1.000000000000016e-06,1.7798173572811204,-0.44194212699880941,0.00051904473794934223,trajectory reached the configured collision radius
70,32,0.78994743920135613,0.16166666666666663,fraction,250,0,collision,nan,0,35.35733061163991,0.058649490999999998,0.001,9.9999999999999995e-07,1.7798254901479036,-0.44194212699798552,0.00051904543957453236,trajectory reached the configured collision radius
70,33,0.7899497093754525,0.16166666666666663,fraction,250,0,collision,nan,0,35.359899123376039,0.053874283000000002,0.00100000000000001,1.0000000000000201e-06,1.7798335981967015,-0.44194212699716928,0.00051904613456217803,trajectory reached the configured collision radius
70,34,0.78995197954954888,0.16166666666666663,fraction,250,0,collision,nan,0,35.36247851846862,0.069384408999999994,0.001,9.9999999999999995e-07,1.7798416813277684,-0.44194212699636104,0.00051904682289106768,trajectory reached the configured collision radius
70,35,0.78995424972364536,0.16166666666666663,fraction,250,0,collision,nan,0,35.365068893681979,0.036312247999999998,0.0010000000000000104,1.0000000000000209e-06,1.7798497394411592,-0.44194212699556035,0.00051904750453998566,trajectory reached the configured collision radius
70,36,0.78995651989774174,0.16166666666666663,fraction,250,0,collision,nan,0,35.367670347099882,0.036595718999999999,0.001,9.9999999999999995e-07,1.7798577724366174,-0.44194212699476787,0.00051904817948760981,trajectory reached the configured collision radius
70,37,0.78995879007183822,0.16166666666666663,fraction,250,0,collision,nan,0,35.370282978163566,0.035871190999999997,0.0010000000000000074,1.0000000000000148e-06,1.7798657802137696,-0.44194212699398294,0.00051904884771259373,trajectory reached the configured collision radius
71,19,0.78991792693810259,0.17783333333333329,fraction,250,0,collision,nan,0,35.345289824456323,0.035704402000000003,0.0010000000000000072,1.0000000000000144e-06,1.7798175638849527,-0.44194212698764207,0.0005190542463900528,trajectory reached the configured collision radius
71,20,0.78992019711219896,0.17783333333333329,fraction,250,0,collision,nan,0,35.347732713136089,0.035334153,0.001,9.9999999999999995e-07,1.7798256331075129,-0.44194212698683016,0.00051905493792659134,trajectory reached the configured collision radius
71,21,0.78992246728629545,0.17783333333333329,fraction,250,0,collision,nan,0,35.350185424560252,0.035476360999999998,0.0010000000000000085,1.0000000000000169e-06,1.7798336783032029,-0.4419421269860252,0.00051905562305504499,trajectory reached the configured collision radius
71,22,0.78992473746039182,0.17783333333333329,fraction,250,0,collision,nan,0,35.352648041554524,0.036634911999999999,0.001,9.9999999999999995e-07,1.7798416993763493,-0.44194212698522845,0.00051905630175522459,trajectory reached the configured collision radius
71,23,0.78992700763448831,0.17783333333333329,fraction,250,0,collision,nan,0,35.35512064801366,0.040760655999999999,0.0010000000000000096,1.0000000000000192e-06,1.7798496962310444,-0.44194212698443891,0.00051905697400687391,trajectory reached the configured collision radius
71,24,0.78992927780858468,0.17783333333333329,fraction,250,0,collision,nan,0,35.357603328932328,0.042187889999999999,0.001,9.9999999999999995e-07,1.779857668771069,-0.44194212698365698,0.00051905763978966717,trajectory reached the configured collision radius
71,25,0.78993154798268117,0.17783333333333329,fraction,250,0,collision,nan,0,35.360096170422672,0.035031238999999999,0.00100000000000001,1.0000000000000201e-06,1.7798656168999667,-0.44194212698288243,0.00051905829908324447,trajectory reached the configured collision radius
71,26,0.78993381815677755,0.17783333333333329,fraction,250,0,collision,nan,0,35.362599259726998,0.034745568999999997,0.001,9.9999999999999995e-07,1.7798735405210049,-0.44194212698211566,0.00051905895186717024,trajectory reached the configured collision radius
71,27,0.78993608833087392,0.17783333333333329,fraction,250,0,collision,nan,0,35.365112685249549,0.035683010000000001,0.0010000000000000098,1.0000000000000196e-06,1.7798814395372338,-0.44194212698135671,0.00051905959812096301,trajectory reached the configured collision radius
71,28,0.78993835850497041,0.17783333333333329,fraction,250,0,collision,nan,0,35.367636536563083,0.035427393000000001,0.001,9.9999999999999995e-07,1.7798893138514196,-0.4419421269806052,0.0005190602378240466,trajectory reached the configured collision radius
71,29,0.78994062867906678,0.17783333333333329,fraction,250,0,collision,nan,0,35.370170904444215,0.034906262,0.0010000000000000089,1.0000000000000177e-06,1.7798971633661056,-0.44194212697986185,0.00051906087095585768,trajectory reached the configured collision radius
71,30,0.78994289885316327,0.17783333333333329,fraction,250,0,collision,nan,0,35.372715880888329,0.034380431000000003,0.001,9.9999999999999995e-07,1.779904987983608,-0.44194212697912599,0.00051906149749569484,trajectory reached the configured collision radius
71,31,0.78994516902725964,0.17783333333333329,fraction,250,0,collision,nan,0,35.375271559125544,0.035551948999999999,0.0010000000000000074,1.0000000000000148e-06,1.7799127876059373,-0.4419421269783978,0.00051906211742287344,trajectory reached the configured collision radius
71,32,0.78994743920135613,0.17783333333333329,fraction,250,0,collision,nan,0,35.377838033657255,0.057543059000000001,0.001,9.9999999999999995e-07,1.779920562134933,-0.44194212697767776,0.00051906273071657539,trajectory reached the configured collision radius
71,33,0.7899497093754525,0.17783333333333329,fraction,250,0,collision,nan,0,35.380415400274195,0.035168931,0.0010000000000000057,1.0000000000000114e-06,1.7799283114722357,-0.44194212697696511,0.00051906333735600907,trajectory reached the configured collision radius
71,34,0.78995197954954888,0.17783333333333329,fraction,250,0,collision,nan,0,35.383003756063879,0.035480768000000003,0.001,9.9999999999999995e-07,1.7799360355191445,-0.44194212697626051,0.00051906393732024719,trajectory reached the configured collision radius
71,35,0.78995424972364536,0.17783333333333329,fraction,250,0,collision,nan,0,35.385603199468299,0.035408103000000003,0.0010000000000000039,1.0000000000000078e-06,1.7799437341769231,-0.44194212697556379,0.0005190645305883807,trajectory reached the configured collision radius
71,36,0.78995651989774174,0.17783333333333329,fraction,250,0,collision,nan,0,35.388213830274104,0.035741442999999998,0.0010000000000000002,1.0000000000000004e-06,1.7799514073464389,-0.44194212697487456,0.00051906511713938302,trajectory reached the configured collision radius
71,37,0.78995879007183822,0.17783333333333329,fraction,250,0,collision,nan,0,35.390835749659828,0.042565041999999997,0.0010000000000000022,1.0000000000000044e-06,1.7799590549284605,-0.44194212697419355,0.0005190656969522009,trajectory reached the configured collision radius
72,19,0.78991792693810259,0.19399999999999995,fraction,250,0,collision,nan,0,35.366152655230159,0.068760609,0.0010000000000000011,1.0000000000000023e-06,1.7799181061206508,-0.44194212696623708,0.00051907247144215797,trajectory reached the configured collision radius
72,20,0.78992019711219896,0.19399999999999995,fraction,250,0,collision,nan,0,35.368603592334871,0.039361483000000003,0.0010000000000000005,1.000000000000001e-06,1.779925807625564,-0.44194212696553026,0.00051907307301565775,trajectory reached the configured collision radius
72,21,0.78992246728629545,0.19399999999999995,fraction,250,0,collision,nan,0,35.371064444078307,0.035952339999999999,0.0010000000000000011,1.0000000000000023e-06,1.7799334847421862,-0.44194212696483115,0.00051907366816742742,trajectory reached the configured collision radius
72,22,0.78992473746039182,0.19399999999999995,fraction,250,0,collision,nan,0,35.373535294661224,0.034834114999999999,0.0010000000000000002,1.0000000000000004e-06,1.779941137375848,-0.44194212696413981,0.00051907425687757662,trajectory reached the configured collision radius
72,23,0.78992700763448831,0.19399999999999995,fraction,250,0,collision,nan,0,35.376016229396001,0.036033537999999997,0.0010000000000000015,1.0000000000000031e-06,1.7799487654317214,-0.44194212696345597,0.0005190748391261631,trajectory reached the configured collision radius
72,24,0.78992927780858468,0.19399999999999995,fraction,250,0,collision,nan,0,35.378507334709781,0.038900229000000001,0.0010000000000000002,1.0000000000000004e-06,1.7799563688146665,-0.44194212696277974,0.0005190754148931664,trajectory reached the configured collision radius
72,25,0.78993154798268117,0.19399999999999995,fraction,250,0,collision,nan,0,35.38100869817913,0.056239161000000003,0.0010000000000000015,1.0000000000000031e-06,1.7799639474293161,-0.44194212696211099,0.00051907598415852749,trajectory reached the configured collision radius
72,26,0.78993381815677755,0.19399999999999995,fraction,250,0,collision,nan,0,35.383520408539027,0.035758775,0.0010000000000000002,1.0000000000000004e-06,1.7799715011800472,-0.44194212696145008,0.0005190765469021008,trajectory reached the configured collision radius
72,27,0.78993608833087392,0.19399999999999995,fraction,250,0,collision,nan,0,35.386042555710375,0.035159421000000003,0.0010000000000000015,1.0000000000000031e-06,1.7799790299709954,-0.44194212696079693,0.00051907710310372191,trajectory reached the configured collision radius
72,28,0.78993835850497041,0.19399999999999995,fraction,250,0,collision,nan,0,35.388575230822504,0.035062393999999997,0.0010000000000000005,1.000000000000001e-06,1.7799865337060896,-0.44194212696015123,0.00051907765274314226,trajectory reached the configured collision radius
72,29,0.78994062867906678,0.19399999999999995,fraction,250,0,collision,nan,0,35.391118526228027,0.035244699999999997,0.0010000000000000011,1.0000000000000023e-06,1.779994012288975,-0.44194212695951329,0.00051907819580004888,trajectory reached the configured collision radius
72,30,0.78994289885316327,0.19399999999999995,fraction,250,0,collision,nan,0,35.393672535533121,0.035699670000000003,0.0010000000000000005,1.000000000000001e-06,1.7800014656231105,-0.44194212695888319,0.00051907873225409673,trajectory reached the configured collision radius
72,31,0.78994516902725964,0.19399999999999995,fraction,250,0,collision,nan,0,35.396237353614062,0.035401426,0.0010000000000000007,1.0000000000000014e-06,1.7800088936116945,-0.44194212695826079,0.0005190792620848538,trajectory reached the configured collision radius
72,32,0.78994743920135613,0.19399999999999995,fraction,250,0,collision,nan,0,35.3988130766433,0.034995052999999998,0.0010000000000000009,1.0000000000000019e-06,1.7800162961577102,-0.44194212695764656,0.00051907978527185111,trajectory reached the configured collision radius
72,33,0.7899497093754525,0.19399999999999995,fraction,250,0,collision,nan,0,35.401399802118604,0.042636985000000002,0.0010000000000000005,1.000000000000001e-06,1.7800236731639867,-0.44194212695703983,0.00051908030179456254,trajectory reached the configured collision radius
72,34,0.78995197954954888,0.19399999999999995,fraction,250,0,collision,nan,0,35.403997628878614,0.036003354000000001,0.0010000000000000015,1.0000000000000031e-06,1.780031024533054,-0.44194212695644092,0.0005190808116323864,trajectory reached the configured collision radius
72,35,0.78995424972364536,0.19399999999999995,fraction,250,0,collision,nan,0,35.406606657127639,0.036042414000000002,0.0010000000000000002,1.0000000000000004e-06,1.780038350167265,-0.44194212695584989,0.00051908131476467582,trajectory reached the configured collision radius
72,36,0.78995651989774174,0.19399999999999995,fraction,250,0,collision,nan,0,35.4092269884747,0.053993616000000001,0.0010000000000000028,1.0000000000000057e-06,1.7800456499688038,-0.44194212695526697,0.00051908181117073801,trajectory reached the configured collision radius
72,37,0.78995879007183822,0.19399999999999995,fraction,250,0,collision,nan,0,35.411858725946537,0.036903986999999999,0.001,9.9999999999999995e-07,1.7800529238396563,-0.44194212695469193,0.0005190823008298012,trajectory reached the configured collision radius
73,19,0.78991792693810259,0.21016666666666661,fraction,250,0,collision,nan,0,35.387499133917728,0.035845976000000002,0.0010000000000000185,1.0000000000000368e-06,1.7800193383276639,-0.44194212694513113,0.0005190904407104828,trajectory reached the configured collision radius
73,20,0.78992019711219896,0.21016666666666661,fraction,250,0,collision,nan,0,35.389958586228417,0.035846483999999998,0.0010000000000000109,1.0000000000000218e-06,1.7800266582428517,-0.44194212694453239,0.0005190909505405711,trajectory reached the configured collision radius
73,21,0.78992246728629545,0.21016666666666661,fraction,250,0,collision,nan,0,35.392428050608366,0.035473399000000003,0.001,9.9999999999999995e-07,1.7800339534341425,-0.44194212694394081,0.00051909145394209947,trajectory reached the configured collision radius
73,22,0.78992473746039182,0.21016666666666661,fraction,250,0,collision,nan,0,35.394907612735281,0.036291788999999998,0.00100000000000001,1.0000000000000201e-06,1.7800412238080761,-0.44194212694335744,0.00051909195089550433,trajectory reached the configured collision radius
73,23,0.78992700763448831,0.21016666666666661,fraction,250,0,collision,nan,0,35.397397359414981,0.034504121999999998,0.001,9.9999999999999995e-07,1.7800484692708718,-0.44194212694278112,0.00051909244138111836,trajectory reached the configured collision radius
73,24,0.78992927780858468,0.21016666666666661,fraction,250,0,collision,nan,0,35.399897378602716,0.036492006,0.0010000000000000098,1.0000000000000196e-06,1.7800556897285575,-0.44194212694221274,0.00051909292537924846,trajectory reached the configured collision radius
73,25,0.78993154798268117,0.21016666666666661,fraction,250,0,collision,nan,0,35.402407759431419,0.035264959999999998,0.001,9.9999999999999995e-07,1.7800628850869322,-0.44194212694165191,0.00051909340287012505,trajectory reached the configured collision radius
73,26,0.78993381815677755,0.21016666666666661,fraction,250,0,collision,nan,0,35.404928592226945,0.035842938999999997,0.0010000000000000104,1.0000000000000209e-06,1.7800700552515591,-0.44194212694109875,0.00051909387383394258,trajectory reached the configured collision radius
73,27,0.78993608833087392,0.21016666666666661,fraction,250,0,collision,nan,0,35.407459968520698,0.036886717999999999,0.001,9.9999999999999995e-07,1.7800772001276814,-0.44194212694055302,0.00051909433825078892,trajectory reached the configured collision radius
73,28,0.78993835850497041,0.21016666666666661,fraction,250,0,collision,nan,0,35.410001981097579,0.036051538000000001,0.0010000000000000117,1.0000000000000235e-06,1.7800843196204741,-0.44194212694001533,0.00051909479610075899,trajectory reached the configured collision radius
73,29,0.78994062867906678,0.21016666666666661,fraction,250,0,collision,nan,0,35.412554723984506,0.058196984,0.001,9.9999999999999995e-07,1.780091413634757,-0.44194212693948548,0.00051909524736382508,trajectory reached the configured collision radius
73,30,0.78994289885316327,0.21016666666666661,fraction,250,0,collision,nan,0,35.415118292506335,0.038944028999999998,0.0010000000000000096,1.0000000000000192e-06,1.7800984820751904,-0.44194212693896301,0.00051909569201995134,trajectory reached the configured collision radius
73,31,0.78994516902725964,0.21016666666666661,fraction,250,0,collision,nan,0,35.417692783284757,0.054434517000000002,0.001,9.9999999999999995e-07,1.7801055248461937,-0.44194212693844848,0.00051909613004899613,trajectory reached the configured collision radius
73,32,0.78994743920135613,0.21016666666666661,fraction,250,0,collision,nan,0,35.42027829427402,0.036856741999999998,0.0010000000000000074,1.0000000000000148e-06,1.7801125418519859,-0.44194212693794166,0.00051909656143080856,trajectory reached the configured collision radius
73,33,0.7899497093754525,0.21016666666666661,fraction,250,0,collision,nan,0,35.422874924794833,0.034868493,0.001,9.9999999999999995e-07,1.7801195329966051,-0.44194212693744317,0.00051909698614513379,trajectory reached the configured collision radius
73,34,0.78995197954954888,0.21016666666666661,fraction,250,0,collision,nan,0,35.425482775527684,0.035922211000000003,0.001000000000000005,1.0000000000000101e-06,1.7801264981838372,-0.44194212693695206,0.00051909740417169692,trajectory reached the configured collision radius
73,35,0.78995424972364536,0.21016666666666661,fraction,250,0,collision,nan,0,35.428101948580533,0.034642577000000001,0.001,9.9999999999999995e-07,1.7801334373173017,-0.44194212693646884,0.00051909781549012329,trajectory reached the configured collision radius
73,36,0.78995651989774174,0.21016666666666661,fraction,250,0,collision,nan,0,35.430732547481149,0.035443952000000001,0.0010000000000000028,1.0000000000000057e-06,1.7801403503004318,-0.44194212693599361,0.00051909822008001504,trajectory reached the configured collision radius
73,37,0.78995879007183822,0.21016666666666661,fraction,250,0,collision,nan,0,35.433374677227022,0.035181816999999997,0.0010000000000000002,1.0000000000000004e-06,1.7801472370364833,-0.44194212693552637,0.00051909861792091242,trajectory reached the configured collision radius
74,19,0.78991792693810259,0.22633333333333328,fraction,250,0,collision,nan,0,35.409352818472655,0.035097585000000001,0.0010000000000000037,1.0000000000000074e-06,1.7801210962999459,-0.44194212692437879,0.00051910810849150376,trajectory reached the configured collision radius
74,20,0.78992019711219896,0.22633333333333328,fraction,250,0,collision,nan,0,35.411821292544268,0.064502795000000002,0.0010000000000000002,1.0000000000000004e-06,1.7801280208500341,-0.44194212692388968,0.00051910852488016896,trajectory reached the configured collision radius
74,21,0.78992246728629545,0.22633333333333328,fraction,250,0,collision,nan,0,35.414299882144881,0.058531419000000001,0.0010000000000000031,1.0000000000000061e-06,1.7801349203675327,-0.44194212692340817,0.00051910893484038653,trajectory reached the configured collision radius
74,22,0.78992473746039182,0.22633333333333328,fraction,250,0,collision,nan,0,35.416788674520554,0.035518193000000003,0.001,9.9999999999999995e-07,1.7801417947601497,-0.44194212692293416,0.0005191093383528772,trajectory reached the configured collision radius
74,23,0.78992700763448831,0.22633333333333328,fraction,250,0,collision,nan,0,35.419287758072315,0.034862955000000001,0.0010000000000000031,1.0000000000000061e-06,1.7801486439353531,-0.44194212692246787,0.00051910973539829512,trajectory reached the configured collision radius
74,24,0.78992927780858468,0.22633333333333328,fraction,250,0,collision,nan,0,35.421797222380249,0.035178713,0.0010000000000000002,1.0000000000000004e-06,1.7801554678003455,-0.44194212692200913,0.00051911012595724239,trajectory reached the configured collision radius
74,25,0.78993154798268117,0.22633333333333328,fraction,250,0,collision,nan,0,35.424317158241422,0.043816076000000002,0.0010000000000000033,1.0000000000000065e-06,1.7801622662621648,-0.44194212692155799,0.00051911051001027439,trajectory reached the configured collision radius
74,26,0.78993381815677755,0.22633333333333328,fraction,250,0,collision,nan,0,35.426847657662456,0.035450582000000001,0.0010000000000000002,1.0000000000000004e-06,1.7801690392274963,-0.44194212692111456,0.00051911088753785737,trajectory reached the configured collision radius
74,27,0.78993608833087392,0.22633333333333328,fraction,250,0,collision,nan,0,35.429388813908517,0.034934188999999997,0.0010000000000000037,1.0000000000000074e-06,1.7801757866029424,-0.44194212692067852,0.00051911125852042062,trajectory reached the configured collision radius
74,28,0.78993835850497041,0.22633333333333328,fraction,250,0,collision,nan,0,35.431940721510692,0.043742989000000003,0.001,9.9999999999999995e-07,1.7801825082948137,-0.44194212692025064,0.00051911162293831253,trajectory reached the configured collision radius
74,29,0.78994062867906678,0.22633333333333328,fraction,250,0,collision,nan,0,35.434503476293543,0.035529030000000003,0.0010000000000000048,1.0000000000000095e-06,1.7801892042092031,-0.44194212691983042,0.0005191119807718311,trajectory reached the configured collision radius
74,30,0.78994289885316327,0.22633333333333328,fraction,250,0,collision,nan,0,35.437077175405591,0.035072872999999997,0.001,9.9999999999999995e-07,1.7801958742520414,-0.44194212691941787,0.0005191123320012382,trajectory reached the configured collision radius
74,31,0.78994516902725964,0.22633333333333328,fraction,250,0,collision,nan,0,35.439661917329367,0.038436234,0.0010000000000000065,1.0000000000000131e-06,1.780202518328998,-0.44194212691901297,0.00051911267660668947,trajectory reached the configured collision radius
74,32,0.78994743920135613,0.22633333333333328,fraction,250,0,collision,nan,0,35.442257801924008,0.035727592000000002,0.001,9.9999999999999995e-07,1.7802091363455341,-0.44194212691861623,0.00051911301456831257,trajectory reached the configured collision radius
74,33,0.7899497093754525,0.22633333333333328,fraction,250,0,collision,nan,0,35.444864930439216,0.034638884000000002,0.0010000000000000093,1.0000000000000186e-06,1.7802157282070099,-0.44194212691822699,0.0005191133458661483,trajectory reached the configured collision radius
74,34,0.78995197954954888,0.22633333333333328,fraction,250,0,collision,nan,0,35.447483405537525,0.035479959999999998,0.001,9.9999999999999995e-07,1.7802222938184749,-0.44194212691784568,0.00051911367048021397,trajectory reached the configured collision radius
74,35,0.78995424972364536,0.22633333333333328,fraction,250,0,collision,nan,0,35.45011333133629,0.035000603999999998,0.0010000000000000096,1.0000000000000192e-06,1.7802288330848386,-0.44194212691747203,0.00051911398839043328,trajectory reached the configured collision radius
74,36,0.78995651989774174,0.22633333333333328,fraction,250,0,collision,nan,0,35.452754813426147,0.066081975000000001,0.001,9.9999999999999995e-07,1.7802353459108515,-0.44194212691710683,0.00051911429957667791,trajectory reached the configured collision radius
74,37,0.78995879007183822,0.22633333333333328,fraction,250,0,collision,nan,0,35.455407958898,0.035566533999999997,0.0010000000000000057,1.0000000000000114e-06,1.7802418322010258,-0.44194212691674922,0.00051911460401876132,trajectory reached the configured collision radius
75,19,0.78991792693810259,0.24249999999999994,fraction,250,0,collision,nan,0,35.431738913382141,0.035031627000000003,0.001,9.9999999999999995e-07,1.7802232017824584,-0.44194212690403734,0.00051912542593229459,trajectory reached the configured collision radius
75,20,0.78992019711219896,0.24249999999999994,fraction,250,0,collision,nan,0,35.434216959924761,0.034990329000000001,0.0010000000000000026,1.0000000000000052e-06,1.7802297173120067,-0.44194212690365975,0.00051912574727142481,trajectory reached the configured collision radius
75,21,0.78992246728629545,0.24249999999999994,fraction,250,0,collision,nan,0,35.436705232028658,0.036128753,0.0010000000000000002,1.0000000000000004e-06,1.7802362075281908,-0.44194212690328999,0.00051912606218924048,trajectory reached the configured collision radius
75,22,0.78992473746039182,0.24249999999999994,fraction,250,0,collision,nan,0,35.439203818604916,0.053083682,0.0010000000000000024,1.0000000000000048e-06,1.7802426723399476,-0.44194212690292745,0.00051912637066675832,trajectory reached the configured collision radius
75,23,0.78992700763448831,0.24249999999999994,fraction,250,0,collision,nan,0,35.441712809763622,0.035666209999999997,0.001,9.9999999999999995e-07,1.7802491116559636,-0.44194212690257262,0.00051912667268493387,trajectory reached the configured collision radius
75,24,0.78992927780858468,0.24249999999999994,fraction,250,0,collision,nan,0,35.444232296822058,0.035722678000000001,0.0010000000000000026,1.0000000000000052e-06,1.7802555253846806,-0.44194212690222567,0.00051912696822468268,trajectory reached the configured collision radius
75,25,0.78993154798268117,0.24249999999999994,fraction,250,0,collision,nan,0,35.44676237233741,0.035509684999999999,0.0010000000000000002,1.0000000000000004e-06,1.7802619134343838,-0.441942126901886,0.00051912725726683845,trajectory reached the configured collision radius
75,26,0.78993381815677755,0.24249999999999994,fraction,250,0,collision,nan,0,35.449303130125763,0.036465127999999999,0.0010000000000000031,1.0000000000000061e-06,1.7802682757130734,-0.44194212690155404,0.00051912753979218022,trajectory reached the configured collision radius
75,27,0.78993608833087392,0.24249999999999994,fraction,250,0,collision,nan,0,35.451854665288771,0.060500205000000001,0.001,9.9999999999999995e-07,1.7802746121285355,-0.44194212690123003,0.00051912781578141408,trajectory reached the configured collision radius
75,28,0.78993835850497041,0.24249999999999994,fraction,250,0,collision,nan,0,35.454417074237362,0.035463375999999998,0.0010000000000000039,1.0000000000000078e-06,1.7802809225884439,-0.44194212690091367,0.00051912808521520327,trajectory reached the configured collision radius
75,29,0.78994062867906678,0.24249999999999994,fraction,250,0,collision,nan,0,35.456990454700843,0.058335926000000003,0.001,9.9999999999999995e-07,1.780287207000113,-0.44194212690060464,0.00051912834807413299,trajectory reached the configured collision radius
75,30,0.78994289885316327,0.24249999999999994,fraction,250,0,collision,nan,0,35.459574905782176,0.035974569999999997,0.0010000000000000054,1.000000000000011e-06,1.7802934652707632,-0.44194212690030382,0.00051912860433873649,trajectory reached the configured collision radius
75,31,0.78994516902725964,0.24249999999999994,fraction,250,0,collision,nan,0,35.462170527953404,0.035111337999999999,0.001,9.9999999999999995e-07,1.7802996973073992,-0.44194212690001033,0.00051912885398946291,trajectory reached the configured collision radius
75,32,0.78994743920135613,0.24249999999999994,fraction,250,0,collision,nan,0,35.464777423091029,0.039623156999999999,0.001000000000000008,1.000000000000016e-06,1.7803059030167316,-0.4419421268997249,0.00051912909700672384,trajectory reached the configured collision radius
75,33,0.7899497093754525,0.24249999999999994,fraction,250,0,collision,nan,0,35.467395694520043,0.037523769999999998,0.001,9.9999999999999995e-07,1.7803120823054348,-0.44194212689944723,0.00051912933337084353,trajectory reached the configured collision radius
75,34,0.78995197954954888,0.24249999999999994,fraction,250,0,collision,nan,0,35.470025447014805,0.035425587000000001,0.0010000000000000113,1.0000000000000226e-06,1.7803182350798845,-0.44194212689917745,0.00051912956306212027,trajectory reached the configured collision radius
75,35,0.78995424972364536,0.24249999999999994,fraction,250,0,collision,nan,0,35.472666786839469,0.062635935000000004,0.001,9.9999999999999995e-07,1.7803243612462831,-0.44194212689891565,0.00051912978606071772,trajectory reached the configured collision radius
75,36,0.78995651989774174,0.24249999999999994,fraction,250,0,collision,nan,0,35.47531982178441,0.035152355000000003,0.0010000000000000067,1.0000000000000135e-06,1.7803304607107042,-0.4419421268986618,0.00051913000234682469,trajectory reached the configured collision radius
75,37,0.78995879007183822,0.24249999999999994,fraction,250,0,collision,nan,0,35.477984661176393,0.035817409000000001,0.001,9.9999999999999995e-07,1.7803365333789944,-0.44194212689841528,0.00051913021190047896,trajectory reached the configured collision radius
76,19,0.78991792693810259,0.2586666666666666,fraction,250,0,collision,nan,0,35.454684424629072,0.035344529999999999,0.0010000000000000067,1.0000000000000135e-06,1.7803254610609778,-0.44194212688416784,0.00051914234076302988,trajectory reached the configured collision radius
76,20,0.78992019711219896,0.2586666666666666,fraction,250,0,collision,nan,0,35.457172643487617,0.036794232000000003,0.001,9.9999999999999995e-07,1.7803315540607367,-0.44194212688390377,0.00051914256554271259,trajectory reached the configured collision radius
76,21,0.78992246728629545,0.2586666666666666,fraction,250,0,collision,nan,0,35.459671205111796,0.034824101000000003,0.0010000000000000067,1.0000000000000135e-06,1.7803376214951663,-0.44194212688364742,0.00051914278391531374,trajectory reached the configured collision radius
76,22,0.78992473746039182,0.2586666666666666,fraction,250,0,collision,nan,0,35.462180200201658,0.035258939000000003,0.001,9.9999999999999995e-07,1.7803436632744249,-0.44194212688339829,0.00051914299586213256,trajectory reached the configured collision radius
76,23,0.78992700763448831,0.2586666666666666,fraction,250,0,collision,nan,0,35.464699720682688,0.034571293000000003,0.0010000000000000072,1.0000000000000144e-06,1.7803496793085385,-0.44194212688315704,0.00051914320136444694,trajectory reached the configured collision radius
76,24,0.78992927780858468,0.2586666666666666,fraction,250,0,collision,nan,0,35.46722985973021,0.035218026999999999,0.001,9.9999999999999995e-07,1.7803556695072498,-0.44194212688292328,0.00051914340040344522,trajectory reached the configured collision radius
76,25,0.78993154798268117,0.2586666666666666,fraction,250,0,collision,nan,0,35.469770711794567,0.035483554,0.001000000000000008,1.000000000000016e-06,1.7803616337800485,-0.44194212688269696,0.00051914359296025058,trajectory reached the configured collision radius
76,26,0.78993381815677755,0.2586666666666666,fraction,250,0,collision,nan,0,35.472322372618656,0.034739488999999998,0.001,9.9999999999999995e-07,1.7803675720362699,-0.44194212688247858,0.00051914377901592426,trajectory reached the configured collision radius
76,27,0.78993608833087392,0.2586666666666666,fraction,250,0,collision,nan,0,35.47488493926771,0.036597565999999998,0.0010000000000000098,1.0000000000000196e-06,1.7803734841850074,-0.44194212688226764,0.00051914395855147985,trajectory reached the configured collision radius
76,28,0.78993835850497041,0.2586666666666666,fraction,250,0,collision,nan,0,35.477458510157568,0.062276837000000002,0.001,9.9999999999999995e-07,1.7803793701351722,-0.44194212688206436,0.00051914413154783168,trajectory reached the configured collision radius
76,29,0.78994062867906678,0.2586666666666666,fraction,250,0,collision,nan,0,35.480043185068197,0.035303899999999999,0.0010000000000000109,1.0000000000000218e-06,1.780385229795457,-0.4419421268818689,0.00051914429798586811,trajectory reached the configured collision radius
76,30,0.78994289885316327,0.2586666666666666,fraction,250,0,collision,nan,0,35.482639065175711,0.035024601000000002,0.001,9.9999999999999995e-07,1.7803910630743078,-0.44194212688168089,0.00051914445784635851,trajectory reached the configured collision radius
76,31,0.78994516902725964,0.2586666666666666,fraction,250,0,collision,nan,0,35.485246253083453,0.037321926999999998,0.0010000000000000076,1.0000000000000152e-06,1.7803968698800738,-0.44194212688150114,0.00051914461111007501,trajectory reached the configured collision radius
76,32,0.78994743920135613,0.2586666666666666,fraction,250,0,collision,nan,0,35.487864852844545,0.043306375000000001,0.001,9.9999999999999995e-07,1.7804026501208052,-0.44194212688132861,0.00051914475775765082,trajectory reached the configured collision radius
76,33,0.7899497093754525,0.2586666666666666,fraction,250,0,collision,nan,0,35.490494969983089,0.040365232000000001,0.001000000000000005,1.0000000000000101e-06,1.7804084037044219,-0.44194212688116447,0.00051914489776969986,trajectory reached the configured collision radius
76,34,0.78995197954954888,0.2586666666666666,fraction,250,0,collision,nan,0,35.493136711537844,0.067524904999999996,0.001,9.9999999999999995e-07,1.7804141305386416,-0.44194212688100787,0.00051914503112675324,trajectory reached the configured collision radius
76,35,0.78995424972364536,0.2586666666666666,fraction,250,0,collision,nan,0,35.49579018607303,0.035387854000000003,0.0010000000000000026,1.0000000000000052e-06,1.7804198305310226,-0.44194212688085893,0.00051914515780928055,trajectory reached the configured collision radius
76,36,0.78995651989774174,0.2586666666666666,fraction,250,0,collision,nan,0,35.498455503729431,0.035297532999999999,0.0010000000000000005,1.000000000000001e-06,1.7804255035888912,-0.44194212688071788,0.00051914527779765743,trajectory reached the configured collision radius
76,37,0.78995879007183822,0.2586666666666666,fraction,250,0,collision,nan,0,35.501132776231543,0.034691141000000002,0.0010000000000000011,1.0000000000000023e-06,1.7804311496194822,-0.44194212688058487,0.00051914539107223009,trajectory reached the configured collision radius
77,19,0.78991792693810259,0.27483333333333326,fraction,250,0,collision,nan,0,35.478218332549496,0.035855541999999997,0.001,9.9999999999999995e-07,1.7804276633999627,-0.4419421268648368,0.00051915879700547456,trajectory reached the configured collision radius
77,20,0.78992019711219896,0.27483333333333326,fraction,250,0,collision,nan,0,35.480717378373178,0.036370885999999998,0.0010000000000000031,1.0000000000000061e-06,1.7804333205360312,-0.44194212686468781,0.00051915892382304696,trajectory reached the configured collision radius
77,21,0.78992246728629545,0.27483333333333326,fraction,250,0,collision,nan,0,35.483226892028135,0.035591390000000001,0.001,9.9999999999999995e-07,1.7804389518845611,-0.44194212686454615,0.00051915904425493429,trajectory reached the configured collision radius
77,22,0.78992473746039182,0.27483333333333326,fraction,250,0,collision,nan,0,35.485746966119493,0.059740692999999997,0.0010000000000000028,1.0000000000000057e-06,1.7804445573570007,-0.44194212686441248,0.00051915915828273235,trajectory reached the configured collision radius
77,23,0.78992700763448831,0.27483333333333326,fraction,250,0,collision,nan,0,35.488277694523724,0.036640862000000003,0.0010000000000000002,1.0000000000000004e-06,1.7804501368646386,-0.44194212686428597,0.00051915926588797976,trajectory reached the configured collision radius
77,24,0.78992927780858468,0.27483333333333326,fraction,250,0,collision,nan,0,35.490819172405665,0.034732922999999999,0.0010000000000000024,1.0000000000000048e-06,1.7804556903184787,-0.44194212686416723,0.00051915936705213765,trajectory reached the configured collision radius
77,25,0.78993154798268117,0.27483333333333326,fraction,250,0,collision,nan,0,35.493371496237074,0.045191810999999998,0.0010000000000000002,1.0000000000000004e-06,1.7804612176293499,-0.44194212686405621,0.00051915946175661563,trajectory reached the configured collision radius
77,26,0.78993381815677755,0.27483333333333326,fraction,250,0,collision,nan,0,35.49593476382686,0.036049394999999998,0.0010000000000000018,1.0000000000000036e-06,1.7804667187078689,-0.44194212686395223,0.00051915954998275947,trajectory reached the configured collision radius
77,27,0.78993608833087392,0.27483333333333326,fraction,250,0,collision,nan,0,35.49850907435075,0.049877273999999999,0.0010000000000000002,1.0000000000000004e-06,1.780472193464439,-0.44194212686385625,0.00051915963171181734,trajectory reached the configured collision radius
77,28,0.78993835850497041,0.27483333333333326,fraction,250,0,collision,nan,0,35.501094528366366,0.035591589,0.0010000000000000013,1.0000000000000027e-06,1.7804776418092583,-0.44194212686376794,0.00051915970692498919,trajectory reached the configured collision radius
77,29,0.78994062867906678,0.27483333333333326,fraction,250,0,collision,nan,0,35.503691227845039,0.036221060999999999,0.0010000000000000007,1.0000000000000014e-06,1.7804830636523301,-0.44194212686368722,0.00051915977560341151,trajectory reached the configured collision radius
77,30,0.78994289885316327,0.27483333333333326,fraction,250,0,collision,nan,0,35.506299276199982,0.035399066999999999,0.0010000000000000007,1.0000000000000014e-06,1.7804884589033831,-0.44194212686361423,0.00051915983772813019,trajectory reached the configured collision radius
77,31,0.78994516902725964,0.27483333333333326,fraction,250,0,collision,nan,0,35.508918778309933,0.035036469000000001,0.0010000000000000013,1.0000000000000027e-06,1.7804938274720934,-0.44194212686354895,0.00051915989328013697,trajectory reached the configured collision radius
77,32,0.78994743920135613,0.27483333333333326,fraction,250,0,collision,nan,0,35.511549840551346,0.035220187,0.0010000000000000002,1.0000000000000004e-06,1.7804991692678025,-0.44194212686349155,0.00051915994224033366,trajectory reached the configured collision radius
77,33,0.7899497093754525,0.27483333333333326,fraction,250,0,collision,nan,0,35.51419257082199,0.036032478,0.0010000000000000024,1.0000000000000048e-06,1.7805044841997304,-0.44194212686344175,0.00051915998458956563,trajectory reached the configured collision radius
77,34,0.78995197954954888,0.27483333333333326,fraction,250,0,collision,nan,0,35.516847078576845,0.05074774,0.001,9.9999999999999995e-07,1.7805097721769083,-0.44194212686339979,0.00051916002030860577,trajectory reached the configured collision radius
77,35,0.78995424972364536,0.27483333333333326,fraction,250,0,collision,nan,0,35.519513474848708,0.035518478999999999,0.001000000000000005,1.0000000000000101e-06,1.7805150331081536,-0.44194212686336554,0.00051916004937814671,trajectory reached the configured collision radius
77,36,0.78995651989774174,0.27483333333333326,fraction,250,0,collision,nan,0,35.522191872298485,0.065978064000000003,0.001,9.9999999999999995e-07,1.7805202669021289,-0.44194212686333945,0.00051916007177878871,trajectory reached the configured collision radius
77,37,0.78995879007183822,0.27483333333333326,fraction,250,0,collision,nan,0,35.524882385219605,0.035282608,0.0010000000000000098,1.0000000000000196e-06,1.7805254734673326,-0.44194212686332074,0.0005191600874910995,trajectory reached the configured collision radius
78,19,0.78991792693810259,0.29099999999999993,fraction,250,0,collision,nan,0,35.502371785093629,0.068335159000000006,0.001,9.9999999999999995e-07,1.7805295793096594,-0.44194212684611406,0.00051917473465502536,trajectory reached the configured collision radius
78,20,0.78992019711219896,0.29099999999999993,fraction,250,0,collision,nan,0,35.504882373834207,0.035493401000000001,0.0010000000000000096,1.0000000000000192e-06,1.7805347874565587,-0.44194212684608208,0.00051917476222505983,trajectory reached the configured collision radius
78,21,0.78992246728629545,0.29099999999999993,fraction,250,0,collision,nan,0,35.507403564090382,0.035448090000000002,0.001,9.9999999999999995e-07,1.7805399696242159,-0.44194212684605705,0.00051917478343797938,trajectory reached the configured collision radius
78,22,0.78992473746039182,0.29099999999999993,fraction,250,0,collision,nan,0,35.509935450515577,0.035398922999999999,0.0010000000000000104,1.0000000000000209e-06,1.7805451257254008,-0.44194212684603951,0.0005191747982756735,trajectory reached the configured collision radius
78,23,0.78992700763448831,0.29099999999999993,fraction,250,0,collision,nan,0,35.512478129079554,0.034865194000000002,0.001,9.9999999999999995e-07,1.7805502556726245,-0.44194212684602963,0.00051917480671990123,trajectory reached the configured collision radius
78,24,0.78992927780858468,0.29099999999999993,fraction,250,0,collision,nan,0,35.515031697073496,0.035749863,0.0010000000000000111,1.0000000000000222e-06,1.7805553593782271,-0.44194212684602735,0.00051917480875244453,trajectory reached the configured collision radius
78,25,0.78993154798268117,0.29099999999999993,fraction,250,0,collision,nan,0,35.517596253151289,0.035597639,0.001,9.9999999999999995e-07,1.7805604367543495,-0.44194212684603246,0.00051917480435492063,trajectory reached the configured collision radius
78,26,0.78993381815677755,0.29099999999999993,fraction,250,0,collision,nan,0,35.520171897333512,0.035039584999999998,0.0010000000000000087,1.0000000000000173e-06,1.7805654877128398,-0.44194212684604545,0.00051917479350893408,trajectory reached the configured collision radius
78,27,0.78993608833087392,0.29099999999999993,fraction,250,0,collision,nan,0,35.522758731055283,0.035110309999999999,0.001,9.9999999999999995e-07,1.780570512165405,-0.44194212684606538,0.00051917477619597128,trajectory reached the configured collision radius
78,28,0.78993835850497041,0.29099999999999993,fraction,250,0,collision,nan,0,35.525356857185017,0.034928306999999999,0.0010000000000000063,1.0000000000000127e-06,1.7805755100235783,-0.44194212684609357,0.00051917475239751871,trajectory reached the configured collision radius
78,29,0.78994062867906678,0.29099999999999993,fraction,250,0,collision,nan,0,35.52796638003759,0.038269002000000003,0.001,9.9999999999999995e-07,1.7805804811985271,-0.44194212684612916,0.00051917472209487734,trajectory reached the configured collision radius
78,30,0.78994289885316327,0.29099999999999993,fraction,250,0,collision,nan,0,35.530587405430282,0.066038730000000004,0.0010000000000000041,1.0000000000000082e-06,1.7805854256013893,-0.44194212684617207,0.00051917468526937907,trajectory reached the configured collision radius
78,31,0.78994516902725964,0.29099999999999993,fraction,250,0,collision,nan,0,35.533220040687787,0.035603625,0.0010000000000000002,1.0000000000000004e-06,1.7805903431430103,-0.44194212684622325,0.00051917464190219553,trajectory reached the configured collision radius
78,32,0.78994743920135613,0.29099999999999993,fraction,250,0,collision,nan,0,35.535864394678931,0.035308987,0.0010000000000000022,1.0000000000000044e-06,1.7805952337340705,-0.44194212684628209,0.00051917459197449217,trajectory reached the configured collision radius
78,33,0.7899497093754525,0.29099999999999993,fraction,250,0,collision,nan,0,35.538520577852154,0.034932099000000001,0.0010000000000000002,1.0000000000000004e-06,1.780600097285018,-0.44194212684634815,0.00051917453546730013,trajectory reached the configured collision radius
78,34,0.78995197954954888,0.29099999999999993,fraction,250,0,collision,nan,0,35.541188702256157,0.059790037999999997,0.0010000000000000009,1.0000000000000019e-06,1.7806049337061585,-0.44194212684642231,0.00051917447236159229,trajectory reached the configured collision radius
78,35,0.78995424972364536,0.29099999999999993,fraction,250,0,collision,nan,0,35.543868881582398,0.035308987,0.0010000000000000011,1.0000000000000023e-06,1.7806097429075634,-0.44194212684650414,0.00051917440263827218,trajectory reached the configured collision radius
78,36,0.78995651989774174,0.29099999999999993,fraction,250,0,collision,nan,0,35.546561231192314,0.064032757999999995,0.0010000000000000002,1.0000000000000004e-06,1.7806145247991587,-0.44194212684659395,0.00051917432627814227,trajectory reached the configured collision radius
78,37,0.78995879007183822,0.29099999999999993,fraction,250,0,collision,nan,0,35.549265868138157,0.052005232999999998,0.0010000000000000028,1.0000000000000057e-06,1.7806192792906224,-0.44194212684669126,0.00051917424326193323,trajectory reached the configured collision radius
79,19,0.78991792693810259,0.30716666666666659,fraction,250,0,collision,nan,0,35.527178314289074,0.035039396,0.001,9.9999999999999995e-07,1.7806309586223057,-0.44194212682807615,0.00051919008933406293,trajectory reached the configured collision radius
79,20,0.78992019711219896,0.30716666666666659,fraction,250,0,collision,nan,0,35.529701230650574,0.043015295000000002,0.001000000000000007,1.0000000000000139e-06,1.7806357048995487,-0.44194212682816147,0.00051919001649917897,trajectory reached the configured collision radius
79,21,0.78992246728629545,0.30716666666666659,fraction,250,0,collision,nan,0,35.532234891687331,0.037005960999999997,0.001,9.9999999999999995e-07,1.7806404250371033,-0.44194212682825468,0.0005191899373429476,trajectory reached the configured collision radius
79,22,0.78992473746039182,0.30716666666666659,fraction,250,0,collision,nan,0,35.534779394264987,0.050927238999999999,0.001000000000000008,1.000000000000016e-06,1.7806451189490062,-0.44194212682835476,0.00051918985184750007,trajectory reached the configured collision radius
79,23,0.78992700763448831,0.30716666666666659,fraction,250,0,collision,nan,0,35.537334836602852,0.035201191999999999,0.001,9.9999999999999995e-07,1.7806497865490603,-0.44194212682846284,0.00051918975999484893,trajectory reached the configured collision radius
79,24,0.78992927780858468,0.30716666666666659,fraction,250,0,collision,nan,0,35.539901318284279,0.035560128000000003,0.00100000000000001,1.0000000000000201e-06,1.7806544277508289,-0.44194212682857814,0.00051918966176698331,trajectory reached the configured collision radius
79,25,0.78993154798268117,0.30716666666666659,fraction,250,0,collision,nan,0,35.542478940295219,0.035048186000000002,0.001,9.9999999999999995e-07,1.7806590424677378,-0.44194212682870104,0.00051918955714577264,trajectory reached the configured collision radius
79,26,0.78993381815677755,0.30716666666666659,fraction,250,0,collision,nan,0,35.545067805051666,0.034872288000000001,0.0010000000000000104,1.0000000000000209e-06,1.7806636306129022,-0.44194212682883172,0.00051918944611303169,trajectory reached the configured collision radius
79,27,0.78993608833087392,0.30716666666666659,fraction,250,0,collision,nan,0,35.547668016415365,0.036483309999999998,0.001,9.9999999999999995e-07,1.7806681920992604,-0.44194212682896955,0.00051918932865046283,trajectory reached the configured collision radius
79,28,0.78993835850497041,0.30716666666666659,fraction,250,0,collision,nan,0,35.550279679728028,0.068365645000000003,0.0010000000000000074,1.0000000000000148e-06,1.7806727268395086,-0.4419421268291151,0.00051918920473974944,trajectory reached the configured collision radius
79,29,0.78994062867906678,0.30716666666666659,fraction,250,0,collision,nan,0,35.552902901845314,0.064460259000000006,0.001,9.9999999999999995e-07,1.7806772347461823,-0.44194212682926814,0.00051918907436243199,trajectory reached the configured collision radius
79,30,0.78994289885316327,0.30716666666666659,fraction,250,0,collision,nan,0,35.555537791159175,0.035505697000000003,0.0010000000000000044,1.0000000000000086e-06,1.7806817157315464,-0.44194212682942924,0.00051918893750000066,trajectory reached the configured collision radius
79,31,0.78994516902725964,0.30716666666666659,fraction,250,0,collision,nan,0,35.558184457625146,0.035100526,0.001,9.9999999999999995e-07,1.7806861697077077,-0.4419421268295976,0.00051918879413384328,trajectory reached the configured collision radius
79,32,0.78994743920135613,0.30716666666666659,fraction,250,0,collision,nan,0,35.560843012801598,0.035574366000000003,0.0010000000000000022,1.0000000000000044e-06,1.7806905965865163,-0.44194212682977357,0.00051918864424529987,trajectory reached the configured collision radius
79,33,0.7899497093754525,0.30716666666666659,fraction,250,0,collision,nan,0,35.563513569880307,0.035041313999999997,0.0010000000000000002,1.0000000000000004e-06,1.7806949962797132,-0.4419421268299572,0.00051918848781557707,trajectory reached the configured collision radius
79,34,0.78995197954954888,0.30716666666666659,fraction,250,0,collision,nan,0,35.566196243701484,0.035182709999999999,0.0010000000000000009,1.0000000000000019e-06,1.7806993686986745,-0.44194212683014894,0.00051918832482581822,trajectory reached the configured collision radius
79,35,0.78995424972364536,0.30716666666666659,fraction,250,0,collision,nan,0,35.568891150815411,0.040042900999999999,0.0010000000000000013,1.0000000000000027e-06,1.7807037137547275,-0.44194212683034806,0.00051918815525707333,trajectory reached the configured collision radius
79,36,0.78995651989774174,0.30716666666666659,fraction,250,0,collision,nan,0,35.571598409495891,0.035358662999999999,0.001,9.9999999999999995e-07,1.7807080313589441,-0.44194212683055517,0.00051918797909032601,trajectory reached the configured collision radius
79,37,0.78995879007183822,0.30716666666666659,fraction,250,0,collision,nan,0,35.574318139769005,0.035638287999999997,0.0010000000000000033,1.0000000000000065e-06,1.7807123214221741,-0.44194212683076983,0.00051918779630642526,trajectory reached the configured collision radius
80,19,0.78991792693810259,0.32333333333333325,fraction,250,0,collision,nan,0,35.552674079225703,0.035193543000000001,0.001,9.9999999999999995e-07,1.7807315283531611,-0.4419421268108033,0.00051920479191393698,trajectory reached the configured collision radius
80,20,0.78992019711219896,0.32333333333333325,fraction,250,0,collision,nan,0,35.555210185220226,0.035173541000000003,0.0010000000000000083,1.0000000000000165e-06,1.7807358001663287,-0.44194212681100792,0.00051920461765673825,trajectory reached the configured collision radius
80,21,0.78992246728629545,0.32333333333333325,fraction,250,0,collision,nan,0,35.557757189517403,0.035708510999999998,0.001,9.9999999999999995e-07,1.7807400457111895,-0.44194212681122008,0.00051920443712109084,trajectory reached the configured collision radius
80,22,0.78992473746039182,0.32333333333333325,fraction,250,0,collision,nan,0,35.560315191362122,0.035078360000000003,0.001000000000000007,1.0000000000000139e-06,1.7807442649030221,-0.44194212681143968,0.00051920425028935348,trajectory reached the configured collision radius
80,23,0.78992700763448831,0.32333333333333325,fraction,250,0,collision,nan,0,35.562884291393559,0.036110086,0.001,9.9999999999999995e-07,1.7807484576568648,-0.44194212681166645,0.00051920405714374319,trajectory reached the configured collision radius
80,24,0.78992927780858468,0.32333333333333325,fraction,250,0,collision,nan,0,35.56546459166691,0.035472855999999997,0.0010000000000000052,1.0000000000000105e-06,1.7807526238874691,-0.44194212681190093,0.00051920385766643677,trajectory reached the configured collision radius
80,25,0.78993154798268117,0.32333333333333325,fraction,250,0,collision,nan,0,35.568056195689515,0.034702253000000002,0.001,9.9999999999999995e-07,1.7807567635094363,-0.44194212681214262,0.00051920365183951399,trajectory reached the configured collision radius
80,26,0.78993381815677755,0.32333333333333325,fraction,250,0,collision,nan,0,35.570659208442869,0.035413391000000002,0.0010000000000000035,1.0000000000000069e-06,1.7807608764370952,-0.4419421268123917,0.00051920343964496625,trajectory reached the configured collision radius
80,27,0.78993608833087392,0.32333333333333325,fraction,250,0,collision,nan,0,35.573273736416034,0.039769658999999999,0.001,9.9999999999999995e-07,1.7807649625845594,-0.44194212681264861,0.00051920322106469008,trajectory reached the configured collision radius
80,28,0.78993835850497041,0.32333333333333325,fraction,250,0,collision,nan,0,35.575899887627664,0.035714284999999998,0.001000000000000002,1.000000000000004e-06,1.7807690218657073,-0.44194212681291284,0.00051920299608052131,trajectory reached the configured collision radius
80,29,0.78994062867906678,0.32333333333333325,fraction,250,0,collision,nan,0,35.578537771653245,0.069534887000000004,0.0010000000000000005,1.000000000000001e-06,1.7807730541941766,-0.44194212681318484,0.00051920276467418093,trajectory reached the configured collision radius
80,30,0.78994289885316327,0.32333333333333325,fraction,250,0,collision,nan,0,35.581187499673419,0.035868702000000002,0.0010000000000000009,1.0000000000000019e-06,1.7807770594834518,-0.4419421268134644,0.00051920252682730018,trajectory reached the configured collision radius
80,31,0.78994516902725964,0.32333333333333325,fraction,250,0,collision,nan,0,35.583849184486262,0.036997185000000002,0.0010000000000000011,1.0000000000000023e-06,1.7807810376467377,-0.44194212681375128,0.00051920228252144284,trajectory reached the configured collision radius
80,32,0.78994743920135613,0.32333333333333325,fraction,250,0,collision,nan,0,35.586522940544995,0.035073379000000002,0.0010000000000000002,1.0000000000000004e-06,1.7807849885969913,-0.44194212681404588,0.0005192020317380477,trajectory reached the configured collision radius
80,33,0.7899497093754525,0.32333333333333325,fraction,250,0,collision,nan,0,35.589208883993095,0.036750269000000002,0.0010000000000000026,1.0000000000000052e-06,1.7807889122470104,-0.44194212681434825,0.00051920177445849371,trajectory reached the configured collision radius
80,34,0.78995197954954888,0.32333333333333325,fraction,250,0,collision,nan,0,35.591907132698125,0.035670149999999998,0.001,9.9999999999999995e-07,1.7807928085093787,-0.44194212681465805,0.00051920151066402122,trajectory reached the configured collision radius
80,35,0.78995424972364536,0.32333333333333325,fraction,250,0,collision,nan,0,35.594617806289932,0.034628793999999997,0.0010000000000000061,1.0000000000000122e-06,1.7807966772964146,-0.44194212681497563,0.00051920124033581067,trajectory reached the configured collision radius
80,36,0.78995651989774174,0.32333333333333325,fraction,250,0,collision,nan,0,35.597341026173133,0.035273058000000003,0.001,9.9999999999999995e-07,1.7808005185202003,-0.44194212681530104,0.00051920096345490563,trajectory reached the configured collision radius
80,37,0.78995879007183822,0.32333333333333325,fraction,250,0,collision,nan,0,35.600076915608952,0.035163694000000002,0.0010000000000000104,1.0000000000000209e-06,1.7808043320927371,-0.44194212681563405,0.00051920068000229356,trajectory reached the configured collision radius
81,19,0.78991792693810259,0.33949999999999991,fraction,250,0,collision,nan,0,35.578898139357904,0.038495512000000003,0.0010000000000000011,1.0000000000000023e-06,1.7808309903211696,-0.44194212679438327,0.00051921876810333658,trajectory reached the configured collision radius
81,20,0.78992019711219896,0.33949999999999991,fraction,250,0,collision,nan,0,35.581448384224799,0.035765361000000002,0.0010000000000000005,1.000000000000001e-06,1.7808347754075233,-0.44194212679470846,0.00051921849155935171,trajectory reached the configured collision radius
81,21,0.78992246728629545,0.33949999999999991,fraction,250,0,collision,nan,0,35.584009692595124,0.036151442999999998,0.0010000000000000015,1.0000000000000031e-06,1.7808385341292783,-0.44194212679504036,0.00051921820878689207,trajectory reached the configured collision radius
81,22,0.78992473746039182,0.33949999999999991,fraction,250,0,collision,nan,0,35.586582166277424,0.035256787999999997,0.0010000000000000002,1.0000000000000004e-06,1.7808422664028036,-0.44194212679537992,0.00051921791976845019,trajectory reached the configured collision radius
81,23,0.78992700763448831,0.33949999999999991,fraction,250,0,collision,nan,0,35.589165908528521,0.036937764999999997,0.0010000000000000022,1.0000000000000044e-06,1.7808459721442533,-0.44194212679572686,0.00051921762448644963,trajectory reached the configured collision radius
81,24,0.78992927780858468,0.33949999999999991,fraction,250,0,collision,nan,0,35.591761024079737,0.062352932999999999,0.001,9.9999999999999995e-07,1.7808496512695817,-0.44194212679608119,0.00051921732292319685,trajectory reached the configured collision radius
81,25,0.78993154798268117,0.33949999999999991,fraction,250,0,collision,nan,0,35.594367619157623,0.037091862000000003,0.0010000000000000035,1.0000000000000069e-06,1.7808533036943948,-0.44194212679644318,0.00051921701506093989,trajectory reached the configured collision radius
81,26,0.78993381815677755,0.33949999999999991,fraction,250,0,collision,nan,0,35.59698580152407,0.036434059999999997,0.001,9.9999999999999995e-07,1.7808569293341596,-0.44194212679681188,0.00051921670088179951,trajectory reached the configured collision radius
81,27,0.78993608833087392,0.33949999999999991,fraction,250,0,collision,nan,0,35.599615680500989,0.036079238,0.0010000000000000059,1.0000000000000118e-06,1.7808605281041066,-0.44194212679718886,0.00051921638036783431,trajectory reached the configured collision radius
81,28,0.78993835850497041,0.33949999999999991,fraction,250,0,collision,nan,0,35.602257366995524,0.035475950999999999,0.001,9.9999999999999995e-07,1.7808640999190974,-0.44194212679757261,0.00051921605350096741,trajectory reached the configured collision radius
81,29,0.78994062867906678,0.33949999999999991,fraction,250,0,collision,nan,0,35.604910973532327,0.036055441000000001,0.00100000000000001,1.0000000000000201e-06,1.7808676446938654,-0.44194212679796419,0.00051921572026306952,trajectory reached the configured collision radius
81,30,0.78994289885316327,0.33949999999999991,fraction,250,0,collision,nan,0,35.607576614306097,0.062791267999999997,0.001,9.9999999999999995e-07,1.7808711623429139,-0.44194212679836309,0.00051921538063587032,trajectory reached the configured collision radius
81,31,0.78994516902725964,0.33949999999999991,fraction,250,0,collision,nan,0,35.61025440518479,0.037171795000000001,0.0010000000000000076,1.0000000000000152e-06,1.7808746527804482,-0.44194212679876965,0.00051921503460102892,trajectory reached the configured collision radius
81,32,0.78994743920135613,0.33949999999999991,fraction,250,0,collision,nan,0,35.612944463750495,0.035672180999999997,0.001,9.9999999999999995e-07,1.7808781159203999,-0.44194212679918371,0.00051921468214006182,trajectory reached the configured collision radius
81,33,0.7899497093754525,0.33949999999999991,fraction,250,0,collision,nan,0,35.615646909353906,0.036073626999999997,0.0010000000000000037,1.0000000000000074e-06,1.7808815516765655,-0.44194212679960543,0.00051921432323443319,trajectory reached the configured collision radius
81,34,0.78995197954954888,0.33949999999999991,fraction,250,0,collision,nan,0,35.618361863120569,0.034447914000000003,0.0010000000000000002,1.0000000000000004e-06,1.7808849599624388,-0.44194212680003492,0.00051921395786544151,trajectory reached the configured collision radius
81,35,0.78995424972364536,0.33949999999999991,fraction,250,0,collision,nan,0,35.621089448013386,0.035003832999999998,0.0010000000000000011,1.0000000000000023e-06,1.7808883406912419,-0.44194212680047157,0.00051921358601431664,trajectory reached the configured collision radius
81,36,0.78995651989774174,0.33949999999999991,fraction,250,0,collision,nan,0,35.623829788848276,0.037812199999999997,0.0010000000000000009,1.0000000000000019e-06,1.780891693776032,-0.4419421268009161,0.00051921320766216191,trajectory reached the configured collision radius
81,37,0.78995879007183822,0.33949999999999991,fraction,250,0,collision,nan,0,35.626583012343417,0.036042113000000001,0.0010000000000000002,1.0000000000000004e-06,1.7808950191295729,-0.44194212680136818,0.00051921282278995771,trajectory reached the configured collision radius
82,19,0.78991792693810259,0.35566666666666658,fraction,250,0,collision,nan,0,35.605892762558149,0.036606240999999998,0.001000000000000002,1.000000000000004e-06,1.7809290184991096,-0.44194212677891037,0.00051923193800016549,trajectory reached the configured collision radius
82,20,0.78992019711219896,0.35566666666666658,fraction,250,0,collision,nan,0,35.608458194232831,0.057041036000000003,0.0010000000000000005,1.000000000000001e-06,1.7809323049785155,-0.44194212677935629,0.00051923155847207175,trajectory reached the configured collision radius
82,21,0.78992246728629545,0.35566666666666658,fraction,250,0,collision,nan,0,35.611034867449845,0.035970200000000001,0.0010000000000000015,1.0000000000000031e-06,1.7809355650294638,-0.4419421267798096,0.00051923117277233278,trajectory reached the configured collision radius
82,22,0.78992473746039182,0.35566666666666658,fraction,250,0,collision,nan,0,35.613622886794005,0.035265592999999998,0.0010000000000000007,1.0000000000000014e-06,1.7809387985693521,-0.44194212678027023,0.00051923078088360699,trajectory reached the configured collision radius
82,23,0.78992700763448831,0.35566666666666658,fraction,250,0,collision,nan,0,35.616222358364588,0.034599221999999999,0.0010000000000000007,1.0000000000000014e-06,1.780942005515352,-0.44194212678073758,0.00051923038278840197,trajectory reached the configured collision radius
82,24,0.78992927780858468,0.35566666666666658,fraction,250,0,collision,nan,0,35.618833389779716,0.035150030999999998,0.0010000000000000009,1.0000000000000019e-06,1.7809451857843921,-0.44194212678121275,0.00051922997846916405,trajectory reached the configured collision radius
82,25,0.78993154798268117,0.35566666666666658,fraction,250,0,collision,nan,0,35.621456090221542,0.034334946999999998,0.0010000000000000002,1.0000000000000004e-06,1.7809483392931058,-0.44194212678169498,0.00051922956790820761,trajectory reached the configured collision radius
82,26,0.78993381815677755,0.35566666666666658,fraction,250,0,collision,nan,0,35.624090570457817,0.034994035,0.001000000000000002,1.000000000000004e-06,1.7809514659579131,-0.44194212678218497,0.00051922915108778178,trajectory reached the configured collision radius
82,27,0.78993608833087392,0.35566666666666658,fraction,250,0,collision,nan,0,35.626736942877869,0.036541420999999998,0.0010000000000000002,1.0000000000000004e-06,1.7809545656948795,-0.44194212678268185,0.00051922872798998898,trajectory reached the configured collision radius
82,28,0.78993835850497041,0.35566666666666658,fraction,250,0,collision,nan,0,35.629395321528747,0.041757781000000001,0.0010000000000000039,1.0000000000000078e-06,1.7809576384199048,-0.44194212678318634,0.00051922829859685769,trajectory reached the configured collision radius
82,29,0.78994062867906678,0.35566666666666658,fraction,250,0,collision,nan,0,35.632065822137314,0.036286428000000003,0.001,9.9999999999999995e-07,1.7809606840485916,-0.44194212678369799,0.00051922786289027598,trajectory reached the configured collision radius
82,30,0.78994289885316327,0.35566666666666658,fraction,250,0,collision,nan,0,35.634748562147166,0.036079195000000001,0.0010000000000000076,1.0000000000000152e-06,1.780963702496219,-0.4419421267842174,0.00051922742085206081,trajectory reached the configured collision radius
82,31,0.78994516902725964,0.35566666666666658,fraction,250,0,collision,nan,0,35.637443660762273,0.034870211999999998,0.001,9.9999999999999995e-07,1.7809666936778881,-0.44194212678474443,0.00051922697246385111,trajectory reached the configured collision radius
82,32,0.78994743920135613,0.35566666666666658,fraction,250,0,collision,nan,0,35.640151238962488,0.057406104999999999,0.0010000000000000091,1.0000000000000182e-06,1.780969657508362,-0.4419421267852785,0.00051922651770725263,trajectory reached the configured collision radius
82,33,0.7899497093754525,0.35566666666666658,fraction,250,0,collision,nan,0,35.642871419564919,0.034816031999999997,0.001,9.9999999999999995e-07,1.7809725939021794,-0.4419421267858204,0.00051922605656367098,trajectory reached the configured collision radius
82,34,0.78995197954954888,0.35566666666666658,fraction,250,0,collision,nan,0,35.645604327241898,0.035587644000000002,0.0010000000000000037,1.0000000000000074e-06,1.780975502773575,-0.44194212678636968,0.00051922558901445006,trajectory reached the configured collision radius
82,35,0.78995424972364536,0.35566666666666658,fraction,250,0,collision,nan,0,35.648350088564847,0.060706502000000002,0.0010000000000000002,1.0000000000000004e-06,1.7809783840365521,-0.44194212678692657,0.00051922511504078582,trajectory reached the configured collision radius
82,36,0.78995651989774174,0.35566666666666658,fraction,250,0,collision,nan,0,35.651108832044045,0.03985814,0.0010000000000000011,1.0000000000000023e-06,1.7809812376047878,-0.44194212678749123,0.00051922463462373886,trajectory reached the configured collision radius
82,37,0.78995879007183822,0.35566666666666658,fraction,250,0,collision,nan,0,35.653880688169231,0.035708269000000001,0.0010000000000000011,1.0000000000000023e-06,1.7809840633917358,-0.44194212678806311,0.00051922414774425649,trajectory reached the configured collision radius
83,19,0.78991792693810259,0.37183333333333324,fraction,250,0,collision,nan,0,35.633703773038654,0.035426452999999997,0.0010000000000000007,1.0000000000000014e-06,1.7810252560616404,-0.44194212676448558,0.00051924421560483333,trajectory reached the configured collision radius
83,20,0.78992019711219896,0.37183333333333324,fraction,250,0,collision,nan,0,35.63628555151238,0.039957714999999998,0.0010000000000000007,1.0000000000000014e-06,1.7810280324928947,-0.44194212676505296,0.00051924373257786313,trajectory reached the configured collision radius
83,21,0.78992246728629545,0.37183333333333324,fraction,250,0,collision,nan,0,35.638878763851778,0.039933407999999997,0.0010000000000000011,1.0000000000000023e-06,1.7810307824642431,-0.44194212676562772,0.0005192432434427877,trajectory reached the configured collision radius
83,22,0.78992473746039182,0.37183333333333324,fraction,250,0,collision,nan,0,35.641483517664852,0.035579126000000003,0.0010000000000000002,1.0000000000000004e-06,1.7810335058939695,-0.44194212676620953,0.00051924274818228777,trajectory reached the configured collision radius
83,23,0.78992700763448831,0.37183333333333324,fraction,250,0,collision,nan,0,35.644099922131929,0.035252766999999997,0.001000000000000002,1.000000000000004e-06,1.7810362027001074,-0.44194212676679828,0.00051924224677897177,trajectory reached the configured collision radius
83,24,0.78992927780858468,0.37183333333333324,fraction,250,0,collision,nan,0,35.646728088011159,0.035131345000000001,0.0010000000000000002,1.0000000000000004e-06,1.7810388728004378,-0.44194212676739519,0.00051924173921531118,trajectory reached the configured collision radius
83,25,0.78993154798268117,0.37183333333333324,fraction,250,0,collision,nan,0,35.649368127689428,0.036095532999999999,0.0010000000000000035,1.0000000000000069e-06,1.7810415161123587,-0.4419421267679986,0.0005192412254736875,trajectory reached the configured collision radius
83,26,0.78993381815677755,0.37183333333333324,fraction,250,0,collision,nan,0,35.652020155208113,0.060776758,0.001,9.9999999999999995e-07,1.7810441325530344,-0.44194212676860944,0.00051924070553632502,trajectory reached the configured collision radius
83,27,0.78993608833087392,0.37183333333333324,fraction,250,0,collision,nan,0,35.654684286291847,0.035695760999999999,0.0010000000000000067,1.0000000000000135e-06,1.781046722039366,-0.44194212676922795,0.00051924017938538558,trajectory reached the configured collision radius
83,28,0.78993835850497041,0.37183333333333324,fraction,250,0,collision,nan,0,35.657360638394202,0.034812592000000003,0.001,9.9999999999999995e-07,1.7810492844879304,-0.44194212676985328,0.00051923964700288921,trajectory reached the configured collision radius
83,29,0.78994062867906678,0.37183333333333324,fraction,250,0,collision,nan,0,35.660049330705689,0.036377110999999997,0.0010000000000000109,1.0000000000000218e-06,1.7810518198149472,-0.44194212677048628,0.0005192391083706973,trajectory reached the configured collision radius
83,30,0.78994289885316327,0.37183333333333324,fraction,250,0,collision,nan,0,35.662750484230607,0.035245914000000003,0.001,9.9999999999999995e-07,1.7810543279364477,-0.4419421267711261,0.00051923856347058182,trajectory reached the configured collision radius
83,31,0.78994516902725964,0.37183333333333324,fraction,250,0,collision,nan,0,35.665464221783424,0.035500687000000003,0.0010000000000000052,1.0000000000000105e-06,1.781056808768064,-0.44194212677177397,0.00051923801228419503,trajectory reached the configured collision radius
83,32,0.78994743920135613,0.37183333333333324,fraction,250,0,collision,nan,0,35.668190668045028,0.035729183999999997,0.0010000000000000002,1.0000000000000004e-06,1.7810592622252039,-0.441942126772429,0.00051923745479303762,trajectory reached the configured collision radius
83,33,0.7899497093754525,0.37183333333333324,fraction,250,0,collision,nan,0,35.670929949608393,0.035375478000000002,0.0010000000000000018,1.0000000000000036e-06,1.7810616882229122,-0.44194212677309147,0.0005192368909784803,trajectory reached the configured collision radius
83,34,0.78995197954954888,0.37183333333333324,fraction,250,0,collision,nan,0,35.673682194985311,0.064838235999999994,0.0010000000000000007,1.0000000000000014e-06,1.7810640866759517,-0.44194212677376088,0.00051923632082174695,trajectory reached the configured collision radius
83,35,0.78995424972364536,0.37183333333333324,fraction,250,0,collision,nan,0,35.676447534686638,0.035484691999999998,0.0010000000000000005,1.000000000000001e-06,1.7810664574987154,-0.441942126774438,0.00051923574430394047,trajectory reached the configured collision radius
83,36,0.78995651989774174,0.37183333333333324,fraction,250,0,collision,nan,0,35.679226101238548,0.037820741999999997,0.0010000000000000026,1.0000000000000052e-06,1.7810688006053881,-0.44194212677512329,0.00051923516140601176,trajectory reached the configured collision radius
83,37,0.78995879007183822,0.37183333333333324,fraction,250,0,collision,nan,0,35.682018029232722,0.036778606999999998,0.001,9.9999999999999995e-07,1.7810711159097392,-0.44194212677581562,0.00051923457210876459,trajectory reached the configured collision radius
84,19,0.78991792693810259,0.3879999999999999,fraction,250,0,collision,nan,0,35.662380945096821,0.036249969999999999,0.001,9.9999999999999995e-07,1.7811193120948499,-0.44194212675121747,0.00051925550829271124,trajectory reached the configured collision radius
84,20,0.78992019711219896,0.3879999999999999,fraction,250,0,collision,nan,0,35.664980358016805,0.035775938,0.0010000000000000113,1.0000000000000226e-06,1.78112156753817,-0.44194212675190697,0.0005192549214515234,trajectory reached the configured collision radius
84,21,0.78992246728629545,0.3879999999999999,fraction,250,0,collision,nan,0,35.667591413085731,0.035736368999999997,0.001,9.9999999999999995e-07,1.7811237965221973,-0.4419421267526033,0.00051925432857209458,trajectory reached the configured collision radius
84,22,0.78992473746039182,0.3879999999999999,fraction,250,0,collision,nan,0,35.670214221201185,0.034911230000000001,0.001000000000000008,1.000000000000016e-06,1.7811259989659152,-0.4419421267533073,0.00051925372963714639,trajectory reached the configured collision radius
84,23,0.78992700763448831,0.3879999999999999,fraction,250,0,collision,nan,0,35.672848894893967,0.035110929999999999,0.001,9.9999999999999995e-07,1.7811281747879835,-0.44194212675401806,0.00051925312462923945,trajectory reached the configured collision radius
84,24,0.78992927780858468,0.3879999999999999,fraction,250,0,collision,nan,0,35.675495548345125,0.03448441,0.0010000000000000048,1.0000000000000095e-06,1.7811303239067502,-0.44194212675473632,0.00051925251353085184,trajectory reached the configured collision radius
84,25,0.78993154798268117,0.3879999999999999,fraction,250,0,collision,nan,0,35.678154297443541,0.034605934999999997,0.001,9.9999999999999995e-07,1.7811324462402502,-0.44194212675546152,0.00051925189632429591,trajectory reached the configured collision radius
84,26,0.78993381815677755,0.3879999999999999,fraction,250,0,collision,nan,0,35.680825259778466,0.052004703999999999,0.0010000000000000024,1.0000000000000048e-06,1.7811345417061657,-0.44194212675619393,0.00051925127299178324,trajectory reached the configured collision radius
84,27,0.78993608833087392,0.3879999999999999,fraction,250,0,collision,nan,0,35.683508554723019,0.035250912000000002,0.0010000000000000005,1.000000000000001e-06,1.7811366102218724,-0.44194212675693312,0.00051925064351537084,trajectory reached the configured collision radius
84,28,0.78993835850497041,0.3879999999999999,fraction,250,0,collision,nan,0,35.686204303433151,0.035995109999999997,0.0010000000000000009,1.0000000000000019e-06,1.7811386517044057,-0.44194212675767985,0.00051925000787700403,trajectory reached the configured collision radius
84,29,0.78994062867906678,0.3879999999999999,fraction,250,0,collision,nan,0,35.68891262890002,0.035912675999999998,0.0010000000000000013,1.0000000000000027e-06,1.7811406660704734,-0.44194212675843392,0.00051924936605846322,trajectory reached the configured collision radius
84,30,0.78994289885316327,0.3879999999999999,fraction,250,0,collision,nan,0,35.691633655986422,0.039695243999999998,0.0010000000000000002,1.0000000000000004e-06,1.7811426532363892,-0.44194212675919553,0.00051924871804139331,trajectory reached the configured collision radius
84,31,0.78994516902725964,0.3879999999999999,fraction,250,0,collision,nan,0,35.694367511451674,0.036010682000000002,0.0010000000000000035,1.0000000000000069e-06,1.781144613118171,-0.44194212675996392,0.00051924806380731201,trajectory reached the configured collision radius
84,32,0.78994743920135613,0.3879999999999999,fraction,250,0,collision,nan,0,35.69711432401143,0.035451470999999998,0.001,9.9999999999999995e-07,1.7811465456314732,-0.44194212676073996,0.00051924740333757636,trajectory reached the configured collision radius
84,33,0.7899497093754525,0.3879999999999999,fraction,250,0,collision,nan,0,35.699874224368784,0.03951329,0.0010000000000000096,1.0000000000000192e-06,1.7811484506916329,-0.44194212676152356,0.00051924673661339258,trajectory reached the configured collision radius
84,34,0.78995197954954888,0.3879999999999999,fraction,250,0,collision,nan,0,35.702647345239811,0.059605944000000001,0.001,9.9999999999999995e-07,1.7811503282135284,-0.44194212676231426,0.0005192460636157868,trajectory reached the configured collision radius
84,35,0.78995424972364536,0.3879999999999999,fraction,250,0,collision,nan,0,35.705433821431733,0.035783512000000003,0.0010000000000000054,1.000000000000011e-06,1.7811521781117647,-0.4419421267631124,0.00051924538432567317,trajectory reached the configured collision radius
84,36,0.78995651989774174,0.3879999999999999,fraction,250,0,collision,nan,0,35.708233789847583,0.035814991999999997,0.0010000000000000002,1.0000000000000004e-06,1.7811540003005661,-0.44194212676391814,0.00051924469872377142,trajectory reached the configured collision radius
84,37,0.78995879007183822,0.3879999999999999,fraction,250,0,collision,nan,0,35.711047389549378,0.035613823000000003,0.0010000000000000013,1.0000000000000027e-06,1.7811557946937027,-0.44194212676473071,0.0005192440067906327,trajectory reached the configured collision radius
85,19,0.78991792693810259,0.40416666666666656,fraction,250,0,collision,nan,0,35.69197844964895,0.035128553,0.001,9.9999999999999995e-07,1.7812107579287639,-0.44194212673922323,0.00051926571624428576,trajectory reached the configured collision radius
85,20,0.78992019711219896,0.40416666666666656,fraction,250,0,collision,nan,0,35.694596930628478,0.035256043000000001,0.0010000000000000057,1.0000000000000114e-06,1.7812124820149156,-0.4419421267400353,0.00051926502549120906,trajectory reached the configured collision radius
85,21,0.78992246728629545,0.40416666666666656,fraction,250,0,collision,nan,0,35.697227279918003,0.050832231999999998,0.001,9.9999999999999995e-07,1.7812141796736807,-0.44194212674085354,0.00051926432877574444,trajectory reached the configured collision radius
85,22,0.78992473746039182,0.40416666666666656,fraction,250,0,collision,nan,0,35.699869612010076,0.035126950999999997,0.0010000000000000093,1.0000000000000186e-06,1.7812158508244083,-0.44194212674167932,0.00051926362608051572,trajectory reached the configured collision radius
85,23,0.78992700763448831,0.40416666666666656,fraction,250,0,collision,nan,0,35.702524043098371,0.034842225999999997,0.001,9.9999999999999995e-07,1.7812174953861872,-0.44194212674251215,0.00051926291738800436,trajectory reached the configured collision radius
85,24,0.78992927780858468,0.40416666666666656,fraction,250,0,collision,nan,0,35.705190691110325,0.040106487000000003,0.0010000000000000085,1.0000000000000169e-06,1.781219113277638,-0.44194212674335182,0.00051926220268055836,trajectory reached the configured collision radius
85,25,0.78993154798268117,0.40416666666666656,fraction,250,0,collision,nan,0,35.707869675740632,0.038845295000000002,0.001,9.9999999999999995e-07,1.7812207044170976,-0.44194212674419875,0.00051926148194036503,trajectory reached the configured collision radius
85,26,0.78993381815677755,0.40416666666666656,fraction,250,0,collision,nan,0,35.710561118489451,0.034898196999999999,0.0010000000000000044,1.0000000000000086e-06,1.7812222687225117,-0.44194212674505245,0.00051926075514949655,trajectory reached the configured collision radius
85,27,0.78993608833087392,0.40416666666666656,fraction,250,0,collision,nan,0,35.713265142691689,0.056523761999999998,0.0010000000000000002,1.0000000000000004e-06,1.7812238061114034,-0.44194212674591388,0.00051926002228984836,trajectory reached the configured collision radius
85,28,0.78993835850497041,0.40416666666666656,fraction,250,0,collision,nan,0,35.715981873567067,0.036318350999999999,0.0010000000000000018,1.0000000000000036e-06,1.7812253165009397,-0.44194212674678202,0.00051925928334316653,trajectory reached the configured collision radius
85,29,0.78994062867906678,0.40416666666666656,fraction,250,0,collision,nan,0,35.718711438249173,0.035848781000000003,0.0010000000000000005,1.000000000000001e-06,1.7812267998079225,-0.44194212674765726,0.00051925853829104074,trajectory reached the configured collision radius
85,30,0.78994289885316327,0.40416666666666656,fraction,250,0,collision,nan,0,35.721453965828346,0.035132132000000003,0.0010000000000000005,1.000000000000001e-06,1.7812282559487196,-0.44194212674854005,0.00051925778711491759,trajectory reached the configured collision radius
85,31,0.78994516902725964,0.40416666666666656,fraction,250,0,collision,nan,0,35.724209587383683,0.038462407999999997,0.0010000000000000026,1.0000000000000052e-06,1.7812296848392937,-0.44194212674942968,0.00051925702979605263,trajectory reached the configured collision radius
85,32,0.78994743920135613,0.40416666666666656,fraction,250,0,collision,nan,0,35.726978436041712,0.035839960999999997,0.001,9.9999999999999995e-07,1.7812310863952616,-0.44194212675032668,0.00051925626631554715,trajectory reached the configured collision radius
85,33,0.7899497093754525,0.40416666666666656,fraction,250,0,collision,nan,0,35.729760647000269,0.056981635000000003,0.0010000000000000078,1.0000000000000156e-06,1.7812324605317116,-0.44194212675123107,0.00051925549665431505,trajectory reached the configured collision radius
85,34,0.78995197954954888,0.40416666666666656,fraction,250,0,collision,nan,0,35.73255635758526,0.034510434999999999,0.001,9.9999999999999995e-07,1.7812338071634142,-0.44194212675214278,0.0005192547207931124,trajectory reached the configured collision radius
85,35,0.78995424972364536,0.40416666666666656,fraction,250,0,collision,nan,0,35.735365707286796,0.035638778000000003,0.0010000000000000063,1.0000000000000127e-06,1.7812351262046358,-0.44194212675306149,0.0005192539387125091,trajectory reached the configured collision radius
85,36,0.78995651989774174,0.40416666666666656,fraction,250,0,collision,nan,0,35.738188837821866,0.034923508999999998,0.0010000000000000002,1.0000000000000004e-06,1.7812364175692703,-0.44194212675398742,0.00051925315039287026,trajectory reached the configured collision radius
85,37,0.78995879007183822,0.40416666666666656,fraction,250,0,collision,nan,0,35.741025893142584,0.034971945999999997,0.0010000000000000013,1.0000000000000027e-06,1.7812376811707242,-0.44194212675492139,0.00051925235581439693,trajectory reached the configured collision radius
86,19,0.78991792693810259,0.42033333333333323,fraction,250,0,collision,nan,0,35.722555361449672,0.035201312999999998,0.001,9.9999999999999995e-07,1.7812991230503645,-0.44194212672863054,0.00051927473183229335,trajectory reached the configured collision radius
86,20,0.78992019711219896,0.42033333333333323,fraction,250,0,collision,nan,0,35.725194511637142,0.035057667000000001,0.0010000000000000085,1.0000000000000169e-06,1.7813003060568133,-0.44194212672956396,0.00051927393730724365,trajectory reached the configured collision radius
86,21,0.78992246728629545,0.42033333333333323,fraction,250,0,collision,nan,0,35.727845776404948,0.034519156000000002,0.001,9.9999999999999995e-07,1.7813014626977279,-0.44194212673050459,0.00051927313690106947,trajectory reached the configured collision radius
86,22,0.78992473746039182,0.42033333333333323,fraction,250,0,collision,nan,0,35.730509274192023,0.034973789999999998,0.0010000000000000048,1.0000000000000095e-06,1.7813025928926258,-0.44194212673145189,0.00051927233059624643,trajectory reached the configured collision radius
86,23,0.78992700763448831,0.42033333333333323,fraction,250,0,collision,nan,0,35.733185125204535,0.034516581999999997,0.001,9.9999999999999995e-07,1.7813036965605036,-0.44194212673240624,0.00051927151837502105,trajectory reached the configured collision radius
86,24,0.78992927780858468,0.42033333333333323,fraction,250,0,collision,nan,0,35.735873451470361,0.044828482000000003,0.0010000000000000022,1.0000000000000044e-06,1.7813047736200434,-0.44194212673336752,0.00051927070021954679,trajectory reached the configured collision radius
86,25,0.78993154798268117,0.42033333333333323,fraction,250,0,collision,nan,0,35.738574376873416,0.040447584000000002,0.0010000000000000005,1.000000000000001e-06,1.781305823989459,-0.44194212673433586,0.00051926987611177692,trajectory reached the configured collision radius
86,26,0.78993381815677755,0.42033333333333323,fraction,250,0,collision,nan,0,35.741288027183067,0.035169249,0.0010000000000000007,1.0000000000000014e-06,1.7813068475865124,-0.44194212673531097,0.00051926904603350496,trajectory reached the configured collision radius
86,27,0.78993608833087392,0.42033333333333323,fraction,250,0,collision,nan,0,35.744014530098738,0.034767302,0.0010000000000000015,1.0000000000000031e-06,1.7813078443285764,-0.44194212673629346,0.00051926820996636236,trajectory reached the configured collision radius
86,28,0.78993835850497041,0.42033333333333323,fraction,250,0,collision,nan,0,35.74675401528814,0.056463241999999997,0.0010000000000000002,1.0000000000000004e-06,1.7813088141324969,-0.44194212673728295,0.00051926736789179734,trajectory reached the configured collision radius
86,29,0.78994062867906678,0.42033333333333323,fraction,250,0,collision,nan,0,35.749506614433734,0.036117639,0.001000000000000005,1.0000000000000101e-06,1.781309756914792,-0.44194212673827965,0.00051926651979108702,trajectory reached the configured collision radius
86,30,0.78994289885316327,0.42033333333333323,fraction,250,0,collision,nan,0,35.752272461264276,0.035080526000000001,0.001,9.9999999999999995e-07,1.7813106725913852,-0.44194212673928301,0.00051926566564530503,trajectory reached the configured collision radius
86,31,0.78994516902725964,0.42033333333333323,fraction,250,0,collision,nan,0,35.755051691598879,0.034685081,0.0010000000000000109,1.0000000000000218e-06,1.7813115610777868,-0.44194212674029354,0.00051926480543536561,trajectory reached the configured collision radius
86,32,0.78994743920135613,0.42033333333333323,fraction,250,0,collision,nan,0,35.757844443407002,0.036868603,0.001,9.9999999999999995e-07,1.7813124222890406,-0.44194212674131139,0.00051926393914197627,trajectory reached the configured collision radius
86,33,0.7899497093754525,0.42033333333333323,fraction,250,0,collision,nan,0,35.760650856830146,0.034621669000000001,0.0010000000000000035,1.0000000000000069e-06,1.7813132561396461,-0.44194212674233657,0.00051926306674564499,trajectory reached the configured collision radius
86,34,0.78995197954954888,0.42033333333333323,fraction,250,0,collision,nan,0,35.763471074241771,0.035889208999999998,0.0010000000000000002,1.0000000000000004e-06,1.7813140625436494,-0.44194212674336897,0.00051926218822667138,trajectory reached the configured collision radius
86,35,0.78995424972364536,0.42033333333333323,fraction,250,0,collision,nan,0,35.766305240297974,0.035114073000000003,0.0010000000000000007,1.0000000000000014e-06,1.7813148414145894,-0.44194212674440819,0.0005192613035651534,trajectory reached the configured collision radius
86,36,0.78995651989774174,0.42033333333333323,fraction,250,0,collision,nan,0,35.769153501974024,0.036279285000000001,0.0010000000000000024,1.0000000000000048e-06,1.7813155926654456,-0.44194212674545513,0.00051926041274099927,trajectory reached the configured collision radius
86,37,0.78995879007183822,0.42033333333333323,fraction,250,0,collision,nan,0,35.772016008621485,0.034818413999999999,0.001,9.9999999999999995e-07,1.7813163162086629,-0.44194212674650879,0.00051925951573383422,trajectory reached the configured collision radius
87,19,0.78991792693810259,0.43649999999999989,fraction,250,0,collision,nan,0,35.754176236391565,0.03551605,0.0010000000000000022,1.0000000000000044e-06,1.7813838905534083,-0.4419421267195745,0.00051928243896698964,trajectory reached the configured collision radius
87,20,0.78992019711219896,0.43649999999999989,fraction,250,0,collision,nan,0,35.756837849998746,0.036917585000000003,0.0010000000000000002,1.0000000000000004e-06,1.7813845234880017,-0.44194212672062971,0.00051928154106891452,trajectory reached the configured collision radius
87,21,0.78992246728629545,0.43649999999999989,fraction,250,0,collision,nan,0,35.759511847178672,0.056758294000000001,0.0010000000000000048,1.0000000000000095e-06,1.7813851301470811,-0.44194212672169181,0.00051928063737577911,trajectory reached the configured collision radius
87,22,0.78992473746039182,0.43649999999999989,fraction,250,0,collision,nan,0,35.762198350685708,0.058674468,0.001,9.9999999999999995e-07,1.781385710449704,-0.44194212672276001,0.0005192797278697111,trajectory reached the configured collision radius
87,23,0.78992700763448831,0.43649999999999989,fraction,250,0,collision,nan,0,35.764897485163722,0.034786122000000003,0.00100000000000001,1.0000000000000201e-06,1.7813862643145852,-0.44194212672383593,0.00051927881253268672,trajectory reached the configured collision radius
87,24,0.78992927780858468,0.43649999999999989,fraction,250,0,collision,nan,0,35.767609377147309,0.035383906,0.001,9.9999999999999995e-07,1.7813867916598376,-0.44194212672491812,0.00051927789134646176,trajectory reached the configured collision radius
87,25,0.78993154798268117,0.43649999999999989,fraction,250,0,collision,nan,0,35.770334155123777,0.035253496000000002,0.0010000000000000065,1.0000000000000131e-06,1.7813872924031269,-0.44194212672600719,0.00051927696429267256,trajectory reached the configured collision radius
87,26,0.78993381815677755,0.43649999999999989,fraction,250,0,collision,nan,0,35.773071949569193,0.035239702999999997,0.001,9.9999999999999995e-07,1.781387766461664,-0.44194212672710365,0.0005192760313526949,trajectory reached the configured collision radius
87,27,0.78993608833087392,0.43649999999999989,fraction,250,0,collision,nan,0,35.775822892976358,0.034614342999999999,0.0010000000000000024,1.0000000000000048e-06,1.7813882137520261,-0.4419421267282066,0.00051927509250775821,trajectory reached the configured collision radius
87,28,0.78993835850497041,0.43649999999999989,fraction,250,0,collision,nan,0,35.778587119925852,0.034268911999999999,0.0010000000000000005,1.000000000000001e-06,1.7813886341903913,-0.44194212672931682,0.00051927414773887204,trajectory reached the configured collision radius
87,29,0.78994062867906678,0.43649999999999989,fraction,250,0,collision,nan,0,35.781364767099177,0.034579270000000002,0.0010000000000000005,1.000000000000001e-06,1.7813890276923392,-0.4419421267304337,0.00051927319702684677,trajectory reached the configured collision radius
87,30,0.78994289885316327,0.43649999999999989,fraction,250,0,collision,nan,0,35.78415597333958,0.034956448000000001,0.0010000000000000022,1.0000000000000044e-06,1.7813893941728915,-0.44194212673155803,0.00051927224035226976,trajectory reached the configured collision radius
87,31,0.78994516902725964,0.43649999999999989,fraction,250,0,collision,nan,0,35.786960879689197,0.035811771999999999,0.001,9.9999999999999995e-07,1.7813897335465312,-0.44194212673268901,0.00051927127769553396,trajectory reached the configured collision radius
87,32,0.78994743920135613,0.43649999999999989,fraction,250,0,collision,nan,0,35.789779629445071,0.040455541999999997,0.001000000000000008,1.000000000000016e-06,1.7813900457271621,-0.4419421267338271,0.00051927030903680294,trajectory reached the configured collision radius
87,33,0.7899497093754525,0.43649999999999989,fraction,250,0,collision,nan,0,35.792612368207173,0.035419026999999999,0.001,9.9999999999999995e-07,1.7813903306281378,-0.44194212673497252,0.00051926933435600734,trajectory reached the configured collision radius
87,34,0.78995197954954888,0.43649999999999989,fraction,250,0,collision,nan,0,35.795459243912873,0.034554224000000001,0.0010000000000000052,1.0000000000000105e-06,1.7813905881621841,-0.4419421267361246,0.00051926835363286271,trajectory reached the configured collision radius
87,35,0.78995424972364536,0.43649999999999989,fraction,250,0,collision,nan,0,35.798320406900295,0.040911376999999999,0.0010000000000000002,1.0000000000000004e-06,1.7813908182413896,-0.44194212673728395,0.00051926736684681553,trajectory reached the configured collision radius
87,36,0.78995651989774174,0.43649999999999989,fraction,250,0,collision,nan,0,35.801196009967093,0.036247305,0.0010000000000000009,1.0000000000000019e-06,1.7813910207772858,-0.44194212673845068,0.00051926637397710297,trajectory reached the configured collision radius
87,37,0.78995879007183822,0.43649999999999989,fraction,250,0,collision,nan,0,35.804086208403568,0.035861485999999998,0.001000000000000002,1.000000000000004e-06,1.7813911956806976,-0.44194212673962435,0.00051926537500267603,trajectory reached the configured collision radius
88,19,0.78991792693810259,0.45266666666666655,fraction,250,0,collision,nan,0,35.786911769414367,0.035487142999999999,0.001,9.9999999999999995e-07,1.7814644920793807,-0.44194212671220318,0.00051928871240232693,trajectory reached the configured collision radius
88,20,0.78992019711219896,0.45266666666666655,fraction,250,0,collision,nan,0,35.789597864090666,0.034973187000000003,0.0010000000000000059,1.0000000000000118e-06,1.7814645667720759,-0.44194212671337896,0.00051928771181247637,trajectory reached the configured collision radius
88,21,0.78992246728629545,0.45266666666666655,fraction,250,0,collision,nan,0,35.792296637086913,0.036353517000000002,0.001,9.9999999999999995e-07,1.781464615304599,-0.44194212671456123,0.0005192867055175079,trajectory reached the configured collision radius
88,22,0.78992473746039182,0.45266666666666655,fraction,250,0,collision,nan,0,35.795008215939859,0.035024184,0.0010000000000000115,1.000000000000023e-06,1.7814646375951704,-0.44194212671575045,0.00051928569349914957,trajectory reached the configured collision radius
88,23,0.78992700763448831,0.45266666666666655,fraction,250,0,collision,nan,0,35.797732730165514,0.035239253999999998,0.001,9.9999999999999995e-07,1.7814646335615305,-0.4419421267169466,0.00051928467573886185,trajectory reached the configured collision radius
88,24,0.78992927780858468,0.45266666666666655,fraction,250,0,collision,nan,0,35.800470311294916,0.034807444999999999,0.001000000000000005,1.0000000000000101e-06,1.781464603120789,-0.44194212671814914,0.00051928365221796523,trajectory reached the configured collision radius
88,25,0.78993154798268117,0.45266666666666655,fraction,250,0,collision,nan,0,35.803221092897928,0.035332901,0.001,9.9999999999999995e-07,1.7814645461895173,-0.44194212671935851,0.00051928262291753128,trajectory reached the configured collision radius
88,26,0.78993381815677755,0.45266666666666655,fraction,250,0,collision,nan,0,35.805985210649347,0.035775229999999998,0.0010000000000000015,1.0000000000000031e-06,1.7814644626836427,-0.44194212672057448,0.00051928158781841299,trajectory reached the configured collision radius
88,27,0.78993608833087392,0.45266666666666655,fraction,250,0,collision,nan,0,35.808762802349925,0.036168802999999999,0.0010000000000000009,1.0000000000000019e-06,1.7814643525185279,-0.44194212672179795,0.00051928054690124825,trajectory reached the configured collision radius
88,28,0.78993835850497041,0.45266666666666655,fraction,250,0,collision,nan,0,35.811554007996925,0.035318464000000001,0.0010000000000000002,1.0000000000000004e-06,1.7814642156089133,-0.44194212672302752,0.00051927950014647273,trajectory reached the configured collision radius
88,29,0.78994062867906678,0.45266666666666655,fraction,250,0,collision,nan,0,35.814358969804708,0.034592715000000003,0.0010000000000000035,1.0000000000000069e-06,1.7814640518688776,-0.44194212672426436,0.00051927844753423599,trajectory reached the configured collision radius
88,30,0.78994289885316327,0.45266666666666655,fraction,250,0,collision,nan,0,35.817177832268548,0.035466377,0.001,9.9999999999999995e-07,1.7814638612118554,-0.44194212672550826,0.00051927738904447812,trajectory reached the configured collision radius
88,31,0.78994516902725964,0.45266666666666655,fraction,250,0,collision,nan,0,35.820010742213285,0.034738827,0.0010000000000000113,1.0000000000000226e-06,1.7814636435506535,-0.44194212672675903,0.00051927632465690243,trajectory reached the configured collision radius
88,32,0.78994743920135613,0.45266666666666655,fraction,250,0,collision,nan,0,35.822857848835817,0.035498839999999997,0.001,9.9999999999999995e-07,1.7814633987973545,-0.44194212672801647,0.00051927525435092469,trajectory reached the configured collision radius
88,33,0.7899497093754525,0.45266666666666655,fraction,250,0,collision,nan,0,35.825719303760465,0.034994967000000002,0.0010000000000000031,1.0000000000000061e-06,1.7814631268633609,-0.4419421267292809,0.00051927417810573666,trajectory reached the configured collision radius
88,34,0.78995197954954888,0.45266666666666655,fraction,250,0,collision,nan,0,35.828595261086235,0.034527351999999997,0.0010000000000000005,1.000000000000001e-06,1.7814628276593594,-0.44194212673055266,0.00051927309590022938,trajectory reached the configured collision radius
88,35,0.78995424972364536,0.45266666666666655,fraction,250,0,collision,nan,0,35.831485877447356,0.035570122000000003,0.0010000000000000002,1.0000000000000004e-06,1.7814625010953258,-0.44194212673183136,0.00051927200771304991,trajectory reached the configured collision radius
88,36,0.78995651989774174,0.45266666666666655,fraction,250,0,collision,nan,0,35.834391312083042,0.034492004999999999,0.0010000000000000039,1.0000000000000078e-06,1.7814621470804373,-0.44194212673311689,0.00051927091352253871,trajectory reached the configured collision radius
88,37,0.78995879007183822,0.45266666666666655,fraction,250,0,collision,nan,0,35.837311726860122,0.034978753000000001,0.001,9.9999999999999995e-07,1.7814617655231744,-0.44194212673440975,0.0005192698133067576,trajectory reached the configured collision radius
89,19,0.78991792693810259,0.46883333333333321,fraction,250,0,collision,nan,0,35.820839545262601,0.034563325999999998,0.0010000000000000024,1.0000000000000048e-06,1.7815403022064591,-0.44194212670667532,0.00051929341700986218,trajectory reached the configured collision radius
89,20,0.78992019711219896,0.46883333333333321,fraction,250,0,collision,nan,0,35.823552398397297,0.051540241000000001,0.0010000000000000005,1.000000000000001e-06,1.7815398114089771,-0.44194212670797062,0.00051929231471669701,trajectory reached the configured collision radius
89,21,0.78992246728629545,0.46883333333333321,fraction,250,0,collision,nan,0,35.826278253927185,0.036021818999999997,0.0010000000000000007,1.0000000000000014e-06,1.7815392945884472,-0.44194212670927219,0.00051929120681126534,trajectory reached the configured collision radius
89,22,0.78992473746039182,0.46883333333333321,fraction,250,0,collision,nan,0,35.829017244721214,0.035264704000000001,0.0010000000000000018,1.0000000000000036e-06,1.7815387516616137,-0.44194212671058075,0.00051929009327464251,trajectory reached the configured collision radius
89,23,0.78992700763448831,0.46883333333333321,fraction,250,0,collision,nan,0,35.831769505691192,0.035313580999999997,0.0010000000000000002,1.0000000000000004e-06,1.7815381825445178,-0.4419421267118957,0.00051928897408769236,trajectory reached the configured collision radius
89,24,0.78992927780858468,0.46883333333333321,fraction,250,0,collision,nan,0,35.83453517389686,0.034798170000000003,0.001000000000000005,1.0000000000000101e-06,1.7815375871526182,-0.44194212671321759,0.00051928784923104411,trajectory reached the configured collision radius
89,25,0.78993154798268117,0.46883333333333321,fraction,250,0,collision,nan,0,35.837314388555363,0.035500704000000001,0.001,9.9999999999999995e-07,1.7815369654006465,-0.44194212671454608,0.00051928671868506371,trajectory reached the configured collision radius
89,26,0.78993381815677755,0.46883333333333321,fraction,250,0,collision,nan,0,35.840107291106307,0.041259009999999999,0.0010000000000000098,1.0000000000000196e-06,1.7815363172025966,-0.44194212671588101,0.00051928558242989541,trajectory reached the configured collision radius
89,27,0.78993608833087392,0.46883333333333321,fraction,250,0,collision,nan,0,35.842914025242983,0.035105985999999999,0.001,9.9999999999999995e-07,1.7815356424718125,-0.44194212671722283,0.00051928444044540341,trajectory reached the configured collision radius
89,28,0.78993835850497041,0.46883333333333321,fraction,250,0,collision,nan,0,35.845734736975132,0.042002681,0.0010000000000000028,1.0000000000000057e-06,1.7815349411208681,-0.44194212671857119,0.00051928329271120656,trajectory reached the configured collision radius
89,29,0.78994062867906678,0.46883333333333321,fraction,250,0,collision,nan,0,35.848569574662882,0.034994112000000001,0.0010000000000000005,1.000000000000001e-06,1.7815342130615763,-0.44194212671992678,0.00051928213920665264,trajectory reached the configured collision radius
89,30,0.78994289885316327,0.46883333333333321,fraction,250,0,collision,nan,0,35.851418689084213,0.035645926000000001,0.0010000000000000005,1.000000000000001e-06,1.7815334582049571,-0.44194212672128907,0.00051928097991080669,trajectory reached the configured collision radius
89,31,0.78994516902725964,0.46883333333333321,fraction,250,0,collision,nan,0,35.854282233472766,0.034572605999999999,0.0010000000000000031,1.0000000000000061e-06,1.7815326764613064,-0.44194212672265792,0.00051927981480244902,trajectory reached the configured collision radius
89,32,0.78994743920135613,0.46883333333333321,fraction,250,0,collision,nan,0,35.857160363577627,0.036126697999999999,0.001,9.9999999999999995e-07,1.7815318677400036,-0.44194212672403377,0.0005192786438600785,trajectory reached the configured collision radius
89,33,0.7899497093754525,0.46883333333333321,fraction,250,0,collision,nan,0,35.860053237731499,0.035046439999999998,0.0010000000000000109,1.0000000000000218e-06,1.781531031949694,-0.44194212672541666,0.00051927746706188153,trajectory reached the configured collision radius
89,34,0.78995197954954888,0.46883333333333321,fraction,250,0,collision,nan,0,35.862961016880433,0.068404200999999998,0.001,9.9999999999999995e-07,1.7815301689981071,-0.44194212672680622,0.00051927628438573202,trajectory reached the configured collision radius
89,35,0.78995424972364536,0.46883333333333321,fraction,250,0,collision,nan,0,35.865883864659345,0.042986046999999999,0.001000000000000002,1.000000000000004e-06,1.7815292787921109,-0.44194212672820293,0.00051927509580921172,trajectory reached the configured collision radius
89,36,0.78995651989774174,0.46883333333333321,fraction,250,0,collision,nan,0,35.868821947460127,0.059004371999999999,0.0010000000000000011,1.0000000000000023e-06,1.7815283612376696,-0.44194212672960631,0.00051927390130955325,trajectory reached the configured collision radius
89,37,0.78995879007183822,0.46883333333333321,fraction,250,0,collision,nan,0,35.871775434466606,0.035785393999999998,0.001,9.9999999999999995e-07,1.7815274162398476,-0.44194212673101668,0.00051927270086367632,trajectory reached the configured collision radius
90,19,0.78991792693810259,0.48499999999999988,fraction,250,0,collision,nan,0,35.85604489577473,0.035032756999999998,0.0010000000000000013,1.0000000000000027e-06,1.7816106322473295,-0.44194212670316207,0.00051929640703159521,trajectory reached the configured collision radius
90,20,0.78992019711219896,0.48499999999999988,fraction,250,0,collision,nan,0,35.85878708810786,0.036254607000000001,0.0010000000000000009,1.0000000000000019e-06,1.7816095697414658,-0.44194212670457511,0.00051929520435762243,trajectory reached the configured collision radius
90,21,0.78992246728629545,0.48499999999999988,fraction,250,0,collision,nan,0,35.86154264052567,0.034665514000000001,0.0010000000000000002,1.0000000000000004e-06,1.7816084813665314,-0.44194212670599453,0.00051929399616576337,trajectory reached the configured collision radius
90,22,0.78992473746039182,0.48499999999999988,fraction,250,0,collision,nan,0,35.864311691776969,0.036333827999999999,0.0010000000000000031,1.0000000000000061e-06,1.7816073670369661,-0.44194212670742111,0.00051929278243630604,trajectory reached the configured collision radius
90,23,0.78992700763448831,0.48499999999999988,fraction,250,0,collision,nan,0,35.867094382832036,0.035410158999999997,0.001,9.9999999999999995e-07,1.7816062266664725,-0.44194212670885386,0.00051929156314927392,trajectory reached the configured collision radius
90,24,0.78992927780858468,0.48499999999999988,fraction,250,0,collision,nan,0,35.869890856896212,0.035172084999999999,0.0010000000000000098,1.0000000000000196e-06,1.7816050601679008,-0.44194212671029265,0.0005192903382844039,trajectory reached the configured collision radius
90,25,0.78993154798268117,0.48499999999999988,fraction,250,0,collision,nan,0,35.872701259487883,0.034190951999999997,0.001,9.9999999999999995e-07,1.7816038674533163,-0.44194212671173883,0.00051928910782115948,trajectory reached the configured collision radius
90,26,0.78993381815677755,0.48499999999999988,fraction,250,0,collision,nan,0,35.875525738466237,0.035921954999999998,0.0010000000000000046,1.0000000000000091e-06,1.7816026484339442,-0.44194212671319122,0.00051928787173872852,trajectory reached the configured collision radius
90,27,0.78993608833087392,0.48499999999999988,fraction,250,0,collision,nan,0,35.878364444091851,0.035214446000000003,0.001,9.9999999999999995e-07,1.7816014030201406,-0.44194212671465,0.00051928663001600463,trajectory reached the configured collision radius
90,28,0.78993835850497041,0.48499999999999988,fraction,250,0,collision,nan,0,35.881217529077318,0.03446188,0.0010000000000000007,1.0000000000000014e-06,1.7816001311213798,-0.44194212671611588,0.00051928538263156031,trajectory reached the configured collision radius
90,29,0.78994062867906678,0.48499999999999988,fraction,250,0,collision,nan,0,35.884085148641454,0.035310899999999999,0.0010000000000000018,1.0000000000000036e-06,1.7815988326462708,-0.44194212671758826,0.00051928412956368341,trajectory reached the configured collision radius
90,30,0.78994289885316327,0.48499999999999988,fraction,250,0,collision,nan,0,35.886967460558431,0.034903765000000003,0.001,9.9999999999999995e-07,1.7815975075024386,-0.44194212671906719,0.0005192828707903176,trajectory reached the configured collision radius
90,31,0.78994516902725964,0.48499999999999988,fraction,250,0,collision,nan,0,35.889864625236285,0.035606541999999998,0.0010000000000000093,1.0000000000000186e-06,1.7815961555966082,-0.44194212672055305,0.00051928160628911095,trajectory reached the configured collision radius
90,32,0.78994743920135613,0.48499999999999988,fraction,250,0,collision,nan,0,35.892776805730982,0.037815917999999997,0.001,9.9999999999999995e-07,1.7815947768345055,-0.44194212672204553,0.00051928033603733641,trajectory reached the configured collision radius
90,33,0.7899497093754525,0.48499999999999988,fraction,250,0,collision,nan,0,35.895704167850639,0.034772155999999999,0.0010000000000000033,1.0000000000000065e-06,1.7815933711208607,-0.44194212672354499,0.00051927906001195167,trajectory reached the configured collision radius
90,34,0.78995197954954888,0.48499999999999988,fraction,250,0,collision,nan,0,35.89864688019734,0.035813070000000002,0.0010000000000000005,1.000000000000001e-06,1.7815919383594012,-0.44194212672505095,0.00051927777818954021,trajectory reached the configured collision radius
90,35,0.78995424972364536,0.48499999999999988,fraction,250,0,collision,nan,0,35.901605114223763,0.035244854999999999,0.0010000000000000002,1.0000000000000004e-06,1.7815904784527392,-0.4419421267265643,0.00051927649054634133,trajectory reached the configured collision radius
90,36,0.78995651989774174,0.48499999999999988,fraction,250,0,collision,nan,0,35.904579044320009,0.034770051000000003,0.0010000000000000057,1.0000000000000114e-06,1.7815889913024601,-0.44194212672808381,0.00051927519705818968,trajectory reached the configured collision radius
90,37,0.78995879007183822,0.48499999999999988,fraction,250,0,collision,nan,0,35.907568847836494,0.036856571999999997,0.001,9.9999999999999995e-07,1.7815874768090059,-0.4419421267296107,0.00051927389770055582,trajectory reached the configured collision radius
91,19,0.78991792693810259,0.50116666666666654,fraction,250,0,collision,nan,0,35.892621879004771,0.035158382000000002,0.001,9.9999999999999995e-07,1.781674723430235,-0.44194212670184824,0.00051929752533082186,trajectory reached the configured collision radius
91,20,0.78992019711219896,0.50116666666666654,fraction,250,0,collision,nan,0,35.895396347345446,0.035681995000000001,0.0010000000000000059,1.0000000000000118e-06,1.7816730841438038,-0.44194212670337696,0.00051929622396103053,trajectory reached the configured collision radius
91,21,0.78992246728629545,0.50116666666666654,fraction,250,0,collision,nan,0,35.898184572111333,0.035990696000000003,0.001,9.9999999999999995e-07,1.7816714191529095,-0.44194212670491251,0.00051929491716771158,trajectory reached the configured collision radius
91,22,0.78992473746039182,0.50116666666666654,fraction,250,0,collision,nan,0,35.900986698655949,0.053738161,0.0010000000000000018,1.0000000000000036e-06,1.7816697283687075,-0.44194212670645466,0.0005192936049301163,trajectory reached the configured collision radius
91,23,0.78992700763448831,0.50116666666666654,fraction,250,0,collision,nan,0,35.903802874702244,0.04513619,0.0010000000000000009,1.0000000000000019e-06,1.7816680117014214,-0.44194212670800298,0.00051929228722715523,trajectory reached the configured collision radius
91,24,0.78992927780858468,0.50116666666666654,fraction,250,0,collision,nan,0,35.90663325035144,0.037446599999999997,0.0010000000000000002,1.0000000000000004e-06,1.7816662690604084,-0.44194212670955768,0.00051929096403747848,trajectory reached the configured collision radius
91,25,0.78993154798268117,0.50116666666666654,fraction,250,0,collision,nan,0,35.909477978163686,0.035811475000000002,0.0010000000000000046,1.0000000000000091e-06,1.7816645003539546,-0.44194212671111865,0.00051928963533936601,trajectory reached the configured collision radius
91,26,0.78993381815677755,0.50116666666666654,fraction,250,0,collision,nan,0,35.912337213187307,0.035835551,0.001,9.9999999999999995e-07,1.7816627054894023,-0.44194212671268657,0.00051928830111080818,trajectory reached the configured collision radius
91,27,0.78993608833087392,0.50116666666666654,fraction,250,0,collision,nan,0,35.915211113050802,0.035243716000000001,0.0010000000000000083,1.0000000000000165e-06,1.7816608843730573,-0.44194212671426081,0.00051928696132941873,trajectory reached the configured collision radius
91,28,0.78993835850497041,0.50116666666666654,fraction,250,0,collision,nan,0,35.918099837980321,0.035694141999999998,0.001,9.9999999999999995e-07,1.781659036910185,-0.44194212671584165,0.00051928561597249184,trajectory reached the configured collision radius
91,29,0.78994062867906678,0.50116666666666654,fraction,250,0,collision,nan,0,35.921003550874751,0.034532285000000003,0.0010000000000000013,1.0000000000000027e-06,1.7816571630049791,-0.44194212671742911,0.00051928426501696395,trajectory reached the configured collision radius
91,30,0.78994289885316327,0.50116666666666654,fraction,250,0,collision,nan,0,35.923922417368324,0.034736138,0.0010000000000000013,1.0000000000000027e-06,1.7816552625604754,-0.44194212671902283,0.00051928290843937953,trajectory reached the configured collision radius
91,31,0.78994516902725964,0.50116666666666654,fraction,250,0,collision,nan,0,35.926856605880964,0.03427351,0.001,9.9999999999999995e-07,1.781653335478605,-0.44194212672062366,0.00051928154621592906,trajectory reached the configured collision radius
91,32,0.78994743920135613,0.50116666666666654,fraction,250,0,collision,nan,0,35.92980628769584,0.034586515999999998,0.0010000000000000085,1.0000000000000169e-06,1.7816513816601525,-0.44194212672223115,0.00051928017832240068,trajectory reached the configured collision radius
91,33,0.7899497093754525,0.50116666666666654,fraction,250,0,collision,nan,0,35.932771637008265,0.036721191,0.001,9.9999999999999995e-07,1.7816494010046409,-0.44194212672384459,0.0005192788047341802,trajectory reached the configured collision radius
91,34,0.78995197954954888,0.50116666666666654,fraction,250,0,collision,nan,0,35.935752830992641,0.038110449999999997,0.0010000000000000028,1.0000000000000057e-06,1.7816473934104113,-0.44194212672546573,0.00051927742542625852,trajectory reached the configured collision radius
91,35,0.78995424972364536,0.50116666666666654,fraction,250,0,collision,nan,0,35.938750049891276,0.035380621000000001,0.0010000000000000007,1.0000000000000014e-06,1.7816453587745131,-0.4419421267270931,0.00051927604037319268,trajectory reached the configured collision radius
91,36,0.78995651989774174,0.50116666666666654,fraction,250,0,collision,nan,0,35.941763477057968,0.034312969999999998,0.001,9.9999999999999995e-07,1.7816432969926557,-0.44194212672872746,0.00051927464954911471,trajectory reached the configured collision radius
91,37,0.78995879007183822,0.50116666666666654,fraction,250,0,collision,nan,0,35.944793299056187,0.035474311000000001,0.0010000000000000083,1.0000000000000165e-06,1.7816412079592736,-0.4419421267303682,0.00051927325292768737,trajectory reached the configured collision radius
92,19,0.78991792693810259,0.5173333333333332,fraction,250,0,collision,nan,0,35.930674396602932,0.035077357000000003,0.0010000000000000033,1.0000000000000065e-06,1.7817317394566219,-0.44194212670293198,0.0005192966026699564,trajectory reached the configured collision radius
92,20,0.78992019711219896,0.5173333333333332,fraction,250,0,collision,nan,0,35.933484497905042,0.034461147999999997,0.0010000000000000005,1.000000000000001e-06,1.7817295195873613,-0.44194212670457461,0.00051929520468205453,trajectory reached the configured collision radius
92,21,0.78992246728629545,0.5173333333333332,fraction,250,0,collision,nan,0,35.936308796687022,0.042253734000000001,0.0010000000000000007,1.0000000000000014e-06,1.781727274180541,-0.44194212670622357,0.00051929380136297727,trajectory reached the configured collision radius
92,22,0.78992473746039182,0.5173333333333332,fraction,250,0,collision,nan,0,35.939147445756554,0.035552354000000001,0.0010000000000000024,1.0000000000000048e-06,1.7817250031428846,-0.44194212670787875,0.00051929239269064083,trajectory reached the configured collision radius
92,23,0.78992700763448831,0.5173333333333332,fraction,250,0,collision,nan,0,35.942000600418254,0.035223035,0.001,9.9999999999999995e-07,1.7817227063800014,-0.44194212670954053,0.00051929097864260212,trajectory reached the configured collision radius
92,24,0.78992927780858468,0.5173333333333332,fraction,250,0,collision,nan,0,35.944868418538732,0.034739797000000003,0.0010000000000000093,1.0000000000000186e-06,1.7817203837964029,-0.44194212671120847,0.00051928955919608856,trajectory reached the configured collision radius
92,25,0.78993154798268117,0.5173333333333332,fraction,250,0,collision,nan,0,35.947751060601277,0.034829602000000001,0.001,9.9999999999999995e-07,1.7817180352953961,-0.44194212671288269,0.00051928813432792304,trajectory reached the configured collision radius
92,26,0.78993381815677755,0.5173333333333332,fraction,250,0,collision,nan,0,35.950648689774219,0.034966469,0.0010000000000000035,1.0000000000000069e-06,1.7817156607791025,-0.44194212671456301,0.00051928670401456159,trajectory reached the configured collision radius
92,27,0.78993608833087392,0.5173333333333332,fraction,250,0,collision,nan,0,35.953561471946948,0.035456459000000003,0.0010000000000000005,1.000000000000001e-06,1.7817132601483843,-0.44194212671625044,0.00051928526823206685,trajectory reached the configured collision radius
92,28,0.78993835850497041,0.5173333333333332,fraction,250,0,collision,nan,0,35.956489575839406,0.035138280000000001,0.0010000000000000005,1.000000000000001e-06,1.7817108333029577,-0.44194212671794375,0.00051928382695610488,trajectory reached the configured collision radius
92,29,0.78994062867906678,0.5173333333333332,fraction,250,0,collision,nan,0,35.959433172986188,0.034796278999999999,0.0010000000000000041,1.0000000000000082e-06,1.7817083801410984,-0.44194212671964378,0.00051928238016192747,trajectory reached the configured collision radius
92,30,0.78994289885316327,0.5173333333333332,fraction,250,0,collision,nan,0,35.962392437889456,0.035876788,0.001,9.9999999999999995e-07,1.7817059005598408,-0.4419421267213503,0.00051928092782434503,trajectory reached the configured collision radius
92,31,0.78994516902725964,0.5173333333333332,fraction,250,0,collision,nan,0,35.965367548010285,0.037705439,0.0010000000000000061,1.0000000000000122e-06,1.7817033944547838,-0.44194212672306332,0.00051927946991774771,trajectory reached the configured collision radius
92,32,0.78994743920135613,0.5173333333333332,fraction,250,0,collision,nan,0,35.96835868389126,0.035722151000000001,0.001,9.9999999999999995e-07,1.7817008617202297,-0.44194212672478306,0.0005192780064160622,trajectory reached the configured collision radius
92,33,0.7899497093754525,0.5173333333333332,fraction,250,0,collision,nan,0,35.971366029197,0.035715935999999997,0.0010000000000000005,1.000000000000001e-06,1.7816983022489186,-0.44194212672650901,0.00051927653729277076,trajectory reached the configured collision radius
92,34,0.78995197954954888,0.5173333333333332,fraction,250,0,collision,nan,0,35.974389770793614,0.035490663999999998,0.0010000000000000039,1.0000000000000078e-06,1.7816957159321514,-0.44194212672824201,0.00051927506252085571,trajectory reached the configured collision radius
92,35,0.78995424972364536,0.5173333333333332,fraction,250,0,collision,nan,0,35.977430098829807,0.035565797000000003,0.001,9.9999999999999995e-07,1.7816931026597136,-0.44194212672998157,0.00051927358207283492,trajectory reached the configured collision radius
92,36,0.78995651989774174,0.5173333333333332,fraction,250,0,collision,nan,0,35.980487206791487,0.035052357999999999,0.0010000000000000048,1.0000000000000095e-06,1.781690462319764,-0.44194212673172772,0.00051927209592070832,trajectory reached the configured collision radius
92,37,0.78995879007183822,0.5173333333333332,fraction,250,0,collision,nan,0,35.983561291615949,0.035199458000000003,0.0010000000000000005,1.000000000000001e-06,1.7816877947988965,-0.44194212673348088,0.00051927060403594535,trajectory reached the configured collision radius
93,19,0.78991792693810259,0.53349999999999986,fraction,250,0,collision,nan,0,35.97031746648608,0.036066380000000002,0.0010000000000000067,1.0000000000000135e-06,1.7817807584678576,-0.44194212670662836,0.000519293457060451,trajectory reached the configured collision radius
93,20,0.78992019711219896,0.53349999999999986,fraction,250,0,collision,nan,0,35.973167056136305,0.035835528999999998,0.0010000000000000002,1.0000000000000004e-06,1.7817779556130784,-0.44194212670838157,0.00051929196495653933,trajectory reached the configured collision radius
93,21,0.78992246728629545,0.53349999999999986,fraction,250,0,collision,nan,0,35.976031336410685,0.035103453,0.0010000000000000013,1.0000000000000027e-06,1.7817751273795535,-0.44194212671014066,0.00051929046760937347,trajectory reached the configured collision radius
93,22,0.78992473746039182,0.53349999999999986,fraction,250,0,collision,nan,0,35.978910468512773,0.036477002000000001,0.0010000000000000011,1.0000000000000023e-06,1.7817722736681052,-0.4419421267119063,0.00051928896499524259,trajectory reached the configured collision radius
93,23,0.78992700763448831,0.53349999999999986,fraction,250,0,collision,nan,0,35.981804616338088,0.034534807000000001,0.001,9.9999999999999995e-07,1.7817693943781703,-0.44194212671367833,0.0005192874570899875,trajectory reached the configured collision radius
93,24,0.78992927780858468,0.53349999999999986,fraction,250,0,collision,nan,0,35.984713946540793,0.035043263999999998,0.0010000000000000072,1.0000000000000144e-06,1.781766489407933,-0.44194212671545635,0.00051928594386907933,trajectory reached the configured collision radius
93,25,0.78993154798268117,0.53349999999999986,fraction,250,0,collision,nan,0,35.987638628580235,0.037671162000000001,0.001,9.9999999999999995e-07,1.7817635586540828,-0.4419421267172407,0.00051928442530749567,trajectory reached the configured collision radius
93,26,0.78993381815677755,0.53349999999999986,fraction,250,0,collision,nan,0,35.99057883480728,0.035192677999999998,0.0010000000000000039,1.0000000000000078e-06,1.7817606020119583,-0.44194212671903149,0.00051928290137984092,trajectory reached the configured collision radius
93,27,0.78993608833087392,0.53349999999999986,fraction,250,0,collision,nan,0,35.993534740495789,0.034689816999999998,0.0010000000000000002,1.0000000000000004e-06,1.7817576193753566,-0.44194212672082828,0.00051928137206022303,trajectory reached the configured collision radius
93,28,0.78993835850497041,0.53349999999999986,fraction,250,0,collision,nan,0,35.996506523946472,0.045512569000000003,0.0010000000000000002,1.0000000000000004e-06,1.7817546106366162,-0.44194212672263139,0.00051927983732229406,trajectory reached the configured collision radius
93,29,0.78994062867906678,0.53349999999999986,fraction,250,0,collision,nan,0,35.999494366531025,0.035106331999999997,0.0010000000000000048,1.0000000000000095e-06,1.7817515756864679,-0.44194212672444133,0.00051927829713923387,trajectory reached the configured collision radius
93,30,0.78994289885316327,0.53349999999999986,fraction,250,0,collision,nan,0,36.002498452758743,0.035021825999999999,0.0010000000000000584,1.0000000000001166e-06,1.781748514414077,-0.44194212672625738,0.00051927675148374908,trajectory reached the configured collision radius
93,31,0.78994516902725964,0.53349999999999986,fraction,250,0,collision,nan,0,36.005518970388948,0.035743577999999998,0.0010000000000000046,1.0000000000000091e-06,1.7817454267069572,-0.44194212672807981,0.00051927520032792507,trajectory reached the configured collision radius
93,32,0.78994743920135613,0.53349999999999986,fraction,250,0,collision,nan,0,36.008556110444296,0.034537673999999997,0.0010000000000000005,1.000000000000001e-06,1.7817423124509117,-0.44194212672990901,0.0005192736436434943,trajectory reached the configured collision radius
93,33,0.7899497093754525,0.53349999999999986,fraction,250,0,collision,nan,0,36.011610067343284,0.035290751000000002,0.0010000000000000002,1.0000000000000004e-06,1.7817391715300144,-0.44194212673174477,0.00051927208140155226,trajectory reached the configured collision radius
93,34,0.78995197954954888,0.53349999999999986,fraction,250,0,collision,nan,0,36.014681038950712,0.035953718000000003,0.001000000000000007,1.0000000000000139e-06,1.7817360038265437,-0.44194212673358685,0.00051927051357266655,trajectory reached the configured collision radius
93,35,0.78995424972364536,0.53349999999999986,fraction,250,0,collision,nan,0,36.01776922666744,0.063277794999999998,0.001,9.9999999999999995e-07,1.7817328092209157,-0.44194212673543581,0.00051926894012680228,trajectory reached the configured collision radius
93,36,0.78995651989774174,0.53349999999999986,fraction,250,0,collision,nan,0,36.020874835501402,0.034463421000000001,0.0010000000000000022,1.0000000000000044e-06,1.7817295875916443,-0.44194212673729089,0.0005192673610333972,trajectory reached the configured collision radius
93,37,0.78995879007183822,0.53349999999999986,fraction,250,0,collision,nan,0,36.023998074175587,0.036032237000000002,0.0010000000000000015,1.0000000000000031e-06,1.7817263388153293,-0.44194212673915306,0.00051926577626124515,trajectory reached the configured collision radius
94,19,0.78991792693810259,0.54966666666666653,fraction,250,0,collision,nan,0,36.011678666741084,0.035686124,0.001,9.9999999999999995e-07,1.7818207645113457,-0.44194212671316585,0.00051928789325139755,trajectory reached the configured collision radius
94,20,0.78992019711219896,0.54966666666666653,fraction,250,0,collision,nan,0,36.014572194974342,0.035516573000000003,0.0010000000000000054,1.000000000000011e-06,1.7818173778023563,-0.44194212671502614,0.0005192863099909268,trajectory reached the configured collision radius
94,21,0.78992246728629545,0.54966666666666653,fraction,250,0,collision,nan,0,36.017480967961319,0.035552156000000001,0.001,9.9999999999999995e-07,1.7818139658518621,-0.44194212671689287,0.00051928472156780579,trajectory reached the configured collision radius
94,22,0.78992473746039182,0.54966666666666653,fraction,250,0,collision,nan,0,36.020405156474602,0.034882121000000002,0.0010000000000000057,1.0000000000000114e-06,1.7818105285529753,-0.4419421267187652,0.00051928312795625892,trajectory reached the configured collision radius
94,23,0.78992700763448831,0.54966666666666653,fraction,250,0,collision,nan,0,36.023344934199301,0.036219589000000003,0.0010000000000000002,1.0000000000000004e-06,1.7818070657972147,-0.44194212672064359,0.00051928152913003549,trajectory reached the configured collision radius
94,24,0.78992927780858468,0.54966666666666653,fraction,250,0,collision,nan,0,36.026300477789576,0.035296075000000003,0.0010000000000000007,1.0000000000000014e-06,1.7818035774744907,-0.44194212672252875,0.00051927992506240373,trajectory reached the configured collision radius
94,25,0.78993154798268117,0.54966666666666653,fraction,250,0,collision,nan,0,36.029271966925386,0.036490720999999997,0.0010000000000000031,1.0000000000000061e-06,1.781800063473028,-0.44194212672441946,0.00051927831572613976,trajectory reached the configured collision radius
94,26,0.78993381815677755,0.54966666666666653,fraction,250,0,collision,nan,0,36.032259584421681,0.068204632000000001,0.001,9.9999999999999995e-07,1.7817965236793287,-0.44194212672631678,0.00051927670109349787,trajectory reached the configured collision radius
94,27,0.78993608833087392,0.54966666666666653,fraction,250,0,collision,nan,0,36.035263516248442,0.034851126000000003,0.0010000000000000074,1.0000000000000148e-06,1.7817929579780789,-0.44194212672821998,0.00051927508113621377,trajectory reached the configured collision radius
94,28,0.78993835850497041,0.54966666666666653,fraction,250,0,collision,nan,0,36.038283951657064,0.035608736000000002,0.0010000000000000002,1.0000000000000004e-06,1.7817893662522406,-0.4419421267301295,0.00051927345582546548,trajectory reached the configured collision radius
94,29,0.78994062867906678,0.54966666666666653,fraction,250,0,collision,nan,0,36.041321083196493,0.053800760000000003,0.0010000000000000007,1.0000000000000014e-06,1.7817857483827904,-0.4419421267320458,0.00051927182513188976,trajectory reached the configured collision radius
94,30,0.78994289885316327,0.54966666666666653,fraction,250,0,collision,nan,0,36.044375106849863,0.035576387000000001,0.0010000000000000037,1.0000000000000074e-06,1.7817821042488566,-0.44194212673396827,0.00051927018902555905,trajectory reached the configured collision radius
94,31,0.78994516902725964,0.54966666666666653,fraction,250,0,collision,nan,0,36.04744622208031,0.035184755999999998,0.001,9.9999999999999995e-07,1.7817784337275424,-0.44194212673589678,0.00051926854747592162,trajectory reached the configured collision radius
94,32,0.78994743920135613,0.54966666666666653,fraction,250,0,collision,nan,0,36.050534631914587,0.046362586999999997,0.0010000000000000046,1.0000000000000091e-06,1.7817747366939227,-0.44194212673783212,0.00051926690045186043,trajectory reached the configured collision radius
94,33,0.7899497093754525,0.54966666666666653,fraction,250,0,collision,nan,0,36.053640543046278,0.035352150999999998,0.0010000000000000005,1.000000000000001e-06,1.7817710130209454,-0.44194212673977362,0.00051926524792159404,trajectory reached the configured collision radius
94,34,0.78995197954954888,0.54966666666666653,fraction,250,0,collision,nan,0,36.056764165901974,0.042257416999999999,0.001,9.9999999999999995e-07,1.781767262579435,-0.44194212674172195,0.00051926358985273638,trajectory reached the configured collision radius
94,35,0.78995424972364536,0.54966666666666653,fraction,250,0,collision,nan,0,36.059905714740985,0.036040189,0.00100000000000001,1.0000000000000201e-06,1.7817634852379167,-0.44194212674367667,0.000519261926212225,trajectory reached the configured collision radius
94,36,0.78995651989774174,0.54966666666666653,fraction,250,0,collision,nan,0,36.063065407749995,0.034975759000000002,0.0010000000000000002,1.0000000000000004e-06,1.7817596808627041,-0.44194212674563826,0.00051926025696629396,trajectory reached the configured collision radius
94,37,0.78995879007183822,0.54966666666666653,fraction,250,0,collision,nan,0,36.06624346714532,0.035390241000000003,0.0010000000000000009,1.0000000000000019e-06,1.7817558493176666,-0.44194212674760575,0.00051925858208051333,trajectory reached the configured collision radius
95,19,0.78991792693810259,0.56583333333333319,fraction,250,0,collision,nan,0,36.054899763192587,0.035618515000000003,0.00100000000000001,1.0000000000000201e-06,1.7818506386952802,-0.44194212672279004,0.00051927970245621764,trajectory reached the configured collision radius
95,20,0.78992019711219896,0.56583333333333319,fraction,250,0,collision,nan,0,36.057842394408446,0.034645855000000003,0.001,9.9999999999999995e-07,1.7818466689326076,-0.44194212672475353,0.00051927803148990039,trajectory reached the configured collision radius
95,21,0.78992246728629545,0.56583333333333319,fraction,250,0,collision,nan,0,36.060800896460172,0.035588284999999997,0.0010000000000000024,1.0000000000000048e-06,1.7818426740270783,-0.44194212672672289,0.00051927635543062779,trajectory reached the configured collision radius
95,22,0.78992473746039182,0.56583333333333319,fraction,250,0,collision,nan,0,36.063775451089043,0.035003350000000003,0.0010000000000000007,1.0000000000000014e-06,1.7818386538619631,-0.44194212672869815,0.00051927467425009761,trajectory reached the configured collision radius
95,23,0.78992700763448831,0.56583333333333319,fraction,250,0,collision,nan,0,36.066766243187878,0.037558540000000001,0.0010000000000000002,1.0000000000000004e-06,1.7818346083185215,-0.44194212673067945,0.00051927298791948915,trajectory reached the configured collision radius
95,24,0.78992927780858468,0.56583333333333319,fraction,250,0,collision,nan,0,36.06977346087546,0.033552845999999997,0.0010000000000000078,1.0000000000000156e-06,1.7818305372761343,-0.4419421267326672,0.00051927129640939353,trajectory reached the configured collision radius
95,25,0.78993154798268117,0.56583333333333319,fraction,250,0,collision,nan,0,36.07279729557996,0.03551704,0.001,9.9999999999999995e-07,1.78182644061212,-0.44194212673466055,0.00051926959968981055,trajectory reached the configured collision radius
95,26,0.78993381815677755,0.56583333333333319,fraction,250,0,collision,nan,0,36.075837942107654,0.036246978999999999,0.0010000000000000024,1.0000000000000048e-06,1.7818223182017987,-0.44194212673666017,0.00051926789773020258,trajectory reached the configured collision radius
95,27,0.78993608833087392,0.56583333333333319,fraction,250,0,collision,nan,0,36.078895598714382,0.034442065000000001,0.0010000000000000011,1.0000000000000023e-06,1.7818181699182274,-0.44194212673866645,0.00051926619049935392,trajectory reached the configured collision radius
95,28,0.78993835850497041,0.56583333333333319,fraction,250,0,collision,nan,0,36.081970467205075,0.034383279000000003,0.001,9.9999999999999995e-07,1.7818139956323726,-0.4419421267406784,0.00051926447796545744,trajectory reached the configured collision radius
95,29,0.78994062867906678,0.56583333333333319,fraction,250,0,collision,nan,0,36.085062752996222,0.034599367999999998,0.0010000000000000104,1.0000000000000209e-06,1.7818097952128984,-0.44194212674269717,0.00051926276009604734,trajectory reached the configured collision radius
95,30,0.78994289885316327,0.56583333333333319,fraction,250,0,collision,nan,0,36.088172665243164,0.035503739999999999,0.001,9.9999999999999995e-07,1.7818055685261294,-0.44194212674472139,0.000519261036857972,trajectory reached the configured collision radius
95,31,0.78994516902725964,0.56583333333333319,fraction,250,0,collision,nan,0,36.091300416863291,0.034164667000000003,0.0010000000000000007,1.0000000000000014e-06,1.781801315436025,-0.44194212674675282,0.00051925930821742673,trajectory reached the configured collision radius
95,32,0.78994743920135613,0.56583333333333319,fraction,250,0,collision,nan,0,36.094446224687843,0.034566410999999998,0.0010000000000000044,1.0000000000000086e-06,1.7817970358040411,-0.44194212674879013,0.00051925757413988458,trajectory reached the configured collision radius
95,33,0.7899497093754525,0.56583333333333319,fraction,250,0,collision,nan,0,36.097610309531923,0.035380185000000001,0.001,9.9999999999999995e-07,1.7817927294890987,-0.44194212675083422,0.00051925583459008166,trajectory reached the configured collision radius
95,34,0.78995197954954888,0.56583333333333319,fraction,250,0,collision,nan,0,36.100792896275777,0.043160768000000002,0.0010000000000000026,1.0000000000000052e-06,1.7817883963475161,-0.44194212675288452,0.00051925408953202115,trajectory reached the configured collision radius
95,35,0.78995424972364536,0.56583333333333319,fraction,250,0,collision,nan,0,36.103994214007891,0.035156896,0.0010000000000000015,1.0000000000000031e-06,1.7817840362328845,-0.44194212675494127,0.00051925233892892084,trajectory reached the configured collision radius
95,36,0.78995651989774174,0.56583333333333319,fraction,250,0,collision,nan,0,36.107214496078143,0.034534902999999999,0.001,9.9999999999999995e-07,1.7817796489960369,-0.44194212675700462,0.00051925058274321736,trajectory reached the configured collision radius
95,37,0.78995879007183822,0.56583333333333319,fraction,250,0,collision,nan,0,36.110453980249225,0.035094483000000003,0.0010000000000000052,1.0000000000000105e-06,1.7817752344849278,-0.44194212675907452,0.00051924882093652355,trajectory reached the configured collision radius
96,19,0.78991792693810259,0.58200000000000007,fraction,250,0,collision,nan,0,36.100138524301045,0.034434732000000003,0.0010000000000000093,1.0000000000000186e-06,1.7818691503713238,-0.44194212673576194,0.00051926866246293556,trajectory reached the configured collision radius
96,20,0.78992019711219896,0.58200000000000007,fraction,250,0,collision,nan,0,36.103136285849516,0.035919357999999998,0.001,9.9999999999999995e-07,1.7818646001569476,-0.44194212673782352,0.00051926690776712818,trajectory reached the configured collision radius
96,21,0.78992246728629545,0.58200000000000007,fraction,250,0,collision,nan,0,36.106150629820874,0.034411649000000002,0.0010000000000000011,1.0000000000000023e-06,1.781860024838188,-0.44194212673989097,0.00051926514803282491,trajectory reached the configured collision radius
96,22,0.78992473746039182,0.58200000000000007,fraction,250,0,collision,nan,0,36.109181750605295,0.034754834999999998,0.0010000000000000024,1.0000000000000048e-06,1.7818554242856683,-0.44194212674196465,0.00051926338322865969,trajectory reached the configured collision radius
96,23,0.78992700763448831,0.58200000000000007,fraction,250,0,collision,nan,0,36.112229846069553,0.035010660999999998,0.001,9.9999999999999995e-07,1.7818507983677445,-0.44194212674404459,0.00051926161332262384,trajectory reached the configured collision radius
96,24,0.78992927780858468,0.58200000000000007,fraction,250,0,collision,nan,0,36.11529511755743,0.033935700999999999,0.0010000000000000072,1.0000000000000144e-06,1.7818461469503428,-0.44194212674612965,0.00051925983828206615,trajectory reached the configured collision radius
96,25,0.78993154798268117,0.58200000000000007,fraction,250,0,collision,nan,0,36.11837777008666,0.034901202999999999,0.0010000000000000002,1.0000000000000004e-06,1.781841469897087,-0.44194212674822153,0.00051925805807365448,trajectory reached the configured collision radius
96,26,0.78993381815677755,0.58200000000000007,fraction,250,0,collision,nan,0,36.121478012300443,0.034738381999999998,0.0010000000000000002,1.0000000000000004e-06,1.7818367670689377,-0.44194212675031924,0.00051925627266336915,trajectory reached the configured collision radius
96,27,0.78993608833087392,0.58200000000000007,fraction,250,0,collision,nan,0,36.124596056687153,0.034273007000000001,0.0010000000000000059,1.0000000000000118e-06,1.7818320383243544,-0.44194212675242323,0.0005192544820164603,trajectory reached the configured collision radius
96,28,0.78993835850497041,0.58200000000000007,fraction,250,0,collision,nan,0,36.127732119583328,0.034303782999999997,0.001,9.9999999999999995e-07,1.7818272835191526,-0.4419421267545332,0.00051925268609744469,trajectory reached the configured collision radius
96,29,0.78994062867906678,0.58200000000000007,fraction,250,0,collision,nan,0,36.13088642129194,0.034323829,0.001000000000000002,1.000000000000004e-06,1.7818225025063614,-0.44194212675664979,0.00051925088487008971,trajectory reached the configured collision radius
96,30,0.78994289885316327,0.58200000000000007,fraction,250,0,collision,nan,0,36.134059186194946,0.034766917000000001,0.0010000000000000018,1.0000000000000036e-06,1.7818176951362137,-0.44194212675877204,0.0005192490782973848,trajectory reached the configured collision radius
96,31,0.78994516902725964,0.58200000000000007,fraction,250,0,collision,nan,0,36.137250642841323,0.034153244999999999,0.001,9.9999999999999995e-07,1.7818128612560908,-0.44194212676090117,0.00051924726634151983,trajectory reached the configured collision radius
96,32,0.78994743920135613,0.58200000000000007,fraction,250,0,collision,nan,0,36.140461024040356,0.063978910999999999,0.0010000000000000052,1.0000000000000105e-06,1.7818080007102945,-0.44194212676303662,0.00051924544896384754,trajectory reached the configured collision radius
96,33,0.7899497093754525,0.58200000000000007,fraction,250,0,collision,nan,0,36.143690566981455,0.036766601000000003,0.0010000000000000007,1.0000000000000014e-06,1.7818031133400889,-0.44194212676517819,0.00051924362612487088,trajectory reached the configured collision radius
96,34,0.78995197954954888,0.58200000000000007,fraction,250,0,collision,nan,0,36.146939513331915,0.035001116999999998,0.001,9.9999999999999995e-07,1.7817981989835896,-0.4419421267673263,0.00051924179778423639,trajectory reached the configured collision radius
96,35,0.78995424972364536,0.58200000000000007,fraction,250,0,collision,nan,0,36.150208109358971,0.035176523000000001,0.0010000000000000083,1.0000000000000165e-06,1.7817932574755879,-0.44194212676948103,0.0005192399639006699,trajectory reached the configured collision radius
96,36,0.78995651989774174,0.58200000000000007,fraction,250,0,collision,nan,0,36.153496606052826,0.039800839999999997,0.0010000000000000002,1.0000000000000004e-06,1.781788288647556,-0.44194212677164224,0.00051923812443197004,trajectory reached the configured collision radius
96,37,0.78995879007183822,0.58200000000000007,fraction,250,0,collision,nan,0,36.156805259199025,0.036203972000000001,0.001,9.9999999999999995e-07,1.7817832923274521,-0.44194212677380973,0.0005192362793350004,trajectory reached the configured collision radius
97,19,0.78991792693810259,0.59816666666666674,fraction,250,0,collision,nan,0,36.147570709688367,0.044555507000000001,0.001,9.9999999999999995e-07,1.7818749489235146,-0.441942126752357,0.00051925453834119012,trajectory reached the configured collision radius
97,20,0.78992019711219896,0.59816666666666674,fraction,250,0,collision,nan,0,36.150630678589408,0.034229479,0.0010000000000000037,1.0000000000000074e-06,1.7818698227835039,-0.44194212675451205,0.00051925270445227439,trajectory reached the configured collision radius
97,21,0.78992246728629545,0.59816666666666674,fraction,250,0,collision,nan,0,36.153708043946814,0.034021620000000002,0.0010000000000000007,1.0000000000000014e-06,1.7818646714900295,-0.4419421267566726,0.00051925086555885611,trajectory reached the configured collision radius
97,22,0.78992473746039182,0.59816666666666674,fraction,250,0,collision,nan,0,36.156803014868565,0.034473650000000002,0.001,9.9999999999999995e-07,1.7818594948977795,-0.4419421267588387,0.00051924902162583649,trajectory reached the configured collision radius
97,23,0.78992700763448831,0.59816666666666674,fraction,250,0,collision,nan,0,36.159915804302393,0.034848292000000003,0.0010000000000000102,1.0000000000000205e-06,1.7818542928587182,-0.44194212676101119,0.0005192471726173652,trajectory reached the configured collision radius
97,24,0.78992927780858468,0.59816666666666674,fraction,250,0,collision,nan,0,36.163046629030745,0.035088238000000001,0.001,9.9999999999999995e-07,1.7818490652218988,-0.44194212676318984,0.00051924531849681106,trajectory reached the configured collision radius
97,25,0.78993154798268117,0.59816666666666674,fraction,250,0,collision,nan,0,36.166195709840693,0.041906211999999998,0.0010000000000000009,1.0000000000000019e-06,1.781843811833451,-0.4419421267653742,0.00051924345922678926,trajectory reached the configured collision radius
97,26,0.78993381815677755,0.59816666666666674,fraction,250,0,collision,nan,0,36.169363271588118,0.034729528000000003,0.0010000000000000035,1.0000000000000069e-06,1.7818385325364323,-0.44194212676756467,0.00051924159476905761,trajectory reached the configured collision radius
97,27,0.78993608833087392,0.59816666666666674,fraction,250,0,collision,nan,0,36.1725495433124,0.034710151000000002,0.001,9.9999999999999995e-07,1.7818332271708432,-0.44194212676976141,0.0005192397250845767,trajectory reached the configured collision radius
97,28,0.78993835850497041,0.59816666666666674,fraction,250,0,collision,nan,0,36.175754758308813,0.035567037000000003,0.0010000000000000028,1.0000000000000057e-06,1.7818278955733875,-0.44194212677196421,0.00051923785013341557,trajectory reached the configured collision radius
97,29,0.78994062867906678,0.59816666666666674,fraction,250,0,collision,nan,0,36.17897915425678,0.034813602999999999,0.0010000000000000013,1.0000000000000027e-06,1.7818225375774883,-0.44194212677417355,0.00051923596987477169,trajectory reached the configured collision radius
97,30,0.78994289885316327,0.59816666666666674,fraction,250,0,collision,nan,0,36.182222973365626,0.035064467000000002,0.001,9.9999999999999995e-07,1.7818171530131577,-0.44194212677638894,0.00051923408426694036,trajectory reached the configured collision radius
97,31,0.78994516902725964,0.59816666666666674,fraction,250,0,collision,nan,0,36.185486462396433,0.034802576000000002,0.001000000000000005,1.0000000000000101e-06,1.7818117417068486,-0.4419421267786105,0.00051923219326725648,trajectory reached the configured collision radius
97,32,0.78994743920135613,0.59816666666666674,fraction,250,0,collision,nan,0,36.188769872856248,0.035279471999999999,0.0010000000000000009,1.0000000000000019e-06,1.7818063034814371,-0.44194212678083894,0.00051923029683209794,trajectory reached the configured collision radius
97,33,0.7899497093754525,0.59816666666666674,fraction,250,0,collision,nan,0,36.192073461097529,0.035386609999999999,0.001,9.9999999999999995e-07,1.7818008381560382,-0.44194212678307304,0.00051922839491684776,trajectory reached the configured collision radius
97,34,0.78995197954954888,0.59816666666666674,fraction,250,0,collision,nan,0,36.195397488407814,0.035276340000000003,0.0010000000000000059,1.0000000000000118e-06,1.7817953455458757,-0.44194212678531419,0.00051922648747586362,trajectory reached the configured collision radius
97,35,0.78995424972364536,0.59816666666666674,fraction,250,0,collision,nan,0,36.198742221198806,0.035001618999999998,0.0010000000000000007,1.0000000000000014e-06,1.7817898254622784,-0.44194212678756178,0.00051922457446244635,trajectory reached the configured collision radius
97,36,0.78995651989774174,0.59816666666666674,fraction,250,0,collision,nan,0,36.202107931091319,0.034481453000000002,0.001,9.9999999999999995e-07,1.7817842777123925,-0.44194212678981598,0.00051922265582880387,trajectory reached the configured collision radius
97,37,0.78995879007183822,0.59816666666666674,fraction,250,0,collision,nan,0,36.205494895036892,0.035851900999999999,0.0010000000000000048,1.0000000000000095e-06,1.7817787020991886,-0.44194212679207678,0.00051922073152603455,trajectory reached the configured collision radius
98,19,0.78991792693810259,0.6143333333333334,fraction,250,0,collision,nan,0,36.197392186027798,0.037159113000000001,0.001,9.9999999999999995e-07,1.7818665571093684,-0.44194212677286443,0.00051923708405663945,trajectory reached the configured collision radius
98,20,0.78992019711219896,0.6143333333333334,fraction,250,0,collision,nan,0,36.200522725002827,0.051384725999999999,0.0010000000000000046,1.0000000000000091e-06,1.7818608615990672,-0.44194212677510608,0.00051923517610498677,trajectory reached the configured collision radius
98,21,0.78992246728629545,0.6143333333333334,fraction,250,0,collision,nan,0,36.203671598241058,0.034591440000000001,0.0010000000000000005,1.000000000000001e-06,1.7818551407641408,-0.44194212677735362,0.00051923326315609123,trajectory reached the configured collision radius
98,22,0.78992473746039182,0.6143333333333334,fraction,250,0,collision,nan,0,36.206839032143165,0.034715742000000001,0.001,9.9999999999999995e-07,1.7818493944391889,-0.44194212677960704,0.00051923134517028742,trajectory reached the configured collision radius
98,23,0.78992700763448831,0.6143333333333334,fraction,250,0,collision,nan,0,36.210025257347873,0.034479241000000001,0.0010000000000000113,1.0000000000000226e-06,1.781843622455519,-0.44194212678186628,0.00051922942210706616,trajectory reached the configured collision radius
98,24,0.78992927780858468,0.6143333333333334,fraction,250,0,collision,nan,0,36.213230508796592,0.035457666999999998,0.0010000000000000002,1.0000000000000004e-06,1.781837824640905,-0.44194212678413164,0.00051922749392499697,trajectory reached the configured collision radius
98,25,0.78993154798268117,0.6143333333333334,fraction,250,0,collision,nan,0,36.216455025847637,0.035569328999999997,0.0010000000000000002,1.0000000000000004e-06,1.7818320008195547,-0.44194212678640316,0.00051922556058172926,trajectory reached the configured collision radius
98,26,0.78993381815677755,0.6143333333333334,fraction,250,0,collision,nan,0,36.219699052397551,0.035677737000000001,0.001000000000000007,1.0000000000000139e-06,1.7818261508119846,-0.44194212678868072,0.00051922362203395784,trajectory reached the configured collision radius
98,27,0.78993608833087392,0.6143333333333334,fraction,250,0,collision,nan,0,36.222962836960207,0.034590970999999998,0.001,9.9999999999999995e-07,1.7818202744349332,-0.44194212679096462,0.00051922167823738796,trajectory reached the configured collision radius
98,28,0.78993835850497041,0.6143333333333334,fraction,250,0,collision,nan,0,36.22624663282577,0.034322071000000003,0.0010000000000000007,1.0000000000000014e-06,1.7818143715011943,-0.44194212679325451,0.00051921972914673628,trajectory reached the configured collision radius
98,29,0.78994062867906678,0.6143333333333334,fraction,250,0,collision,nan,0,36.229550698166904,0.047540596999999997,0.0010000000000000054,1.000000000000011e-06,1.7818084418195288,-0.44194212679555056,0.00051921777471565815,trajectory reached the configured collision radius
98,30,0.78994289885316327,0.6143333333333334,fraction,250,0,collision,nan,0,36.232875296156166,0.035867811999999999,0.001,9.9999999999999995e-07,1.7818024851945764,-0.44194212679785294,0.00051921581489673414,trajectory reached the configured collision radius
98,31,0.78994516902725964,0.6143333333333334,fraction,250,0,collision,nan,0,36.236220695087944,0.034686472000000003,0.0010000000000000009,1.0000000000000019e-06,1.7817965014266419,-0.44194212680016198,0.00051921384964146323,trajectory reached the configured collision radius
98,32,0.78994743920135613,0.6143333333333334,fraction,250,0,collision,nan,0,36.239587168510049,0.034002901000000002,0.0010000000000000057,1.0000000000000114e-06,1.7817904903116386,-0.4419421268024773,0.00051921187890019839,trajectory reached the configured collision radius
98,33,0.7899497093754525,0.6143333333333334,fraction,250,0,collision,nan,0,36.242974995402662,0.036737285000000001,0.001,9.9999999999999995e-07,1.7817844516409278,-0.44194212680479905,0.00051920990262210279,trajectory reached the configured collision radius
98,34,0.78995197954954888,0.6143333333333334,fraction,250,0,collision,nan,0,36.246384460275181,0.035622719999999997,0.0010000000000000005,1.000000000000001e-06,1.7817783852011657,-0.44194212680712736,0.00051920792075517462,trajectory reached the configured collision radius
98,35,0.78995424972364536,0.6143333333333334,fraction,250,0,collision,nan,0,36.249815853309322,0.035291900000000001,0.0010000000000000085,1.0000000000000169e-06,1.7817722907741371,-0.44194212680946238,0.00051920593324613436,trajectory reached the configured collision radius
98,36,0.78995651989774174,0.6143333333333334,fraction,250,0,collision,nan,0,36.253269470540751,0.035054518999999999,0.001,9.9999999999999995e-07,1.7817661681366994,-0.44194212681180389,0.00051920394004042341,trajectory reached the configured collision radius
98,37,0.78995879007183822,0.6143333333333334,fraction,250,0,collision,nan,0,36.256745613977778,0.040649291999999997,0.001,9.9999999999999995e-07,1.7817600170604746,-0.44194212681415235,0.00051920194108219324,trajectory reached the configured collision radius
99,19,0.78991792693810259,0.63050000000000006,fraction,250,0,collision,nan,0,36.249821064848135,0.035000294000000001,0.0010000000000000087,1.0000000000000173e-06,1.7818423674680604,-0.44194212679758205,0.00051921604544467143,trajectory reached the configured collision radius
99,20,0.78992019711219896,0.63050000000000006,fraction,250,0,collision,nan,0,36.25303212254596,0.035249236000000003,0.001,9.9999999999999995e-07,1.7818361112497398,-0.4419421267999038,0.00051921406918820296,trajectory reached the configured collision radius
99,21,0.78992246728629545,0.63050000000000006,fraction,250,0,collision,nan,0,36.256262603263622,0.034798737000000003,0.0010000000000000009,1.0000000000000019e-06,1.7818298293698922,-0.44194212680223177,0.00051921208790744664,trajectory reached the configured collision radius
99,22,0.78992473746039182,0.63050000000000006,fraction,250,0,collision,nan,0,36.259512753909561,0.035121803,0.0010000000000000048,1.0000000000000095e-06,1.7818235216378999,-0.44194212680456546,0.00051921010155726605,trajectory reached the configured collision radius
99,23,0.78992700763448831,0.63050000000000006,fraction,250,0,collision,nan,0,36.262782826144253,0.034588269999999997,0.001,9.9999999999999995e-07,1.7818171878590552,-0.44194212680690487,0.00051920811009143852,trajectory reached the configured collision radius
99,24,0.78992927780858468,0.63050000000000006,fraction,250,0,collision,nan,0,36.266073076443448,0.035004625999999997,0.0010000000000000013,1.0000000000000027e-06,1.7818108278344258,-0.44194212680925055,0.00051920611346272546,trajectory reached the configured collision radius
99,25,0.78993154798268117,0.63050000000000006,fraction,250,0,collision,nan,0,36.269383766229339,0.052175188999999997,0.0010000000000000037,1.0000000000000074e-06,1.7818044413606693,-0.44194212681160233,0.00051920411162279022,trajectory reached the configured collision radius
99,26,0.78993381815677755,0.63050000000000006,fraction,250,0,collision,nan,0,36.272715161991655,0.035226001999999999,0.001,9.9999999999999995e-07,1.7817980282299872,-0.44194212681396072,0.00051920210452216324,trajectory reached the configured collision radius
99,27,0.78993608833087392,0.63050000000000006,fraction,250,0,collision,nan,0,36.276067535474731,0.034875786999999998,0.0010000000000000011,1.0000000000000023e-06,1.781791588229926,-0.4419421268163245,0.00051920009211021956,trajectory reached the configured collision radius
99,28,0.78993835850497041,0.63050000000000006,fraction,250,0,collision,nan,0,36.279441163715504,0.034639590999999997,0.0010000000000000044,1.0000000000000086e-06,1.781785121143282,-0.44194212681869527,0.00051919807433516163,trajectory reached the configured collision radius
99,29,0.78994062867906678,0.63050000000000006,fraction,250,0,collision,nan,0,36.282836329275348,0.035896290999999997,0.001,9.9999999999999995e-07,1.7817786267478737,-0.44194212682107203,0.00051919605114392816,trajectory reached the configured collision radius
99,30,0.78994289885316327,0.63050000000000006,fraction,250,0,collision,nan,0,36.286253320313534,0.036703859999999998,0.0010000000000000007,1.0000000000000014e-06,1.781772104816483,-0.44194212682345529,0.00051919402248225082,trajectory reached the configured collision radius
99,31,0.78994516902725964,0.63050000000000006,fraction,250,0,collision,nan,0,36.289692430782218,0.035153579999999997,0.001000000000000007,1.0000000000000139e-06,1.7817655551166183,-0.44194212682584499,0.00051919198829450115,trajectory reached the configured collision radius
99,32,0.78994743920135613,0.63050000000000006,fraction,250,0,collision,nan,0,36.293153960554633,0.036287722000000001,0.0010000000000000002,1.0000000000000004e-06,1.7817589774104561,-0.44194212682824119,0.0005191899485237554,trajectory reached the configured collision radius
99,33,0.7899497093754525,0.63050000000000006,fraction,250,0,collision,nan,0,36.296638215584224,0.047734317999999998,0.0010000000000000002,1.0000000000000004e-06,1.7817523714545627,-0.4419421268306441,0.0005191879031116928,trajectory reached the configured collision radius
99,34,0.78995197954954888,0.63050000000000006,fraction,250,0,collision,nan,0,36.300145508100513,0.034326921000000003,0.0010000000000000093,1.0000000000000186e-06,1.7817457369997343,-0.44194212683305389,0.00051918585199856461,trajectory reached the configured collision radius
99,35,0.78995424972364536,0.63050000000000006,fraction,250,0,collision,nan,0,36.303676156707574,0.035288495000000003,0.0010000000000000007,1.0000000000000014e-06,1.7817390737908638,-0.44194212683547024,0.00051918379512316056,trajectory reached the configured collision radius
99,36,0.78995651989774174,0.63050000000000006,fraction,250,0,collision,nan,0,36.307230486656465,0.035300882999999998,0.001,9.9999999999999995e-07,1.7817323815667234,-0.44194212683789358,0.00051918173242275359,trajectory reached the configured collision radius
99,37,0.78995879007183822,0.63050000000000006,fraction,250,0,collision,nan,0,36.310808829919175,0.058568262000000003,0.0010000000000000024,1.0000000000000048e-06,1.7817256600597937,-0.44194212684032352,0.00051917966383307514,trajectory reached the configured collision radius
100,19,0.78991792693810259,0.64666666666666672,fraction,250,0,collision,nan,0,36.30509965132493,0.067007633999999996,0.0010000000000000098,1.0000000000000196e-06,1.7818006441857264,-0.44194212682681194,0.00051919116519974604,trajectory reached the configured collision radius
100,20,0.78992019711219896,0.64666666666666672,fraction,250,0,collision,nan,0,36.308403146684711,0.034618092000000003,0.0010000000000000002,1.0000000000000004e-06,1.7817938380676499,-0.44194212682920658,0.00051918912705783483,trajectory reached the configured collision radius
100,21,0.78992246728629545,0.64666666666666672,fraction,250,0,collision,nan,0,36.311727339793322,0.034373052000000001,0.001,9.9999999999999995e-07,1.7817870057304368,-0.44194212683160661,0.00051918708382141352,trajectory reached the configured collision radius
100,22,0.78992473746039182,0.64666666666666672,fraction,250,0,collision,nan,0,36.315072502163261,0.041931968,0.0010000000000000104,1.0000000000000209e-06,1.7817801469517833,-0.44194212683401324,0.00051918503543862743,trajectory reached the configured collision radius
100,23,0.78992700763448831,0.64666666666666672,fraction,250,0,collision,nan,0,36.31843891064311,0.035530760000000002,0.0010000000000000002,1.0000000000000004e-06,1.7817732615043309,-0.44194212683642581,0.00051918298185641169,trajectory reached the configured collision radius
100,24,0.78992927780858468,0.64666666666666672,fraction,250,0,collision,nan,0,36.321826847543853,0.037256860000000003,0.001,9.9999999999999995e-07,1.781766349155546,-0.44194212683884426,0.00051918092302048952,trajectory reached the configured collision radius
100,25,0.78993154798268117,0.64666666666666672,fraction,250,0,collision,nan,0,36.325236600810193,0.034789619000000001,0.0010000000000000078,1.0000000000000156e-06,1.7817594096675038,-0.44194212684126921,0.00051917885887524525,trajectory reached the configured collision radius
100,26,0.78993381815677755,0.64666666666666672,fraction,250,0,collision,nan,0,36.328668464121492,0.064806605000000003,0.0010000000000000005,1.000000000000001e-06,1.7817524427968325,-0.44194212684370038,0.00051917678936376174,trajectory reached the configured collision radius
100,27,0.78993608833087392,0.64666666666666672,fraction,250,0,collision,nan,0,36.33212273708309,0.034239015999999997,0.001,9.9999999999999995e-07,1.7817454482944253,-0.44194212684613793,0.00051917471442775877,trajectory reached the configured collision radius
100,28,0.78993835850497041,0.64666666666666672,fraction,250,0,collision,nan,0,36.335599725380831,0.036835951999999998,0.0010000000000000039,1.0000000000000078e-06,1.7817384259053719,-0.44194212684858181,0.00051917263400754268,trajectory reached the configured collision radius
100,29,0.78994062867906678,0.64666666666666672,fraction,250,0,collision,nan,0,36.339099740890816,0.035822859999999998,0.001000000000000002,1.000000000000004e-06,1.7817313753686876,-0.44194212685103251,0.00051917054804196446,trajectory reached the configured collision radius
100,30,0.78994289885316327,0.64666666666666672,fraction,250,0,collision,nan,0,36.34262310193369,0.034523581999999997,0.001,9.9999999999999995e-07,1.7817242964171505,-0.44194212685348944,0.00051916845646839029,trajectory reached the configured collision radius
100,31,0.78994516902725964,0.64666666666666672,fraction,250,0,collision,nan,0,36.346170133384412,0.034873059999999997,0.0010000000000000011,1.0000000000000023e-06,1.7817171887771697,-0.4419421268559533,0.00051916635922265287,trajectory reached the configured collision radius
100,32,0.78994743920135613,0.64666666666666672,fraction,250,0,collision,nan,0,36.349741166860305,0.049404106000000003,0.0010000000000000076,1.0000000000000152e-06,1.7817100521684426,-0.4419421268584236,0.00051916425623896637,trajectory reached the configured collision radius
100,33,0.7899497093754525,0.64666666666666672,fraction,250,0,collision,nan,0,36.353336540941434,0.034955804,0.0010000000000000002,1.0000000000000004e-06,1.7817028863038922,-0.44194212686090101,0.00051916214744994265,trajectory reached the configured collision radius
100,34,0.78995197954954888,0.64666666666666672,fraction,250,0,collision,nan,0,36.356956601305015,0.035539383000000001,0.001,9.9999999999999995e-07,1.7816956908893622,-0.4419421268633848,0.00051916003278650339,trajectory reached the configured collision radius
100,35,0.78995424972364536,0.64666666666666672,fraction,250,0,collision,nan,0,36.360601700986827,0.035467733000000001,0.0010000000000000039,1.0000000000000078e-06,1.7816884656233898,-0.44194212686587614,0.00051915791217782743,trajectory reached the configured collision radius
100,36,0.78995651989774174,0.64666666666666672,fraction,250,0,collision,nan,0,36.364272200544477,0.034940279999999997,0.0010000000000000031,1.0000000000000061e-06,1.7816812101969941,-0.44194212686837464,0.00051915578555128644,trajectory reached the configured collision radius
100,37,0.78995879007183822,0.64666666666666672,fraction,250,0,collision,nan,0,36.367968468264181,0.035327523999999999,0.001,9.9999999999999995e-07,1.7816739242934241,-0.44194212687087991,0.0005191536528324185,trajectory reached the configured collision radius
101,19,0.78991792693810259,0.66283333333333339,fraction,250,0,collision,nan,0,36.363495807516443,0.03492899,0.0010000000000000002,1.0000000000000004e-06,1.7817395341492281,-0.44194212686084994,0.0005191621908297733,trajectory reached the configured collision radius
101,20,0.78992019711219896,0.66283333333333339,fraction,250,0,collision,nan,0,36.366906124570519,0.035347614999999999,0.001,9.9999999999999995e-07,1.7817321910765764,-0.44194212686330869,0.00051916009792047583,trajectory reached the configured collision radius
101,21,0.78992246728629545,0.66283333333333339,fraction,250,0,collision,nan,0,36.370338645681223,0.034361070000000001,0.0010000000000000065,1.0000000000000131e-06,1.781724820937548,-0.44194212686577306,0.00051915799979277235,trajectory reached the configured collision radius
101,22,0.78992473746039182,0.66283333333333339,fraction,250,0,collision,nan,0,36.373793672198239,0.040818833999999998,0.0010000000000000007,1.0000000000000014e-06,1.7817174234699023,-0.44194212686824441,0.00051915589638675582,trajectory reached the configured collision radius
101,23,0.78992700763448831,0.66283333333333339,fraction,250,0,collision,nan,0,36.377271511553197,0.035524247000000002,0.001,9.9999999999999995e-07,1.7817099984052389,-0.4419421268707211,0.00051915378764107287,trajectory reached the configured collision radius
101,24,0.78992927780858468,0.66283333333333339,fraction,250,0,collision,nan,0,36.380772477500791,0.037308773000000003,0.0010000000000000026,1.0000000000000052e-06,1.7817025454687414,-0.44194212687320489,0.00051915167349287847,trajectory reached the configured collision radius
101,25,0.78993154798268117,0.66283333333333339,fraction,250,0,collision,nan,0,36.384296890193909,0.037254043000000001,0.0010000000000000031,1.0000000000000061e-06,1.7816950643790153,-0.4419421268756949,0.00051914955387780744,trajectory reached the configured collision radius
101,26,0.78993381815677755,0.66283333333333339,fraction,250,0,collision,nan,0,36.387845076383243,0.034813178,0.001,9.9999999999999995e-07,1.7816875548479449,-0.44194212687819112,0.0005191474287299352,trajectory reached the configured collision radius
101,27,0.78993608833087392,0.66283333333333339,fraction,250,0,collision,nan,0,36.391417369659784,0.035636439999999998,0.0010000000000000005,1.000000000000001e-06,1.7816800165803577,-0.44194212688069429,0.00051914529798168896,trajectory reached the configured collision radius
101,28,0.78993835850497041,0.66283333333333339,fraction,250,0,collision,nan,0,36.395014110547145,0.034235074999999997,0.0010000000000000115,1.000000000000023e-06,1.7816724492739127,-0.44194212688320389,0.00051914316156384023,trajectory reached the configured collision radius
101,29,0.78994062867906678,0.66283333333333339,fraction,250,0,collision,nan,0,36.398635646766863,0.034103706999999997,0.0010000000000000005,1.000000000000001e-06,1.7816648526187822,-0.4419421268857201,0.00051914101940543633,trajectory reached the configured collision radius
101,30,0.78994289885316327,0.66283333333333339,fraction,250,0,collision,nan,0,36.402282333409644,0.034156875000000003,0.001,9.9999999999999995e-07,1.7816572262974739,-0.44194212688824325,0.00051913887143374032,trajectory reached the configured collision radius
101,31,0.78994516902725964,0.66283333333333339,fraction,250,0,collision,nan,0,36.405954533130867,0.034002159999999997,0.0010000000000000015,1.0000000000000031e-06,1.7816495699845827,-0.44194212689077361,0.00051913671757421078,trajectory reached the configured collision radius
101,32,0.78994743920135613,0.66283333333333339,fraction,250,0,collision,nan,0,36.409652616376519,0.034770041000000002,0.0010000000000000065,1.0000000000000131e-06,1.7816418833465033,-0.44194212689331042,0.00051913455775040118,trajectory reached the configured collision radius
101,33,0.7899497093754525,0.66283333333333339,fraction,250,0,collision,nan,0,36.413376961610268,0.035303174999999999,0.0010000000000000002,1.0000000000000004e-06,1.7816341660412136,-0.44194212689585466,0.00051913239188391643,trajectory reached the configured collision radius
101,34,0.78995197954954888,0.66283333333333339,fraction,250,0,collision,nan,0,36.417127955537964,0.034386648999999998,0.001,9.9999999999999995e-07,1.7816264177179024,-0.44194212689840606,0.00051913021989437313,trajectory reached the configured collision radius
101,35,0.78995424972364536,0.66283333333333339,fraction,250,0,collision,nan,0,36.420905993347802,0.033858082999999997,0.001000000000000002,1.000000000000004e-06,1.7816186380167851,-0.44194212690096446,0.00051912804169928323,trajectory reached the configured collision radius
101,36,0.78995651989774174,0.66283333333333339,fraction,250,0,collision,nan,0,36.424711478925452,0.033408948000000001,0.0010000000000000072,1.0000000000000144e-06,1.7816108265688004,-0.44194212690353074,0.00051912585721407322,trajectory reached the configured collision radius
101,37,0.78995879007183822,0.66283333333333339,fraction,250,0,collision,nan,0,36.428544825171052,0.033542612999999999,0.0010000000000000005,1.000000000000001e-06,1.7816029829951845,-0.44194212690610418,0.00051912366635192592,trajectory reached the configured collision radius
102,19,0.78991792693810259,0.67900000000000005,fraction,250,0,collision,nan,0,36.42530300652728,0.034066737999999999,0.001000000000000007,1.0000000000000139e-06,1.7816570929656945,-0.44194212689997175,0.00051912888694291288,trajectory reached the configured collision radius
102,20,0.78992019711219896,0.67900000000000005,fraction,250,0,collision,nan,0,36.428837633809316,0.033923193999999997,0.0010000000000000011,1.0000000000000023e-06,1.7816492279616922,-0.44194212690248541,0.00051912674713025585,trajectory reached the configured collision radius
102,21,0.78992246728629545,0.67900000000000005,fraction,250,0,collision,nan,0,36.432396263128275,0.034573878000000002,0.001,9.9999999999999995e-07,1.7816413346682582,-0.44194212690500539,0.0005191246019098588,trajectory reached the configured collision radius
102,22,0.78992473746039182,0.67900000000000005,fraction,250,0,collision,nan,0,36.435979232527529,0.033897107000000003,0.0010000000000000015,1.0000000000000031e-06,1.7816334127728697,-0.44194212690753154,0.00051912245121205763,trajectory reached the configured collision radius
102,23,0.78992700763448831,0.67900000000000005,fraction,250,0,collision,nan,0,36.439586887111403,0.050508043000000002,0.0010000000000000057,1.0000000000000114e-06,1.7816254619554077,-0.44194212691006451,0.00051912029496546522,trajectory reached the configured collision radius
102,24,0.78992927780858468,0.67900000000000005,fraction,250,0,collision,nan,0,36.443219579303197,0.035368833000000002,0.0010000000000000002,1.0000000000000004e-06,1.7816174818878554,-0.44194212691260332,0.00051911813309694021,trajectory reached the configured collision radius
102,25,0.78993154798268117,0.67900000000000005,fraction,250,0,collision,nan,0,36.446877668989387,0.035584027999999997,0.001,9.9999999999999995e-07,1.781609472234069,-0.44194212691514978,0.000519115965531519,trajectory reached the configured collision radius
102,26,0.78993381815677755,0.67900000000000005,fraction,250,0,collision,nan,0,36.450561523749791,0.034203147000000003,0.0010000000000000041,1.0000000000000082e-06,1.7816014326494691,-0.4419421269177024,0.00051911379219235943,trajectory reached the configured collision radius
102,27,0.78993608833087392,0.67900000000000005,fraction,250,0,collision,nan,0,36.454271519125697,0.034441530999999997,0.0010000000000000031,1.0000000000000061e-06,1.7815933627808302,-0.44194212692026241,0.00051911161300069518,trajectory reached the configured collision radius
102,28,0.78993835850497041,0.67900000000000005,fraction,250,0,collision,nan,0,36.458008038733098,0.034732618999999999,0.0010000000000000002,1.0000000000000004e-06,1.7815852622660322,-0.4419421269228288,0.00051910942787575861,trajectory reached the configured collision radius
102,29,0.78994062867906678,0.67900000000000005,fraction,250,0,collision,nan,0,36.461771474595501,0.035047887,0.0010000000000000002,1.0000000000000004e-06,1.7815771307336778,-0.44194212692540258,0.00051910723673474432,trajectory reached the configured collision radius
102,30,0.78994289885316327,0.67900000000000005,fraction,250,0,collision,nan,0,36.465562227354383,0.034278424000000002,0.0010000000000000041,1.0000000000000082e-06,1.781568967802857,-0.44194212692798351,0.00051910503949271678,trajectory reached the configured collision radius
102,31,0.78994516902725964,0.67900000000000005,fraction,250,0,collision,nan,0,36.46938070649508,0.042300028000000003,0.0010000000000000037,1.0000000000000074e-06,1.7815607730828162,-0.441942126930572,0.00051910283606256382,trajectory reached the configured collision radius
102,32,0.78994743920135613,0.67900000000000005,fraction,250,0,collision,nan,0,36.473227330631268,0.034755361999999998,0.001,9.9999999999999995e-07,1.7815525461726189,-0.44194212693316726,0.00051910062635490749,trajectory reached the configured collision radius
102,33,0.7899497093754525,0.67900000000000005,fraction,250,0,collision,nan,0,36.477102527764011,0.033413823000000002,0.001,9.9999999999999995e-07,1.7815442866608886,-0.44194212693577006,0.00051909841027806874,trajectory reached the configured collision radius
102,34,0.78995197954954888,0.67900000000000005,fraction,250,0,collision,nan,0,36.481006735583676,0.034145767,0.0010000000000000015,1.0000000000000031e-06,1.7815359941253051,-0.44194212693838059,0.00051909618773796236,trajectory reached the configured collision radius
102,35,0.78995424972364536,0.67900000000000005,fraction,250,0,collision,nan,0,36.484940401723826,0.034323241999999997,0.0010000000000000104,1.0000000000000209e-06,1.7815276681324226,-0.44194212694099921,0.00051909395863800696,trajectory reached the configured collision radius
102,36,0.78995651989774174,0.67900000000000005,fraction,250,0,collision,nan,0,36.488903984050836,0.034876497999999999,0.0010000000000000011,1.0000000000000023e-06,1.7815193082371481,-0.44194212694362522,0.00051909172287909302,trajectory reached the configured collision radius
102,37,0.78995879007183822,0.67900000000000005,fraction,250,0,collision,nan,0,36.492897951057437,0.035497946000000002,0.001,9.9999999999999995e-07,1.7815109139824072,-0.44194212694625928,0.00051908948035945331,trajectory reached the configured collision radius
103,19,0.78991792693810259,0.69516666666666671,fraction,250,0,collision,nan,0,36.490837779048249,0.035198354000000001,0.0010000000000000024,1.0000000000000048e-06,1.7815513348170833,-0.44194212694441082,0.00051909105381629675,trajectory reached the configured collision radius
103,20,0.78992019711219896,0.69516666666666671,fraction,250,0,collision,nan,0,36.494518137013188,0.034951937000000002,0.001000000000000005,1.0000000000000101e-06,1.7815429648928915,-0.44194212694696955,0.00051908887578266938,trajectory reached the configured collision radius
103,21,0.78992246728629545,0.69516666666666671,fraction,250,0,collision,nan,0,36.498224666823567,0.034161471999999998,0.001,9.9999999999999995e-07,1.781534564974149,-0.44194212694953394,0.00051908669207367494,trajectory reached the configured collision radius
103,22,0.78992473746039182,0.69516666666666671,fraction,250,0,collision,nan,0,36.501957752307547,0.036016303,0.001,9.9999999999999995e-07,1.7815261346849498,-0.44194212695210622,0.00051908450260791628,trajectory reached the configured collision radius
103,23,0.78992700763448831,0.69516666666666671,fraction,250,0,collision,nan,0,36.50571778563873,0.039199486999999998,0.0010000000000000031,1.0000000000000061e-06,1.7815176736399572,-0.44194212695468432,0.00051908230730193165,trajectory reached the configured collision radius
103,24,0.78992927780858468,0.69516666666666671,fraction,250,0,collision,nan,0,36.509505167605013,0.035834929000000001,0.001000000000000005,1.0000000000000101e-06,1.7815091814439246,-0.44194212695726981,0.00051908010607014691,trajectory reached the configured collision radius
103,25,0.78993154798268117,0.69516666666666671,fraction,250,0,collision,nan,0,36.513320307834135,0.043551310000000003,0.0010000000000000002,1.0000000000000004e-06,1.7815006576915775,-0.44194212695986218,0.00051907789882483222,trajectory reached the configured collision radius
103,26,0.78993381815677755,0.69516666666666671,fraction,250,0,collision,nan,0,36.517163625071596,0.034736990000000002,0.001,9.9999999999999995e-07,1.7814921019670704,-0.44194212696246188,0.00051907568547600064,trajectory reached the configured collision radius
103,27,0.78993608833087392,0.69516666666666671,fraction,250,0,collision,nan,0,36.521035547428056,0.034323573000000003,0.0010000000000000015,1.0000000000000031e-06,1.7814835138438312,-0.4419421269650689,0.00051907346593137486,trajectory reached the configured collision radius
103,28,0.78993835850497041,0.69516666666666671,fraction,250,0,collision,nan,0,36.524936512678714,0.034207396000000001,0.0010000000000000104,1.0000000000000209e-06,1.7814748928841408,-0.44194212696768326,0.00051907124009628331,trajectory reached the configured collision radius
103,29,0.78994062867906678,0.69516666666666671,fraction,250,0,collision,nan,0,36.528866968504239,0.035201599,0.0010000000000000011,1.0000000000000023e-06,1.7814662386387508,-0.44194212697030472,0.00051906900787358767,trajectory reached the configured collision radius
103,30,0.78994289885316327,0.69516666666666671,fraction,250,0,collision,nan,0,36.532827372843201,0.034270349999999998,0.001,9.9999999999999995e-07,1.7814575506464831,-0.44194212697293417,0.00051906676916364477,trajectory reached the configured collision radius
103,31,0.78994516902725964,0.69516666666666671,fraction,250,0,collision,nan,0,36.536818194189493,0.035022128,0.001,9.9999999999999995e-07,1.7814488284338816,-0.44194212697557145,0.00051906452386415081,trajectory reached the configured collision radius
103,32,0.78994743920135613,0.69516666666666671,fraction,250,0,collision,nan,0,36.54083991188849,0.036215501999999997,0.0010000000000000024,1.0000000000000048e-06,1.781440071514794,-0.44194212697821644,0.00051906227187015327,trajectory reached the configured collision radius
103,33,0.7899497093754525,0.69516666666666671,fraction,250,0,collision,nan,0,36.544893016484473,0.035877881,0.0010000000000000098,1.0000000000000196e-06,1.781431279389891,-0.44194212698086927,0.00051906001307386123,trajectory reached the configured collision radius
103,34,0.78995197954954888,0.69516666666666671,fraction,250,0,collision,nan,0,36.548978010055535,0.046787890999999998,0.0010000000000000013,1.0000000000000027e-06,1.7814224515462673,-0.44194212698353036,0.00051905774736463498,trajectory reached the configured collision radius
103,35,0.78995424972364536,0.69516666666666671,fraction,250,0,collision,nan,0,36.553095406634824,0.034535427,0.001,9.9999999999999995e-07,1.7814135874569774,-0.44194212698620011,0.00051905547462885069,trajectory reached the configured collision radius
103,36,0.78995651989774174,0.69516666666666671,fraction,250,0,collision,nan,0,36.557245732464395,0.034029038999999997,0.001,9.9999999999999995e-07,1.7814046865804931,-0.44194212698887736,0.0005190531947498109,trajectory reached the configured collision radius
103,37,0.78995879007183822,0.69516666666666671,fraction,250,0,collision,nan,0,36.561429526479458,0.042650219000000003,0.0010000000000000005,1.000000000000001e-06,1.7813957483603005,-0.44194212699156354,0.00051905090760766888,trajectory reached the configured collision radius
104,19,0.78991792693810259,0.71133333333333337,fraction,250,0,collision,nan,0,36.560432239576272,0.034656957000000002,0.0010000000000000054,1.000000000000011e-06,1.7814203196138512,-0.44194212699432661,0.00051904855498002443,trajectory reached the configured collision radius
104,20,0.78992019711219896,0.71133333333333337,fraction,250,0,collision,nan,0,36.564284747708797,0.037302934000000003,0.0010000000000000031,1.0000000000000061e-06,1.7814114637141349,-0.44194212699691832,0.00051904634835281546,trajectory reached the configured collision radius
104,21,0.78992246728629545,0.71133333333333337,fraction,250,0,collision,nan,0,36.568166077428813,0.034798559,0.001,9.9999999999999995e-07,1.7814025755044067,-0.44194212699951674,0.0005190441356917382,trajectory reached the configured collision radius
104,22,0.78992473746039182,0.71133333333333337,fraction,250,0,collision,nan,0,36.572076670665247,0.033716318000000002,0.0010000000000000002,1.0000000000000004e-06,1.7813936545287123,-0.44194212700212282,0.00051904191690128128,trajectory reached the configured collision radius
104,23,0.78992700763448831,0.71133333333333337,fraction,250,0,collision,nan,0,36.576016979362201,0.034808859999999997,0.0010000000000000013,1.0000000000000027e-06,1.7813847003192325,-0.44194212700473606,0.00051903969188355945,trajectory reached the configured collision radius
104,24,0.78992927780858468,0.71133333333333337,fraction,250,0,collision,nan,0,36.57998746581854,0.035135125000000003,0.0010000000000000115,1.000000000000023e-06,1.7813757123957912,-0.44194212700735658,0.00051903746053811163,trajectory reached the configured collision radius
104,25,0.78993154798268117,0.71133333333333337,fraction,250,0,collision,nan,0,36.583988602954527,0.035210976999999997,0.0010000000000000015,1.0000000000000031e-06,1.7813666902656367,-0.44194212700998475,0.0005190352227618844,trajectory reached the configured collision radius
104,26,0.78993381815677755,0.71133333333333337,fraction,250,0,collision,nan,0,36.588020874730283,0.034857165000000002,0.001,9.9999999999999995e-07,1.7813576334227461,-0.44194212701262076,0.00051903297844914777,trajectory reached the configured collision radius
104,27,0.78993608833087392,0.71133333333333337,fraction,250,0,collision,nan,0,36.592084776355456,0.034453755000000003,0.001,9.9999999999999995e-07,1.7813485413476438,-0.4419421270152642,0.00051903072749140183,trajectory reached the configured collision radius
104,28,0.78993835850497041,0.71133333333333337,fraction,250,0,collision,nan,0,36.596180814721635,0.035354679,0.0010000000000000009,1.0000000000000019e-06,1.7813394135068445,-0.44194212701791585,0.00051902846977728591,trajectory reached the configured collision radius
104,29,0.78994062867906678,0.71133333333333337,fraction,250,0,collision,nan,0,36.600309508782075,0.035704459000000001,0.0010000000000000067,1.0000000000000135e-06,1.7813302493523182,-0.44194212702057523,0.00051902620519247858,trajectory reached the configured collision radius
104,30,0.78994289885316327,0.71133333333333337,fraction,250,0,collision,nan,0,36.60447138985522,0.035201619000000003,0.0010000000000000046,1.0000000000000091e-06,1.7813210483211068,-0.44194212702324309,0.00051902393361961073,trajectory reached the configured collision radius
104,31,0.78994516902725964,0.71133333333333337,fraction,250,0,collision,nan,0,36.608667002032398,0.034311832,0.0010000000000000005,1.000000000000001e-06,1.7813118098347687,-0.4419421270259194,0.0005190216549381991,trajectory reached the configured collision radius
104,32,0.78994743920135613,0.71133333333333337,fraction,250,0,collision,nan,0,36.612896902658342,0.034266655,0.001,9.9999999999999995e-07,1.7813025332988439,-0.44194212702860369,0.00051901936902446725,trajectory reached the configured collision radius
104,33,0.7899497093754525,0.71133333333333337,fraction,250,0,collision,nan,0,36.617161662704163,0.033587168000000001,0.001,9.9999999999999995e-07,1.7812932181022405,-0.44194212703129709,0.00051901707575130235,trajectory reached the configured collision radius
104,34,0.78995197954954888,0.71133333333333337,fraction,250,0,collision,nan,0,36.62146186717289,0.033424545,0.0010000000000000002,1.0000000000000004e-06,1.7812838636167647,-0.44194212703399888,0.00051901477498812862,trajectory reached the configured collision radius
104,35,0.78995424972364536,0.71133333333333337,fraction,250,0,collision,nan,0,36.625798115573303,0.034263108,0.0010000000000000024,1.0000000000000048e-06,1.7812744691965043,-0.44194212703670982,0.00051901246660079458,trajectory reached the configured collision radius
104,36,0.78995651989774174,0.71133333333333337,fraction,250,0,collision,nan,0,36.630171022454071,0.033431730999999999,0.0010000000000000087,1.0000000000000173e-06,1.781265034177071,-0.44194212703942992,0.00051901015045142506,trajectory reached the configured collision radius
104,37,0.78995879007183822,0.71133333333333337,fraction,250,0,collision,nan,0,36.634581217871343,0.033692264999999999,0.0010000000000000057,1.0000000000000114e-06,1.7812555578750806,-0.44194212704215957,0.00051900782639830942,trajectory reached the configured collision radius
105,19,0.78991792693810259,0.72750000000000004,fraction,250,0,collision,nan,0,36.634417586547009,0.033939732,0.0010000000000000039,1.0000000000000078e-06,1.7812622975373225,-0.44194212704975622,0.00051900135752878875,trajectory reached the configured collision radius
105,20,0.78992019711219896,0.72750000000000004,fraction,250,0,collision,nan,0,36.638475023861545,0.035212356,0.0010000000000000002,1.0000000000000004e-06,1.7812529766886798,-0.44194212705236863,0.00051899913311704562,trajectory reached the configured collision radius
105,21,0.78992246728629545,0.72750000000000004,fraction,250,0,collision,nan,0,36.642564559751435,0.036393451,0.001,9.9999999999999995e-07,1.7812436204552085,-0.44194212705498837,0.00051899690221223361,trajectory reached the configured collision radius
105,22,0.78992473746039182,0.72750000000000004,fraction,250,0,collision,nan,0,36.646686711154828,0.037476345000000001,0.0010000000000000002,1.0000000000000004e-06,1.7812342282798275,-0.44194212705761615,0.00051899466470221444,trajectory reached the configured collision radius
105,23,0.78992700763448831,0.72750000000000004,fraction,250,0,collision,nan,0,36.650842007299758,0.034437282,0.0010000000000000024,1.0000000000000048e-06,1.7812247995904766,-0.44194212706025149,0.00051899242047193843,trajectory reached the configured collision radius
105,24,0.78992927780858468,0.72750000000000004,fraction,250,0,collision,nan,0,36.655030990140475,0.033975390000000001,0.0010000000000000111,1.0000000000000222e-06,1.7812153337996242,-0.44194212706289526,0.00051899016940331949,trajectory reached the configured collision radius
105,25,0.78993154798268117,0.72750000000000004,fraction,250,0,collision,nan,0,36.659254214712547,0.035821064999999999,0.0010000000000000028,1.0000000000000057e-06,1.7812058303036906,-0.44194212706554714,0.00051898791137514467,trajectory reached the configured collision radius
105,26,0.78993381815677755,0.72750000000000004,fraction,250,0,collision,nan,0,36.663512249533539,0.034633324,0.0010000000000000002,1.0000000000000004e-06,1.7811962884825472,-0.4419421270682069,0.00051898564626300927,trajectory reached the configured collision radius
105,27,0.78993608833087392,0.72750000000000004,fraction,250,0,collision,nan,0,36.667805677176496,0.034754057999999997,0.001,9.9999999999999995e-07,1.7811867076989072,-0.44194212707087527,0.00051898337393913214,trajectory reached the configured collision radius
105,28,0.78993835850497041,0.72750000000000004,fraction,250,0,collision,nan,0,36.672135094527754,0.033830697,0.001,9.9999999999999995e-07,1.7811770872977999,-0.44194212707355207,0.0005189810942723503,trajectory reached the configured collision radius
105,29,0.78994062867906678,0.72750000000000004,fraction,250,0,collision,nan,0,36.676501113375544,0.033549319000000001,0.0010000000000000002,1.0000000000000004e-06,1.781167426605885,-0.44194212707623826,0.00051897880712792051,trajectory reached the configured collision radius
105,30,0.78994289885316327,0.72750000000000004,fraction,250,0,collision,nan,0,36.680904360897792,0.035553027000000001,0.001000000000000002,1.000000000000004e-06,1.7811577249308399,-0.44194212707893304,0.0005189765123674526,trajectory reached the configured collision radius
105,31,0.78994516902725964,0.72750000000000004,fraction,250,0,collision,nan,0,36.685345480160329,0.034068741,0.0010000000000000065,1.0000000000000131e-06,1.7811479815607019,-0.44194212708163649,0.00051897420984873383,trajectory reached the configured collision radius
105,32,0.78994743920135613,0.72750000000000004,fraction,250,0,collision,nan,0,36.689825130572466,0.034168525999999998,0.0010000000000000087,1.0000000000000173e-06,1.7811381957632015,-0.44194212708434949,0.00051897189942569995,trajectory reached the configured collision radius
105,33,0.7899497093754525,0.72750000000000004,fraction,250,0,collision,nan,0,36.694343988615906,0.035321208999999999,0.0010000000000000035,1.0000000000000069e-06,1.7811283667849058,-0.44194212708707237,0.00051896958094815404,trajectory reached the configured collision radius
105,34,0.78995197954954888,0.72750000000000004,fraction,250,0,collision,nan,0,36.698902748192992,0.035442293999999999,0.0010000000000000013,1.0000000000000027e-06,1.7811184938506828,-0.44194212708980452,0.0005189672542618123,trajectory reached the configured collision radius
105,35,0.78995424972364536,0.72750000000000004,fraction,250,0,collision,nan,0,36.703502121474983,0.034360387999999999,0.0010000000000000005,1.000000000000001e-06,1.7811085761626286,-0.44194212709254665,0.00051896491920798351,trajectory reached the configured collision radius
105,36,0.78995651989774174,0.72750000000000004,fraction,250,0,collision,nan,0,36.708142839280889,0.035060329000000001,0.0010000000000000002,1.0000000000000004e-06,1.7810986128996011,-0.44194212709529868,0.00051896257562356952,trajectory reached the configured collision radius
105,37,0.78995879007183822,0.72750000000000004,fraction,250,0,collision,nan,0,36.712825651965694,0.041801019000000002,0.001,9.9999999999999995e-07,1.781088603215937,-0.44194212709806069,0.00051896022334078722,trajectory reached the configured collision radius
106,19,0.78991792693810259,0.7436666666666667,fraction,250,0,collision,nan,0,36.713091305382314,0.034429811999999997,0.001,9.9999999999999995e-07,1.7810759400634966,-0.44194212711054731,0.00051894958990735668,trajectory reached the configured collision radius
106,20,0.78992019711219896,0.7436666666666667,fraction,250,0,collision,nan,0,36.717394498561525,0.035037067999999998,0.001,9.9999999999999995e-07,1.7810661780913422,-0.44194212711316549,0.00051894736014913042,trajectory reached the configured collision radius
106,21,0.78992246728629545,0.7436666666666667,fraction,250,0,collision,nan,0,36.721733896561418,0.036014815999999998,0.001,9.9999999999999995e-07,1.7810563767401426,-0.44194212711579228,0.00051894512333652723,trajectory reached the configured collision radius
106,22,0.78992473746039182,0.7436666666666667,fraction,250,0,collision,nan,0,36.726110115082427,0.033990178000000003,0.0010000000000000013,1.0000000000000027e-06,1.7810465353255405,-0.44194212711842695,0.00051894287933811317,trajectory reached the configured collision radius
106,23,0.78992700763448831,0.7436666666666667,fraction,250,0,collision,nan,0,36.73052378524973,0.036545266999999999,0.0010000000000000046,1.0000000000000091e-06,1.7810366531442232,-0.44194212712107039,0.00051894062801896969,trajectory reached the configured collision radius
106,24,0.78992927780858468,0.7436666666666667,fraction,250,0,collision,nan,0,36.734975554171562,0.03520686,0.0010000000000000111,1.0000000000000222e-06,1.7810267294731881,-0.44194212712372299,0.00051893836924052773,trajectory reached the configured collision radius
106,25,0.78993154798268117,0.7436666666666667,fraction,250,0,collision,nan,0,36.739466085454971,0.035311251000000002,0.0010000000000000044,1.0000000000000086e-06,1.7810167635691114,-0.44194212712638437,0.00051893610286053108,trajectory reached the configured collision radius
106,26,0.78993381815677755,0.7436666666666667,fraction,250,0,collision,nan,0,36.743996059792927,0.035526231999999998,0.0010000000000000015,1.0000000000000031e-06,1.7810067546675934,-0.44194212712905451,0.00051893382873285303,trajectory reached the configured collision radius
106,27,0.78993608833087392,0.7436666666666667,fraction,250,0,collision,nan,0,36.748566175544781,0.036704362999999997,0.0010000000000000005,1.000000000000001e-06,1.7809967019824442,-0.44194212713173425,0.00051893154670734751,trajectory reached the configured collision radius
106,28,0.78993835850497041,0.7436666666666667,fraction,250,0,collision,nan,0,36.753177149254562,0.034525322999999997,0.001,9.9999999999999995e-07,1.7809866047049476,-0.4419421271344231,0.00051892925662980812,trajectory reached the configured collision radius
106,29,0.78994062867906678,0.7436666666666667,fraction,250,0,collision,nan,0,36.75782971636454,0.034585804999999997,0.001,9.9999999999999995e-07,1.7809764620030111,-0.44194212713712178,0.0005189269583417656,trajectory reached the configured collision radius
106,30,0.78994289885316327,0.7436666666666667,fraction,250,0,collision,nan,0,36.762524631954683,0.035957721999999998,0.001,9.9999999999999995e-07,1.7809662730202167,-0.44194212713983022,0.00051892465168029472,trajectory reached the configured collision radius
106,31,0.78994516902725964,0.7436666666666667,fraction,250,0,collision,nan,0,36.767262671195148,0.033229686000000001,0.001,9.9999999999999995e-07,1.7809560368752386,-0.44194212714254894,0.00051892233647801559,trajectory reached the configured collision radius
106,32,0.78994743920135613,0.7436666666666667,fraction,250,0,collision,nan,0,36.772044630286054,0.033636964999999998,0.001,9.9999999999999995e-07,1.7809457526605141,-0.44194212714527764,0.00051892001256277002,trajectory reached the configured collision radius
106,33,0.7899497093754525,0.7436666666666667,fraction,250,0,collision,nan,0,36.776871327132895,0.033474698999999997,0.001,9.9999999999999995e-07,1.7809354194416558,-0.44194212714801662,0.00051891767975756418,trajectory reached the configured collision radius
106,34,0.78995197954954888,0.7436666666666667,fraction,250,0,collision,nan,0,36.781743602078173,0.033427336000000002,0.0010000000000000002,1.0000000000000004e-06,1.780925036256257,-0.44194212715076631,0.0005189153378803834,trajectory reached the configured collision radius
106,35,0.78995424972364536,0.7436666666666667,fraction,250,0,collision,nan,0,36.786662318745208,0.034195581000000003,0.001,9.9999999999999995e-07,1.7809146021129665,-0.44194212715352671,0.0005189129867440174,trajectory reached the configured collision radius
106,36,0.78995651989774174,0.7436666666666667,fraction,250,0,collision,nan,0,36.791628365012457,0.032716569000000001,0.001,9.9999999999999995e-07,1.7809041159901438,-0.44194212715629877,0.00051891062615581202,trajectory reached the configured collision radius
106,37,0.78995879007183822,0.7436666666666667,fraction,250,0,collision,nan,0,36.796642653696033,0.032775356999999998,0.0010000000000000002,1.0000000000000004e-06,1.7808935768350984,-0.44194212715908171,0.00051890825591759387,trajectory reached the configured collision radius
107,19,0.78991792693810259,0.75983333333333336,fraction,250,0,collision,nan,0,36.7966552563975,0.033548407000000002,0.001,9.9999999999999995e-07,1.7808606973250174,-0.44194212717626336,0.00051889362249404761,trajectory reached the configured collision radius
107,20,0.78992019711219896,0.75983333333333336,fraction,250,0,collision,nan,0,36.80125505309438,0.033656637000000003,0.0010000000000000009,1.0000000000000019e-06,1.7808505228729494,-0.44194212717887016,0.00051889140228750491,trajectory reached the configured collision radius
107,21,0.78992246728629545,0.75983333333333336,fraction,250,0,collision,nan,0,36.805896267444403,0.034379419000000001,0.001000000000000002,1.000000000000004e-06,1.7808403039859213,-0.44194212718148612,0.00051888917438079195,trajectory reached the configured collision radius
107,22,0.78992473746039182,0.75983333333333336,fraction,250,0,collision,nan,0,36.810579647729377,0.035140151000000001,0.0010000000000000041,1.0000000000000082e-06,1.7808300398209076,-0.44194212718411108,0.00051888693862101043,trajectory reached the configured collision radius
107,23,0.78992700763448831,0.75983333333333336,fraction,250,0,collision,nan,0,36.815305962195737,0.035218763,0.001000000000000007,1.0000000000000139e-06,1.7808197295107406,-0.44194212718674547,0.00051888469485112515,trajectory reached the configured collision radius
107,24,0.78992927780858468,0.75983333333333336,fraction,250,0,collision,nan,0,36.82007599967303,0.034900624999999998,0.0010000000000000104,1.0000000000000209e-06,1.7808093721632738,-0.44194212718938958,0.00051888244290985259,trajectory reached the configured collision radius
107,25,0.78993154798268117,0.75983333333333336,fraction,250,0,collision,nan,0,36.824890570390885,0.035516032000000003,0.0010000000000000098,1.0000000000000196e-06,1.7807989668604831,-0.44194212719204318,0.00051888018263146105,trajectory reached the configured collision radius
107,26,0.78993381815677755,0.75983333333333336,fraction,250,0,collision,nan,0,36.82975050678052,0.033727815000000001,0.0010000000000000078,1.0000000000000156e-06,1.7807885126574223,-0.44194212719470677,0.00051887791384567258,trajectory reached the configured collision radius
107,27,0.78993608833087392,0.75983333333333336,fraction,250,0,collision,nan,0,36.83465666420043,0.033434120999999997,0.0010000000000000065,1.0000000000000131e-06,1.7807780085813096,-0.44194212719738085,0.00051887563637747233,trajectory reached the configured collision radius
107,28,0.78993835850497041,0.75983333333333336,fraction,250,0,collision,nan,0,36.839609921768485,0.034202606000000003,0.0010000000000000059,1.0000000000000118e-06,1.7807674536305733,-0.44194212720006526,0.00051887335004699095,trajectory reached the configured collision radius
107,29,0.78994062867906678,0.75983333333333336,fraction,250,0,collision,nan,0,36.844611183343744,0.033257193999999997,0.0010000000000000059,1.0000000000000118e-06,1.7807568467736499,-0.44194212720276005,0.00051887105466929325,trajectory reached the configured collision radius
107,30,0.78994289885316327,0.75983333333333336,fraction,250,0,collision,nan,0,36.849661378335533,0.03455482,0.0010000000000000065,1.0000000000000131e-06,1.7807461869480135,-0.44194212720546594,0.00051886875005425148,trajectory reached the configured collision radius
107,31,0.78994516902725964,0.75983333333333336,fraction,250,0,collision,nan,0,36.854761462651588,0.033902061999999997,0.0010000000000000076,1.0000000000000152e-06,1.7807354730589093,-0.44194212720818277,0.00051886643600633367,trajectory reached the configured collision radius
107,32,0.78994743920135613,0.75983333333333336,fraction,250,0,collision,nan,0,36.859912419898095,0.033283681000000002,0.00100000000000001,1.0000000000000201e-06,1.7807247039780558,-0.44194212721091114,0.00051886411232438738,trajectory reached the configured collision radius
107,33,0.7899497093754525,0.75983333333333336,fraction,250,0,collision,nan,0,36.865115262140272,0.033807253000000002,0.0010000000000000096,1.0000000000000192e-06,1.7807138785426799,-0.44194212721365062,0.00051886177880155029,trajectory reached the configured collision radius
107,34,0.78995197954954888,0.75983333333333336,fraction,250,0,collision,nan,0,36.870371031270821,0.033140295,0.0010000000000000063,1.0000000000000127e-06,1.7807029955538041,-0.44194212721640175,0.00051885943522492087,trajectory reached the configured collision radius
107,35,0.78995424972364536,0.75983333333333336,fraction,250,0,collision,nan,0,36.875680799971022,0.033045617999999999,0.0010000000000000033,1.0000000000000065e-06,1.7806920537751263,-0.44194212721916576,0.00051885708137543543,trajectory reached the configured collision radius
107,36,0.78995651989774174,0.75983333333333336,fraction,250,0,collision,nan,0,36.881045673092324,0.033187062000000003,0.0010000000000000013,1.0000000000000027e-06,1.7806810519313856,-0.44194212722194137,0.0005188547170276004,trajectory reached the configured collision radius
107,37,0.78995879007183822,0.75983333333333336,fraction,250,0,collision,nan,0,36.886466788766327,0.033769005999999997,0.0010000000000000005,1.000000000000001e-06,1.7806699887069857,-0.4419421272247297,0.00051885234194930349,trajectory reached the configured collision radius
108,19,0.78991792693810259,0.77600000000000002,fraction,250,0,collision,nan,0,36.88510233195457,0.032994712000000002,0.0010000000000000098,1.0000000000000196e-06,1.7806173304800827,-0.44194212724605803,0.00051883417502695053,trajectory reached the configured collision radius
108,20,0.78992019711219896,0.77600000000000002,fraction,250,0,collision,nan,0,36.890061600323513,0.033676238999999997,0.0010000000000000104,1.0000000000000209e-06,1.7806067816962865,-0.44194212724863119,0.00051883198321958288,trajectory reached the configured collision radius
108,21,0.78992246728629545,0.77600000000000002,fraction,250,0,collision,nan,0,36.895068981848929,0.033508422000000003,0.0010000000000000104,1.0000000000000209e-06,1.7805961823027008,-0.44194212725121396,0.000518829783038365,trajectory reached the configured collision radius
108,22,0.78992473746039182,0.77600000000000002,fraction,250,0,collision,nan,0,36.900125406417033,0.034951458999999997,0.0010000000000000096,1.0000000000000192e-06,1.78058553126282,-0.44194212725380699,0.00051882757430852622,trajectory reached the configured collision radius
108,23,0.78992700763448831,0.77600000000000002,fraction,250,0,collision,nan,0,36.905231830241092,0.032916438999999999,0.001000000000000008,1.000000000000016e-06,1.780574827509827,-0.44194212725641036,0.00051882535685058521,trajectory reached the configured collision radius
108,24,0.78992927780858468,0.77600000000000002,fraction,250,0,collision,nan,0,36.910389237167173,0.032809700999999997,0.0010000000000000059,1.0000000000000118e-06,1.7805640699449077,-0.44194212725902376,0.00051882313048006606,trajectory reached the configured collision radius
108,25,0.78993154798268117,0.77600000000000002,fraction,250,0,collision,nan,0,36.915598639590215,0.032633455999999998,0.0010000000000000039,1.0000000000000078e-06,1.7805532574362968,-0.44194212726164817,0.00051882089500745001,trajectory reached the configured collision radius
108,26,0.78993381815677755,0.77600000000000002,fraction,250,0,collision,nan,0,36.920861079524911,0.032832535000000003,0.0010000000000000022,1.0000000000000044e-06,1.7805423888180787,-0.4419421272642835,0.00051881865023791288,trajectory reached the configured collision radius
108,27,0.78993608833087392,0.77600000000000002,fraction,250,0,collision,nan,0,36.926177629820849,0.033793113999999999,0.0010000000000000009,1.0000000000000019e-06,1.7805314628889213,-0.44194212726693005,0.00051881639597123102,trajectory reached the configured collision radius
108,28,0.78993835850497041,0.77600000000000002,fraction,250,0,collision,nan,0,36.931549395334741,0.035415806000000001,0.0010000000000000002,1.0000000000000004e-06,1.7805204784105708,-0.44194212726958804,0.0005188141320015355,trajectory reached the configured collision radius
108,29,0.78994062867906678,0.77600000000000002,fraction,250,0,collision,nan,0,36.936977514273785,0.033939257,0.001,9.9999999999999995e-07,1.7805094341064804,-0.44194212727225729,0.00051881185811712585,trajectory reached the configured collision radius
108,30,0.78994289885316327,0.77600000000000002,fraction,250,0,collision,nan,0,36.942463159421415,0.033085424000000002,0.001,9.9999999999999995e-07,1.7804983286605034,-0.44194212727493853,0.00051880957410031054,trajectory reached the configured collision radius
108,31,0.78994516902725964,0.77600000000000002,fraction,250,0,collision,nan,0,36.948007539611844,0.034162895999999998,0.001,9.9999999999999995e-07,1.7804871607151269,-0.44194212727763199,0.00051880727972715727,trajectory reached the configured collision radius
108,32,0.78994743920135613,0.77600000000000002,fraction,250,0,collision,nan,0,36.953611901164187,0.034446037999999998,0.0010000000000000005,1.000000000000001e-06,1.7804759288700378,-0.44194212728033766,0.00051880497476732208,trajectory reached the configured collision radius
108,33,0.7899497093754525,0.77600000000000002,fraction,250,0,collision,nan,0,36.95927752948068,0.033554041999999999,0.0010000000000000028,1.0000000000000057e-06,1.7804646316802235,-0.44194212728305604,0.00051880265898375359,trajectory reached the configured collision radius
108,34,0.78995197954954888,0.77600000000000002,fraction,250,0,collision,nan,0,36.965005750535475,0.033269989,0.0010000000000000115,1.000000000000023e-06,1.7804532676545723,-0.44194212728578774,0.00051880033213258861,trajectory reached the configured collision radius
108,35,0.78995424972364536,0.77600000000000002,fraction,250,0,collision,nan,0,36.970797932843574,0.032916823999999997,0.0010000000000000024,1.0000000000000048e-06,1.7804418352533991,-0.44194212728853255,0.00051879799396272049,trajectory reached the configured collision radius
108,36,0.78995651989774174,0.77600000000000002,fraction,250,0,collision,nan,0,36.976655488998006,0.033819652999999998,0.0010000000000000002,1.0000000000000004e-06,1.7804303328871016,-0.44194212729129095,0.00051879564421571718,trajectory reached the configured collision radius
108,37,0.78995879007183822,0.77600000000000002,fraction,250,0,collision,nan,0,36.982579877713448,0.033229213,0.001,9.9999999999999995e-07,1.780418758913785,-0.44194212729406329,0.00051879328262549736,trajectory reached the configured collision radius
109,19,0.78991792693810259,0.79216666666666669,fraction,250,0,collision,nan,0,36.97801398182736,0.034958612,0.001,9.9999999999999995e-07,1.7803486627071019,-0.44194212731851984,0.00051877244844659011,trajectory reached the configured collision radius
109,20,0.78992019711219896,0.79216666666666669,fraction,250,0,collision,nan,0,36.983408840775382,0.034154103999999998,0.0010000000000000002,1.0000000000000004e-06,1.7803377968867755,-0.44194212732102961,0.00051877031035427461,trajectory reached the configured collision radius
109,21,0.78992246728629545,0.79216666666666669,fraction,250,0,collision,nan,0,36.988860482485507,0.034111687000000002,0.0010000000000000011,1.0000000000000023e-06,1.7803268733324888,-0.44194212732354965,0.00051876816331664012,trajectory reached the configured collision radius
109,22,0.78992473746039182,0.79216666666666669,fraction,250,0,collision,nan,0,36.99437008930294,0.033903224000000003,0.0010000000000000037,1.0000000000000074e-06,1.7803158907835233,-0.44194212732608107,0.00051876600714115143,trajectory reached the configured collision radius
109,23,0.78992700763448831,0.79216666666666669,fraction,250,0,collision,nan,0,36.999938880095307,0.033918221999999998,0.0010000000000000106,1.0000000000000213e-06,1.7803048479403829,-0.44194212732862276,0.00051876384162999529,trajectory reached the configured collision radius
109,24,0.78992927780858468,0.79216666666666669,fraction,250,0,collision,nan,0,37.005568111393586,0.032805719999999997,0.0010000000000000041,1.0000000000000082e-06,1.780293743464018,-0.44194212733117599,0.00051876166658008048,trajectory reached the configured collision radius
109,25,0.78993154798268117,0.79216666666666669,fraction,250,0,collision,nan,0,37.011259079207868,0.033550126999999999,0.0010000000000000007,1.0000000000000014e-06,1.7802825759738592,-0.44194212733374028,0.00051875948178274514,trajectory reached the configured collision radius
109,26,0.78993381815677755,0.79216666666666669,fraction,250,0,collision,nan,0,37.017013120600545,0.03356464,0.001,9.9999999999999995e-07,1.7802713440462994,-0.44194212733631694,0.00051875728702359815,trajectory reached the configured collision radius
109,27,0.78993608833087392,0.79216666666666669,fraction,250,0,collision,nan,0,37.022831615362378,0.033939649000000002,0.001,9.9999999999999995e-07,1.7802600462131863,-0.44194212733890492,0.00051875508208240953,trajectory reached the configured collision radius
109,28,0.78993835850497041,0.79216666666666669,fraction,250,0,collision,nan,0,37.028715987897407,0.034142553999999999,0.0010000000000000007,1.0000000000000014e-06,1.7802486809598588,-0.44194212734150518,0.00051875286673281793,trajectory reached the configured collision radius
109,29,0.78994062867906678,0.79216666666666669,fraction,250,0,collision,nan,0,37.034667709102102,0.034334746999999999,0.0010000000000000067,1.0000000000000135e-06,1.7802372467234922,-0.44194212734411792,0.00051875064074220387,trajectory reached the configured collision radius
109,30,0.78994289885316327,0.79216666666666669,fraction,250,0,collision,nan,0,37.040688298461959,0.03369842,0.0010000000000000033,1.0000000000000065e-06,1.7802257418909881,-0.44194212734674365,0.00051874840387145437,trajectory reached the configured collision radius
109,31,0.78994516902725964,0.79216666666666669,fraction,250,0,collision,nan,0,37.046779326116457,0.034292565999999997,0.001,9.9999999999999995e-07,1.7802141647970944,-0.44194212734938243,0.000518746155874737,trajectory reached the configured collision radius
109,32,0.78994743920135613,0.79216666666666669,fraction,250,0,collision,nan,0,37.052942414992422,0.033493186000000001,0.001,9.9999999999999995e-07,1.7802025137225368,-0.44194212735203448,0.00051874389649940011,trajectory reached the configured collision radius
109,33,0.7899497093754525,0.79216666666666669,fraction,250,0,collision,nan,0,37.059179243492473,0.034480106000000003,0.0010000000000000022,1.0000000000000044e-06,1.780190786891177,-0.44194212735470023,0.00051874162548554744,trajectory reached the configured collision radius
109,34,0.78995197954954888,0.79216666666666669,fraction,250,0,collision,nan,0,37.065491547781221,0.033478967999999998,0.0010000000000000048,1.0000000000000095e-06,1.7801789824682002,-0.44194212735737981,0.0005187393425659597,trajectory reached the configured collision radius
109,35,0.78995424972364536,0.79216666666666669,fraction,250,0,collision,nan,0,37.071881124390387,0.033286666999999999,0.0010000000000000002,1.0000000000000004e-06,1.7801670985576847,-0.4419421273600736,0.00051873704746579553,trajectory reached the configured collision radius
109,36,0.78995651989774174,0.79216666666666669,fraction,250,0,collision,nan,0,37.078349833270671,0.033004117999999999,0.001,9.9999999999999995e-07,1.7801551331996732,-0.44194212736278221,0.0005187347399023684,trajectory reached the configured collision radius
109,37,0.78995879007183822,0.79216666666666669,fraction,250,0,collision,nan,0,37.084899600481961,0.033981099000000001,0.0010000000000000098,1.0000000000000196e-06,1.7801430843679147,-0.44194212736550559,0.00051873241958487156,trajectory reached the configured collision radius
110,19,0.78991792693810259,0.80833333333333335,fraction,250,0,collision,nan,0,37.074209142141726,0.034206238999999999,0.0010000000000000024,1.0000000000000048e-06,1.7800605431224312,-0.44194212739151467,0.00051871026017064861,trajectory reached the configured collision radius
110,20,0.78992019711219896,0.80833333333333335,fraction,250,0,collision,nan,0,37.080127424296606,0.035337621,0.0010000000000000093,1.0000000000000186e-06,1.7800494544856593,-0.44194212739391964,0.00051870821144618347,trajectory reached the configured collision radius
110,21,0.78992246728629545,0.80833333333333335,fraction,250,0,collision,nan,0,37.086113715292974,0.033965743999999999,0.0010000000000000011,1.0000000000000023e-06,1.7800383007023497,-0.44194212739633465,0.00051870615356313082,trajectory reached the configured collision radius
110,22,0.78992473746039182,0.80833333333333335,fraction,250,0,collision,nan,0,37.092169552046975,0.034377440000000002,0.001,9.9999999999999995e-07,1.7800270802768174,-0.44194212739876104,0.00051870408632470697,trajectory reached the configured collision radius
110,23,0.78992700763448831,0.80833333333333335,fraction,250,0,collision,nan,0,37.098296522869646,0.041362322,0.001,9.9999999999999995e-07,1.7800157916667123,-0.44194212740119859,0.00051870200952913574,trajectory reached the configured collision radius
110,24,0.78992927780858468,0.80833333333333335,fraction,250,0,collision,nan,0,37.104496269747408,0.040212666000000001,0.0010000000000000048,1.0000000000000095e-06,1.7800044332814007,-0.44194212740364747,0.00051869992296959806,trajectory reached the configured collision radius
110,25,0.78993154798268117,0.80833333333333335,fraction,250,0,collision,nan,0,37.11077049070753,0.032853601000000003,0.0010000000000000026,1.0000000000000052e-06,1.7799930034800056,-0.44194212740610817,0.00051869782643405133,trajectory reached the configured collision radius
110,26,0.78993381815677755,0.80833333333333335,fraction,250,0,collision,nan,0,37.117120942435491,0.033060021000000002,0.001,9.9999999999999995e-07,1.7799815005695103,-0.4419421274085808,0.00051869571970518424,trajectory reached the configured collision radius
110,27,0.78993608833087392,0.80833333333333335,fraction,250,0,collision,nan,0,37.123549442832029,0.033332452999999998,0.0010000000000000002,1.0000000000000004e-06,1.7799699228028458,-0.4419421274110657,0.00051869360256021177,trajectory reached the configured collision radius
110,28,0.78993835850497041,0.80833333333333335,fraction,250,0,collision,nan,0,37.130057873995433,0.033174355000000003,0.0010000000000000104,1.0000000000000209e-06,1.7799582683765616,-0.44194212741356298,0.0005186914747707732,trajectory reached the configured collision radius
110,29,0.78994062867906678,0.80833333333333335,fraction,250,0,collision,nan,0,37.136648185349046,0.033607342999999998,0.0010000000000000002,1.0000000000000004e-06,1.7799465354283783,-0.44194212741607303,0.00051868933610272542,trajectory reached the configured collision radius
110,30,0.78994289885316327,0.80833333333333335,fraction,250,0,collision,nan,0,37.143322396533485,0.033183585000000002,0.001,9.9999999999999995e-07,1.7799347220353992,-0.44194212741859629,0.00051868718631614642,trajectory reached the configured collision radius
110,31,0.78994516902725964,0.80833333333333335,fraction,250,0,collision,nan,0,37.150082601087824,0.033875427,0.0010000000000000102,1.0000000000000205e-06,1.7799228262111328,-0.44194212742113265,0.00051868502516506877,trajectory reached the configured collision radius
110,32,0.78994743920135613,0.80833333333333335,fraction,250,0,collision,nan,0,37.156930969997049,0.032853630000000002,0.0010000000000000002,1.0000000000000004e-06,1.7799108459029769,-0.44194212742368261,0.00051868285239734554,trajectory reached the configured collision radius
110,33,0.7899497093754525,0.80833333333333335,fraction,250,0,collision,nan,0,37.163869755331632,0.033782975999999999,0.0010000000000000011,1.0000000000000023e-06,1.7798987789898837,-0.44194212742624689,0.00051868066775466936,trajectory reached the configured collision radius
110,34,0.78995197954954888,0.80833333333333335,fraction,250,0,collision,nan,0,37.170901294659792,0.032501750000000003,0.001000000000000002,1.000000000000004e-06,1.7798866232788897,-0.44194212742882483,0.0005186784709722078,trajectory reached the configured collision radius
110,35,0.78995424972364536,0.80833333333333335,fraction,250,0,collision,nan,0,37.178028014928742,0.034571598000000002,0.001,9.9999999999999995e-07,1.7798743765028562,-0.44194212743141759,0.00051867626177867874,trajectory reached the configured collision radius
110,36,0.78995651989774174,0.80833333333333335,fraction,250,0,collision,nan,0,37.185252437495329,0.033242915999999997,0.0010000000000000076,1.0000000000000152e-06,1.7798620363166471,-0.44194212743402528,0.00051867403989609012,trajectory reached the configured collision radius
110,37,0.78995879007183822,0.80833333333333335,fraction,250,0,collision,nan,0,37.192577182647078,0.032618348999999998,0.001,9.9999999999999995e-07,1.7798496002944431,-0.44194212743664812,0.0005186718050396755,trajectory reached the configured collision radius
111,19,0.78991792693810259,0.82450000000000001,fraction,250,0,collision,nan,0,37.171165329096155,0.033282784000000003,0.0010000000000000011,1.0000000000000023e-06,1.7797628610310301,-0.44194212746209788,0.00051865011991211697,trajectory reached the configured collision radius
111,20,0.78992019711219896,0.82450000000000001,fraction,250,0,collision,nan,0,37.177697896514417,0.032683252000000003,0.001,9.9999999999999995e-07,1.7797517091486668,-0.44194212746433748,0.00051864821145806094,trajectory reached the configured collision radius
111,21,0.78992246728629545,0.82450000000000001,fraction,250,0,collision,nan,0,37.184312776263063,0.033160019999999998,0.0010000000000000033,1.0000000000000065e-06,1.7797404859744514,-0.44194212746658712,0.00051864629442877714,trajectory reached the configured collision radius
111,22,0.78992473746039182,0.82450000000000001,fraction,250,0,collision,nan,0,37.191011998487916,0.032869438000000001,0.0010000000000000015,1.0000000000000031e-06,1.7797291898242587,-0.44194212746884715,0.0005186443686545514,trajectory reached the configured collision radius
111,23,0.78992700763448831,0.82450000000000001,fraction,250,0,collision,nan,0,37.197797667555932,0.032553642000000001,0.001,9.9999999999999995e-07,1.7797178189619105,-0.44194212747111766,0.00051864243396272647,trajectory reached the configured collision radius
111,24,0.78992927780858468,0.82450000000000001,fraction,250,0,collision,nan,0,37.204671965647997,0.033707401999999997,0.0010000000000000067,1.0000000000000135e-06,1.7797063715971935,-0.44194212747339867,0.00051864049017764707,trajectory reached the configured collision radius
111,25,0.78993154798268117,0.82450000000000001,fraction,250,1,collision,2.4372751035018552,2.4372751035018552,37.211637156606322,0.033322957,0.0010000000000000037,1.0000000000000074e-06,1.779694845883979,-0.44194212747569084,0.00051863853712075822,trajectory reached the configured collision radius
111,26,0.78993381815677755,0.82450000000000001,fraction,250,1,collision,2.4876611725184987,2.4876611725184987,37.218695590029988,0.032753580999999997,0.0010000000000000013,1.0000000000000027e-06,1.7796832399179567,-0.44194212747799405,0.00051863657461063582,trajectory reached the configured collision radius
111,27,0.78993608833087392,0.82450000000000001,fraction,250,1,collision,2.5162491181714217,2.5162491181714217,37.225849705693399,0.032677660999999997,0.0010000000000000059,1.0000000000000118e-06,1.7796715517344892,-0.44194212748030848,0.00051863460246301786,trajectory reached the configured collision radius
111,28,0.78993835850497041,0.82450000000000001,fraction,250,1,collision,2.539297519744141,2.539297519744141,37.233102038078073,0.032734965999999997,0.0010000000000000009,1.0000000000000019e-06,1.7796597793063522,-0.44194212748263445,0.00051863262049091298,trajectory reached the configured collision radius
111,29,0.78994062867906678,0.82450000000000001,fraction,250,1,collision,2.5594687689261071,2.5594687689261071,37.240455221400616,0.032932270999999999,0.0010000000000000015,1.0000000000000031e-06,1.7796479205413149,-0.44194212748497186,0.00051863062850470093,trajectory reached the configured collision radius
111,30,0.78994289885316327,0.82450000000000001,fraction,250,1,collision,2.5778277394025086,2.5778277394025086,37.247911994654118,0.033107387000000002,0.0010000000000000102,1.0000000000000205e-06,1.7796359732799107,-0.44194212748732148,0.00051862862631226782,trajectory reached the configured collision radius
111,31,0.78994516902725964,0.82450000000000001,fraction,250,1,collision,2.5949284892065201,2.5949284892065201,37.255475207568281,0.034762724000000002,0.0010000000000000044,1.0000000000000086e-06,1.7796239352923158,-0.44194212748968348,0.00051862661371903805,trajectory reached the configured collision radius
111,32,0.78994743920135613,0.82450000000000001,fraction,250,1,collision,2.6111030978505503,2.6111030978505503,37.263147826227865,0.033288257000000002,0.001,9.9999999999999995e-07,1.7796118042763356,-0.44194212749205747,0.00051862459052830418,trajectory reached the configured collision radius
111,33,0.7899497093754525,0.82450000000000001,fraction,250,1,collision,2.626569442682773,2.626569442682773,37.270932939636573,0.033020578000000002,0.0010000000000000037,1.0000000000000074e-06,1.7795995778542042,-0.44194212749444439,0.00051862255654133162,trajectory reached the configured collision radius
111,34,0.78995197954954888,0.82450000000000001,fraction,250,1,collision,2.6414798578158489,2.6414798578158489,37.278833766568624,0.033542667999999998,0.001,9.9999999999999995e-07,1.7795872535697328,-0.44194212749684414,0.00051862051155756282,trajectory reached the configured collision radius
111,35,0.78995424972364536,0.82450000000000001,fraction,250,1,collision,2.6559460410236388,2.6559460410236388,37.286853662809143,0.035025661,0.001000000000000002,1.000000000000004e-06,1.779574828885446,-0.44194212749925743,0.00051861845537496255,trajectory reached the configured collision radius
111,36,0.78995651989774174,0.82450000000000001,fraction,250,1,collision,2.670053003067995,2.670053003067995,37.294996129037827,0.034076562999999997,0.0010000000000000106,1.0000000000000213e-06,1.7795623011793409,-0.44194212750168355,0.0005186163877902956,trajectory reached the configured collision radius
111,37,0.78995879007183822,0.82450000000000001,fraction,250,1,collision,2.6838674295609248,2.6838674295609248,37.303264819144161,0.034221962000000002,0.0010000000000000039,1.0000000000000078e-06,1.7795496677417499,-0.44194212750412371,0.00051861430859947218,trajectory reached the configured collision radius
112,19,0.78991792693810259,0.84066666666666667,fraction,250,1,collision,2.7307429651593962,2.7307429651593962,37.264154133000211,0.033357755000000003,0.0010000000000000002,1.0000000000000004e-06,1.779470092894645,-0.44194212752665263,0.00051859510960387486,trajectory reached the configured collision radius
112,20,0.78992019711219896,0.84066666666666667,fraction,250,1,collision,2.7391669905091742,2.7391669905091742,37.271370997606809,0.033531782000000003,0.001,9.9999999999999995e-07,1.7794591378542217,-0.44194212752864592,0.00051859341116962149,trajectory reached the configured collision radius
112,21,0.78992246728629545,0.84066666666666667,fraction,250,1,collision,2.7476311001079061,2.7476311001079061,37.278687547828085,0.034193487000000002,0.0010000000000000013,1.0000000000000027e-06,1.7794481094632018,-0.44194212753064654,0.00051859170615162426,trajectory reached the configured collision radius
112,22,0.78992473746039182,0.84066666666666667,fraction,250,1,collision,2.7561391078700526,2.7561391078700526,37.286106470283627,0.033166659000000001,0.0010000000000000111,1.0000000000000222e-06,1.7794370060100873,-0.44194212753265516,0.00051858999446581359,trajectory reached the configured collision radius
112,23,0.78992700763448831,0.84066666666666667,fraction,250,1,collision,2.7646947894064713,2.7646947894064713,37.293630559147751,0.034370385000000003,0.0010000000000000011,1.0000000000000023e-06,1.7794258257348161,-0.44194212753467171,0.00051858827603039283,trajectory reached the configured collision radius
112,24,0.78992927780858468,0.84066666666666667,fraction,250,1,collision,2.7733018955621453,2.7733018955621453,37.301262722056578,0.034531724999999999,0.001,9.9999999999999995e-07,1.779414566827183,-0.44194212753669615,0.00051858655076632548,trajectory reached the configured collision radius
112,25,0.78993154798268117,0.84066666666666667,fraction,250,1,collision,2.7819641648643776,2.7819641648643776,37.309005986193377,0.033058213000000003,0.001,9.9999999999999995e-07,1.779403227425433,-0.44194212753872875,0.00051858481859770567,trajectory reached the configured collision radius
112,26,0.78993381815677755,0.84066666666666667,fraction,250,1,collision,2.7906853352956515,2.7906853352956515,37.316863504820354,0.033029905999999998,0.0010000000000000009,1.0000000000000019e-06,1.7793918056149438,-0.44194212754076956,0.00051858307945236209,trajectory reached the configured collision radius
112,27,0.78993608833087392,0.84066666666666667,fraction,250,1,collision,2.7994691559059377,2.7994691559059377,37.324838564451852,0.033391507000000001,0.0010000000000000063,1.0000000000000127e-06,1.7793802994266474,-0.44194212754281836,0.0005185813332624098,trajectory reached the configured collision radius
112,28,0.78993835850497041,0.84066666666666667,fraction,250,1,collision,2.8083193978388201,2.8083193978388201,37.332934592427343,0.033491110999999997,0.0010000000000000061,1.0000000000000122e-06,1.779368706835369,-0.441942127544876,0.00051857957996481123,trajectory reached the configured collision radius
112,29,0.78994062867906678,0.84066666666666667,fraction,250,1,collision,2.8172398647060377,2.8172398647060377,37.341155164801854,0.033030766000000003,0.0010000000000000013,1.0000000000000027e-06,1.7793570257588813,-0.44194212754694157,0.00051857781950221434,trajectory reached the configured collision radius
112,30,0.78994289885316327,0.84066666666666667,fraction,250,1,collision,2.8262344037084635,2.8262344037084635,37.349504015387403,0.034049638,0.001,9.9999999999999995e-07,1.7793452540556753,-0.44194212754901602,0.00051857605182361113,trajectory reached the configured collision radius
112,31,0.78994516902725964,0.84066666666666667,fraction,250,1,collision,2.8353069154067487,2.8353069154067487,37.357985044678728,0.033759343999999997,0.001,9.9999999999999995e-07,1.7793333895244394,-0.44194212755109807,0.00051857427688533904,trajectory reached the configured collision radius
112,32,0.78994743920135613,0.84066666666666667,fraction,250,1,collision,2.8444613647100629,2.8444613647100629,37.366602330218782,0.032880108999999998,0.001,9.9999999999999995e-07,1.7793214299018305,-0.44194212755318951,0.00051857249465190301,trajectory reached the configured collision radius
112,33,0.7899497093754525,0.84066666666666667,fraction,250,1,collision,2.8537017909947333,2.8537017909947333,37.37536013721359,0.039542107,0.0010000000000000002,1.0000000000000004e-06,1.7793093728617031,-0.4419421275552895,0.00051857070509718636,trajectory reached the configured collision radius
112,34,0.78995197954954888,0.84066666666666667,fraction,250,1,collision,2.8630323187968347,2.8630323187968347,37.384262930105763,0.032520166000000003,0.0010000000000000009,1.0000000000000019e-06,1.7792972160137144,-0.44194212755739803,0.00051856890820562785,trajectory reached the configured collision radius
112,35,0.78995424972364536,0.84066666666666667,fraction,250,1,collision,2.8724571690205436,2.8724571690205436,37.393315385419676,0.034129924999999998,0.001000000000000002,1.000000000000004e-06,1.779284956901716,-0.44194212755951517,0.00051856710397344145,trajectory reached the configured collision radius
112,36,0.78995651989774174,0.84066666666666667,fraction,250,1,collision,2.8819806694392764,2.8819806694392764,37.402522404805062,0.032962065999999998,0.0010000000000000044,1.0000000000000086e-06,1.7792725930036328,-0.44194212756164086,0.00051856529241031072,trajectory reached the configured collision radius
112,37,0.78995879007183822,0.84066666666666667,fraction,250,1,collision,2.8916072669986894,2.8916072669986894,37.411889130202461,0.032606412000000001,0.0010000000000000074,1.0000000000000148e-06,1.7792601217295041,-0.44194212756377516,0.00051856347354086504,trajectory reached the configured collision radius
113,19,0.78991792693810259,0.85683333333333334,fraction,250,1,collision,2.8665029639717279,2.8665029639717279,37.345209796331773,0.032456918000000001,0.0010000000000000007,1.0000000000000014e-06,1.7792003160341969,-0.4419421275815128,0.00051854835636937354,trajectory reached the configured collision radius
113,20,0.78992019711219896,0.85683333333333334,fraction,250,1,collision,2.8736156300344344,2.8736156300344344,37.35311089474267,0.033444934000000003,0.0010000000000000048,1.0000000000000095e-06,1.7791899377752056,-0.44194212758316032,0.00051854695232939963,trajectory reached the configured collision radius
113,21,0.78992246728629545,0.85683333333333334,fraction,250,1,collision,2.880817285579393,2.880817285579393,37.361130571959663,0.033504721000000001,0.001000000000000007,1.0000000000000139e-06,1.779179491903111,-0.44194212758481072,0.00051854554563831581,trajectory reached the configured collision radius
113,22,0.78992473746039182,0.85683333333333334,fraction,250,1,collision,2.8881104625609417,2.8881104625609417,37.369272294385084,0.032742968999999997,0.0010000000000000009,1.0000000000000019e-06,1.7791689769977439,-0.44194212758646439,0.00051854413638076997,trajectory reached the configured collision radius
113,23,0.78992700763448831,0.85683333333333334,fraction,250,1,collision,2.8954977883658986,2.8954977883658986,37.377539679281988,0.033765593000000003,0.001,9.9999999999999995e-07,1.7791583916124243,-0.44194212758812085,0.0005185427246540298,trajectory reached the configured collision radius
113,24,0.78992927780858468,0.85683333333333334,fraction,250,1,collision,2.9029819913794999,2.9029819913794999,37.385936503851838,0.034314703000000002,0.001,9.9999999999999995e-07,1.7791477342739803,-0.44194212758977997,0.00051854131056907769,trajectory reached the configured collision radius
113,25,0.78993154798268117,0.85683333333333334,fraction,250,1,collision,2.910565906815243,2.910565906815243,37.394466714867193,0.034088927999999998,0.0010000000000000011,1.0000000000000023e-06,1.7791370034831322,-0.44194212759144197,0.00051853989425195627,trajectory reached the configured collision radius
113,26,0.78993381815677755,0.85683333333333334,fraction,250,1,collision,2.9182524822378784,2.9182524822378784,37.403134438431252,0.032778228,0.0010000000000000096,1.0000000000000192e-06,1.7791261977162234,-0.44194212759310575,0.00051853847584525646,trajectory reached the configured collision radius
113,27,0.78993608833087392,0.85683333333333334,fraction,250,1,collision,2.9260447844683495,2.9260447844683495,37.411943991348664,0.032668440999999999,0.001000000000000002,1.000000000000004e-06,1.779115315425619,-0.44194212759477242,0.00051853705550970058,trajectory reached the configured collision radius
113,28,0.78993835850497041,0.85683333333333334,fraction,250,1,collision,2.9339460063753742,2.9339460063753742,37.420899892799902,0.032429179000000002,0.001,9.9999999999999995e-07,1.7791043550414054,-0.44194212759644103,0.00051853563342590437,trajectory reached the configured collision radius
113,29,0.78994062867906678,0.85683333333333334,fraction,250,1,collision,2.9419594743971333,2.9419594743971333,37.430006877219846,0.033704452000000003,0.001,9.9999999999999995e-07,1.7790933149728232,-0.44194212759811136,0.0005185342097962938,trajectory reached the configured collision radius
113,30,0.78994289885316327,0.85683333333333334,fraction,250,1,collision,2.9500886566349198,2.9500886566349198,37.439269908130342,0.032754362000000002,0.0010000000000000024,1.0000000000000048e-06,1.7790821936103565,-0.44194212759978319,0.00051853278484725244,trajectory reached the configured collision radius
113,31,0.78994516902725964,0.85683333333333334,fraction,250,1,collision,2.9583371711089255,2.9583371711089255,37.448694192789915,0.033573196999999999,0.0010000000000000063,1.0000000000000127e-06,1.7790709893284651,-0.44194212760145629,0.00051853135883152626,trajectory reached the configured collision radius
113,32,0.78994743920135613,0.85683333333333334,fraction,250,1,collision,2.9667087955910971,2.9667087955910971,37.458285198813208,0.032454116999999998,0.0010000000000000002,1.0000000000000004e-06,1.7790597004879563,-0.44194212760313067,0.00051852993203075856,trajectory reached the configured collision radius
113,33,0.7899497093754525,0.85683333333333334,fraction,250,1,collision,2.9752074771728085,2.9752074771728085,37.468048671321817,0.033294906999999999,0.001,9.9999999999999995e-07,1.7790483254398153,-0.44194212760480495,0.00051852850475845561,trajectory reached the configured collision radius
113,34,0.78995197954954888,0.85683333333333334,fraction,250,1,collision,2.9838373432803471,2.9838373432803471,37.477990652154226,0.032482780000000003,0.0010000000000000022,1.0000000000000044e-06,1.7790368625291582,-0.44194212760647977,0.00051852707736314309,trajectory reached the configured collision radius
113,35,0.78995424972364536,0.85683333333333334,fraction,250,1,collision,2.9926027132641777,2.9926027132641777,37.488117500467212,0.033225931,0.0010000000000000046,1.0000000000000091e-06,1.7790253100999611,-0.44194212760815416,0.00051852565023194352,trajectory reached the configured collision radius
113,36,0.78995651989774174,0.85683333333333334,fraction,250,1,collision,3.0015081112046129,3.0015081112046129,37.49843591539144,0.032775751999999998,0.001,9.9999999999999995e-07,1.7790136665006113,-0.44194212760982787,0.00051852422379449945,trajectory reached the configured collision radius
113,37,0.78995879007183822,0.85683333333333334,fraction,250,1,collision,3.0105582793079138,3.0105582793079138,37.508952960316975,0.033542941999999999,0.0010000000000000002,1.0000000000000004e-06,1.7790019300907303,-0.44194212761149987,0.00051852279852741931,trajectory reached the configured collision radius
114,19,0.78991792693810259,0.873,fraction,250,1,collision,2.9376389138233501,2.9376389138233501,37.40257245383345,0.032487938000000001,0.0010000000000000104,1.0000000000000209e-06,1.7789713922009696,-0.44194212762421498,0.00051851196149920776,trajectory reached the configured collision radius
114,20,0.78992019711219896,0.873,fraction,250,1,collision,2.9442758400786122,2.9442758400786122,37.411013769362974,0.033513831000000001,0.0010000000000000002,1.0000000000000004e-06,1.778962044421216,-0.44194212762542584,0.0005185109291253316,trajectory reached the configured collision radius
114,21,0.78992246728629545,0.873,fraction,250,1,collision,2.9510133485262937,2.9510133485262937,37.41958965762128,0.033158884,0.0010000000000000005,1.000000000000001e-06,1.7789526448135407,-0.44194212762663393,0.00051850989975298772,trajectory reached the configured collision radius
114,22,0.78992473746039182,0.873,fraction,250,1,collision,2.9578542248388504,2.9578542248388504,37.428304294829367,0.033061240999999998,0.0010000000000000052,1.0000000000000105e-06,1.7789431926439103,-0.44194212762783774,0.00051850887370329514,trajectory reached the configured collision radius
114,23,0.78992700763448831,0.873,fraction,250,1,collision,2.96480137105651,2.96480137105651,37.437162050995724,0.033235225,0.001,9.9999999999999995e-07,1.7789336871948649,-0.44194212762903717,0.00051850785132406905,trajectory reached the configured collision radius
114,24,0.78992927780858468,0.873,fraction,250,1,collision,2.9718578118384484,2.9718578118384484,37.446167501585606,0.033217877999999999,0.0010000000000000033,1.0000000000000065e-06,1.778924127770251,-0.44194212763023166,0.0005185068329921701,trajectory reached the configured collision radius
114,25,0.78993154798268117,0.873,fraction,250,1,collision,2.9790267019838277,2.9790267019838277,37.455325440925563,0.032689348,0.0010000000000000007,1.0000000000000014e-06,1.7789145136991973,-0.44194212763142149,0.00051850581911598798,trajectory reached the configured collision radius
114,26,0.78993381815677755,0.873,fraction,250,1,collision,2.9863113338257201,2.9863113338257201,37.464640896021038,0.033327531000000001,0.0010000000000000002,1.0000000000000004e-06,1.7789048443416071,-0.44194212763260521,0.00051850481013817392,trajectory reached the configured collision radius
114,27,0.78993608833087392,0.873,fraction,250,1,collision,2.9937151457048587,2.9937151457048587,37.47411914198166,0.033540394000000001,0.0010000000000000059,1.0000000000000118e-06,1.7788951190937368,-0.44194212763378232,0.00051850380653871919,trajectory reached the configured collision radius
114,28,0.78993835850497041,0.873,fraction,250,1,collision,3.0012417308594102,3.0012417308594102,37.48376571851589,0.033377531000000002,0.001,9.9999999999999995e-07,1.7788853373948474,-0.441942127634953,0.00051850280883825571,trajectory reached the configured collision radius
114,29,0.78994062867906678,0.873,fraction,250,1,collision,3.0088948469447367,3.0088948469447367,37.493586447768166,0.034097325999999997,0.001000000000000007,1.0000000000000139e-06,1.7788754987345523,-0.44194212763611596,0.00051850181760172481,trajectory reached the configured collision radius
114,30,0.78994289885316327,0.873,fraction,250,1,collision,3.0166784263958371,3.0166784263958371,37.503587453704917,0.032750133000000001,0.001,9.9999999999999995e-07,1.7788656026615148,-0.44194212763727087,0.00051850083344246486,trajectory reached the configured collision radius
114,31,0.78994516902725964,0.873,fraction,250,1,collision,3.0245965877835275,3.0245965877835275,37.513775183444324,0.034058786000000001,0.0010000000000000024,1.0000000000000048e-06,1.7788556487925129,-0.44194212763841623,0.00051849985702666465,trajectory reached the configured collision radius
114,32,0.78994743920135613,0.873,fraction,250,1,collision,3.0326536477642341,3.0326536477642341,37.524156430042261,0.032593728000000002,0.0010000000000000002,1.0000000000000004e-06,1.7788456368235148,-0.44194212763955187,0.00051849888907831666,trajectory reached the configured collision radius
114,33,0.7899497093754525,0.873,fraction,250,1,collision,3.0408541344256448,3.0408541344256448,37.534738357812166,0.032910045999999998,0.0010000000000000013,1.0000000000000027e-06,1.7788355665416649,-0.44194212764067664,0.00051849793038466984,trajectory reached the configured collision radius
114,34,0.78995197954954888,0.873,fraction,250,1,collision,3.0492028014845434,3.0492028014845434,37.545528529634758,0.034773435999999998,0.0010000000000000007,1.0000000000000014e-06,1.7788254378391337,-0.44194212764178953,0.00051849698180236631,trajectory reached the configured collision radius
114,35,0.78995424972364536,0.873,fraction,250,1,collision,3.0577046437381004,3.0577046437381004,37.556534936895922,0.033164108999999997,0.0010000000000000009,1.0000000000000019e-06,1.7788152507288932,-0.44194212764288954,0.00051849604426413025,trajectory reached the configured collision radius
114,36,0.78995651989774174,0.873,fraction,250,1,collision,3.0663649142385347,3.0663649142385347,37.56776603258843,0.033102181000000001,0.0010000000000000005,1.000000000000001e-06,1.7788050053621713,-0.44194212764397528,0.00051849511878628821,trajectory reached the configured collision radius
114,37,0.78995879007183822,0.873,fraction,250,1,collision,3.0751891423815905,3.0751891423815905,37.579230767068694,0.033559825000000001,0.0010000000000000015,1.0000000000000031e-06,1.7787947020490817,-0.44194212764504603,0.00051849420647719828,trajectory reached the configured collision radius
115,19,0.78991792693810259,0.88916666666666666,fraction,250,1,collision,2.9572922007022346,2.9572922007022346,37.422043033003654,0.033525438999999997,0.0010000000000000078,1.0000000000000156e-06,1.7787945160607193,-0.44194212765498841,0.00051848573170753393,trajectory reached the configured collision radius
115,20,0.78992019711219896,0.88916666666666666,fraction,250,1,collision,2.9634572762293758,2.9634572762293758,37.430679701246369,0.033476715999999997,0.001,9.9999999999999995e-07,1.7787865755249943,-0.44194212765572738,0.00051848510176080254,trajectory reached the configured collision radius
115,21,0.78992246728629545,0.88916666666666666,fraction,250,1,collision,2.9697230483020998,2.9697230483020998,37.439456959182934,0.032444582,0.0010000000000000076,1.0000000000000152e-06,1.7787786058895811,-0.44194212765645602,0.0005184844805270751,trajectory reached the configured collision radius
115,22,0.78992473746039182,0.88916666666666666,fraction,250,1,collision,2.9760923374994528,2.9760923374994528,37.448379261418438,0.033378028999999997,0.001,9.9999999999999995e-07,1.7787706072778569,-0.44194212765717406,0.0005184838685361367,trajectory reached the configured collision radius
115,23,0.78992700763448831,0.88916666666666666,fraction,250,1,collision,2.9825680838344999,2.9825680838344999,37.457451273456883,0.032471664999999997,0.0010000000000000096,1.0000000000000192e-06,1.7787625798776554,-0.44194212765788071,0.0005184832663556665,trajectory reached the configured collision radius
115,24,0.78992927780858468,0.88916666666666666,fraction,250,1,collision,2.9891533537497703,2.9891533537497703,37.466677885205691,0.033135389000000001,0.001,9.9999999999999995e-07,1.7787545239484492,-0.44194212765857488,0.00051848267459421286,trajectory reached the configured collision radius
115,25,0.78993154798268117,0.88916666666666666,fraction,250,1,collision,2.9958513477428794,2.9958513477428794,37.47606422566971,0.034573870999999999,0.0010000000000000083,1.0000000000000165e-06,1.7787464398295203,-0.44194212765925628,0.00051848209390464319,trajectory reached the configured collision radius
115,26,0.78993381815677755,0.88916666666666666,fraction,250,1,collision,3.0026654081311617,3.0026654081311617,37.485615678422086,0.032992478999999998,0.001,9.9999999999999995e-07,1.7787383279495281,-0.44194212765992391,0.00051848152498777081,trajectory reached the configured collision radius
115,27,0.78993608833087392,0.88916666666666666,fraction,250,1,collision,3.0095990281599998,3.0095990281599998,37.495337899098139,0.032436935,0.0010000000000000028,1.0000000000000057e-06,1.7787301888361857,-0.4419421276605765,0.00051848096859641053,trajectory reached the configured collision radius
115,28,0.78993835850497041,0.88916666666666666,fraction,250,1,collision,3.0166558608303236,3.0166558608303236,37.505236833395678,0.032515395000000002,0.0010000000000000005,1.000000000000001e-06,1.77872202312835,-0.4419421276612136,0.00051848042553983057,trajectory reached the configured collision radius
115,29,0.78994062867906678,0.88916666666666666,fraction,250,1,collision,3.0238397297340787,3.0238397297340787,37.515318737945869,0.033533764000000001,0.0010000000000000002,1.0000000000000004e-06,1.778713831587845,-0.44194212766183394,0.00051847989668857937,trajectory reached the configured collision radius
115,30,0.78994289885316327,0.88916666666666666,fraction,250,1,collision,3.0311546389672093,3.0311546389672093,37.525590201152298,0.036244328999999999,0.0010000000000000044,1.0000000000000086e-06,1.7787056151149714,-0.44194212766243651,0.00051847938297998992,trajectory reached the configured collision radius
115,31,0.78994516902725964,0.88916666666666666,fraction,250,1,collision,3.0386047860300334,3.0386047860300334,37.536058168184688,0.034519636999999999,0.001,9.9999999999999995e-07,1.7786973747630774,-0.44194212766302032,0.00051847888542394104,trajectory reached the configured collision radius
115,32,0.78994743920135613,0.88916666666666666,fraction,250,1,collision,3.0461945738189975,3.0461945738189975,37.546729966127671,0.033215261000000003,0.0010000000000000044,1.0000000000000086e-06,1.7786891117574299,-0.44194212766358382,0.00051847840510957388,trajectory reached the configured collision radius
115,33,0.7899497093754525,0.88916666666666666,fraction,250,1,collision,3.0539286250637487,3.0539286250637487,37.557613332990364,0.033227285000000002,0.0010000000000000007,1.0000000000000014e-06,1.7786808275145674,-0.44194212766412555,0.00051847794321238281,trajectory reached the configured collision radius
115,34,0.78995197954954888,0.88916666666666666,fraction,250,1,collision,3.0618117972092196,3.0618117972092196,37.568716448574115,0.032638594,0.001,9.9999999999999995e-07,1.7786725236650258,-0.44194212766464447,0.00051847750100236876,trajectory reached the configured collision radius
115,35,0.78995424972364536,0.88916666666666666,fraction,250,1,collision,3.069849199005779,3.069849199005779,37.580047968761676,0.032948017000000003,0.0010000000000000083,1.0000000000000165e-06,1.7786642020785268,-0.44194212766513846,0.00051847707985285831,trajectory reached the configured collision radius
115,36,0.78995651989774174,0.88916666666666666,fraction,250,1,collision,3.0780462085790554,3.0780462085790554,37.591617063124197,0.033022257999999999,0.0010000000000000005,1.000000000000001e-06,1.7786558648921085,-0.4419421276656062,0.00051847668125039673,trajectory reached the configured collision radius
115,37,0.78995879007183822,0.88916666666666666,fraction,250,1,collision,3.086408492768816,3.086408492768816,37.603433455885295,0.032642451000000003,0.001,9.9999999999999995e-07,1.7786475145427039,-0.44194212766604568,0.00051847630680584616,trajectory reached the configured collision radius
116,19,0.78991792693810259,0.90533333333333332,fraction,250,1,collision,2.9286728206818236,2.9286728206818236,37.391471115102128,0.032495555000000002,0.001,9.9999999999999995e-07,1.7786691163101882,-0.44194212767720853,0.00051846679161563272,trajectory reached the configured collision radius
116,20,0.78992019711219896,0.90533333333333332,fraction,250,1,collision,2.9341542000808083,2.9341542000808083,37.39980583972266,0.032478591000000001,0.0010000000000000035,1.0000000000000069e-06,1.7786626990483703,-0.44194212767752722,0.00051846651976775269,trajectory reached the configured collision radius
116,21,0.78992246728629545,0.90533333333333332,fraction,250,1,collision,2.9397261982421701,2.9397261982421701,37.408271902904175,0.032381480999999997,0.0010000000000000005,1.000000000000001e-06,1.7786562738275271,-0.44194212767783225,0.00051846626000897809,trajectory reached the configured collision radius
116,22,0.78992473746039182,0.90533333333333332,fraction,250,1,collision,2.9453912873616983,2.9453912873616983,37.416873333376806,0.032336431999999998,0.0010000000000000005,1.000000000000001e-06,1.7786498413331855,-0.4419421276781218,0.00051846601292665831,trajectory reached the configured collision radius
116,23,0.78992700763448831,0.90533333333333332,fraction,250,1,collision,2.9511520407661287,2.9511520407661287,37.425614344676234,0.033480124,0.0010000000000000044,1.0000000000000086e-06,1.7786434023325486,-0.44194212767839625,0.00051846577914566516,trajectory reached the configured collision radius
116,24,0.78992927780858468,0.90533333333333332,fraction,250,1,collision,2.9570111381430451,2.9570111381430451,37.43449934600617,0.032645277,0.001,9.9999999999999995e-07,1.7786369576829248,-0.44194212767865404,0.00051846555933127798,trajectory reached the configured collision radius
116,25,0.78993154798268117,0.90533333333333332,fraction,250,1,collision,2.9629713719227326,2.9629713719227326,37.443532954906466,0.032578836999999999,0.0010000000000000044,1.0000000000000086e-06,1.7786305083398686,-0.44194212767889474,0.00051846535419227953,trajectory reached the configured collision radius
116,26,0.78993381815677755,0.90533333333333332,fraction,250,1,collision,2.9690356533770967,2.9690356533770967,37.45272001001549,0.033676447999999998,0.0010000000000000007,1.0000000000000014e-06,1.7786240553672805,-0.44194212767911711,0.00051846516448433931,trajectory reached the configured collision radius
116,27,0.78993608833087392,0.90533333333333332,fraction,250,1,collision,2.975207020195338,2.975207020195338,37.462065586078154,0.033180451999999999,0.001,9.9999999999999995e-07,1.7786175999469342,-0.44194212767932073,0.00051846499101361465,trajectory reached the configured collision radius
116,28,0.78993835850497041,0.90533333333333332,fraction,250,1,collision,2.9814886433772094,2.9814886433772094,37.471575008701066,0.032755872999999998,0.0010000000000000102,1.0000000000000205e-06,1.7786111433909884,-0.44194212767950442,0.00051846483464088402,trajectory reached the configured collision radius
116,29,0.78994062867906678,0.90533333333333332,fraction,250,1,collision,2.9878838357768758,2.9878838357768758,37.481253871683009,0.033244308,0.0010000000000000002,1.0000000000000004e-06,1.7786046871540546,-0.44194212767966634,0.00051846469628582636,trajectory reached the configured collision radius
116,30,0.78994289885316327,0.90533333333333332,fraction,250,1,collision,2.9943960604424498,2.9943960604424498,37.491108054750661,0.032399922999999997,0.0010000000000000002,1.0000000000000004e-06,1.7785982328478434,-0.44194212767980684,0.00051846457693194021,trajectory reached the configured collision radius
116,31,0.78994516902725964,0.90533333333333332,fraction,250,1,collision,3.0010289403172754,3.0010289403172754,37.501143743679393,0.032574963999999998,0.0010000000000000098,1.0000000000000196e-06,1.7785917822565103,-0.44194212767992291,0.00051846447763177024,trajectory reached the configured collision radius
116,32,0.78994743920135613,0.90533333333333332,fraction,250,1,collision,3.0077862683240446,3.0077862683240446,37.511367451706825,0.032748861999999997,0.0010000000000000005,1.000000000000001e-06,1.778585337354093,-0.44194212768001451,0.00051846439951269349,trajectory reached the configured collision radius
116,33,0.7899497093754525,0.90533333333333332,fraction,250,1,collision,3.0146720181828712,3.0146720181828712,37.521786042746456,0.033686036000000003,0.001,9.9999999999999995e-07,1.7785789003240675,-0.44194212768008034,0.00051846434378339081,trajectory reached the configured collision radius
116,34,0.78995197954954888,0.90533333333333332,fraction,250,1,collision,3.0216903564507795,3.0216903564507795,37.532406757067164,0.034136485000000001,0.0010000000000000031,1.0000000000000061e-06,1.7785724735806234,-0.44194212768011781,0.00051846431174078157,trajectory reached the configured collision radius
116,35,0.78995424972364536,0.90533333333333332,fraction,250,1,collision,3.0288456554701799,3.0288456554701799,37.543237239254758,0.03267718,0.0010000000000000037,1.0000000000000074e-06,1.7785660597927195,-0.44194212768012614,0.00051846430477783128,trajectory reached the configured collision radius
116,36,0.78995651989774174,0.90533333333333332,fraction,250,1,collision,3.0361425073390955,3.0361425073390955,37.554285568682197,0.032234752999999998,0.001,9.9999999999999995e-07,1.7785596619107684,-0.44194212768010283,0.00051846432439209191,trajectory reached the configured collision radius
116,37,0.78995879007183822,0.90533333333333332,fraction,250,1,collision,3.0435857392699566,3.0435857392699566,37.565560293062724,0.032853502,0.001,9.9999999999999995e-07,1.7785532831964734,-0.4419421276800467,0.00051846437219521231,trajectory reached the configured collision radius
117,19,0.78991792693810259,0.92149999999999999,fraction,250,1,collision,2.8576653159739722,2.8576653159739722,37.306438291117701,0.032454620000000003,0.0010000000000000009,1.0000000000000019e-06,1.7785846113745234,-0.44194212769587093,0.00051845088351697751,trajectory reached the configured collision radius
117,20,0.78992019711219896,0.92149999999999999,fraction,250,1,collision,2.8622559093250417,2.8622559093250417,37.314004463334108,0.032077981999999998,0.001,9.9999999999999995e-07,1.7785795284642398,-0.44194212769588748,0.0005184508693467884,trajectory reached the configured collision radius
117,21,0.78992246728629545,0.92149999999999999,fraction,250,1,collision,2.8669199549598896,2.8669199549598896,37.321679774469175,0.032605611999999999,0.0010000000000000078,1.0000000000000156e-06,1.7785744505744863,-0.44194212769588992,0.00051845086739131443,trajectory reached the configured collision radius
117,22,0.78992473746039182,0.92149999999999999,fraction,250,1,collision,2.8716593220781772,2.8716593220781772,37.329467292539427,0.032501126999999998,0.001,9.9999999999999995e-07,1.7785693784435905,-0.44194212769587721,0.00051845087813153954,trajectory reached the configured collision radius
117,23,0.78992700763448831,0.92149999999999999,fraction,250,1,collision,2.8764759496583925,2.8764759496583925,37.337370213912322,0.033029105000000003,0.0010000000000000022,1.0000000000000044e-06,1.7785643128739921,-0.44194212769584912,0.00051845090207555005,trajectory reached the configured collision radius
117,24,0.78992927780858468,0.92149999999999999,fraction,250,1,collision,2.8813718501124539,2.8813718501124539,37.345391870624546,0.032680471000000003,0.0010000000000000015,1.0000000000000031e-06,1.778559254737448,-0.44194212769580471,0.00051845093976029058,trajectory reached the configured collision radius
117,25,0.78993154798268117,0.92149999999999999,fraction,250,1,collision,2.886349112945934,2.886349112945934,37.353535737974084,0.033986236000000003,0.001,9.9999999999999995e-07,1.7785542049810596,-0.4419421276957437,0.0005184509917536569,trajectory reached the configured collision radius
117,26,0.78993381815677755,0.92149999999999999,fraction,250,1,collision,2.8914099087708611,2.8914099087708611,37.361805442777197,0.032508582000000001,0.0010000000000000059,1.0000000000000118e-06,1.7785491646333949,-0.44194212769566521,0.00051845105865659755,trajectory reached the configured collision radius
117,27,0.78993608833087392,0.92149999999999999,fraction,250,1,collision,2.8965564937283856,2.8965564937283856,37.370204772390679,0.032427656999999999,0.0010000000000000005,1.000000000000001e-06,1.778544134811409,-0.44194212769556857,0.00051845114110539176,trajectory reached the configured collision radius
117,28,0.78993835850497041,0.92149999999999999,fraction,250,1,collision,2.9017912139919937,2.9017912139919937,37.3787376841575,0.033055484000000003,0.001,9.9999999999999995e-07,1.7785391167278077,-0.44194212769545288,0.00051845123977424567,trajectory reached the configured collision radius
117,29,0.78994062867906678,0.92149999999999999,fraction,250,1,collision,2.9071165106730983,2.9071165106730983,37.387408315638936,0.032792727000000001,0.0010000000000000072,1.0000000000000144e-06,1.7785341116995415,-0.44194212769531732,0.00051845135537797625,trajectory reached the configured collision radius
117,30,0.78994289885316327,0.92149999999999999,fraction,250,1,collision,2.9125349251882278,2.9125349251882278,37.396220995818261,0.032608034000000001,0.0010000000000000007,1.0000000000000014e-06,1.7785291211563983,-0.44194212769516084,0.00051845148867494194,trajectory reached the configured collision radius
117,31,0.78994516902725964,0.92149999999999999,fraction,250,1,collision,2.9180491047035568,2.9180491047035568,37.405180256775182,0.03248943,0.001,9.9999999999999995e-07,1.7785241466512627,-0.4419421276949827,0.00051845164047036702,trajectory reached the configured collision radius
117,32,0.78994743920135613,0.92149999999999999,fraction,250,1,collision,2.9236618083432591,2.9236618083432591,37.414290846741729,0.032489750999999997,0.0010000000000000037,1.0000000000000074e-06,1.7785191898705497,-0.44194212769478214,0.00051845181161972701,trajectory reached the configured collision radius
117,33,0.7899497093754525,0.92149999999999999,fraction,250,1,collision,2.9293759136648272,2.9293759136648272,37.423557743950418,0.032134615999999998,0.0010000000000000024,1.0000000000000048e-06,1.778514252646249,-0.44194212769455732,0.00051845200303262512,trajectory reached the configured collision radius
117,34,0.78995197954954888,0.92149999999999999,fraction,250,1,collision,2.9351944234033636,2.9351944234033636,37.432986171399669,0.032033934999999999,0.001,9.9999999999999995e-07,1.7785093369690561,-0.44194212769430813,0.00051845221567694937,trajectory reached the configured collision radius
117,35,0.78995424972364536,0.92149999999999999,fraction,250,1,collision,2.9411204732682958,2.9411204732682958,37.442581613461925,0.032266231999999999,0.0010000000000000005,1.000000000000001e-06,1.77850444500253,-0.44194212769403268,0.00051845245058339078,trajectory reached the configured collision radius
117,36,0.78995651989774174,0.92149999999999999,fraction,250,1,collision,2.9471573399527182,2.9471573399527182,37.452349833428471,0.032341035999999997,0.0010000000000000085,1.0000000000000169e-06,1.7784995790988494,-0.44194212769372954,0.00051845270885044511,trajectory reached the configured collision radius
117,37,0.78995879007183822,0.92149999999999999,fraction,250,1,collision,2.9533084494394877,2.9533084494394877,37.462296892163607,0.032873340000000001,0.0010000000000000015,1.0000000000000031e-06,1.7784947418168369,-0.44194212769339747,0.00051845299164980467,trajectory reached the configured collision radius
118,19,0.78991792693810259,0.93766666666666665,fraction,250,1,collision,2.7545298849327104,2.7545298849327104,37.171775784248943,0.032419336999999999,0.001,9.9999999999999995e-07,1.7785284310053631,-0.44194212771524616,0.00051843436710318836,trajectory reached the configured collision radius
118,20,0.78992019711219896,0.93766666666666665,fraction,250,1,collision,2.7581508535934804,2.7581508535934804,37.178316682003135,0.032134428,0.0010000000000000089,1.0000000000000177e-06,1.7785243151234655,-0.44194212771508468,0.00051843450474446228,trajectory reached the configured collision radius
118,21,0.78992246728629545,0.93766666666666665,fraction,250,1,collision,2.7618263892533568,2.7618263892533568,37.184940099713991,0.033045209999999998,0.0010000000000000002,1.0000000000000004e-06,1.7785202097648543,-0.44194212771491115,0.00051843465274466107,trajectory reached the configured collision radius
118,22,0.78992473746039182,0.93766666666666665,fraction,250,1,collision,2.7655577502959923,2.7655577502959923,37.19164807446866,0.031864890999999999,0.0010000000000000013,1.0000000000000027e-06,1.7785161154404785,-0.44194212771472513,0.00051843481141927998,trajectory reached the configured collision radius
118,23,0.78992700763448831,0.93766666666666665,fraction,250,1,collision,2.7693462367742328,2.7693462367742328,37.198442718084834,0.032092139999999998,0.001000000000000002,1.000000000000004e-06,1.7785120326969044,-0.44194212771452596,0.00051843498109899406,trajectory reached the configured collision radius
118,24,0.78992927780858468,0.93766666666666665,fraction,250,1,collision,2.7731931919439226,2.7731931919439226,37.205326220409937,0.032125979999999998,0.001,9.9999999999999995e-07,1.7785079621193378,-0.44194212771431363,0.00051843516213062168,trajectory reached the configured collision radius
118,25,0.78993154798268117,0.93766666666666665,fraction,250,1,collision,2.7771000043656535,2.7771000043656535,37.212300853373634,0.032540777,0.0010000000000000083,1.0000000000000165e-06,1.7785039043342845,-0.44194212771408753,0.0005184353548781151,trajectory reached the configured collision radius
118,26,0.78993381815677755,0.93766666666666665,fraction,250,1,collision,2.7810681100053412,2.7810681100053412,37.219368975160393,0.032099714000000001,0.001,9.9999999999999995e-07,1.7784998600121973,-0.44194212771384733,0.00051843555972346097,trajectory reached the configured collision radius
118,27,0.78993608833087392,0.93766666666666665,fraction,250,1,collision,2.7850989942112911,2.7850989942112911,37.226533034345998,0.032336500999999997,0.0010000000000000005,1.000000000000001e-06,1.7784958298712108,-0.44194212771359209,0.00051843577706795006,trajectory reached the configured collision radius
118,28,0.78993835850497041,0.93766666666666665,fraction,250,1,collision,2.7891941942719716,2.7891941942719716,37.233795574847974,0.032363612999999999,0.0010000000000000059,1.0000000000000118e-06,1.7784918146801856,-0.44194212771332209,0.00051843600733324539,trajectory reached the configured collision radius
118,29,0.78994062867906678,0.93766666666666665,fraction,250,1,collision,2.7933553016378285,2.7933553016378285,37.24115924062491,0.032904928999999999,0.001,9.9999999999999995e-07,1.7784878152626762,-0.44194212771303615,0.00051843625096266715,trajectory reached the configured collision radius
118,30,0.78994289885316327,0.93766666666666665,fraction,250,1,collision,2.7975839646448915,2.7975839646448915,37.248626781138881,0.032461240000000002,0.0010000000000000013,1.0000000000000027e-06,1.7784838325009544,-0.44194212771273422,0.00051843650842263282,trajectory reached the configured collision radius
118,31,0.78994516902725964,0.93766666666666665,fraction,250,1,collision,2.801881891161603,2.801881891161603,37.256201056826754,0.031921762999999999,0.0010000000000000033,1.0000000000000065e-06,1.7784798673404778,-0.44194212771241526,0.00051843678020404454,trajectory reached the configured collision radius
118,32,0.78994743920135613,0.93766666666666665,fraction,250,1,collision,2.8062508517155549,2.8062508517155549,37.26388504541675,0.032759048999999998,0.001,9.9999999999999995e-07,1.7784759207943464,-0.44194212771207947,0.00051843706682385695,trajectory reached the configured collision radius
118,33,0.7899497093754525,0.93766666666666665,fraction,250,1,collision,2.8106926821417475,2.8106926821417475,37.271681847798178,0.033427441000000002,0.0010000000000000015,1.0000000000000031e-06,1.7784719939491052,-0.44194212771172492,0.00051843736882686787,trajectory reached the configured collision radius
118,34,0.78995197954954888,0.93766666666666665,fraction,250,1,collision,2.8152092874670216,2.8152092874670216,37.279594695589751,0.033105972999999997,0.0010000000000000037,1.0000000000000074e-06,1.7784680879695858,-0.44194212771135205,0.0005184376867874513,trajectory reached the configured collision radius
118,35,0.78995424972364536,0.93766666666666665,fraction,250,1,collision,2.8198026449437412,2.8198026449437412,37.287626957943694,0.032182006999999999,0.001,9.9999999999999995e-07,1.7784642041056098,-0.44194212771095953,0.00051843802131155742,trajectory reached the configured collision radius
118,36,0.78995651989774174,0.93766666666666665,fraction,250,1,collision,2.8244748080744393,2.8244748080744393,37.295782149764705,0.031956107999999997,0.0010000000000000007,1.0000000000000014e-06,1.778460343698284,-0.44194212771054714,0.00051843837303888708,trajectory reached the configured collision radius
118,37,0.78995879007183822,0.93766666666666665,fraction,250,1,collision,2.8292279102914311,2.8292279102914311,37.304063939810028,0.033068173999999999,0.0010000000000000087,1.0000000000000173e-06,1.7784565081875703,-0.44194212771011326,0.0005184387426451604,trajectory reached the configured collision radius
119,19,0.78991792693810259,0.95383333333333331,fraction,250,1,collision,2.6303807662035408,2.6303807662035408,36.996579662105823,0.032957337000000003,0.0010000000000000009,1.0000000000000019e-06,1.7784939248709173,-0.44194212773768043,0.00051841524257448908,trajectory reached the configured collision radius
119,20,0.78992019711219896,0.95383333333333331,fraction,250,1,collision,2.633089230188733,2.633089230188733,37.002073601273558,0.031699461999999998,0.0010000000000000013,1.0000000000000027e-06,1.7784903582134448,-0.44194212773743702,0.00051841544994498897,trajectory reached the configured collision radius
119,21,0.78992246728629545,0.95383333333333331,fraction,250,1,collision,2.6358357392409344,2.6358357392409344,37.007626395904943,0.032656415000000001,0.001,9.9999999999999995e-07,1.7784868042773931,-0.44194212773718422,0.00051841566556795604,trajectory reached the configured collision radius
119,22,0.78992473746039182,0.95383333333333331,fraction,250,1,collision,2.6386210813859772,2.6386210813859772,37.013239291194999,0.032322963000000003,0.0010000000000000059,1.0000000000000118e-06,1.7784832633439414,-0.44194212773692126,0.00051841588962378365,trajectory reached the configured collision radius
119,23,0.78992700763448831,0.95383333333333331,fraction,250,1,collision,2.6414460673761817,2.6414460673761817,37.018913571325477,0.032203946999999997,0.001,9.9999999999999995e-07,1.7784797357101783,-0.44194212773664843,0.00051841612230009925,trajectory reached the configured collision radius
119,24,0.78992927780858468,0.95383333333333331,fraction,250,1,collision,2.6443115314033467,2.6443115314033467,37.024650560913102,0.032257493999999998,0.0010000000000000065,1.0000000000000131e-06,1.7784762216903212,-0.44194212773636571,0.00051841636379224509,trajectory reached the configured collision radius
119,25,0.78993154798268117,0.95383333333333331,fraction,250,1,collision,2.6472183321854477,2.6472183321854477,37.03045162692338,0.032086605999999997,0.001,9.9999999999999995e-07,1.7784727216164293,-0.44194212773607122,0.00051841661430351046,trajectory reached the configured collision radius
119,26,0.78993381815677755,0.95383333333333331,fraction,250,1,collision,2.6501673536851169,2.6501673536851169,37.036318180209364,0.031351954000000001,0.0010000000000000011,1.0000000000000023e-06,1.7784692358399901,-0.44194212773576669,0.00051841687404573786,trajectory reached the configured collision radius
119,27,0.78993608833087392,0.95383333333333331,fraction,250,1,collision,2.653159506316908,2.653159506316908,37.04225167764028,0.032882002,0.0010000000000000018,1.0000000000000036e-06,1.7784657647326862,-0.441942127735451,0.00051841714323957685,trajectory reached the configured collision radius
119,28,0.78993835850497041,0.95383333333333331,fraction,250,1,collision,2.6561957278206156,2.6561957278206156,37.048253623897729,0.031993799000000003,0.001,9.9999999999999995e-07,1.7784623086879632,-0.4419421277351237,0.00051841742211507626,trajectory reached the configured collision radius
119,29,0.78994062867906678,0.95383333333333331,fraction,250,1,collision,2.6592769844571058,2.6592769844571058,37.054325573693987,0.032423583999999998,0.0010000000000000106,1.0000000000000213e-06,1.7784588681223135,-0.44194212773478508,0.00051841771091213533,trajectory reached the configured collision radius
119,30,0.78994289885316327,0.95383333333333331,fraction,250,1,collision,2.662404272113696,2.662404272113696,37.060469133942163,0.031847174999999998,0.001,9.9999999999999995e-07,1.7784554434767494,-0.44194212773443453,0.00051841800988100236,trajectory reached the configured collision radius
119,31,0.78994516902725964,0.95383333333333331,fraction,250,1,collision,2.6655786175239067,2.6655786175239067,37.066685966096635,0.031782156999999998,0.0010000000000000013,1.0000000000000027e-06,1.7784520352184052,-0.44194212773407116,0.00051841831928289654,trajectory reached the configured collision radius
119,32,0.78994743920135613,0.95383333333333331,fraction,250,1,collision,2.6688010795433614,2.6688010795433614,37.072977788636308,0.031747939000000003,0.0010000000000000024,1.0000000000000048e-06,1.7784486438422022,-0.44194212773369573,0.00051841863939055611,trajectory reached the configured collision radius
119,33,0.7899497093754525,0.95383333333333331,fraction,250,1,collision,2.6720727504816275,2.6720727504816275,37.079346379660741,0.031815167999999998,0.001,9.9999999999999995e-07,1.7784452698726521,-0.44194212773330738,0.00051841897048887056,trajectory reached the configured collision radius
119,34,0.78995197954954888,0.95383333333333331,fraction,250,1,collision,2.6753947574679895,2.6753947574679895,37.085793579621303,0.031909273000000002,0.0010000000000000059,1.0000000000000118e-06,1.7784419138658996,-0.44194212773290587,0.0005184193128755936,trajectory reached the configured collision radius
119,35,0.78995424972364536,0.95383333333333331,fraction,250,1,collision,2.6787682639877337,2.6787682639877337,37.092321294277525,0.031954479000000001,0.0010000000000000002,1.0000000000000004e-06,1.7784385764117392,-0.4419421277324907,0.00051841966686201699,trajectory reached the configured collision radius
119,36,0.78995651989774174,0.95383333333333331,fraction,250,1,collision,2.6821944714605257,2.6821944714605257,37.09893149783499,0.032007185,0.001,9.9999999999999995e-07,1.778435258135743,-0.4419421277320611,0.00051842003277376408,trajectory reached the configured collision radius
119,37,0.78995879007183822,0.95383333333333331,fraction,250,1,collision,2.6856746207920841,2.6856746207920841,37.105626236095866,0.031822195999999997,0.0010000000000000109,1.0000000000000218e-06,1.7784319597020017,-0.44194212773161767,0.00051842041095161867,trajectory reached the configured collision radius
120,19,0.78991792693810259,0.96999999999999997,fraction,250,1,collision,2.4922237148044428,2.4922237148044428,36.785988102909194,0.032768763999999999,0.0010000000000000007,1.0000000000000014e-06,1.7784862235731389,-0.44194212776360514,0.00051839314171864942,trajectory reached the configured collision radius
120,20,0.78992019711219896,0.96999999999999997,fraction,250,1,collision,2.4941487177282218,2.4941487177282218,36.790550949037709,0.033220680000000002,0.0010000000000000005,1.000000000000001e-06,1.7784827492548381,-0.44194212776335873,0.00051839335182218111,trajectory reached the configured collision radius
120,21,0.78992246728629545,0.96999999999999997,fraction,250,1,collision,2.4960989522669657,2.4960989522669657,36.795154577440883,0.032128159000000003,0.0010000000000000018,1.0000000000000036e-06,1.7784792895268369,-0.44194212776310426,0.00051839356871761794,trajectory reached the configured collision radius
120,22,0.78992473746039182,0.96999999999999997,fraction,250,1,collision,2.49807489037092,2.49807489037092,36.799799719517353,0.031831601000000001,0.0010000000000000002,1.0000000000000004e-06,1.7784758445333342,-0.44194212776284175,0.0005183937925017975,trajectory reached the configured collision radius
120,23,0.78992700763448831,0.96999999999999997,fraction,250,1,collision,2.5000770158613896,2.5000770158613896,36.804487125979477,0.032195763000000002,0.0010000000000000041,1.0000000000000082e-06,1.778472414424616,-0.44194212776257114,0.00051839402327473255,trajectory reached the configured collision radius
120,24,0.78992927780858468,0.96999999999999997,fraction,250,1,collision,2.5021058247588233,2.5021058247588233,36.80921756748571,0.031385083000000001,0.001,9.9999999999999995e-07,1.7784689993574803,-0.44194212776229191,0.00051839426113969541,trajectory reached the configured collision radius
120,25,0.78993154798268117,0.96999999999999997,fraction,250,1,collision,2.5041618259017429,2.5041618259017429,36.813991835589192,0.032027858999999999,0.0010000000000000089,1.0000000000000177e-06,1.7784655994952474,-0.44194212776200448,0.00051839450620340941,trajectory reached the configured collision radius
120,26,0.78993381815677755,0.96999999999999997,fraction,250,1,collision,2.5062455411725111,2.5062455411725111,36.818810743255838,0.032531721999999999,0.001,9.9999999999999995e-07,1.7784622150083658,-0.44194212776170844,0.00051839475857614877,trajectory reached the configured collision radius
120,27,0.78993608833087392,0.96999999999999997,fraction,250,1,collision,2.5083575059394301,2.5083575059394301,36.823675125635461,0.031670520000000001,0.0010000000000000067,1.0000000000000135e-06,1.7784588460749282,-0.44194212776140374,0.00051839501837197077,trajectory reached the configured collision radius
120,28,0.78993835850497041,0.96999999999999997,fraction,250,1,collision,2.5104982696918454,2.5104982696918454,36.828585841082777,0.031496423000000003,0.001,9.9999999999999995e-07,1.7784554928806044,-0.44194212776109026,0.00051839528570876865,trajectory reached the configured collision radius
120,29,0.78994062867906678,0.96999999999999997,fraction,250,1,collision,2.5126683962693415,2.5126683962693415,36.833543771726404,0.032066358000000003,0.0010000000000000022,1.0000000000000044e-06,1.7784521556196971,-0.44194212776076769,0.00051839556070858508,trajectory reached the configured collision radius
120,30,0.78994289885316327,0.96999999999999997,fraction,250,1,collision,2.5148684645483335,2.5148684645483335,36.838549824560388,0.031535478999999998,0.0010000000000000007,1.0000000000000014e-06,1.7784488344950213,-0.44194212776043579,0.00051839584349765437,trajectory reached the configured collision radius
120,31,0.78994516902725964,0.96999999999999997,fraction,250,1,collision,2.5170990688901087,2.5170990688901087,36.843604932283625,0.031611803000000001,0.0010000000000000005,1.000000000000001e-06,1.7784455297187554,-0.44194212776009489,0.00051839613420669563,trajectory reached the configured collision radius
120,32,0.78994743920135613,0.96999999999999997,fraction,250,1,collision,2.5193608196185036,2.5193608196185036,36.848710054226196,0.032667911000000001,0.0010000000000000035,1.0000000000000069e-06,1.7784422415129619,-0.4419421277597444,0.00051839643297108776,trajectory reached the configured collision radius
120,33,0.7899497093754525,0.96999999999999997,fraction,250,1,collision,2.5216543436812966,2.5216543436812966,36.853866177450506,0.032342469999999998,0.001,9.9999999999999995e-07,1.7784389701098839,-0.44194212775938452,0.0005183967399310695,trajectory reached the configured collision radius
120,34,0.78995197954954888,0.96999999999999997,fraction,250,1,collision,2.5239802851845234,2.5239802851845234,36.859074317753759,0.032666984000000003,0.00100000000000001,1.0000000000000201e-06,1.7784357157527366,-0.44194212775901448,0.00051839705523196221,trajectory reached the configured collision radius
120,35,0.78995424972364536,0.96999999999999997,fraction,250,1,collision,2.5263393060179422,2.5263393060179422,36.86433552081764,0.032603570999999998,0.001,9.9999999999999995e-07,1.7784324786962964,-0.44194212775863484,0.00051839737902444288,trajectory reached the configured collision radius
120,36,0.78995651989774174,0.96999999999999997,fraction,250,1,collision,2.5287320864797769,2.5287320864797769,36.869650863328573,0.032105995999999998,0.001000000000000002,1.000000000000004e-06,1.7784292592075128,-0.44194212775824476,0.00051839771146477412,trajectory reached the configured collision radius
120,37,0.78995879007183822,0.96999999999999997,fraction,250,1,collision,2.5311593259288414,2.5311593259288414,36.875021454195469,0.033063425,0.0010000000000000011,1.0000000000000023e-06,1.7784260575662949,-0.44194212775784442,0.0005183980527150631,trajectory reached the configured collision radius
